event_id,user_id,company_id,industry_id,function_id,occupation_id,skills,seniority_level,previous_seniority_level,previous_occupation_id,start_time,end_time,duration_months,delta_seniority,transition_type
CE00001,U0001,C001,I003,F003,O012,S095|S199|S233|S155|S043|S107|S220|S033,2,,,2023-03-07T01:23:30,2023-11-07T01:23:30,8,0,first_job
CE00002,U0001,C040,I007,F003,O013,S095|S199|S233|S155|S043|S107|S220|S033,3,2.0,O012,2023-11-07T01:23:30,2024-05-07T01:23:30,6,1,promotion
CE00003,U0001,C302,I007,F003,O013,S095|S199|S233|S155|S043|S107|S220|S033,5,3.0,O013,2024-05-07T01:23:30,,25,2,promotion
CE00004,U0002,C137,I013,F001,O006,S084|S198|S180|S062|S099|S025,6,,,2023-04-11T17:18:05,2024-04-11T17:18:05,12,0,first_job
CE00005,U0002,C137,I013,F001,O005,S084|S198|S180|S062|S099|S025,7,6.0,O006,2024-04-11T17:18:05,,15,1,promotion
CE00006,U0003,C048,I005,F016,O086,S239|S047|S140|S051|S014|S111|S113|S080,2,,,2023-09-24T01:22:22,2024-04-24T01:22:22,7,0,first_job
CE00007,U0003,C048,I005,F016,O086,S239|S047|S140|S051|S014|S111|S113|S080,2,2.0,O086,2024-04-24T01:22:22,,60,0,lateral
CE00008,U0004,C055,I023,F011,O057,S028|S177|S149|S013|S110|S024|S026,7,,,2023-01-05T19:25:40,,16,0,first_job
CE00009,U0005,C105,I005,F015,O080,S113|S031|S189|S094|S223|S090|S190|S140,7,,,2023-01-18T00:38:27,,12,0,first_job
CE00010,U0006,C176,I007,F009,O048,S088|S083|S231|S131|S017|S077,1,,,2023-01-09T00:05:48,,53,0,first_job
CE00011,U0007,C165,I017,F018,O092,S224|S147|S231|S136|S010|S215|S002|S164,6,,,2023-08-15T15:20:34,2024-02-15T15:20:34,6,0,first_job
CE00012,U0007,C318,I017,F014,O072,S224|S147|S231|S136|S010|S215|S002|S164,7,6.0,O092,2024-02-15T15:20:34,,50,1,promotion
CE00013,U0008,C282,I017,F003,O014,S190|S019|S230|S228|S206,7,,,2023-01-19T01:19:27,2023-07-19T01:19:27,6,0,first_job
CE00014,U0008,C282,I017,F005,O024,S190|S019|S230|S228|S206,7,7.0,O014,2023-07-19T01:19:27,,18,0,lateral
CE00015,U0009,C037,I009,F003,O014,S017|S209|S174|S067|S166|S016|S072|S006,2,,,2023-05-25T21:01:15,2023-11-25T21:01:15,6,0,first_job
CE00016,U0009,C037,I009,F003,O014,S017|S209|S174|S067|S166|S016|S072|S006,2,2.0,O014,2023-11-25T21:01:15,,14,0,lateral
CE00017,U0010,C026,I012,F007,O034,S191|S099|S059|S020|S232,4,,,2023-01-23T23:31:58,2023-07-23T23:31:58,6,0,first_job
CE00018,U0010,C010,I001,F007,O036,S191|S099|S059|S020|S232,4,4.0,O034,2023-07-23T23:31:58,2024-03-23T23:31:58,8,0,lateral
CE00019,U0010,C157,I001,F015,O079,S191|S099|S059|S020|S232,7,4.0,O036,2024-03-23T23:31:58,,38,3,promotion
CE00020,U0011,C207,I008,F010,O054,S038|S067|S028|S224|S002|S213|S015|S199,3,,,2023-04-12T20:57:38,2024-04-12T20:57:38,12,0,first_job
CE00021,U0011,C207,I008,F009,O045,S038|S067|S028|S224|S002|S213|S015|S199,3,3.0,O054,2024-04-12T20:57:38,,47,0,lateral
CE00022,U0012,C251,I004,F013,O068,S222|S191|S073|S031|S148|S220,4,,,2023-02-21T01:46:22,2023-08-21T01:46:22,6,0,first_job
CE00023,U0012,C251,I004,F010,O049,S222|S191|S073|S031|S148|S220,7,4.0,O068,2023-08-21T01:46:22,2024-02-21T01:46:22,6,3,promotion
CE00024,U0012,C251,I004,F013,O070,S222|S191|S073|S031|S148|S220,7,7.0,O049,2024-02-21T01:46:22,,20,0,lateral
CE00025,U0013,C053,I019,F014,O073,S038|S205|S075|S050|S068,4,,,2023-01-10T03:08:48,,32,0,first_job
CE00026,U0014,C195,I007,F010,O052,S027|S225|S084|S031|S204|S153|S148|S144,6,,,2023-02-10T02:59:13,2023-08-10T02:59:13,6,0,first_job
CE00027,U0014,C142,I010,F010,O052,S027|S225|S084|S031|S204|S153|S148|S144,7,6.0,O052,2023-08-10T02:59:13,2024-02-10T02:59:13,6,1,promotion
CE00028,U0014,C022,I010,F010,O053,S027|S225|S084|S031|S204|S153|S148|S144,7,7.0,O052,2024-02-10T02:59:13,2024-08-10T02:59:13,6,0,lateral
CE00029,U0014,C216,I010,F010,O053,S027|S225|S084|S031|S204|S153|S148|S144,7,7.0,O053,2024-08-10T02:59:13,,31,0,lateral
CE00030,U0015,C289,I018,F017,O087,S008|S139|S118|S125|S127,7,,,2023-01-10T07:02:07,,18,0,first_job
CE00031,U0016,C186,I001,F009,O046,S103|S186|S192|S153|S177|S110|S169|S216,4,,,2023-03-08T07:49:32,2023-12-08T07:49:32,9,0,first_job
CE00032,U0016,C124,I001,F017,O091,S103|S186|S192|S153|S177|S110|S169|S216,5,4.0,O046,2023-12-08T07:49:32,2024-09-08T07:49:32,9,1,promotion
CE00033,U0016,C010,I001,F017,O088,S103|S186|S192|S153|S177|S110|S169|S216,5,5.0,O091,2024-09-08T07:49:32,,20,0,lateral
CE00034,U0017,C061,I006,F011,O058,S176|S054|S066|S213|S175|S136|S027,2,,,2023-04-18T15:23:49,2023-11-18T15:23:49,7,0,first_job
CE00035,U0017,C061,I006,F015,O077,S176|S054|S066|S213|S175|S136|S027,2,2.0,O058,2023-11-18T15:23:49,,20,0,lateral
CE00036,U0018,C142,I010,F005,O024,S187|S017|S100|S140|S035|S115|S165|S058,3,,,2023-02-19T20:54:23,2023-08-19T20:54:23,6,0,first_job
CE00037,U0018,C142,I010,F005,O024,S187|S017|S100|S140|S035|S115|S165|S058,3,3.0,O024,2023-08-19T20:54:23,2024-02-19T20:54:23,6,0,lateral
CE00038,U0018,C142,I010,F007,O038,S187|S017|S100|S140|S035|S115|S165|S058,6,3.0,O024,2024-02-19T20:54:23,2024-08-19T20:54:23,6,3,promotion
CE00039,U0018,C258,I010,F007,O034,S187|S017|S100|S140|S035|S115|S165|S058,7,6.0,O038,2024-08-19T20:54:23,,12,1,promotion
CE00040,U0019,C224,I004,F001,O003,S223|S128|S181|S088|S015,7,,,2023-02-03T06:17:30,2023-11-03T06:17:30,9,0,first_job
CE00041,U0019,C224,I004,F001,O001,S223|S128|S181|S088|S015,7,7.0,O003,2023-11-03T06:17:30,,23,0,lateral
CE00042,U0020,C098,I012,F009,O046,S191|S233|S026|S054|S169|S048|S196,2,,,2023-01-17T06:59:19,,10,0,first_job
CE00043,U0021,C174,I005,F005,O023,S163|S197|S001|S047|S014|S161,2,,,2023-09-23T21:26:26,2024-07-23T21:26:26,10,0,first_job
CE00044,U0021,C185,I021,F005,O025,S163|S197|S001|S047|S014|S161,7,2.0,O023,2024-07-23T21:26:26,,29,5,promotion
CE00045,U0022,C083,I024,F008,O042,S002|S089|S198|S162|S174|S200|S051,4,,,2023-08-18T12:47:18,2024-03-18T12:47:18,7,0,first_job
CE00046,U0022,C116,I013,F010,O054,S002|S089|S198|S162|S174|S200|S051,5,4.0,O042,2024-03-18T12:47:18,,13,1,promotion
CE00047,U0023,C258,I010,F008,O041,S156|S097|S039|S098|S232|S032|S059,6,,,2023-06-21T04:03:58,2024-06-21T04:03:58,12,0,first_job
CE00048,U0023,C258,I010,F002,O007,S156|S097|S039|S098|S232|S032|S059,7,6.0,O041,2024-06-21T04:03:58,,18,1,promotion
CE00049,U0024,C173,I016,F005,O026,S054|S223|S122|S239|S096,4,,,2023-04-07T07:10:30,2024-01-07T07:10:30,9,0,first_job
CE00050,U0024,C310,I016,F005,O026,S054|S223|S122|S239|S096,6,4.0,O026,2024-01-07T07:10:30,,20,2,promotion
CE00051,U0025,C198,I002,F016,O086,S026|S029|S031|S224|S038|S141|S185|S175,6,,,2023-02-17T11:51:01,2023-10-17T11:51:01,8,0,first_job
CE00052,U0025,C198,I002,F008,O041,S026|S029|S031|S224|S038|S141|S185|S175,7,6.0,O086,2023-10-17T11:51:01,,58,1,promotion
CE00053,U0026,C304,I020,F015,O080,S081|S060|S160|S190|S124|S046,1,,,2023-05-03T16:56:41,2023-12-03T16:56:41,7,0,first_job
CE00054,U0026,C304,I020,F015,O079,S081|S060|S160|S190|S124|S046,6,1.0,O080,2023-12-03T16:56:41,,53,5,promotion
CE00055,U0027,C176,I007,F010,O053,S071|S146|S182|S236|S057|S081|S050|S059,2,,,2023-09-23T13:22:14,2024-05-23T13:22:14,8,0,first_job
CE00056,U0027,C176,I007,F010,O053,S071|S146|S182|S236|S057|S081|S050|S059,5,2.0,O053,2024-05-23T13:22:14,,12,3,promotion
CE00057,U0028,C218,I021,F001,O003,S177|S072|S175|S052|S211,1,,,2023-01-07T05:32:46,2023-08-07T05:32:46,7,0,first_job
CE00058,U0028,C218,I021,F010,O052,S177|S072|S175|S052|S211,3,1.0,O003,2023-08-07T05:32:46,2024-02-07T05:32:46,6,2,promotion
CE00059,U0028,C218,I021,F018,O095,S177|S072|S175|S052|S211,4,3.0,O052,2024-02-07T05:32:46,,31,1,promotion
CE00060,U0029,C087,I011,F002,O010,S229|S234|S014|S137|S034|S031|S063|S082,2,,,2023-02-14T10:20:53,2023-08-14T10:20:53,6,0,first_job
CE00061,U0029,C087,I011,F017,O088,S229|S234|S014|S137|S034|S031|S063|S082,6,2.0,O010,2023-08-14T10:20:53,,28,4,promotion
CE00062,U0030,C222,I003,F014,O071,S099|S170|S107|S222|S123|S169,7,,,2023-04-22T01:49:09,2023-12-22T01:49:09,8,0,first_job
CE00063,U0030,C222,I003,F014,O072,S099|S170|S107|S222|S123|S169,7,7.0,O071,2023-12-22T01:49:09,,24,0,lateral
CE00064,U0031,C227,I019,F004,O018,S082|S069|S070|S026|S135|S134|S059|S232,1,,,2023-09-07T10:42:00,2024-06-07T10:42:00,9,0,first_job
CE00065,U0031,C227,I019,F018,O092,S082|S069|S070|S026|S135|S134|S059|S232,1,1.0,O018,2024-06-07T10:42:00,,60,0,lateral
CE00066,U0032,C058,I020,F014,O074,S120|S228|S130|S113|S180,4,,,2023-03-14T00:23:16,2023-12-14T00:23:16,9,0,first_job
CE00067,U0032,C309,I020,F014,O074,S120|S228|S130|S113|S180,4,4.0,O074,2023-12-14T00:23:16,,28,0,lateral
CE00068,U0033,C145,I012,F018,O096,S034|S001|S156|S023|S140,6,,,2023-01-24T10:37:43,,41,0,first_job
CE00069,U0034,C081,I007,F014,O071,S117|S087|S203|S179|S240,3,,,2023-01-15T17:53:09,,37,0,first_job
CE00070,U0035,C160,I005,F007,O036,S233|S107|S057|S220|S218|S235,3,,,2023-02-04T18:48:50,2023-11-04T18:48:50,9,0,first_job
CE00071,U0035,C068,I006,F014,O073,S233|S107|S057|S220|S218|S235,6,3.0,O036,2023-11-04T18:48:50,2024-07-04T18:48:50,8,3,promotion
CE00072,U0035,C068,I006,F014,O073,S233|S107|S057|S220|S218|S235,6,6.0,O073,2024-07-04T18:48:50,,23,0,lateral
CE00073,U0036,C263,I011,F004,O020,S043|S132|S180|S234|S006,2,,,2023-04-15T15:34:56,2023-10-15T15:34:56,6,0,first_job
CE00074,U0036,C263,I011,F009,O046,S043|S132|S180|S234|S006,1,2.0,O020,2023-10-15T15:34:56,,53,-1,demotion
CE00075,U0037,C087,I011,F013,O067,S129|S030|S141|S043|S081|S132|S003|S216,6,,,2023-02-15T16:54:57,2023-10-15T16:54:57,8,0,first_job
CE00076,U0037,C087,I011,F003,O012,S129|S030|S141|S043|S081|S132|S003|S216,7,6.0,O067,2023-10-15T16:54:57,2024-07-15T16:54:57,9,1,promotion
CE00077,U0037,C087,I011,F003,O012,S129|S030|S141|S043|S081|S132|S003|S216,4,7.0,O012,2024-07-15T16:54:57,,7,-3,demotion
CE00078,U0038,C017,I012,F013,O067,S195|S125|S145|S185|S150,4,,,2023-08-02T08:00:25,2024-06-02T08:00:25,10,0,first_job
CE00079,U0038,C223,I012,F016,O084,S195|S125|S145|S185|S150,5,4.0,O067,2024-06-02T08:00:25,,53,1,promotion
CE00080,U0039,C168,I023,F008,O040,S003|S120|S182|S121|S207|S233|S171|S223,1,,,2023-04-04T10:27:14,2024-02-04T10:27:14,10,0,first_job
CE00081,U0039,C136,I023,F008,O043,S003|S120|S182|S121|S207|S233|S171|S223,1,1.0,O040,2024-02-04T10:27:14,,9,0,lateral
CE00082,U0040,C166,I018,F010,O052,S088|S042|S053|S230|S091,1,,,2023-04-14T17:35:49,2024-02-14T17:35:49,10,0,first_job
CE00083,U0040,C249,I018,F016,O082,S088|S042|S053|S230|S091,7,1.0,O052,2024-02-14T17:35:49,,53,6,promotion
CE00084,U0041,C146,I017,F012,O064,S017|S182|S099|S074|S080|S201|S114,6,,,2023-01-11T00:56:01,2023-10-11T00:56:01,9,0,first_job
CE00085,U0041,C146,I017,F012,O063,S017|S182|S099|S074|S080|S201|S114,7,6.0,O064,2023-10-11T00:56:01,,38,1,promotion
CE00086,U0042,C195,I007,F003,O012,S105|S033|S131|S100|S050|S165,1,,,2023-07-17T13:36:04,2024-07-17T13:36:04,12,0,first_job
CE00087,U0042,C301,I007,F003,O012,S105|S033|S131|S100|S050|S165,2,1.0,O012,2024-07-17T13:36:04,,45,1,promotion
CE00088,U0043,C072,I010,F016,O084,S202|S100|S178|S082|S176|S240|S024,5,,,2023-06-23T15:06:47,2024-06-23T15:06:47,12,0,first_job
CE00089,U0043,C216,I010,F015,O076,S202|S100|S178|S082|S176|S240|S024,6,5.0,O084,2024-06-23T15:06:47,,37,1,promotion
CE00090,U0044,C116,I013,F003,O015,S201|S123|S078|S025|S107,6,,,2023-07-21T21:20:43,2024-02-21T21:20:43,7,0,first_job
CE00091,U0044,C052,I013,F003,O012,S201|S123|S078|S025|S107,7,6.0,O015,2024-02-21T21:20:43,,33,1,promotion
CE00092,U0045,C316,I013,F018,O096,S094|S105|S207|S039|S099|S204|S066|S031,3,,,2023-01-21T01:30:59,,26,0,first_job
CE00093,U0046,C226,I008,F013,O067,S011|S135|S217|S063|S051,3,,,2023-01-17T04:25:04,,12,0,first_job
CE00094,U0047,C249,I018,F013,O070,S126|S043|S147|S185|S107|S084|S194,1,,,2023-03-24T01:04:41,2024-03-24T01:04:41,12,0,first_job
CE00095,U0047,C028,I018,F013,O070,S126|S043|S147|S185|S107|S084|S194,5,1.0,O070,2024-03-24T01:04:41,,7,4,promotion
CE00096,U0048,C037,I009,F006,O029,S142|S178|S222|S235|S011|S084,4,,,2023-06-20T06:51:42,2023-12-20T06:51:42,6,0,first_job
CE00097,U0048,C037,I009,F002,O010,S142|S178|S222|S235|S011|S084,5,4.0,O029,2023-12-20T06:51:42,,45,1,promotion
CE00098,U0049,C090,I003,F017,O091,S158|S192|S032|S009|S193|S183|S176,2,,,2023-07-19T13:10:13,2024-05-19T13:10:13,10,0,first_job
CE00099,U0049,C315,I003,F017,O087,S158|S192|S032|S009|S193|S183|S176,2,2.0,O091,2024-05-19T13:10:13,,16,0,lateral
CE00100,U0050,C085,I023,F008,O042,S037|S061|S089|S185|S012|S120,2,,,2023-01-02T19:45:20,2023-08-02T19:45:20,7,0,first_job
CE00101,U0050,C039,I023,F008,O043,S037|S061|S089|S185|S012|S120,3,2.0,O042,2023-08-02T19:45:20,2024-02-02T19:45:20,6,1,promotion
CE00102,U0050,C039,I023,F008,O043,S037|S061|S089|S185|S012|S120,6,3.0,O043,2024-02-02T19:45:20,,48,3,promotion
CE00103,U0051,C099,I020,F006,O030,S092|S063|S173|S134|S084,6,,,2023-02-03T14:01:18,2023-10-03T14:01:18,8,0,first_job
CE00104,U0051,C099,I020,F001,O003,S092|S063|S173|S134|S084,7,6.0,O030,2023-10-03T14:01:18,,33,1,promotion
CE00105,U0052,C247,I003,F011,O056,S210|S025|S076|S109|S182|S236|S170,5,,,2023-02-01T07:24:53,2023-08-01T07:24:53,6,0,first_job
CE00106,U0052,C247,I003,F011,O057,S210|S025|S076|S109|S182|S236|S170,7,5.0,O056,2023-08-01T07:24:53,2024-05-01T07:24:53,9,2,promotion
CE00107,U0052,C247,I003,F011,O057,S210|S025|S076|S109|S182|S236|S170,7,7.0,O057,2024-05-01T07:24:53,,13,0,lateral
CE00108,U0053,C093,I002,F011,O055,S179|S023|S212|S226|S105|S189|S097,3,,,2023-02-23T07:29:20,2023-09-23T07:29:20,7,0,first_job
CE00109,U0053,C093,I002,F017,O090,S179|S023|S212|S226|S105|S189|S097,3,3.0,O055,2023-09-23T07:29:20,2024-05-23T07:29:20,8,0,lateral
CE00110,U0053,C093,I002,F017,O091,S179|S023|S212|S226|S105|S189|S097,4,3.0,O090,2024-05-23T07:29:20,,7,1,promotion
CE00111,U0054,C175,I008,F007,O034,S064|S232|S090|S140|S069,5,,,2023-02-09T06:46:19,2023-11-09T06:46:19,9,0,first_job
CE00112,U0054,C175,I008,F007,O036,S064|S232|S090|S140|S069,7,5.0,O034,2023-11-09T06:46:19,,10,2,promotion
CE00113,U0055,C051,I019,F001,O004,S179|S106|S144|S141|S202|S217|S126,2,,,2023-03-06T11:43:34,2023-12-06T11:43:34,9,0,first_job
CE00114,U0055,C051,I019,F001,O003,S179|S106|S144|S141|S202|S217|S126,2,2.0,O004,2023-12-06T11:43:34,2024-06-06T11:43:34,6,0,lateral
CE00115,U0055,C051,I019,F005,O023,S179|S106|S144|S141|S202|S217|S126,2,2.0,O003,2024-06-06T11:43:34,,32,0,lateral
CE00116,U0056,C028,I018,F014,O071,S074|S168|S146|S140|S052,1,,,2023-05-11T22:12:42,2023-12-11T22:12:42,7,0,first_job
CE00117,U0056,C028,I018,F014,O071,S074|S168|S146|S140|S052,5,1.0,O071,2023-12-11T22:12:42,,50,4,promotion
CE00118,U0057,C228,I008,F015,O078,S019|S044|S092|S093|S233|S144|S195|S001,6,,,2023-02-04T15:18:40,2023-10-04T15:18:40,8,0,first_job
CE00119,U0057,C228,I008,F015,O078,S019|S044|S092|S093|S233|S144|S195|S001,7,6.0,O078,2023-10-04T15:18:40,2024-05-04T15:18:40,7,1,promotion
CE00120,U0057,C152,I019,F015,O076,S019|S044|S092|S093|S233|S144|S195|S001,7,7.0,O078,2024-05-04T15:18:40,,20,0,lateral
CE00121,U0058,C222,I003,F004,O017,S197|S034|S089|S075|S074,1,,,2023-01-18T08:52:33,,36,0,first_job
CE00122,U0059,C230,I002,F018,O096,S210|S130|S205|S177|S014,3,,,2023-01-19T03:27:01,,29,0,first_job
CE00123,U0060,C245,I003,F012,O064,S064|S087|S111|S083|S125,4,,,2023-03-22T00:00:20,2023-12-22T00:00:20,9,0,first_job
CE00124,U0060,C222,I003,F012,O062,S064|S087|S111|S083|S125,7,4.0,O064,2023-12-22T00:00:20,2024-06-22T00:00:20,6,3,promotion
CE00125,U0060,C222,I003,F004,O018,S064|S087|S111|S083|S125,7,7.0,O062,2024-06-22T00:00:20,,16,0,lateral
CE00126,U0061,C011,I004,F011,O055,S026|S177|S063|S143|S011|S203|S018|S079,5,,,2023-03-03T15:02:37,2023-11-03T15:02:37,8,0,first_job
CE00127,U0061,C113,I004,F011,O055,S026|S177|S063|S143|S011|S203|S018|S079,7,5.0,O055,2023-11-03T15:02:37,2024-05-03T15:02:37,6,2,promotion
CE00128,U0061,C004,I004,F015,O078,S026|S177|S063|S143|S011|S203|S018|S079,7,7.0,O055,2024-05-03T15:02:37,,42,0,lateral
CE00129,U0062,C086,I010,F015,O077,S220|S077|S217|S233|S162|S120|S125|S128,7,,,2023-05-04T09:49:51,2024-01-04T09:49:51,8,0,first_job
CE00130,U0062,C276,I010,F002,O007,S220|S077|S217|S233|S162|S120|S125|S128,7,7.0,O077,2024-01-04T09:49:51,,49,0,lateral
CE00131,U0063,C005,I018,F002,O007,S210|S170|S140|S014|S112|S194|S209|S078,5,,,2023-09-16T00:11:35,2024-04-16T00:11:35,7,0,first_job
CE00132,U0063,C005,I018,F015,O077,S210|S170|S140|S014|S112|S194|S209|S078,5,5.0,O007,2024-04-16T00:11:35,,9,0,lateral
CE00133,U0064,C164,I012,F008,O043,S045|S189|S191|S152|S169|S068|S150,3,,,2023-05-15T14:06:59,2023-12-15T14:06:59,7,0,first_job
CE00134,U0064,C145,I012,F008,O043,S045|S189|S191|S152|S169|S068|S150,1,3.0,O043,2023-12-15T14:06:59,,48,-2,demotion
CE00135,U0065,C069,I015,F018,O094,S123|S088|S013|S063|S009|S087|S170|S079,7,,,2023-03-08T21:37:42,2023-12-08T21:37:42,9,0,first_job
CE00136,U0065,C023,I015,F018,O093,S123|S088|S013|S063|S009|S087|S170|S079,7,7.0,O094,2023-12-08T21:37:42,2024-08-08T21:37:42,8,0,lateral
CE00137,U0065,C122,I015,F018,O093,S123|S088|S013|S063|S009|S087|S170|S079,3,7.0,O093,2024-08-08T21:37:42,,38,-4,demotion
CE00138,U0066,C307,I023,F011,O059,S132|S208|S216|S155|S154|S124|S236|S219,7,,,2023-01-05T14:15:49,2023-10-05T14:15:49,9,0,first_job
CE00139,U0066,C236,I023,F011,O058,S132|S208|S216|S155|S154|S124|S236|S219,7,7.0,O059,2023-10-05T14:15:49,2024-04-05T14:15:49,6,0,lateral
CE00140,U0066,C236,I023,F011,O058,S132|S208|S216|S155|S154|S124|S236|S219,7,7.0,O058,2024-04-05T14:15:49,,38,0,lateral
CE00141,U0067,C298,I012,F013,O067,S075|S086|S006|S035|S199,2,,,2023-02-14T05:02:15,2023-09-14T05:02:15,7,0,first_job
CE00142,U0067,C298,I012,F013,O070,S075|S086|S006|S035|S199,2,2.0,O067,2023-09-14T05:02:15,2024-03-14T05:02:15,6,0,lateral
CE00143,U0067,C298,I012,F013,O070,S075|S086|S006|S035|S199,1,2.0,O070,2024-03-14T05:02:15,,12,-1,demotion
CE00144,U0068,C195,I007,F012,O062,S216|S140|S042|S004|S188|S227|S009,7,,,2023-02-09T01:14:11,2023-08-09T01:14:11,6,0,first_job
CE00145,U0068,C217,I007,F014,O072,S216|S140|S042|S004|S188|S227|S009,7,7.0,O062,2023-08-09T01:14:11,,58,0,lateral
CE00146,U0069,C147,I008,F010,O052,S236|S063|S067|S057|S076|S006|S164|S129,5,,,2023-03-08T02:10:26,2023-09-08T02:10:26,6,0,first_job
CE00147,U0069,C147,I008,F010,O052,S236|S063|S067|S057|S076|S006|S164|S129,7,5.0,O052,2023-09-08T02:10:26,2024-03-08T02:10:26,6,2,promotion
CE00148,U0069,C147,I008,F003,O013,S236|S063|S067|S057|S076|S006|S164|S129,7,7.0,O052,2024-03-08T02:10:26,,18,0,lateral
CE00149,U0070,C266,I016,F011,O058,S166|S062|S192|S147|S207,1,,,2023-01-11T00:46:36,,18,0,first_job
CE00150,U0071,C216,I010,F016,O085,S120|S175|S219|S071|S194,7,,,2023-04-15T15:04:32,2024-01-15T15:04:32,9,0,first_job
CE00151,U0071,C001,I003,F016,O085,S120|S175|S219|S071|S194,7,7.0,O085,2024-01-15T15:04:32,,23,0,lateral
CE00152,U0072,C132,I019,F012,O060,S116|S119|S065|S021|S033|S074|S183,1,,,2023-03-15T08:49:40,2023-09-15T08:49:40,6,0,first_job
CE00153,U0072,C260,I019,F012,O060,S116|S119|S065|S021|S033|S074|S183,2,1.0,O060,2023-09-15T08:49:40,2024-03-15T08:49:40,6,1,promotion
CE00154,U0072,C077,I019,F008,O040,S116|S119|S065|S021|S033|S074|S183,3,2.0,O060,2024-03-15T08:49:40,2024-09-15T08:49:40,6,1,promotion
CE00155,U0072,C077,I019,F008,O041,S116|S119|S065|S021|S033|S074|S183,4,3.0,O040,2024-09-15T08:49:40,,55,1,promotion
CE00156,U0073,C302,I007,F013,O066,S165|S123|S127|S103|S112|S058|S148|S044,6,,,2023-03-14T20:13:47,2024-02-14T20:13:47,11,0,first_job
CE00157,U0073,C302,I007,F013,O068,S165|S123|S127|S103|S112|S058|S148|S044,7,6.0,O066,2024-02-14T20:13:47,,31,1,promotion
CE00158,U0074,C187,I002,F018,O092,S050|S107|S216|S095|S221,6,,,2023-01-01T01:21:50,,55,0,first_job
CE00159,U0075,C109,I014,F008,O041,S121|S112|S055|S139|S074|S117,6,,,2023-06-05T08:45:45,2023-12-05T08:45:45,6,0,first_job
CE00160,U0075,C175,I008,F008,O041,S121|S112|S055|S139|S074|S117,7,6.0,O041,2023-12-05T08:45:45,,59,1,promotion
CE00161,U0076,C155,I005,F005,O025,S119|S056|S235|S210|S207,4,,,2023-05-17T22:35:22,2024-05-17T22:35:22,12,0,first_job
CE00162,U0076,C155,I005,F005,O027,S119|S056|S235|S210|S207,6,4.0,O025,2024-05-17T22:35:22,,10,2,promotion
CE00163,U0077,C202,I022,F006,O029,S034|S018|S059|S197|S071|S008|S058|S207,1,,,2023-06-22T00:05:59,2024-03-22T00:05:59,9,0,first_job
CE00164,U0077,C202,I022,F006,O031,S034|S018|S059|S197|S071|S008|S058|S207,4,1.0,O029,2024-03-22T00:05:59,,17,3,promotion
CE00165,U0078,C278,I004,F008,O041,S132|S131|S066|S009|S080,2,,,2023-03-19T01:21:34,2023-11-19T01:21:34,8,0,first_job
CE00166,U0078,C278,I004,F008,O039,S132|S131|S066|S009|S080,4,2.0,O041,2023-11-19T01:21:34,2024-08-19T01:21:34,9,2,promotion
CE00167,U0078,C200,I004,F008,O039,S132|S131|S066|S009|S080,6,4.0,O039,2024-08-19T01:21:34,,26,2,promotion
CE00168,U0079,C174,I005,F014,O071,S172|S027|S201|S127|S009,6,,,2023-07-05T17:53:11,2024-02-05T17:53:11,7,0,first_job
CE00169,U0079,C087,I011,F009,O048,S172|S027|S201|S127|S009,7,6.0,O071,2024-02-05T17:53:11,,19,1,promotion
CE00170,U0080,C091,I015,F018,O094,S038|S039|S053|S213|S071|S190|S067|S231,2,,,2023-09-02T17:09:59,2024-03-02T17:09:59,6,0,first_job
CE00171,U0080,C091,I015,F018,O094,S038|S039|S053|S213|S071|S190|S067|S231,2,2.0,O094,2024-03-02T17:09:59,,38,0,lateral
CE00172,U0081,C146,I017,F013,O068,S204|S108|S018|S194|S236|S175|S054|S166,5,,,2023-02-16T08:58:52,2023-08-16T08:58:52,6,0,first_job
CE00173,U0081,C146,I017,F015,O077,S204|S108|S018|S194|S236|S175|S054|S166,5,5.0,O068,2023-08-16T08:58:52,2024-03-16T08:58:52,7,0,lateral
CE00174,U0081,C146,I017,F015,O079,S204|S108|S018|S194|S236|S175|S054|S166,5,5.0,O077,2024-03-16T08:58:52,,40,0,lateral
CE00175,U0082,C042,I020,F004,O022,S107|S164|S100|S007|S010,1,,,2023-01-05T16:41:38,2023-10-05T16:41:38,9,0,first_job
CE00176,U0082,C151,I020,F004,O022,S107|S164|S100|S007|S010,1,1.0,O022,2023-10-05T16:41:38,2024-05-05T16:41:38,7,0,lateral
CE00177,U0082,C270,I003,F013,O069,S107|S164|S100|S007|S010,1,1.0,O022,2024-05-05T16:41:38,,24,0,lateral
CE00178,U0083,C250,I012,F005,O024,S107|S204|S131|S111|S049,5,,,2023-01-18T10:59:26,2023-07-18T10:59:26,6,0,first_job
CE00179,U0083,C250,I012,F005,O024,S107|S204|S131|S111|S049,5,5.0,O024,2023-07-18T10:59:26,2024-01-18T10:59:26,6,0,lateral
CE00180,U0083,C250,I012,F005,O024,S107|S204|S131|S111|S049,7,5.0,O024,2024-01-18T10:59:26,,14,2,promotion
CE00181,U0084,C078,I009,F011,O059,S103|S075|S089|S066|S196|S147|S090,6,,,2023-01-11T23:37:47,,57,0,first_job
CE00182,U0085,C245,I003,F016,O083,S212|S110|S005|S148|S178,1,,,2023-07-06T06:18:12,2024-03-06T06:18:12,8,0,first_job
CE00183,U0085,C031,I003,F016,O083,S212|S110|S005|S148|S178,1,1.0,O083,2024-03-06T06:18:12,,21,0,lateral
CE00184,U0086,C047,I012,F010,O050,S026|S047|S167|S036|S031|S213,3,,,2023-06-19T10:42:27,2024-03-19T10:42:27,9,0,first_job
CE00185,U0086,C250,I012,F008,O039,S026|S047|S167|S036|S031|S213,3,3.0,O050,2024-03-19T10:42:27,,50,0,lateral
CE00186,U0087,C246,I024,F009,O045,S094|S219|S097|S148|S136,4,,,2023-08-17T12:35:34,2024-06-17T12:35:34,10,0,first_job
CE00187,U0087,C246,I024,F005,O025,S094|S219|S097|S148|S136,6,4.0,O045,2024-06-17T12:35:34,,7,2,promotion
CE00188,U0088,C199,I021,F003,O012,S114|S161|S098|S083|S140|S088,6,,,2023-03-01T07:34:32,2024-01-01T07:34:32,10,0,first_job
CE00189,U0088,C199,I021,F003,O015,S114|S161|S098|S083|S140|S088,7,6.0,O012,2024-01-01T07:34:32,,13,1,promotion
CE00190,U0089,C257,I006,F003,O016,S077|S128|S030|S230|S006|S191,6,,,2023-02-05T11:42:12,2023-09-05T11:42:12,7,0,first_job
CE00191,U0089,C257,I006,F003,O016,S077|S128|S030|S230|S006|S191,7,6.0,O016,2023-09-05T11:42:12,2024-03-05T11:42:12,6,1,promotion
CE00192,U0089,C111,I011,F008,O041,S077|S128|S030|S230|S006|S191,7,7.0,O016,2024-03-05T11:42:12,,55,0,lateral
CE00193,U0090,C074,I016,F018,O096,S138|S198|S068|S038|S127|S076|S239|S080,6,,,2023-04-18T04:01:57,2024-03-18T04:01:57,11,0,first_job
CE00194,U0090,C074,I016,F018,O093,S138|S198|S068|S038|S127|S076|S239|S080,2,6.0,O096,2024-03-18T04:01:57,,33,-4,demotion
CE00195,U0091,C009,I003,F013,O068,S228|S131|S050|S222|S039,6,,,2023-03-12T05:17:21,2023-09-12T05:17:21,6,0,first_job
CE00196,U0091,C210,I024,F013,O067,S228|S131|S050|S222|S039,7,6.0,O068,2023-09-12T05:17:21,2024-06-12T05:17:21,9,1,promotion
CE00197,U0091,C104,I024,F013,O067,S228|S131|S050|S222|S039,7,7.0,O067,2024-06-12T05:17:21,,7,0,lateral
CE00198,U0092,C173,I016,F011,O057,S156|S140|S080|S027|S128|S182,3,,,2023-05-05T22:43:30,2023-12-05T22:43:30,7,0,first_job
CE00199,U0092,C173,I016,F006,O030,S156|S140|S080|S027|S128|S182,5,3.0,O057,2023-12-05T22:43:30,,11,2,promotion
CE00200,U0093,C194,I010,F007,O037,S204|S207|S034|S093|S064|S098,6,,,2023-01-08T10:28:26,,18,0,first_job
CE00201,U0094,C314,I022,F007,O034,S050|S177|S232|S111|S076|S042,4,,,2023-01-19T02:30:18,2023-07-19T02:30:18,6,0,first_job
CE00202,U0094,C314,I022,F007,O038,S050|S177|S232|S111|S076|S042,6,4.0,O034,2023-07-19T02:30:18,,30,2,promotion
CE00203,U0095,C217,I007,F005,O025,S217|S106|S156|S044|S017|S075|S098|S088,7,,,2023-09-15T21:29:13,2024-08-15T21:29:13,11,0,first_job
CE00204,U0095,C217,I007,F009,O048,S217|S106|S156|S044|S017|S075|S098|S088,7,7.0,O025,2024-08-15T21:29:13,,55,0,lateral
CE00205,U0096,C183,I006,F003,O013,S049|S108|S075|S111|S219|S132|S179,5,,,2023-09-02T10:16:55,2024-07-02T10:16:55,10,0,first_job
CE00206,U0096,C183,I006,F003,O013,S049|S108|S075|S111|S219|S132|S179,7,5.0,O013,2024-07-02T10:16:55,,29,2,promotion
CE00207,U0097,C043,I019,F006,O031,S067|S103|S164|S073|S223|S006|S044,4,,,2023-09-02T19:08:27,2024-04-02T19:08:27,7,0,first_job
CE00208,U0097,C260,I019,F007,O034,S067|S103|S164|S073|S223|S006|S044,1,4.0,O031,2024-04-02T19:08:27,,54,-3,demotion
CE00209,U0098,C159,I002,F004,O021,S223|S173|S102|S056|S217|S162|S030,2,,,2023-01-10T13:15:20,,60,0,first_job
CE00210,U0099,C018,I020,F008,O042,S001|S143|S040|S044|S085|S080|S069|S072,1,,,2023-08-08T20:51:59,2024-06-08T20:51:59,10,0,first_job
CE00211,U0099,C018,I020,F008,O043,S001|S143|S040|S044|S085|S080|S069|S072,5,1.0,O042,2024-06-08T20:51:59,,27,4,promotion
CE00212,U0100,C038,I006,F002,O007,S042|S232|S156|S170|S160|S135,7,,,2023-03-18T04:23:22,2023-09-18T04:23:22,6,0,first_job
CE00213,U0100,C168,I023,F002,O007,S042|S232|S156|S170|S160|S135,7,7.0,O007,2023-09-18T04:23:22,2024-06-18T04:23:22,9,0,lateral
CE00214,U0100,C168,I023,F018,O096,S042|S232|S156|S170|S160|S135,7,7.0,O007,2024-06-18T04:23:22,,11,0,lateral
CE00215,U0101,C159,I002,F017,O090,S059|S133|S047|S069|S007|S145,3,,,2023-04-04T10:28:37,2023-11-04T10:28:37,7,0,first_job
CE00216,U0101,C144,I006,F006,O032,S059|S133|S047|S069|S007|S145,4,3.0,O090,2023-11-04T10:28:37,,15,1,promotion
CE00217,U0102,C027,I021,F008,O039,S147|S042|S231|S083|S189|S023|S235|S167,7,,,2023-02-23T04:33:53,2024-01-23T04:33:53,11,0,first_job
CE00218,U0102,C253,I021,F008,O040,S147|S042|S231|S083|S189|S023|S235|S167,7,7.0,O039,2024-01-23T04:33:53,,35,0,lateral
CE00219,U0103,C096,I017,F009,O044,S027|S032|S024|S088|S056|S124,7,,,2023-09-21T11:10:10,2024-07-21T11:10:10,10,0,first_job
CE00220,U0103,C292,I017,F011,O056,S027|S032|S024|S088|S056|S124,7,7.0,O044,2024-07-21T11:10:10,,56,0,lateral
CE00221,U0104,C275,I008,F007,O034,S099|S230|S132|S122|S066,6,,,2023-01-04T22:45:36,,20,0,first_job
CE00222,U0105,C149,I009,F002,O008,S033|S076|S042|S221|S154|S227|S075|S142,4,,,2023-01-02T18:07:10,,30,0,first_job
CE00223,U0106,C092,I001,F012,O060,S131|S174|S083|S139|S147|S171,3,,,2023-04-07T15:27:14,2024-04-07T15:27:14,12,0,first_job
CE00224,U0106,C157,I001,F018,O093,S131|S174|S083|S139|S147|S171,1,3.0,O060,2024-04-07T15:27:14,,47,-2,demotion
CE00225,U0107,C159,I002,F017,O087,S128|S028|S222|S224|S192,3,,,2023-01-18T04:05:07,,17,0,first_job
CE00226,U0108,C265,I014,F011,O056,S016|S224|S066|S115|S053|S136|S167|S119,4,,,2023-03-03T16:22:49,2023-09-03T16:22:49,6,0,first_job
CE00227,U0108,C114,I014,F011,O059,S016|S224|S066|S115|S053|S136|S167|S119,7,4.0,O056,2023-09-03T16:22:49,2024-03-03T16:22:49,6,3,promotion
CE00228,U0108,C154,I022,F011,O058,S016|S224|S066|S115|S053|S136|S167|S119,7,7.0,O059,2024-03-03T16:22:49,2024-09-03T16:22:49,6,0,lateral
CE00229,U0108,C154,I022,F011,O057,S016|S224|S066|S115|S053|S136|S167|S119,7,7.0,O058,2024-09-03T16:22:49,,48,0,lateral
CE00230,U0109,C044,I017,F015,O079,S125|S028|S214|S010|S008|S210,3,,,2023-03-17T07:40:38,2023-11-17T07:40:38,8,0,first_job
CE00231,U0109,C165,I017,F006,O031,S125|S028|S214|S010|S008|S210,2,3.0,O079,2023-11-17T07:40:38,2024-07-17T07:40:38,8,-1,demotion
CE00232,U0109,C070,I017,F006,O032,S125|S028|S214|S010|S008|S210,4,2.0,O031,2024-07-17T07:40:38,,26,2,promotion
CE00233,U0110,C274,I017,F006,O030,S126|S212|S001|S009|S104|S209,4,,,2023-01-15T21:17:22,,31,0,first_job
CE00234,U0111,C273,I005,F011,O058,S168|S033|S034|S209|S095|S064,6,,,2023-06-15T23:28:31,2024-05-15T23:28:31,11,0,first_job
CE00235,U0111,C273,I005,F008,O040,S168|S033|S034|S209|S095|S064,6,6.0,O058,2024-05-15T23:28:31,,52,0,lateral
CE00236,U0112,C268,I002,F016,O085,S130|S238|S033|S170|S024|S118|S187|S157,3,,,2023-06-11T15:17:43,2024-02-11T15:17:43,8,0,first_job
CE00237,U0112,C268,I002,F016,O085,S130|S238|S033|S170|S024|S118|S187|S157,3,3.0,O085,2024-02-11T15:17:43,,18,0,lateral
CE00238,U0113,C241,I013,F013,O065,S132|S214|S060|S236|S043|S108|S170|S235,3,,,2023-06-20T19:07:56,2023-12-20T19:07:56,6,0,first_job
CE00239,U0113,C241,I013,F004,O017,S132|S214|S060|S236|S043|S108|S170|S235,7,3.0,O065,2023-12-20T19:07:56,,49,4,promotion
CE00240,U0114,C115,I017,F014,O072,S150|S153|S009|S008|S131|S038|S001|S237,4,,,2023-02-23T03:18:04,2024-02-23T03:18:04,12,0,first_job
CE00241,U0114,C115,I017,F017,O088,S150|S153|S009|S008|S131|S038|S001|S237,7,4.0,O072,2024-02-23T03:18:04,,46,3,promotion
CE00242,U0115,C275,I008,F015,O080,S097|S131|S194|S110|S164|S089|S104,4,,,2023-09-02T09:29:19,2024-03-02T09:29:19,6,0,first_job
CE00243,U0115,C202,I022,F004,O022,S097|S131|S194|S110|S164|S089|S104,4,4.0,O080,2024-03-02T09:29:19,,15,0,lateral
CE00244,U0116,C179,I015,F009,O045,S143|S031|S136|S173|S087|S195|S056,4,,,2023-01-04T20:54:12,2023-07-04T20:54:12,6,0,first_job
CE00245,U0116,C234,I015,F009,O048,S143|S031|S136|S173|S087|S195|S056,7,4.0,O045,2023-07-04T20:54:12,2024-01-04T20:54:12,6,3,promotion
CE00246,U0116,C234,I015,F009,O044,S143|S031|S136|S173|S087|S195|S056,7,7.0,O048,2024-01-04T20:54:12,2024-07-04T20:54:12,6,0,lateral
CE00247,U0116,C234,I015,F009,O047,S143|S031|S136|S173|S087|S195|S056,7,7.0,O044,2024-07-04T20:54:12,2025-01-04T20:54:12,6,0,lateral
CE00248,U0116,C263,I011,F007,O033,S143|S031|S136|S173|S087|S195|S056,7,7.0,O047,2025-01-04T20:54:12,,34,0,lateral
CE00249,U0117,C176,I007,F010,O054,S042|S146|S216|S210|S203|S218|S179|S104,7,,,2023-01-10T02:45:31,,49,0,first_job
CE00250,U0118,C210,I024,F001,O001,S195|S055|S170|S142|S144|S187,4,,,2023-01-06T12:30:07,2023-07-06T12:30:07,6,0,first_job
CE00251,U0118,C252,I024,F001,O006,S195|S055|S170|S142|S144|S187,4,4.0,O001,2023-07-06T12:30:07,2024-02-06T12:30:07,7,0,lateral
CE00252,U0118,C236,I023,F001,O004,S195|S055|S170|S142|S144|S187,5,4.0,O006,2024-02-06T12:30:07,,7,1,promotion
CE00253,U0119,C106,I021,F012,O062,S010|S223|S129|S189|S240|S119,5,,,2023-02-08T11:58:37,2023-08-08T11:58:37,6,0,first_job
CE00254,U0119,C106,I021,F012,O063,S010|S223|S129|S189|S240|S119,7,5.0,O062,2023-08-08T11:58:37,2024-04-08T11:58:37,8,2,promotion
CE00255,U0119,C260,I019,F012,O062,S010|S223|S129|S189|S240|S119,4,7.0,O063,2024-04-08T11:58:37,,18,-3,demotion
CE00256,U0120,C048,I005,F014,O075,S102|S197|S076|S092|S034|S142,3,,,2023-02-05T14:35:42,2023-10-05T14:35:42,8,0,first_job
CE00257,U0120,C080,I024,F014,O075,S102|S197|S076|S092|S034|S142,3,3.0,O075,2023-10-05T14:35:42,,43,0,lateral
CE00258,U0121,C056,I008,F009,O048,S011|S062|S239|S114|S137,7,,,2023-02-06T03:23:29,2023-11-06T03:23:29,9,0,first_job
CE00259,U0121,C056,I008,F009,O046,S011|S062|S239|S114|S137,7,7.0,O048,2023-11-06T03:23:29,,50,0,lateral
CE00260,U0122,C023,I015,F004,O018,S238|S167|S138|S144|S004|S211|S218,7,,,2023-02-15T21:11:20,2023-12-15T21:11:20,10,0,first_job
CE00261,U0122,C023,I015,F004,O019,S238|S167|S138|S144|S004|S211|S218,7,7.0,O018,2023-12-15T21:11:20,,60,0,lateral
CE00262,U0123,C126,I016,F003,O012,S137|S140|S112|S073|S098|S182|S015,4,,,2023-03-07T11:15:11,2023-09-07T11:15:11,6,0,first_job
CE00263,U0123,C212,I016,F003,O012,S137|S140|S112|S073|S098|S182|S015,6,4.0,O012,2023-09-07T11:15:11,2024-05-07T11:15:11,8,2,promotion
CE00264,U0123,C195,I007,F003,O012,S137|S140|S112|S073|S098|S182|S015,6,6.0,O012,2024-05-07T11:15:11,,54,0,lateral
CE00265,U0124,C075,I011,F016,O085,S120|S048|S180|S020|S207|S075|S039,1,,,2023-07-24T04:31:26,2024-06-24T04:31:26,11,0,first_job
CE00266,U0124,C296,I011,F007,O037,S120|S048|S180|S020|S207|S075|S039,4,1.0,O085,2024-06-24T04:31:26,,52,3,promotion
CE00267,U0125,C206,I014,F016,O083,S090|S210|S218|S187|S186|S078,1,,,2023-08-10T02:41:17,2024-02-10T02:41:17,6,0,first_job
CE00268,U0125,C206,I014,F010,O054,S090|S210|S218|S187|S186|S078,4,1.0,O083,2024-02-10T02:41:17,,20,3,promotion
CE00269,U0126,C034,I009,F007,O037,S101|S072|S177|S056|S068|S143|S234|S127,6,,,2023-05-02T05:30:24,2024-01-02T05:30:24,8,0,first_job
CE00270,U0126,C034,I009,F003,O016,S101|S072|S177|S056|S068|S143|S234|S127,7,6.0,O037,2024-01-02T05:30:24,,23,1,promotion
CE00271,U0127,C279,I021,F004,O021,S191|S225|S195|S090|S194|S210|S173|S098,6,,,2023-01-06T11:53:50,2023-08-06T11:53:50,7,0,first_job
CE00272,U0127,C218,I021,F004,O018,S191|S225|S195|S090|S194|S210|S173|S098,6,6.0,O021,2023-08-06T11:53:50,2024-05-06T11:53:50,9,0,lateral
CE00273,U0127,C199,I021,F004,O022,S191|S225|S195|S090|S194|S210|S173|S098,6,6.0,O018,2024-05-06T11:53:50,,54,0,lateral
CE00274,U0128,C128,I011,F011,O058,S173|S061|S191|S113|S230,7,,,2023-03-16T04:52:16,2024-03-16T04:52:16,12,0,first_job
CE00275,U0128,C022,I010,F011,O058,S173|S061|S191|S113|S230,7,7.0,O058,2024-03-16T04:52:16,,24,0,lateral
CE00276,U0129,C247,I003,F014,O073,S082|S115|S063|S067|S068|S088,7,,,2023-01-19T10:54:13,2023-07-19T10:54:13,6,0,first_job
CE00277,U0129,C063,I003,F014,O073,S082|S115|S063|S067|S068|S088,7,7.0,O073,2023-07-19T10:54:13,2024-01-19T10:54:13,6,0,lateral
CE00278,U0129,C315,I003,F014,O072,S082|S115|S063|S067|S068|S088,7,7.0,O073,2024-01-19T10:54:13,2024-07-19T10:54:13,6,0,lateral
CE00279,U0129,C262,I003,F002,O009,S082|S115|S063|S067|S068|S088,7,7.0,O072,2024-07-19T10:54:13,,48,0,lateral
CE00280,U0130,C310,I016,F017,O088,S117|S084|S149|S119|S169|S187,5,,,2023-06-07T07:36:45,2024-01-07T07:36:45,7,0,first_job
CE00281,U0130,C310,I016,F003,O013,S117|S084|S149|S119|S169|S187,6,5.0,O088,2024-01-07T07:36:45,,26,1,promotion
CE00282,U0131,C165,I017,F001,O002,S024|S131|S029|S134|S157,3,,,2023-04-22T07:07:05,2024-03-22T07:07:05,11,0,first_job
CE00283,U0131,C165,I017,F001,O002,S024|S131|S029|S134|S157,6,3.0,O002,2024-03-22T07:07:05,,58,3,promotion
CE00284,U0132,C294,I015,F017,O088,S103|S074|S238|S015|S094|S052|S132|S170,5,,,2023-09-05T15:40:42,2024-03-05T15:40:42,6,0,first_job
CE00285,U0132,C299,I015,F007,O037,S103|S074|S238|S015|S094|S052|S132|S170,7,5.0,O088,2024-03-05T15:40:42,,20,2,promotion
CE00286,U0133,C091,I015,F012,O062,S069|S171|S019|S105|S068|S165,2,,,2023-05-04T07:24:51,2024-04-04T07:24:51,11,0,first_job
CE00287,U0133,C176,I007,F005,O026,S069|S171|S019|S105|S068|S165,5,2.0,O062,2024-04-04T07:24:51,,39,3,promotion
CE00288,U0134,C187,I002,F006,O030,S104|S091|S035|S092|S142|S193|S053|S063,1,,,2023-01-13T18:44:14,2023-09-13T18:44:14,8,0,first_job
CE00289,U0134,C268,I002,F006,O030,S104|S091|S035|S092|S142|S193|S053|S063,1,1.0,O030,2023-09-13T18:44:14,2024-06-13T18:44:14,9,0,lateral
CE00290,U0134,C268,I002,F006,O030,S104|S091|S035|S092|S142|S193|S053|S063,3,1.0,O030,2024-06-13T18:44:14,,41,2,promotion
CE00291,U0135,C045,I009,F016,O082,S097|S150|S037|S227|S001|S005|S049|S035,5,,,2023-03-19T08:12:52,2023-09-19T08:12:52,6,0,first_job
CE00292,U0135,C078,I009,F016,O084,S097|S150|S037|S227|S001|S005|S049|S035,7,5.0,O082,2023-09-19T08:12:52,2024-03-19T08:12:52,6,2,promotion
CE00293,U0135,C078,I009,F016,O082,S097|S150|S037|S227|S001|S005|S049|S035,7,7.0,O084,2024-03-19T08:12:52,,26,0,lateral
CE00294,U0136,C145,I012,F010,O053,S131|S009|S095|S032|S047|S073|S207,6,,,2023-02-21T09:43:57,2023-08-21T09:43:57,6,0,first_job
CE00295,U0136,C284,I016,F010,O053,S131|S009|S095|S032|S047|S073|S207,7,6.0,O053,2023-08-21T09:43:57,,30,1,promotion
CE00296,U0137,C185,I021,F006,O029,S092|S157|S118|S216|S184|S103|S129,7,,,2023-01-08T22:40:22,,39,0,first_job
CE00297,U0138,C135,I017,F001,O004,S096|S190|S118|S087|S023|S153,5,,,2023-01-09T00:51:01,2023-10-09T00:51:01,9,0,first_job
CE00298,U0138,C135,I017,F001,O004,S096|S190|S118|S087|S023|S153,7,5.0,O004,2023-10-09T00:51:01,2024-07-09T00:51:01,9,2,promotion
CE00299,U0138,C090,I003,F001,O006,S096|S190|S118|S087|S023|S153,7,7.0,O004,2024-07-09T00:51:01,,40,0,lateral
CE00300,U0139,C039,I023,F014,O074,S157|S222|S095|S076|S026|S082|S031|S014,3,,,2023-02-10T14:00:49,2023-11-10T14:00:49,9,0,first_job
CE00301,U0139,C057,I023,F014,O073,S157|S222|S095|S076|S026|S082|S031|S014,6,3.0,O074,2023-11-10T14:00:49,,29,3,promotion
CE00302,U0140,C084,I014,F002,O010,S021|S154|S143|S106|S228|S089|S116,1,,,2023-01-24T06:07:36,,14,0,first_job
CE00303,U0141,C183,I006,F005,O023,S171|S154|S032|S043|S064|S086,4,,,2023-02-18T00:35:39,2024-01-18T00:35:39,11,0,first_job
CE00304,U0141,C183,I006,F005,O025,S171|S154|S032|S043|S064|S086,4,4.0,O023,2024-01-18T00:35:39,,11,0,lateral
CE00305,U0142,C128,I011,F011,O056,S047|S076|S021|S053|S212|S234|S100|S170,1,,,2023-07-06T10:38:42,2024-02-06T10:38:42,7,0,first_job
CE00306,U0142,C074,I016,F011,O059,S047|S076|S021|S053|S212|S234|S100|S170,4,1.0,O056,2024-02-06T10:38:42,,51,3,promotion
CE00307,U0143,C276,I010,F012,O061,S165|S033|S209|S122|S104|S222|S178|S161,2,,,2023-04-12T15:11:46,2024-02-12T15:11:46,10,0,first_job
CE00308,U0143,C086,I010,F012,O061,S165|S033|S209|S122|S104|S222|S178|S161,2,2.0,O061,2024-02-12T15:11:46,,20,0,lateral
CE00309,U0144,C207,I008,F018,O092,S029|S050|S039|S177|S107|S140|S165,4,,,2023-01-03T09:52:26,2023-07-03T09:52:26,6,0,first_job
CE00310,U0144,C207,I008,F001,O003,S029|S050|S039|S177|S107|S140|S165,5,4.0,O092,2023-07-03T09:52:26,2024-02-03T09:52:26,7,1,promotion
CE00311,U0144,C207,I008,F002,O009,S029|S050|S039|S177|S107|S140|S165,5,5.0,O003,2024-02-03T09:52:26,,38,0,lateral
CE00312,U0145,C288,I014,F002,O007,S026|S069|S074|S173|S112|S130,5,,,2023-03-10T21:57:42,2023-11-10T21:57:42,8,0,first_job
CE00313,U0145,C288,I014,F002,O010,S026|S069|S074|S173|S112|S130,5,5.0,O007,2023-11-10T21:57:42,2024-07-10T21:57:42,8,0,lateral
CE00314,U0145,C206,I014,F002,O011,S026|S069|S074|S173|S112|S130,6,5.0,O010,2024-07-10T21:57:42,,48,1,promotion
CE00315,U0146,C224,I004,F012,O061,S112|S104|S075|S133|S218|S155|S073,3,,,2023-01-23T11:03:12,,42,0,first_job
CE00316,U0147,C138,I021,F018,O093,S037|S208|S147|S238|S096|S101|S091|S139,7,,,2023-03-22T07:19:05,2023-12-22T07:19:05,9,0,first_job
CE00317,U0147,C199,I021,F018,O093,S037|S208|S147|S238|S096|S101|S091|S139,7,7.0,O093,2023-12-22T07:19:05,2024-08-22T07:19:05,8,0,lateral
CE00318,U0147,C199,I021,F018,O096,S037|S208|S147|S238|S096|S101|S091|S139,7,7.0,O093,2024-08-22T07:19:05,,35,0,lateral
CE00319,U0148,C134,I005,F015,O079,S113|S122|S102|S062|S091,1,,,2023-01-20T07:38:09,,17,0,first_job
CE00320,U0149,C163,I002,F013,O067,S095|S040|S154|S076|S203|S124,3,,,2023-01-19T00:29:45,,31,0,first_job
CE00321,U0150,C158,I014,F018,O096,S207|S165|S082|S117|S233|S030|S115|S220,5,,,2023-02-03T13:25:32,2023-12-03T13:25:32,10,0,first_job
CE00322,U0150,C158,I014,F018,O096,S207|S165|S082|S117|S233|S030|S115|S220,7,5.0,O096,2023-12-03T13:25:32,,59,2,promotion
CE00323,U0151,C160,I005,F017,O087,S007|S146|S220|S022|S179,1,,,2023-07-25T21:15:56,2024-05-25T21:15:56,10,0,first_job
CE00324,U0151,C102,I009,F017,O088,S007|S146|S220|S022|S179,3,1.0,O087,2024-05-25T21:15:56,,45,2,promotion
CE00325,U0152,C286,I009,F002,O007,S004|S198|S037|S119|S080|S177,4,,,2023-02-25T09:43:59,2023-11-25T09:43:59,9,0,first_job
CE00326,U0152,C286,I009,F002,O011,S004|S198|S037|S119|S080|S177,7,4.0,O007,2023-11-25T09:43:59,,25,3,promotion
CE00327,U0153,C172,I010,F015,O080,S122|S173|S229|S127|S110|S032|S194|S113,2,,,2023-06-24T11:01:31,2024-03-24T11:01:31,9,0,first_job
CE00328,U0153,C086,I010,F015,O078,S122|S173|S229|S127|S110|S032|S194|S113,5,2.0,O080,2024-03-24T11:01:31,,46,3,promotion
CE00329,U0154,C052,I013,F018,O096,S067|S194|S170|S164|S121|S222,7,,,2023-03-14T20:27:25,2023-09-14T20:27:25,6,0,first_job
CE00330,U0154,C137,I013,F018,O096,S067|S194|S170|S164|S121|S222,7,7.0,O096,2023-09-14T20:27:25,2024-03-14T20:27:25,6,0,lateral
CE00331,U0154,C118,I013,F018,O094,S067|S194|S170|S164|S121|S222,7,7.0,O096,2024-03-14T20:27:25,,12,0,lateral
CE00332,U0155,C185,I021,F017,O088,S010|S146|S186|S238|S031|S216,2,,,2023-05-16T09:19:04,2024-03-16T09:19:04,10,0,first_job
CE00333,U0155,C185,I021,F017,O088,S010|S146|S186|S238|S031|S216,7,2.0,O088,2024-03-16T09:19:04,,47,5,promotion
CE00334,U0156,C155,I005,F011,O059,S076|S237|S084|S175|S045|S168,4,,,2023-01-01T07:13:49,,19,0,first_job
CE00335,U0157,C006,I023,F015,O079,S015|S196|S010|S162|S212|S129|S146|S049,6,,,2023-01-01T00:54:31,,6,0,first_job
CE00336,U0158,C280,I020,F010,O052,S134|S020|S083|S128|S056|S174|S228,5,,,2023-03-25T12:50:26,2023-11-25T12:50:26,8,0,first_job
CE00337,U0158,C018,I020,F013,O069,S134|S020|S083|S128|S056|S174|S228,6,5.0,O052,2023-11-25T12:50:26,,36,1,promotion
CE00338,U0159,C223,I012,F012,O063,S029|S093|S209|S231|S235|S143|S177,4,,,2023-01-18T12:33:42,,16,0,first_job
CE00339,U0160,C107,I006,F001,O006,S220|S112|S123|S026|S201,4,,,2023-01-06T17:14:52,,28,0,first_job
CE00340,U0161,C260,I019,F007,O033,S141|S120|S112|S005|S218|S065|S185,7,,,2023-01-03T05:53:27,2023-09-03T05:53:27,8,0,first_job
CE00341,U0161,C101,I007,F007,O037,S141|S120|S112|S005|S218|S065|S185,7,7.0,O033,2023-09-03T05:53:27,2024-04-03T05:53:27,7,0,lateral
CE00342,U0161,C081,I007,F007,O037,S141|S120|S112|S005|S218|S065|S185,6,7.0,O037,2024-04-03T05:53:27,,12,-1,demotion
CE00343,U0162,C125,I007,F001,O005,S061|S141|S092|S144|S054|S057|S084,3,,,2023-01-08T23:11:34,,44,0,first_job
CE00344,U0163,C207,I008,F007,O034,S110|S164|S158|S215|S132|S214|S092|S026,6,,,2023-01-02T22:55:22,,30,0,first_job
CE00345,U0164,C171,I018,F008,O042,S036|S204|S141|S041|S040|S087|S159,4,,,2023-01-10T04:53:53,,37,0,first_job
CE00346,U0165,C298,I012,F016,O084,S066|S144|S043|S070|S077|S027|S184|S183,7,,,2023-04-13T18:34:10,2024-02-13T18:34:10,10,0,first_job
CE00347,U0165,C298,I012,F016,O086,S066|S144|S043|S070|S077|S027|S184|S183,7,7.0,O084,2024-02-13T18:34:10,,52,0,lateral
CE00348,U0166,C141,I019,F012,O063,S202|S096|S045|S077|S181|S091|S030|S180,7,,,2023-07-06T06:11:40,2024-01-06T06:11:40,6,0,first_job
CE00349,U0166,C141,I019,F012,O063,S202|S096|S045|S077|S181|S091|S030|S180,7,7.0,O063,2024-01-06T06:11:40,,47,0,lateral
CE00350,U0167,C027,I021,F008,O042,S197|S154|S056|S161|S185|S131|S235,4,,,2023-06-20T00:19:48,2023-12-20T00:19:48,6,0,first_job
CE00351,U0167,C264,I021,F008,O042,S197|S154|S056|S161|S185|S131|S235,3,4.0,O042,2023-12-20T00:19:48,,17,-1,demotion
CE00352,U0168,C054,I004,F007,O036,S110|S053|S172|S017|S068,1,,,2023-01-08T17:51:02,2023-09-08T17:51:02,8,0,first_job
CE00353,U0168,C004,I004,F007,O037,S110|S053|S172|S017|S068,7,1.0,O036,2023-09-08T17:51:02,,44,6,promotion
CE00354,U0169,C040,I007,F016,O085,S131|S138|S009|S149|S073|S219|S120|S050,6,,,2023-01-13T03:18:27,,16,0,first_job
CE00355,U0170,C274,I017,F013,O068,S152|S204|S211|S044|S057,5,,,2023-02-10T00:46:02,2023-09-10T00:46:02,7,0,first_job
CE00356,U0170,C096,I017,F003,O014,S152|S204|S211|S044|S057,6,5.0,O068,2023-09-10T00:46:02,2024-03-10T00:46:02,6,1,promotion
CE00357,U0170,C096,I017,F003,O014,S152|S204|S211|S044|S057,7,6.0,O014,2024-03-10T00:46:02,,40,1,promotion
CE00358,U0171,C104,I024,F007,O036,S232|S237|S051|S037|S208|S209|S169|S026,3,,,2023-08-08T06:19:07,2024-08-08T06:19:07,12,0,first_job
CE00359,U0171,C104,I024,F007,O036,S232|S237|S051|S037|S208|S209|S169|S026,7,3.0,O036,2024-08-08T06:19:07,,59,4,promotion
CE00360,U0172,C170,I013,F002,O010,S037|S046|S066|S043|S088|S063,4,,,2023-04-01T17:31:45,2024-02-01T17:31:45,10,0,first_job
CE00361,U0172,C002,I013,F002,O011,S037|S046|S066|S043|S088|S063,6,4.0,O010,2024-02-01T17:31:45,,36,2,promotion
CE00362,U0173,C124,I001,F007,O034,S074|S178|S111|S203|S049,1,,,2023-01-10T14:55:17,2023-12-10T14:55:17,11,0,first_job
CE00363,U0173,C124,I001,F014,O075,S074|S178|S111|S203|S049,6,1.0,O034,2023-12-10T14:55:17,,44,5,promotion
CE00364,U0174,C262,I003,F008,O042,S009|S073|S107|S038|S065|S162|S238,3,,,2023-02-14T20:12:02,2023-11-14T20:12:02,9,0,first_job
CE00365,U0174,C247,I003,F008,O040,S009|S073|S107|S038|S065|S162|S238,4,3.0,O042,2023-11-14T20:12:02,,35,1,promotion
CE00366,U0175,C078,I009,F001,O002,S058|S002|S191|S102|S111|S173|S174,3,,,2023-02-03T04:54:35,2023-09-03T04:54:35,7,0,first_job
CE00367,U0175,C269,I019,F001,O002,S058|S002|S191|S102|S111|S173|S174,5,3.0,O002,2023-09-03T04:54:35,2024-04-03T04:54:35,7,2,promotion
CE00368,U0175,C269,I019,F013,O070,S058|S002|S191|S102|S111|S173|S174,7,5.0,O002,2024-04-03T04:54:35,,19,2,promotion
CE00369,U0176,C151,I020,F002,O009,S110|S063|S187|S147|S059|S105,6,,,2023-08-03T09:46:17,2024-04-03T09:46:17,8,0,first_job
CE00370,U0176,C151,I020,F009,O047,S110|S063|S187|S147|S059|S105,7,6.0,O009,2024-04-03T09:46:17,,55,1,promotion
CE00371,U0177,C078,I009,F013,O069,S030|S038|S096|S083|S075|S219,6,,,2023-02-17T14:03:43,2023-10-17T14:03:43,8,0,first_job
CE00372,U0177,C078,I009,F013,O070,S030|S038|S096|S083|S075|S219,6,6.0,O069,2023-10-17T14:03:43,,16,0,lateral
CE00373,U0178,C094,I006,F001,O004,S240|S026|S126|S047|S216|S088|S007|S059,4,,,2023-03-09T05:04:57,2023-10-09T05:04:57,7,0,first_job
CE00374,U0178,C094,I006,F014,O072,S240|S026|S126|S047|S216|S088|S007|S059,4,4.0,O004,2023-10-09T05:04:57,,27,0,lateral
CE00375,U0179,C266,I016,F002,O009,S153|S107|S002|S094|S228|S004|S061,1,,,2023-02-24T00:42:41,2023-08-24T00:42:41,6,0,first_job
CE00376,U0179,C266,I016,F002,O009,S153|S107|S002|S094|S228|S004|S061,5,1.0,O009,2023-08-24T00:42:41,,45,4,promotion
CE00377,U0180,C019,I018,F014,O072,S004|S220|S227|S120|S065|S056|S076|S177,4,,,2023-03-19T04:59:56,2023-09-19T04:59:56,6,0,first_job
CE00378,U0180,C249,I018,F014,O071,S004|S220|S227|S120|S065|S056|S076|S177,7,4.0,O072,2023-09-19T04:59:56,2024-03-19T04:59:56,6,3,promotion
CE00379,U0180,C028,I018,F014,O074,S004|S220|S227|S120|S065|S056|S076|S177,7,7.0,O071,2024-03-19T04:59:56,,35,0,lateral
CE00380,U0181,C060,I011,F008,O041,S091|S004|S054|S102|S156|S007|S222,4,,,2023-02-14T06:50:26,2023-10-14T06:50:26,8,0,first_job
CE00381,U0181,C182,I011,F015,O080,S091|S004|S054|S102|S156|S007|S222,5,4.0,O041,2023-10-14T06:50:26,,44,1,promotion
CE00382,U0182,C209,I019,F017,O087,S042|S161|S018|S212|S197|S174|S079,6,,,2023-02-07T10:48:16,2023-08-07T10:48:16,6,0,first_job
CE00383,U0182,C221,I019,F017,O089,S042|S161|S018|S212|S197|S174|S079,7,6.0,O087,2023-08-07T10:48:16,2024-02-07T10:48:16,6,1,promotion
CE00384,U0182,C132,I019,F017,O090,S042|S161|S018|S212|S197|S174|S079,7,7.0,O089,2024-02-07T10:48:16,2024-08-07T10:48:16,6,0,lateral
CE00385,U0182,C027,I021,F009,O048,S042|S161|S018|S212|S197|S174|S079,7,7.0,O090,2024-08-07T10:48:16,,26,0,lateral
CE00386,U0183,C132,I019,F001,O002,S204|S227|S021|S125|S031,1,,,2023-02-05T22:45:17,2023-10-05T22:45:17,8,0,first_job
CE00387,U0183,C132,I019,F001,O002,S204|S227|S021|S125|S031,1,1.0,O002,2023-10-05T22:45:17,2024-05-05T22:45:17,7,0,lateral
CE00388,U0183,C132,I019,F001,O001,S204|S227|S021|S125|S031,1,1.0,O002,2024-05-05T22:45:17,,35,0,lateral
CE00389,U0184,C156,I005,F008,O043,S134|S168|S163|S124|S138|S058|S070,6,,,2023-09-07T01:09:40,2024-09-07T01:09:40,12,0,first_job
CE00390,U0184,C012,I005,F008,O040,S134|S168|S163|S124|S138|S058|S070,6,6.0,O043,2024-09-07T01:09:40,,22,0,lateral
CE00391,U0185,C142,I010,F012,O064,S116|S161|S048|S165|S064|S123,7,,,2023-01-14T17:00:56,2023-12-14T17:00:56,11,0,first_job
CE00392,U0185,C216,I010,F013,O065,S116|S161|S048|S165|S064|S123,7,7.0,O064,2023-12-14T17:00:56,,18,0,lateral
CE00393,U0186,C049,I006,F013,O067,S078|S224|S216|S209|S092,6,,,2023-01-14T08:19:54,,23,0,first_job
CE00394,U0187,C061,I006,F012,O062,S202|S152|S156|S186|S116|S064|S148|S060,5,,,2023-03-24T20:32:33,2023-10-24T20:32:33,7,0,first_job
CE00395,U0187,C107,I006,F012,O062,S202|S152|S156|S186|S116|S064|S148|S060,7,5.0,O062,2023-10-24T20:32:33,,15,2,promotion
CE00396,U0188,C215,I020,F012,O063,S207|S055|S057|S056|S232|S225|S149,5,,,2023-02-18T13:03:06,2023-12-18T13:03:06,10,0,first_job
CE00397,U0188,C215,I020,F012,O064,S207|S055|S057|S056|S232|S225|S149,7,5.0,O063,2023-12-18T13:03:06,,27,2,promotion
CE00398,U0189,C150,I001,F012,O063,S139|S206|S240|S099|S218|S162,6,,,2023-02-14T10:14:20,2023-08-14T10:14:20,6,0,first_job
CE00399,U0189,C150,I001,F012,O061,S139|S206|S240|S099|S218|S162,7,6.0,O063,2023-08-14T10:14:20,,7,1,promotion
CE00400,U0190,C048,I005,F017,O088,S077|S158|S085|S166|S143|S116,5,,,2023-01-20T09:04:11,,52,0,first_job
CE00401,U0191,C284,I016,F016,O085,S180|S019|S049|S173|S016|S048|S229,5,,,2023-01-01T05:58:21,,7,0,first_job
CE00402,U0192,C005,I018,F011,O057,S074|S125|S148|S011|S186,5,,,2023-08-21T16:30:42,2024-07-21T16:30:42,11,0,first_job
CE00403,U0192,C305,I018,F011,O055,S074|S125|S148|S011|S186,5,5.0,O057,2024-07-21T16:30:42,,33,0,lateral
CE00404,U0193,C257,I006,F015,O080,S186|S100|S134|S117|S211,2,,,2023-01-06T15:52:52,,53,0,first_job
CE00405,U0194,C195,I007,F010,O054,S119|S099|S071|S083|S090,3,,,2023-01-06T15:34:04,,35,0,first_job
CE00406,U0195,C093,I002,F016,O086,S197|S099|S222|S196|S070|S176,3,,,2023-01-06T12:37:41,,48,0,first_job
CE00407,U0196,C261,I022,F012,O063,S042|S120|S068|S163|S135|S102|S084|S199,6,,,2023-01-15T11:58:18,,22,0,first_job
CE00408,U0197,C158,I014,F011,O055,S119|S042|S229|S158|S221|S053|S071|S043,1,,,2023-01-23T23:22:51,,56,0,first_job
CE00409,U0198,C193,I002,F017,O090,S035|S021|S114|S156|S235,5,,,2023-01-22T12:45:36,,7,0,first_job
CE00410,U0199,C212,I016,F006,O031,S209|S079|S202|S153|S172,1,,,2023-01-04T22:16:10,,59,0,first_job
CE00411,U0200,C016,I006,F013,O067,S212|S147|S179|S125|S075|S137|S107,3,,,2023-04-20T11:38:31,2024-03-20T11:38:31,11,0,first_job
CE00412,U0200,C016,I006,F015,O076,S212|S147|S179|S125|S075|S137|S107,5,3.0,O067,2024-03-20T11:38:31,,47,2,promotion
CE00413,U0201,C181,I012,F007,O034,S037|S175|S236|S059|S108|S214|S208|S018,4,,,2023-09-24T23:31:06,2024-04-24T23:31:06,7,0,first_job
CE00414,U0201,C181,I012,F006,O029,S037|S175|S236|S059|S108|S214|S208|S018,4,4.0,O034,2024-04-24T23:31:06,,11,0,lateral
CE00415,U0202,C030,I020,F008,O043,S005|S191|S056|S220|S232,7,,,2023-01-03T11:22:34,2023-10-03T11:22:34,9,0,first_job
CE00416,U0202,C058,I020,F008,O040,S005|S191|S056|S220|S232,7,7.0,O043,2023-10-03T11:22:34,2024-04-03T11:22:34,6,0,lateral
CE00417,U0202,C058,I020,F008,O042,S005|S191|S056|S220|S232,7,7.0,O040,2024-04-03T11:22:34,,46,0,lateral
CE00418,U0203,C301,I007,F018,O094,S025|S197|S130|S023|S167,2,,,2023-01-18T06:41:20,2023-08-18T06:41:20,7,0,first_job
CE00419,U0203,C301,I007,F012,O062,S025|S197|S130|S023|S167,4,2.0,O094,2023-08-18T06:41:20,2024-03-18T06:41:20,7,2,promotion
CE00420,U0203,C301,I007,F012,O062,S025|S197|S130|S023|S167,6,4.0,O062,2024-03-18T06:41:20,,14,2,promotion
CE00421,U0204,C277,I010,F003,O016,S077|S206|S210|S219|S118|S034|S031,7,,,2023-01-01T16:36:40,,49,0,first_job
CE00422,U0205,C291,I024,F004,O019,S142|S080|S202|S130|S120|S177|S073|S145,6,,,2023-01-04T07:26:15,,29,0,first_job
CE00423,U0206,C211,I004,F001,O003,S101|S234|S043|S060|S237|S090|S225|S067,4,,,2023-02-07T06:14:49,2023-10-07T06:14:49,8,0,first_job
CE00424,U0206,C211,I004,F001,O005,S101|S234|S043|S060|S237|S090|S225|S067,6,4.0,O003,2023-10-07T06:14:49,2024-04-07T06:14:49,6,2,promotion
CE00425,U0206,C211,I004,F017,O091,S101|S234|S043|S060|S237|S090|S225|S067,6,6.0,O005,2024-04-07T06:14:49,,31,0,lateral
CE00426,U0207,C054,I004,F017,O090,S060|S068|S177|S181|S138|S063,6,,,2023-02-17T08:52:30,2023-08-17T08:52:30,6,0,first_job
CE00427,U0207,C251,I004,F017,O090,S060|S068|S177|S181|S138|S063,7,6.0,O090,2023-08-17T08:52:30,2024-02-17T08:52:30,6,1,promotion
CE00428,U0207,C318,I017,F017,O090,S060|S068|S177|S181|S138|S063,7,7.0,O090,2024-02-17T08:52:30,2024-08-17T08:52:30,6,0,lateral
CE00429,U0207,C318,I017,F017,O089,S060|S068|S177|S181|S138|S063,7,7.0,O090,2024-08-17T08:52:30,,52,0,lateral
CE00430,U0208,C258,I010,F002,O010,S048|S215|S179|S098|S112|S158|S151|S127,2,,,2023-08-14T19:39:48,2024-04-14T19:39:48,8,0,first_job
CE00431,U0208,C086,I010,F002,O010,S048|S215|S179|S098|S112|S158|S151|S127,6,2.0,O010,2024-04-14T19:39:48,,11,4,promotion
CE00432,U0209,C032,I011,F008,O042,S008|S143|S237|S116|S196,5,,,2023-03-08T17:31:10,2023-09-08T17:31:10,6,0,first_job
CE00433,U0209,C032,I011,F008,O039,S008|S143|S237|S116|S196,6,5.0,O042,2023-09-08T17:31:10,2024-03-08T17:31:10,6,1,promotion
CE00434,U0209,C032,I011,F008,O040,S008|S143|S237|S116|S196,6,6.0,O039,2024-03-08T17:31:10,2024-09-08T17:31:10,6,0,lateral
CE00435,U0209,C087,I011,F003,O013,S008|S143|S237|S116|S196,7,6.0,O040,2024-09-08T17:31:10,,27,1,promotion
CE00436,U0210,C093,I002,F015,O079,S105|S134|S093|S051|S219|S199,1,,,2023-02-04T00:42:27,2023-08-04T00:42:27,6,0,first_job
CE00437,U0210,C240,I002,F017,O087,S105|S134|S093|S051|S219|S199,1,1.0,O079,2023-08-04T00:42:27,2024-02-04T00:42:27,6,0,lateral
CE00438,U0210,C198,I002,F014,O075,S105|S134|S093|S051|S219|S199,2,1.0,O087,2024-02-04T00:42:27,2024-08-04T00:42:27,6,1,promotion
CE00439,U0210,C198,I002,F014,O075,S105|S134|S093|S051|S219|S199,5,2.0,O075,2024-08-04T00:42:27,,9,3,promotion
CE00440,U0211,C130,I014,F008,O042,S027|S194|S119|S214|S064,2,,,2023-01-15T22:57:42,2023-10-15T22:57:42,9,0,first_job
CE00441,U0211,C130,I014,F008,O042,S027|S194|S119|S214|S064,2,2.0,O042,2023-10-15T22:57:42,,20,0,lateral
CE00442,U0212,C293,I001,F001,O006,S144|S035|S006|S153|S193|S220,2,,,2023-02-25T01:56:49,2023-08-25T01:56:49,6,0,first_job
CE00443,U0212,C157,I001,F001,O006,S144|S035|S006|S153|S193|S220,7,2.0,O006,2023-08-25T01:56:49,2024-05-25T01:56:49,9,5,promotion
CE00444,U0212,C157,I001,F001,O004,S144|S035|S006|S153|S193|S220,7,7.0,O006,2024-05-25T01:56:49,,17,0,lateral
CE00445,U0213,C058,I020,F001,O005,S173|S083|S002|S016|S107|S127|S158|S094,7,,,2023-08-11T23:03:36,2024-07-11T23:03:36,11,0,first_job
CE00446,U0213,C030,I020,F001,O003,S173|S083|S002|S016|S107|S127|S158|S094,7,7.0,O005,2024-07-11T23:03:36,,52,0,lateral
CE00447,U0214,C275,I008,F001,O002,S016|S088|S121|S023|S150|S158|S154|S146,2,,,2023-01-25T03:15:46,,49,0,first_job
CE00448,U0215,C261,I022,F014,O075,S057|S158|S118|S074|S211|S202|S217,7,,,2023-01-07T19:20:58,2023-07-07T19:20:58,6,0,first_job
CE00449,U0215,C261,I022,F016,O082,S057|S158|S118|S074|S211|S202|S217,7,7.0,O075,2023-07-07T19:20:58,2024-03-07T19:20:58,8,0,lateral
CE00450,U0215,C261,I022,F016,O082,S057|S158|S118|S074|S211|S202|S217,7,7.0,O082,2024-03-07T19:20:58,,15,0,lateral
CE00451,U0216,C092,I001,F004,O019,S128|S112|S021|S024|S176|S158,6,,,2023-02-16T17:49:34,2023-11-16T17:49:34,9,0,first_job
CE00452,U0216,C184,I001,F004,O019,S128|S112|S021|S024|S176|S158,7,6.0,O019,2023-11-16T17:49:34,2024-08-16T17:49:34,9,1,promotion
CE00453,U0216,C150,I001,F005,O024,S128|S112|S021|S024|S176|S158,7,7.0,O019,2024-08-16T17:49:34,,24,0,lateral
CE00454,U0217,C140,I022,F017,O088,S194|S201|S171|S081|S084|S112|S124|S199,5,,,2023-01-10T14:07:03,2023-12-10T14:07:03,11,0,first_job
CE00455,U0217,C140,I022,F017,O088,S194|S201|S171|S081|S084|S112|S124|S199,7,5.0,O088,2023-12-10T14:07:03,,7,2,promotion
CE00456,U0218,C271,I018,F012,O063,S015|S042|S146|S055|S083|S078|S159|S069,6,,,2023-04-17T06:04:16,2024-03-17T06:04:16,11,0,first_job
CE00457,U0218,C311,I018,F012,O063,S015|S042|S146|S055|S083|S078|S159|S069,6,6.0,O063,2024-03-17T06:04:16,,13,0,lateral
CE00458,U0219,C012,I005,F011,O059,S002|S203|S201|S082|S031|S078|S026,6,,,2023-01-08T03:26:01,2023-07-08T03:26:01,6,0,first_job
CE00459,U0219,C012,I005,F011,O058,S002|S203|S201|S082|S031|S078|S026,7,6.0,O059,2023-07-08T03:26:01,2024-02-08T03:26:01,7,1,promotion
CE00460,U0219,C012,I005,F011,O059,S002|S203|S201|S082|S031|S078|S026,7,7.0,O058,2024-02-08T03:26:01,,6,0,lateral
CE00461,U0220,C136,I023,F012,O062,S058|S151|S215|S162|S220|S135|S003,3,,,2023-03-10T20:01:32,2023-12-10T20:01:32,9,0,first_job
CE00462,U0220,C136,I023,F012,O063,S058|S151|S215|S162|S220|S135|S003,4,3.0,O062,2023-12-10T20:01:32,2024-06-10T20:01:32,6,1,promotion
CE00463,U0220,C013,I015,F012,O062,S058|S151|S215|S162|S220|S135|S003,4,4.0,O063,2024-06-10T20:01:32,,30,0,lateral
CE00464,U0221,C171,I018,F011,O055,S206|S148|S103|S036|S054|S021|S106,4,,,2023-08-01T22:50:42,2024-04-01T22:50:42,8,0,first_job
CE00465,U0221,C171,I018,F014,O072,S206|S148|S103|S036|S054|S021|S106,7,4.0,O055,2024-04-01T22:50:42,,28,3,promotion
CE00466,U0222,C038,I006,F008,O042,S158|S026|S063|S171|S118|S122|S099|S027,1,,,2023-01-20T08:59:28,,30,0,first_job
CE00467,U0223,C060,I011,F014,O073,S039|S217|S190|S192|S167,3,,,2023-01-01T06:01:52,,32,0,first_job
CE00468,U0224,C285,I024,F012,O062,S139|S148|S122|S216|S040,7,,,2023-03-18T15:19:17,2023-10-18T15:19:17,7,0,first_job
CE00469,U0224,C033,I024,F018,O096,S139|S148|S122|S216|S040,7,7.0,O062,2023-10-18T15:19:17,,50,0,lateral
CE00470,U0225,C077,I019,F002,O011,S043|S202|S070|S039|S002|S178|S128,1,,,2023-01-07T11:59:25,2023-09-07T11:59:25,8,0,first_job
CE00471,U0225,C229,I019,F002,O011,S043|S202|S070|S039|S002|S178|S128,1,1.0,O011,2023-09-07T11:59:25,2024-06-07T11:59:25,9,0,lateral
CE00472,U0225,C227,I019,F002,O011,S043|S202|S070|S039|S002|S178|S128,5,1.0,O011,2024-06-07T11:59:25,,43,4,promotion
CE00473,U0226,C294,I015,F012,O062,S095|S150|S025|S123|S047|S198|S160|S054,2,,,2023-03-10T01:15:20,2023-11-10T01:15:20,8,0,first_job
CE00474,U0226,C294,I015,F012,O062,S095|S150|S025|S123|S047|S198|S160|S054,2,2.0,O062,2023-11-10T01:15:20,2024-07-10T01:15:20,8,0,lateral
CE00475,U0226,C008,I015,F005,O027,S095|S150|S025|S123|S047|S198|S160|S054,2,2.0,O062,2024-07-10T01:15:20,,9,0,lateral
CE00476,U0227,C040,I007,F011,O059,S226|S232|S217|S116|S147,3,,,2023-01-11T02:56:14,2023-08-11T02:56:14,7,0,first_job
CE00477,U0227,C122,I015,F011,O057,S226|S232|S217|S116|S147,5,3.0,O059,2023-08-11T02:56:14,2024-04-11T02:56:14,8,2,promotion
CE00478,U0227,C069,I015,F011,O058,S226|S232|S217|S116|S147,6,5.0,O057,2024-04-11T02:56:14,,46,1,promotion
CE00479,U0228,C067,I002,F018,O093,S021|S054|S146|S047|S078|S177,5,,,2023-07-06T15:40:49,2024-06-06T15:40:49,11,0,first_job
CE00480,U0228,C159,I002,F018,O095,S021|S054|S146|S047|S078|S177,6,5.0,O093,2024-06-06T15:40:49,,24,1,promotion
CE00481,U0229,C235,I009,F015,O079,S088|S125|S054|S077|S232,4,,,2023-08-19T12:54:02,2024-05-19T12:54:02,9,0,first_job
CE00482,U0229,C078,I009,F015,O078,S088|S125|S054|S077|S232,1,4.0,O079,2024-05-19T12:54:02,,12,-3,demotion
CE00483,U0230,C272,I024,F015,O079,S032|S081|S164|S041|S028,3,,,2023-01-09T23:41:48,2024-01-09T23:41:48,12,0,first_job
CE00484,U0230,C291,I024,F015,O077,S032|S081|S164|S041|S028,7,3.0,O079,2024-01-09T23:41:48,,53,4,promotion
CE00485,U0231,C305,I018,F016,O085,S121|S183|S153|S191|S162|S122|S172|S018,2,,,2023-06-08T21:30:15,2024-06-08T21:30:15,12,0,first_job
CE00486,U0231,C166,I018,F010,O050,S121|S183|S153|S191|S162|S122|S172|S018,4,2.0,O085,2024-06-08T21:30:15,,59,2,promotion
CE00487,U0232,C249,I018,F005,O024,S193|S056|S236|S079|S155|S148|S132|S070,5,,,2023-03-07T19:27:46,2023-10-07T19:27:46,7,0,first_job
CE00488,U0232,C306,I018,F005,O024,S193|S056|S236|S079|S155|S148|S132|S070,6,5.0,O024,2023-10-07T19:27:46,2024-06-07T19:27:46,8,1,promotion
CE00489,U0232,C306,I018,F005,O024,S193|S056|S236|S079|S155|S148|S132|S070,7,6.0,O024,2024-06-07T19:27:46,,9,1,promotion
CE00490,U0233,C245,I003,F018,O095,S227|S102|S060|S011|S150,4,,,2023-03-05T09:02:46,2023-11-05T09:02:46,8,0,first_job
CE00491,U0233,C245,I003,F018,O092,S227|S102|S060|S011|S150,7,4.0,O095,2023-11-05T09:02:46,,51,3,promotion
CE00492,U0234,C026,I012,F013,O065,S113|S040|S136|S037|S019|S029|S068,4,,,2023-09-13T18:57:03,2024-09-13T18:57:03,12,0,first_job
CE00493,U0234,C026,I012,F009,O044,S113|S040|S136|S037|S019|S029|S068,5,4.0,O065,2024-09-13T18:57:03,,46,1,promotion
CE00494,U0235,C295,I004,F014,O075,S168|S201|S127|S126|S076|S122|S007,4,,,2023-02-21T16:38:26,2023-08-21T16:38:26,6,0,first_job
CE00495,U0235,C224,I004,F014,O072,S168|S201|S127|S126|S076|S122|S007,4,4.0,O075,2023-08-21T16:38:26,,35,0,lateral
CE00496,U0236,C059,I014,F006,O031,S124|S130|S065|S149|S134|S143|S063,5,,,2023-06-19T21:07:43,2024-02-19T21:07:43,8,0,first_job
CE00497,U0236,C125,I007,F006,O030,S124|S130|S065|S149|S134|S143|S063,6,5.0,O031,2024-02-19T21:07:43,,25,1,promotion
CE00498,U0237,C140,I022,F005,O023,S133|S064|S055|S023|S059|S141,5,,,2023-01-09T23:14:21,,28,0,first_job
CE00499,U0238,C170,I013,F007,O037,S154|S011|S196|S103|S108|S126|S051,3,,,2023-09-20T15:13:50,2024-03-20T15:13:50,6,0,first_job
CE00500,U0238,C170,I013,F007,O037,S154|S011|S196|S103|S108|S126|S051,3,3.0,O037,2024-03-20T15:13:50,,36,0,lateral
CE00501,U0239,C069,I015,F011,O058,S162|S163|S112|S230|S234|S043|S053,5,,,2023-06-01T11:47:33,2024-03-01T11:47:33,9,0,first_job
CE00502,U0239,C013,I015,F011,O056,S162|S163|S112|S230|S234|S043|S053,5,5.0,O058,2024-03-01T11:47:33,,32,0,lateral
CE00503,U0240,C039,I023,F009,O047,S136|S231|S214|S184|S090|S022,3,,,2023-02-13T20:51:28,2024-02-13T20:51:28,12,0,first_job
CE00504,U0240,C057,I023,F009,O044,S136|S231|S214|S184|S090|S022,3,3.0,O047,2024-02-13T20:51:28,,24,0,lateral
CE00505,U0241,C141,I019,F002,O011,S149|S129|S173|S029|S041,6,,,2023-04-07T12:00:24,2024-01-07T12:00:24,9,0,first_job
CE00506,U0241,C141,I019,F017,O090,S149|S129|S173|S029|S041,7,6.0,O011,2024-01-07T12:00:24,,19,1,promotion
CE00507,U0242,C311,I018,F003,O014,S108|S030|S062|S066|S005,4,,,2023-08-25T08:04:32,2024-03-25T08:04:32,7,0,first_job
CE00508,U0242,C311,I018,F001,O006,S108|S030|S062|S066|S005,7,4.0,O014,2024-03-25T08:04:32,,59,3,promotion
CE00509,U0243,C194,I010,F015,O077,S036|S130|S014|S203|S168|S185|S102,1,,,2023-02-25T11:05:57,2023-11-25T11:05:57,9,0,first_job
CE00510,U0243,C180,I005,F002,O011,S036|S130|S014|S203|S168|S185|S102,7,1.0,O077,2023-11-25T11:05:57,2024-05-25T11:05:57,6,6,promotion
CE00511,U0243,C180,I005,F007,O038,S036|S130|S014|S203|S168|S185|S102,7,7.0,O011,2024-05-25T11:05:57,,12,0,lateral
CE00512,U0244,C139,I008,F009,O047,S012|S007|S004|S101|S216|S018,5,,,2023-09-24T17:14:12,2024-03-24T17:14:12,6,0,first_job
CE00513,U0244,C139,I008,F006,O030,S012|S007|S004|S101|S216|S018,6,5.0,O047,2024-03-24T17:14:12,,8,1,promotion
CE00514,U0245,C030,I020,F010,O051,S028|S160|S148|S013|S032|S016|S238,1,,,2023-02-17T20:34:05,2023-08-17T20:34:05,6,0,first_job
CE00515,U0245,C030,I020,F012,O061,S028|S160|S148|S013|S032|S016|S238,3,1.0,O051,2023-08-17T20:34:05,2024-02-17T20:34:05,6,2,promotion
CE00516,U0245,C030,I020,F012,O063,S028|S160|S148|S013|S032|S016|S238,7,3.0,O061,2024-02-17T20:34:05,2024-08-17T20:34:05,6,4,promotion
CE00517,U0245,C030,I020,F012,O063,S028|S160|S148|S013|S032|S016|S238,6,7.0,O063,2024-08-17T20:34:05,,25,-1,demotion
CE00518,U0246,C021,I006,F018,O092,S049|S063|S122|S229|S020|S091|S114,4,,,2023-01-05T10:18:23,,54,0,first_job
CE00519,U0247,C257,I006,F018,O092,S071|S074|S079|S173|S064|S152,7,,,2023-03-06T07:14:44,2024-02-06T07:14:44,11,0,first_job
CE00520,U0247,C094,I006,F018,O095,S071|S074|S079|S173|S064|S152,7,7.0,O092,2024-02-06T07:14:44,,38,0,lateral
CE00521,U0248,C142,I010,F014,O074,S085|S223|S203|S239|S170|S188|S068|S048,6,,,2023-03-09T04:40:03,2023-11-09T04:40:03,8,0,first_job
CE00522,U0248,C192,I010,F014,O071,S085|S223|S203|S239|S170|S188|S068|S048,7,6.0,O074,2023-11-09T04:40:03,2024-07-09T04:40:03,8,1,promotion
CE00523,U0248,C192,I010,F014,O075,S085|S223|S203|S239|S170|S188|S068|S048,7,7.0,O071,2024-07-09T04:40:03,,9,0,lateral
CE00524,U0249,C017,I012,F018,O093,S133|S103|S102|S187|S188|S093,3,,,2023-02-08T05:12:39,2023-10-08T05:12:39,8,0,first_job
CE00525,U0249,C017,I012,F018,O096,S133|S103|S102|S187|S188|S093,3,3.0,O093,2023-10-08T05:12:39,2024-05-08T05:12:39,7,0,lateral
CE00526,U0249,C017,I012,F018,O096,S133|S103|S102|S187|S188|S093,3,3.0,O096,2024-05-08T05:12:39,,17,0,lateral
CE00527,U0250,C211,I004,F005,O026,S209|S047|S117|S033|S129,6,,,2023-01-20T03:46:20,2024-01-20T03:46:20,12,0,first_job
CE00528,U0250,C211,I004,F005,O023,S209|S047|S117|S033|S129,7,6.0,O026,2024-01-20T03:46:20,,53,1,promotion
CE00529,U0251,C044,I017,F007,O035,S177|S082|S091|S116|S122|S151|S008|S144,5,,,2023-01-22T22:50:49,,56,0,first_job
CE00530,U0252,C127,I004,F006,O029,S194|S226|S024|S105|S085|S193|S054|S115,3,,,2023-09-20T04:10:23,2024-08-20T04:10:23,11,0,first_job
CE00531,U0252,C251,I004,F011,O058,S194|S226|S024|S105|S085|S193|S054|S115,3,3.0,O029,2024-08-20T04:10:23,,53,0,lateral
CE00532,U0253,C023,I015,F005,O024,S070|S085|S074|S139|S218|S221,4,,,2023-01-11T23:35:40,2023-07-11T23:35:40,6,0,first_job
CE00533,U0253,C023,I015,F016,O081,S070|S085|S074|S139|S218|S221,6,4.0,O024,2023-07-11T23:35:40,,26,2,promotion
CE00534,U0254,C017,I012,F001,O002,S175|S095|S139|S007|S017|S193|S009,2,,,2023-01-10T14:18:21,,53,0,first_job
CE00535,U0255,C149,I009,F007,O038,S221|S032|S152|S190|S232|S076|S027|S194,2,,,2023-01-11T04:44:15,,15,0,first_job
CE00536,U0256,C024,I001,F018,O096,S083|S126|S118|S169|S211,4,,,2023-03-03T17:15:23,2023-09-03T17:15:23,6,0,first_job
CE00537,U0256,C024,I001,F017,O091,S083|S126|S118|S169|S211,4,4.0,O096,2023-09-03T17:15:23,2024-03-03T17:15:23,6,0,lateral
CE00538,U0256,C052,I013,F010,O054,S083|S126|S118|S169|S211,6,4.0,O091,2024-03-03T17:15:23,,19,2,promotion
CE00539,U0257,C075,I011,F002,O011,S204|S111|S134|S063|S081|S102|S090,7,,,2023-03-20T01:03:39,2023-10-20T01:03:39,7,0,first_job
CE00540,U0257,C075,I011,F002,O010,S204|S111|S134|S063|S081|S102|S090,7,7.0,O011,2023-10-20T01:03:39,,24,0,lateral
CE00541,U0258,C234,I015,F017,O087,S224|S082|S122|S025|S117|S078|S201|S100,3,,,2023-09-23T09:11:57,2024-07-23T09:11:57,10,0,first_job
CE00542,U0258,C234,I015,F010,O053,S224|S082|S122|S025|S117|S078|S201|S100,3,3.0,O087,2024-07-23T09:11:57,,21,0,lateral
CE00543,U0259,C272,I024,F006,O031,S207|S197|S060|S159|S112|S070,5,,,2023-01-08T09:34:47,2023-09-08T09:34:47,8,0,first_job
CE00544,U0259,C246,I024,F016,O081,S207|S197|S060|S159|S112|S070,7,5.0,O031,2023-09-08T09:34:47,2024-04-08T09:34:47,7,2,promotion
CE00545,U0259,C246,I024,F016,O081,S207|S197|S060|S159|S112|S070,7,7.0,O081,2024-04-08T09:34:47,,45,0,lateral
CE00546,U0260,C076,I024,F006,O028,S110|S037|S006|S187|S130|S134,3,,,2023-02-19T20:46:06,2023-10-19T20:46:06,8,0,first_job
CE00547,U0260,C213,I020,F011,O058,S110|S037|S006|S187|S130|S134,2,3.0,O028,2023-10-19T20:46:06,2024-07-19T20:46:06,9,-1,demotion
CE00548,U0260,C213,I020,F001,O004,S110|S037|S006|S187|S130|S134,4,2.0,O058,2024-07-19T20:46:06,,15,2,promotion
CE00549,U0261,C152,I019,F010,O051,S107|S023|S049|S076|S029,3,,,2023-01-25T21:26:14,2023-08-25T21:26:14,7,0,first_job
CE00550,U0261,C152,I019,F008,O043,S107|S023|S049|S076|S029,2,3.0,O051,2023-08-25T21:26:14,2024-02-25T21:26:14,6,-1,demotion
CE00551,U0261,C152,I019,F008,O043,S107|S023|S049|S076|S029,6,2.0,O043,2024-02-25T21:26:14,,42,4,promotion
CE00552,U0262,C136,I023,F008,O041,S121|S141|S029|S092|S152|S208|S076,1,,,2023-01-11T22:26:47,,12,0,first_job
CE00553,U0263,C303,I008,F001,O002,S176|S174|S173|S024|S195|S231|S112,6,,,2023-09-15T17:20:57,2024-03-15T17:20:57,6,0,first_job
CE00554,U0263,C207,I008,F013,O067,S176|S174|S173|S024|S195|S231|S112,6,6.0,O002,2024-03-15T17:20:57,,39,0,lateral
CE00555,U0264,C317,I002,F011,O058,S102|S063|S215|S011|S189,2,,,2023-08-15T04:17:34,2024-07-15T04:17:34,11,0,first_job
CE00556,U0264,C317,I002,F011,O055,S102|S063|S215|S011|S189,7,2.0,O058,2024-07-15T04:17:34,,18,5,promotion
CE00557,U0265,C246,I024,F007,O034,S158|S077|S003|S201|S022,3,,,2023-02-14T15:14:24,2023-11-14T15:14:24,9,0,first_job
CE00558,U0265,C246,I024,F007,O033,S158|S077|S003|S201|S022,5,3.0,O034,2023-11-14T15:14:24,2024-05-14T15:14:24,6,2,promotion
CE00559,U0265,C007,I017,F017,O089,S158|S077|S003|S201|S022,3,5.0,O033,2024-05-14T15:14:24,,47,-2,demotion
CE00560,U0266,C146,I017,F011,O059,S177|S036|S049|S042|S153|S236|S113|S004,2,,,2023-02-21T18:15:23,2023-10-21T18:15:23,8,0,first_job
CE00561,U0266,C274,I017,F015,O079,S177|S036|S049|S042|S153|S236|S113|S004,4,2.0,O059,2023-10-21T18:15:23,2024-05-21T18:15:23,7,2,promotion
CE00562,U0266,C274,I017,F015,O080,S177|S036|S049|S042|S153|S236|S113|S004,4,4.0,O079,2024-05-21T18:15:23,,56,0,lateral
CE00563,U0267,C063,I003,F006,O029,S121|S112|S107|S042|S119,4,,,2023-05-22T18:42:27,2024-04-22T18:42:27,11,0,first_job
CE00564,U0267,C009,I003,F006,O029,S121|S112|S107|S042|S119,7,4.0,O029,2024-04-22T18:42:27,,9,3,promotion
CE00565,U0268,C163,I002,F013,O070,S039|S019|S192|S220|S199,6,,,2023-01-23T16:07:36,,38,0,first_job
CE00566,U0269,C158,I014,F014,O073,S064|S213|S145|S008|S086|S126|S153,6,,,2023-07-11T23:47:15,2024-03-11T23:47:15,8,0,first_job
CE00567,U0269,C201,I014,F014,O074,S064|S213|S145|S008|S086|S126|S153,7,6.0,O073,2024-03-11T23:47:15,,48,1,promotion
CE00568,U0270,C186,I001,F018,O096,S096|S192|S240|S163|S073|S103|S236,1,,,2023-05-11T10:54:45,2024-04-11T10:54:45,11,0,first_job
CE00569,U0270,C186,I001,F018,O096,S096|S192|S240|S163|S073|S103|S236,5,1.0,O096,2024-04-11T10:54:45,,10,4,promotion
CE00570,U0271,C061,I006,F010,O049,S040|S237|S027|S121|S100|S044,6,,,2023-04-13T03:05:05,2023-12-13T03:05:05,8,0,first_job
CE00571,U0271,C061,I006,F010,O054,S040|S237|S027|S121|S100|S044,7,6.0,O049,2023-12-13T03:05:05,,35,1,promotion
CE00572,U0272,C050,I013,F011,O056,S191|S054|S138|S015|S208|S148|S154,3,,,2023-01-08T08:10:11,,56,0,first_job
CE00573,U0273,C024,I001,F017,O091,S091|S147|S124|S118|S238|S220|S069|S157,3,,,2023-02-12T01:24:08,2023-09-12T01:24:08,7,0,first_job
CE00574,U0273,C106,I021,F017,O089,S091|S147|S124|S118|S238|S220|S069|S157,1,3.0,O091,2023-09-12T01:24:08,,53,-2,demotion
CE00575,U0274,C202,I022,F016,O081,S082|S103|S152|S011|S033|S162,3,,,2023-09-04T23:42:45,2024-07-04T23:42:45,10,0,first_job
CE00576,U0274,C237,I016,F016,O082,S082|S103|S152|S011|S033|S162,5,3.0,O081,2024-07-04T23:42:45,,36,2,promotion
CE00577,U0275,C143,I014,F009,O046,S174|S006|S192|S067|S083|S087|S206|S108,2,,,2023-02-18T22:09:44,2024-01-18T22:09:44,11,0,first_job
CE00578,U0275,C143,I014,F001,O002,S174|S006|S192|S067|S083|S087|S206|S108,7,2.0,O046,2024-01-18T22:09:44,,37,5,promotion
CE00579,U0276,C251,I004,F003,O015,S148|S178|S091|S150|S200,2,,,2023-02-20T20:58:15,2023-11-20T20:58:15,9,0,first_job
CE00580,U0276,C054,I004,F003,O015,S148|S178|S091|S150|S200,7,2.0,O015,2023-11-20T20:58:15,,50,5,promotion
CE00581,U0277,C221,I019,F002,O009,S034|S109|S050|S233|S024|S187|S146|S004,5,,,2023-04-15T08:51:57,2024-04-15T08:51:57,12,0,first_job
CE00582,U0277,C221,I019,F002,O011,S034|S109|S050|S233|S024|S187|S146|S004,7,5.0,O009,2024-04-15T08:51:57,,13,2,promotion
CE00583,U0278,C100,I005,F001,O003,S087|S104|S020|S191|S199|S071,2,,,2023-01-06T01:07:29,2023-07-06T01:07:29,6,0,first_job
CE00584,U0278,C100,I005,F013,O068,S087|S104|S020|S191|S199|S071,3,2.0,O003,2023-07-06T01:07:29,2024-01-06T01:07:29,6,1,promotion
CE00585,U0278,C100,I005,F013,O070,S087|S104|S020|S191|S199|S071,2,3.0,O068,2024-01-06T01:07:29,2024-07-06T01:07:29,6,-1,demotion
CE00586,U0278,C174,I005,F013,O070,S087|S104|S020|S191|S199|S071,4,2.0,O070,2024-07-06T01:07:29,,14,2,promotion
CE00587,U0279,C062,I010,F001,O003,S014|S013|S197|S132|S094|S091|S125|S121,3,,,2023-09-24T07:26:45,2024-09-24T07:26:45,12,0,first_job
CE00588,U0279,C258,I010,F001,O005,S014|S013|S197|S132|S094|S091|S125|S121,5,3.0,O003,2024-09-24T07:26:45,,52,2,promotion
CE00589,U0280,C227,I019,F006,O028,S121|S046|S234|S184|S132,6,,,2023-04-06T17:40:18,2023-12-06T17:40:18,8,0,first_job
CE00590,U0280,C227,I019,F008,O040,S121|S046|S234|S184|S132,6,6.0,O028,2023-12-06T17:40:18,,31,0,lateral
CE00591,U0281,C221,I019,F014,O071,S119|S186|S172|S095|S046,1,,,2023-07-21T20:32:00,2024-05-21T20:32:00,10,0,first_job
CE00592,U0281,C221,I019,F014,O071,S119|S186|S172|S095|S046,2,1.0,O071,2024-05-21T20:32:00,,42,1,promotion
CE00593,U0282,C289,I018,F012,O060,S188|S232|S065|S061|S097,5,,,2023-01-05T15:31:40,,28,0,first_job
CE00594,U0283,C144,I006,F002,O009,S079|S098|S168|S034|S087|S111|S136|S195,2,,,2023-01-22T11:28:28,,19,0,first_job
CE00595,U0284,C164,I012,F012,O063,S030|S101|S083|S103|S055|S034,5,,,2023-09-01T11:41:27,2024-03-01T11:41:27,6,0,first_job
CE00596,U0284,C026,I012,F012,O063,S030|S101|S083|S103|S055|S034,5,5.0,O063,2024-03-01T11:41:27,,6,0,lateral
CE00597,U0285,C101,I007,F015,O079,S054|S016|S180|S050|S038|S230,1,,,2023-01-24T02:18:15,2023-10-24T02:18:15,9,0,first_job
CE00598,U0285,C101,I007,F017,O087,S054|S016|S180|S050|S038|S230,3,1.0,O079,2023-10-24T02:18:15,,41,2,promotion
CE00599,U0286,C309,I020,F015,O080,S178|S136|S101|S159|S143,2,,,2023-07-10T11:52:17,2024-07-10T11:52:17,12,0,first_job
CE00600,U0286,C309,I020,F015,O077,S178|S136|S101|S159|S143,7,2.0,O080,2024-07-10T11:52:17,,30,5,promotion
CE00601,U0287,C155,I005,F007,O034,S065|S057|S098|S168|S171|S164|S227|S137,4,,,2023-01-09T00:46:37,,41,0,first_job
CE00602,U0288,C236,I023,F013,O070,S173|S210|S103|S151|S090|S029|S227,6,,,2023-04-11T00:34:46,2024-04-11T00:34:46,12,0,first_job
CE00603,U0288,C039,I023,F008,O042,S173|S210|S103|S151|S090|S029|S227,7,6.0,O070,2024-04-11T00:34:46,,54,1,promotion
CE00604,U0289,C177,I005,F010,O052,S135|S059|S227|S201|S166|S071,2,,,2023-02-09T00:02:28,2023-11-09T00:02:28,9,0,first_job
CE00605,U0289,C180,I005,F010,O052,S135|S059|S227|S201|S166|S071,6,2.0,O052,2023-11-09T00:02:28,,58,4,promotion
CE00606,U0290,C018,I020,F001,O001,S216|S181|S061|S125|S060,6,,,2023-05-09T09:16:50,2024-05-09T09:16:50,12,0,first_job
CE00607,U0290,C018,I020,F004,O021,S216|S181|S061|S125|S060,6,6.0,O001,2024-05-09T09:16:50,,12,0,lateral
CE00608,U0291,C036,I011,F016,O085,S126|S096|S217|S232|S018|S141|S002,3,,,2023-01-06T04:08:12,,43,0,first_job
CE00609,U0292,C089,I007,F011,O055,S109|S128|S054|S050|S001|S030|S063|S141,3,,,2023-01-23T08:50:48,,21,0,first_job
CE00610,U0293,C226,I008,F008,O041,S235|S103|S088|S010|S126,6,,,2023-01-05T09:06:57,,50,0,first_job
CE00611,U0294,C314,I022,F013,O068,S147|S073|S158|S052|S186,7,,,2023-02-01T04:02:24,2023-10-01T04:02:24,8,0,first_job
CE00612,U0294,C214,I022,F013,O067,S147|S073|S158|S052|S186,7,7.0,O068,2023-10-01T04:02:24,2024-05-01T04:02:24,7,0,lateral
CE00613,U0294,C214,I022,F009,O046,S147|S073|S158|S052|S186,3,7.0,O067,2024-05-01T04:02:24,,25,-4,demotion
CE00614,U0295,C126,I016,F014,O074,S078|S232|S115|S172|S093,6,,,2023-01-13T04:40:53,2023-07-13T04:40:53,6,0,first_job
CE00615,U0295,C287,I016,F015,O076,S078|S232|S115|S172|S093,7,6.0,O074,2023-07-13T04:40:53,2024-01-13T04:40:53,6,1,promotion
CE00616,U0295,C287,I016,F015,O076,S078|S232|S115|S172|S093,7,7.0,O076,2024-01-13T04:40:53,2024-07-13T04:40:53,6,0,lateral
CE00617,U0295,C287,I016,F007,O033,S078|S232|S115|S172|S093,7,7.0,O076,2024-07-13T04:40:53,2025-01-13T04:40:53,6,0,lateral
CE00618,U0295,C287,I016,F007,O033,S078|S232|S115|S172|S093,7,7.0,O033,2025-01-13T04:40:53,,27,0,lateral
CE00619,U0296,C106,I021,F002,O010,S222|S038|S104|S080|S133|S229|S136|S035,2,,,2023-09-07T04:37:47,2024-09-07T04:37:47,12,0,first_job
CE00620,U0296,C106,I021,F002,O008,S222|S038|S104|S080|S133|S229|S136|S035,4,2.0,O010,2024-09-07T04:37:47,,12,2,promotion
CE00621,U0297,C301,I007,F018,O096,S159|S107|S224|S103|S072|S102|S230|S032,1,,,2023-01-20T22:37:00,,27,0,first_job
CE00622,U0298,C238,I004,F007,O035,S132|S020|S007|S175|S240,1,,,2023-04-04T21:12:40,2024-04-04T21:12:40,12,0,first_job
CE00623,U0298,C238,I004,F007,O035,S132|S020|S007|S175|S240,3,1.0,O035,2024-04-04T21:12:40,,55,2,promotion
CE00624,U0299,C085,I023,F002,O009,S043|S109|S040|S062|S120|S006|S131,1,,,2023-01-03T12:50:54,2023-09-03T12:50:54,8,0,first_job
CE00625,U0299,C290,I023,F002,O009,S043|S109|S040|S062|S120|S006|S131,6,1.0,O009,2023-09-03T12:50:54,2024-03-03T12:50:54,6,5,promotion
CE00626,U0299,C290,I023,F002,O009,S043|S109|S040|S062|S120|S006|S131,6,6.0,O009,2024-03-03T12:50:54,,13,0,lateral
CE00627,U0300,C046,I001,F008,O043,S166|S065|S133|S113|S083|S125|S155,7,,,2023-02-18T03:09:44,2023-11-18T03:09:44,9,0,first_job
CE00628,U0300,C121,I001,F010,O050,S166|S065|S133|S113|S083|S125|S155,7,7.0,O043,2023-11-18T03:09:44,,13,0,lateral
CE00629,U0301,C022,I010,F012,O062,S232|S121|S135|S158|S235|S187|S225,5,,,2023-06-22T05:41:03,2023-12-22T05:41:03,6,0,first_job
CE00630,U0301,C065,I004,F012,O063,S232|S121|S135|S158|S235|S187|S225,7,5.0,O062,2023-12-22T05:41:03,,27,2,promotion
CE00631,U0302,C166,I018,F001,O002,S071|S053|S182|S023|S154|S090|S185|S047,1,,,2023-01-19T13:54:58,2023-07-19T13:54:58,6,0,first_job
CE00632,U0302,C171,I018,F012,O064,S071|S053|S182|S023|S154|S090|S185|S047,1,1.0,O002,2023-07-19T13:54:58,,38,0,lateral
CE00633,U0303,C273,I005,F016,O085,S147|S145|S160|S129|S085|S201|S069,5,,,2023-03-10T09:45:32,2023-09-10T09:45:32,6,0,first_job
CE00634,U0303,C134,I005,F010,O051,S147|S145|S160|S129|S085|S201|S069,7,5.0,O085,2023-09-10T09:45:32,2024-03-10T09:45:32,6,2,promotion
CE00635,U0303,C134,I005,F012,O064,S147|S145|S160|S129|S085|S201|S069,7,7.0,O051,2024-03-10T09:45:32,2024-09-10T09:45:32,6,0,lateral
CE00636,U0303,C139,I008,F003,O014,S147|S145|S160|S129|S085|S201|S069,7,7.0,O064,2024-09-10T09:45:32,,45,0,lateral
CE00637,U0304,C088,I009,F017,O090,S056|S057|S202|S213|S005|S170,7,,,2023-05-19T01:22:14,2023-12-19T01:22:14,7,0,first_job
CE00638,U0304,C088,I009,F017,O087,S056|S057|S202|S213|S005|S170,7,7.0,O090,2023-12-19T01:22:14,,48,0,lateral
CE00639,U0305,C270,I003,F006,O030,S196|S031|S156|S189|S129|S035,1,,,2023-01-03T18:48:56,,8,0,first_job
CE00640,U0306,C030,I020,F015,O079,S095|S077|S066|S172|S075|S030|S148,3,,,2023-01-22T17:51:24,,41,0,first_job
CE00641,U0307,C169,I011,F003,O013,S223|S217|S156|S101|S068|S093|S134|S085,7,,,2023-04-19T07:19:59,2024-02-19T07:19:59,10,0,first_job
CE00642,U0307,C213,I020,F003,O013,S223|S217|S156|S101|S068|S093|S134|S085,7,7.0,O013,2024-02-19T07:19:59,,36,0,lateral
CE00643,U0308,C056,I008,F003,O012,S116|S212|S092|S171|S198|S135|S028,7,,,2023-02-18T18:21:34,2023-11-18T18:21:34,9,0,first_job
CE00644,U0308,C275,I008,F003,O012,S116|S212|S092|S171|S198|S135|S028,7,7.0,O012,2023-11-18T18:21:34,2024-06-18T18:21:34,7,0,lateral
CE00645,U0308,C175,I008,F001,O004,S116|S212|S092|S171|S198|S135|S028,7,7.0,O012,2024-06-18T18:21:34,,31,0,lateral
CE00646,U0309,C006,I023,F009,O045,S070|S240|S015|S019|S129|S230|S155|S035,3,,,2023-09-18T15:19:40,2024-08-18T15:19:40,11,0,first_job
CE00647,U0309,C218,I021,F018,O094,S070|S240|S015|S019|S129|S230|S155|S035,4,3.0,O045,2024-08-18T15:19:40,,46,1,promotion
CE00648,U0310,C100,I005,F001,O001,S144|S092|S210|S076|S107|S154|S048|S239,6,,,2023-07-02T17:37:55,2024-07-02T17:37:55,12,0,first_job
CE00649,U0310,C100,I005,F001,O001,S144|S092|S210|S076|S107|S154|S048|S239,7,6.0,O001,2024-07-02T17:37:55,,25,1,promotion
CE00650,U0311,C222,I003,F003,O014,S169|S208|S111|S051|S028,2,,,2023-03-11T16:36:27,2024-03-11T16:36:27,12,0,first_job
CE00651,U0311,C009,I003,F008,O041,S169|S208|S111|S051|S028,3,2.0,O014,2024-03-11T16:36:27,,32,1,promotion
CE00652,U0312,C201,I014,F012,O063,S103|S086|S024|S114|S022|S236,4,,,2023-01-02T23:19:42,,23,0,first_job
CE00653,U0313,C049,I006,F012,O061,S193|S204|S127|S067|S028|S173|S149|S119,1,,,2023-09-03T08:10:41,2024-03-03T08:10:41,6,0,first_job
CE00654,U0313,C220,I006,F001,O002,S193|S204|S127|S067|S028|S173|S149|S119,2,1.0,O061,2024-03-03T08:10:41,,7,1,promotion
CE00655,U0314,C102,I009,F007,O037,S114|S066|S102|S085|S105,4,,,2023-07-08T03:34:33,2024-01-08T03:34:33,6,0,first_job
CE00656,U0314,C171,I018,F007,O035,S114|S066|S102|S085|S105,4,4.0,O037,2024-01-08T03:34:33,,11,0,lateral
CE00657,U0315,C076,I024,F005,O026,S159|S079|S120|S130|S171|S113|S217,2,,,2023-05-08T14:32:02,2023-11-08T14:32:02,6,0,first_job
CE00658,U0315,C076,I024,F005,O027,S159|S079|S120|S130|S171|S113|S217,2,2.0,O026,2023-11-08T14:32:02,,24,0,lateral
CE00659,U0316,C267,I008,F002,O010,S111|S088|S161|S206|S218,5,,,2023-06-25T18:53:41,2024-06-25T18:53:41,12,0,first_job
CE00660,U0316,C243,I008,F003,O012,S111|S088|S161|S206|S218,5,5.0,O010,2024-06-25T18:53:41,,45,0,lateral
CE00661,U0317,C029,I003,F014,O071,S227|S146|S121|S081|S198|S172,7,,,2023-01-08T11:22:51,,8,0,first_job
CE00662,U0318,C243,I008,F016,O084,S160|S078|S218|S006|S206|S131|S072,1,,,2023-07-10T17:16:37,2024-05-10T17:16:37,10,0,first_job
CE00663,U0318,C056,I008,F016,O084,S160|S078|S218|S006|S206|S131|S072,4,1.0,O084,2024-05-10T17:16:37,,36,3,promotion
CE00664,U0319,C232,I016,F003,O016,S216|S233|S158|S128|S219,3,,,2023-02-06T14:08:59,2023-11-06T14:08:59,9,0,first_job
CE00665,U0319,C173,I016,F007,O035,S216|S233|S158|S128|S219,2,3.0,O016,2023-11-06T14:08:59,2024-06-06T14:08:59,7,-1,demotion
CE00666,U0319,C068,I006,F007,O035,S216|S233|S158|S128|S219,5,2.0,O035,2024-06-06T14:08:59,,27,3,promotion
CE00667,U0320,C186,I001,F007,O036,S159|S146|S225|S072|S212,3,,,2023-05-19T16:57:08,2023-11-19T16:57:08,6,0,first_job
CE00668,U0320,C186,I001,F005,O023,S159|S146|S225|S072|S212,5,3.0,O036,2023-11-19T16:57:08,,44,2,promotion
CE00669,U0321,C051,I019,F002,O010,S206|S165|S081|S122|S070|S191,3,,,2023-07-23T12:36:43,2024-05-23T12:36:43,10,0,first_job
CE00670,U0321,C229,I019,F002,O010,S206|S165|S081|S122|S070|S191,1,3.0,O010,2024-05-23T12:36:43,,52,-2,demotion
CE00671,U0322,C223,I012,F010,O052,S167|S028|S168|S119|S001|S189,7,,,2023-03-12T21:52:20,2023-10-12T21:52:20,7,0,first_job
CE00672,U0322,C017,I012,F003,O016,S167|S028|S168|S119|S001|S189,7,7.0,O052,2023-10-12T21:52:20,2024-04-12T21:52:20,6,0,lateral
CE00673,U0322,C017,I012,F018,O094,S167|S028|S168|S119|S001|S189,7,7.0,O016,2024-04-12T21:52:20,,8,0,lateral
CE00674,U0323,C282,I017,F013,O069,S051|S113|S050|S049|S183,1,,,2023-01-22T12:15:01,,16,0,first_job
CE00675,U0324,C111,I011,F012,O063,S218|S065|S111|S127|S143|S013|S083|S095,3,,,2023-07-05T21:25:41,2024-06-05T21:25:41,11,0,first_job
CE00676,U0324,C120,I017,F012,O063,S218|S065|S111|S127|S143|S013|S083|S095,6,3.0,O063,2024-06-05T21:25:41,,32,3,promotion
CE00677,U0325,C037,I009,F001,O001,S075|S093|S140|S072|S059,1,,,2023-05-03T16:59:11,2024-02-03T16:59:11,9,0,first_job
CE00678,U0325,C037,I009,F017,O089,S075|S093|S140|S072|S059,3,1.0,O001,2024-02-03T16:59:11,,59,2,promotion
CE00679,U0326,C158,I014,F007,O035,S011|S066|S056|S182|S062|S051|S100,7,,,2023-02-19T14:17:13,2023-09-19T14:17:13,7,0,first_job
CE00680,U0326,C206,I014,F009,O046,S011|S066|S056|S182|S062|S051|S100,7,7.0,O035,2023-09-19T14:17:13,2024-06-19T14:17:13,9,0,lateral
CE00681,U0326,C117,I021,F009,O048,S011|S066|S056|S182|S062|S051|S100,7,7.0,O046,2024-06-19T14:17:13,,16,0,lateral
CE00682,U0327,C294,I015,F007,O033,S017|S127|S057|S146|S096|S196,1,,,2023-01-10T12:04:16,2023-07-10T12:04:16,6,0,first_job
CE00683,U0327,C313,I015,F007,O036,S017|S127|S057|S146|S096|S196,3,1.0,O033,2023-07-10T12:04:16,2024-01-10T12:04:16,6,2,promotion
CE00684,U0327,C299,I015,F007,O035,S017|S127|S057|S146|S096|S196,3,3.0,O036,2024-01-10T12:04:16,2024-07-10T12:04:16,6,0,lateral
CE00685,U0327,C299,I015,F010,O053,S017|S127|S057|S146|S096|S196,6,3.0,O035,2024-07-10T12:04:16,2025-01-10T12:04:16,6,3,promotion
CE00686,U0327,C234,I015,F010,O049,S017|S127|S057|S146|S096|S196,7,6.0,O053,2025-01-10T12:04:16,,21,1,promotion
CE00687,U0328,C184,I001,F006,O030,S202|S102|S140|S221|S214,6,,,2023-03-02T04:30:20,2024-01-02T04:30:20,10,0,first_job
CE00688,U0328,C097,I007,F006,O030,S202|S102|S140|S221|S214,7,6.0,O030,2024-01-02T04:30:20,,40,1,promotion
CE00689,U0329,C131,I018,F003,O013,S059|S239|S188|S022|S163,3,,,2023-01-10T01:36:39,,25,0,first_job
CE00690,U0330,C218,I021,F018,O094,S085|S204|S119|S168|S056|S193|S043|S005,4,,,2023-02-23T04:30:24,2023-08-23T04:30:24,6,0,first_job
CE00691,U0330,C253,I021,F018,O094,S085|S204|S119|S168|S056|S193|S043|S005,7,4.0,O094,2023-08-23T04:30:24,2024-05-23T04:30:24,9,3,promotion
CE00692,U0330,C253,I021,F018,O092,S085|S204|S119|S168|S056|S193|S043|S005,7,7.0,O094,2024-05-23T04:30:24,,15,0,lateral
CE00693,U0331,C077,I019,F013,O067,S204|S164|S146|S168|S140,3,,,2023-01-08T02:31:08,,28,0,first_job
CE00694,U0332,C294,I015,F004,O022,S106|S044|S087|S022|S038|S164|S229,1,,,2023-03-04T19:48:18,2023-12-04T19:48:18,9,0,first_job
CE00695,U0332,C294,I015,F010,O051,S106|S044|S087|S022|S038|S164|S229,1,1.0,O022,2023-12-04T19:48:18,2024-09-04T19:48:18,9,0,lateral
CE00696,U0332,C285,I024,F010,O054,S106|S044|S087|S022|S038|S164|S229,7,1.0,O051,2024-09-04T19:48:18,,31,6,promotion
CE00697,U0333,C301,I007,F003,O014,S045|S139|S162|S219|S129|S060|S200,2,,,2023-01-14T08:05:56,,26,0,first_job
CE00698,U0334,C139,I008,F001,O006,S236|S232|S111|S011|S202|S008|S020|S062,3,,,2023-03-22T03:21:45,2023-12-22T03:21:45,9,0,first_job
CE00699,U0334,C139,I008,F014,O073,S236|S232|S111|S011|S202|S008|S020|S062,5,3.0,O006,2023-12-22T03:21:45,,35,2,promotion
CE00700,U0335,C094,I006,F005,O026,S188|S092|S164|S158|S099|S025|S216|S036,3,,,2023-04-10T19:21:44,2024-02-10T19:21:44,10,0,first_job
CE00701,U0335,C068,I006,F005,O026,S188|S092|S164|S158|S099|S025|S216|S036,4,3.0,O026,2024-02-10T19:21:44,,33,1,promotion
CE00702,U0336,C295,I004,F007,O038,S187|S218|S235|S206|S214|S173,2,,,2023-01-24T02:37:17,,6,0,first_job
CE00703,U0337,C184,I001,F004,O021,S062|S013|S149|S188|S041,2,,,2023-09-09T12:22:09,2024-03-09T12:22:09,6,0,first_job
CE00704,U0337,C233,I006,F018,O092,S062|S013|S149|S188|S041,5,2.0,O021,2024-03-09T12:22:09,,23,3,promotion
CE00705,U0338,C073,I001,F008,O043,S210|S144|S009|S202|S067|S014|S239,5,,,2023-02-25T18:56:48,2023-09-25T18:56:48,7,0,first_job
CE00706,U0338,C073,I001,F008,O043,S210|S144|S009|S202|S067|S014|S239,6,5.0,O043,2023-09-25T18:56:48,,27,1,promotion
CE00707,U0339,C133,I021,F015,O076,S116|S125|S060|S170|S004,6,,,2023-01-04T06:14:02,2023-12-04T06:14:02,11,0,first_job
CE00708,U0339,C185,I021,F017,O088,S116|S125|S060|S170|S004,6,6.0,O076,2023-12-04T06:14:02,,25,0,lateral
CE00709,U0340,C309,I020,F018,O095,S225|S133|S023|S064|S194,6,,,2023-05-19T21:51:25,2023-12-19T21:51:25,7,0,first_job
CE00710,U0340,C309,I020,F018,O092,S225|S133|S023|S064|S194,7,6.0,O095,2023-12-19T21:51:25,,18,1,promotion
CE00711,U0341,C141,I019,F001,O005,S228|S172|S132|S021|S163|S138|S073|S035,6,,,2023-05-01T15:47:48,2024-03-01T15:47:48,10,0,first_job
CE00712,U0341,C051,I019,F018,O092,S228|S172|S132|S021|S163|S138|S073|S035,7,6.0,O005,2024-03-01T15:47:48,,29,1,promotion
CE00713,U0342,C289,I018,F007,O038,S087|S140|S035|S164|S136,3,,,2023-02-18T18:07:22,2023-12-18T18:07:22,10,0,first_job
CE00714,U0342,C289,I018,F011,O055,S087|S140|S035|S164|S136,4,3.0,O038,2023-12-18T18:07:22,,50,1,promotion
CE00715,U0343,C190,I023,F014,O072,S163|S116|S213|S180|S094|S092|S229,5,,,2023-07-03T02:23:36,2024-07-03T02:23:36,12,0,first_job
CE00716,U0343,C057,I023,F009,O046,S163|S116|S213|S180|S094|S092|S229,7,5.0,O072,2024-07-03T02:23:36,,55,2,promotion
CE00717,U0344,C037,I009,F003,O012,S231|S048|S101|S128|S234|S007,6,,,2023-04-07T14:36:40,2024-01-07T14:36:40,9,0,first_job
CE00718,U0344,C088,I009,F003,O012,S231|S048|S101|S128|S234|S007,6,6.0,O012,2024-01-07T14:36:40,,9,0,lateral
CE00719,U0345,C278,I004,F010,O053,S177|S016|S035|S081|S025|S056,1,,,2023-09-08T15:47:16,2024-05-08T15:47:16,8,0,first_job
CE00720,U0345,C278,I004,F010,O053,S177|S016|S035|S081|S025|S056,3,1.0,O053,2024-05-08T15:47:16,,18,2,promotion
CE00721,U0346,C016,I006,F013,O067,S142|S072|S144|S086|S134,7,,,2023-03-09T06:33:09,2024-01-09T06:33:09,10,0,first_job
CE00722,U0346,C021,I006,F013,O069,S142|S072|S144|S086|S134,7,7.0,O067,2024-01-09T06:33:09,,53,0,lateral
CE00723,U0347,C311,I018,F016,O082,S165|S183|S051|S233|S145|S106,6,,,2023-02-22T16:36:06,2023-08-22T16:36:06,6,0,first_job
CE00724,U0347,C311,I018,F011,O055,S165|S183|S051|S233|S145|S106,7,6.0,O082,2023-08-22T16:36:06,,60,1,promotion
CE00725,U0348,C088,I009,F006,O031,S060|S144|S023|S049|S214|S033|S230|S196,3,,,2023-01-08T01:43:37,2023-07-08T01:43:37,6,0,first_job
CE00726,U0348,C088,I009,F004,O021,S060|S144|S023|S049|S214|S033|S230|S196,3,3.0,O031,2023-07-08T01:43:37,2024-02-08T01:43:37,7,0,lateral
CE00727,U0348,C045,I009,F004,O021,S060|S144|S023|S049|S214|S033|S230|S196,6,3.0,O021,2024-02-08T01:43:37,,9,3,promotion
CE00728,U0349,C146,I017,F015,O079,S056|S143|S165|S197|S167|S228,7,,,2023-01-20T04:38:59,,40,0,first_job
CE00729,U0350,C063,I003,F017,O091,S011|S045|S159|S204|S234|S189,7,,,2023-01-10T00:24:00,2023-11-10T00:24:00,10,0,first_job
CE00730,U0350,C107,I006,F017,O091,S011|S045|S159|S204|S234|S189,7,7.0,O091,2023-11-10T00:24:00,,58,0,lateral
CE00731,U0351,C267,I008,F018,O093,S226|S168|S233|S068|S102|S182|S033,1,,,2023-06-14T16:58:13,2024-03-14T16:58:13,9,0,first_job
CE00732,U0351,C267,I008,F018,O093,S226|S168|S233|S068|S102|S182|S033,6,1.0,O093,2024-03-14T16:58:13,,47,5,promotion
CE00733,U0352,C258,I010,F003,O016,S155|S050|S129|S055|S036|S148,1,,,2023-06-03T15:33:27,2024-01-03T15:33:27,7,0,first_job
CE00734,U0352,C258,I010,F003,O013,S155|S050|S129|S055|S036|S148,4,1.0,O016,2024-01-03T15:33:27,,16,3,promotion
CE00735,U0353,C153,I023,F007,O034,S013|S009|S034|S123|S094|S032,5,,,2023-02-21T02:54:03,2023-08-21T02:54:03,6,0,first_job
CE00736,U0353,C230,I002,F002,O010,S013|S009|S034|S123|S094|S032,5,5.0,O034,2023-08-21T02:54:03,2024-02-21T02:54:03,6,0,lateral
CE00737,U0353,C187,I002,F002,O010,S013|S009|S034|S123|S094|S032,6,5.0,O010,2024-02-21T02:54:03,,7,1,promotion
CE00738,U0354,C307,I023,F012,O062,S193|S172|S117|S038|S205|S093|S083,5,,,2023-01-10T15:34:15,,43,0,first_job
CE00739,U0355,C009,I003,F012,O060,S059|S177|S228|S227|S233|S173,5,,,2023-02-07T00:32:30,2023-11-07T00:32:30,9,0,first_job
CE00740,U0355,C315,I003,F012,O063,S059|S177|S228|S227|S233|S173,6,5.0,O060,2023-11-07T00:32:30,2024-06-07T00:32:30,7,1,promotion
CE00741,U0355,C225,I022,F010,O052,S059|S177|S228|S227|S233|S173,7,6.0,O063,2024-06-07T00:32:30,,47,1,promotion
CE00742,U0356,C051,I019,F014,O075,S196|S213|S076|S024|S072|S087|S229,4,,,2023-01-24T01:42:49,,36,0,first_job
CE00743,U0357,C264,I021,F014,O072,S046|S180|S071|S230|S020|S112|S022|S153,6,,,2023-02-18T13:10:03,2023-09-18T13:10:03,7,0,first_job
CE00744,U0357,C199,I021,F014,O073,S046|S180|S071|S230|S020|S112|S022|S153,6,6.0,O072,2023-09-18T13:10:03,,55,0,lateral
CE00745,U0358,C112,I008,F012,O063,S209|S097|S212|S193|S177|S048|S173,7,,,2023-09-03T04:05:39,2024-03-03T04:05:39,6,0,first_job
CE00746,U0358,C175,I008,F012,O062,S209|S097|S212|S193|S177|S048|S173,2,7.0,O063,2024-03-03T04:05:39,,48,-5,demotion
CE00747,U0359,C110,I003,F006,O031,S213|S098|S240|S065|S050|S130,6,,,2023-01-23T01:59:46,2023-07-23T01:59:46,6,0,first_job
CE00748,U0359,C222,I003,F014,O073,S213|S098|S240|S065|S050|S130,7,6.0,O031,2023-07-23T01:59:46,2024-04-23T01:59:46,9,1,promotion
CE00749,U0359,C222,I003,F004,O020,S213|S098|S240|S065|S050|S130,7,7.0,O073,2024-04-23T01:59:46,,41,0,lateral
CE00750,U0360,C211,I004,F018,O093,S088|S108|S028|S104|S158,5,,,2023-01-02T23:55:50,2023-08-02T23:55:50,7,0,first_job
CE00751,U0360,C211,I004,F013,O065,S088|S108|S028|S104|S158,5,5.0,O093,2023-08-02T23:55:50,2024-04-02T23:55:50,8,0,lateral
CE00752,U0360,C251,I004,F013,O065,S088|S108|S028|S104|S158,5,5.0,O065,2024-04-02T23:55:50,,55,0,lateral
CE00753,U0361,C057,I023,F018,O096,S034|S162|S086|S153|S160|S234|S224|S120,7,,,2023-08-02T12:52:34,2024-05-02T12:52:34,9,0,first_job
CE00754,U0361,C055,I023,F018,O093,S034|S162|S086|S153|S160|S234|S224|S120,7,7.0,O096,2024-05-02T12:52:34,,54,0,lateral
CE00755,U0362,C052,I013,F015,O078,S002|S050|S109|S212|S006,7,,,2023-01-14T22:11:08,,20,0,first_job
CE00756,U0363,C066,I021,F014,O071,S188|S235|S143|S226|S078,7,,,2023-09-20T13:35:37,2024-07-20T13:35:37,10,0,first_job
CE00757,U0363,C106,I021,F003,O016,S188|S235|S143|S226|S078,7,7.0,O071,2024-07-20T13:35:37,,32,0,lateral
CE00758,U0364,C188,I009,F016,O082,S125|S181|S119|S087|S163,6,,,2023-05-23T04:54:09,2024-04-23T04:54:09,11,0,first_job
CE00759,U0364,C078,I009,F016,O084,S125|S181|S119|S087|S163,7,6.0,O082,2024-04-23T04:54:09,,10,1,promotion
CE00760,U0365,C177,I005,F011,O059,S171|S120|S028|S191|S070|S015|S221|S181,7,,,2023-02-11T10:00:46,2023-09-11T10:00:46,7,0,first_job
CE00761,U0365,C177,I005,F017,O091,S171|S120|S028|S191|S070|S015|S221|S181,7,7.0,O059,2023-09-11T10:00:46,2024-05-11T10:00:46,8,0,lateral
CE00762,U0365,C318,I017,F017,O091,S171|S120|S028|S191|S070|S015|S221|S181,7,7.0,O091,2024-05-11T10:00:46,,8,0,lateral
CE00763,U0366,C244,I022,F011,O057,S205|S070|S057|S224|S079|S123|S058,4,,,2023-03-12T22:01:52,2023-12-12T22:01:52,9,0,first_job
CE00764,U0366,C062,I010,F011,O057,S205|S070|S057|S224|S079|S123|S058,5,4.0,O057,2023-12-12T22:01:52,2024-06-12T22:01:52,6,1,promotion
CE00765,U0366,C022,I010,F011,O056,S205|S070|S057|S224|S079|S123|S058,6,5.0,O057,2024-06-12T22:01:52,,30,1,promotion
CE00766,U0367,C022,I010,F007,O033,S176|S143|S173|S063|S103|S154|S223,6,,,2023-01-02T09:44:34,2023-10-02T09:44:34,9,0,first_job
CE00767,U0367,C122,I015,F007,O033,S176|S143|S173|S063|S103|S154|S223,7,6.0,O033,2023-10-02T09:44:34,,16,1,promotion
CE00768,U0368,C138,I021,F007,O036,S085|S174|S156|S062|S173|S145|S080|S239,4,,,2023-02-25T23:45:31,2023-12-25T23:45:31,10,0,first_job
CE00769,U0368,C138,I021,F014,O073,S085|S174|S156|S062|S173|S145|S080|S239,3,4.0,O036,2023-12-25T23:45:31,,51,-1,demotion
CE00770,U0369,C259,I009,F013,O070,S097|S191|S082|S225|S170|S147|S121|S223,2,,,2023-01-17T16:51:33,2023-09-17T16:51:33,8,0,first_job
CE00771,U0369,C088,I009,F012,O060,S097|S191|S082|S225|S170|S147|S121|S223,3,2.0,O070,2023-09-17T16:51:33,,45,1,promotion
CE00772,U0370,C094,I006,F008,O041,S011|S091|S085|S019|S053|S109|S206,1,,,2023-01-17T22:22:11,,12,0,first_job
CE00773,U0371,C306,I018,F012,O061,S165|S017|S028|S152|S204|S230|S148,2,,,2023-04-17T05:59:38,2024-03-17T05:59:38,11,0,first_job
CE00774,U0371,C306,I018,F013,O070,S165|S017|S028|S152|S204|S230|S148,3,2.0,O061,2024-03-17T05:59:38,,15,1,promotion
CE00775,U0372,C301,I007,F008,O043,S026|S002|S018|S219|S110|S151,1,,,2023-01-10T11:25:10,2023-08-10T11:25:10,7,0,first_job
CE00776,U0372,C301,I007,F008,O042,S026|S002|S018|S219|S110|S151,2,1.0,O043,2023-08-10T11:25:10,,31,1,promotion
CE00777,U0373,C016,I006,F008,O041,S082|S052|S072|S202|S098|S029|S050|S230,3,,,2023-04-11T17:04:05,2024-03-11T17:04:05,11,0,first_job
CE00778,U0373,C061,I006,F006,O031,S082|S052|S072|S202|S098|S029|S050|S230,6,3.0,O041,2024-03-11T17:04:05,,10,3,promotion
CE00779,U0374,C016,I006,F017,O087,S043|S009|S113|S031|S087|S175,2,,,2023-02-07T13:52:11,2023-11-07T13:52:11,9,0,first_job
CE00780,U0374,C257,I006,F017,O087,S043|S009|S113|S031|S087|S175,4,2.0,O087,2023-11-07T13:52:11,2024-05-07T13:52:11,6,2,promotion
CE00781,U0374,C205,I006,F012,O061,S043|S009|S113|S031|S087|S175,4,4.0,O087,2024-05-07T13:52:11,,24,0,lateral
CE00782,U0375,C162,I001,F002,O011,S009|S140|S190|S159|S025,3,,,2023-07-03T03:12:10,2024-05-03T03:12:10,10,0,first_job
CE00783,U0375,C015,I001,F002,O009,S009|S140|S190|S159|S025,4,3.0,O011,2024-05-03T03:12:10,,28,1,promotion
CE00784,U0376,C025,I014,F001,O004,S187|S172|S092|S093|S022|S031,7,,,2023-01-12T06:27:36,,56,0,first_job
CE00785,U0377,C076,I024,F013,O067,S126|S005|S179|S091|S141,2,,,2023-08-01T20:13:01,2024-02-01T20:13:01,6,0,first_job
CE00786,U0377,C252,I024,F013,O068,S126|S005|S179|S091|S141,3,2.0,O067,2024-02-01T20:13:01,,9,1,promotion
CE00787,U0378,C289,I018,F008,O042,S122|S050|S108|S192|S099|S128|S170|S189,1,,,2023-03-08T05:34:41,2023-09-08T05:34:41,6,0,first_job
CE00788,U0378,C289,I018,F014,O072,S122|S050|S108|S192|S099|S128|S170|S189,1,1.0,O042,2023-09-08T05:34:41,2024-03-08T05:34:41,6,0,lateral
CE00789,U0378,C289,I018,F014,O074,S122|S050|S108|S192|S099|S128|S170|S189,6,1.0,O072,2024-03-08T05:34:41,2024-09-08T05:34:41,6,5,promotion
CE00790,U0378,C289,I018,F014,O073,S122|S050|S108|S192|S099|S128|S170|S189,6,6.0,O074,2024-09-08T05:34:41,,38,0,lateral
CE00791,U0379,C030,I020,F017,O091,S230|S119|S133|S064|S163,2,,,2023-03-12T13:21:20,2023-09-12T13:21:20,6,0,first_job
CE00792,U0379,C030,I020,F003,O016,S230|S119|S133|S064|S163,2,2.0,O091,2023-09-12T13:21:20,2024-03-12T13:21:20,6,0,lateral
CE00793,U0379,C167,I002,F006,O031,S230|S119|S133|S064|S163,4,2.0,O016,2024-03-12T13:21:20,2024-09-12T13:21:20,6,2,promotion
CE00794,U0379,C163,I002,F006,O031,S230|S119|S133|S064|S163,7,4.0,O031,2024-09-12T13:21:20,,55,3,promotion
CE00795,U0380,C211,I004,F005,O024,S134|S191|S080|S209|S188|S056|S203|S042,6,,,2023-01-09T10:35:21,,23,0,first_job
CE00796,U0381,C046,I001,F001,O005,S233|S090|S230|S142|S002|S139|S228|S082,6,,,2023-07-02T10:37:11,2024-03-02T10:37:11,8,0,first_job
CE00797,U0381,C092,I001,F001,O005,S233|S090|S230|S142|S002|S139|S228|S082,7,6.0,O005,2024-03-02T10:37:11,,22,1,promotion
CE00798,U0382,C316,I013,F004,O021,S093|S022|S084|S236|S135|S020|S202,6,,,2023-06-04T16:19:01,2024-02-04T16:19:01,8,0,first_job
CE00799,U0382,C316,I013,F004,O021,S093|S022|S084|S236|S135|S020|S202,7,6.0,O021,2024-02-04T16:19:01,,39,1,promotion
CE00800,U0383,C058,I020,F004,O022,S131|S146|S093|S142|S173,7,,,2023-02-02T20:56:42,2023-08-02T20:56:42,6,0,first_job
CE00801,U0383,C058,I020,F011,O057,S131|S146|S093|S142|S173,7,7.0,O022,2023-08-02T20:56:42,2024-02-02T20:56:42,6,0,lateral
CE00802,U0383,C305,I018,F018,O095,S131|S146|S093|S142|S173,7,7.0,O057,2024-02-02T20:56:42,2024-08-02T20:56:42,6,0,lateral
CE00803,U0383,C019,I018,F018,O094,S131|S146|S093|S142|S173,5,7.0,O095,2024-08-02T20:56:42,,38,-2,demotion
CE00804,U0384,C133,I021,F008,O041,S186|S010|S004|S207|S068,6,,,2023-07-01T12:28:14,2024-03-01T12:28:14,8,0,first_job
CE00805,U0384,C133,I021,F011,O059,S186|S010|S004|S207|S068,3,6.0,O041,2024-03-01T12:28:14,,33,-3,demotion
CE00806,U0385,C054,I004,F013,O065,S186|S020|S240|S070|S169,3,,,2023-01-23T17:24:06,,35,0,first_job
CE00807,U0386,C078,I009,F018,O095,S065|S104|S120|S165|S201|S056|S064|S088,5,,,2023-07-06T08:16:33,2024-01-06T08:16:33,6,0,first_job
CE00808,U0386,C078,I009,F018,O092,S065|S104|S120|S165|S201|S056|S064|S088,6,5.0,O095,2024-01-06T08:16:33,,14,1,promotion
CE00809,U0387,C223,I012,F005,O026,S145|S206|S034|S198|S004|S067,7,,,2023-01-01T00:46:10,2023-10-01T00:46:10,9,0,first_job
CE00810,U0387,C223,I012,F005,O026,S145|S206|S034|S198|S004|S067,7,7.0,O026,2023-10-01T00:46:10,2024-04-01T00:46:10,6,0,lateral
CE00811,U0387,C164,I012,F005,O024,S145|S206|S034|S198|S004|S067,7,7.0,O026,2024-04-01T00:46:10,,40,0,lateral
CE00812,U0388,C017,I012,F013,O070,S115|S120|S070|S002|S038|S055,5,,,2023-03-15T16:39:21,2024-02-15T16:39:21,11,0,first_job
CE00813,U0388,C026,I012,F013,O069,S115|S120|S070|S002|S038|S055,6,5.0,O070,2024-02-15T16:39:21,,19,1,promotion
CE00814,U0389,C286,I009,F003,O012,S203|S112|S093|S205|S126|S199|S180|S231,1,,,2023-08-15T15:13:01,2024-07-15T15:13:01,11,0,first_job
CE00815,U0389,C008,I015,F003,O016,S203|S112|S093|S205|S126|S199|S180|S231,3,1.0,O012,2024-07-15T15:13:01,,15,2,promotion
CE00816,U0390,C316,I013,F006,O032,S034|S043|S209|S217|S199,5,,,2023-07-07T07:01:13,2024-05-07T07:01:13,10,0,first_job
CE00817,U0390,C316,I013,F006,O032,S034|S043|S209|S217|S199,6,5.0,O032,2024-05-07T07:01:13,,46,1,promotion
CE00818,U0391,C184,I001,F015,O079,S203|S107|S164|S239|S008|S154|S018,6,,,2023-02-09T10:24:25,2023-08-09T10:24:25,6,0,first_job
CE00819,U0391,C293,I001,F015,O079,S203|S107|S164|S239|S008|S154|S018,7,6.0,O079,2023-08-09T10:24:25,2024-02-09T10:24:25,6,1,promotion
CE00820,U0391,C121,I001,F015,O079,S203|S107|S164|S239|S008|S154|S018,7,7.0,O079,2024-02-09T10:24:25,2024-08-09T10:24:25,6,0,lateral
CE00821,U0391,C046,I001,F015,O077,S203|S107|S164|S239|S008|S154|S018,2,7.0,O079,2024-08-09T10:24:25,,23,-5,demotion
CE00822,U0392,C174,I005,F010,O050,S124|S080|S096|S219|S085|S111|S019,1,,,2023-01-06T10:24:36,,41,0,first_job
CE00823,U0393,C093,I002,F009,O045,S006|S112|S092|S022|S221|S139,7,,,2023-01-15T01:37:06,2023-10-15T01:37:06,9,0,first_job
CE00824,U0393,C150,I001,F009,O044,S006|S112|S092|S022|S221|S139,7,7.0,O045,2023-10-15T01:37:06,2024-05-15T01:37:06,7,0,lateral
CE00825,U0393,C073,I001,F009,O048,S006|S112|S092|S022|S221|S139,6,7.0,O044,2024-05-15T01:37:06,,38,-1,demotion
CE00826,U0394,C088,I009,F011,O056,S078|S154|S082|S052|S017,7,,,2023-01-14T21:05:14,,18,0,first_job
CE00827,U0395,C012,I005,F016,O081,S174|S220|S130|S009|S124|S158|S007|S101,5,,,2023-01-11T20:24:36,,32,0,first_job
CE00828,U0396,C055,I023,F014,O072,S160|S087|S119|S191|S176|S232|S089|S003,5,,,2023-09-22T04:51:46,2024-09-22T04:51:46,12,0,first_job
CE00829,U0396,C246,I024,F014,O075,S160|S087|S119|S191|S176|S232|S089|S003,4,5.0,O072,2024-09-22T04:51:46,,44,-1,demotion
CE00830,U0397,C101,I007,F007,O036,S175|S030|S101|S011|S007,5,,,2023-04-08T19:17:05,2023-11-08T19:17:05,7,0,first_job
CE00831,U0397,C144,I006,F007,O036,S175|S030|S101|S011|S007,7,5.0,O036,2023-11-08T19:17:05,,45,2,promotion
CE00832,U0398,C083,I024,F013,O067,S085|S030|S027|S083|S092,7,,,2023-01-10T06:32:24,,12,0,first_job
CE00833,U0399,C084,I014,F008,O041,S073|S067|S172|S039|S214,1,,,2023-07-12T01:48:19,2024-01-12T01:48:19,6,0,first_job
CE00834,U0399,C114,I014,F002,O008,S073|S067|S172|S039|S214,1,1.0,O041,2024-01-12T01:48:19,,57,0,lateral
CE00835,U0400,C313,I015,F008,O042,S181|S145|S176|S184|S115|S092,4,,,2023-05-02T04:13:11,2024-05-02T04:13:11,12,0,first_job
CE00836,U0400,C118,I013,F006,O028,S181|S145|S176|S184|S115|S092,5,4.0,O042,2024-05-02T04:13:11,,8,1,promotion
CE00837,U0401,C083,I024,F014,O073,S059|S099|S179|S219|S147|S061|S057|S226,1,,,2023-03-25T08:51:55,2023-09-25T08:51:55,6,0,first_job
CE00838,U0401,C265,I014,F006,O032,S059|S099|S179|S219|S147|S061|S057|S226,2,1.0,O073,2023-09-25T08:51:55,2024-05-25T08:51:55,8,1,promotion
CE00839,U0401,C265,I014,F006,O028,S059|S099|S179|S219|S147|S061|S057|S226,6,2.0,O032,2024-05-25T08:51:55,,8,4,promotion
CE00840,U0402,C010,I001,F013,O067,S064|S238|S187|S183|S094,7,,,2023-02-23T05:31:42,2023-11-23T05:31:42,9,0,first_job
CE00841,U0402,C121,I001,F010,O052,S064|S238|S187|S183|S094,7,7.0,O067,2023-11-23T05:31:42,,8,0,lateral
CE00842,U0403,C223,I012,F011,O055,S087|S225|S095|S112|S041|S111|S150,5,,,2023-03-12T18:17:38,2023-09-12T18:17:38,6,0,first_job
CE00843,U0403,C026,I012,F011,O058,S087|S225|S095|S112|S041|S111|S150,5,5.0,O055,2023-09-12T18:17:38,2024-05-12T18:17:38,8,0,lateral
CE00844,U0403,C026,I012,F011,O059,S087|S225|S095|S112|S041|S111|S150,5,5.0,O058,2024-05-12T18:17:38,,50,0,lateral
CE00845,U0404,C306,I018,F013,O066,S218|S203|S111|S118|S174,4,,,2023-01-18T06:02:50,2023-11-18T06:02:50,10,0,first_job
CE00846,U0404,C289,I018,F013,O070,S218|S203|S111|S118|S174,5,4.0,O066,2023-11-18T06:02:50,,26,1,promotion
CE00847,U0405,C136,I023,F005,O027,S017|S025|S208|S045|S144|S135,3,,,2023-03-08T19:49:51,2024-02-08T19:49:51,11,0,first_job
CE00848,U0405,C109,I014,F005,O027,S017|S025|S208|S045|S144|S135,5,3.0,O027,2024-02-08T19:49:51,,52,2,promotion
CE00849,U0406,C175,I008,F015,O080,S004|S130|S202|S185|S111|S135,1,,,2023-08-12T14:32:22,2024-06-12T14:32:22,10,0,first_job
CE00850,U0406,C226,I008,F015,O076,S004|S130|S202|S185|S111|S135,3,1.0,O080,2024-06-12T14:32:22,,8,2,promotion
CE00851,U0407,C009,I003,F003,O015,S177|S238|S111|S125|S231|S126|S228,5,,,2023-05-03T17:15:30,2024-01-03T17:15:30,8,0,first_job
CE00852,U0407,C315,I003,F003,O013,S177|S238|S111|S125|S231|S126|S228,5,5.0,O015,2024-01-03T17:15:30,,28,0,lateral
CE00853,U0408,C012,I005,F001,O006,S137|S004|S073|S148|S001|S096|S201,6,,,2023-02-08T04:20:16,2023-09-08T04:20:16,7,0,first_job
CE00854,U0408,C012,I005,F001,O003,S137|S004|S073|S148|S001|S096|S201,7,6.0,O006,2023-09-08T04:20:16,2024-03-08T04:20:16,6,1,promotion
CE00855,U0408,C291,I024,F001,O006,S137|S004|S073|S148|S001|S096|S201,7,7.0,O003,2024-03-08T04:20:16,,46,0,lateral
CE00856,U0409,C014,I007,F003,O014,S224|S094|S184|S166|S097|S062|S195|S009,5,,,2023-02-07T08:41:53,2024-02-07T08:41:53,12,0,first_job
CE00857,U0409,C014,I007,F011,O059,S224|S094|S184|S166|S097|S062|S195|S009,6,5.0,O014,2024-02-07T08:41:53,,42,1,promotion
CE00858,U0410,C291,I024,F009,O046,S057|S058|S207|S004|S079|S085|S193|S233,5,,,2023-09-06T02:43:48,2024-03-06T02:43:48,6,0,first_job
CE00859,U0410,C291,I024,F009,O046,S057|S058|S207|S004|S079|S085|S193|S233,7,5.0,O046,2024-03-06T02:43:48,,56,2,promotion
CE00860,U0411,C071,I012,F014,O074,S155|S092|S160|S214|S167,2,,,2023-01-12T06:47:56,2023-10-12T06:47:56,9,0,first_job
CE00861,U0411,C095,I012,F014,O074,S155|S092|S160|S214|S167,5,2.0,O074,2023-10-12T06:47:56,,14,3,promotion
CE00862,U0412,C217,I007,F011,O059,S120|S087|S199|S163|S065,4,,,2023-05-04T22:41:39,2024-04-04T22:41:39,11,0,first_job
CE00863,U0412,C217,I007,F011,O059,S120|S087|S199|S163|S065,4,4.0,O059,2024-04-04T22:41:39,,24,0,lateral
CE00864,U0413,C135,I017,F008,O040,S090|S160|S059|S061|S084|S124|S049,5,,,2023-01-19T19:37:28,,46,0,first_job
CE00865,U0414,C273,I005,F003,O013,S161|S054|S131|S137|S141|S237|S218|S145,5,,,2023-01-13T13:12:08,2023-12-13T13:12:08,11,0,first_job
CE00866,U0414,C105,I005,F003,O013,S161|S054|S131|S137|S141|S237|S218|S145,5,5.0,O013,2023-12-13T13:12:08,,34,0,lateral
CE00867,U0415,C311,I018,F018,O093,S142|S212|S213|S226|S178|S037|S102|S094,1,,,2023-02-01T05:35:23,2023-10-01T05:35:23,8,0,first_job
CE00868,U0415,C315,I003,F018,O094,S142|S212|S213|S226|S178|S037|S102|S094,1,1.0,O093,2023-10-01T05:35:23,2024-06-01T05:35:23,8,0,lateral
CE00869,U0415,C315,I003,F006,O031,S142|S212|S213|S226|S178|S037|S102|S094,5,1.0,O094,2024-06-01T05:35:23,,9,4,promotion
CE00870,U0416,C060,I011,F011,O058,S104|S061|S057|S032|S140,7,,,2023-03-17T10:07:57,2023-11-17T10:07:57,8,0,first_job
CE00871,U0416,C060,I011,F011,O055,S104|S061|S057|S032|S140,7,7.0,O058,2023-11-17T10:07:57,,55,0,lateral
CE00872,U0417,C003,I003,F017,O089,S231|S153|S062|S119|S001|S026|S128|S092,7,,,2023-01-23T19:30:44,,31,0,first_job
CE00873,U0418,C267,I008,F013,O070,S028|S150|S008|S156|S039|S025|S215|S057,5,,,2023-02-15T14:27:44,2023-08-15T14:27:44,6,0,first_job
CE00874,U0418,C303,I008,F013,O068,S028|S150|S008|S156|S039|S025|S215|S057,7,5.0,O070,2023-08-15T14:27:44,2024-02-15T14:27:44,6,2,promotion
CE00875,U0418,C297,I023,F013,O068,S028|S150|S008|S156|S039|S025|S215|S057,7,7.0,O068,2024-02-15T14:27:44,2024-08-15T14:27:44,6,0,lateral
CE00876,U0418,C297,I023,F013,O068,S028|S150|S008|S156|S039|S025|S215|S057,7,7.0,O068,2024-08-15T14:27:44,,26,0,lateral
CE00877,U0419,C018,I020,F006,O028,S099|S013|S062|S178|S094|S022|S171,1,,,2023-01-08T14:09:15,2023-12-08T14:09:15,11,0,first_job
CE00878,U0419,C018,I020,F006,O028,S099|S013|S062|S178|S094|S022|S171,2,1.0,O028,2023-12-08T14:09:15,,29,1,promotion
CE00879,U0420,C140,I022,F014,O075,S226|S152|S216|S119|S070,4,,,2023-03-11T06:09:09,2023-12-11T06:09:09,9,0,first_job
CE00880,U0420,C312,I022,F014,O071,S226|S152|S216|S119|S070,2,4.0,O075,2023-12-11T06:09:09,2024-09-11T06:09:09,9,-2,demotion
CE00881,U0420,C146,I017,F014,O071,S226|S152|S216|S119|S070,7,2.0,O071,2024-09-11T06:09:09,,28,5,promotion
CE00882,U0421,C137,I013,F003,O014,S013|S069|S102|S207|S238|S056|S150|S163,5,,,2023-09-10T07:01:41,2024-05-10T07:01:41,8,0,first_job
CE00883,U0421,C050,I013,F003,O015,S013|S069|S102|S207|S238|S056|S150|S163,5,5.0,O014,2024-05-10T07:01:41,,15,0,lateral
CE00884,U0422,C195,I007,F018,O094,S055|S076|S171|S154|S239|S079|S006,2,,,2023-01-23T06:31:51,,59,0,first_job
CE00885,U0423,C012,I005,F002,O009,S005|S205|S160|S120|S106,1,,,2023-02-25T07:23:49,2023-09-25T07:23:49,7,0,first_job
CE00886,U0423,C174,I005,F002,O008,S005|S205|S160|S120|S106,4,1.0,O009,2023-09-25T07:23:49,2024-05-25T07:23:49,8,3,promotion
CE00887,U0423,C174,I005,F002,O007,S005|S205|S160|S120|S106,4,4.0,O008,2024-05-25T07:23:49,,37,0,lateral
CE00888,U0424,C307,I023,F018,O093,S221|S129|S133|S120|S229,7,,,2023-01-12T16:52:44,2023-09-12T16:52:44,8,0,first_job
CE00889,U0424,C307,I023,F018,O093,S221|S129|S133|S120|S229,7,7.0,O093,2023-09-12T16:52:44,2024-06-12T16:52:44,9,0,lateral
CE00890,U0424,C284,I016,F018,O093,S221|S129|S133|S120|S229,7,7.0,O093,2024-06-12T16:52:44,,59,0,lateral
CE00891,U0425,C162,I001,F009,O048,S101|S107|S014|S013|S045,4,,,2023-06-02T04:38:27,2024-05-02T04:38:27,11,0,first_job
CE00892,U0425,C073,I001,F009,O048,S101|S107|S014|S013|S045,5,4.0,O048,2024-05-02T04:38:27,,44,1,promotion
CE00893,U0426,C035,I013,F006,O029,S102|S098|S194|S138|S145|S120|S185,3,,,2023-01-04T23:21:34,,33,0,first_job
CE00894,U0427,C008,I015,F017,O091,S091|S221|S071|S044|S174|S166|S192,5,,,2023-01-08T10:11:42,2023-08-08T10:11:42,7,0,first_job
CE00895,U0427,C008,I015,F017,O089,S091|S221|S071|S044|S174|S166|S192,5,5.0,O091,2023-08-08T10:11:42,,24,0,lateral
CE00896,U0428,C157,I001,F015,O077,S217|S078|S057|S226|S213|S032|S092,7,,,2023-07-23T05:50:22,2024-01-23T05:50:22,6,0,first_job
CE00897,U0428,C024,I001,F012,O064,S217|S078|S057|S226|S213|S032|S092,7,7.0,O077,2024-01-23T05:50:22,,46,0,lateral
CE00898,U0429,C101,I007,F018,O095,S176|S131|S088|S133|S172|S020,1,,,2023-01-25T17:03:30,,15,0,first_job
CE00899,U0430,C087,I011,F004,O020,S009|S056|S011|S029|S203|S196|S069,4,,,2023-01-11T09:53:49,,29,0,first_job
CE00900,U0431,C007,I017,F004,O017,S150|S014|S102|S091|S156|S160,1,,,2023-07-14T20:37:12,2024-05-14T20:37:12,10,0,first_job
CE00901,U0431,C044,I017,F009,O046,S150|S014|S102|S091|S156|S160,1,1.0,O017,2024-05-14T20:37:12,,9,0,lateral
CE00902,U0432,C138,I021,F017,O089,S054|S230|S046|S165|S187|S170,4,,,2023-02-10T14:16:21,2023-09-10T14:16:21,7,0,first_job
CE00903,U0432,C027,I021,F017,O089,S054|S230|S046|S165|S187|S170,5,4.0,O089,2023-09-10T14:16:21,2024-06-10T14:16:21,9,1,promotion
CE00904,U0432,C027,I021,F017,O088,S054|S230|S046|S165|S187|S170,7,5.0,O089,2024-06-10T14:16:21,,57,2,promotion
CE00905,U0433,C130,I014,F018,O096,S146|S098|S178|S167|S061,1,,,2023-01-19T05:28:13,2023-10-19T05:28:13,9,0,first_job
CE00906,U0433,C130,I014,F018,O096,S146|S098|S178|S167|S061,5,1.0,O096,2023-10-19T05:28:13,,16,4,promotion
CE00907,U0434,C120,I017,F002,O011,S223|S194|S040|S220|S022|S011,4,,,2023-05-07T00:15:54,2024-04-07T00:15:54,11,0,first_job
CE00908,U0434,C070,I017,F002,O011,S223|S194|S040|S220|S022|S011,4,4.0,O011,2024-04-07T00:15:54,,6,0,lateral
CE00909,U0435,C161,I009,F007,O034,S239|S005|S216|S010|S137|S037|S121|S180,6,,,2023-06-13T10:24:50,2024-02-13T10:24:50,8,0,first_job
CE00910,U0435,C161,I009,F007,O033,S239|S005|S216|S010|S137|S037|S121|S180,3,6.0,O034,2024-02-13T10:24:50,,50,-3,demotion
CE00911,U0436,C124,I001,F013,O065,S201|S151|S138|S223|S055|S087|S213|S026,6,,,2023-06-16T17:55:00,2024-06-16T17:55:00,12,0,first_job
CE00912,U0436,C124,I001,F013,O065,S201|S151|S138|S223|S055|S087|S213|S026,7,6.0,O065,2024-06-16T17:55:00,,39,1,promotion
CE00913,U0437,C126,I016,F013,O065,S018|S120|S097|S189|S162,3,,,2023-02-02T23:35:01,2023-10-02T23:35:01,8,0,first_job
CE00914,U0437,C126,I016,F012,O063,S018|S120|S097|S189|S162,3,3.0,O065,2023-10-02T23:35:01,2024-04-02T23:35:01,6,0,lateral
CE00915,U0437,C192,I010,F012,O061,S018|S120|S097|S189|S162,2,3.0,O063,2024-04-02T23:35:01,,52,-1,demotion
CE00916,U0438,C177,I005,F001,O005,S239|S130|S002|S138|S230,1,,,2023-05-06T13:33:05,2024-03-06T13:33:05,10,0,first_job
CE00917,U0438,C156,I005,F004,O021,S239|S130|S002|S138|S230,1,1.0,O005,2024-03-06T13:33:05,,24,0,lateral
CE00918,U0439,C219,I024,F012,O060,S161|S127|S043|S046|S207|S173|S186,5,,,2023-01-10T10:28:48,2023-10-10T10:28:48,9,0,first_job
CE00919,U0439,C158,I014,F012,O063,S161|S127|S043|S046|S207|S173|S186,7,5.0,O060,2023-10-10T10:28:48,2024-04-10T10:28:48,6,2,promotion
CE00920,U0439,C143,I014,F012,O063,S161|S127|S043|S046|S207|S173|S186,7,7.0,O063,2024-04-10T10:28:48,,54,0,lateral
CE00921,U0440,C291,I024,F011,O058,S084|S095|S132|S080|S118|S236|S070,5,,,2023-01-25T20:26:00,,18,0,first_job
CE00922,U0441,C175,I008,F007,O033,S076|S019|S174|S130|S109,2,,,2023-09-20T18:08:35,2024-07-20T18:08:35,10,0,first_job
CE00923,U0441,C175,I008,F007,O037,S076|S019|S174|S130|S109,3,2.0,O033,2024-07-20T18:08:35,,18,1,promotion
CE00924,U0442,C163,I002,F018,O094,S050|S199|S039|S157|S210,2,,,2023-01-12T13:49:56,2023-12-12T13:49:56,11,0,first_job
CE00925,U0442,C300,I002,F018,O092,S050|S199|S039|S157|S210,4,2.0,O094,2023-12-12T13:49:56,,59,2,promotion
CE00926,U0443,C095,I012,F007,O036,S078|S231|S240|S151|S102|S168,1,,,2023-01-05T02:51:51,,6,0,first_job
CE00927,U0444,C262,I003,F009,O048,S040|S229|S022|S053|S065|S217|S094,7,,,2023-05-15T07:32:44,2023-12-15T07:32:44,7,0,first_job
CE00928,U0444,C262,I003,F009,O048,S040|S229|S022|S053|S065|S217|S094,7,7.0,O048,2023-12-15T07:32:44,,31,0,lateral
CE00929,U0445,C016,I006,F012,O060,S211|S164|S196|S120|S128|S041|S172|S039,5,,,2023-04-07T09:56:46,2023-12-07T09:56:46,8,0,first_job
CE00930,U0445,C183,I006,F012,O061,S211|S164|S196|S120|S128|S041|S172|S039,6,5.0,O060,2023-12-07T09:56:46,,34,1,promotion
CE00931,U0446,C190,I023,F015,O080,S205|S224|S068|S087|S116,4,,,2023-01-15T03:38:25,,15,0,first_job
CE00932,U0447,C016,I006,F006,O028,S069|S160|S028|S227|S030|S003,1,,,2023-02-20T21:19:22,2023-08-20T21:19:22,6,0,first_job
CE00933,U0447,C167,I002,F015,O076,S069|S160|S028|S227|S030|S003,4,1.0,O028,2023-08-20T21:19:22,,26,3,promotion
CE00934,U0448,C142,I010,F015,O079,S218|S021|S014|S182|S003,7,,,2023-06-18T20:11:52,2024-04-18T20:11:52,10,0,first_job
CE00935,U0448,C142,I010,F015,O078,S218|S021|S014|S182|S003,7,7.0,O079,2024-04-18T20:11:52,,10,0,lateral
CE00936,U0449,C005,I018,F003,O012,S026|S187|S226|S001|S200|S112|S217,4,,,2023-01-09T09:58:33,,54,0,first_job
CE00937,U0450,C179,I015,F016,O082,S238|S165|S139|S011|S177|S022,1,,,2023-01-10T14:26:18,2023-10-10T14:26:18,9,0,first_job
CE00938,U0450,C069,I015,F016,O081,S238|S165|S139|S011|S177|S022,7,1.0,O082,2023-10-10T14:26:18,2024-05-10T14:26:18,7,6,promotion
CE00939,U0450,C234,I015,F016,O086,S238|S165|S139|S011|S177|S022,7,7.0,O081,2024-05-10T14:26:18,,16,0,lateral
CE00940,U0451,C304,I020,F015,O079,S010|S123|S151|S136|S166|S025,3,,,2023-03-24T09:01:12,2023-12-24T09:01:12,9,0,first_job
CE00941,U0451,C304,I020,F012,O060,S010|S123|S151|S136|S166|S025,7,3.0,O079,2023-12-24T09:01:12,2024-08-24T09:01:12,8,4,promotion
CE00942,U0451,C099,I020,F012,O061,S010|S123|S151|S136|S166|S025,7,7.0,O060,2024-08-24T09:01:12,,36,0,lateral
CE00943,U0452,C268,I002,F013,O067,S172|S174|S177|S175|S201|S146|S106|S165,7,,,2023-02-17T07:42:38,2023-11-17T07:42:38,9,0,first_job
CE00944,U0452,C268,I002,F016,O081,S172|S174|S177|S175|S201|S146|S106|S165,7,7.0,O067,2023-11-17T07:42:38,2024-08-17T07:42:38,9,0,lateral
CE00945,U0452,C076,I024,F016,O081,S172|S174|S177|S175|S201|S146|S106|S165,7,7.0,O081,2024-08-17T07:42:38,,48,0,lateral
CE00946,U0453,C147,I008,F007,O033,S186|S094|S012|S232|S133|S201,6,,,2023-07-14T04:09:47,2024-01-14T04:09:47,6,0,first_job
CE00947,U0453,C147,I008,F017,O088,S186|S094|S012|S232|S133|S201,6,6.0,O033,2024-01-14T04:09:47,,23,0,lateral
CE00948,U0454,C288,I014,F016,O081,S125|S056|S071|S100|S025|S186|S113|S070,2,,,2023-07-17T22:31:19,2024-06-17T22:31:19,11,0,first_job
CE00949,U0454,C201,I014,F010,O054,S125|S056|S071|S100|S025|S186|S113|S070,2,2.0,O081,2024-06-17T22:31:19,,45,0,lateral
CE00950,U0455,C218,I021,F015,O078,S212|S214|S079|S069|S046,3,,,2023-03-21T02:08:14,2023-09-21T02:08:14,6,0,first_job
CE00951,U0455,C218,I021,F014,O073,S212|S214|S079|S069|S046,7,3.0,O078,2023-09-21T02:08:14,2024-03-21T02:08:14,6,4,promotion
CE00952,U0455,C218,I021,F015,O079,S212|S214|S079|S069|S046,7,7.0,O073,2024-03-21T02:08:14,2024-09-21T02:08:14,6,0,lateral
CE00953,U0455,C218,I021,F017,O088,S212|S214|S079|S069|S046,7,7.0,O079,2024-09-21T02:08:14,,33,0,lateral
CE00954,U0456,C213,I020,F005,O024,S122|S033|S103|S144|S104|S205,2,,,2023-02-17T10:08:06,2023-08-17T10:08:06,6,0,first_job
CE00955,U0456,C213,I020,F015,O079,S122|S033|S103|S144|S104|S205,2,2.0,O024,2023-08-17T10:08:06,2024-02-17T10:08:06,6,0,lateral
CE00956,U0456,C077,I019,F015,O079,S122|S033|S103|S144|S104|S205,1,2.0,O079,2024-02-17T10:08:06,,52,-1,demotion
CE00957,U0457,C182,I011,F017,O091,S001|S171|S057|S082|S094|S124|S052,3,,,2023-03-15T16:15:37,2024-03-15T16:15:37,12,0,first_job
CE00958,U0457,C182,I011,F017,O090,S001|S171|S057|S082|S094|S124|S052,3,3.0,O091,2024-03-15T16:15:37,,50,0,lateral
CE00959,U0458,C296,I011,F014,O073,S112|S131|S231|S200|S093,1,,,2023-03-10T11:32:39,2023-12-10T11:32:39,9,0,first_job
CE00960,U0458,C296,I011,F011,O057,S112|S131|S231|S200|S093,2,1.0,O073,2023-12-10T11:32:39,2024-07-10T11:32:39,7,1,promotion
CE00961,U0458,C194,I010,F011,O059,S112|S131|S231|S200|S093,2,2.0,O057,2024-07-10T11:32:39,,49,0,lateral
CE00962,U0459,C120,I017,F017,O090,S184|S185|S126|S019|S162,4,,,2023-08-07T00:10:26,2024-04-07T00:10:26,8,0,first_job
CE00963,U0459,C146,I017,F017,O089,S184|S185|S126|S019|S162,6,4.0,O090,2024-04-07T00:10:26,,43,2,promotion
CE00964,U0460,C149,I009,F005,O027,S006|S216|S101|S192|S145|S196,2,,,2023-02-21T05:17:18,2023-08-21T05:17:18,6,0,first_job
CE00965,U0460,C149,I009,F005,O027,S006|S216|S101|S192|S145|S196,6,2.0,O027,2023-08-21T05:17:18,,16,4,promotion
CE00966,U0461,C203,I002,F008,O040,S140|S231|S151|S004|S120|S219|S051|S036,5,,,2023-06-11T03:18:56,2024-03-11T03:18:56,9,0,first_job
CE00967,U0461,C193,I002,F006,O029,S140|S231|S151|S004|S120|S219|S051|S036,5,5.0,O040,2024-03-11T03:18:56,,52,0,lateral
CE00968,U0462,C236,I023,F001,O003,S148|S101|S233|S137|S063,2,,,2023-06-22T21:23:58,2024-04-22T21:23:58,10,0,first_job
CE00969,U0462,C307,I023,F001,O006,S148|S101|S233|S137|S063,1,2.0,O003,2024-04-22T21:23:58,,42,-1,demotion
CE00970,U0463,C107,I006,F005,O027,S236|S090|S128|S073|S001|S149,6,,,2023-05-08T11:48:52,2023-12-08T11:48:52,7,0,first_job
CE00971,U0463,C049,I006,F005,O027,S236|S090|S128|S073|S001|S149,7,6.0,O027,2023-12-08T11:48:52,,16,1,promotion
CE00972,U0464,C079,I021,F010,O051,S169|S004|S180|S166|S227|S130|S033|S156,4,,,2023-05-23T14:47:49,2024-02-23T14:47:49,9,0,first_job
CE00973,U0464,C185,I021,F002,O010,S169|S004|S180|S166|S227|S130|S033|S156,7,4.0,O051,2024-02-23T14:47:49,,31,3,promotion
CE00974,U0465,C263,I011,F014,O071,S202|S094|S195|S155|S189,1,,,2023-09-23T08:22:56,2024-07-23T08:22:56,10,0,first_job
CE00975,U0465,C010,I001,F004,O018,S202|S094|S195|S155|S189,2,1.0,O071,2024-07-23T08:22:56,,18,1,promotion
CE00976,U0466,C267,I008,F007,O034,S087|S168|S042|S013|S218,4,,,2023-06-11T05:39:07,2024-01-11T05:39:07,7,0,first_job
CE00977,U0466,C267,I008,F007,O034,S087|S168|S042|S013|S218,4,4.0,O034,2024-01-11T05:39:07,,50,0,lateral
CE00978,U0467,C236,I023,F009,O044,S215|S041|S180|S224|S068|S149|S107,4,,,2023-01-15T15:29:28,2023-08-15T15:29:28,7,0,first_job
CE00979,U0467,C297,I023,F003,O012,S215|S041|S180|S224|S068|S149|S107,6,4.0,O044,2023-08-15T15:29:28,,15,2,promotion
CE00980,U0468,C246,I024,F007,O034,S124|S196|S220|S060|S114|S225,2,,,2023-06-23T02:53:52,2024-02-23T02:53:52,8,0,first_job
CE00981,U0468,C246,I024,F007,O036,S124|S196|S220|S060|S114|S225,5,2.0,O034,2024-02-23T02:53:52,,21,3,promotion
CE00982,U0469,C053,I019,F011,O059,S034|S106|S195|S055|S080|S225|S198|S124,2,,,2023-05-15T13:38:14,2023-12-15T13:38:14,7,0,first_job
CE00983,U0469,C211,I004,F006,O028,S034|S106|S195|S055|S080|S225|S198|S124,2,2.0,O059,2023-12-15T13:38:14,,60,0,lateral
CE00984,U0470,C172,I010,F014,O072,S123|S099|S184|S207|S098,3,,,2023-04-24T17:39:20,2024-04-24T17:39:20,12,0,first_job
CE00985,U0470,C172,I010,F016,O085,S123|S099|S184|S207|S098,1,3.0,O072,2024-04-24T17:39:20,,57,-2,demotion
CE00986,U0471,C304,I020,F002,O009,S103|S060|S053|S213|S175,6,,,2023-03-17T19:39:28,2023-12-17T19:39:28,9,0,first_job
CE00987,U0471,C304,I020,F002,O009,S103|S060|S053|S213|S175,7,6.0,O009,2023-12-17T19:39:28,,45,1,promotion
CE00988,U0472,C222,I003,F003,O014,S002|S160|S229|S113|S187,7,,,2023-06-22T03:00:43,2024-01-22T03:00:43,7,0,first_job
CE00989,U0472,C270,I003,F003,O012,S002|S160|S229|S113|S187,7,7.0,O014,2024-01-22T03:00:43,,44,0,lateral
CE00990,U0473,C147,I008,F015,O080,S203|S230|S159|S214|S020,5,,,2023-07-08T17:18:00,2024-03-08T17:18:00,8,0,first_job
CE00991,U0473,C147,I008,F013,O069,S203|S230|S159|S214|S020,5,5.0,O080,2024-03-08T17:18:00,,26,0,lateral
CE00992,U0474,C118,I013,F014,O072,S183|S167|S205|S204|S079|S064|S033,7,,,2023-03-08T03:52:58,2023-10-08T03:52:58,7,0,first_job
CE00993,U0474,C190,I023,F015,O077,S183|S167|S205|S204|S079|S064|S033,7,7.0,O072,2023-10-08T03:52:58,,11,0,lateral
CE00994,U0475,C207,I008,F002,O010,S001|S024|S103|S178|S144|S120,6,,,2023-09-14T19:12:32,2024-06-14T19:12:32,9,0,first_job
CE00995,U0475,C207,I008,F002,O008,S001|S024|S103|S178|S144|S120,6,6.0,O010,2024-06-14T19:12:32,,45,0,lateral
CE00996,U0476,C046,I001,F002,O010,S001|S210|S144|S095|S111|S028,7,,,2023-01-05T01:09:11,,55,0,first_job
CE00997,U0477,C255,I011,F009,O046,S120|S001|S183|S028|S005|S152,2,,,2023-01-11T04:02:14,,28,0,first_job
CE00998,U0478,C201,I014,F001,O002,S109|S086|S008|S094|S207|S239,1,,,2023-01-12T11:12:06,,32,0,first_job
CE00999,U0479,C303,I008,F005,O024,S199|S116|S121|S131|S172|S110|S161,5,,,2023-01-17T15:02:36,2023-10-17T15:02:36,9,0,first_job
CE01000,U0479,C288,I014,F002,O011,S199|S116|S121|S131|S172|S110|S161,2,5.0,O024,2023-10-17T15:02:36,2024-05-17T15:02:36,7,-3,demotion
CE01001,U0479,C059,I014,F002,O011,S199|S116|S121|S131|S172|S110|S161,2,2.0,O011,2024-05-17T15:02:36,,31,0,lateral
CE01002,U0480,C103,I011,F006,O028,S115|S025|S080|S211|S184,6,,,2023-02-04T11:10:33,2023-09-04T11:10:33,7,0,first_job
CE01003,U0480,C075,I011,F006,O028,S115|S025|S080|S211|S184,7,6.0,O028,2023-09-04T11:10:33,2024-05-04T11:10:33,8,1,promotion
CE01004,U0480,C075,I011,F009,O048,S115|S025|S080|S211|S184,6,7.0,O028,2024-05-04T11:10:33,,57,-1,demotion
CE01005,U0481,C100,I005,F001,O006,S044|S035|S132|S034|S187|S074|S047|S087,2,,,2023-02-02T20:28:54,2023-12-02T20:28:54,10,0,first_job
CE01006,U0481,C160,I005,F018,O095,S044|S035|S132|S034|S187|S074|S047|S087,4,2.0,O006,2023-12-02T20:28:54,,50,2,promotion
CE01007,U0482,C075,I011,F011,O058,S152|S017|S029|S004|S064|S176|S173,4,,,2023-05-17T13:41:39,2023-12-17T13:41:39,7,0,first_job
CE01008,U0482,C215,I020,F011,O058,S152|S017|S029|S004|S064|S176|S173,4,4.0,O058,2023-12-17T13:41:39,,27,0,lateral
CE01009,U0483,C159,I002,F003,O013,S082|S209|S026|S171|S224,6,,,2023-07-11T15:14:39,2024-03-11T15:14:39,8,0,first_job
CE01010,U0483,C159,I002,F003,O015,S082|S209|S026|S171|S224,7,6.0,O013,2024-03-11T15:14:39,,40,1,promotion
CE01011,U0484,C068,I006,F009,O045,S065|S165|S058|S052|S210|S151|S026,4,,,2023-04-23T10:29:34,2024-01-23T10:29:34,9,0,first_job
CE01012,U0484,C068,I006,F010,O053,S065|S165|S058|S052|S210|S151|S026,6,4.0,O045,2024-01-23T10:29:34,,48,2,promotion
CE01013,U0485,C169,I011,F017,O087,S236|S132|S012|S182|S081|S048|S119|S055,6,,,2023-07-22T18:47:21,2024-07-22T18:47:21,12,0,first_job
CE01014,U0485,C008,I015,F017,O091,S236|S132|S012|S182|S081|S048|S119|S055,6,6.0,O087,2024-07-22T18:47:21,,57,0,lateral
CE01015,U0486,C249,I018,F016,O081,S181|S106|S074|S228|S006|S071,3,,,2023-01-21T22:33:07,,40,0,first_job
CE01016,U0487,C313,I015,F006,O031,S001|S187|S142|S191|S025|S192|S146|S100,3,,,2023-03-14T15:30:21,2024-03-14T15:30:21,12,0,first_job
CE01017,U0487,C313,I015,F006,O030,S001|S187|S142|S191|S025|S192|S146|S100,3,3.0,O031,2024-03-14T15:30:21,,37,0,lateral
CE01018,U0488,C063,I003,F010,O054,S089|S145|S040|S159|S219|S025|S221,4,,,2023-09-19T14:44:59,2024-03-19T14:44:59,6,0,first_job
CE01019,U0488,C063,I003,F015,O077,S089|S145|S040|S159|S219|S025|S221,6,4.0,O054,2024-03-19T14:44:59,,26,2,promotion
CE01020,U0489,C260,I019,F001,O006,S043|S235|S086|S228|S081|S053|S116,4,,,2023-01-20T16:47:43,,25,0,first_job
CE01021,U0490,C075,I011,F011,O057,S081|S017|S138|S125|S213|S215,4,,,2023-01-20T05:00:13,,43,0,first_job
CE01022,U0491,C012,I005,F008,O043,S010|S001|S039|S215|S044|S128|S138|S192,1,,,2023-02-06T18:28:52,2023-10-06T18:28:52,8,0,first_job
CE01023,U0491,C134,I005,F008,O040,S010|S001|S039|S215|S044|S128|S138|S192,2,1.0,O043,2023-10-06T18:28:52,2024-07-06T18:28:52,9,1,promotion
CE01024,U0491,C077,I019,F008,O043,S010|S001|S039|S215|S044|S128|S138|S192,1,2.0,O040,2024-07-06T18:28:52,,38,-1,demotion
CE01025,U0492,C107,I006,F011,O058,S222|S160|S162|S102|S193|S136|S097|S231,3,,,2023-08-24T21:47:08,2024-06-24T21:47:08,10,0,first_job
CE01026,U0492,C107,I006,F011,O058,S222|S160|S162|S102|S193|S136|S097|S231,3,3.0,O058,2024-06-24T21:47:08,,8,0,lateral
CE01027,U0493,C050,I013,F008,O041,S175|S070|S077|S009|S218|S147|S068|S018,3,,,2023-06-06T23:23:05,2024-02-06T23:23:05,8,0,first_job
CE01028,U0493,C035,I013,F008,O040,S175|S070|S077|S009|S218|S147|S068|S018,5,3.0,O041,2024-02-06T23:23:05,,21,2,promotion
CE01029,U0494,C074,I016,F017,O089,S067|S088|S054|S132|S055,7,,,2023-05-19T23:40:53,2023-11-19T23:40:53,6,0,first_job
CE01030,U0494,C287,I016,F017,O090,S067|S088|S054|S132|S055,7,7.0,O089,2023-11-19T23:40:53,,44,0,lateral
CE01031,U0495,C067,I002,F016,O084,S046|S162|S027|S232|S152|S170|S166,5,,,2023-01-01T08:52:36,,52,0,first_job
CE01032,U0496,C070,I017,F013,O068,S217|S158|S146|S212|S023|S240|S209,7,,,2023-01-20T01:28:18,,12,0,first_job
CE01033,U0497,C286,I009,F001,O003,S038|S119|S019|S229|S159|S076|S202,1,,,2023-02-06T16:15:43,2023-08-06T16:15:43,6,0,first_job
CE01034,U0497,C149,I009,F001,O002,S038|S119|S019|S229|S159|S076|S202,6,1.0,O003,2023-08-06T16:15:43,,57,5,promotion
CE01035,U0498,C045,I009,F009,O044,S022|S173|S101|S169|S007|S034,2,,,2023-03-03T03:51:05,2024-01-03T03:51:05,10,0,first_job
CE01036,U0498,C286,I009,F009,O044,S022|S173|S101|S169|S007|S034,3,2.0,O044,2024-01-03T03:51:05,,14,1,promotion
CE01037,U0499,C202,I022,F010,O050,S059|S221|S191|S198|S071|S202|S133,6,,,2023-04-24T07:06:59,2023-12-24T07:06:59,8,0,first_job
CE01038,U0499,C154,I022,F010,O052,S059|S221|S191|S198|S071|S202|S133,7,6.0,O050,2023-12-24T07:06:59,,40,1,promotion
CE01039,U0500,C144,I006,F017,O091,S146|S077|S016|S125|S055|S205,4,,,2023-09-05T16:46:55,2024-06-05T16:46:55,9,0,first_job
CE01040,U0500,C049,I006,F002,O010,S146|S077|S016|S125|S055|S205,3,4.0,O091,2024-06-05T16:46:55,,56,-1,demotion
CE01041,U0501,C278,I004,F005,O023,S208|S042|S085|S101|S001|S039|S029,1,,,2023-08-06T18:23:55,2024-08-06T18:23:55,12,0,first_job
CE01042,U0501,C278,I004,F005,O023,S208|S042|S085|S101|S001|S039|S029,4,1.0,O023,2024-08-06T18:23:55,,30,3,promotion
CE01043,U0502,C099,I020,F014,O073,S071|S080|S113|S201|S023|S059|S034|S025,1,,,2023-02-17T03:09:24,2024-02-17T03:09:24,12,0,first_job
CE01044,U0502,C099,I020,F014,O073,S071|S080|S113|S201|S023|S059|S034|S025,1,1.0,O073,2024-02-17T03:09:24,,56,0,lateral
CE01045,U0503,C213,I020,F016,O081,S109|S117|S203|S036|S220|S125|S056|S061,2,,,2023-01-15T17:12:53,2023-07-15T17:12:53,6,0,first_job
CE01046,U0503,C058,I020,F016,O081,S109|S117|S203|S036|S220|S125|S056|S061,5,2.0,O081,2023-07-15T17:12:53,,40,3,promotion
CE01047,U0504,C071,I012,F010,O049,S045|S078|S012|S053|S131|S151|S095|S161,5,,,2023-02-17T04:18:16,2023-10-17T04:18:16,8,0,first_job
CE01048,U0504,C098,I012,F016,O083,S045|S078|S012|S053|S131|S151|S095|S161,5,5.0,O049,2023-10-17T04:18:16,,53,0,lateral
CE01049,U0505,C240,I002,F013,O070,S213|S070|S087|S199|S031|S054|S102|S067,6,,,2023-03-15T20:34:11,2023-12-15T20:34:11,9,0,first_job
CE01050,U0505,C067,I002,F009,O046,S213|S070|S087|S199|S031|S054|S102|S067,7,6.0,O070,2023-12-15T20:34:11,2024-06-15T20:34:11,6,1,promotion
CE01051,U0505,C230,I002,F009,O047,S213|S070|S087|S199|S031|S054|S102|S067,7,7.0,O046,2024-06-15T20:34:11,,47,0,lateral
CE01052,U0506,C089,I007,F011,O057,S012|S054|S231|S097|S141,4,,,2023-03-02T03:23:39,2023-11-02T03:23:39,8,0,first_job
CE01053,U0506,C089,I007,F011,O057,S012|S054|S231|S097|S141,4,4.0,O057,2023-11-02T03:23:39,2024-06-02T03:23:39,7,0,lateral
CE01054,U0506,C089,I007,F017,O088,S012|S054|S231|S097|S141,5,4.0,O057,2024-06-02T03:23:39,,44,1,promotion
CE01055,U0507,C079,I021,F012,O060,S095|S197|S216|S222|S230,3,,,2023-03-02T20:26:38,2023-12-02T20:26:38,9,0,first_job
CE01056,U0507,C218,I021,F012,O063,S095|S197|S216|S222|S230,6,3.0,O060,2023-12-02T20:26:38,2024-08-02T20:26:38,8,3,promotion
CE01057,U0507,C218,I021,F012,O063,S095|S197|S216|S222|S230,1,6.0,O063,2024-08-02T20:26:38,,58,-5,demotion
CE01058,U0508,C159,I002,F006,O029,S103|S014|S174|S136|S037,7,,,2023-05-20T19:19:38,2024-03-20T19:19:38,10,0,first_job
CE01059,U0508,C193,I002,F006,O029,S103|S014|S174|S136|S037,7,7.0,O029,2024-03-20T19:19:38,,56,0,lateral
CE01060,U0509,C215,I020,F018,O094,S116|S217|S192|S159|S111|S041|S046,4,,,2023-03-16T12:29:41,2023-12-16T12:29:41,9,0,first_job
CE01061,U0509,C215,I020,F010,O051,S116|S217|S192|S159|S111|S041|S046,5,4.0,O094,2023-12-16T12:29:41,,50,1,promotion
CE01062,U0510,C098,I012,F004,O019,S059|S165|S168|S077|S041|S109|S162|S033,6,,,2023-01-17T05:19:05,2023-11-17T05:19:05,10,0,first_job
CE01063,U0510,C313,I015,F002,O007,S059|S165|S168|S077|S041|S109|S162|S033,6,6.0,O019,2023-11-17T05:19:05,,28,0,lateral
CE01064,U0511,C295,I004,F006,O028,S045|S122|S075|S018|S133|S011|S088,4,,,2023-02-07T02:20:59,2023-08-07T02:20:59,6,0,first_job
CE01065,U0511,C101,I007,F006,O029,S045|S122|S075|S018|S133|S011|S088,7,4.0,O028,2023-08-07T02:20:59,2024-02-07T02:20:59,6,3,promotion
CE01066,U0511,C176,I007,F006,O030,S045|S122|S075|S018|S133|S011|S088,4,7.0,O029,2024-02-07T02:20:59,2024-08-07T02:20:59,6,-3,demotion
CE01067,U0511,C176,I007,F006,O032,S045|S122|S075|S018|S133|S011|S088,4,4.0,O030,2024-08-07T02:20:59,,6,0,lateral
CE01068,U0512,C039,I023,F003,O016,S018|S061|S144|S032|S042|S211|S168|S038,3,,,2023-02-05T16:21:34,2023-11-05T16:21:34,9,0,first_job
CE01069,U0512,C039,I023,F017,O091,S018|S061|S144|S032|S042|S211|S168|S038,6,3.0,O016,2023-11-05T16:21:34,,25,3,promotion
CE01070,U0513,C101,I007,F009,O044,S230|S151|S199|S188|S109|S128|S081,1,,,2023-09-19T20:25:51,2024-03-19T20:25:51,6,0,first_job
CE01071,U0513,C258,I010,F003,O016,S230|S151|S199|S188|S109|S128|S081,1,1.0,O044,2024-03-19T20:25:51,,24,0,lateral
CE01072,U0514,C193,I002,F014,O075,S075|S095|S164|S082|S194|S178,5,,,2023-01-21T12:04:49,,19,0,first_job
CE01073,U0515,C014,I007,F014,O073,S213|S175|S165|S025|S003,2,,,2023-01-08T02:01:41,2023-07-08T02:01:41,6,0,first_job
CE01074,U0515,C014,I007,F014,O073,S213|S175|S165|S025|S003,2,2.0,O073,2023-07-08T02:01:41,2024-01-08T02:01:41,6,0,lateral
CE01075,U0515,C195,I007,F014,O074,S213|S175|S165|S025|S003,3,2.0,O073,2024-01-08T02:01:41,2024-07-08T02:01:41,6,1,promotion
CE01076,U0515,C097,I007,F014,O073,S213|S175|S165|S025|S003,5,3.0,O074,2024-07-08T02:01:41,,31,2,promotion
CE01077,U0516,C304,I020,F012,O064,S001|S074|S204|S144|S199|S212,7,,,2023-02-18T15:46:27,2023-11-18T15:46:27,9,0,first_job
CE01078,U0516,C304,I020,F008,O041,S001|S074|S204|S144|S199|S212,7,7.0,O064,2023-11-18T15:46:27,,28,0,lateral
CE01079,U0517,C138,I021,F012,O060,S055|S127|S172|S217|S185,1,,,2023-05-14T13:15:27,2024-05-14T13:15:27,12,0,first_job
CE01080,U0517,C106,I021,F012,O061,S055|S127|S172|S217|S185,6,1.0,O060,2024-05-14T13:15:27,,37,5,promotion
CE01081,U0518,C204,I016,F001,O003,S083|S067|S187|S153|S062|S163|S139|S096,1,,,2023-05-07T04:02:31,2024-02-07T04:02:31,9,0,first_job
CE01082,U0518,C204,I016,F001,O002,S083|S067|S187|S153|S062|S163|S139|S096,5,1.0,O003,2024-02-07T04:02:31,,59,4,promotion
CE01083,U0519,C103,I011,F008,O039,S106|S143|S038|S168|S180|S174,3,,,2023-03-06T18:18:06,2023-12-06T18:18:06,9,0,first_job
CE01084,U0519,C087,I011,F009,O045,S106|S143|S038|S168|S180|S174,4,3.0,O039,2023-12-06T18:18:06,2024-06-06T18:18:06,6,1,promotion
CE01085,U0519,C087,I011,F009,O044,S106|S143|S038|S168|S180|S174,3,4.0,O045,2024-06-06T18:18:06,,31,-1,demotion
CE01086,U0520,C104,I024,F006,O032,S051|S027|S234|S182|S137|S052|S194,7,,,2023-03-04T20:01:07,2024-02-04T20:01:07,11,0,first_job
CE01087,U0520,C104,I024,F011,O058,S051|S027|S234|S182|S137|S052|S194,7,7.0,O032,2024-02-04T20:01:07,,28,0,lateral
CE01088,U0521,C195,I007,F018,O096,S088|S001|S022|S158|S189|S093|S016,6,,,2023-01-06T19:59:12,2023-07-06T19:59:12,6,0,first_job
CE01089,U0521,C014,I007,F018,O095,S088|S001|S022|S158|S189|S093|S016,7,6.0,O096,2023-07-06T19:59:12,2024-02-06T19:59:12,7,1,promotion
CE01090,U0521,C302,I007,F018,O093,S088|S001|S022|S158|S189|S093|S016,7,7.0,O095,2024-02-06T19:59:12,,42,0,lateral
CE01091,U0522,C290,I023,F013,O065,S143|S076|S008|S228|S088|S163|S037|S160,1,,,2023-07-19T00:01:23,2024-02-19T00:01:23,7,0,first_job
CE01092,U0522,C290,I023,F013,O065,S143|S076|S008|S228|S088|S163|S037|S160,5,1.0,O065,2024-02-19T00:01:23,,36,4,promotion
CE01093,U0523,C082,I015,F004,O018,S101|S180|S197|S095|S137|S127,2,,,2023-03-19T08:03:09,2023-12-19T08:03:09,9,0,first_job
CE01094,U0523,C082,I015,F011,O058,S101|S180|S197|S095|S137|S127,5,2.0,O018,2023-12-19T08:03:09,,28,3,promotion
CE01095,U0524,C160,I005,F013,O069,S106|S159|S040|S133|S108|S114,7,,,2023-03-02T00:19:43,2023-11-02T00:19:43,8,0,first_job
CE01096,U0524,C105,I005,F013,O065,S106|S159|S040|S133|S108|S114,7,7.0,O069,2023-11-02T00:19:43,,32,0,lateral
CE01097,U0525,C104,I024,F003,O016,S098|S141|S162|S049|S157|S072,2,,,2023-03-13T15:53:34,2023-09-13T15:53:34,6,0,first_job
CE01098,U0525,C104,I024,F003,O016,S098|S141|S162|S049|S157|S072,5,2.0,O016,2023-09-13T15:53:34,2024-03-13T15:53:34,6,3,promotion
CE01099,U0525,C285,I024,F003,O016,S098|S141|S162|S049|S157|S072,7,5.0,O016,2024-03-13T15:53:34,2024-09-13T15:53:34,6,2,promotion
CE01100,U0525,C033,I024,F003,O016,S098|S141|S162|S049|S157|S072,7,7.0,O016,2024-09-13T15:53:34,,44,0,lateral
CE01101,U0526,C076,I024,F010,O049,S110|S185|S083|S021|S156|S019|S148,2,,,2023-01-13T19:08:44,2023-10-13T19:08:44,9,0,first_job
CE01102,U0526,C076,I024,F010,O049,S110|S185|S083|S021|S156|S019|S148,6,2.0,O049,2023-10-13T19:08:44,2024-04-13T19:08:44,6,4,promotion
CE01103,U0526,C219,I024,F010,O054,S110|S185|S083|S021|S156|S019|S148,7,6.0,O049,2024-04-13T19:08:44,,48,1,promotion
CE01104,U0527,C267,I008,F008,O039,S206|S043|S112|S197|S119|S165|S028,6,,,2023-02-12T04:46:47,2023-11-12T04:46:47,9,0,first_job
CE01105,U0527,C267,I008,F005,O023,S206|S043|S112|S197|S119|S165|S028,7,6.0,O039,2023-11-12T04:46:47,,16,1,promotion
CE01106,U0528,C264,I021,F008,O039,S073|S028|S147|S180|S205|S002|S007,2,,,2023-02-21T12:07:39,2023-11-21T12:07:39,9,0,first_job
CE01107,U0528,C264,I021,F008,O042,S073|S028|S147|S180|S205|S002|S007,2,2.0,O039,2023-11-21T12:07:39,2024-07-21T12:07:39,8,0,lateral
CE01108,U0528,C218,I021,F008,O039,S073|S028|S147|S180|S205|S002|S007,7,2.0,O042,2024-07-21T12:07:39,,60,5,promotion
CE01109,U0529,C136,I023,F010,O049,S146|S049|S091|S053|S175,5,,,2023-04-18T13:11:48,2023-10-18T13:11:48,6,0,first_job
CE01110,U0529,C136,I023,F010,O049,S146|S049|S091|S053|S175,7,5.0,O049,2023-10-18T13:11:48,,31,2,promotion
CE01111,U0530,C150,I001,F013,O067,S020|S076|S109|S183|S045|S036|S172,7,,,2023-01-04T23:10:50,2023-08-04T23:10:50,7,0,first_job
CE01112,U0530,C150,I001,F013,O065,S020|S076|S109|S183|S045|S036|S172,7,7.0,O067,2023-08-04T23:10:50,2024-02-04T23:10:50,6,0,lateral
CE01113,U0530,C150,I001,F013,O065,S020|S076|S109|S183|S045|S036|S172,7,7.0,O065,2024-02-04T23:10:50,,35,0,lateral
CE01114,U0531,C166,I018,F010,O053,S047|S206|S186|S167|S129|S231|S200,4,,,2023-08-21T19:48:14,2024-05-21T19:48:14,9,0,first_job
CE01115,U0531,C166,I018,F010,O050,S047|S206|S186|S167|S129|S231|S200,4,4.0,O053,2024-05-21T19:48:14,,52,0,lateral
CE01116,U0532,C167,I002,F013,O069,S051|S212|S011|S147|S225|S022|S058|S031,4,,,2023-01-17T09:22:33,2023-07-17T09:22:33,6,0,first_job
CE01117,U0532,C167,I002,F010,O052,S051|S212|S011|S147|S225|S022|S058|S031,6,4.0,O069,2023-07-17T09:22:33,2024-01-17T09:22:33,6,2,promotion
CE01118,U0532,C167,I002,F010,O052,S051|S212|S011|S147|S225|S022|S058|S031,7,6.0,O052,2024-01-17T09:22:33,2024-07-17T09:22:33,6,1,promotion
CE01119,U0532,C203,I002,F010,O053,S051|S212|S011|S147|S225|S022|S058|S031,7,7.0,O052,2024-07-17T09:22:33,,53,0,lateral
CE01120,U0533,C095,I012,F015,O079,S050|S202|S061|S078|S030,2,,,2023-02-01T09:49:20,2023-09-01T09:49:20,7,0,first_job
CE01121,U0533,C140,I022,F015,O080,S050|S202|S061|S078|S030,2,2.0,O079,2023-09-01T09:49:20,2024-03-01T09:49:20,6,0,lateral
CE01122,U0533,C312,I022,F015,O080,S050|S202|S061|S078|S030,2,2.0,O080,2024-03-01T09:49:20,,16,0,lateral
CE01123,U0534,C256,I018,F007,O037,S010|S131|S203|S146|S222|S041|S051|S054,7,,,2023-05-07T02:56:44,2024-01-07T02:56:44,8,0,first_job
CE01124,U0534,C256,I018,F018,O096,S010|S131|S203|S146|S222|S041|S051|S054,7,7.0,O037,2024-01-07T02:56:44,,7,0,lateral
CE01125,U0535,C276,I010,F014,O075,S061|S116|S037|S082|S031,1,,,2023-01-22T00:44:39,2023-07-22T00:44:39,6,0,first_job
CE01126,U0535,C192,I010,F014,O075,S061|S116|S037|S082|S031,2,1.0,O075,2023-07-22T00:44:39,2024-01-22T00:44:39,6,1,promotion
CE01127,U0535,C192,I010,F014,O075,S061|S116|S037|S082|S031,1,2.0,O075,2024-01-22T00:44:39,2024-07-22T00:44:39,6,-1,demotion
CE01128,U0535,C185,I021,F014,O072,S061|S116|S037|S082|S031,1,1.0,O075,2024-07-22T00:44:39,,42,0,lateral
CE01129,U0536,C181,I012,F013,O066,S205|S213|S144|S042|S078,7,,,2023-06-16T04:34:24,2024-01-16T04:34:24,7,0,first_job
CE01130,U0536,C017,I012,F004,O022,S205|S213|S144|S042|S078,7,7.0,O066,2024-01-16T04:34:24,,36,0,lateral
CE01131,U0537,C269,I019,F016,O082,S069|S019|S189|S169|S127|S198|S098,7,,,2023-06-12T19:27:56,2024-02-12T19:27:56,8,0,first_job
CE01132,U0537,C221,I019,F016,O081,S069|S019|S189|S169|S127|S198|S098,7,7.0,O082,2024-02-12T19:27:56,,17,0,lateral
CE01133,U0538,C243,I008,F004,O019,S204|S119|S217|S180|S107|S123|S104,4,,,2023-02-14T14:59:21,2023-11-14T14:59:21,9,0,first_job
CE01134,U0538,C243,I008,F004,O018,S204|S119|S217|S180|S107|S123|S104,6,4.0,O019,2023-11-14T14:59:21,2024-07-14T14:59:21,8,2,promotion
CE01135,U0538,C243,I008,F014,O074,S204|S119|S217|S180|S107|S123|S104,7,6.0,O018,2024-07-14T14:59:21,,57,1,promotion
CE01136,U0539,C302,I007,F008,O039,S192|S172|S184|S055|S079|S047|S156,2,,,2023-09-10T12:12:13,2024-05-10T12:12:13,8,0,first_job
CE01137,U0539,C302,I007,F008,O039,S192|S172|S184|S055|S079|S047|S156,1,2.0,O039,2024-05-10T12:12:13,,58,-1,demotion
CE01138,U0540,C059,I014,F006,O029,S240|S120|S061|S161|S205|S156|S189|S217,4,,,2023-01-15T23:09:51,,59,0,first_job
CE01139,U0541,C021,I006,F008,O043,S094|S015|S177|S120|S134|S013|S059|S211,5,,,2023-06-06T10:44:25,2024-05-06T10:44:25,11,0,first_job
CE01140,U0541,C257,I006,F008,O039,S094|S015|S177|S120|S134|S013|S059|S211,5,5.0,O043,2024-05-06T10:44:25,,9,0,lateral
CE01141,U0542,C130,I014,F007,O038,S081|S033|S181|S077|S037|S196,6,,,2023-02-19T13:03:41,2023-11-19T13:03:41,9,0,first_job
CE01142,U0542,C151,I020,F004,O020,S081|S033|S181|S077|S037|S196,7,6.0,O038,2023-11-19T13:03:41,2024-06-19T13:03:41,7,1,promotion
CE01143,U0542,C151,I020,F004,O021,S081|S033|S181|S077|S037|S196,7,7.0,O020,2024-06-19T13:03:41,,54,0,lateral
CE01144,U0543,C194,I010,F011,O057,S048|S050|S022|S105|S226,3,,,2023-01-23T20:55:58,,58,0,first_job
CE01145,U0544,C288,I014,F004,O021,S005|S121|S165|S168|S038|S199|S011|S087,5,,,2023-01-14T14:52:47,2023-10-14T14:52:47,9,0,first_job
CE01146,U0544,C288,I014,F004,O020,S005|S121|S165|S168|S038|S199|S011|S087,7,5.0,O021,2023-10-14T14:52:47,2024-07-14T14:52:47,9,2,promotion
CE01147,U0544,C213,I020,F004,O019,S005|S121|S165|S168|S038|S199|S011|S087,4,7.0,O020,2024-07-14T14:52:47,,49,-3,demotion
CE01148,U0545,C224,I004,F002,O007,S094|S085|S070|S143|S063,3,,,2023-03-02T05:07:03,2023-12-02T05:07:03,9,0,first_job
CE01149,U0545,C113,I004,F002,O009,S094|S085|S070|S143|S063,3,3.0,O007,2023-12-02T05:07:03,,58,0,lateral
CE01150,U0546,C093,I002,F013,O065,S101|S164|S175|S231|S106|S047|S040|S069,2,,,2023-06-04T09:47:28,2024-02-04T09:47:28,8,0,first_job
CE01151,U0546,C268,I002,F013,O065,S101|S164|S175|S231|S106|S047|S040|S069,2,2.0,O065,2024-02-04T09:47:28,,25,0,lateral
CE01152,U0547,C237,I016,F016,O081,S192|S021|S078|S115|S049,4,,,2023-04-07T06:58:02,2024-02-07T06:58:02,10,0,first_job
CE01153,U0547,C237,I016,F018,O093,S192|S021|S078|S115|S049,5,4.0,O081,2024-02-07T06:58:02,,23,1,promotion
CE01154,U0548,C247,I003,F008,O042,S212|S106|S107|S009|S039|S126|S196,1,,,2023-03-23T07:00:14,2023-11-23T07:00:14,8,0,first_job
CE01155,U0548,C001,I003,F008,O042,S212|S106|S107|S009|S039|S126|S196,1,1.0,O042,2023-11-23T07:00:14,2024-06-23T07:00:14,7,0,lateral
CE01156,U0548,C001,I003,F008,O039,S212|S106|S107|S009|S039|S126|S196,2,1.0,O042,2024-06-23T07:00:14,,54,1,promotion
CE01157,U0549,C181,I012,F015,O080,S014|S180|S069|S061|S198|S133|S045,7,,,2023-01-22T18:11:21,2023-11-22T18:11:21,10,0,first_job
CE01158,U0549,C145,I012,F010,O049,S014|S180|S069|S061|S198|S133|S045,7,7.0,O080,2023-11-22T18:11:21,,29,0,lateral
CE01159,U0550,C026,I012,F004,O017,S021|S176|S092|S033|S099|S136,1,,,2023-02-18T04:24:32,2023-09-18T04:24:32,7,0,first_job
CE01160,U0550,C095,I012,F004,O017,S021|S176|S092|S033|S099|S136,1,1.0,O017,2023-09-18T04:24:32,2024-05-18T04:24:32,8,0,lateral
CE01161,U0550,C145,I012,F004,O018,S021|S176|S092|S033|S099|S136,5,1.0,O017,2024-05-18T04:24:32,,16,4,promotion
CE01162,U0551,C192,I010,F001,O002,S206|S097|S160|S120|S015|S221|S106|S013,7,,,2023-01-15T18:06:56,2023-07-15T18:06:56,6,0,first_job
CE01163,U0551,C192,I010,F001,O002,S206|S097|S160|S120|S015|S221|S106|S013,7,7.0,O002,2023-07-15T18:06:56,,29,0,lateral
CE01164,U0552,C161,I009,F016,O084,S192|S160|S217|S041|S075|S219|S018,4,,,2023-01-15T07:09:20,,41,0,first_job
CE01165,U0553,C119,I013,F012,O062,S169|S216|S013|S052|S006|S099|S221|S184,3,,,2023-05-20T07:11:41,2023-11-20T07:11:41,6,0,first_job
CE01166,U0553,C311,I018,F011,O059,S169|S216|S013|S052|S006|S099|S221|S184,6,3.0,O062,2023-11-20T07:11:41,,46,3,promotion
CE01167,U0554,C028,I018,F016,O083,S173|S094|S165|S226|S106|S081,5,,,2023-01-07T02:03:11,2023-10-07T02:03:11,9,0,first_job
CE01168,U0554,C311,I018,F014,O075,S173|S094|S165|S226|S106|S081,7,5.0,O083,2023-10-07T02:03:11,2024-05-07T02:03:11,7,2,promotion
CE01169,U0554,C260,I019,F014,O073,S173|S094|S165|S226|S106|S081,7,7.0,O075,2024-05-07T02:03:11,,21,0,lateral
CE01170,U0555,C037,I009,F007,O037,S239|S182|S223|S118|S155|S098|S039,2,,,2023-02-14T09:16:36,2023-12-14T09:16:36,10,0,first_job
CE01171,U0555,C037,I009,F007,O037,S239|S182|S223|S118|S155|S098|S039,3,2.0,O037,2023-12-14T09:16:36,,31,1,promotion
CE01172,U0556,C149,I009,F017,O091,S183|S128|S190|S201|S040|S087|S158,5,,,2023-01-05T16:46:28,2023-08-05T16:46:28,7,0,first_job
CE01173,U0556,C228,I008,F001,O005,S183|S128|S190|S201|S040|S087|S158,7,5.0,O091,2023-08-05T16:46:28,,57,2,promotion
CE01174,U0557,C097,I007,F006,O031,S117|S062|S023|S211|S035,5,,,2023-02-21T01:35:42,2023-10-21T01:35:42,8,0,first_job
CE01175,U0557,C014,I007,F015,O077,S117|S062|S023|S211|S035,7,5.0,O031,2023-10-21T01:35:42,2024-05-21T01:35:42,7,2,promotion
CE01176,U0557,C014,I007,F011,O055,S117|S062|S023|S211|S035,7,7.0,O077,2024-05-21T01:35:42,,36,0,lateral
CE01177,U0558,C053,I019,F012,O061,S220|S239|S073|S057|S218,6,,,2023-01-15T19:17:56,,46,0,first_job
CE01178,U0559,C148,I005,F014,O071,S019|S073|S044|S132|S208,6,,,2023-01-14T13:27:21,2023-10-14T13:27:21,9,0,first_job
CE01179,U0559,C177,I005,F003,O014,S019|S073|S044|S132|S208,6,6.0,O071,2023-10-14T13:27:21,,53,0,lateral
CE01180,U0560,C122,I015,F007,O035,S001|S046|S131|S017|S054|S090,5,,,2023-01-20T21:57:30,2023-07-20T21:57:30,6,0,first_job
CE01181,U0560,C299,I015,F005,O025,S001|S046|S131|S017|S054|S090,5,5.0,O035,2023-07-20T21:57:30,,12,0,lateral
CE01182,U0561,C013,I015,F015,O079,S148|S220|S211|S217|S010|S228|S131|S001,3,,,2023-07-15T05:39:42,2024-07-15T05:39:42,12,0,first_job
CE01183,U0561,C013,I015,F015,O079,S148|S220|S211|S217|S010|S228|S131|S001,5,3.0,O079,2024-07-15T05:39:42,,39,2,promotion
CE01184,U0562,C093,I002,F016,O081,S225|S119|S190|S024|S005,7,,,2023-03-03T05:52:47,2023-11-03T05:52:47,8,0,first_job
CE01185,U0562,C093,I002,F016,O086,S225|S119|S190|S024|S005,7,7.0,O081,2023-11-03T05:52:47,2024-07-03T05:52:47,8,0,lateral
CE01186,U0562,C093,I002,F016,O086,S225|S119|S190|S024|S005,7,7.0,O086,2024-07-03T05:52:47,,25,0,lateral
CE01187,U0563,C103,I011,F008,O040,S055|S038|S167|S230|S208|S125|S221,6,,,2023-09-01T11:36:51,2024-03-01T11:36:51,6,0,first_job
CE01188,U0563,C103,I011,F008,O039,S055|S038|S167|S230|S208|S125|S221,7,6.0,O040,2024-03-01T11:36:51,,15,1,promotion
CE01189,U0564,C054,I004,F014,O073,S140|S163|S090|S156|S088|S137|S054,4,,,2023-01-04T10:56:19,,31,0,first_job
CE01190,U0565,C150,I001,F018,O093,S091|S028|S015|S094|S235|S108|S216,1,,,2023-08-24T09:13:01,2024-05-24T09:13:01,9,0,first_job
CE01191,U0565,C084,I014,F018,O092,S091|S028|S015|S094|S235|S108|S216,4,1.0,O093,2024-05-24T09:13:01,,53,3,promotion
CE01192,U0566,C057,I023,F004,O019,S079|S038|S122|S120|S229|S176,7,,,2023-07-09T03:08:55,2024-04-09T03:08:55,9,0,first_job
CE01193,U0566,C307,I023,F010,O049,S079|S038|S122|S120|S229|S176,7,7.0,O019,2024-04-09T03:08:55,,14,0,lateral
CE01194,U0567,C100,I005,F011,O057,S056|S127|S070|S131|S029|S226,3,,,2023-02-10T04:15:27,2023-11-10T04:15:27,9,0,first_job
CE01195,U0567,C100,I005,F011,O057,S056|S127|S070|S131|S029|S226,4,3.0,O057,2023-11-10T04:15:27,,12,1,promotion
CE01196,U0568,C088,I009,F010,O049,S020|S221|S077|S098|S238|S220,7,,,2023-05-05T12:57:46,2023-12-05T12:57:46,7,0,first_job
CE01197,U0568,C045,I009,F010,O051,S020|S221|S077|S098|S238|S220,7,7.0,O049,2023-12-05T12:57:46,,43,0,lateral
CE01198,U0569,C223,I012,F001,O005,S144|S097|S171|S170|S104,2,,,2023-03-02T22:50:16,2023-11-02T22:50:16,8,0,first_job
CE01199,U0569,C223,I012,F018,O095,S144|S097|S171|S170|S104,2,2.0,O005,2023-11-02T22:50:16,2024-06-02T22:50:16,7,0,lateral
CE01200,U0569,C223,I012,F018,O092,S144|S097|S171|S170|S104,5,2.0,O095,2024-06-02T22:50:16,,23,3,promotion
CE01201,U0570,C276,I010,F010,O053,S190|S185|S087|S181|S207|S152,3,,,2023-09-01T15:42:36,2024-04-01T15:42:36,7,0,first_job
CE01202,U0570,C218,I021,F009,O047,S190|S185|S087|S181|S207|S152,5,3.0,O053,2024-04-01T15:42:36,,52,2,promotion
CE01203,U0571,C154,I022,F003,O013,S030|S199|S180|S168|S228,4,,,2023-01-03T08:43:35,,36,0,first_job
CE01204,U0572,C075,I011,F010,O053,S106|S205|S187|S227|S172|S079|S153,5,,,2023-04-23T15:52:10,2024-04-23T15:52:10,12,0,first_job
CE01205,U0572,C075,I011,F010,O049,S106|S205|S187|S227|S172|S079|S153,7,5.0,O053,2024-04-23T15:52:10,,22,2,promotion
CE01206,U0573,C004,I004,F013,O066,S181|S085|S086|S154|S025,4,,,2023-03-25T06:42:31,2024-01-25T06:42:31,10,0,first_job
CE01207,U0573,C004,I004,F013,O066,S181|S085|S086|S154|S025,4,4.0,O066,2024-01-25T06:42:31,,39,0,lateral
CE01208,U0574,C005,I018,F009,O045,S221|S083|S123|S065|S187|S210,1,,,2023-09-01T07:46:44,2024-04-01T07:46:44,7,0,first_job
CE01209,U0574,C166,I018,F009,O045,S221|S083|S123|S065|S187|S210,1,1.0,O045,2024-04-01T07:46:44,,43,0,lateral
CE01210,U0575,C222,I003,F003,O014,S152|S072|S222|S177|S050,3,,,2023-01-19T11:38:15,2023-10-19T11:38:15,9,0,first_job
CE01211,U0575,C222,I003,F003,O014,S152|S072|S222|S177|S050,7,3.0,O014,2023-10-19T11:38:15,2024-07-19T11:38:15,9,4,promotion
CE01212,U0575,C081,I007,F003,O014,S152|S072|S222|S177|S050,7,7.0,O014,2024-07-19T11:38:15,,60,0,lateral
CE01213,U0576,C087,I011,F013,O067,S047|S217|S061|S037|S082|S058,5,,,2023-02-15T13:18:10,2024-02-15T13:18:10,12,0,first_job
CE01214,U0576,C036,I011,F013,O067,S047|S217|S061|S037|S082|S058,6,5.0,O067,2024-02-15T13:18:10,,18,1,promotion
CE01215,U0577,C015,I001,F015,O080,S225|S077|S103|S155|S156|S090|S033|S221,6,,,2023-03-01T08:32:25,2023-11-01T08:32:25,8,0,first_job
CE01216,U0577,C015,I001,F012,O062,S225|S077|S103|S155|S156|S090|S033|S221,7,6.0,O080,2023-11-01T08:32:25,,55,1,promotion
CE01217,U0578,C066,I021,F016,O085,S140|S038|S042|S032|S080|S095|S060|S217,4,,,2023-03-10T01:52:43,2023-11-10T01:52:43,8,0,first_job
CE01218,U0578,C066,I021,F016,O086,S140|S038|S042|S032|S080|S095|S060|S217,4,4.0,O085,2023-11-10T01:52:43,2024-06-10T01:52:43,7,0,lateral
CE01219,U0578,C279,I021,F016,O081,S140|S038|S042|S032|S080|S095|S060|S217,5,4.0,O086,2024-06-10T01:52:43,,43,1,promotion
CE01220,U0579,C211,I004,F003,O012,S131|S034|S057|S132|S065,4,,,2023-02-19T05:59:51,2023-08-19T05:59:51,6,0,first_job
CE01221,U0579,C054,I004,F003,O012,S131|S034|S057|S132|S065,7,4.0,O012,2023-08-19T05:59:51,,51,3,promotion
CE01222,U0580,C104,I024,F011,O057,S036|S058|S181|S183|S156|S064|S008,4,,,2023-06-02T16:43:07,2024-04-02T16:43:07,10,0,first_job
CE01223,U0580,C104,I024,F016,O081,S036|S058|S181|S183|S156|S064|S008,7,4.0,O057,2024-04-02T16:43:07,,6,3,promotion
CE01224,U0581,C173,I016,F002,O008,S194|S170|S019|S132|S009|S158|S069|S110,7,,,2023-01-20T11:18:39,,43,0,first_job
CE01225,U0582,C060,I011,F016,O086,S123|S069|S034|S175|S012|S088,4,,,2023-01-15T18:54:02,2023-08-15T18:54:02,7,0,first_job
CE01226,U0582,C060,I011,F017,O087,S123|S069|S034|S175|S012|S088,7,4.0,O086,2023-08-15T18:54:02,2024-04-15T18:54:02,8,3,promotion
CE01227,U0582,C060,I011,F009,O045,S123|S069|S034|S175|S012|S088,7,7.0,O087,2024-04-15T18:54:02,,55,0,lateral
CE01228,U0583,C118,I013,F010,O051,S041|S163|S231|S053|S236|S035|S168,1,,,2023-09-16T18:52:43,2024-08-16T18:52:43,11,0,first_job
CE01229,U0583,C118,I013,F011,O059,S041|S163|S231|S053|S236|S035|S168,1,1.0,O051,2024-08-16T18:52:43,,47,0,lateral
CE01230,U0584,C245,I003,F005,O026,S211|S175|S236|S006|S046|S186|S028,1,,,2023-08-15T15:41:14,2024-06-15T15:41:14,10,0,first_job
CE01231,U0584,C063,I003,F005,O027,S211|S175|S236|S006|S046|S186|S028,2,1.0,O026,2024-06-15T15:41:14,,49,1,promotion
CE01232,U0585,C303,I008,F008,O040,S066|S048|S113|S195|S046|S029|S005,5,,,2023-01-22T17:25:09,2023-07-22T17:25:09,6,0,first_job
CE01233,U0585,C303,I008,F008,O041,S066|S048|S113|S195|S046|S029|S005,5,5.0,O040,2023-07-22T17:25:09,2024-02-22T17:25:09,7,0,lateral
CE01234,U0585,C207,I008,F008,O041,S066|S048|S113|S195|S046|S029|S005,6,5.0,O041,2024-02-22T17:25:09,,50,1,promotion
CE01235,U0586,C196,I016,F013,O066,S069|S234|S223|S068|S216,4,,,2023-01-01T23:40:36,,6,0,first_job
CE01236,U0587,C110,I003,F016,O084,S130|S094|S136|S163|S087|S121|S114,3,,,2023-01-16T02:09:43,,34,0,first_job
CE01237,U0588,C111,I011,F005,O026,S031|S057|S129|S128|S091|S093|S196|S054,3,,,2023-08-08T19:34:54,2024-04-08T19:34:54,8,0,first_job
CE01238,U0588,C111,I011,F005,O024,S031|S057|S129|S128|S091|S093|S196|S054,7,3.0,O026,2024-04-08T19:34:54,,44,4,promotion
CE01239,U0589,C160,I005,F007,O033,S192|S196|S142|S201|S021|S009,4,,,2023-03-24T21:50:00,2023-09-24T21:50:00,6,0,first_job
CE01240,U0589,C160,I005,F007,O038,S192|S196|S142|S201|S021|S009,6,4.0,O033,2023-09-24T21:50:00,2024-03-24T21:50:00,6,2,promotion
CE01241,U0589,C160,I005,F007,O034,S192|S196|S142|S201|S021|S009,7,6.0,O038,2024-03-24T21:50:00,2024-09-24T21:50:00,6,1,promotion
CE01242,U0589,C100,I005,F007,O035,S192|S196|S142|S201|S021|S009,7,7.0,O034,2024-09-24T21:50:00,,11,0,lateral
CE01243,U0590,C221,I019,F001,O002,S107|S041|S100|S038|S046|S193|S093,2,,,2023-08-11T06:15:55,2024-03-11T06:15:55,7,0,first_job
CE01244,U0590,C221,I019,F001,O001,S107|S041|S100|S038|S046|S193|S093,5,2.0,O002,2024-03-11T06:15:55,,39,3,promotion
CE01245,U0591,C128,I011,F006,O031,S208|S199|S181|S078|S062|S056|S232,3,,,2023-06-16T21:38:28,2023-12-16T21:38:28,6,0,first_job
CE01246,U0591,C128,I011,F009,O047,S208|S199|S181|S078|S062|S056|S232,3,3.0,O031,2023-12-16T21:38:28,,56,0,lateral
CE01247,U0592,C105,I005,F005,O027,S219|S028|S155|S031|S002|S168|S196,1,,,2023-02-01T22:21:03,2023-10-01T22:21:03,8,0,first_job
CE01248,U0592,C105,I005,F005,O026,S219|S028|S155|S031|S002|S168|S196,1,1.0,O027,2023-10-01T22:21:03,2024-04-01T22:21:03,6,0,lateral
CE01249,U0592,C279,I021,F018,O095,S219|S028|S155|S031|S002|S168|S196,1,1.0,O026,2024-04-01T22:21:03,,57,0,lateral
CE01250,U0593,C020,I004,F006,O032,S048|S007|S058|S117|S190|S136,3,,,2023-07-20T14:54:06,2024-03-20T14:54:06,8,0,first_job
CE01251,U0593,C020,I004,F006,O029,S048|S007|S058|S117|S190|S136,5,3.0,O032,2024-03-20T14:54:06,,27,2,promotion
CE01252,U0594,C024,I001,F012,O064,S004|S168|S207|S119|S005,6,,,2023-01-24T18:13:09,,30,0,first_job
CE01253,U0595,C185,I021,F006,O032,S093|S180|S110|S125|S129|S082,6,,,2023-06-04T07:21:13,2024-01-04T07:21:13,7,0,first_job
CE01254,U0595,C264,I021,F001,O005,S093|S180|S110|S125|S129|S082,7,6.0,O032,2024-01-04T07:21:13,,15,1,promotion
CE01255,U0596,C037,I009,F015,O079,S200|S142|S120|S016|S234|S118|S013|S025,6,,,2023-08-11T21:55:30,2024-02-11T21:55:30,6,0,first_job
CE01256,U0596,C067,I002,F015,O079,S200|S142|S120|S016|S234|S118|S013|S025,6,6.0,O079,2024-02-11T21:55:30,,17,0,lateral
CE01257,U0597,C090,I003,F010,O052,S012|S027|S221|S140|S091|S043|S028,5,,,2023-01-03T16:19:46,2024-01-03T16:19:46,12,0,first_job
CE01258,U0597,C009,I003,F010,O051,S012|S027|S221|S140|S091|S043|S028,4,5.0,O052,2024-01-03T16:19:46,,24,-1,demotion
CE01259,U0598,C174,I005,F014,O072,S097|S214|S100|S112|S109|S194,5,,,2023-01-11T09:41:15,,40,0,first_job
CE01260,U0599,C016,I006,F015,O080,S010|S029|S127|S014|S031|S121,7,,,2023-04-20T01:39:15,2024-01-20T01:39:15,9,0,first_job
CE01261,U0599,C068,I006,F015,O080,S010|S029|S127|S014|S031|S121,7,7.0,O080,2024-01-20T01:39:15,,34,0,lateral
CE01262,U0600,C131,I018,F014,O074,S084|S090|S158|S194|S121,4,,,2023-07-20T18:12:41,2024-03-20T18:12:41,8,0,first_job
CE01263,U0600,C005,I018,F014,O073,S084|S090|S158|S194|S121,7,4.0,O074,2024-03-20T18:12:41,,39,3,promotion
CE01264,U0601,C254,I022,F001,O004,S043|S199|S156|S093|S176|S117,5,,,2023-08-09T05:20:18,2024-06-09T05:20:18,10,0,first_job
CE01265,U0601,C254,I022,F001,O004,S043|S199|S156|S093|S176|S117,6,5.0,O004,2024-06-09T05:20:18,,60,1,promotion
CE01266,U0602,C079,I021,F010,O049,S156|S159|S077|S130|S108|S174|S180,1,,,2023-03-20T03:01:50,2024-02-20T03:01:50,11,0,first_job
CE01267,U0602,C027,I021,F014,O071,S156|S159|S077|S130|S108|S174|S180,5,1.0,O049,2024-02-20T03:01:50,,44,4,promotion
CE01268,U0603,C107,I006,F010,O054,S097|S001|S225|S119|S060,4,,,2023-02-21T14:13:07,2023-09-21T14:13:07,7,0,first_job
CE01269,U0603,C058,I020,F010,O054,S097|S001|S225|S119|S060,6,4.0,O054,2023-09-21T14:13:07,,59,2,promotion
CE01270,U0604,C133,I021,F012,O063,S071|S147|S054|S163|S213|S156|S141,2,,,2023-09-13T17:00:12,2024-07-13T17:00:12,10,0,first_job
CE01271,U0604,C264,I021,F005,O023,S071|S147|S054|S163|S213|S156|S141,3,2.0,O063,2024-07-13T17:00:12,,6,1,promotion
CE01272,U0605,C314,I022,F004,O022,S047|S155|S138|S066|S079|S064|S123|S003,4,,,2023-02-21T22:16:02,2023-08-21T22:16:02,6,0,first_job
CE01273,U0605,C140,I022,F010,O050,S047|S155|S138|S066|S079|S064|S123|S003,4,4.0,O022,2023-08-21T22:16:02,2024-04-21T22:16:02,8,0,lateral
CE01274,U0605,C242,I022,F010,O050,S047|S155|S138|S066|S079|S064|S123|S003,5,4.0,O050,2024-04-21T22:16:02,,14,1,promotion
CE01275,U0606,C082,I015,F003,O014,S042|S004|S185|S002|S117|S141,3,,,2023-04-14T20:08:51,2023-12-14T20:08:51,8,0,first_job
CE01276,U0606,C082,I015,F004,O017,S042|S004|S185|S002|S117|S141,5,3.0,O014,2023-12-14T20:08:51,,49,2,promotion
CE01277,U0607,C217,I007,F018,O092,S117|S034|S099|S076|S108|S071,7,,,2023-03-24T06:06:30,2023-10-24T06:06:30,7,0,first_job
CE01278,U0607,C145,I012,F018,O092,S117|S034|S099|S076|S108|S071,7,7.0,O092,2023-10-24T06:06:30,2024-06-24T06:06:30,8,0,lateral
CE01279,U0607,C145,I012,F018,O092,S117|S034|S099|S076|S108|S071,6,7.0,O092,2024-06-24T06:06:30,,15,-1,demotion
CE01280,U0608,C228,I008,F015,O077,S193|S186|S044|S208|S032|S173|S235|S175,1,,,2023-03-18T05:02:59,2023-09-18T05:02:59,6,0,first_job
CE01281,U0608,C147,I008,F015,O076,S193|S186|S044|S208|S032|S173|S235|S175,3,1.0,O077,2023-09-18T05:02:59,2024-06-18T05:02:59,9,2,promotion
CE01282,U0608,C112,I008,F015,O079,S193|S186|S044|S208|S032|S173|S235|S175,5,3.0,O076,2024-06-18T05:02:59,,18,2,promotion
CE01283,U0609,C165,I017,F011,O058,S088|S161|S180|S224|S157,6,,,2023-01-10T15:56:38,,35,0,first_job
CE01284,U0610,C210,I024,F016,O086,S198|S185|S126|S026|S206,1,,,2023-02-20T09:10:25,2023-09-20T09:10:25,7,0,first_job
CE01285,U0610,C210,I024,F016,O086,S198|S185|S126|S026|S206,6,1.0,O086,2023-09-20T09:10:25,2024-03-20T09:10:25,6,5,promotion
CE01286,U0610,C033,I024,F016,O086,S198|S185|S126|S026|S206,2,6.0,O086,2024-03-20T09:10:25,,52,-4,demotion
CE01287,U0611,C095,I012,F011,O055,S075|S191|S219|S033|S057,2,,,2023-01-02T14:29:35,2024-01-02T14:29:35,12,0,first_job
CE01288,U0611,C095,I012,F011,O059,S075|S191|S219|S033|S057,6,2.0,O055,2024-01-02T14:29:35,,8,4,promotion
CE01289,U0612,C087,I011,F009,O044,S115|S043|S231|S093|S240,2,,,2023-01-20T18:03:32,,45,0,first_job
CE01290,U0613,C062,I010,F001,O006,S047|S015|S209|S033|S030|S219|S100|S099,2,,,2023-01-14T00:06:44,2023-10-14T00:06:44,9,0,first_job
CE01291,U0613,C198,I002,F001,O004,S047|S015|S209|S033|S030|S219|S100|S099,6,2.0,O006,2023-10-14T00:06:44,2024-04-14T00:06:44,6,4,promotion
CE01292,U0613,C198,I002,F001,O005,S047|S015|S209|S033|S030|S219|S100|S099,6,6.0,O004,2024-04-14T00:06:44,,58,0,lateral
CE01293,U0614,C014,I007,F013,O066,S200|S058|S161|S199|S175|S035|S155,7,,,2023-09-09T13:27:20,2024-09-09T13:27:20,12,0,first_job
CE01294,U0614,C097,I007,F013,O066,S200|S058|S161|S199|S175|S035|S155,7,7.0,O066,2024-09-09T13:27:20,,18,0,lateral
CE01295,U0615,C062,I010,F011,O059,S006|S042|S045|S234|S214|S125|S186,4,,,2023-01-19T19:19:39,2023-07-19T19:19:39,6,0,first_job
CE01296,U0615,C062,I010,F005,O024,S006|S042|S045|S234|S214|S125|S186,6,4.0,O059,2023-07-19T19:19:39,2024-02-19T19:19:39,7,2,promotion
CE01297,U0615,C062,I010,F005,O024,S006|S042|S045|S234|S214|S125|S186,7,6.0,O024,2024-02-19T19:19:39,,35,1,promotion
CE01298,U0616,C048,I005,F012,O060,S185|S193|S086|S088|S103|S089,7,,,2023-08-05T19:27:38,2024-03-05T19:27:38,7,0,first_job
CE01299,U0616,C100,I005,F012,O062,S185|S193|S086|S088|S103|S089,7,7.0,O060,2024-03-05T19:27:38,,26,0,lateral
CE01300,U0617,C176,I007,F016,O081,S024|S187|S089|S202|S110|S018|S141,4,,,2023-08-04T19:13:23,2024-04-04T19:13:23,8,0,first_job
CE01301,U0617,C176,I007,F016,O084,S024|S187|S089|S202|S110|S018|S141,4,4.0,O081,2024-04-04T19:13:23,,18,0,lateral
CE01302,U0618,C310,I016,F015,O076,S014|S189|S037|S076|S219|S066,3,,,2023-01-03T11:30:35,,49,0,first_job
CE01303,U0619,C115,I017,F018,O095,S206|S079|S016|S233|S014|S027,4,,,2023-09-23T20:18:17,2024-05-23T20:18:17,8,0,first_job
CE01304,U0619,C135,I017,F015,O078,S206|S079|S016|S233|S014|S027,6,4.0,O095,2024-05-23T20:18:17,,27,2,promotion
CE01305,U0620,C318,I017,F010,O054,S048|S129|S010|S188|S122|S154|S158|S141,6,,,2023-01-17T12:45:59,,29,0,first_job
CE01306,U0621,C237,I016,F011,O055,S148|S209|S053|S057|S116|S218,1,,,2023-02-06T12:13:00,2023-11-06T12:13:00,9,0,first_job
CE01307,U0621,C158,I014,F011,O056,S148|S209|S053|S057|S116|S218,4,1.0,O055,2023-11-06T12:13:00,,50,3,promotion
CE01308,U0622,C267,I008,F012,O064,S204|S068|S231|S061|S039|S107|S227,2,,,2023-07-18T03:55:52,2024-05-18T03:55:52,10,0,first_job
CE01309,U0622,C243,I008,F007,O034,S204|S068|S231|S061|S039|S107|S227,4,2.0,O064,2024-05-18T03:55:52,,29,2,promotion
CE01310,U0623,C248,I020,F017,O090,S041|S118|S005|S064|S189|S128,2,,,2023-05-01T09:29:59,2024-01-01T09:29:59,8,0,first_job
CE01311,U0623,C248,I020,F017,O088,S041|S118|S005|S064|S189|S128,2,2.0,O090,2024-01-01T09:29:59,,38,0,lateral
CE01312,U0624,C143,I014,F006,O031,S130|S223|S080|S168|S209,3,,,2023-05-14T15:23:34,2024-05-14T15:23:34,12,0,first_job
CE01313,U0624,C175,I008,F006,O030,S130|S223|S080|S168|S209,5,3.0,O031,2024-05-14T15:23:34,,15,2,promotion
CE01314,U0625,C311,I018,F003,O013,S031|S093|S214|S077|S001|S076,2,,,2023-02-21T16:47:48,2023-11-21T16:47:48,9,0,first_job
CE01315,U0625,C311,I018,F011,O059,S031|S093|S214|S077|S001|S076,6,2.0,O013,2023-11-21T16:47:48,2024-08-21T16:47:48,9,4,promotion
CE01316,U0625,C311,I018,F011,O059,S031|S093|S214|S077|S001|S076,6,6.0,O059,2024-08-21T16:47:48,,11,0,lateral
CE01317,U0626,C013,I015,F010,O053,S223|S109|S038|S049|S224|S128|S179,5,,,2023-08-18T23:45:04,2024-04-18T23:45:04,8,0,first_job
CE01318,U0626,C008,I015,F010,O050,S223|S109|S038|S049|S224|S128|S179,5,5.0,O053,2024-04-18T23:45:04,,51,0,lateral
CE01319,U0627,C028,I018,F002,O011,S005|S182|S215|S186|S148|S075|S020,6,,,2023-04-19T10:41:30,2023-11-19T10:41:30,7,0,first_job
CE01320,U0627,C005,I018,F002,O007,S005|S182|S215|S186|S148|S075|S020,6,6.0,O011,2023-11-19T10:41:30,,29,0,lateral
CE01321,U0628,C264,I021,F010,O053,S148|S210|S239|S164|S136|S040|S126|S134,3,,,2023-01-25T23:33:41,,35,0,first_job
CE01322,U0629,C013,I015,F001,O004,S213|S225|S095|S146|S216|S076,3,,,2023-02-14T01:09:35,2023-08-14T01:09:35,6,0,first_job
CE01323,U0629,C299,I015,F001,O004,S213|S225|S095|S146|S216|S076,5,3.0,O004,2023-08-14T01:09:35,2024-02-14T01:09:35,6,2,promotion
CE01324,U0629,C313,I015,F004,O018,S213|S225|S095|S146|S216|S076,6,5.0,O004,2024-02-14T01:09:35,2024-08-14T01:09:35,6,1,promotion
CE01325,U0629,C313,I015,F004,O022,S213|S225|S095|S146|S216|S076,7,6.0,O018,2024-08-14T01:09:35,,58,1,promotion
CE01326,U0630,C137,I013,F013,O069,S206|S144|S148|S105|S163|S220,5,,,2023-09-17T13:08:39,2024-06-17T13:08:39,9,0,first_job
CE01327,U0630,C061,I006,F013,O066,S206|S144|S148|S105|S163|S220,7,5.0,O069,2024-06-17T13:08:39,,11,2,promotion
CE01328,U0631,C023,I015,F008,O039,S087|S169|S227|S224|S022|S099|S168,7,,,2023-03-19T14:02:54,2024-02-19T14:02:54,11,0,first_job
CE01329,U0631,C013,I015,F008,O041,S087|S169|S227|S224|S022|S099|S168,7,7.0,O039,2024-02-19T14:02:54,,39,0,lateral
CE01330,U0632,C132,I019,F013,O065,S003|S222|S056|S230|S011,1,,,2023-01-22T10:26:29,2023-07-22T10:26:29,6,0,first_job
CE01331,U0632,C168,I023,F013,O066,S003|S222|S056|S230|S011,2,1.0,O065,2023-07-22T10:26:29,2024-01-22T10:26:29,6,1,promotion
CE01332,U0632,C307,I023,F013,O070,S003|S222|S056|S230|S011,1,2.0,O066,2024-01-22T10:26:29,,23,-1,demotion
CE01333,U0633,C082,I015,F010,O053,S083|S059|S208|S200|S075,2,,,2023-03-22T22:09:10,2023-12-22T22:09:10,9,0,first_job
CE01334,U0633,C082,I015,F005,O024,S083|S059|S208|S200|S075,5,2.0,O053,2023-12-22T22:09:10,,40,3,promotion
CE01335,U0634,C127,I004,F009,O048,S197|S144|S164|S033|S090|S240,6,,,2023-08-12T10:59:43,2024-04-12T10:59:43,8,0,first_job
CE01336,U0634,C114,I014,F014,O073,S197|S144|S164|S033|S090|S240,6,6.0,O048,2024-04-12T10:59:43,,37,0,lateral
CE01337,U0635,C160,I005,F008,O041,S217|S133|S167|S121|S084|S214|S233,7,,,2023-01-08T21:23:06,,52,0,first_job
CE01338,U0636,C130,I014,F012,O062,S088|S109|S127|S236|S092|S096|S106|S181,1,,,2023-01-18T04:40:16,2023-07-18T04:40:16,6,0,first_job
CE01339,U0636,C265,I014,F012,O062,S088|S109|S127|S236|S092|S096|S106|S181,4,1.0,O062,2023-07-18T04:40:16,2024-01-18T04:40:16,6,3,promotion
CE01340,U0636,C206,I014,F012,O062,S088|S109|S127|S236|S092|S096|S106|S181,7,4.0,O062,2024-01-18T04:40:16,2024-07-18T04:40:16,6,3,promotion
CE01341,U0636,C016,I006,F012,O062,S088|S109|S127|S236|S092|S096|S106|S181,7,7.0,O062,2024-07-18T04:40:16,,7,0,lateral
CE01342,U0637,C137,I013,F018,O093,S222|S139|S012|S200|S140|S213|S132,6,,,2023-01-08T05:58:28,2023-08-08T05:58:28,7,0,first_job
CE01343,U0637,C170,I013,F018,O092,S222|S139|S012|S200|S140|S213|S132,7,6.0,O093,2023-08-08T05:58:28,2024-05-08T05:58:28,9,1,promotion
CE01344,U0637,C170,I013,F018,O096,S222|S139|S012|S200|S140|S213|S132,7,7.0,O092,2024-05-08T05:58:28,,28,0,lateral
CE01345,U0638,C043,I019,F015,O079,S214|S044|S217|S231|S188,5,,,2023-03-08T04:24:04,2024-02-08T04:24:04,11,0,first_job
CE01346,U0638,C221,I019,F015,O076,S214|S044|S217|S231|S188,1,5.0,O079,2024-02-08T04:24:04,,33,-4,demotion
CE01347,U0639,C218,I021,F011,O059,S239|S196|S057|S026|S190,4,,,2023-06-19T16:55:59,2024-02-19T16:55:59,8,0,first_job
CE01348,U0639,C218,I021,F011,O059,S239|S196|S057|S026|S190,6,4.0,O059,2024-02-19T16:55:59,,17,2,promotion
CE01349,U0640,C303,I008,F013,O066,S194|S154|S054|S200|S236,7,,,2023-06-02T02:36:58,2024-05-02T02:36:58,11,0,first_job
CE01350,U0640,C056,I008,F010,O051,S194|S154|S054|S200|S236,7,7.0,O066,2024-05-02T02:36:58,,12,0,lateral
CE01351,U0641,C311,I018,F006,O031,S097|S229|S232|S219|S154|S153|S094|S205,7,,,2023-01-23T23:49:33,,35,0,first_job
CE01352,U0642,C242,I022,F007,O034,S171|S004|S172|S084|S179|S094|S122|S024,7,,,2023-01-04T00:44:44,2023-07-04T00:44:44,6,0,first_job
CE01353,U0642,C242,I022,F015,O080,S171|S004|S172|S084|S179|S094|S122|S024,7,7.0,O034,2023-07-04T00:44:44,2024-01-04T00:44:44,6,0,lateral
CE01354,U0642,C242,I022,F002,O007,S171|S004|S172|S084|S179|S094|S122|S024,7,7.0,O080,2024-01-04T00:44:44,,30,0,lateral
CE01355,U0643,C018,I020,F007,O034,S012|S035|S073|S201|S091|S188,3,,,2023-01-17T16:42:23,,32,0,first_job
CE01356,U0644,C143,I014,F008,O040,S133|S173|S111|S178|S153,5,,,2023-07-24T15:45:39,2024-04-24T15:45:39,9,0,first_job
CE01357,U0644,C084,I014,F008,O040,S133|S173|S111|S178|S153,5,5.0,O040,2024-04-24T15:45:39,,33,0,lateral
CE01358,U0645,C259,I009,F012,O061,S083|S071|S119|S020|S014,5,,,2023-06-21T00:34:48,2024-02-21T00:34:48,8,0,first_job
CE01359,U0645,C259,I009,F012,O061,S083|S071|S119|S020|S014,6,5.0,O061,2024-02-21T00:34:48,,34,1,promotion
CE01360,U0646,C298,I012,F005,O025,S183|S123|S054|S065|S076,3,,,2023-04-15T02:51:31,2023-10-15T02:51:31,6,0,first_job
CE01361,U0646,C298,I012,F004,O018,S183|S123|S054|S065|S076,5,3.0,O025,2023-10-15T02:51:31,,26,2,promotion
CE01362,U0647,C040,I007,F017,O089,S223|S080|S076|S151|S011|S117|S198,7,,,2023-03-18T06:22:31,2023-10-18T06:22:31,7,0,first_job
CE01363,U0647,C014,I007,F017,O090,S223|S080|S076|S151|S011|S117|S198,5,7.0,O089,2023-10-18T06:22:31,,7,-2,demotion
CE01364,U0648,C045,I009,F010,O049,S088|S203|S134|S199|S033|S066,7,,,2023-07-02T11:04:29,2024-07-02T11:04:29,12,0,first_job
CE01365,U0648,C280,I020,F010,O049,S088|S203|S134|S199|S033|S066,7,7.0,O049,2024-07-02T11:04:29,,33,0,lateral
CE01366,U0649,C153,I023,F003,O014,S145|S211|S216|S087|S152|S024|S133,6,,,2023-09-22T22:47:58,2024-04-22T22:47:58,7,0,first_job
CE01367,U0649,C168,I023,F013,O069,S145|S211|S216|S087|S152|S024|S133,7,6.0,O014,2024-04-22T22:47:58,,30,1,promotion
CE01368,U0650,C268,I002,F009,O047,S218|S061|S038|S079|S130,2,,,2023-02-14T20:15:53,2023-09-14T20:15:53,7,0,first_job
CE01369,U0650,C268,I002,F009,O047,S218|S061|S038|S079|S130,2,2.0,O047,2023-09-14T20:15:53,2024-03-14T20:15:53,6,0,lateral
CE01370,U0650,C248,I020,F009,O047,S218|S061|S038|S079|S130,7,2.0,O047,2024-03-14T20:15:53,,14,5,promotion
CE01371,U0651,C168,I023,F004,O020,S182|S044|S047|S209|S028|S108|S199|S171,6,,,2023-04-08T11:56:22,2024-03-08T11:56:22,11,0,first_job
CE01372,U0651,C168,I023,F004,O022,S182|S044|S047|S209|S028|S108|S199|S171,6,6.0,O020,2024-03-08T11:56:22,,20,0,lateral
CE01373,U0652,C088,I009,F008,O041,S100|S004|S232|S145|S183,3,,,2023-08-12T18:29:04,2024-07-12T18:29:04,11,0,first_job
CE01374,U0652,C018,I020,F008,O043,S100|S004|S232|S145|S183,5,3.0,O041,2024-07-12T18:29:04,,18,2,promotion
CE01375,U0653,C203,I002,F004,O017,S161|S139|S099|S024|S075|S144,6,,,2023-09-05T13:05:41,2024-05-05T13:05:41,8,0,first_job
CE01376,U0653,C203,I002,F004,O019,S161|S139|S099|S024|S075|S144,7,6.0,O017,2024-05-05T13:05:41,,11,1,promotion
CE01377,U0654,C219,I024,F010,O050,S234|S199|S163|S148|S218|S057,5,,,2023-01-20T10:48:24,,38,0,first_job
CE01378,U0655,C060,I011,F018,O094,S134|S038|S096|S086|S126|S230|S234,7,,,2023-03-23T06:42:27,2024-01-23T06:42:27,10,0,first_job
CE01379,U0655,C060,I011,F018,O094,S134|S038|S096|S086|S126|S230|S234,7,7.0,O094,2024-01-23T06:42:27,,52,0,lateral
CE01380,U0656,C181,I012,F018,O095,S190|S219|S112|S127|S064|S053,5,,,2023-01-15T12:09:09,2023-11-15T12:09:09,10,0,first_job
CE01381,U0656,C026,I012,F018,O095,S190|S219|S112|S127|S064|S053,6,5.0,O095,2023-11-15T12:09:09,,20,1,promotion
CE01382,U0657,C316,I013,F004,O020,S030|S076|S174|S152|S228|S109,2,,,2023-08-04T02:56:12,2024-06-04T02:56:12,10,0,first_job
CE01383,U0657,C316,I013,F004,O018,S030|S076|S174|S152|S228|S109,6,2.0,O020,2024-06-04T02:56:12,,49,4,promotion
CE01384,U0658,C168,I023,F008,O039,S082|S102|S094|S092|S219,4,,,2023-09-21T01:50:38,2024-08-21T01:50:38,11,0,first_job
CE01385,U0658,C168,I023,F008,O039,S082|S102|S094|S092|S219,5,4.0,O039,2024-08-21T01:50:38,,43,1,promotion
CE01386,U0659,C104,I024,F003,O012,S105|S048|S137|S090|S230,7,,,2023-03-05T16:14:40,2023-09-05T16:14:40,6,0,first_job
CE01387,U0659,C104,I024,F003,O016,S105|S048|S137|S090|S230,7,7.0,O012,2023-09-05T16:14:40,2024-03-05T16:14:40,6,0,lateral
CE01388,U0659,C104,I024,F003,O013,S105|S048|S137|S090|S230,6,7.0,O016,2024-03-05T16:14:40,,31,-1,demotion
CE01389,U0660,C215,I020,F006,O028,S168|S234|S190|S025|S123|S179|S100|S130,5,,,2023-06-05T11:58:54,2024-02-05T11:58:54,8,0,first_job
CE01390,U0660,C073,I001,F006,O031,S168|S234|S190|S025|S123|S179|S100|S130,7,5.0,O028,2024-02-05T11:58:54,,46,2,promotion
CE01391,U0661,C113,I004,F014,O071,S083|S224|S195|S176|S054|S212,5,,,2023-05-05T11:42:25,2023-11-05T11:42:25,6,0,first_job
CE01392,U0661,C214,I022,F015,O076,S083|S224|S195|S176|S054|S212,5,5.0,O071,2023-11-05T11:42:25,,31,0,lateral
CE01393,U0662,C101,I007,F014,O074,S052|S225|S164|S133|S060|S096|S237,6,,,2023-02-11T10:50:52,2023-08-11T10:50:52,6,0,first_job
CE01394,U0662,C101,I007,F014,O072,S052|S225|S164|S133|S060|S096|S237,6,6.0,O074,2023-08-11T10:50:52,2024-05-11T10:50:52,9,0,lateral
CE01395,U0662,C197,I007,F010,O053,S052|S225|S164|S133|S060|S096|S237,7,6.0,O072,2024-05-11T10:50:52,,35,1,promotion
CE01396,U0663,C318,I017,F017,O088,S030|S028|S053|S208|S147|S041|S196,5,,,2023-01-10T10:58:37,2023-07-10T10:58:37,6,0,first_job
CE01397,U0663,C318,I017,F017,O091,S030|S028|S053|S208|S147|S041|S196,1,5.0,O088,2023-07-10T10:58:37,2024-01-10T10:58:37,6,-4,demotion
CE01398,U0663,C318,I017,F017,O091,S030|S028|S053|S208|S147|S041|S196,1,1.0,O091,2024-01-10T10:58:37,2024-07-10T10:58:37,6,0,lateral
CE01399,U0663,C069,I015,F017,O089,S030|S028|S053|S208|S147|S041|S196,5,1.0,O091,2024-07-10T10:58:37,2025-01-10T10:58:37,6,4,promotion
CE01400,U0663,C082,I015,F003,O012,S030|S028|S053|S208|S147|S041|S196,5,5.0,O089,2025-01-10T10:58:37,,60,0,lateral
CE01401,U0664,C202,I022,F011,O056,S154|S159|S060|S223|S011|S117|S182|S094,5,,,2023-01-06T03:39:53,,9,0,first_job
CE01402,U0665,C223,I012,F015,O079,S041|S119|S055|S162|S098|S082,1,,,2023-02-08T06:13:35,2023-11-08T06:13:35,9,0,first_job
CE01403,U0665,C223,I012,F015,O080,S041|S119|S055|S162|S098|S082,6,1.0,O079,2023-11-08T06:13:35,2024-08-08T06:13:35,9,5,promotion
CE01404,U0665,C223,I012,F015,O076,S041|S119|S055|S162|S098|S082,7,6.0,O080,2024-08-08T06:13:35,,8,1,promotion
CE01405,U0666,C093,I002,F017,O088,S109|S147|S040|S157|S185|S198|S160|S209,7,,,2023-01-19T10:12:00,,52,0,first_job
CE01406,U0667,C228,I008,F006,O029,S146|S224|S053|S158|S069|S124|S147|S211,5,,,2023-08-06T14:28:21,2024-05-06T14:28:21,9,0,first_job
CE01407,U0667,C228,I008,F006,O032,S146|S224|S053|S158|S069|S124|S147|S211,6,5.0,O029,2024-05-06T14:28:21,,43,1,promotion
CE01408,U0668,C297,I023,F011,O058,S006|S009|S021|S118|S069|S122|S104,5,,,2023-02-07T11:07:07,2023-10-07T11:07:07,8,0,first_job
CE01409,U0668,C236,I023,F010,O051,S006|S009|S021|S118|S069|S122|S104,6,5.0,O058,2023-10-07T11:07:07,2024-06-07T11:07:07,8,1,promotion
CE01410,U0668,C153,I023,F010,O050,S006|S009|S021|S118|S069|S122|S104,7,6.0,O051,2024-06-07T11:07:07,,41,1,promotion
CE01411,U0669,C108,I024,F001,O005,S229|S019|S051|S236|S034|S064|S020,2,,,2023-03-07T22:48:26,2023-10-07T22:48:26,7,0,first_job
CE01412,U0669,C108,I024,F001,O004,S229|S019|S051|S236|S034|S064|S020,2,2.0,O005,2023-10-07T22:48:26,,32,0,lateral
CE01413,U0670,C255,I011,F012,O062,S068|S154|S074|S109|S031,7,,,2023-04-23T03:46:48,2023-11-23T03:46:48,7,0,first_job
CE01414,U0670,C139,I008,F016,O084,S068|S154|S074|S109|S031,7,7.0,O062,2023-11-23T03:46:48,,56,0,lateral
CE01415,U0671,C079,I021,F007,O036,S235|S126|S100|S176|S054|S063|S186|S239,3,,,2023-01-10T09:21:47,,44,0,first_job
CE01416,U0672,C303,I008,F014,O075,S038|S195|S168|S111|S158|S051|S152|S129,2,,,2023-03-09T16:53:37,2023-11-09T16:53:37,8,0,first_job
CE01417,U0672,C243,I008,F014,O072,S038|S195|S168|S111|S158|S051|S152|S129,1,2.0,O075,2023-11-09T16:53:37,2024-05-09T16:53:37,6,-1,demotion
CE01418,U0672,C243,I008,F014,O072,S038|S195|S168|S111|S158|S051|S152|S129,6,1.0,O072,2024-05-09T16:53:37,,56,5,promotion
CE01419,U0673,C011,I004,F004,O022,S081|S153|S142|S105|S231|S026|S159|S200,7,,,2023-06-12T18:01:56,2024-03-12T18:01:56,9,0,first_job
CE01420,U0673,C011,I004,F004,O018,S081|S153|S142|S105|S231|S026|S159|S200,3,7.0,O022,2024-03-12T18:01:56,,45,-4,demotion
CE01421,U0674,C217,I007,F001,O006,S109|S047|S095|S130|S153,4,,,2023-01-16T01:57:14,2023-09-16T01:57:14,8,0,first_job
CE01422,U0674,C217,I007,F001,O006,S109|S047|S095|S130|S153,3,4.0,O006,2023-09-16T01:57:14,2024-06-16T01:57:14,9,-1,demotion
CE01423,U0674,C188,I009,F001,O003,S109|S047|S095|S130|S153,3,3.0,O006,2024-06-16T01:57:14,,40,0,lateral
CE01424,U0675,C276,I010,F007,O038,S115|S038|S175|S184|S217|S021|S205|S107,2,,,2023-05-10T11:25:47,2024-05-10T11:25:47,12,0,first_job
CE01425,U0675,C192,I010,F003,O013,S115|S038|S175|S184|S217|S021|S205|S107,2,2.0,O038,2024-05-10T11:25:47,,58,0,lateral
CE01426,U0676,C099,I020,F006,O030,S045|S204|S218|S142|S074|S042|S240|S169,3,,,2023-01-15T00:05:13,,12,0,first_job
CE01427,U0677,C001,I003,F015,O080,S039|S186|S225|S033|S178,6,,,2023-09-15T00:08:06,2024-07-15T00:08:06,10,0,first_job
CE01428,U0677,C009,I003,F005,O025,S039|S186|S225|S033|S178,6,6.0,O080,2024-07-15T00:08:06,,54,0,lateral
CE01429,U0678,C152,I019,F007,O035,S034|S087|S045|S155|S212|S157|S065,6,,,2023-01-06T01:28:14,,40,0,first_job
CE01430,U0679,C240,I002,F018,O094,S168|S108|S220|S109|S072|S001,6,,,2023-05-02T06:02:56,2024-03-02T06:02:56,10,0,first_job
CE01431,U0679,C240,I002,F018,O094,S168|S108|S220|S109|S072|S001,7,6.0,O094,2024-03-02T06:02:56,,22,1,promotion
CE01432,U0680,C198,I002,F009,O046,S099|S231|S108|S208|S156|S200|S159,6,,,2023-02-23T22:51:50,2023-11-23T22:51:50,9,0,first_job
CE01433,U0680,C198,I002,F010,O049,S099|S231|S108|S208|S156|S200|S159,6,6.0,O046,2023-11-23T22:51:50,,30,0,lateral
CE01434,U0681,C206,I014,F007,O033,S023|S098|S108|S183|S046|S003|S128|S137,1,,,2023-01-24T22:09:12,,15,0,first_job
CE01435,U0682,C242,I022,F008,O042,S065|S007|S211|S095|S142|S140,3,,,2023-01-07T21:04:33,,57,0,first_job
CE01436,U0683,C011,I004,F016,O084,S145|S184|S148|S146|S202|S102,4,,,2023-01-21T10:32:24,,42,0,first_job
CE01437,U0684,C107,I006,F006,O031,S221|S099|S066|S166|S157|S135|S050|S011,7,,,2023-09-11T21:20:03,2024-07-11T21:20:03,10,0,first_job
CE01438,U0684,C038,I006,F006,O031,S221|S099|S066|S166|S157|S135|S050|S011,7,7.0,O031,2024-07-11T21:20:03,,57,0,lateral
CE01439,U0685,C246,I024,F009,O045,S018|S048|S015|S207|S092|S027,6,,,2023-01-24T00:42:23,2023-10-24T00:42:23,9,0,first_job
CE01440,U0685,C246,I024,F018,O093,S018|S048|S015|S207|S092|S027,7,6.0,O045,2023-10-24T00:42:23,2024-05-24T00:42:23,7,1,promotion
CE01441,U0685,C141,I019,F018,O094,S018|S048|S015|S207|S092|S027,7,7.0,O093,2024-05-24T00:42:23,,25,0,lateral
CE01442,U0686,C120,I017,F005,O025,S037|S008|S060|S221|S161|S185|S053,4,,,2023-06-12T15:24:46,2024-05-12T15:24:46,11,0,first_job
CE01443,U0686,C120,I017,F005,O027,S037|S008|S060|S221|S161|S185|S053,7,4.0,O025,2024-05-12T15:24:46,,17,3,promotion
CE01444,U0687,C243,I008,F004,O018,S181|S124|S205|S014|S020|S188|S007|S123,5,,,2023-01-23T02:01:40,,30,0,first_job
CE01445,U0688,C031,I003,F009,O044,S113|S068|S003|S161|S208|S040|S076|S178,6,,,2023-07-22T05:07:24,2024-01-22T05:07:24,6,0,first_job
CE01446,U0688,C050,I013,F015,O079,S113|S068|S003|S161|S208|S040|S076|S178,7,6.0,O044,2024-01-22T05:07:24,,41,1,promotion
CE01447,U0689,C133,I021,F015,O076,S052|S105|S109|S144|S069|S210|S007,7,,,2023-01-07T01:51:17,,7,0,first_job
CE01448,U0690,C233,I006,F014,O071,S055|S071|S205|S174|S027|S025|S083|S202,7,,,2023-08-22T05:03:17,2024-08-22T05:03:17,12,0,first_job
CE01449,U0690,C021,I006,F014,O071,S055|S071|S205|S174|S027|S025|S083|S202,7,7.0,O071,2024-08-22T05:03:17,,38,0,lateral
CE01450,U0691,C178,I022,F015,O077,S182|S220|S025|S227|S215|S202,5,,,2023-03-19T07:04:36,2023-10-19T07:04:36,7,0,first_job
CE01451,U0691,C178,I022,F016,O082,S182|S220|S025|S227|S215|S202,6,5.0,O077,2023-10-19T07:04:36,2024-04-19T07:04:36,6,1,promotion
CE01452,U0691,C225,I022,F016,O086,S182|S220|S025|S227|S215|S202,6,6.0,O082,2024-04-19T07:04:36,,28,0,lateral
CE01453,U0692,C180,I005,F001,O005,S096|S015|S234|S028|S024|S077|S187|S195,1,,,2023-04-02T00:09:10,2024-01-02T00:09:10,9,0,first_job
CE01454,U0692,C180,I005,F001,O001,S096|S015|S234|S028|S024|S077|S187|S195,4,1.0,O005,2024-01-02T00:09:10,,13,3,promotion
CE01455,U0693,C309,I020,F007,O037,S043|S193|S231|S121|S163|S130,6,,,2023-04-20T12:12:26,2024-03-20T12:12:26,11,0,first_job
CE01456,U0693,C315,I003,F007,O037,S043|S193|S231|S121|S163|S130,7,6.0,O037,2024-03-20T12:12:26,,47,1,promotion
CE01457,U0694,C247,I003,F011,O058,S231|S182|S129|S086|S092|S078|S153|S235,7,,,2023-04-07T08:19:27,2023-12-07T08:19:27,8,0,first_job
CE01458,U0694,C003,I003,F001,O005,S231|S182|S129|S086|S092|S078|S153|S235,6,7.0,O058,2023-12-07T08:19:27,,21,-1,demotion
CE01459,U0695,C008,I015,F012,O064,S103|S123|S165|S176|S006|S117,2,,,2023-02-04T06:24:04,2023-09-04T06:24:04,7,0,first_job
CE01460,U0695,C231,I015,F001,O006,S103|S123|S165|S176|S006|S117,1,2.0,O064,2023-09-04T06:24:04,2024-05-04T06:24:04,8,-1,demotion
CE01461,U0695,C025,I014,F001,O003,S103|S123|S165|S176|S006|S117,1,1.0,O006,2024-05-04T06:24:04,,10,0,lateral
CE01462,U0696,C171,I018,F017,O090,S135|S192|S066|S052|S035,2,,,2023-01-04T12:47:12,,7,0,first_job
CE01463,U0697,C201,I014,F013,O065,S156|S147|S225|S012|S148|S133,1,,,2023-03-13T14:04:35,2023-10-13T14:04:35,7,0,first_job
CE01464,U0697,C201,I014,F013,O068,S156|S147|S225|S012|S148|S133,1,1.0,O065,2023-10-13T14:04:35,2024-05-13T14:04:35,7,0,lateral
CE01465,U0697,C166,I018,F013,O065,S156|S147|S225|S012|S148|S133,1,1.0,O068,2024-05-13T14:04:35,,52,0,lateral
CE01466,U0698,C099,I020,F015,O076,S190|S213|S060|S029|S035,4,,,2023-08-13T15:39:47,2024-05-13T15:39:47,9,0,first_job
CE01467,U0698,C251,I004,F015,O076,S190|S213|S060|S029|S035,7,4.0,O076,2024-05-13T15:39:47,,9,3,promotion
CE01468,U0699,C253,I021,F016,O081,S054|S134|S072|S026|S050,6,,,2023-01-09T14:17:25,,7,0,first_job
CE01469,U0700,C058,I020,F006,O032,S067|S106|S028|S118|S036|S023|S141|S219,1,,,2023-02-01T08:15:15,2023-08-01T08:15:15,6,0,first_job
CE01470,U0700,C058,I020,F001,O002,S067|S106|S028|S118|S036|S023|S141|S219,1,1.0,O032,2023-08-01T08:15:15,,49,0,lateral
CE01471,U0701,C120,I017,F006,O029,S115|S127|S119|S001|S149|S156|S137|S044,3,,,2023-05-02T08:06:24,2024-03-02T08:06:24,10,0,first_job
CE01472,U0701,C165,I017,F013,O069,S115|S127|S119|S001|S149|S156|S137|S044,6,3.0,O029,2024-03-02T08:06:24,,60,3,promotion
CE01473,U0702,C183,I006,F017,O090,S201|S144|S153|S193|S068,7,,,2023-01-06T22:06:11,,42,0,first_job
CE01474,U0703,C038,I006,F013,O065,S067|S041|S199|S066|S047,4,,,2023-04-15T03:28:06,2024-04-15T03:28:06,12,0,first_job
CE01475,U0703,C038,I006,F013,O065,S067|S041|S199|S066|S047,4,4.0,O065,2024-04-15T03:28:06,,57,0,lateral
CE01476,U0704,C230,I002,F002,O007,S038|S044|S189|S160|S207|S122,7,,,2023-03-03T08:43:28,2023-12-03T08:43:28,9,0,first_job
CE01477,U0704,C230,I002,F013,O068,S038|S044|S189|S160|S207|S122,7,7.0,O007,2023-12-03T08:43:28,,59,0,lateral
CE01478,U0705,C001,I003,F010,O053,S026|S047|S192|S146|S124,1,,,2023-05-03T09:57:24,2023-11-03T09:57:24,6,0,first_job
CE01479,U0705,C222,I003,F018,O096,S026|S047|S192|S146|S124,5,1.0,O053,2023-11-03T09:57:24,,19,4,promotion
CE01480,U0706,C281,I008,F011,O058,S176|S129|S070|S186|S112|S098,7,,,2023-01-16T09:15:20,,40,0,first_job
CE01481,U0707,C125,I007,F008,O043,S004|S149|S136|S225|S059|S005|S055,2,,,2023-09-05T23:53:53,2024-04-05T23:53:53,7,0,first_job
CE01482,U0707,C057,I023,F008,O043,S004|S149|S136|S225|S059|S005|S055,2,2.0,O043,2024-04-05T23:53:53,,33,0,lateral
CE01483,U0708,C203,I002,F003,O015,S023|S239|S002|S188|S096,7,,,2023-01-08T08:33:07,2023-12-08T08:33:07,11,0,first_job
CE01484,U0708,C067,I002,F006,O031,S023|S239|S002|S188|S096,7,7.0,O015,2023-12-08T08:33:07,,54,0,lateral
CE01485,U0709,C112,I008,F010,O050,S237|S068|S175|S202|S229|S077|S155|S079,2,,,2023-07-24T06:01:41,2024-07-24T06:01:41,12,0,first_job
CE01486,U0709,C112,I008,F010,O050,S237|S068|S175|S202|S229|S077|S155|S079,5,2.0,O050,2024-07-24T06:01:41,,51,3,promotion
CE01487,U0710,C173,I016,F009,O045,S074|S051|S220|S022|S197|S073,3,,,2023-02-05T16:55:42,2023-08-05T16:55:42,6,0,first_job
CE01488,U0710,C126,I016,F012,O063,S074|S051|S220|S022|S197|S073,7,3.0,O045,2023-08-05T16:55:42,2024-05-05T16:55:42,9,4,promotion
CE01489,U0710,C126,I016,F012,O063,S074|S051|S220|S022|S197|S073,7,7.0,O063,2024-05-05T16:55:42,,38,0,lateral
CE01490,U0711,C224,I004,F001,O006,S062|S198|S034|S115|S188|S058|S103,5,,,2023-02-19T11:43:29,2023-08-19T11:43:29,6,0,first_job
CE01491,U0711,C224,I004,F016,O081,S062|S198|S034|S115|S188|S058|S103,6,5.0,O006,2023-08-19T11:43:29,2024-02-19T11:43:29,6,1,promotion
CE01492,U0711,C224,I004,F016,O081,S062|S198|S034|S115|S188|S058|S103,7,6.0,O081,2024-02-19T11:43:29,,19,1,promotion
CE01493,U0712,C183,I006,F015,O080,S025|S052|S122|S091|S084|S239|S113,3,,,2023-02-13T08:36:51,2023-09-13T08:36:51,7,0,first_job
CE01494,U0712,C220,I006,F015,O077,S025|S052|S122|S091|S084|S239|S113,6,3.0,O080,2023-09-13T08:36:51,,13,3,promotion
CE01495,U0713,C112,I008,F010,O052,S178|S186|S119|S165|S225,4,,,2023-01-05T20:05:59,,17,0,first_job
CE01496,U0714,C100,I005,F004,O020,S034|S094|S047|S209|S124|S127|S077,2,,,2023-02-10T11:51:35,2023-11-10T11:51:35,9,0,first_job
CE01497,U0714,C273,I005,F001,O001,S034|S094|S047|S209|S124|S127|S077,6,2.0,O020,2023-11-10T11:51:35,,6,4,promotion
CE01498,U0715,C254,I022,F007,O037,S173|S225|S161|S019|S071|S037,2,,,2023-03-20T16:56:33,2023-10-20T16:56:33,7,0,first_job
CE01499,U0715,C254,I022,F008,O041,S173|S225|S161|S019|S071|S037,2,2.0,O037,2023-10-20T16:56:33,,55,0,lateral
CE01500,U0716,C035,I013,F006,O032,S031|S088|S060|S115|S137|S163|S039|S064,2,,,2023-04-25T10:40:44,2024-02-25T10:40:44,10,0,first_job
CE01501,U0716,C035,I013,F006,O032,S031|S088|S060|S115|S137|S163|S039|S064,5,2.0,O032,2024-02-25T10:40:44,,16,3,promotion
CE01502,U0717,C039,I023,F003,O016,S115|S140|S009|S175|S025|S123|S142|S019,2,,,2023-01-05T12:35:05,,45,0,first_job
CE01503,U0718,C169,I011,F011,O059,S059|S232|S162|S048|S061|S203|S014,7,,,2023-02-16T00:07:16,2023-11-16T00:07:16,9,0,first_job
CE01504,U0718,C169,I011,F011,O059,S059|S232|S162|S048|S061|S203|S014,7,7.0,O059,2023-11-16T00:07:16,2024-08-16T00:07:16,9,0,lateral
CE01505,U0718,C169,I011,F006,O028,S059|S232|S162|S048|S061|S203|S014,7,7.0,O059,2024-08-16T00:07:16,,30,0,lateral
CE01506,U0719,C125,I007,F012,O063,S228|S110|S064|S052|S138|S014|S019|S011,6,,,2023-01-08T15:08:55,2023-09-08T15:08:55,8,0,first_job
CE01507,U0719,C308,I012,F013,O068,S228|S110|S064|S052|S138|S014|S019|S011,7,6.0,O063,2023-09-08T15:08:55,2024-03-08T15:08:55,6,1,promotion
CE01508,U0719,C223,I012,F013,O070,S228|S110|S064|S052|S138|S014|S019|S011,7,7.0,O068,2024-03-08T15:08:55,,47,0,lateral
CE01509,U0720,C007,I017,F012,O063,S067|S131|S159|S163|S090,2,,,2023-01-19T20:38:03,,58,0,first_job
CE01510,U0721,C241,I013,F013,O065,S208|S185|S050|S079|S073|S214|S039|S048,1,,,2023-09-24T04:53:07,2024-08-24T04:53:07,11,0,first_job
CE01511,U0721,C241,I013,F013,O068,S208|S185|S050|S079|S073|S214|S039|S048,2,1.0,O065,2024-08-24T04:53:07,,52,1,promotion
CE01512,U0722,C306,I018,F014,O074,S009|S102|S033|S034|S093,5,,,2023-03-13T12:38:55,2024-01-13T12:38:55,10,0,first_job
CE01513,U0722,C028,I018,F014,O074,S009|S102|S033|S034|S093,7,5.0,O074,2024-01-13T12:38:55,,14,2,promotion
CE01514,U0723,C279,I021,F015,O077,S186|S128|S209|S048|S163,5,,,2023-07-13T10:45:33,2024-02-13T10:45:33,7,0,first_job
CE01515,U0723,C019,I018,F015,O077,S186|S128|S209|S048|S163,7,5.0,O077,2024-02-13T10:45:33,,30,2,promotion
CE01516,U0724,C215,I020,F002,O011,S039|S139|S117|S004|S193,2,,,2023-01-22T08:45:27,2023-10-22T08:45:27,9,0,first_job
CE01517,U0724,C030,I020,F002,O007,S039|S139|S117|S004|S193,3,2.0,O011,2023-10-22T08:45:27,,37,1,promotion
CE01518,U0725,C285,I024,F013,O065,S179|S134|S005|S207|S233|S160|S215|S144,7,,,2023-02-24T15:53:29,2023-09-24T15:53:29,7,0,first_job
CE01519,U0725,C285,I024,F013,O065,S179|S134|S005|S207|S233|S160|S215|S144,7,7.0,O065,2023-09-24T15:53:29,,39,0,lateral
CE01520,U0726,C121,I001,F008,O042,S024|S010|S036|S026|S071|S117|S197,2,,,2023-01-09T22:52:51,2023-10-09T22:52:51,9,0,first_job
CE01521,U0726,C015,I001,F008,O041,S024|S010|S036|S026|S071|S117|S197,6,2.0,O042,2023-10-09T22:52:51,2024-05-09T22:52:51,7,4,promotion
CE01522,U0726,C015,I001,F008,O039,S024|S010|S036|S026|S071|S117|S197,6,6.0,O041,2024-05-09T22:52:51,,49,0,lateral
CE01523,U0727,C119,I013,F001,O002,S181|S081|S011|S122|S213|S119|S228|S029,5,,,2023-01-17T19:44:30,,46,0,first_job
CE01524,U0728,C127,I004,F010,O052,S015|S167|S065|S072|S185|S062|S064,6,,,2023-03-10T09:33:44,2023-11-10T09:33:44,8,0,first_job
CE01525,U0728,C127,I004,F005,O023,S015|S167|S065|S072|S185|S062|S064,7,6.0,O052,2023-11-10T09:33:44,,40,1,promotion
CE01526,U0729,C029,I003,F009,O046,S005|S044|S131|S141|S136|S058|S094|S027,1,,,2023-09-09T03:03:54,2024-09-09T03:03:54,12,0,first_job
CE01527,U0729,C029,I003,F009,O046,S005|S044|S131|S141|S136|S058|S094|S027,1,1.0,O046,2024-09-09T03:03:54,,60,0,lateral
CE01528,U0730,C223,I012,F001,O001,S169|S154|S134|S061|S131|S103|S238,4,,,2023-03-10T23:34:20,2023-09-10T23:34:20,6,0,first_job
CE01529,U0730,C223,I012,F001,O004,S169|S154|S134|S061|S131|S103|S238,4,4.0,O001,2023-09-10T23:34:20,2024-03-10T23:34:20,6,0,lateral
CE01530,U0730,C164,I012,F017,O091,S169|S154|S134|S061|S131|S103|S238,6,4.0,O004,2024-03-10T23:34:20,2024-09-10T23:34:20,6,2,promotion
CE01531,U0730,C164,I012,F016,O082,S169|S154|S134|S061|S131|S103|S238,7,6.0,O091,2024-09-10T23:34:20,,15,1,promotion
CE01532,U0731,C223,I012,F006,O030,S075|S122|S151|S145|S108|S089|S050|S123,6,,,2023-01-06T03:13:14,2023-09-06T03:13:14,8,0,first_job
CE01533,U0731,C145,I012,F006,O032,S075|S122|S151|S145|S108|S089|S050|S123,7,6.0,O030,2023-09-06T03:13:14,2024-04-06T03:13:14,7,1,promotion
CE01534,U0731,C250,I012,F012,O064,S075|S122|S151|S145|S108|S089|S050|S123,7,7.0,O032,2024-04-06T03:13:14,,47,0,lateral
CE01535,U0732,C227,I019,F018,O092,S143|S223|S020|S062|S102,7,,,2023-08-15T23:49:21,2024-05-15T23:49:21,9,0,first_job
CE01536,U0732,C227,I019,F018,O092,S143|S223|S020|S062|S102,7,7.0,O092,2024-05-15T23:49:21,,49,0,lateral
CE01537,U0733,C051,I019,F003,O012,S209|S029|S208|S063|S098|S234,4,,,2023-01-20T09:03:19,,13,0,first_job
CE01538,U0734,C286,I009,F017,O091,S008|S102|S070|S209|S233,2,,,2023-07-19T17:31:55,2024-03-19T17:31:55,8,0,first_job
CE01539,U0734,C102,I009,F017,O091,S008|S102|S070|S209|S233,1,2.0,O091,2024-03-19T17:31:55,,38,-1,demotion
CE01540,U0735,C051,I019,F003,O016,S147|S068|S011|S033|S117,7,,,2023-02-24T12:21:13,2023-10-24T12:21:13,8,0,first_job
CE01541,U0735,C051,I019,F003,O014,S147|S068|S011|S033|S117,7,7.0,O016,2023-10-24T12:21:13,,17,0,lateral
CE01542,U0736,C288,I014,F012,O061,S206|S078|S038|S215|S037|S051,4,,,2023-03-12T00:55:15,2023-10-12T00:55:15,7,0,first_job
CE01543,U0736,C206,I014,F012,O061,S206|S078|S038|S215|S037|S051,7,4.0,O061,2023-10-12T00:55:15,,51,3,promotion
CE01544,U0737,C163,I002,F016,O086,S037|S172|S174|S208|S136|S041|S065|S098,2,,,2023-01-22T11:46:09,2023-07-22T11:46:09,6,0,first_job
CE01545,U0737,C163,I002,F003,O012,S037|S172|S174|S208|S136|S041|S065|S098,4,2.0,O086,2023-07-22T11:46:09,,35,2,promotion
CE01546,U0738,C180,I005,F008,O039,S067|S239|S181|S030|S098,1,,,2023-01-13T00:23:17,,56,0,first_job
CE01547,U0739,C135,I017,F017,O089,S208|S080|S187|S236|S006|S019,5,,,2023-03-17T22:56:18,2023-09-17T22:56:18,6,0,first_job
CE01548,U0739,C135,I017,F007,O033,S208|S080|S187|S236|S006|S019,5,5.0,O089,2023-09-17T22:56:18,2024-03-17T22:56:18,6,0,lateral
CE01549,U0739,C274,I017,F007,O038,S208|S080|S187|S236|S006|S019,6,5.0,O033,2024-03-17T22:56:18,2024-09-17T22:56:18,6,1,promotion
CE01550,U0739,C120,I017,F007,O033,S208|S080|S187|S236|S006|S019,7,6.0,O038,2024-09-17T22:56:18,,21,1,promotion
CE01551,U0740,C161,I009,F002,O008,S126|S224|S081|S221|S108|S068|S179,2,,,2023-01-22T22:44:56,,57,0,first_job
CE01552,U0741,C183,I006,F001,O004,S236|S085|S222|S160|S178|S167|S044,7,,,2023-07-06T20:29:43,2024-03-06T20:29:43,8,0,first_job
CE01553,U0741,C233,I006,F002,O011,S236|S085|S222|S160|S178|S167|S044,7,7.0,O004,2024-03-06T20:29:43,,31,0,lateral
CE01554,U0742,C262,I003,F005,O025,S018|S237|S229|S118|S122|S006|S121,5,,,2023-01-06T15:52:11,2024-01-06T15:52:11,12,0,first_job
CE01555,U0742,C262,I003,F005,O024,S018|S237|S229|S118|S122|S006|S121,6,5.0,O025,2024-01-06T15:52:11,,20,1,promotion
CE01556,U0743,C087,I011,F017,O091,S046|S143|S175|S204|S100|S190|S165|S120,2,,,2023-03-24T21:09:34,2023-09-24T21:09:34,6,0,first_job
CE01557,U0743,C103,I011,F015,O079,S046|S143|S175|S204|S100|S190|S165|S120,6,2.0,O091,2023-09-24T21:09:34,,32,4,promotion
CE01558,U0744,C031,I003,F002,O011,S010|S049|S165|S237|S017|S084|S075|S206,4,,,2023-08-13T03:21:16,2024-04-13T03:21:16,8,0,first_job
CE01559,U0744,C031,I003,F002,O011,S010|S049|S165|S237|S017|S084|S075|S206,5,4.0,O011,2024-04-13T03:21:16,,57,1,promotion
CE01560,U0745,C167,I002,F010,O051,S114|S088|S017|S147|S073|S003,5,,,2023-04-12T22:28:37,2023-12-12T22:28:37,8,0,first_job
CE01561,U0745,C167,I002,F007,O035,S114|S088|S017|S147|S073|S003,5,5.0,O051,2023-12-12T22:28:37,,12,0,lateral
CE01562,U0746,C317,I002,F018,O096,S109|S007|S223|S200|S149|S045|S044,6,,,2023-01-04T19:16:40,,40,0,first_job
CE01563,U0747,C061,I006,F006,O028,S205|S180|S225|S237|S048|S173,2,,,2023-01-09T14:20:55,2024-01-09T14:20:55,12,0,first_job
CE01564,U0747,C038,I006,F008,O042,S205|S180|S225|S237|S048|S173,2,2.0,O028,2024-01-09T14:20:55,,56,0,lateral
CE01565,U0748,C270,I003,F016,O082,S149|S034|S105|S058|S215,1,,,2023-01-06T06:12:40,,18,0,first_job
CE01566,U0749,C044,I017,F001,O002,S088|S111|S007|S225|S207|S012|S113,7,,,2023-07-23T15:24:08,2024-05-23T15:24:08,10,0,first_job
CE01567,U0749,C115,I017,F007,O038,S088|S111|S007|S225|S207|S012|S113,2,7.0,O002,2024-05-23T15:24:08,,35,-5,demotion
CE01568,U0750,C083,I024,F004,O020,S073|S128|S173|S136|S137|S072|S171,5,,,2023-01-12T09:11:36,2023-08-12T09:11:36,7,0,first_job
CE01569,U0750,C219,I024,F004,O020,S073|S128|S173|S136|S137|S072|S171,5,5.0,O020,2023-08-12T09:11:36,2024-02-12T09:11:36,6,0,lateral
CE01570,U0750,C219,I024,F004,O018,S073|S128|S173|S136|S137|S072|S171,5,5.0,O020,2024-02-12T09:11:36,,22,0,lateral
CE01571,U0751,C284,I016,F011,O057,S194|S103|S047|S105|S209|S129|S039,7,,,2023-05-21T19:59:13,2024-03-21T19:59:13,10,0,first_job
CE01572,U0751,C284,I016,F011,O057,S194|S103|S047|S105|S209|S129|S039,7,7.0,O057,2024-03-21T19:59:13,,34,0,lateral
CE01573,U0752,C219,I024,F018,O092,S111|S004|S181|S081|S064,3,,,2023-03-10T14:40:52,2024-03-10T14:40:52,12,0,first_job
CE01574,U0752,C225,I022,F018,O092,S111|S004|S181|S081|S064,4,3.0,O092,2024-03-10T14:40:52,,41,1,promotion
CE01575,U0753,C063,I003,F010,O053,S225|S239|S026|S068|S206|S227|S135|S011,6,,,2023-06-16T07:46:33,2024-05-16T07:46:33,11,0,first_job
CE01576,U0753,C262,I003,F010,O053,S225|S239|S026|S068|S206|S227|S135|S011,7,6.0,O053,2024-05-16T07:46:33,,54,1,promotion
CE01577,U0754,C095,I012,F015,O077,S078|S159|S122|S191|S011|S072|S110,3,,,2023-03-12T16:20:05,2023-11-12T16:20:05,8,0,first_job
CE01578,U0754,C218,I021,F015,O078,S078|S159|S122|S191|S011|S072|S110,6,3.0,O077,2023-11-12T16:20:05,2024-07-12T16:20:05,8,3,promotion
CE01579,U0754,C218,I021,F013,O065,S078|S159|S122|S191|S011|S072|S110,7,6.0,O078,2024-07-12T16:20:05,,36,1,promotion
CE01580,U0755,C007,I017,F017,O089,S039|S122|S230|S229|S111|S136|S219|S051,7,,,2023-03-10T18:13:46,2023-09-10T18:13:46,6,0,first_job
CE01581,U0755,C282,I017,F017,O088,S039|S122|S230|S229|S111|S136|S219|S051,7,7.0,O089,2023-09-10T18:13:46,2024-04-10T18:13:46,7,0,lateral
CE01582,U0755,C044,I017,F006,O029,S039|S122|S230|S229|S111|S136|S219|S051,7,7.0,O088,2024-04-10T18:13:46,,7,0,lateral
CE01583,U0756,C222,I003,F011,O057,S062|S190|S145|S224|S060,3,,,2023-01-04T16:40:24,,20,0,first_job
CE01584,U0757,C023,I015,F007,O033,S219|S067|S087|S021|S118|S005|S158|S041,6,,,2023-02-05T08:49:49,2023-10-05T08:49:49,8,0,first_job
CE01585,U0757,C013,I015,F006,O029,S219|S067|S087|S021|S118|S005|S158|S041,7,6.0,O033,2023-10-05T08:49:49,2024-06-05T08:49:49,8,1,promotion
CE01586,U0757,C013,I015,F006,O032,S219|S067|S087|S021|S118|S005|S158|S041,7,7.0,O029,2024-06-05T08:49:49,,36,0,lateral
CE01587,U0758,C210,I024,F008,O042,S234|S065|S087|S214|S153|S198,5,,,2023-09-18T15:57:55,2024-07-18T15:57:55,10,0,first_job
CE01588,U0758,C210,I024,F008,O042,S234|S065|S087|S214|S153|S198,6,5.0,O042,2024-07-18T15:57:55,,50,1,promotion
CE01589,U0759,C161,I009,F001,O002,S200|S010|S216|S221|S012|S116,2,,,2023-07-08T09:45:24,2024-02-08T09:45:24,7,0,first_job
CE01590,U0759,C161,I009,F001,O003,S200|S010|S216|S221|S012|S116,2,2.0,O002,2024-02-08T09:45:24,,47,0,lateral
CE01591,U0760,C091,I015,F006,O028,S037|S181|S160|S220|S029,6,,,2023-02-21T06:55:08,2023-12-21T06:55:08,10,0,first_job
CE01592,U0760,C294,I015,F012,O063,S037|S181|S160|S220|S029,7,6.0,O028,2023-12-21T06:55:08,,42,1,promotion
CE01593,U0761,C305,I018,F010,O049,S024|S181|S071|S208|S006,7,,,2023-02-08T04:51:17,2023-08-08T04:51:17,6,0,first_job
CE01594,U0761,C305,I018,F010,O054,S024|S181|S071|S208|S006,7,7.0,O049,2023-08-08T04:51:17,,33,0,lateral
CE01595,U0762,C072,I010,F015,O079,S025|S030|S068|S099|S007,4,,,2023-04-11T20:39:07,2024-03-11T20:39:07,11,0,first_job
CE01596,U0762,C172,I010,F014,O075,S025|S030|S068|S099|S007,6,4.0,O079,2024-03-11T20:39:07,,55,2,promotion
CE01597,U0763,C140,I022,F016,O081,S163|S172|S047|S067|S233|S086|S180|S239,7,,,2023-01-18T00:01:43,,42,0,first_job
CE01598,U0764,C279,I021,F004,O018,S240|S130|S111|S090|S119|S231|S106,2,,,2023-01-19T12:45:45,2023-09-19T12:45:45,8,0,first_job
CE01599,U0764,C133,I021,F018,O096,S240|S130|S111|S090|S119|S231|S106,6,2.0,O018,2023-09-19T12:45:45,2024-05-19T12:45:45,8,4,promotion
CE01600,U0764,C264,I021,F002,O008,S240|S130|S111|S090|S119|S231|S106,6,6.0,O096,2024-05-19T12:45:45,,36,0,lateral
CE01601,U0765,C311,I018,F010,O051,S028|S212|S191|S143|S131,3,,,2023-04-23T11:37:48,2023-10-23T11:37:48,6,0,first_job
CE01602,U0765,C028,I018,F010,O050,S028|S212|S191|S143|S131,3,3.0,O051,2023-10-23T11:37:48,,16,0,lateral
CE01603,U0766,C016,I006,F015,O080,S015|S022|S196|S171|S009|S047|S194|S018,3,,,2023-02-09T16:25:21,2023-09-09T16:25:21,7,0,first_job
CE01604,U0766,C233,I006,F015,O079,S015|S022|S196|S171|S009|S047|S194|S018,4,3.0,O080,2023-09-09T16:25:21,,45,1,promotion
CE01605,U0767,C154,I022,F007,O038,S135|S207|S083|S056|S114|S052,7,,,2023-04-12T00:47:56,2023-11-12T00:47:56,7,0,first_job
CE01606,U0767,C242,I022,F007,O038,S135|S207|S083|S056|S114|S052,7,7.0,O038,2023-11-12T00:47:56,,28,0,lateral
CE01607,U0768,C291,I024,F010,O051,S122|S014|S199|S215|S138,2,,,2023-02-13T01:07:08,2023-10-13T01:07:08,8,0,first_job
CE01608,U0768,C291,I024,F010,O053,S122|S014|S199|S215|S138,2,2.0,O051,2023-10-13T01:07:08,2024-05-13T01:07:08,7,0,lateral
CE01609,U0768,C291,I024,F010,O053,S122|S014|S199|S215|S138,2,2.0,O053,2024-05-13T01:07:08,,14,0,lateral
CE01610,U0769,C066,I021,F007,O033,S074|S016|S172|S040|S239,7,,,2023-04-20T00:50:40,2024-02-20T00:50:40,10,0,first_job
CE01611,U0769,C167,I002,F007,O035,S074|S016|S172|S040|S239,5,7.0,O033,2024-02-20T00:50:40,,40,-2,demotion
CE01612,U0770,C173,I016,F006,O031,S045|S228|S240|S067|S026|S141|S010|S146,2,,,2023-01-01T03:46:27,,37,0,first_job
CE01613,U0771,C145,I012,F002,O010,S062|S170|S129|S027|S079|S051|S156,1,,,2023-03-12T10:05:39,2023-09-12T10:05:39,6,0,first_job
CE01614,U0771,C250,I012,F002,O008,S062|S170|S129|S027|S079|S051|S156,1,1.0,O010,2023-09-12T10:05:39,,23,0,lateral
CE01615,U0772,C183,I006,F009,O044,S069|S232|S165|S199|S193|S219|S238,2,,,2023-08-07T18:08:32,2024-06-07T18:08:32,10,0,first_job
CE01616,U0772,C183,I006,F009,O046,S069|S232|S165|S199|S193|S219|S238,5,2.0,O044,2024-06-07T18:08:32,,33,3,promotion
CE01617,U0773,C021,I006,F013,O068,S153|S118|S127|S057|S170|S122|S058,3,,,2023-02-15T18:05:34,2023-10-15T18:05:34,8,0,first_job
CE01618,U0773,C021,I006,F013,O068,S153|S118|S127|S057|S170|S122|S058,3,3.0,O068,2023-10-15T18:05:34,,7,0,lateral
CE01619,U0774,C204,I016,F012,O060,S174|S109|S122|S064|S188,4,,,2023-02-17T13:29:02,2023-08-17T13:29:02,6,0,first_job
CE01620,U0774,C204,I016,F007,O037,S174|S109|S122|S064|S188,7,4.0,O060,2023-08-17T13:29:02,2024-02-17T13:29:02,6,3,promotion
CE01621,U0774,C059,I014,F005,O027,S174|S109|S122|S064|S188,3,7.0,O037,2024-02-17T13:29:02,,9,-4,demotion
CE01622,U0775,C300,I002,F017,O087,S115|S155|S083|S080|S226|S111,4,,,2023-07-17T20:16:07,2024-06-17T20:16:07,11,0,first_job
CE01623,U0775,C259,I009,F017,O090,S115|S155|S083|S080|S226|S111,5,4.0,O087,2024-06-17T20:16:07,,32,1,promotion
CE01624,U0776,C113,I004,F012,O063,S235|S216|S153|S102|S114|S211|S047,5,,,2023-02-25T05:16:42,2023-11-25T05:16:42,9,0,first_job
CE01625,U0776,C113,I004,F014,O074,S235|S216|S153|S102|S114|S211|S047,5,5.0,O063,2023-11-25T05:16:42,,35,0,lateral
CE01626,U0777,C237,I016,F008,O043,S155|S165|S025|S056|S221|S098|S225,3,,,2023-01-07T11:56:20,2023-07-07T11:56:20,6,0,first_job
CE01627,U0777,C237,I016,F008,O043,S155|S165|S025|S056|S221|S098|S225,2,3.0,O043,2023-07-07T11:56:20,2024-03-07T11:56:20,8,-1,demotion
CE01628,U0777,C237,I016,F008,O043,S155|S165|S025|S056|S221|S098|S225,4,2.0,O043,2024-03-07T11:56:20,,26,2,promotion
CE01629,U0778,C004,I004,F006,O030,S224|S181|S103|S030|S164,3,,,2023-01-16T10:41:03,,40,0,first_job
CE01630,U0779,C231,I015,F002,O011,S113|S117|S082|S002|S166|S132|S007,4,,,2023-01-05T04:39:26,,15,0,first_job
CE01631,U0780,C028,I018,F008,O043,S158|S070|S050|S139|S212|S126|S012|S147,7,,,2023-01-02T14:31:14,,17,0,first_job
CE01632,U0781,C318,I017,F007,O038,S156|S166|S121|S040|S181|S106|S004,6,,,2023-07-24T19:14:43,2024-07-24T19:14:43,12,0,first_job
CE01633,U0781,C134,I005,F009,O048,S156|S166|S121|S040|S181|S106|S004,2,6.0,O038,2024-07-24T19:14:43,,56,-4,demotion
CE01634,U0782,C250,I012,F012,O064,S183|S011|S025|S038|S091|S098,5,,,2023-06-08T12:47:01,2023-12-08T12:47:01,6,0,first_job
CE01635,U0782,C017,I012,F012,O063,S183|S011|S025|S038|S091|S098,7,5.0,O064,2023-12-08T12:47:01,,19,2,promotion
CE01636,U0783,C029,I003,F012,O060,S136|S057|S014|S100|S155|S146,4,,,2023-08-01T04:13:04,2024-04-01T04:13:04,8,0,first_job
CE01637,U0783,C270,I003,F012,O060,S136|S057|S014|S100|S155|S146,4,4.0,O060,2024-04-01T04:13:04,,44,0,lateral
CE01638,U0784,C077,I019,F012,O061,S236|S212|S189|S003|S021|S161|S063,1,,,2023-04-13T13:16:44,2023-11-13T13:16:44,7,0,first_job
CE01639,U0784,C221,I019,F012,O062,S236|S212|S189|S003|S021|S161|S063,6,1.0,O061,2023-11-13T13:16:44,,16,5,promotion
CE01640,U0785,C316,I013,F011,O059,S108|S234|S174|S158|S217|S211,4,,,2023-04-19T16:06:52,2024-02-19T16:06:52,10,0,first_job
CE01641,U0785,C316,I013,F011,O059,S108|S234|S174|S158|S217|S211,6,4.0,O059,2024-02-19T16:06:52,,6,2,promotion
CE01642,U0786,C197,I007,F015,O077,S165|S064|S222|S226|S035|S037|S112,4,,,2023-09-10T04:48:51,2024-08-10T04:48:51,11,0,first_job
CE01643,U0786,C125,I007,F015,O077,S165|S064|S222|S226|S035|S037|S112,4,4.0,O077,2024-08-10T04:48:51,,14,0,lateral
CE01644,U0787,C144,I006,F007,O038,S090|S077|S210|S010|S074|S033|S044|S054,5,,,2023-01-01T21:11:13,,26,0,first_job
CE01645,U0788,C289,I018,F011,O055,S182|S233|S227|S003|S127|S100|S044,3,,,2023-01-24T20:54:28,,10,0,first_job
CE01646,U0789,C084,I014,F010,O051,S089|S170|S077|S168|S099|S087|S192,1,,,2023-06-10T05:33:14,2024-06-10T05:33:14,12,0,first_job
CE01647,U0789,C206,I014,F010,O051,S089|S170|S077|S168|S099|S087|S192,1,1.0,O051,2024-06-10T05:33:14,,8,0,lateral
CE01648,U0790,C235,I009,F004,O022,S208|S075|S040|S014|S070|S196,5,,,2023-01-05T07:56:39,2023-08-05T07:56:39,7,0,first_job
CE01649,U0790,C235,I009,F004,O022,S208|S075|S040|S014|S070|S196,7,5.0,O022,2023-08-05T07:56:39,2024-05-05T07:56:39,9,2,promotion
CE01650,U0790,C125,I007,F004,O022,S208|S075|S040|S014|S070|S196,7,7.0,O022,2024-05-05T07:56:39,,26,0,lateral
CE01651,U0791,C001,I003,F013,O065,S112|S123|S222|S012|S233|S198|S177,6,,,2023-06-15T00:04:04,2024-04-15T00:04:04,10,0,first_job
CE01652,U0791,C247,I003,F013,O065,S112|S123|S222|S012|S233|S198|S177,6,6.0,O065,2024-04-15T00:04:04,,50,0,lateral
CE01653,U0792,C062,I010,F018,O096,S225|S184|S166|S004|S014|S036|S067|S120,3,,,2023-01-06T15:39:04,2023-08-06T15:39:04,7,0,first_job
CE01654,U0792,C062,I010,F018,O096,S225|S184|S166|S004|S014|S036|S067|S120,7,3.0,O096,2023-08-06T15:39:04,2024-02-06T15:39:04,6,4,promotion
CE01655,U0792,C019,I018,F012,O062,S225|S184|S166|S004|S014|S036|S067|S120,4,7.0,O096,2024-02-06T15:39:04,,24,-3,demotion
CE01656,U0793,C243,I008,F006,O029,S098|S059|S121|S120|S184|S099|S005|S067,6,,,2023-01-10T11:17:27,,60,0,first_job
CE01657,U0794,C199,I021,F010,O052,S233|S209|S032|S024|S170,6,,,2023-09-12T22:14:34,2024-05-12T22:14:34,8,0,first_job
CE01658,U0794,C220,I006,F010,O050,S233|S209|S032|S024|S170,6,6.0,O052,2024-05-12T22:14:34,,55,0,lateral
CE01659,U0795,C264,I021,F011,O055,S188|S049|S213|S150|S127|S016|S173,1,,,2023-01-09T10:55:21,,7,0,first_job
CE01660,U0796,C104,I024,F013,O067,S225|S196|S039|S204|S025,6,,,2023-01-13T10:44:00,,55,0,first_job
CE01661,U0797,C006,I023,F003,O016,S159|S191|S144|S208|S020,7,,,2023-07-22T05:24:17,2024-05-22T05:24:17,10,0,first_job
CE01662,U0797,C297,I023,F005,O023,S159|S191|S144|S208|S020,7,7.0,O016,2024-05-22T05:24:17,,47,0,lateral
CE01663,U0798,C227,I019,F013,O070,S132|S173|S140|S166|S036,1,,,2023-06-12T21:54:02,2024-01-12T21:54:02,7,0,first_job
CE01664,U0798,C141,I019,F013,O067,S132|S173|S140|S166|S036,5,1.0,O070,2024-01-12T21:54:02,,60,4,promotion
CE01665,U0799,C185,I021,F016,O081,S072|S033|S229|S171|S026|S108,2,,,2023-01-07T11:00:19,,35,0,first_job
CE01666,U0800,C038,I006,F012,O062,S211|S195|S020|S077|S097|S209,3,,,2023-05-24T05:13:34,2024-01-24T05:13:34,8,0,first_job
CE01667,U0800,C038,I006,F012,O062,S211|S195|S020|S077|S097|S209,3,3.0,O062,2024-01-24T05:13:34,,54,0,lateral
CE01668,U0801,C207,I008,F008,O040,S110|S226|S095|S096|S130|S006,7,,,2023-07-12T05:05:50,2024-04-12T05:05:50,9,0,first_job
CE01669,U0801,C207,I008,F008,O041,S110|S226|S095|S096|S130|S006,7,7.0,O040,2024-04-12T05:05:50,,55,0,lateral
CE01670,U0802,C021,I006,F011,O057,S020|S165|S034|S011|S075|S041|S044|S086,2,,,2023-06-25T20:43:19,2023-12-25T20:43:19,6,0,first_job
CE01671,U0802,C021,I006,F011,O055,S020|S165|S034|S011|S075|S041|S044|S086,4,2.0,O057,2023-12-25T20:43:19,,46,2,promotion
CE01672,U0803,C063,I003,F004,O020,S067|S018|S089|S054|S187,4,,,2023-09-14T18:41:13,2024-07-14T18:41:13,10,0,first_job
CE01673,U0803,C063,I003,F004,O020,S067|S018|S089|S054|S187,5,4.0,O020,2024-07-14T18:41:13,,48,1,promotion
CE01674,U0804,C296,I011,F017,O087,S225|S087|S049|S133|S162|S151|S041,1,,,2023-03-08T13:46:59,2023-09-08T13:46:59,6,0,first_job
CE01675,U0804,C087,I011,F017,O088,S225|S087|S049|S133|S162|S151|S041,3,1.0,O087,2023-09-08T13:46:59,2024-03-08T13:46:59,6,2,promotion
CE01676,U0804,C087,I011,F017,O088,S225|S087|S049|S133|S162|S151|S041,1,3.0,O088,2024-03-08T13:46:59,,19,-2,demotion
CE01677,U0805,C035,I013,F012,O062,S107|S227|S223|S155|S206|S100,2,,,2023-02-20T13:50:37,2023-08-20T13:50:37,6,0,first_job
CE01678,U0805,C035,I013,F012,O062,S107|S227|S223|S155|S206|S100,6,2.0,O062,2023-08-20T13:50:37,2024-05-20T13:50:37,9,4,promotion
CE01679,U0805,C241,I013,F012,O062,S107|S227|S223|S155|S206|S100,7,6.0,O062,2024-05-20T13:50:37,,39,1,promotion
CE01680,U0806,C039,I023,F018,O095,S015|S121|S195|S200|S235,3,,,2023-06-13T21:27:32,2024-03-13T21:27:32,9,0,first_job
CE01681,U0806,C190,I023,F018,O094,S015|S121|S195|S200|S235,3,3.0,O095,2024-03-13T21:27:32,,36,0,lateral
CE01682,U0807,C265,I014,F005,O024,S116|S157|S206|S066|S029,1,,,2023-08-08T04:17:56,2024-02-08T04:17:56,6,0,first_job
CE01683,U0807,C025,I014,F004,O022,S116|S157|S206|S066|S029,4,1.0,O024,2024-02-08T04:17:56,,30,3,promotion
CE01684,U0808,C314,I022,F016,O084,S011|S182|S004|S126|S132|S236|S216|S027,7,,,2023-03-01T14:36:03,2023-10-01T14:36:03,7,0,first_job
CE01685,U0808,C314,I022,F016,O084,S011|S182|S004|S126|S132|S236|S216|S027,7,7.0,O084,2023-10-01T14:36:03,2024-07-01T14:36:03,9,0,lateral
CE01686,U0808,C177,I005,F016,O084,S011|S182|S004|S126|S132|S236|S216|S027,7,7.0,O084,2024-07-01T14:36:03,,38,0,lateral
CE01687,U0809,C312,I022,F005,O025,S094|S035|S012|S008|S178,7,,,2023-01-23T05:38:23,2024-01-23T05:38:23,12,0,first_job
CE01688,U0809,C312,I022,F012,O063,S094|S035|S012|S008|S178,7,7.0,O025,2024-01-23T05:38:23,,41,0,lateral
CE01689,U0810,C298,I012,F002,O008,S058|S008|S015|S142|S059|S046|S146|S068,1,,,2023-06-18T11:24:30,2024-02-18T11:24:30,8,0,first_job
CE01690,U0810,C298,I012,F005,O026,S058|S008|S015|S142|S059|S046|S146|S068,1,1.0,O008,2024-02-18T11:24:30,,18,0,lateral
CE01691,U0811,C288,I014,F005,O026,S114|S218|S043|S140|S018|S084|S023|S005,2,,,2023-04-04T23:09:17,2023-10-04T23:09:17,6,0,first_job
CE01692,U0811,C288,I014,F008,O040,S114|S218|S043|S140|S018|S084|S023|S005,1,2.0,O026,2023-10-04T23:09:17,,53,-1,demotion
CE01693,U0812,C266,I016,F012,O064,S136|S065|S082|S085|S074|S069,3,,,2023-08-20T10:15:13,2024-04-20T10:15:13,8,0,first_job
CE01694,U0812,C016,I006,F012,O061,S136|S065|S082|S085|S074|S069,3,3.0,O064,2024-04-20T10:15:13,,54,0,lateral
CE01695,U0813,C101,I007,F018,O096,S087|S143|S130|S083|S049|S187|S034,5,,,2023-06-04T09:57:48,2024-05-04T09:57:48,11,0,first_job
CE01696,U0813,C101,I007,F018,O093,S087|S143|S130|S083|S049|S187|S034,7,5.0,O096,2024-05-04T09:57:48,,46,2,promotion
CE01697,U0814,C213,I020,F003,O013,S128|S085|S218|S162|S060|S135,5,,,2023-04-03T16:55:48,2023-10-03T16:55:48,6,0,first_job
CE01698,U0814,C058,I020,F003,O016,S128|S085|S218|S162|S060|S135,5,5.0,O013,2023-10-03T16:55:48,,9,0,lateral
CE01699,U0815,C285,I024,F001,O001,S058|S001|S177|S153|S049|S188|S061,5,,,2023-03-01T10:59:34,2023-12-01T10:59:34,9,0,first_job
CE01700,U0815,C080,I024,F001,O001,S058|S001|S177|S153|S049|S188|S061,7,5.0,O001,2023-12-01T10:59:34,,46,2,promotion
CE01701,U0816,C151,I020,F012,O063,S207|S063|S187|S177|S088|S100|S220|S060,5,,,2023-02-23T20:45:39,2023-09-23T20:45:39,7,0,first_job
CE01702,U0816,C004,I004,F012,O061,S207|S063|S187|S177|S088|S100|S220|S060,6,5.0,O063,2023-09-23T20:45:39,,36,1,promotion
CE01703,U0817,C045,I009,F004,O020,S238|S038|S124|S127|S108|S093|S034|S033,1,,,2023-03-02T09:31:07,2023-09-02T09:31:07,6,0,first_job
CE01704,U0817,C235,I009,F004,O017,S238|S038|S124|S127|S108|S093|S034|S033,1,1.0,O020,2023-09-02T09:31:07,,45,0,lateral
CE01705,U0818,C075,I011,F007,O037,S043|S219|S177|S111|S157|S030|S120|S141,6,,,2023-01-18T06:35:17,,29,0,first_job
CE01706,U0819,C185,I021,F015,O076,S018|S139|S049|S027|S134|S114|S181,7,,,2023-01-08T02:04:07,2023-08-08T02:04:07,7,0,first_job
CE01707,U0819,C027,I021,F007,O033,S018|S139|S049|S027|S134|S114|S181,7,7.0,O076,2023-08-08T02:04:07,2024-04-08T02:04:07,8,0,lateral
CE01708,U0819,C027,I021,F007,O036,S018|S139|S049|S027|S134|S114|S181,7,7.0,O033,2024-04-08T02:04:07,,58,0,lateral
CE01709,U0820,C189,I013,F003,O012,S060|S091|S127|S146|S087,1,,,2023-01-14T03:14:24,,8,0,first_job
CE01710,U0821,C305,I018,F012,O062,S043|S124|S192|S203|S195|S217|S104|S131,2,,,2023-05-19T22:59:03,2024-05-19T22:59:03,12,0,first_job
CE01711,U0821,C305,I018,F012,O061,S043|S124|S192|S203|S195|S217|S104|S131,2,2.0,O062,2024-05-19T22:59:03,,59,0,lateral
CE01712,U0822,C136,I023,F006,O028,S049|S201|S168|S131|S021|S067|S109|S034,2,,,2023-01-10T15:00:48,,43,0,first_job
CE01713,U0823,C118,I013,F007,O036,S169|S077|S063|S227|S127|S191,5,,,2023-01-06T00:09:42,,41,0,first_job
CE01714,U0824,C071,I012,F015,O079,S203|S134|S231|S118|S186,4,,,2023-06-01T19:27:18,2023-12-01T19:27:18,6,0,first_job
CE01715,U0824,C071,I012,F014,O075,S203|S134|S231|S118|S186,6,4.0,O079,2023-12-01T19:27:18,,60,2,promotion
CE01716,U0825,C109,I014,F003,O013,S231|S122|S112|S206|S150|S064|S192|S054,2,,,2023-01-16T14:35:49,,13,0,first_job
CE01717,U0826,C204,I016,F018,O092,S105|S224|S184|S084|S039,4,,,2023-09-25T12:52:19,2024-04-25T12:52:19,7,0,first_job
CE01718,U0826,C204,I016,F018,O092,S105|S224|S184|S084|S039,4,4.0,O092,2024-04-25T12:52:19,,32,0,lateral
CE01719,U0827,C153,I023,F010,O053,S226|S224|S037|S081|S061|S110,3,,,2023-05-16T18:08:10,2024-04-16T18:08:10,11,0,first_job
CE01720,U0827,C020,I004,F010,O052,S226|S224|S037|S081|S061|S110,5,3.0,O053,2024-04-16T18:08:10,,46,2,promotion
CE01721,U0828,C156,I005,F008,O042,S155|S126|S210|S100|S192|S166|S212|S055,6,,,2023-02-23T10:14:25,2023-11-23T10:14:25,9,0,first_job
CE01722,U0828,C156,I005,F008,O043,S155|S126|S210|S100|S192|S166|S212|S055,6,6.0,O042,2023-11-23T10:14:25,2024-07-23T10:14:25,8,0,lateral
CE01723,U0828,C156,I005,F010,O052,S155|S126|S210|S100|S192|S166|S212|S055,6,6.0,O043,2024-07-23T10:14:25,,55,0,lateral
CE01724,U0829,C064,I005,F009,O048,S194|S128|S072|S140|S034,7,,,2023-08-19T01:49:06,2024-05-19T01:49:06,9,0,first_job
CE01725,U0829,C064,I005,F003,O012,S194|S128|S072|S140|S034,7,7.0,O048,2024-05-19T01:49:06,,21,0,lateral
CE01726,U0830,C262,I003,F004,O022,S142|S120|S202|S207|S103|S153|S114,2,,,2023-02-02T06:50:23,2023-09-02T06:50:23,7,0,first_job
CE01727,U0830,C262,I003,F016,O083,S142|S120|S202|S207|S103|S153|S114,7,2.0,O022,2023-09-02T06:50:23,2024-04-02T06:50:23,7,5,promotion
CE01728,U0830,C315,I003,F007,O036,S142|S120|S202|S207|S103|S153|S114,7,7.0,O083,2024-04-02T06:50:23,,19,0,lateral
CE01729,U0831,C016,I006,F002,O009,S124|S035|S015|S075|S017|S034|S211,4,,,2023-01-15T06:56:26,,20,0,first_job
CE01730,U0832,C059,I014,F002,O009,S155|S240|S151|S055|S172,7,,,2023-06-23T23:39:37,2024-04-23T23:39:37,10,0,first_job
CE01731,U0832,C023,I015,F002,O010,S155|S240|S151|S055|S172,7,7.0,O009,2024-04-23T23:39:37,,12,0,lateral
CE01732,U0833,C008,I015,F012,O061,S170|S145|S081|S154|S150|S236|S035|S214,7,,,2023-01-10T15:44:33,2023-08-10T15:44:33,7,0,first_job
CE01733,U0833,C179,I015,F012,O061,S170|S145|S081|S154|S150|S236|S035|S214,7,7.0,O061,2023-08-10T15:44:33,2024-03-10T15:44:33,7,0,lateral
CE01734,U0833,C179,I015,F012,O062,S170|S145|S081|S154|S150|S236|S035|S214,6,7.0,O061,2024-03-10T15:44:33,,21,-1,demotion
CE01735,U0834,C265,I014,F013,O068,S095|S186|S052|S026|S229|S191,1,,,2023-07-16T05:21:43,2024-04-16T05:21:43,9,0,first_job
CE01736,U0834,C172,I010,F013,O069,S095|S186|S052|S026|S229|S191,3,1.0,O068,2024-04-16T05:21:43,,58,2,promotion
CE01737,U0835,C196,I016,F014,O074,S237|S060|S172|S113|S019|S015|S235|S034,5,,,2023-02-05T21:57:32,2023-08-05T21:57:32,6,0,first_job
CE01738,U0835,C074,I016,F014,O074,S237|S060|S172|S113|S019|S015|S235|S034,7,5.0,O074,2023-08-05T21:57:32,2024-02-05T21:57:32,6,2,promotion
CE01739,U0835,C232,I016,F014,O074,S237|S060|S172|S113|S019|S015|S235|S034,7,7.0,O074,2024-02-05T21:57:32,2024-08-05T21:57:32,6,0,lateral
CE01740,U0835,C287,I016,F014,O074,S237|S060|S172|S113|S019|S015|S235|S034,7,7.0,O074,2024-08-05T21:57:32,,8,0,lateral
CE01741,U0836,C240,I002,F012,O063,S231|S020|S055|S006|S100,1,,,2023-01-18T03:16:24,,59,0,first_job
CE01742,U0837,C037,I009,F001,O004,S238|S105|S233|S056|S021|S148|S234|S177,6,,,2023-06-19T06:33:20,2024-06-19T06:33:20,12,0,first_job
CE01743,U0837,C149,I009,F004,O020,S238|S105|S233|S056|S021|S148|S234|S177,7,6.0,O004,2024-06-19T06:33:20,,32,1,promotion
CE01744,U0838,C014,I007,F006,O030,S207|S062|S213|S198|S108|S150|S096|S219,5,,,2023-06-15T11:59:39,2023-12-15T11:59:39,6,0,first_job
CE01745,U0838,C062,I010,F006,O032,S207|S062|S213|S198|S108|S150|S096|S219,5,5.0,O030,2023-12-15T11:59:39,,41,0,lateral
CE01746,U0839,C253,I021,F016,O081,S020|S214|S040|S034|S055|S154,3,,,2023-04-07T10:26:35,2024-01-07T10:26:35,9,0,first_job
CE01747,U0839,C253,I021,F010,O049,S020|S214|S040|S034|S055|S154,4,3.0,O081,2024-01-07T10:26:35,,17,1,promotion
CE01748,U0840,C234,I015,F003,O013,S144|S015|S188|S214|S016,1,,,2023-02-21T07:59:28,2024-01-21T07:59:28,11,0,first_job
CE01749,U0840,C091,I015,F009,O047,S144|S015|S188|S214|S016,7,1.0,O013,2024-01-21T07:59:28,,43,6,promotion
CE01750,U0841,C048,I005,F013,O068,S113|S109|S001|S054|S102|S200|S216|S227,4,,,2023-01-04T17:46:02,,35,0,first_job
CE01751,U0842,C316,I013,F010,O052,S005|S125|S045|S008|S020|S028|S061,4,,,2023-04-18T15:08:58,2023-12-18T15:08:58,8,0,first_job
CE01752,U0842,C316,I013,F005,O025,S005|S125|S045|S008|S020|S028|S061,4,4.0,O052,2023-12-18T15:08:58,,20,0,lateral
CE01753,U0843,C195,I007,F017,O090,S117|S107|S105|S193|S036|S106,7,,,2023-09-25T09:14:24,2024-04-25T09:14:24,7,0,first_job
CE01754,U0843,C081,I007,F017,O090,S117|S107|S105|S193|S036|S106,5,7.0,O090,2024-04-25T09:14:24,,21,-2,demotion
CE01755,U0844,C227,I019,F007,O038,S122|S096|S177|S055|S093|S023|S028|S030,4,,,2023-02-17T10:09:21,2023-08-17T10:09:21,6,0,first_job
CE01756,U0844,C227,I019,F015,O079,S122|S096|S177|S055|S093|S023|S028|S030,6,4.0,O038,2023-08-17T10:09:21,2024-02-17T10:09:21,6,2,promotion
CE01757,U0844,C141,I019,F013,O065,S122|S096|S177|S055|S093|S023|S028|S030,4,6.0,O079,2024-02-17T10:09:21,2024-08-17T10:09:21,6,-2,demotion
CE01758,U0844,C077,I019,F013,O065,S122|S096|S177|S055|S093|S023|S028|S030,6,4.0,O065,2024-08-17T10:09:21,,28,2,promotion
CE01759,U0845,C171,I018,F007,O038,S024|S130|S067|S014|S058,5,,,2023-01-05T04:15:49,,20,0,first_job
CE01760,U0846,C198,I002,F010,O051,S230|S158|S085|S043|S163,7,,,2023-01-07T17:24:50,,35,0,first_job
CE01761,U0847,C117,I021,F005,O027,S013|S233|S155|S082|S156,6,,,2023-01-12T10:40:16,2023-07-12T10:40:16,6,0,first_job
CE01762,U0847,C117,I021,F005,O026,S013|S233|S155|S082|S156,1,6.0,O027,2023-07-12T10:40:16,2024-03-12T10:40:16,8,-5,demotion
CE01763,U0847,C200,I004,F012,O061,S013|S233|S155|S082|S156,1,1.0,O026,2024-03-12T10:40:16,,13,0,lateral
CE01764,U0848,C201,I014,F018,O096,S083|S179|S174|S224|S145,1,,,2023-02-15T21:04:30,2023-10-15T21:04:30,8,0,first_job
CE01765,U0848,C287,I016,F002,O009,S083|S179|S174|S224|S145,1,1.0,O096,2023-10-15T21:04:30,,54,0,lateral
CE01766,U0849,C212,I016,F009,O044,S221|S225|S025|S224|S123|S053|S196,3,,,2023-01-07T14:06:36,,57,0,first_job
CE01767,U0850,C261,I022,F007,O033,S184|S135|S011|S008|S038,5,,,2023-01-08T17:19:03,2023-07-08T17:19:03,6,0,first_job
CE01768,U0850,C261,I022,F005,O026,S184|S135|S011|S008|S038,6,5.0,O033,2023-07-08T17:19:03,2024-03-08T17:19:03,8,1,promotion
CE01769,U0850,C261,I022,F005,O023,S184|S135|S011|S008|S038,6,6.0,O026,2024-03-08T17:19:03,,35,0,lateral
CE01770,U0851,C154,I022,F002,O009,S171|S187|S046|S020|S004|S227,6,,,2023-09-11T22:49:02,2024-09-11T22:49:02,12,0,first_job
CE01771,U0851,C140,I022,F002,O007,S171|S187|S046|S020|S004|S227,7,6.0,O009,2024-09-11T22:49:02,,12,1,promotion
CE01772,U0852,C042,I020,F009,O047,S069|S133|S221|S168|S017,5,,,2023-02-12T18:18:54,2024-01-12T18:18:54,11,0,first_job
CE01773,U0852,C042,I020,F009,O048,S069|S133|S221|S168|S017,4,5.0,O047,2024-01-12T18:18:54,,9,-1,demotion
CE01774,U0853,C141,I019,F014,O074,S104|S064|S173|S040|S181|S089|S086,2,,,2023-02-03T06:32:38,2023-10-03T06:32:38,8,0,first_job
CE01775,U0853,C229,I019,F014,O071,S104|S064|S173|S040|S181|S089|S086,4,2.0,O074,2023-10-03T06:32:38,2024-07-03T06:32:38,9,2,promotion
CE01776,U0853,C043,I019,F014,O074,S104|S064|S173|S040|S181|S089|S086,7,4.0,O071,2024-07-03T06:32:38,,19,3,promotion
CE01777,U0854,C088,I009,F017,O089,S238|S196|S106|S007|S083|S206,5,,,2023-01-05T04:59:14,,37,0,first_job
CE01778,U0855,C211,I004,F005,O024,S233|S050|S065|S025|S190|S100|S144,5,,,2023-07-05T07:36:50,2024-02-05T07:36:50,7,0,first_job
CE01779,U0855,C278,I004,F005,O024,S233|S050|S065|S025|S190|S100|S144,5,5.0,O024,2024-02-05T07:36:50,,34,0,lateral
CE01780,U0856,C102,I009,F015,O079,S131|S138|S018|S060|S017|S066|S080|S095,5,,,2023-01-11T19:56:29,,12,0,first_job
CE01781,U0857,C231,I015,F008,O042,S150|S077|S111|S011|S040|S028|S098,3,,,2023-01-18T00:42:11,2023-08-18T00:42:11,7,0,first_job
CE01782,U0857,C231,I015,F008,O042,S150|S077|S111|S011|S040|S028|S098,3,3.0,O042,2023-08-18T00:42:11,2024-02-18T00:42:11,6,0,lateral
CE01783,U0857,C213,I020,F003,O012,S150|S077|S111|S011|S040|S028|S098,3,3.0,O042,2024-02-18T00:42:11,,54,0,lateral
CE01784,U0858,C116,I013,F003,O013,S083|S009|S161|S036|S063|S095,1,,,2023-01-01T00:18:32,2024-01-01T00:18:32,12,0,first_job
CE01785,U0858,C116,I013,F003,O013,S083|S009|S161|S036|S063|S095,3,1.0,O013,2024-01-01T00:18:32,,51,2,promotion
CE01786,U0859,C122,I015,F008,O042,S018|S024|S199|S122|S190|S126,7,,,2023-02-01T00:16:24,2023-11-01T00:16:24,9,0,first_job
CE01787,U0859,C122,I015,F008,O042,S018|S024|S199|S122|S190|S126,7,7.0,O042,2023-11-01T00:16:24,2024-05-01T00:16:24,6,0,lateral
CE01788,U0859,C122,I015,F002,O010,S018|S024|S199|S122|S190|S126,7,7.0,O042,2024-05-01T00:16:24,,18,0,lateral
CE01789,U0860,C055,I023,F001,O006,S024|S064|S203|S193|S106|S169|S086|S148,1,,,2023-01-19T02:11:37,2023-07-19T02:11:37,6,0,first_job
CE01790,U0860,C168,I023,F001,O006,S024|S064|S203|S193|S106|S169|S086|S148,2,1.0,O006,2023-07-19T02:11:37,2024-01-19T02:11:37,6,1,promotion
CE01791,U0860,C168,I023,F001,O002,S024|S064|S203|S193|S106|S169|S086|S148,6,2.0,O006,2024-01-19T02:11:37,2024-07-19T02:11:37,6,4,promotion
CE01792,U0860,C289,I018,F001,O001,S024|S064|S203|S193|S106|S169|S086|S148,6,6.0,O002,2024-07-19T02:11:37,2025-01-19T02:11:37,6,0,lateral
CE01793,U0860,C133,I021,F010,O053,S024|S064|S203|S193|S106|S169|S086|S148,6,6.0,O001,2025-01-19T02:11:37,,9,0,lateral
CE01794,U0861,C274,I017,F004,O017,S084|S120|S007|S139|S211|S091|S151,5,,,2023-02-19T13:00:33,2023-09-19T13:00:33,7,0,first_job
CE01795,U0861,C274,I017,F004,O017,S084|S120|S007|S139|S211|S091|S151,6,5.0,O017,2023-09-19T13:00:33,2024-03-19T13:00:33,6,1,promotion
CE01796,U0861,C035,I013,F013,O066,S084|S120|S007|S139|S211|S091|S151,7,6.0,O017,2024-03-19T13:00:33,,18,1,promotion
CE01797,U0862,C121,I001,F002,O007,S082|S048|S125|S224|S033,1,,,2023-01-08T08:46:59,2023-07-08T08:46:59,6,0,first_job
CE01798,U0862,C092,I001,F002,O007,S082|S048|S125|S224|S033,1,1.0,O007,2023-07-08T08:46:59,,43,0,lateral
CE01799,U0863,C026,I012,F009,O047,S100|S136|S180|S203|S115,6,,,2023-01-23T15:18:38,,35,0,first_job
CE01800,U0864,C170,I013,F009,O046,S153|S201|S053|S136|S207,3,,,2023-03-15T01:45:24,2023-12-15T01:45:24,9,0,first_job
CE01801,U0864,C292,I017,F009,O048,S153|S201|S053|S136|S207,7,3.0,O046,2023-12-15T01:45:24,2024-09-15T01:45:24,9,4,promotion
CE01802,U0864,C274,I017,F009,O048,S153|S201|S053|S136|S207,7,7.0,O048,2024-09-15T01:45:24,,16,0,lateral
CE01803,U0865,C208,I009,F003,O015,S181|S007|S179|S157|S076|S067|S232,4,,,2023-01-09T11:24:15,,18,0,first_job
CE01804,U0866,C318,I017,F002,O007,S078|S072|S071|S032|S095,1,,,2023-05-17T02:04:44,2024-05-17T02:04:44,12,0,first_job
CE01805,U0866,C318,I017,F002,O011,S078|S072|S071|S032|S095,7,1.0,O007,2024-05-17T02:04:44,,53,6,promotion
CE01806,U0867,C049,I006,F017,O090,S190|S192|S004|S014|S193|S153|S030,5,,,2023-01-07T09:28:37,,44,0,first_job
CE01807,U0868,C189,I013,F008,O042,S144|S238|S143|S192|S151,5,,,2023-01-20T17:37:25,2023-09-20T17:37:25,8,0,first_job
CE01808,U0868,C050,I013,F008,O042,S144|S238|S143|S192|S151,6,5.0,O042,2023-09-20T17:37:25,,21,1,promotion
CE01809,U0869,C178,I022,F008,O040,S055|S097|S101|S236|S237,1,,,2023-01-13T01:49:27,,38,0,first_job
CE01810,U0870,C020,I004,F006,O031,S191|S057|S159|S062|S065|S040,3,,,2023-06-06T01:13:40,2024-05-06T01:13:40,11,0,first_job
CE01811,U0870,C020,I004,F013,O065,S191|S057|S159|S062|S065|S040,2,3.0,O031,2024-05-06T01:13:40,,47,-1,demotion
CE01812,U0871,C293,I001,F006,O030,S004|S124|S194|S174|S051,3,,,2023-01-21T18:17:46,2023-12-21T18:17:46,11,0,first_job
CE01813,U0871,C293,I001,F006,O029,S004|S124|S194|S174|S051,1,3.0,O030,2023-12-21T18:17:46,,36,-2,demotion
CE01814,U0872,C282,I017,F015,O079,S185|S166|S169|S018|S085|S170|S232|S043,5,,,2023-05-16T21:10:08,2024-03-16T21:10:08,10,0,first_job
CE01815,U0872,C282,I017,F002,O010,S185|S166|S169|S018|S085|S170|S232|S043,6,5.0,O079,2024-03-16T21:10:08,,47,1,promotion
CE01816,U0873,C042,I020,F005,O023,S016|S024|S160|S128|S181|S167|S068,7,,,2023-01-17T13:52:17,,45,0,first_job
CE01817,U0874,C261,I022,F003,O014,S121|S163|S022|S005|S160|S157|S216|S231,5,,,2023-08-03T15:20:33,2024-08-03T15:20:33,12,0,first_job
CE01818,U0874,C261,I022,F004,O021,S121|S163|S022|S005|S160|S157|S216|S231,7,5.0,O014,2024-08-03T15:20:33,,33,2,promotion
CE01819,U0875,C088,I009,F016,O083,S030|S105|S025|S132|S159|S113|S063|S103,4,,,2023-09-10T15:33:12,2024-07-10T15:33:12,10,0,first_job
CE01820,U0875,C088,I009,F016,O082,S030|S105|S025|S132|S159|S113|S063|S103,7,4.0,O083,2024-07-10T15:33:12,,7,3,promotion
CE01821,U0876,C220,I006,F017,O088,S169|S156|S023|S239|S167|S073,3,,,2023-08-24T05:47:19,2024-05-24T05:47:19,9,0,first_job
CE01822,U0876,C220,I006,F017,O088,S169|S156|S023|S239|S167|S073,6,3.0,O088,2024-05-24T05:47:19,,28,3,promotion
CE01823,U0877,C198,I002,F013,O069,S084|S137|S046|S216|S098|S104|S201|S105,6,,,2023-01-18T12:36:35,2023-08-18T12:36:35,7,0,first_job
CE01824,U0877,C187,I002,F003,O013,S084|S137|S046|S216|S098|S104|S201|S105,7,6.0,O069,2023-08-18T12:36:35,2024-04-18T12:36:35,8,1,promotion
CE01825,U0877,C187,I002,F003,O015,S084|S137|S046|S216|S098|S104|S201|S105,7,7.0,O013,2024-04-18T12:36:35,,6,0,lateral
CE01826,U0878,C201,I014,F001,O003,S018|S098|S125|S051|S213,5,,,2023-01-25T16:32:57,,53,0,first_job
CE01827,U0879,C243,I008,F009,O046,S071|S098|S200|S172|S038,7,,,2023-01-17T14:20:27,,6,0,first_job
CE01828,U0880,C068,I006,F017,O091,S102|S226|S091|S085|S036,7,,,2023-07-06T13:40:02,2024-01-06T13:40:02,6,0,first_job
CE01829,U0880,C220,I006,F014,O073,S102|S226|S091|S085|S036,4,7.0,O091,2024-01-06T13:40:02,,8,-3,demotion
CE01830,U0881,C019,I018,F003,O012,S020|S201|S150|S012|S080|S126,5,,,2023-09-06T15:06:56,2024-04-06T15:06:56,7,0,first_job
CE01831,U0881,C271,I018,F003,O012,S020|S201|S150|S012|S080|S126,7,5.0,O012,2024-04-06T15:06:56,,17,2,promotion
CE01832,U0882,C124,I001,F002,O007,S217|S100|S227|S101|S162,6,,,2023-02-09T05:54:01,2023-10-09T05:54:01,8,0,first_job
CE01833,U0882,C124,I001,F002,O011,S217|S100|S227|S101|S162,7,6.0,O007,2023-10-09T05:54:01,2024-06-09T05:54:01,8,1,promotion
CE01834,U0882,C124,I001,F010,O050,S217|S100|S227|S101|S162,7,7.0,O011,2024-06-09T05:54:01,,22,0,lateral
CE01835,U0883,C221,I019,F003,O014,S171|S191|S064|S060|S125,6,,,2023-04-19T08:14:21,2024-04-19T08:14:21,12,0,first_job
CE01836,U0883,C051,I019,F003,O013,S171|S191|S064|S060|S125,7,6.0,O014,2024-04-19T08:14:21,,33,1,promotion
CE01837,U0884,C051,I019,F010,O050,S116|S179|S120|S004|S017,5,,,2023-06-17T15:28:16,2024-06-17T15:28:16,12,0,first_job
CE01838,U0884,C051,I019,F005,O027,S116|S179|S120|S004|S017,6,5.0,O050,2024-06-17T15:28:16,,25,1,promotion
CE01839,U0885,C082,I015,F007,O037,S072|S214|S239|S238|S144|S175,2,,,2023-02-08T00:15:07,2023-08-08T00:15:07,6,0,first_job
CE01840,U0885,C082,I015,F010,O053,S072|S214|S239|S238|S144|S175,2,2.0,O037,2023-08-08T00:15:07,,20,0,lateral
CE01841,U0886,C269,I019,F007,O036,S087|S174|S175|S054|S163|S032,2,,,2023-02-16T00:01:10,2023-08-16T00:01:10,6,0,first_job
CE01842,U0886,C132,I019,F007,O036,S087|S174|S175|S054|S163|S032,3,2.0,O036,2023-08-16T00:01:10,,16,1,promotion
CE01843,U0887,C066,I021,F002,O009,S063|S227|S070|S029|S207|S160|S034|S086,3,,,2023-02-07T07:25:48,2024-02-07T07:25:48,12,0,first_job
CE01844,U0887,C030,I020,F010,O050,S063|S227|S070|S029|S207|S160|S034|S086,7,3.0,O009,2024-02-07T07:25:48,,51,4,promotion
CE01845,U0888,C034,I009,F017,O090,S165|S101|S134|S039|S003,6,,,2023-01-19T10:34:23,2023-10-19T10:34:23,9,0,first_job
CE01846,U0888,C034,I009,F017,O090,S165|S101|S134|S039|S003,7,6.0,O090,2023-10-19T10:34:23,,33,1,promotion
CE01847,U0889,C103,I011,F014,O071,S164|S208|S133|S046|S036|S188|S002,5,,,2023-05-16T17:24:34,2024-03-16T17:24:34,10,0,first_job
CE01848,U0889,C169,I011,F004,O022,S164|S208|S133|S046|S036|S188|S002,5,5.0,O071,2024-03-16T17:24:34,,8,0,lateral
CE01849,U0890,C128,I011,F010,O050,S024|S112|S005|S098|S166|S157|S208|S109,4,,,2023-01-23T11:35:22,,48,0,first_job
CE01850,U0891,C231,I015,F008,O042,S175|S230|S044|S054|S002|S071|S060,4,,,2023-06-11T09:26:37,2024-01-11T09:26:37,7,0,first_job
CE01851,U0891,C231,I015,F008,O040,S175|S230|S044|S054|S002|S071|S060,5,4.0,O042,2024-01-11T09:26:37,,17,1,promotion
CE01852,U0892,C286,I009,F015,O076,S024|S140|S205|S185|S080|S087,6,,,2023-09-25T11:36:05,2024-09-25T11:36:05,12,0,first_job
CE01853,U0892,C286,I009,F014,O073,S024|S140|S205|S185|S080|S087,7,6.0,O076,2024-09-25T11:36:05,,26,1,promotion
CE01854,U0893,C122,I015,F001,O005,S111|S166|S079|S076|S212|S022|S081,7,,,2023-07-20T15:20:21,2024-02-20T15:20:21,7,0,first_job
CE01855,U0893,C156,I005,F016,O081,S111|S166|S079|S076|S212|S022|S081,7,7.0,O005,2024-02-20T15:20:21,,49,0,lateral
CE01856,U0894,C042,I020,F018,O095,S090|S194|S181|S173|S018|S219,6,,,2023-03-09T15:45:53,2023-09-09T15:45:53,6,0,first_job
CE01857,U0894,C199,I021,F018,O095,S090|S194|S181|S173|S018|S219,7,6.0,O095,2023-09-09T15:45:53,2024-05-09T15:45:53,8,1,promotion
CE01858,U0894,C064,I005,F018,O092,S090|S194|S181|S173|S018|S219,7,7.0,O095,2024-05-09T15:45:53,,11,0,lateral
CE01859,U0895,C093,I002,F009,O047,S211|S008|S115|S186|S066|S013,5,,,2023-01-11T18:31:58,,42,0,first_job
CE01860,U0896,C127,I004,F012,O062,S071|S160|S063|S221|S161|S233,5,,,2023-09-06T08:21:36,2024-09-06T08:21:36,12,0,first_job
CE01861,U0896,C084,I014,F018,O096,S071|S160|S063|S221|S161|S233,5,5.0,O062,2024-09-06T08:21:36,,46,0,lateral
CE01862,U0897,C133,I021,F016,O085,S013|S101|S113|S168|S197|S198|S153|S203,6,,,2023-01-23T21:49:17,,33,0,first_job
CE01863,U0898,C311,I018,F012,O064,S033|S186|S128|S227|S071|S119|S028,5,,,2023-02-02T23:41:16,2023-11-02T23:41:16,9,0,first_job
CE01864,U0898,C131,I018,F012,O062,S033|S186|S128|S227|S071|S119|S028,6,5.0,O064,2023-11-02T23:41:16,2024-05-02T23:41:16,6,1,promotion
CE01865,U0898,C131,I018,F012,O060,S033|S186|S128|S227|S071|S119|S028,5,6.0,O062,2024-05-02T23:41:16,,18,-1,demotion
CE01866,U0899,C175,I008,F017,O091,S157|S193|S179|S054|S113,2,,,2023-01-21T12:52:58,2023-08-21T12:52:58,7,0,first_job
CE01867,U0899,C175,I008,F017,O091,S157|S193|S179|S054|S113,7,2.0,O091,2023-08-21T12:52:58,2024-05-21T12:52:58,9,5,promotion
CE01868,U0899,C175,I008,F006,O030,S157|S193|S179|S054|S113,7,7.0,O091,2024-05-21T12:52:58,,8,0,lateral
CE01869,U0900,C119,I013,F017,O088,S146|S180|S209|S089|S175,1,,,2023-07-20T09:32:36,2024-07-20T09:32:36,12,0,first_job
CE01870,U0900,C119,I013,F017,O089,S146|S180|S209|S089|S175,5,1.0,O088,2024-07-20T09:32:36,,50,4,promotion
CE01871,U0901,C219,I024,F007,O035,S166|S231|S072|S056|S164|S079|S179|S161,3,,,2023-06-02T11:23:09,2023-12-02T11:23:09,6,0,first_job
CE01872,U0901,C219,I024,F013,O067,S166|S231|S072|S056|S164|S079|S179|S161,1,3.0,O035,2023-12-02T11:23:09,,53,-2,demotion
CE01873,U0902,C033,I024,F018,O092,S014|S212|S096|S147|S174|S201|S169|S152,6,,,2023-01-06T00:07:24,,13,0,first_job
CE01874,U0903,C121,I001,F010,O050,S122|S209|S124|S206|S136,1,,,2023-08-25T08:27:44,2024-02-25T08:27:44,6,0,first_job
CE01875,U0903,C121,I001,F010,O050,S122|S209|S124|S206|S136,1,1.0,O050,2024-02-25T08:27:44,,44,0,lateral
CE01876,U0904,C002,I013,F004,O020,S128|S155|S138|S110|S034,3,,,2023-09-21T20:15:42,2024-04-21T20:15:42,7,0,first_job
CE01877,U0904,C246,I024,F004,O020,S128|S155|S138|S110|S034,7,3.0,O020,2024-04-21T20:15:42,,45,4,promotion
CE01878,U0905,C122,I015,F005,O023,S130|S030|S071|S044|S212|S096,7,,,2023-01-24T14:31:45,,60,0,first_job
CE01879,U0906,C211,I004,F015,O078,S166|S173|S118|S144|S075|S038|S155|S206,3,,,2023-06-13T12:16:44,2023-12-13T12:16:44,6,0,first_job
CE01880,U0906,C229,I019,F015,O076,S166|S173|S118|S144|S075|S038|S155|S206,6,3.0,O078,2023-12-13T12:16:44,,49,3,promotion
CE01881,U0907,C194,I010,F005,O026,S175|S032|S126|S156|S092|S062|S134|S201,4,,,2023-02-08T17:14:08,2023-09-08T17:14:08,7,0,first_job
CE01882,U0907,C072,I010,F001,O002,S175|S032|S126|S156|S092|S062|S134|S201,6,4.0,O026,2023-09-08T17:14:08,,33,2,promotion
CE01883,U0908,C046,I001,F001,O003,S160|S232|S176|S202|S137,2,,,2023-01-08T01:17:36,,34,0,first_job
CE01884,U0909,C274,I017,F009,O046,S227|S150|S009|S205|S185|S143|S062|S144,7,,,2023-01-10T00:54:23,,56,0,first_job
CE01885,U0910,C092,I001,F013,O068,S016|S165|S100|S156|S064|S223,3,,,2023-03-04T05:39:35,2023-12-04T05:39:35,9,0,first_job
CE01886,U0910,C092,I001,F004,O019,S016|S165|S100|S156|S064|S223,5,3.0,O068,2023-12-04T05:39:35,2024-07-04T05:39:35,7,2,promotion
CE01887,U0910,C092,I001,F004,O017,S016|S165|S100|S156|S064|S223,7,5.0,O019,2024-07-04T05:39:35,,28,2,promotion
CE01888,U0911,C014,I007,F011,O058,S203|S064|S207|S085|S195|S157,4,,,2023-08-24T16:08:59,2024-02-24T16:08:59,6,0,first_job
CE01889,U0911,C217,I007,F011,O055,S203|S064|S207|S085|S195|S157,6,4.0,O058,2024-02-24T16:08:59,,19,2,promotion
CE01890,U0912,C248,I020,F016,O083,S085|S218|S238|S052|S008,5,,,2023-01-12T13:14:07,2023-08-12T13:14:07,7,0,first_job
CE01891,U0912,C248,I020,F016,O086,S085|S218|S238|S052|S008,5,5.0,O083,2023-08-12T13:14:07,,44,0,lateral
CE01892,U0913,C271,I018,F016,O082,S220|S020|S206|S169|S073|S124,4,,,2023-01-07T15:35:16,,48,0,first_job
CE01893,U0914,C007,I017,F008,O041,S004|S119|S063|S163|S192|S114|S059,7,,,2023-01-25T02:01:41,,32,0,first_job
CE01894,U0915,C275,I008,F015,O077,S199|S013|S055|S158|S133,1,,,2023-07-02T18:10:37,2024-05-02T18:10:37,10,0,first_job
CE01895,U0915,C275,I008,F015,O077,S199|S013|S055|S158|S133,5,1.0,O077,2024-05-02T18:10:37,,47,4,promotion
CE01896,U0916,C133,I021,F007,O038,S037|S059|S234|S161|S002|S210|S162|S157,2,,,2023-01-11T11:59:20,2023-08-11T11:59:20,7,0,first_job
CE01897,U0916,C003,I003,F007,O035,S037|S059|S234|S161|S002|S210|S162|S157,4,2.0,O038,2023-08-11T11:59:20,,39,2,promotion
CE01898,U0917,C059,I014,F002,O010,S207|S032|S137|S235|S009|S068|S087|S013,2,,,2023-01-14T11:57:02,2023-07-14T11:57:02,6,0,first_job
CE01899,U0917,C143,I014,F013,O070,S207|S032|S137|S235|S009|S068|S087|S013,2,2.0,O010,2023-07-14T11:57:02,,15,0,lateral
CE01900,U0918,C100,I005,F004,O019,S127|S008|S170|S189|S068|S014,2,,,2023-04-04T06:43:05,2024-02-04T06:43:05,10,0,first_job
CE01901,U0918,C100,I005,F010,O053,S127|S008|S170|S189|S068|S014,3,2.0,O019,2024-02-04T06:43:05,,27,1,promotion
CE01902,U0919,C013,I015,F018,O096,S015|S070|S011|S078|S033|S052|S182,3,,,2023-07-04T22:20:35,2024-07-04T22:20:35,12,0,first_job
CE01903,U0919,C294,I015,F018,O093,S015|S070|S011|S078|S033|S052|S182,4,3.0,O096,2024-07-04T22:20:35,,14,1,promotion
CE01904,U0920,C297,I023,F010,O054,S101|S049|S236|S132|S170|S194|S114|S081,3,,,2023-01-12T21:32:21,,41,0,first_job
CE01905,U0921,C081,I007,F012,O064,S150|S197|S170|S156|S079|S158|S222,5,,,2023-01-03T13:40:31,2023-08-03T13:40:31,7,0,first_job
CE01906,U0921,C081,I007,F012,O064,S150|S197|S170|S156|S079|S158|S222,7,5.0,O064,2023-08-03T13:40:31,2024-05-03T13:40:31,9,2,promotion
CE01907,U0921,C078,I009,F015,O080,S150|S197|S170|S156|S079|S158|S222,7,7.0,O064,2024-05-03T13:40:31,,11,0,lateral
CE01908,U0922,C299,I015,F013,O066,S015|S058|S106|S038|S103|S063,5,,,2023-03-09T16:11:24,2023-10-09T16:11:24,7,0,first_job
CE01909,U0922,C298,I012,F006,O030,S015|S058|S106|S038|S103|S063,6,5.0,O066,2023-10-09T16:11:24,,11,1,promotion
CE01910,U0923,C165,I017,F016,O085,S226|S023|S105|S213|S173,2,,,2023-03-16T16:24:15,2023-09-16T16:24:15,6,0,first_job
CE01911,U0923,C165,I017,F016,O081,S226|S023|S105|S213|S173,2,2.0,O085,2023-09-16T16:24:15,,21,0,lateral
CE01912,U0924,C079,I021,F014,O074,S147|S069|S037|S119|S039,1,,,2023-01-03T07:11:38,,45,0,first_job
CE01913,U0925,C135,I017,F006,O030,S199|S150|S206|S135|S018|S148|S002,1,,,2023-01-16T17:46:46,2023-09-16T17:46:46,8,0,first_job
CE01914,U0925,C044,I017,F006,O030,S199|S150|S206|S135|S018|S148|S002,1,1.0,O030,2023-09-16T17:46:46,,10,0,lateral
CE01915,U0926,C040,I007,F005,O024,S236|S215|S047|S073|S077|S228,5,,,2023-06-19T05:28:20,2024-03-19T05:28:20,9,0,first_job
CE01916,U0926,C097,I007,F002,O009,S236|S215|S047|S073|S077|S228,4,5.0,O024,2024-03-19T05:28:20,,18,-1,demotion
CE01917,U0927,C243,I008,F009,O048,S081|S225|S184|S185|S068|S071|S213,2,,,2023-03-25T12:08:03,2023-09-25T12:08:03,6,0,first_job
CE01918,U0927,C228,I008,F009,O046,S081|S225|S184|S185|S068|S071|S213,2,2.0,O048,2023-09-25T12:08:03,2024-05-25T12:08:03,8,0,lateral
CE01919,U0927,C303,I008,F006,O028,S081|S225|S184|S185|S068|S071|S213,4,2.0,O046,2024-05-25T12:08:03,,8,2,promotion
CE01920,U0928,C134,I005,F017,O091,S060|S013|S133|S167|S084|S132,5,,,2023-04-14T07:50:32,2024-01-14T07:50:32,9,0,first_job
CE01921,U0928,C156,I005,F008,O040,S060|S013|S133|S167|S084|S132,7,5.0,O091,2024-01-14T07:50:32,,15,2,promotion
CE01922,U0929,C035,I013,F005,O026,S024|S101|S042|S070|S224|S103,3,,,2023-01-20T23:19:16,2023-07-20T23:19:16,6,0,first_job
CE01923,U0929,C241,I013,F005,O026,S024|S101|S042|S070|S224|S103,3,3.0,O026,2023-07-20T23:19:16,,32,0,lateral
CE01924,U0930,C015,I001,F017,O091,S044|S032|S096|S166|S145,6,,,2023-01-04T02:02:17,2023-10-04T02:02:17,9,0,first_job
CE01925,U0930,C046,I001,F017,O091,S044|S032|S096|S166|S145,7,6.0,O091,2023-10-04T02:02:17,2024-04-04T02:02:17,6,1,promotion
CE01926,U0930,C157,I001,F017,O091,S044|S032|S096|S166|S145,7,7.0,O091,2024-04-04T02:02:17,,15,0,lateral
CE01927,U0931,C277,I010,F013,O070,S068|S046|S140|S188|S026|S108|S091,2,,,2023-03-22T15:27:35,2024-02-22T15:27:35,11,0,first_job
CE01928,U0931,C283,I010,F008,O039,S068|S046|S140|S188|S026|S108|S091,7,2.0,O070,2024-02-22T15:27:35,,9,5,promotion
CE01929,U0932,C195,I007,F017,O091,S114|S222|S179|S203|S093|S070,5,,,2023-01-12T15:08:01,2023-08-12T15:08:01,7,0,first_job
CE01930,U0932,C040,I007,F017,O089,S114|S222|S179|S203|S093|S070,6,5.0,O091,2023-08-12T15:08:01,2024-02-12T15:08:01,6,1,promotion
CE01931,U0932,C302,I007,F002,O008,S114|S222|S179|S203|S093|S070,3,6.0,O089,2024-02-12T15:08:01,,16,-3,demotion
CE01932,U0933,C126,I016,F002,O011,S068|S048|S171|S141|S172,2,,,2023-01-11T13:49:58,,36,0,first_job
CE01933,U0934,C103,I011,F011,O056,S176|S065|S057|S025|S004|S206,6,,,2023-07-15T18:33:32,2024-07-15T18:33:32,12,0,first_job
CE01934,U0934,C225,I022,F011,O058,S176|S065|S057|S025|S004|S206,6,6.0,O056,2024-07-15T18:33:32,,33,0,lateral
CE01935,U0935,C081,I007,F004,O017,S199|S111|S099|S225|S084|S033|S168|S162,3,,,2023-02-24T21:15:40,2023-11-24T21:15:40,9,0,first_job
CE01936,U0935,C081,I007,F004,O018,S199|S111|S099|S225|S084|S033|S168|S162,3,3.0,O017,2023-11-24T21:15:40,,12,0,lateral
CE01937,U0936,C127,I004,F001,O006,S002|S072|S194|S019|S223|S052|S009,5,,,2023-06-03T08:38:58,2024-02-03T08:38:58,8,0,first_job
CE01938,U0936,C054,I004,F004,O019,S002|S072|S194|S019|S223|S052|S009,6,5.0,O006,2024-02-03T08:38:58,,35,1,promotion
CE01939,U0937,C033,I024,F005,O025,S104|S231|S010|S103|S235|S024|S043,5,,,2023-01-05T23:14:39,2023-08-05T23:14:39,7,0,first_job
CE01940,U0937,C020,I004,F005,O023,S104|S231|S010|S103|S235|S024|S043,7,5.0,O025,2023-08-05T23:14:39,,48,2,promotion
CE01941,U0938,C125,I007,F011,O055,S089|S125|S018|S051|S225,6,,,2023-01-06T16:10:15,2023-09-06T16:10:15,8,0,first_job
CE01942,U0938,C301,I007,F002,O007,S089|S125|S018|S051|S225,5,6.0,O055,2023-09-06T16:10:15,2024-05-06T16:10:15,8,-1,demotion
CE01943,U0938,C176,I007,F005,O027,S089|S125|S018|S051|S225,6,5.0,O007,2024-05-06T16:10:15,,6,1,promotion
CE01944,U0939,C220,I006,F002,O011,S169|S185|S238|S086|S039|S116|S038|S078,4,,,2023-01-20T19:15:55,,6,0,first_job
CE01945,U0940,C169,I011,F001,O006,S197|S031|S126|S058|S191|S203,4,,,2023-06-07T08:42:21,2024-04-07T08:42:21,10,0,first_job
CE01946,U0940,C281,I008,F006,O030,S197|S031|S126|S058|S191|S203,4,4.0,O006,2024-04-07T08:42:21,,27,0,lateral
CE01947,U0941,C218,I021,F013,O067,S062|S108|S110|S194|S096,7,,,2023-03-10T04:06:48,2024-02-10T04:06:48,11,0,first_job
CE01948,U0941,C133,I021,F014,O072,S062|S108|S110|S194|S096,7,7.0,O067,2024-02-10T04:06:48,,52,0,lateral
CE01949,U0942,C138,I021,F004,O022,S110|S078|S097|S142|S209|S169|S087,2,,,2023-07-20T23:34:11,2024-06-20T23:34:11,11,0,first_job
CE01950,U0942,C138,I021,F009,O044,S110|S078|S097|S142|S209|S169|S087,7,2.0,O022,2024-06-20T23:34:11,,55,5,promotion
CE01951,U0943,C139,I008,F017,O090,S142|S009|S161|S082|S132|S213|S028|S233,1,,,2023-02-07T14:40:02,2023-11-07T14:40:02,9,0,first_job
CE01952,U0943,C139,I008,F010,O051,S142|S009|S161|S082|S132|S213|S028|S233,1,1.0,O090,2023-11-07T14:40:02,,44,0,lateral
CE01953,U0944,C132,I019,F007,O035,S171|S011|S238|S154|S128|S055,4,,,2023-05-16T09:02:07,2024-05-16T09:02:07,12,0,first_job
CE01954,U0944,C132,I019,F007,O035,S171|S011|S238|S154|S128|S055,4,4.0,O035,2024-05-16T09:02:07,,15,0,lateral
CE01955,U0945,C005,I018,F007,O035,S204|S070|S201|S228|S038,1,,,2023-05-25T16:48:20,2023-12-25T16:48:20,7,0,first_job
CE01956,U0945,C005,I018,F017,O089,S204|S070|S201|S228|S038,1,1.0,O035,2023-12-25T16:48:20,,51,0,lateral
CE01957,U0946,C202,I022,F017,O091,S090|S108|S050|S012|S239|S162,4,,,2023-01-04T06:52:18,,57,0,first_job
CE01958,U0947,C270,I003,F008,O040,S055|S006|S236|S002|S177|S054,4,,,2023-07-16T21:04:48,2024-04-16T21:04:48,9,0,first_job
CE01959,U0947,C029,I003,F011,O056,S055|S006|S236|S002|S177|S054,6,4.0,O040,2024-04-16T21:04:48,,13,2,promotion
CE01960,U0948,C153,I023,F017,O088,S030|S172|S040|S188|S187|S238|S198,4,,,2023-03-01T23:34:29,2023-10-01T23:34:29,7,0,first_job
CE01961,U0948,C224,I004,F017,O089,S030|S172|S040|S188|S187|S238|S198,4,4.0,O088,2023-10-01T23:34:29,,22,0,lateral
CE01962,U0949,C277,I010,F011,O058,S128|S192|S218|S175|S162|S233,6,,,2023-02-11T00:54:19,2023-08-11T00:54:19,6,0,first_job
CE01963,U0949,C086,I010,F011,O056,S128|S192|S218|S175|S162|S233,7,6.0,O058,2023-08-11T00:54:19,,19,1,promotion
CE01964,U0950,C167,I002,F009,O044,S170|S126|S138|S115|S051,2,,,2023-05-11T02:19:49,2023-11-11T02:19:49,6,0,first_job
CE01965,U0950,C167,I002,F017,O089,S170|S126|S138|S115|S051,2,2.0,O044,2023-11-11T02:19:49,,47,0,lateral
CE01966,U0951,C158,I014,F012,O061,S007|S193|S218|S015|S181|S029|S162,6,,,2023-01-11T01:45:20,2023-08-11T01:45:20,7,0,first_job
CE01967,U0951,C158,I014,F012,O061,S007|S193|S218|S015|S181|S029|S162,7,6.0,O061,2023-08-11T01:45:20,,35,1,promotion
CE01968,U0952,C113,I004,F006,O029,S152|S206|S059|S054|S033|S145|S148,7,,,2023-01-15T07:03:56,2023-09-15T07:03:56,8,0,first_job
CE01969,U0952,C113,I004,F006,O032,S152|S206|S059|S054|S033|S145|S148,7,7.0,O029,2023-09-15T07:03:56,2024-06-15T07:03:56,9,0,lateral
CE01970,U0952,C113,I004,F008,O042,S152|S206|S059|S054|S033|S145|S148,7,7.0,O032,2024-06-15T07:03:56,,37,0,lateral
CE01971,U0953,C268,I002,F012,O062,S154|S064|S093|S040|S030|S002,2,,,2023-01-22T00:56:31,2023-07-22T00:56:31,6,0,first_job
CE01972,U0953,C268,I002,F012,O064,S154|S064|S093|S040|S030|S002,6,2.0,O062,2023-07-22T00:56:31,2024-02-22T00:56:31,7,4,promotion
CE01973,U0953,C268,I002,F012,O060,S154|S064|S093|S040|S030|S002,3,6.0,O064,2024-02-22T00:56:31,,6,-3,demotion
CE01974,U0954,C031,I003,F002,O010,S060|S049|S078|S187|S001,6,,,2023-03-21T00:54:18,2023-09-21T00:54:18,6,0,first_job
CE01975,U0954,C031,I003,F003,O015,S060|S049|S078|S187|S001,7,6.0,O010,2023-09-21T00:54:18,2024-03-21T00:54:18,6,1,promotion
CE01976,U0954,C187,I002,F003,O013,S060|S049|S078|S187|S001,6,7.0,O015,2024-03-21T00:54:18,2024-09-21T00:54:18,6,-1,demotion
CE01977,U0954,C093,I002,F003,O013,S060|S049|S078|S187|S001,6,6.0,O013,2024-09-21T00:54:18,,58,0,lateral
CE01978,U0955,C279,I021,F014,O074,S107|S017|S119|S020|S170|S090|S148|S069,7,,,2023-05-13T01:48:54,2024-03-13T01:48:54,10,0,first_job
CE01979,U0955,C185,I021,F014,O074,S107|S017|S119|S020|S170|S090|S148|S069,7,7.0,O074,2024-03-13T01:48:54,,44,0,lateral
CE01980,U0956,C126,I016,F017,O090,S223|S134|S113|S091|S126|S198|S101,5,,,2023-01-16T15:32:30,,60,0,first_job
CE01981,U0957,C304,I020,F008,O043,S025|S060|S067|S026|S085|S151,5,,,2023-01-16T10:11:56,2023-11-16T10:11:56,10,0,first_job
CE01982,U0957,C018,I020,F017,O087,S025|S060|S067|S026|S085|S151,7,5.0,O043,2023-11-16T10:11:56,,14,2,promotion
CE01983,U0958,C016,I006,F005,O023,S238|S014|S217|S214|S016|S082,1,,,2023-07-05T18:26:22,2024-07-05T18:26:22,12,0,first_job
CE01984,U0958,C233,I006,F005,O027,S238|S014|S217|S214|S016|S082,3,1.0,O023,2024-07-05T18:26:22,,45,2,promotion
CE01985,U0959,C163,I002,F007,O038,S021|S053|S037|S155|S110,7,,,2023-03-06T23:45:25,2024-03-06T23:45:25,12,0,first_job
CE01986,U0959,C163,I002,F007,O038,S021|S053|S037|S155|S110,7,7.0,O038,2024-03-06T23:45:25,,42,0,lateral
CE01987,U0960,C014,I007,F018,O095,S013|S150|S195|S034|S081|S136|S127,5,,,2023-02-08T11:55:16,2024-01-08T11:55:16,11,0,first_job
CE01988,U0960,C197,I007,F018,O094,S013|S150|S195|S034|S081|S136|S127,7,5.0,O095,2024-01-08T11:55:16,,7,2,promotion
CE01989,U0961,C313,I015,F005,O026,S110|S026|S053|S153|S032,5,,,2023-08-10T08:40:51,2024-06-10T08:40:51,10,0,first_job
CE01990,U0961,C313,I015,F005,O023,S110|S026|S053|S153|S032,7,5.0,O026,2024-06-10T08:40:51,,51,2,promotion
CE01991,U0962,C220,I006,F012,O064,S071|S209|S151|S171|S202|S142|S009,4,,,2023-09-17T16:40:31,2024-08-17T16:40:31,11,0,first_job
CE01992,U0962,C220,I006,F012,O064,S071|S209|S151|S171|S202|S142|S009,4,4.0,O064,2024-08-17T16:40:31,,12,0,lateral
CE01993,U0963,C062,I010,F016,O081,S113|S158|S061|S017|S193|S191,5,,,2023-01-22T04:44:01,,48,0,first_job
CE01994,U0964,C289,I018,F013,O068,S013|S129|S009|S173|S074|S230|S188|S122,5,,,2023-05-11T03:40:29,2024-05-11T03:40:29,12,0,first_job
CE01995,U0964,C223,I012,F013,O068,S013|S129|S009|S173|S074|S230|S188|S122,5,5.0,O068,2024-05-11T03:40:29,,49,0,lateral
CE01996,U0965,C219,I024,F010,O050,S138|S088|S077|S087|S004,6,,,2023-01-11T12:01:41,,20,0,first_job
CE01997,U0966,C084,I014,F014,O074,S078|S204|S046|S125|S003|S205,6,,,2023-01-13T12:43:48,,15,0,first_job
CE01998,U0967,C095,I012,F017,O090,S141|S063|S030|S010|S072|S235,4,,,2023-08-23T09:33:09,2024-06-23T09:33:09,10,0,first_job
CE01999,U0967,C095,I012,F017,O088,S141|S063|S030|S010|S072|S235,1,4.0,O090,2024-06-23T09:33:09,,24,-3,demotion
CE02000,U0968,C130,I014,F002,O011,S023|S164|S124|S236|S118|S235|S020,4,,,2023-04-04T08:13:14,2024-04-04T08:13:14,12,0,first_job
CE02001,U0968,C288,I014,F002,O007,S023|S164|S124|S236|S118|S235|S020,5,4.0,O011,2024-04-04T08:13:14,,32,1,promotion
CE02002,U0969,C309,I020,F015,O076,S056|S076|S222|S019|S097|S200|S117,1,,,2023-08-02T10:07:51,2024-06-02T10:07:51,10,0,first_job
CE02003,U0969,C058,I020,F015,O080,S056|S076|S222|S019|S097|S200|S117,1,1.0,O076,2024-06-02T10:07:51,,45,0,lateral
CE02004,U0970,C154,I022,F003,O013,S008|S238|S131|S026|S087|S017|S102,2,,,2023-01-05T20:48:13,,30,0,first_job
CE02005,U0971,C313,I015,F016,O083,S070|S164|S207|S067|S146|S032|S097|S031,7,,,2023-01-20T20:52:21,,10,0,first_job
CE02006,U0972,C252,I024,F018,O095,S085|S076|S029|S070|S126|S217|S160,4,,,2023-09-06T13:56:19,2024-09-06T13:56:19,12,0,first_job
CE02007,U0972,C252,I024,F015,O077,S085|S076|S029|S070|S126|S217|S160,5,4.0,O095,2024-09-06T13:56:19,,30,1,promotion
CE02008,U0973,C043,I019,F009,O046,S223|S123|S200|S152|S180|S149,3,,,2023-03-11T17:26:06,2024-01-11T17:26:06,10,0,first_job
CE02009,U0973,C051,I019,F007,O038,S223|S123|S200|S152|S180|S149,5,3.0,O046,2024-01-11T17:26:06,,59,2,promotion
CE02010,U0974,C085,I023,F018,O095,S004|S206|S143|S003|S237,7,,,2023-08-11T11:29:24,2024-08-11T11:29:24,12,0,first_job
CE02011,U0974,C055,I023,F018,O095,S004|S206|S143|S003|S237,7,7.0,O095,2024-08-11T11:29:24,,37,0,lateral
CE02012,U0975,C045,I009,F001,O006,S050|S206|S072|S204|S039|S221|S154,3,,,2023-03-16T04:39:42,2023-12-16T04:39:42,9,0,first_job
CE02013,U0975,C045,I009,F001,O003,S050|S206|S072|S204|S039|S221|S154,3,3.0,O006,2023-12-16T04:39:42,2024-09-16T04:39:42,9,0,lateral
CE02014,U0975,C200,I004,F001,O002,S050|S206|S072|S204|S039|S221|S154,2,3.0,O003,2024-09-16T04:39:42,,38,-1,demotion
CE02015,U0976,C037,I009,F012,O064,S120|S166|S004|S204|S101|S113|S140,1,,,2023-04-08T00:52:59,2023-10-08T00:52:59,6,0,first_job
CE02016,U0976,C259,I009,F012,O064,S120|S166|S004|S204|S101|S113|S140,1,1.0,O064,2023-10-08T00:52:59,,60,0,lateral
CE02017,U0977,C194,I010,F014,O072,S160|S195|S197|S065|S196|S068|S199|S110,6,,,2023-09-11T05:16:49,2024-04-11T05:16:49,7,0,first_job
CE02018,U0977,C022,I010,F014,O073,S160|S195|S197|S065|S196|S068|S199|S110,6,6.0,O072,2024-04-11T05:16:49,,9,0,lateral
CE02019,U0978,C162,I001,F013,O070,S204|S010|S078|S147|S057|S097|S145,2,,,2023-08-17T17:36:38,2024-04-17T17:36:38,8,0,first_job
CE02020,U0978,C281,I008,F013,O070,S204|S010|S078|S147|S057|S097|S145,2,2.0,O070,2024-04-17T17:36:38,,43,0,lateral
CE02021,U0979,C063,I003,F017,O091,S135|S126|S218|S219|S213|S182|S212|S019,5,,,2023-01-17T22:58:45,2023-07-17T22:58:45,6,0,first_job
CE02022,U0979,C036,I011,F018,O094,S135|S126|S218|S219|S213|S182|S212|S019,1,5.0,O091,2023-07-17T22:58:45,2024-01-17T22:58:45,6,-4,demotion
CE02023,U0979,C103,I011,F015,O080,S135|S126|S218|S219|S213|S182|S212|S019,1,1.0,O094,2024-01-17T22:58:45,2024-07-17T22:58:45,6,0,lateral
CE02024,U0979,C263,I011,F015,O080,S135|S126|S218|S219|S213|S182|S212|S019,4,1.0,O080,2024-07-17T22:58:45,,29,3,promotion
CE02025,U0980,C161,I009,F013,O065,S085|S171|S174|S020|S109,3,,,2023-01-02T20:04:56,2023-11-02T20:04:56,10,0,first_job
CE02026,U0980,C259,I009,F013,O067,S085|S171|S174|S020|S109,4,3.0,O065,2023-11-02T20:04:56,,16,1,promotion
CE02027,U0981,C167,I002,F014,O071,S191|S141|S019|S076|S158,7,,,2023-04-11T23:42:58,2023-12-11T23:42:58,8,0,first_job
CE02028,U0981,C167,I002,F014,O071,S191|S141|S019|S076|S158,7,7.0,O071,2023-12-11T23:42:58,,27,0,lateral
CE02029,U0982,C104,I024,F015,O078,S145|S075|S184|S119|S040|S026,5,,,2023-01-02T01:37:32,,9,0,first_job
CE02030,U0983,C007,I017,F015,O079,S132|S115|S195|S233|S163|S155,1,,,2023-09-02T00:05:39,2024-09-02T00:05:39,12,0,first_job
CE02031,U0983,C115,I017,F017,O091,S132|S115|S195|S233|S163|S155,4,1.0,O079,2024-09-02T00:05:39,,19,3,promotion
CE02032,U0984,C006,I023,F004,O021,S056|S164|S050|S118|S074|S081|S079,6,,,2023-03-08T20:18:04,2023-09-08T20:18:04,6,0,first_job
CE02033,U0984,C006,I023,F004,O021,S056|S164|S050|S118|S074|S081|S079,7,6.0,O021,2023-09-08T20:18:04,2024-03-08T20:18:04,6,1,promotion
CE02034,U0984,C197,I007,F004,O021,S056|S164|S050|S118|S074|S081|S079,7,7.0,O021,2024-03-08T20:18:04,2024-09-08T20:18:04,6,0,lateral
CE02035,U0984,C111,I011,F014,O074,S056|S164|S050|S118|S074|S081|S079,7,7.0,O021,2024-09-08T20:18:04,,30,0,lateral
CE02036,U0985,C308,I012,F009,O045,S133|S182|S234|S205|S043|S058|S011,5,,,2023-08-03T16:52:24,2024-08-03T16:52:24,12,0,first_job
CE02037,U0985,C308,I012,F003,O012,S133|S182|S234|S205|S043|S058|S011,7,5.0,O045,2024-08-03T16:52:24,,58,2,promotion
CE02038,U0986,C069,I015,F016,O085,S030|S094|S022|S169|S216|S195|S188|S110,6,,,2023-03-23T03:28:12,2023-11-23T03:28:12,8,0,first_job
CE02039,U0986,C122,I015,F016,O083,S030|S094|S022|S169|S216|S195|S188|S110,7,6.0,O085,2023-11-23T03:28:12,2024-08-23T03:28:12,9,1,promotion
CE02040,U0986,C122,I015,F004,O017,S030|S094|S022|S169|S216|S195|S188|S110,7,7.0,O083,2024-08-23T03:28:12,,16,0,lateral
CE02041,U0987,C098,I012,F012,O060,S156|S222|S151|S111|S126|S084|S235|S041,6,,,2023-01-14T13:17:49,2023-08-14T13:17:49,7,0,first_job
CE02042,U0987,C098,I012,F007,O037,S156|S222|S151|S111|S126|S084|S235|S041,2,6.0,O060,2023-08-14T13:17:49,2024-03-14T13:17:49,7,-4,demotion
CE02043,U0987,C308,I012,F007,O035,S156|S222|S151|S111|S126|S084|S235|S041,5,2.0,O037,2024-03-14T13:17:49,,15,3,promotion
CE02044,U0988,C312,I022,F018,O093,S022|S108|S063|S006|S140|S189|S081|S212,1,,,2023-09-17T06:46:26,2024-06-17T06:46:26,9,0,first_job
CE02045,U0988,C202,I022,F018,O094,S022|S108|S063|S006|S140|S189|S081|S212,6,1.0,O093,2024-06-17T06:46:26,,20,5,promotion
CE02046,U0989,C258,I010,F016,O083,S023|S116|S083|S038|S144|S162|S239|S191,4,,,2023-06-16T07:19:48,2024-05-16T07:19:48,11,0,first_job
CE02047,U0989,C194,I010,F016,O086,S023|S116|S083|S038|S144|S162|S239|S191,7,4.0,O083,2024-05-16T07:19:48,,42,3,promotion
CE02048,U0990,C113,I004,F015,O080,S184|S226|S113|S090|S063|S196,1,,,2023-02-21T23:23:12,2023-08-21T23:23:12,6,0,first_job
CE02049,U0990,C224,I004,F015,O079,S184|S226|S113|S090|S063|S196,2,1.0,O080,2023-08-21T23:23:12,2024-05-21T23:23:12,9,1,promotion
CE02050,U0990,C238,I004,F011,O057,S184|S226|S113|S090|S063|S196,5,2.0,O079,2024-05-21T23:23:12,,31,3,promotion
CE02051,U0991,C138,I021,F016,O082,S051|S201|S070|S066|S078|S205,1,,,2023-01-17T05:01:37,2023-10-17T05:01:37,9,0,first_job
CE02052,U0991,C279,I021,F016,O083,S051|S201|S070|S066|S078|S205,7,1.0,O082,2023-10-17T05:01:37,2024-06-17T05:01:37,8,6,promotion
CE02053,U0991,C129,I014,F017,O090,S051|S201|S070|S066|S078|S205,7,7.0,O083,2024-06-17T05:01:37,,28,0,lateral
CE02054,U0992,C235,I009,F002,O007,S142|S047|S178|S037|S167|S105|S080,3,,,2023-05-11T04:11:40,2023-12-11T04:11:40,7,0,first_job
CE02055,U0992,C235,I009,F002,O007,S142|S047|S178|S037|S167|S105|S080,6,3.0,O007,2023-12-11T04:11:40,,11,3,promotion
CE02056,U0993,C151,I020,F006,O031,S181|S023|S065|S130|S124|S013|S170|S224,3,,,2023-03-21T17:17:12,2023-10-21T17:17:12,7,0,first_job
CE02057,U0993,C028,I018,F006,O031,S181|S023|S065|S130|S124|S013|S170|S224,7,3.0,O031,2023-10-21T17:17:12,2024-04-21T17:17:12,6,4,promotion
CE02058,U0993,C289,I018,F006,O031,S181|S023|S065|S130|S124|S013|S170|S224,7,7.0,O031,2024-04-21T17:17:12,,19,0,lateral
CE02059,U0994,C024,I001,F002,O011,S179|S193|S225|S127|S120|S099,6,,,2023-04-11T01:21:53,2024-01-11T01:21:53,9,0,first_job
CE02060,U0994,C024,I001,F016,O083,S179|S193|S225|S127|S120|S099,7,6.0,O011,2024-01-11T01:21:53,,55,1,promotion
CE02061,U0995,C028,I018,F003,O014,S199|S157|S061|S211|S237|S026,2,,,2023-03-22T13:20:29,2023-12-22T13:20:29,9,0,first_job
CE02062,U0995,C028,I018,F003,O014,S199|S157|S061|S211|S237|S026,5,2.0,O014,2023-12-22T13:20:29,2024-07-22T13:20:29,7,3,promotion
CE02063,U0995,C032,I011,F003,O014,S199|S157|S061|S211|S237|S026,6,5.0,O014,2024-07-22T13:20:29,,36,1,promotion
CE02064,U0996,C107,I006,F012,O063,S059|S183|S057|S184|S220|S073,4,,,2023-09-09T07:52:31,2024-06-09T07:52:31,9,0,first_job
CE02065,U0996,C107,I006,F014,O073,S059|S183|S057|S184|S220|S073,7,4.0,O063,2024-06-09T07:52:31,,40,3,promotion
CE02066,U0997,C281,I008,F009,O047,S027|S144|S219|S035|S098,7,,,2023-08-24T13:05:22,2024-07-24T13:05:22,11,0,first_job
CE02067,U0997,C243,I008,F009,O044,S027|S144|S219|S035|S098,7,7.0,O047,2024-07-24T13:05:22,,47,0,lateral
CE02068,U0998,C300,I002,F018,O093,S111|S236|S105|S220|S041|S240|S063,2,,,2023-01-22T09:12:12,2023-07-22T09:12:12,6,0,first_job
CE02069,U0998,C240,I002,F018,O095,S111|S236|S105|S220|S041|S240|S063,5,2.0,O093,2023-07-22T09:12:12,2024-04-22T09:12:12,9,3,promotion
CE02070,U0998,C302,I007,F002,O008,S111|S236|S105|S220|S041|S240|S063,5,5.0,O095,2024-04-22T09:12:12,,35,0,lateral
CE02071,U0999,C248,I020,F017,O087,S141|S192|S060|S005|S061|S196|S133|S033,1,,,2023-08-22T14:03:52,2024-03-22T14:03:52,7,0,first_job
CE02072,U0999,C248,I020,F002,O010,S141|S192|S060|S005|S061|S196|S133|S033,1,1.0,O087,2024-03-22T14:03:52,,37,0,lateral
CE02073,U1000,C050,I013,F009,O044,S040|S234|S084|S027|S222|S151|S144|S189,2,,,2023-09-19T02:10:08,2024-07-19T02:10:08,10,0,first_job
CE02074,U1000,C035,I013,F009,O044,S040|S234|S084|S027|S222|S151|S144|S189,1,2.0,O044,2024-07-19T02:10:08,,39,-1,demotion
CE02075,U1001,C173,I016,F009,O047,S096|S017|S067|S040|S075|S022|S109|S103,4,,,2023-02-25T20:55:13,2023-11-25T20:55:13,9,0,first_job
CE02076,U1001,C212,I016,F009,O044,S096|S017|S067|S040|S075|S022|S109|S103,5,4.0,O047,2023-11-25T20:55:13,,20,1,promotion
CE02077,U1002,C152,I019,F007,O033,S016|S011|S047|S065|S140,3,,,2023-04-09T17:03:50,2023-10-09T17:03:50,6,0,first_job
CE02078,U1002,C229,I019,F016,O086,S016|S011|S047|S065|S140,7,3.0,O033,2023-10-09T17:03:50,,21,4,promotion
CE02079,U1003,C201,I014,F003,O012,S121|S048|S219|S118|S080,2,,,2023-01-02T04:31:46,,53,0,first_job
CE02080,U1004,C102,I009,F006,O032,S197|S125|S135|S069|S049|S165|S073|S064,3,,,2023-01-20T08:55:45,,30,0,first_job
CE02081,U1005,C173,I016,F007,O037,S085|S098|S072|S165|S064|S053|S018,2,,,2023-01-20T23:02:36,,43,0,first_job
CE02082,U1006,C095,I012,F013,O066,S103|S113|S223|S186|S225,6,,,2023-03-06T09:25:49,2023-10-06T09:25:49,7,0,first_job
CE02083,U1006,C095,I012,F013,O070,S103|S113|S223|S186|S225,6,6.0,O066,2023-10-06T09:25:49,2024-05-06T09:25:49,7,0,lateral
CE02084,U1006,C298,I012,F005,O027,S103|S113|S223|S186|S225,7,6.0,O070,2024-05-06T09:25:49,,45,1,promotion
CE02085,U1007,C039,I023,F002,O011,S232|S131|S067|S204|S194|S068,4,,,2023-03-14T17:25:11,2023-10-14T17:25:11,7,0,first_job
CE02086,U1007,C055,I023,F007,O033,S232|S131|S067|S204|S194|S068,6,4.0,O011,2023-10-14T17:25:11,,16,2,promotion
CE02087,U1008,C067,I002,F012,O060,S037|S027|S089|S047|S018|S164,5,,,2023-05-14T01:30:00,2023-11-14T01:30:00,6,0,first_job
CE02088,U1008,C067,I002,F008,O039,S037|S027|S089|S047|S018|S164,6,5.0,O060,2023-11-14T01:30:00,,18,1,promotion
CE02089,U1009,C304,I020,F011,O055,S175|S233|S011|S107|S037|S237|S212|S216,3,,,2023-06-12T04:22:52,2024-04-12T04:22:52,10,0,first_job
CE02090,U1009,C018,I020,F004,O017,S175|S233|S011|S107|S037|S237|S212|S216,4,3.0,O055,2024-04-12T04:22:52,,49,1,promotion
CE02091,U1010,C045,I009,F007,O036,S224|S155|S206|S014|S136|S144,2,,,2023-01-10T12:58:03,2023-07-10T12:58:03,6,0,first_job
CE02092,U1010,C045,I009,F007,O037,S224|S155|S206|S014|S136|S144,2,2.0,O036,2023-07-10T12:58:03,2024-02-10T12:58:03,7,0,lateral
CE02093,U1010,C045,I009,F007,O037,S224|S155|S206|S014|S136|S144,3,2.0,O037,2024-02-10T12:58:03,,55,1,promotion
CE02094,U1011,C241,I013,F003,O016,S071|S221|S236|S085|S225|S024|S141|S096,5,,,2023-03-04T10:55:10,2023-11-04T10:55:10,8,0,first_job
CE02095,U1011,C241,I013,F003,O016,S071|S221|S236|S085|S225|S024|S141|S096,6,5.0,O016,2023-11-04T10:55:10,,12,1,promotion
CE02096,U1012,C125,I007,F016,O081,S151|S033|S010|S023|S234|S110,7,,,2023-04-15T11:51:34,2024-04-15T11:51:34,12,0,first_job
CE02097,U1012,C125,I007,F018,O096,S151|S033|S010|S023|S234|S110,7,7.0,O081,2024-04-15T11:51:34,,12,0,lateral
CE02098,U1013,C190,I023,F012,O064,S195|S031|S142|S022|S122|S019|S183,2,,,2023-01-04T15:32:57,,58,0,first_job
CE02099,U1014,C267,I008,F003,O014,S110|S185|S022|S162|S062|S216|S155,7,,,2023-02-15T04:01:46,2023-11-15T04:01:46,9,0,first_job
CE02100,U1014,C267,I008,F016,O081,S110|S185|S022|S162|S062|S216|S155,7,7.0,O014,2023-11-15T04:01:46,2024-05-15T04:01:46,6,0,lateral
CE02101,U1014,C267,I008,F016,O083,S110|S185|S022|S162|S062|S216|S155,7,7.0,O081,2024-05-15T04:01:46,,59,0,lateral
CE02102,U1015,C257,I006,F010,O052,S133|S044|S111|S017|S063|S098|S166,3,,,2023-09-15T03:27:27,2024-04-15T03:27:27,7,0,first_job
CE02103,U1015,C068,I006,F002,O007,S133|S044|S111|S017|S063|S098|S166,7,3.0,O052,2024-04-15T03:27:27,,40,4,promotion
CE02104,U1016,C272,I024,F014,O073,S211|S198|S226|S184|S110,7,,,2023-05-09T04:33:46,2023-11-09T04:33:46,6,0,first_job
CE02105,U1016,C108,I024,F014,O074,S211|S198|S226|S184|S110,7,7.0,O073,2023-11-09T04:33:46,,47,0,lateral
CE02106,U1017,C075,I011,F008,O040,S174|S007|S086|S044|S010,1,,,2023-08-04T05:33:27,2024-07-04T05:33:27,11,0,first_job
CE02107,U1017,C075,I011,F002,O007,S174|S007|S086|S044|S010,1,1.0,O040,2024-07-04T05:33:27,,26,0,lateral
CE02108,U1018,C112,I008,F003,O016,S202|S228|S149|S030|S160,1,,,2023-06-06T00:01:41,2024-05-06T00:01:41,11,0,first_job
CE02109,U1018,C267,I008,F006,O030,S202|S228|S149|S030|S160,2,1.0,O016,2024-05-06T00:01:41,,38,1,promotion
CE02110,U1019,C216,I010,F003,O015,S063|S102|S151|S176|S042|S114,6,,,2023-01-01T05:07:59,,20,0,first_job
CE02111,U1020,C043,I019,F008,O043,S143|S084|S082|S099|S157,7,,,2023-09-08T07:05:55,2024-07-08T07:05:55,10,0,first_job
CE02112,U1020,C043,I019,F008,O041,S143|S084|S082|S099|S157,7,7.0,O043,2024-07-08T07:05:55,,6,0,lateral
CE02113,U1021,C095,I012,F006,O028,S011|S174|S068|S108|S110,5,,,2023-07-06T14:41:12,2024-04-06T14:41:12,9,0,first_job
CE02114,U1021,C095,I012,F006,O032,S011|S174|S068|S108|S110,5,5.0,O028,2024-04-06T14:41:12,,33,0,lateral
CE02115,U1022,C066,I021,F010,O052,S062|S072|S143|S044|S073|S184,4,,,2023-01-13T06:26:25,,7,0,first_job
CE02116,U1023,C193,I002,F015,O078,S024|S207|S037|S202|S041|S231,4,,,2023-05-21T04:23:32,2024-03-21T04:23:32,10,0,first_job
CE02117,U1023,C193,I002,F015,O076,S024|S207|S037|S202|S041|S231,2,4.0,O078,2024-03-21T04:23:32,,14,-2,demotion
CE02118,U1024,C047,I012,F013,O069,S053|S196|S034|S049|S104,2,,,2023-04-23T05:16:01,2024-02-23T05:16:01,10,0,first_job
CE02119,U1024,C040,I007,F013,O066,S053|S196|S034|S049|S104,4,2.0,O069,2024-02-23T05:16:01,,14,2,promotion
CE02120,U1025,C076,I024,F017,O090,S177|S149|S119|S196|S045|S036,6,,,2023-09-07T23:25:29,2024-08-07T23:25:29,11,0,first_job
CE02121,U1025,C272,I024,F002,O008,S177|S149|S119|S196|S045|S036,6,6.0,O090,2024-08-07T23:25:29,,38,0,lateral
CE02122,U1026,C223,I012,F005,O023,S076|S191|S221|S215|S140|S186|S194,2,,,2023-03-19T20:36:34,2023-11-19T20:36:34,8,0,first_job
CE02123,U1026,C223,I012,F005,O025,S076|S191|S221|S215|S140|S186|S194,3,2.0,O023,2023-11-19T20:36:34,2024-07-19T20:36:34,8,1,promotion
CE02124,U1026,C206,I014,F005,O025,S076|S191|S221|S215|S140|S186|S194,5,3.0,O025,2024-07-19T20:36:34,,54,2,promotion
CE02125,U1027,C046,I001,F006,O032,S228|S129|S199|S213|S225|S020,5,,,2023-01-08T16:31:34,,26,0,first_job
CE02126,U1028,C200,I004,F017,O089,S119|S192|S227|S123|S225|S215,4,,,2023-01-24T23:07:11,,47,0,first_job
CE02127,U1029,C221,I019,F006,O030,S110|S143|S082|S235|S093|S195|S134|S100,1,,,2023-05-09T15:09:57,2024-04-09T15:09:57,11,0,first_job
CE02128,U1029,C221,I019,F003,O014,S110|S143|S082|S235|S093|S195|S134|S100,1,1.0,O030,2024-04-09T15:09:57,,36,0,lateral
CE02129,U1030,C133,I021,F004,O020,S183|S182|S239|S128|S132|S117|S105,6,,,2023-02-13T05:03:11,2023-12-13T05:03:11,10,0,first_job
CE02130,U1030,C133,I021,F004,O017,S183|S182|S239|S128|S132|S117|S105,7,6.0,O020,2023-12-13T05:03:11,,7,1,promotion
CE02131,U1031,C315,I003,F007,O035,S154|S184|S127|S122|S013|S195|S114|S038,2,,,2023-01-14T10:53:27,,9,0,first_job
CE02132,U1032,C204,I016,F013,O066,S105|S070|S156|S025|S063|S118|S189,4,,,2023-01-22T04:31:22,2023-09-22T04:31:22,8,0,first_job
CE02133,U1032,C204,I016,F013,O066,S105|S070|S156|S025|S063|S118|S189,6,4.0,O066,2023-09-22T04:31:22,2024-05-22T04:31:22,8,2,promotion
CE02134,U1032,C104,I024,F013,O066,S105|S070|S156|S025|S063|S118|S189,7,6.0,O066,2024-05-22T04:31:22,,26,1,promotion
CE02135,U1033,C233,I006,F007,O034,S135|S059|S068|S102|S039,2,,,2023-03-14T17:02:03,2023-11-14T17:02:03,8,0,first_job
CE02136,U1033,C233,I006,F007,O034,S135|S059|S068|S102|S039,2,2.0,O034,2023-11-14T17:02:03,2024-07-14T17:02:03,8,0,lateral
CE02137,U1033,C233,I006,F007,O038,S135|S059|S068|S102|S039,3,2.0,O034,2024-07-14T17:02:03,,51,1,promotion
CE02138,U1034,C071,I012,F014,O074,S018|S190|S185|S221|S084,7,,,2023-03-17T22:56:21,2023-11-17T22:56:21,8,0,first_job
CE02139,U1034,C071,I012,F018,O092,S018|S190|S185|S221|S084,7,7.0,O074,2023-11-17T22:56:21,,21,0,lateral
CE02140,U1035,C180,I005,F011,O059,S192|S011|S024|S056|S236|S032|S122|S117,7,,,2023-05-23T06:39:53,2024-04-23T06:39:53,11,0,first_job
CE02141,U1035,C174,I005,F015,O077,S192|S011|S024|S056|S236|S032|S122|S117,5,7.0,O059,2024-04-23T06:39:53,,8,-2,demotion
CE02142,U1036,C156,I005,F009,O045,S117|S145|S109|S215|S151,6,,,2023-08-08T09:41:13,2024-02-08T09:41:13,6,0,first_job
CE02143,U1036,C156,I005,F009,O044,S117|S145|S109|S215|S151,6,6.0,O045,2024-02-08T09:41:13,,17,0,lateral
CE02144,U1037,C024,I001,F008,O040,S128|S097|S094|S222|S182|S139|S093,1,,,2023-01-13T13:22:08,,46,0,first_job
CE02145,U1038,C256,I018,F018,O094,S223|S239|S188|S076|S044|S173|S198|S045,4,,,2023-06-24T21:42:26,2024-04-24T21:42:26,10,0,first_job
CE02146,U1038,C289,I018,F018,O092,S223|S239|S188|S076|S044|S173|S198|S045,6,4.0,O094,2024-04-24T21:42:26,,20,2,promotion
CE02147,U1039,C107,I006,F003,O014,S081|S048|S089|S204|S194,2,,,2023-04-02T01:00:02,2023-11-02T01:00:02,7,0,first_job
CE02148,U1039,C107,I006,F003,O013,S081|S048|S089|S204|S194,2,2.0,O014,2023-11-02T01:00:02,,23,0,lateral
CE02149,U1040,C140,I022,F001,O005,S094|S014|S005|S140|S159|S028|S021|S164,7,,,2023-02-16T02:11:37,2023-08-16T02:11:37,6,0,first_job
CE02150,U1040,C066,I021,F001,O004,S094|S014|S005|S140|S159|S028|S021|S164,1,7.0,O005,2023-08-16T02:11:37,2024-02-16T02:11:37,6,-6,demotion
CE02151,U1040,C066,I021,F001,O004,S094|S014|S005|S140|S159|S028|S021|S164,1,1.0,O004,2024-02-16T02:11:37,2024-08-16T02:11:37,6,0,lateral
CE02152,U1040,C279,I021,F001,O004,S094|S014|S005|S140|S159|S028|S021|S164,5,1.0,O004,2024-08-16T02:11:37,,43,4,promotion
CE02153,U1041,C297,I023,F003,O014,S232|S052|S119|S150|S053|S124,2,,,2023-01-25T16:46:56,2023-10-25T16:46:56,9,0,first_job
CE02154,U1041,C023,I015,F007,O037,S232|S052|S119|S150|S053|S124,1,2.0,O014,2023-10-25T16:46:56,,59,-1,demotion
CE02155,U1042,C229,I019,F006,O028,S103|S031|S085|S101|S033|S206|S215,5,,,2023-03-02T22:31:10,2023-12-02T22:31:10,9,0,first_job
CE02156,U1042,C209,I019,F005,O023,S103|S031|S085|S101|S033|S206|S215,5,5.0,O028,2023-12-02T22:31:10,2024-06-02T22:31:10,6,0,lateral
CE02157,U1042,C209,I019,F005,O027,S103|S031|S085|S101|S033|S206|S215,7,5.0,O023,2024-06-02T22:31:10,,43,2,promotion
CE02158,U1043,C081,I007,F006,O031,S210|S059|S222|S108|S089|S022,6,,,2023-04-25T18:09:49,2024-04-25T18:09:49,12,0,first_job
CE02159,U1043,C014,I007,F006,O031,S210|S059|S222|S108|S089|S022,7,6.0,O031,2024-04-25T18:09:49,,47,1,promotion
CE02160,U1044,C053,I019,F016,O083,S028|S164|S082|S189|S237|S177,5,,,2023-03-09T21:42:52,2023-12-09T21:42:52,9,0,first_job
CE02161,U1044,C053,I019,F001,O006,S028|S164|S082|S189|S237|S177,7,5.0,O083,2023-12-09T21:42:52,2024-08-09T21:42:52,8,2,promotion
CE02162,U1044,C096,I017,F001,O006,S028|S164|S082|S189|S237|S177,7,7.0,O006,2024-08-09T21:42:52,,35,0,lateral
CE02163,U1045,C048,I005,F004,O021,S095|S069|S138|S234|S022|S156|S130|S186,6,,,2023-02-17T03:58:32,2023-12-17T03:58:32,10,0,first_job
CE02164,U1045,C048,I005,F018,O092,S095|S069|S138|S234|S022|S156|S130|S186,6,6.0,O021,2023-12-17T03:58:32,,53,0,lateral
CE02165,U1046,C182,I011,F009,O045,S159|S095|S055|S109|S104,4,,,2023-07-19T18:19:52,2024-04-19T18:19:52,9,0,first_job
CE02166,U1046,C036,I011,F009,O045,S159|S095|S055|S109|S104,6,4.0,O045,2024-04-19T18:19:52,,50,2,promotion
CE02167,U1047,C122,I015,F018,O095,S025|S224|S010|S037|S136|S047,6,,,2023-04-10T17:06:18,2024-02-10T17:06:18,10,0,first_job
CE02168,U1047,C309,I020,F018,O092,S025|S224|S010|S037|S136|S047,6,6.0,O095,2024-02-10T17:06:18,,20,0,lateral
CE02169,U1048,C208,I009,F010,O050,S078|S155|S203|S071|S174|S075,1,,,2023-03-16T09:58:52,2023-10-16T09:58:52,7,0,first_job
CE02170,U1048,C208,I009,F015,O078,S078|S155|S203|S071|S174|S075,1,1.0,O050,2023-10-16T09:58:52,,32,0,lateral
CE02171,U1049,C236,I023,F005,O027,S008|S214|S007|S090|S191|S113|S012,2,,,2023-01-15T09:38:09,,24,0,first_job
CE02172,U1050,C072,I010,F013,O067,S150|S216|S006|S001|S016,6,,,2023-01-14T09:55:51,,7,0,first_job
CE02173,U1051,C186,I001,F001,O005,S188|S031|S184|S042|S033,3,,,2023-03-04T13:45:43,2023-10-04T13:45:43,7,0,first_job
CE02174,U1051,C182,I011,F001,O003,S188|S031|S184|S042|S033,3,3.0,O005,2023-10-04T13:45:43,,54,0,lateral
CE02175,U1052,C123,I022,F013,O067,S149|S096|S028|S205|S007,7,,,2023-08-08T14:04:51,2024-07-08T14:04:51,11,0,first_job
CE02176,U1052,C123,I022,F013,O067,S149|S096|S028|S205|S007,7,7.0,O067,2024-07-08T14:04:51,,47,0,lateral
CE02177,U1053,C302,I007,F007,O033,S136|S111|S059|S221|S200|S030|S158,5,,,2023-09-09T08:41:37,2024-06-09T08:41:37,9,0,first_job
CE02178,U1053,C302,I007,F007,O033,S136|S111|S059|S221|S200|S030|S158,5,5.0,O033,2024-06-09T08:41:37,,39,0,lateral
CE02179,U1054,C083,I024,F014,O071,S039|S053|S164|S208|S068|S072|S042|S104,5,,,2023-05-15T08:22:35,2024-03-15T08:22:35,10,0,first_job
CE02180,U1054,C083,I024,F014,O071,S039|S053|S164|S208|S068|S072|S042|S104,7,5.0,O071,2024-03-15T08:22:35,,58,2,promotion
CE02181,U1055,C203,I002,F003,O012,S128|S047|S015|S159|S071|S059|S087,2,,,2023-03-19T20:28:59,2023-10-19T20:28:59,7,0,first_job
CE02182,U1055,C300,I002,F011,O056,S128|S047|S015|S159|S071|S059|S087,2,2.0,O012,2023-10-19T20:28:59,,15,0,lateral
CE02183,U1056,C190,I023,F017,O088,S187|S109|S152|S013|S111|S156,1,,,2023-05-15T03:51:20,2024-05-15T03:51:20,12,0,first_job
CE02184,U1056,C190,I023,F018,O094,S187|S109|S152|S013|S111|S156,3,1.0,O088,2024-05-15T03:51:20,,41,2,promotion
CE02185,U1057,C202,I022,F001,O005,S015|S111|S129|S131|S240|S164,3,,,2023-02-16T13:57:36,2023-12-16T13:57:36,10,0,first_job
CE02186,U1057,C254,I022,F001,O001,S015|S111|S129|S131|S240|S164,1,3.0,O005,2023-12-16T13:57:36,,50,-2,demotion
CE02187,U1058,C301,I007,F017,O091,S210|S129|S211|S081|S159|S138|S145,3,,,2023-09-04T00:21:59,2024-06-04T00:21:59,9,0,first_job
CE02188,U1058,C162,I001,F017,O089,S210|S129|S211|S081|S159|S138|S145,6,3.0,O091,2024-06-04T00:21:59,,9,3,promotion
CE02189,U1059,C187,I002,F013,O068,S138|S017|S202|S068|S113,3,,,2023-01-06T16:10:59,2023-09-06T16:10:59,8,0,first_job
CE02190,U1059,C187,I002,F013,O068,S138|S017|S202|S068|S113,4,3.0,O068,2023-09-06T16:10:59,2024-05-06T16:10:59,8,1,promotion
CE02191,U1059,C187,I002,F013,O068,S138|S017|S202|S068|S113,7,4.0,O068,2024-05-06T16:10:59,,7,3,promotion
CE02192,U1060,C169,I011,F010,O053,S193|S207|S181|S037|S062|S132|S065,7,,,2023-09-19T09:32:50,2024-03-19T09:32:50,6,0,first_job
CE02193,U1060,C169,I011,F010,O053,S193|S207|S181|S037|S062|S132|S065,7,7.0,O053,2024-03-19T09:32:50,,45,0,lateral
CE02194,U1061,C043,I019,F005,O026,S003|S014|S094|S208|S193|S238,7,,,2023-09-09T08:06:57,2024-08-09T08:06:57,11,0,first_job
CE02195,U1061,C053,I019,F005,O023,S003|S014|S094|S208|S193|S238,7,7.0,O026,2024-08-09T08:06:57,,50,0,lateral
CE02196,U1062,C304,I020,F014,O075,S071|S099|S090|S215|S203,6,,,2023-01-09T07:38:30,,16,0,first_job
CE02197,U1063,C296,I011,F017,O088,S054|S206|S178|S058|S166,4,,,2023-01-11T06:32:02,,10,0,first_job
CE02198,U1064,C064,I005,F016,O086,S069|S022|S162|S009|S187|S027|S130|S032,5,,,2023-04-12T01:06:06,2024-01-12T01:06:06,9,0,first_job
CE02199,U1064,C064,I005,F016,O086,S069|S022|S162|S009|S187|S027|S130|S032,6,5.0,O086,2024-01-12T01:06:06,,12,1,promotion
CE02200,U1065,C294,I015,F015,O077,S190|S181|S007|S073|S167|S165|S001,6,,,2023-06-09T06:51:08,2024-01-09T06:51:08,7,0,first_job
CE02201,U1065,C082,I015,F015,O077,S190|S181|S007|S073|S167|S165|S001,7,6.0,O077,2024-01-09T06:51:08,,53,1,promotion
CE02202,U1066,C130,I014,F014,O072,S001|S196|S049|S179|S175|S101|S228|S097,5,,,2023-01-18T23:03:38,2023-07-18T23:03:38,6,0,first_job
CE02203,U1066,C130,I014,F014,O073,S001|S196|S049|S179|S175|S101|S228|S097,5,5.0,O072,2023-07-18T23:03:38,2024-02-18T23:03:38,7,0,lateral
CE02204,U1066,C050,I013,F008,O039,S001|S196|S049|S179|S175|S101|S228|S097,6,5.0,O073,2024-02-18T23:03:38,,23,1,promotion
CE02205,U1067,C289,I018,F014,O073,S177|S194|S182|S004|S056|S027|S178|S061,6,,,2023-01-23T03:18:06,,8,0,first_job
CE02206,U1068,C185,I021,F016,O085,S122|S184|S035|S165|S008,2,,,2023-03-12T11:26:50,2023-10-12T11:26:50,7,0,first_job
CE02207,U1068,C185,I021,F013,O069,S122|S184|S035|S165|S008,7,2.0,O085,2023-10-12T11:26:50,2024-04-12T11:26:50,6,5,promotion
CE02208,U1068,C185,I021,F013,O065,S122|S184|S035|S165|S008,7,7.0,O069,2024-04-12T11:26:50,,40,0,lateral
CE02209,U1069,C296,I011,F016,O082,S158|S137|S089|S218|S033|S085,4,,,2023-01-17T22:52:59,,16,0,first_job
CE02210,U1070,C164,I012,F015,O080,S034|S020|S007|S119|S041,5,,,2023-07-06T04:23:49,2024-05-06T04:23:49,10,0,first_job
CE02211,U1070,C164,I012,F015,O079,S034|S020|S007|S119|S041,2,5.0,O080,2024-05-06T04:23:49,,24,-3,demotion
CE02212,U1071,C176,I007,F018,O094,S055|S186|S015|S149|S044|S022|S152,5,,,2023-06-08T07:18:14,2024-06-08T07:18:14,12,0,first_job
CE02213,U1071,C176,I007,F018,O094,S055|S186|S015|S149|S044|S022|S152,6,5.0,O094,2024-06-08T07:18:14,,10,1,promotion
CE02214,U1072,C214,I022,F001,O003,S125|S200|S047|S063|S195|S187,6,,,2023-01-09T19:55:52,,34,0,first_job
CE02215,U1073,C316,I013,F010,O054,S229|S193|S203|S127|S038,4,,,2023-03-19T10:31:46,2023-12-19T10:31:46,9,0,first_job
CE02216,U1073,C137,I013,F011,O057,S229|S193|S203|S127|S038,4,4.0,O054,2023-12-19T10:31:46,,46,0,lateral
CE02217,U1074,C033,I024,F008,O042,S094|S191|S194|S142|S231,6,,,2023-01-11T17:08:23,,7,0,first_job
CE02218,U1075,C128,I011,F010,O051,S133|S026|S108|S177|S222|S038|S061|S109,1,,,2023-03-07T16:07:21,2023-11-07T16:07:21,8,0,first_job
CE02219,U1075,C128,I011,F010,O049,S133|S026|S108|S177|S222|S038|S061|S109,1,1.0,O051,2023-11-07T16:07:21,2024-06-07T16:07:21,7,0,lateral
CE02220,U1075,C128,I011,F016,O084,S133|S026|S108|S177|S222|S038|S061|S109,4,1.0,O049,2024-06-07T16:07:21,,55,3,promotion
CE02221,U1076,C238,I004,F012,O063,S044|S064|S117|S148|S017|S065|S118|S032,7,,,2023-05-22T04:24:35,2024-02-22T04:24:35,9,0,first_job
CE02222,U1076,C165,I017,F012,O061,S044|S064|S117|S148|S017|S065|S118|S032,7,7.0,O063,2024-02-22T04:24:35,,46,0,lateral
CE02223,U1077,C210,I024,F011,O057,S027|S215|S021|S179|S091,3,,,2023-03-04T01:54:56,2023-09-04T01:54:56,6,0,first_job
CE02224,U1077,C033,I024,F011,O057,S027|S215|S021|S179|S091,6,3.0,O057,2023-09-04T01:54:56,2024-03-04T01:54:56,6,3,promotion
CE02225,U1077,C033,I024,F011,O057,S027|S215|S021|S179|S091,6,6.0,O057,2024-03-04T01:54:56,,16,0,lateral
CE02226,U1078,C303,I008,F014,O074,S216|S088|S132|S200|S050|S012|S070|S113,3,,,2023-02-02T21:52:33,2024-02-02T21:52:33,12,0,first_job
CE02227,U1078,C281,I008,F014,O073,S216|S088|S132|S200|S050|S012|S070|S113,7,3.0,O074,2024-02-02T21:52:33,,24,4,promotion
CE02228,U1079,C286,I009,F010,O052,S211|S070|S003|S208|S158|S021,4,,,2023-05-21T09:50:09,2023-11-21T09:50:09,6,0,first_job
CE02229,U1079,C102,I009,F003,O015,S211|S070|S003|S208|S158|S021,2,4.0,O052,2023-11-21T09:50:09,,9,-2,demotion
CE02230,U1080,C244,I022,F007,O037,S160|S171|S144|S178|S125,6,,,2023-01-06T21:19:02,,6,0,first_job
CE02231,U1081,C088,I009,F017,O091,S063|S213|S208|S038|S070|S059|S093|S115,7,,,2023-09-25T04:23:03,2024-04-25T04:23:03,7,0,first_job
CE02232,U1081,C088,I009,F009,O048,S063|S213|S208|S038|S070|S059|S093|S115,7,7.0,O091,2024-04-25T04:23:03,,9,0,lateral
CE02233,U1082,C227,I019,F007,O034,S235|S007|S045|S195|S188|S177|S110,1,,,2023-07-21T13:10:42,2024-02-21T13:10:42,7,0,first_job
CE02234,U1082,C051,I019,F007,O037,S235|S007|S045|S195|S188|S177|S110,1,1.0,O034,2024-02-21T13:10:42,,58,0,lateral
CE02235,U1083,C282,I017,F014,O074,S162|S112|S083|S131|S032|S146|S136|S106,1,,,2023-01-18T07:37:41,,56,0,first_job
CE02236,U1084,C243,I008,F013,O068,S192|S217|S224|S044|S132,2,,,2023-05-21T22:03:52,2024-02-21T22:03:52,9,0,first_job
CE02237,U1084,C243,I008,F011,O059,S192|S217|S224|S044|S132,4,2.0,O068,2024-02-21T22:03:52,,25,2,promotion
CE02238,U1085,C240,I002,F013,O068,S025|S060|S077|S091|S103|S137|S122|S126,3,,,2023-04-15T13:48:52,2024-04-15T13:48:52,12,0,first_job
CE02239,U1085,C240,I002,F011,O058,S025|S060|S077|S091|S103|S137|S122|S126,3,3.0,O068,2024-04-15T13:48:52,,15,0,lateral
CE02240,U1086,C214,I022,F011,O056,S086|S033|S127|S078|S060,5,,,2023-06-08T04:58:42,2024-01-08T04:58:42,7,0,first_job
CE02241,U1086,C214,I022,F011,O056,S086|S033|S127|S078|S060,6,5.0,O056,2024-01-08T04:58:42,,11,1,promotion
CE02242,U1087,C119,I013,F005,O024,S198|S187|S127|S175|S013|S222,4,,,2023-03-25T23:34:39,2023-09-25T23:34:39,6,0,first_job
CE02243,U1087,C023,I015,F005,O023,S198|S187|S127|S175|S013|S222,6,4.0,O024,2023-09-25T23:34:39,2024-04-25T23:34:39,7,2,promotion
CE02244,U1087,C023,I015,F005,O023,S198|S187|S127|S175|S013|S222,7,6.0,O023,2024-04-25T23:34:39,,28,1,promotion
CE02245,U1088,C102,I009,F013,O068,S195|S008|S186|S199|S140|S113|S012|S197,5,,,2023-08-23T05:29:28,2024-07-23T05:29:28,11,0,first_job
CE02246,U1088,C049,I006,F006,O029,S195|S008|S186|S199|S140|S113|S012|S197,6,5.0,O068,2024-07-23T05:29:28,,48,1,promotion
CE02247,U1089,C109,I014,F011,O057,S097|S200|S156|S007|S069|S073,5,,,2023-01-17T07:12:44,,18,0,first_job
CE02248,U1090,C010,I001,F017,O087,S237|S081|S064|S175|S126,5,,,2023-01-24T19:53:40,,21,0,first_job
CE02249,U1091,C222,I003,F001,O006,S203|S217|S087|S024|S053|S167|S004,4,,,2023-02-02T20:48:50,2023-11-02T20:48:50,9,0,first_job
CE02250,U1091,C266,I016,F001,O001,S203|S217|S087|S024|S053|S167|S004,4,4.0,O006,2023-11-02T20:48:50,2024-08-02T20:48:50,9,0,lateral
CE02251,U1091,C035,I013,F014,O072,S203|S217|S087|S024|S053|S167|S004,7,4.0,O001,2024-08-02T20:48:50,,45,3,promotion
CE02252,U1092,C023,I015,F006,O032,S230|S043|S026|S168|S194|S067,5,,,2023-09-10T08:33:42,2024-08-10T08:33:42,11,0,first_job
CE02253,U1092,C028,I018,F001,O005,S230|S043|S026|S168|S194|S067,5,5.0,O032,2024-08-10T08:33:42,,27,0,lateral
CE02254,U1093,C131,I018,F004,O022,S125|S228|S090|S088|S186|S189|S113|S235,4,,,2023-03-15T06:09:02,2023-11-15T06:09:02,8,0,first_job
CE02255,U1093,C131,I018,F004,O018,S125|S228|S090|S088|S186|S189|S113|S235,5,4.0,O022,2023-11-15T06:09:02,2024-05-15T06:09:02,6,1,promotion
CE02256,U1093,C239,I013,F004,O019,S125|S228|S090|S088|S186|S189|S113|S235,6,5.0,O018,2024-05-15T06:09:02,,44,1,promotion
CE02257,U1094,C046,I001,F009,O044,S182|S096|S085|S104|S178|S202|S222|S072,6,,,2023-09-12T01:22:40,2024-09-12T01:22:40,12,0,first_job
CE02258,U1094,C046,I001,F009,O045,S182|S096|S085|S104|S178|S202|S222|S072,7,6.0,O044,2024-09-12T01:22:40,,8,1,promotion
CE02259,U1095,C019,I018,F010,O053,S158|S015|S121|S094|S120|S032,3,,,2023-08-03T06:09:04,2024-05-03T06:09:04,9,0,first_job
CE02260,U1095,C019,I018,F010,O053,S158|S015|S121|S094|S120|S032,5,3.0,O053,2024-05-03T06:09:04,,33,2,promotion
CE02261,U1096,C062,I010,F002,O011,S209|S080|S010|S085|S167,4,,,2023-03-05T23:35:59,2024-02-05T23:35:59,11,0,first_job
CE02262,U1096,C305,I018,F002,O007,S209|S080|S010|S085|S167,5,4.0,O011,2024-02-05T23:35:59,,13,1,promotion
CE02263,U1097,C257,I006,F012,O061,S160|S120|S190|S167|S179|S220,3,,,2023-01-08T12:28:17,,52,0,first_job
CE02264,U1098,C068,I006,F003,O014,S226|S120|S098|S174|S053|S209|S102,5,,,2023-08-08T06:16:06,2024-02-08T06:16:06,6,0,first_job
CE02265,U1098,C068,I006,F003,O014,S226|S120|S098|S174|S053|S209|S102,5,5.0,O014,2024-02-08T06:16:06,,37,0,lateral
CE02266,U1099,C101,I007,F002,O008,S080|S081|S181|S183|S152|S041|S137,1,,,2023-01-05T08:00:31,,45,0,first_job
CE02267,U1100,C275,I008,F003,O015,S069|S208|S199|S177|S116|S095|S030|S083,1,,,2023-03-06T17:18:52,2023-12-06T17:18:52,9,0,first_job
CE02268,U1100,C228,I008,F003,O013,S069|S208|S199|S177|S116|S095|S030|S083,1,1.0,O015,2023-12-06T17:18:52,2024-09-06T17:18:52,9,0,lateral
CE02269,U1100,C243,I008,F014,O072,S069|S208|S199|S177|S116|S095|S030|S083,1,1.0,O013,2024-09-06T17:18:52,,9,0,lateral
CE02270,U1101,C279,I021,F003,O016,S041|S072|S006|S203|S090|S124|S105,7,,,2023-06-15T23:57:22,2024-01-15T23:57:22,7,0,first_job
CE02271,U1101,C123,I022,F008,O042,S041|S072|S006|S203|S090|S124|S105,7,7.0,O016,2024-01-15T23:57:22,,23,0,lateral
CE02272,U1102,C154,I022,F017,O090,S222|S024|S073|S183|S075|S184|S092|S008,6,,,2023-01-19T20:27:52,,50,0,first_job
CE02273,U1103,C279,I021,F008,O040,S171|S130|S027|S087|S052|S235|S083,6,,,2023-01-05T10:02:46,,44,0,first_job
CE02274,U1104,C297,I023,F001,O005,S030|S205|S065|S045|S044|S005|S123|S178,4,,,2023-01-16T09:02:03,2023-07-16T09:02:03,6,0,first_job
CE02275,U1104,C297,I023,F001,O005,S030|S205|S065|S045|S044|S005|S123|S178,5,4.0,O005,2023-07-16T09:02:03,,34,1,promotion
CE02276,U1105,C120,I017,F018,O095,S071|S092|S113|S065|S233|S060|S017|S237,1,,,2023-01-06T20:46:26,,31,0,first_job
CE02277,U1106,C297,I023,F011,O055,S020|S031|S136|S058|S074|S033,3,,,2023-04-20T00:59:06,2024-02-20T00:59:06,10,0,first_job
CE02278,U1106,C297,I023,F011,O057,S020|S031|S136|S058|S074|S033,7,3.0,O055,2024-02-20T00:59:06,,54,4,promotion
CE02279,U1107,C115,I017,F011,O057,S170|S171|S113|S198|S182|S014|S027|S133,1,,,2023-02-07T01:17:48,2023-09-07T01:17:48,7,0,first_job
CE02280,U1107,C007,I017,F011,O059,S170|S171|S113|S198|S182|S014|S027|S133,6,1.0,O057,2023-09-07T01:17:48,2024-04-07T01:17:48,7,5,promotion
CE02281,U1107,C007,I017,F011,O056,S170|S171|S113|S198|S182|S014|S027|S133,7,6.0,O059,2024-04-07T01:17:48,,34,1,promotion
CE02282,U1108,C034,I009,F015,O077,S072|S002|S121|S106|S089|S201,4,,,2023-02-14T23:44:58,2023-08-14T23:44:58,6,0,first_job
CE02283,U1108,C286,I009,F015,O077,S072|S002|S121|S106|S089|S201,2,4.0,O077,2023-08-14T23:44:58,2024-02-14T23:44:58,6,-2,demotion
CE02284,U1108,C235,I009,F015,O080,S072|S002|S121|S106|S089|S201,6,2.0,O077,2024-02-14T23:44:58,2024-08-14T23:44:58,6,4,promotion
CE02285,U1108,C045,I009,F015,O076,S072|S002|S121|S106|S089|S201,7,6.0,O080,2024-08-14T23:44:58,,27,1,promotion
CE02286,U1109,C075,I011,F002,O009,S168|S075|S156|S235|S110|S085,1,,,2023-08-05T20:04:45,2024-03-05T20:04:45,7,0,first_job
CE02287,U1109,C182,I011,F002,O007,S168|S075|S156|S235|S110|S085,1,1.0,O009,2024-03-05T20:04:45,,35,0,lateral
CE02288,U1110,C077,I019,F001,O003,S147|S094|S091|S145|S151,6,,,2023-03-09T12:53:01,2024-03-09T12:53:01,12,0,first_job
CE02289,U1110,C221,I019,F001,O004,S147|S094|S091|S145|S151,7,6.0,O003,2024-03-09T12:53:01,,21,1,promotion
CE02290,U1111,C002,I013,F018,O095,S130|S219|S227|S194|S011,1,,,2023-01-24T22:50:49,2023-10-24T22:50:49,9,0,first_job
CE02291,U1111,C024,I001,F001,O001,S130|S219|S227|S194|S011,1,1.0,O095,2023-10-24T22:50:49,2024-07-24T22:50:49,9,0,lateral
CE02292,U1111,C157,I001,F001,O001,S130|S219|S227|S194|S011,6,1.0,O001,2024-07-24T22:50:49,,28,5,promotion
CE02293,U1112,C033,I024,F014,O074,S216|S163|S022|S031|S064|S015|S085,7,,,2023-02-20T12:59:29,2023-08-20T12:59:29,6,0,first_job
CE02294,U1112,C033,I024,F014,O071,S216|S163|S022|S031|S064|S015|S085,7,7.0,O074,2023-08-20T12:59:29,2024-02-20T12:59:29,6,0,lateral
CE02295,U1112,C108,I024,F014,O075,S216|S163|S022|S031|S064|S015|S085,7,7.0,O071,2024-02-20T12:59:29,2024-08-20T12:59:29,6,0,lateral
CE02296,U1112,C108,I024,F014,O074,S216|S163|S022|S031|S064|S015|S085,7,7.0,O075,2024-08-20T12:59:29,,30,0,lateral
CE02297,U1113,C282,I017,F002,O007,S200|S229|S047|S075|S109,7,,,2023-06-04T13:17:48,2024-04-04T13:17:48,10,0,first_job
CE02298,U1113,C318,I017,F013,O069,S200|S229|S047|S075|S109,7,7.0,O007,2024-04-04T13:17:48,,9,0,lateral
CE02299,U1114,C052,I013,F011,O056,S041|S033|S049|S219|S200,1,,,2023-01-09T23:26:44,,23,0,first_job
CE02300,U1115,C019,I018,F018,O094,S114|S234|S151|S025|S146|S037,3,,,2023-07-16T03:16:56,2024-07-16T03:16:56,12,0,first_job
CE02301,U1115,C019,I018,F018,O094,S114|S234|S151|S025|S146|S037,7,3.0,O094,2024-07-16T03:16:56,,48,4,promotion
CE02302,U1116,C127,I004,F006,O030,S109|S129|S169|S168|S018,4,,,2023-08-20T13:54:22,2024-04-20T13:54:22,8,0,first_job
CE02303,U1116,C127,I004,F015,O078,S109|S129|S169|S168|S018,4,4.0,O030,2024-04-20T13:54:22,,56,0,lateral
CE02304,U1117,C075,I011,F009,O048,S063|S106|S150|S066|S214|S163,6,,,2023-02-22T05:15:48,2023-10-22T05:15:48,8,0,first_job
CE02305,U1117,C263,I011,F018,O093,S063|S106|S150|S066|S214|S163,7,6.0,O048,2023-10-22T05:15:48,2024-04-22T05:15:48,6,1,promotion
CE02306,U1117,C182,I011,F010,O051,S063|S106|S150|S066|S214|S163,7,7.0,O093,2024-04-22T05:15:48,,8,0,lateral
CE02307,U1118,C040,I007,F013,O066,S034|S210|S050|S152|S118|S178|S078|S123,3,,,2023-03-16T06:38:30,2023-12-16T06:38:30,9,0,first_job
CE02308,U1118,C125,I007,F013,O069,S034|S210|S050|S152|S118|S178|S078|S123,5,3.0,O066,2023-12-16T06:38:30,2024-09-16T06:38:30,9,2,promotion
CE02309,U1118,C125,I007,F013,O067,S034|S210|S050|S152|S118|S178|S078|S123,7,5.0,O069,2024-09-16T06:38:30,,37,2,promotion
CE02310,U1119,C162,I001,F008,O041,S181|S206|S173|S187|S010|S198|S012|S160,3,,,2023-03-14T17:20:20,2023-12-14T17:20:20,9,0,first_job
CE02311,U1119,C162,I001,F008,O039,S181|S206|S173|S187|S010|S198|S012|S160,7,3.0,O041,2023-12-14T17:20:20,,20,4,promotion
CE02312,U1120,C214,I022,F005,O023,S192|S073|S008|S127|S196|S218,2,,,2023-09-03T11:53:37,2024-09-03T11:53:37,12,0,first_job
CE02313,U1120,C214,I022,F005,O023,S192|S073|S008|S127|S196|S218,6,2.0,O023,2024-09-03T11:53:37,,11,4,promotion
CE02314,U1121,C302,I007,F013,O069,S041|S210|S212|S203|S111,2,,,2023-01-09T22:18:06,2023-10-09T22:18:06,9,0,first_job
CE02315,U1121,C097,I007,F007,O033,S041|S210|S212|S203|S111,4,2.0,O069,2023-10-09T22:18:06,,31,2,promotion
CE02316,U1122,C040,I007,F001,O005,S100|S171|S239|S096|S155,2,,,2023-04-20T10:39:47,2023-10-20T10:39:47,6,0,first_job
CE02317,U1122,C040,I007,F001,O006,S100|S171|S239|S096|S155,2,2.0,O005,2023-10-20T10:39:47,,12,0,lateral
CE02318,U1123,C071,I012,F011,O057,S035|S063|S002|S170|S175,5,,,2023-02-07T06:04:02,2023-11-07T06:04:02,9,0,first_job
CE02319,U1123,C071,I012,F011,O057,S035|S063|S002|S170|S175,7,5.0,O057,2023-11-07T06:04:02,2024-08-07T06:04:02,9,2,promotion
CE02320,U1123,C071,I012,F004,O020,S035|S063|S002|S170|S175,7,7.0,O057,2024-08-07T06:04:02,,16,0,lateral
CE02321,U1124,C043,I019,F008,O043,S125|S073|S145|S167|S146,4,,,2023-03-04T19:41:30,2023-11-04T19:41:30,8,0,first_job
CE02322,U1124,C043,I019,F008,O041,S125|S073|S145|S167|S146,5,4.0,O043,2023-11-04T19:41:30,,26,1,promotion
CE02323,U1125,C162,I001,F013,O068,S139|S016|S228|S080|S129,3,,,2023-09-09T11:56:47,2024-07-09T11:56:47,10,0,first_job
CE02324,U1125,C121,I001,F013,O069,S139|S016|S228|S080|S129,4,3.0,O068,2024-07-09T11:56:47,,28,1,promotion
CE02325,U1126,C058,I020,F006,O031,S171|S187|S117|S029|S051,6,,,2023-01-19T10:49:36,2023-12-19T10:49:36,11,0,first_job
CE02326,U1126,C058,I020,F006,O031,S171|S187|S117|S029|S051,7,6.0,O031,2023-12-19T10:49:36,,36,1,promotion
CE02327,U1127,C089,I007,F013,O067,S093|S124|S049|S229|S160|S053,2,,,2023-02-08T10:48:56,2023-08-08T10:48:56,6,0,first_job
CE02328,U1127,C040,I007,F013,O069,S093|S124|S049|S229|S160|S053,2,2.0,O067,2023-08-08T10:48:56,2024-02-08T10:48:56,6,0,lateral
CE02329,U1127,C040,I007,F013,O068,S093|S124|S049|S229|S160|S053,6,2.0,O069,2024-02-08T10:48:56,2024-08-08T10:48:56,6,4,promotion
CE02330,U1127,C014,I007,F013,O070,S093|S124|S049|S229|S160|S053,7,6.0,O068,2024-08-08T10:48:56,,6,1,promotion
CE02331,U1128,C112,I008,F002,O007,S061|S035|S112|S209|S238|S126,3,,,2023-01-20T15:36:01,,51,0,first_job
CE02332,U1129,C067,I002,F014,O072,S058|S135|S138|S192|S189|S064,2,,,2023-01-19T06:05:52,2023-12-19T06:05:52,11,0,first_job
CE02333,U1129,C187,I002,F004,O019,S058|S135|S138|S192|S189|S064,3,2.0,O072,2023-12-19T06:05:52,,28,1,promotion
CE02334,U1130,C028,I018,F012,O062,S240|S098|S083|S050|S008,6,,,2023-01-24T23:18:08,,46,0,first_job
CE02335,U1131,C204,I016,F015,O078,S086|S063|S006|S168|S016|S143,3,,,2023-01-07T12:28:50,2023-08-07T12:28:50,7,0,first_job
CE02336,U1131,C204,I016,F015,O079,S086|S063|S006|S168|S016|S143,6,3.0,O078,2023-08-07T12:28:50,2024-04-07T12:28:50,8,3,promotion
CE02337,U1131,C191,I020,F009,O048,S086|S063|S006|S168|S016|S143,7,6.0,O079,2024-04-07T12:28:50,,16,1,promotion
CE02338,U1132,C205,I006,F001,O001,S081|S108|S024|S139|S071|S152|S140|S185,2,,,2023-05-22T10:11:12,2024-05-22T10:11:12,12,0,first_job
CE02339,U1132,C049,I006,F014,O071,S081|S108|S024|S139|S071|S152|S140|S185,6,2.0,O001,2024-05-22T10:11:12,,22,4,promotion
CE02340,U1133,C032,I011,F006,O031,S161|S212|S066|S027|S113|S086|S180|S122,4,,,2023-01-06T09:01:05,,57,0,first_job
CE02341,U1134,C296,I011,F013,O069,S203|S151|S237|S149|S153,2,,,2023-03-23T20:39:38,2023-09-23T20:39:38,6,0,first_job
CE02342,U1134,C296,I011,F013,O069,S203|S151|S237|S149|S153,4,2.0,O069,2023-09-23T20:39:38,2024-03-23T20:39:38,6,2,promotion
CE02343,U1134,C296,I011,F013,O070,S203|S151|S237|S149|S153,4,4.0,O069,2024-03-23T20:39:38,2024-09-23T20:39:38,6,0,lateral
CE02344,U1134,C184,I001,F013,O069,S203|S151|S237|S149|S153,6,4.0,O070,2024-09-23T20:39:38,,14,2,promotion
CE02345,U1135,C218,I021,F012,O064,S075|S061|S028|S105|S213|S032,5,,,2023-02-21T20:59:22,2023-10-21T20:59:22,8,0,first_job
CE02346,U1135,C199,I021,F012,O061,S075|S061|S028|S105|S213|S032,7,5.0,O064,2023-10-21T20:59:22,2024-07-21T20:59:22,9,2,promotion
CE02347,U1135,C090,I003,F009,O047,S075|S061|S028|S105|S213|S032,7,7.0,O061,2024-07-21T20:59:22,,6,0,lateral
CE02348,U1136,C278,I004,F018,O093,S053|S151|S047|S016|S031|S022|S214,5,,,2023-01-25T03:01:47,,28,0,first_job
CE02349,U1137,C301,I007,F013,O067,S071|S146|S192|S121|S087,5,,,2023-04-01T17:30:23,2023-11-01T17:30:23,7,0,first_job
CE02350,U1137,C089,I007,F013,O066,S071|S146|S192|S121|S087,5,5.0,O067,2023-11-01T17:30:23,,45,0,lateral
CE02351,U1138,C157,I001,F009,O044,S188|S200|S186|S139|S083|S064|S006,6,,,2023-01-12T15:27:11,,23,0,first_job
CE02352,U1139,C207,I008,F017,O089,S155|S118|S047|S057|S126|S167,5,,,2023-03-02T02:48:56,2023-11-02T02:48:56,8,0,first_job
CE02353,U1139,C112,I008,F014,O072,S155|S118|S047|S057|S126|S167,5,5.0,O089,2023-11-02T02:48:56,2024-05-02T02:48:56,6,0,lateral
CE02354,U1139,C056,I008,F016,O083,S155|S118|S047|S057|S126|S167,7,5.0,O072,2024-05-02T02:48:56,,54,2,promotion
CE02355,U1140,C299,I015,F003,O014,S203|S147|S167|S078|S144|S061,5,,,2023-01-12T07:52:50,,43,0,first_job
CE02356,U1141,C153,I023,F007,O033,S184|S045|S080|S105|S133|S130,3,,,2023-04-06T11:48:46,2023-10-06T11:48:46,6,0,first_job
CE02357,U1141,C136,I023,F013,O068,S184|S045|S080|S105|S133|S130,1,3.0,O033,2023-10-06T11:48:46,,55,-2,demotion
CE02358,U1142,C257,I006,F012,O060,S059|S145|S146|S029|S060|S062|S183|S224,3,,,2023-07-10T04:02:35,2024-03-10T04:02:35,8,0,first_job
CE02359,U1142,C148,I005,F012,O063,S059|S145|S146|S029|S060|S062|S183|S224,4,3.0,O060,2024-03-10T04:02:35,,11,1,promotion
CE02360,U1143,C016,I006,F004,O017,S083|S094|S105|S086|S239,7,,,2023-07-09T09:11:19,2024-05-09T09:11:19,10,0,first_job
CE02361,U1143,C072,I010,F004,O021,S083|S094|S105|S086|S239,7,7.0,O017,2024-05-09T09:11:19,,28,0,lateral
CE02362,U1144,C163,I002,F018,O093,S175|S217|S005|S109|S024|S065|S073,6,,,2023-01-18T18:26:26,2023-07-18T18:26:26,6,0,first_job
CE02363,U1144,C163,I002,F018,O094,S175|S217|S005|S109|S024|S065|S073,7,6.0,O093,2023-07-18T18:26:26,2024-01-18T18:26:26,6,1,promotion
CE02364,U1144,C159,I002,F018,O094,S175|S217|S005|S109|S024|S065|S073,7,7.0,O094,2024-01-18T18:26:26,2024-07-18T18:26:26,6,0,lateral
CE02365,U1144,C193,I002,F018,O094,S175|S217|S005|S109|S024|S065|S073,6,7.0,O094,2024-07-18T18:26:26,,47,-1,demotion
CE02366,U1145,C203,I002,F009,O047,S209|S123|S217|S229|S128|S141,3,,,2023-09-18T16:40:06,2024-09-18T16:40:06,12,0,first_job
CE02367,U1145,C203,I002,F009,O044,S209|S123|S217|S229|S128|S141,6,3.0,O047,2024-09-18T16:40:06,,37,3,promotion
CE02368,U1146,C180,I005,F006,O032,S079|S114|S177|S033|S075|S117|S216,2,,,2023-03-13T18:22:01,2023-10-13T18:22:01,7,0,first_job
CE02369,U1146,C160,I005,F006,O032,S079|S114|S177|S033|S075|S117|S216,7,2.0,O032,2023-10-13T18:22:01,2024-04-13T18:22:01,6,5,promotion
CE02370,U1146,C160,I005,F006,O029,S079|S114|S177|S033|S075|S117|S216,7,7.0,O032,2024-04-13T18:22:01,,27,0,lateral
CE02371,U1147,C230,I002,F016,O085,S037|S047|S013|S021|S194|S044,6,,,2023-01-20T21:06:40,,41,0,first_job
CE02372,U1148,C068,I006,F015,O080,S060|S179|S234|S137|S166|S229|S207|S235,4,,,2023-03-08T01:49:18,2023-11-08T01:49:18,8,0,first_job
CE02373,U1148,C203,I002,F015,O080,S060|S179|S234|S137|S166|S229|S207|S235,6,4.0,O080,2023-11-08T01:49:18,,32,2,promotion
CE02374,U1149,C251,I004,F007,O037,S015|S064|S025|S068|S077|S070|S180|S206,6,,,2023-01-15T05:56:15,2023-07-15T05:56:15,6,0,first_job
CE02375,U1149,C278,I004,F007,O033,S015|S064|S025|S068|S077|S070|S180|S206,7,6.0,O037,2023-07-15T05:56:15,2024-01-15T05:56:15,6,1,promotion
CE02376,U1149,C020,I004,F006,O031,S015|S064|S025|S068|S077|S070|S180|S206,7,7.0,O033,2024-01-15T05:56:15,2024-07-15T05:56:15,6,0,lateral
CE02377,U1149,C211,I004,F003,O013,S015|S064|S025|S068|S077|S070|S180|S206,7,7.0,O031,2024-07-15T05:56:15,,44,0,lateral
CE02378,U1150,C315,I003,F012,O061,S017|S191|S206|S207|S067|S092|S165|S135,7,,,2023-06-24T18:06:35,2024-04-24T18:06:35,10,0,first_job
CE02379,U1150,C173,I016,F004,O021,S017|S191|S206|S207|S067|S092|S165|S135,7,7.0,O061,2024-04-24T18:06:35,,34,0,lateral
CE02380,U1151,C121,I001,F014,O071,S229|S016|S004|S019|S123|S006,2,,,2023-08-10T06:30:49,2024-08-10T06:30:49,12,0,first_job
CE02381,U1151,C121,I001,F014,O072,S229|S016|S004|S019|S123|S006,1,2.0,O071,2024-08-10T06:30:49,,52,-1,demotion
CE02382,U1152,C199,I021,F001,O006,S161|S188|S236|S014|S078|S135|S198,2,,,2023-02-11T20:24:19,2023-11-11T20:24:19,9,0,first_job
CE02383,U1152,C117,I021,F001,O006,S161|S188|S236|S014|S078|S135|S198,2,2.0,O006,2023-11-11T20:24:19,,29,0,lateral
CE02384,U1153,C146,I017,F001,O002,S086|S153|S107|S053|S166|S026,4,,,2023-01-16T19:03:03,2023-07-16T19:03:03,6,0,first_job
CE02385,U1153,C146,I017,F001,O002,S086|S153|S107|S053|S166|S026,1,4.0,O002,2023-07-16T19:03:03,,40,-3,demotion
CE02386,U1154,C022,I010,F004,O022,S152|S119|S234|S101|S183|S112,4,,,2023-01-14T16:59:59,2023-12-14T16:59:59,11,0,first_job
CE02387,U1154,C022,I010,F004,O022,S152|S119|S234|S101|S183|S112,6,4.0,O022,2023-12-14T16:59:59,,22,2,promotion
CE02388,U1155,C165,I017,F015,O080,S045|S031|S118|S186|S048|S070,5,,,2023-06-12T12:27:14,2023-12-12T12:27:14,6,0,first_job
CE02389,U1155,C165,I017,F017,O089,S045|S031|S118|S186|S048|S070,5,5.0,O080,2023-12-12T12:27:14,,35,0,lateral
CE02390,U1156,C047,I012,F015,O077,S169|S083|S136|S007|S019,3,,,2023-01-01T22:53:23,,44,0,first_job
CE02391,U1157,C190,I023,F014,O074,S168|S148|S051|S131|S081|S061,6,,,2023-01-24T14:29:38,2023-07-24T14:29:38,6,0,first_job
CE02392,U1157,C190,I023,F014,O071,S168|S148|S051|S131|S081|S061,7,6.0,O074,2023-07-24T14:29:38,2024-04-24T14:29:38,9,1,promotion
CE02393,U1157,C190,I023,F004,O019,S168|S148|S051|S131|S081|S061,7,7.0,O071,2024-04-24T14:29:38,,21,0,lateral
CE02394,U1158,C037,I009,F015,O076,S220|S218|S012|S118|S227|S119|S121|S013,3,,,2023-01-01T16:15:17,,53,0,first_job
CE02395,U1159,C307,I023,F017,O089,S095|S198|S063|S109|S034|S003|S187,5,,,2023-01-08T04:57:53,,56,0,first_job
CE02396,U1160,C003,I003,F014,O074,S019|S159|S115|S059|S161|S230|S132,5,,,2023-06-19T18:21:34,2024-01-19T18:21:34,7,0,first_job
CE02397,U1160,C110,I003,F014,O075,S019|S159|S115|S059|S161|S230|S132,5,5.0,O074,2024-01-19T18:21:34,,52,0,lateral
CE02398,U1161,C010,I001,F012,O063,S158|S139|S171|S020|S033,3,,,2023-02-09T13:19:29,2023-08-09T13:19:29,6,0,first_job
CE02399,U1161,C024,I001,F013,O067,S158|S139|S171|S020|S033,2,3.0,O063,2023-08-09T13:19:29,2024-03-09T13:19:29,7,-1,demotion
CE02400,U1161,C024,I001,F013,O070,S158|S139|S171|S020|S033,4,2.0,O067,2024-03-09T13:19:29,,59,2,promotion
CE02401,U1162,C167,I002,F018,O094,S072|S094|S146|S209|S116|S018|S168|S223,3,,,2023-01-02T11:51:29,,8,0,first_job
CE02402,U1163,C029,I003,F003,O015,S045|S064|S040|S054|S128,6,,,2023-03-23T18:05:13,2023-09-23T18:05:13,6,0,first_job
CE02403,U1163,C029,I003,F003,O012,S045|S064|S040|S054|S128,6,6.0,O015,2023-09-23T18:05:13,2024-03-23T18:05:13,6,0,lateral
CE02404,U1163,C029,I003,F003,O014,S045|S064|S040|S054|S128,7,6.0,O012,2024-03-23T18:05:13,2024-09-23T18:05:13,6,1,promotion
CE02405,U1163,C315,I003,F003,O016,S045|S064|S040|S054|S128,7,7.0,O014,2024-09-23T18:05:13,,16,0,lateral
CE02406,U1164,C245,I003,F015,O080,S048|S012|S037|S158|S111,4,,,2023-01-20T18:54:51,,11,0,first_job
CE02407,U1165,C232,I016,F005,O025,S116|S209|S218|S085|S072|S066|S126|S123,6,,,2023-01-20T01:42:56,,57,0,first_job
CE02408,U1166,C024,I001,F005,O025,S160|S198|S134|S224|S123|S016,4,,,2023-05-06T22:44:47,2024-05-06T22:44:47,12,0,first_job
CE02409,U1166,C024,I001,F005,O027,S160|S198|S134|S224|S123|S016,6,4.0,O025,2024-05-06T22:44:47,,25,2,promotion
CE02410,U1167,C139,I008,F010,O054,S021|S099|S039|S029|S224|S222|S199|S080,4,,,2023-01-09T21:14:10,,55,0,first_job
CE02411,U1168,C073,I001,F009,O044,S131|S028|S117|S113|S105,7,,,2023-05-08T04:51:07,2024-05-08T04:51:07,12,0,first_job
CE02412,U1168,C185,I021,F009,O044,S131|S028|S117|S113|S105,1,7.0,O044,2024-05-08T04:51:07,,35,-6,demotion
CE02413,U1169,C213,I020,F002,O007,S057|S063|S128|S127|S145|S105,1,,,2023-05-21T15:39:22,2024-02-21T15:39:22,9,0,first_job
CE02414,U1169,C158,I014,F012,O064,S057|S063|S128|S127|S145|S105,3,1.0,O007,2024-02-21T15:39:22,,50,2,promotion
CE02415,U1170,C116,I013,F002,O008,S188|S140|S160|S032|S154,5,,,2023-02-08T04:03:05,2023-11-08T04:03:05,9,0,first_job
CE02416,U1170,C170,I013,F002,O008,S188|S140|S160|S032|S154,5,5.0,O008,2023-11-08T04:03:05,,59,0,lateral
CE02417,U1171,C244,I022,F013,O069,S213|S004|S096|S117|S054|S074|S226,1,,,2023-02-22T22:07:55,2023-08-22T22:07:55,6,0,first_job
CE02418,U1171,C244,I022,F013,O068,S213|S004|S096|S117|S054|S074|S226,6,1.0,O069,2023-08-22T22:07:55,2024-02-22T22:07:55,6,5,promotion
CE02419,U1171,C244,I022,F013,O069,S213|S004|S096|S117|S054|S074|S226,7,6.0,O068,2024-02-22T22:07:55,2024-08-22T22:07:55,6,1,promotion
CE02420,U1171,C123,I022,F011,O055,S213|S004|S096|S117|S054|S074|S226,7,7.0,O069,2024-08-22T22:07:55,,6,0,lateral
CE02421,U1172,C210,I024,F018,O094,S150|S097|S115|S047|S088,4,,,2023-09-07T10:34:16,2024-08-07T10:34:16,11,0,first_job
CE02422,U1172,C252,I024,F018,O094,S150|S097|S115|S047|S088,7,4.0,O094,2024-08-07T10:34:16,,49,3,promotion
CE02423,U1173,C241,I013,F015,O080,S206|S191|S140|S081|S106|S114,2,,,2023-01-17T16:51:58,2023-08-17T16:51:58,7,0,first_job
CE02424,U1173,C277,I010,F010,O049,S206|S191|S140|S081|S106|S114,4,2.0,O080,2023-08-17T16:51:58,2024-02-17T16:51:58,6,2,promotion
CE02425,U1173,C277,I010,F011,O059,S206|S191|S140|S081|S106|S114,5,4.0,O049,2024-02-17T16:51:58,,50,1,promotion
CE02426,U1174,C192,I010,F002,O009,S191|S065|S109|S208|S076,7,,,2023-01-07T13:53:30,,50,0,first_job
CE02427,U1175,C305,I018,F007,O038,S038|S041|S174|S017|S171|S120,5,,,2023-02-06T14:19:31,2023-12-06T14:19:31,10,0,first_job
CE02428,U1175,C305,I018,F007,O037,S038|S041|S174|S017|S171|S120,7,5.0,O038,2023-12-06T14:19:31,,44,2,promotion
CE02429,U1176,C049,I006,F014,O075,S036|S206|S212|S153|S239|S016,2,,,2023-03-08T14:42:22,2023-09-08T14:42:22,6,0,first_job
CE02430,U1176,C220,I006,F014,O071,S036|S206|S212|S153|S239|S016,2,2.0,O075,2023-09-08T14:42:22,2024-06-08T14:42:22,9,0,lateral
CE02431,U1176,C158,I014,F014,O074,S036|S206|S212|S153|S239|S016,2,2.0,O071,2024-06-08T14:42:22,,9,0,lateral
CE02432,U1177,C245,I003,F011,O059,S073|S184|S108|S195|S159|S049|S140|S114,2,,,2023-03-14T09:48:50,2023-10-14T09:48:50,7,0,first_job
CE02433,U1177,C245,I003,F007,O036,S073|S184|S108|S195|S159|S049|S140|S114,6,2.0,O059,2023-10-14T09:48:50,2024-04-14T09:48:50,6,4,promotion
CE02434,U1177,C315,I003,F007,O036,S073|S184|S108|S195|S159|S049|S140|S114,5,6.0,O036,2024-04-14T09:48:50,,41,-1,demotion
CE02435,U1178,C062,I010,F015,O080,S128|S003|S171|S047|S051|S159,2,,,2023-01-12T12:19:09,,20,0,first_job
CE02436,U1179,C021,I006,F015,O076,S044|S114|S141|S211|S026,5,,,2023-05-15T01:20:34,2023-12-15T01:20:34,7,0,first_job
CE02437,U1179,C021,I006,F012,O060,S044|S114|S141|S211|S026,7,5.0,O076,2023-12-15T01:20:34,,48,2,promotion
CE02438,U1180,C288,I014,F002,O009,S037|S043|S086|S066|S011|S235|S195|S047,4,,,2023-02-08T19:47:41,2023-10-08T19:47:41,8,0,first_job
CE02439,U1180,C288,I014,F014,O073,S037|S043|S086|S066|S011|S235|S195|S047,7,4.0,O009,2023-10-08T19:47:41,2024-06-08T19:47:41,8,3,promotion
CE02440,U1180,C096,I017,F008,O040,S037|S043|S086|S066|S011|S235|S195|S047,7,7.0,O073,2024-06-08T19:47:41,,22,0,lateral
CE02441,U1181,C141,I019,F016,O085,S084|S027|S055|S145|S147|S079|S071|S048,5,,,2023-01-01T08:23:15,,39,0,first_job
CE02442,U1182,C100,I005,F017,O090,S079|S080|S110|S088|S114|S221,5,,,2023-01-04T05:57:54,,12,0,first_job
CE02443,U1183,C020,I004,F017,O091,S177|S198|S170|S208|S084|S135|S002,4,,,2023-02-07T03:18:59,2023-12-07T03:18:59,10,0,first_job
CE02444,U1183,C020,I004,F017,O087,S177|S198|S170|S208|S084|S135|S002,4,4.0,O091,2023-12-07T03:18:59,,59,0,lateral
CE02445,U1184,C085,I023,F002,O010,S047|S091|S085|S171|S142,4,,,2023-07-02T10:47:25,2024-02-02T10:47:25,7,0,first_job
CE02446,U1184,C136,I023,F004,O017,S047|S091|S085|S171|S142,6,4.0,O010,2024-02-02T10:47:25,,22,2,promotion
CE02447,U1185,C220,I006,F009,O047,S110|S063|S174|S171|S076|S219|S209|S021,6,,,2023-06-25T10:27:53,2024-05-25T10:27:53,11,0,first_job
CE02448,U1185,C107,I006,F009,O047,S110|S063|S174|S171|S076|S219|S209|S021,7,6.0,O047,2024-05-25T10:27:53,,49,1,promotion
CE02449,U1186,C278,I004,F013,O065,S132|S180|S221|S007|S041|S231|S116,3,,,2023-07-02T20:42:34,2024-05-02T20:42:34,10,0,first_job
CE02450,U1186,C278,I004,F013,O065,S132|S180|S221|S007|S041|S231|S116,3,3.0,O065,2024-05-02T20:42:34,,46,0,lateral
CE02451,U1187,C060,I011,F004,O020,S005|S239|S022|S083|S046|S120|S184,1,,,2023-08-05T04:56:49,2024-04-05T04:56:49,8,0,first_job
CE02452,U1187,C103,I011,F004,O020,S005|S239|S022|S083|S046|S120|S184,7,1.0,O020,2024-04-05T04:56:49,,28,6,promotion
CE02453,U1188,C287,I016,F016,O084,S035|S173|S177|S182|S200|S008|S135|S118,1,,,2023-06-17T07:28:12,2024-01-17T07:28:12,7,0,first_job
CE02454,U1188,C284,I016,F001,O001,S035|S173|S177|S182|S200|S008|S135|S118,1,1.0,O084,2024-01-17T07:28:12,,28,0,lateral
CE02455,U1189,C109,I014,F013,O068,S196|S007|S045|S208|S093|S186|S135,6,,,2023-03-25T01:26:52,2023-10-25T01:26:52,7,0,first_job
CE02456,U1189,C102,I009,F013,O068,S196|S007|S045|S208|S093|S186|S135,6,6.0,O068,2023-10-25T01:26:52,,22,0,lateral
CE02457,U1190,C213,I020,F017,O089,S188|S127|S064|S081|S194,7,,,2023-07-17T01:45:40,2024-07-17T01:45:40,12,0,first_job
CE02458,U1190,C151,I020,F017,O091,S188|S127|S064|S081|S194,7,7.0,O089,2024-07-17T01:45:40,,7,0,lateral
CE02459,U1191,C162,I001,F013,O065,S229|S232|S152|S038|S023|S074|S126,4,,,2023-02-17T09:09:23,2023-11-17T09:09:23,9,0,first_job
CE02460,U1191,C308,I012,F013,O067,S229|S232|S152|S038|S023|S074|S126,6,4.0,O065,2023-11-17T09:09:23,2024-06-17T09:09:23,7,2,promotion
CE02461,U1191,C308,I012,F013,O067,S229|S232|S152|S038|S023|S074|S126,7,6.0,O067,2024-06-17T09:09:23,,11,1,promotion
CE02462,U1192,C158,I014,F002,O007,S049|S144|S187|S014|S168|S115|S222,1,,,2023-01-10T18:37:14,,8,0,first_job
CE02463,U1193,C300,I002,F010,O053,S066|S195|S032|S155|S001,3,,,2023-03-10T22:58:47,2024-03-10T22:58:47,12,0,first_job
CE02464,U1193,C211,I004,F010,O051,S066|S195|S032|S155|S001,6,3.0,O053,2024-03-10T22:58:47,,15,3,promotion
CE02465,U1194,C002,I013,F001,O002,S011|S036|S097|S140|S191|S155,3,,,2023-01-10T06:31:28,,42,0,first_job
CE02466,U1195,C200,I004,F011,O057,S123|S084|S156|S208|S028|S106,5,,,2023-01-22T02:10:43,,25,0,first_job
CE02467,U1196,C126,I016,F008,O039,S158|S100|S074|S049|S145|S199|S194,7,,,2023-03-12T12:01:29,2023-09-12T12:01:29,6,0,first_job
CE02468,U1196,C196,I016,F008,O040,S158|S100|S074|S049|S145|S199|S194,7,7.0,O039,2023-09-12T12:01:29,2024-03-12T12:01:29,6,0,lateral
CE02469,U1196,C196,I016,F008,O040,S158|S100|S074|S049|S145|S199|S194,1,7.0,O040,2024-03-12T12:01:29,,11,-6,demotion
CE02470,U1197,C050,I013,F013,O069,S228|S050|S065|S024|S199|S137,7,,,2023-01-10T06:44:16,,22,0,first_job
CE02471,U1198,C219,I024,F006,O030,S179|S178|S142|S217|S190,3,,,2023-08-09T08:27:18,2024-03-09T08:27:18,7,0,first_job
CE02472,U1198,C219,I024,F006,O029,S179|S178|S142|S217|S190,4,3.0,O030,2024-03-09T08:27:18,,14,1,promotion
CE02473,U1199,C054,I004,F012,O062,S060|S059|S015|S176|S017,7,,,2023-05-04T03:02:36,2024-02-04T03:02:36,9,0,first_job
CE02474,U1199,C224,I004,F012,O062,S060|S059|S015|S176|S017,7,7.0,O062,2024-02-04T03:02:36,,56,0,lateral
CE02475,U1200,C171,I018,F003,O014,S140|S141|S126|S117|S179|S009,1,,,2023-01-20T18:51:47,2023-07-20T18:51:47,6,0,first_job
CE02476,U1200,C306,I018,F002,O008,S140|S141|S126|S117|S179|S009,4,1.0,O014,2023-07-20T18:51:47,2024-01-20T18:51:47,6,3,promotion
CE02477,U1200,C171,I018,F002,O008,S140|S141|S126|S117|S179|S009,6,4.0,O008,2024-01-20T18:51:47,2024-07-20T18:51:47,6,2,promotion
CE02478,U1200,C271,I018,F002,O010,S140|S141|S126|S117|S179|S009,7,6.0,O008,2024-07-20T18:51:47,,57,1,promotion
CE02479,U1201,C148,I005,F018,O092,S211|S128|S080|S194|S065|S237|S191|S160,6,,,2023-06-18T08:28:34,2024-02-18T08:28:34,8,0,first_job
CE02480,U1201,C100,I005,F018,O096,S211|S128|S080|S194|S065|S237|S191|S160,7,6.0,O092,2024-02-18T08:28:34,,34,1,promotion
CE02481,U1202,C101,I007,F018,O093,S030|S147|S022|S003|S144,5,,,2023-01-19T06:25:35,,42,0,first_job
CE02482,U1203,C024,I001,F007,O038,S058|S240|S186|S154|S149|S176|S001,7,,,2023-02-13T07:21:47,2023-09-13T07:21:47,7,0,first_job
CE02483,U1203,C092,I001,F008,O043,S058|S240|S186|S154|S149|S176|S001,7,7.0,O038,2023-09-13T07:21:47,2024-03-13T07:21:47,6,0,lateral
CE02484,U1203,C132,I019,F008,O042,S058|S240|S186|S154|S149|S176|S001,7,7.0,O043,2024-03-13T07:21:47,,12,0,lateral
CE02485,U1204,C158,I014,F018,O094,S008|S018|S122|S074|S037,7,,,2023-07-10T22:34:08,2024-06-10T22:34:08,11,0,first_job
CE02486,U1204,C158,I014,F003,O016,S008|S018|S122|S074|S037,7,7.0,O094,2024-06-10T22:34:08,,25,0,lateral
CE02487,U1205,C271,I018,F011,O058,S037|S114|S220|S098|S176|S009|S200|S221,4,,,2023-02-20T07:50:42,2023-09-20T07:50:42,7,0,first_job
CE02488,U1205,C019,I018,F002,O011,S037|S114|S220|S098|S176|S009|S200|S221,7,4.0,O058,2023-09-20T07:50:42,,45,3,promotion
CE02489,U1206,C269,I019,F011,O055,S050|S194|S220|S037|S012|S122|S042|S179,4,,,2023-04-25T10:19:45,2024-04-25T10:19:45,12,0,first_job
CE02490,U1206,C229,I019,F011,O055,S050|S194|S220|S037|S012|S122|S042|S179,6,4.0,O055,2024-04-25T10:19:45,,35,2,promotion
CE02491,U1207,C287,I016,F003,O013,S139|S035|S225|S052|S021|S212,7,,,2023-06-18T20:50:23,2024-03-18T20:50:23,9,0,first_job
CE02492,U1207,C287,I016,F003,O013,S139|S035|S225|S052|S021|S212,7,7.0,O013,2024-03-18T20:50:23,,29,0,lateral
CE02493,U1208,C308,I012,F010,O049,S218|S149|S077|S181|S197|S217|S025|S021,4,,,2023-01-06T07:14:58,2023-08-06T07:14:58,7,0,first_job
CE02494,U1208,C308,I012,F010,O049,S218|S149|S077|S181|S197|S217|S025|S021,6,4.0,O049,2023-08-06T07:14:58,2024-03-06T07:14:58,7,2,promotion
CE02495,U1208,C145,I012,F010,O054,S218|S149|S077|S181|S197|S217|S025|S021,7,6.0,O049,2024-03-06T07:14:58,,12,1,promotion
CE02496,U1209,C141,I019,F011,O056,S077|S027|S022|S204|S152|S112,2,,,2023-06-01T13:15:08,2024-05-01T13:15:08,11,0,first_job
CE02497,U1209,C132,I019,F011,O056,S077|S027|S022|S204|S152|S112,7,2.0,O056,2024-05-01T13:15:08,,11,5,promotion
CE02498,U1210,C055,I023,F003,O012,S231|S113|S081|S080|S035|S041,4,,,2023-03-04T02:25:02,2023-09-04T02:25:02,6,0,first_job
CE02499,U1210,C055,I023,F003,O012,S231|S113|S081|S080|S035|S041,5,4.0,O012,2023-09-04T02:25:02,2024-03-04T02:25:02,6,1,promotion
CE02500,U1210,C055,I023,F003,O012,S231|S113|S081|S080|S035|S041,7,5.0,O012,2024-03-04T02:25:02,2024-09-04T02:25:02,6,2,promotion
CE02501,U1210,C296,I011,F003,O013,S231|S113|S081|S080|S035|S041,7,7.0,O012,2024-09-04T02:25:02,,46,0,lateral
CE02502,U1211,C292,I017,F017,O087,S197|S005|S105|S111|S092|S094|S148,3,,,2023-01-25T14:53:40,2023-10-25T14:53:40,9,0,first_job
CE02503,U1211,C044,I017,F017,O087,S197|S005|S105|S111|S092|S094|S148,6,3.0,O087,2023-10-25T14:53:40,,53,3,promotion
CE02504,U1212,C197,I007,F016,O082,S010|S120|S008|S037|S197|S099|S159|S130,3,,,2023-01-05T12:33:24,,6,0,first_job
CE02505,U1213,C044,I017,F010,O053,S148|S004|S146|S186|S019|S100,3,,,2023-07-03T08:50:16,2024-06-03T08:50:16,11,0,first_job
CE02506,U1213,C044,I017,F016,O082,S148|S004|S146|S186|S019|S100,7,3.0,O053,2024-06-03T08:50:16,,42,4,promotion
CE02507,U1214,C034,I009,F004,O020,S196|S133|S214|S234|S065|S035|S030|S194,2,,,2023-09-23T09:30:12,2024-03-23T09:30:12,6,0,first_job
CE02508,U1214,C099,I020,F012,O063,S196|S133|S214|S234|S065|S035|S030|S194,3,2.0,O020,2024-03-23T09:30:12,,22,1,promotion
CE02509,U1215,C039,I023,F011,O055,S031|S124|S095|S065|S080,1,,,2023-05-11T04:30:28,2023-11-11T04:30:28,6,0,first_job
CE02510,U1215,C039,I023,F015,O076,S031|S124|S095|S065|S080,7,1.0,O055,2023-11-11T04:30:28,,26,6,promotion
CE02511,U1216,C033,I024,F005,O024,S040|S136|S230|S192|S155|S168,6,,,2023-07-07T23:40:30,2024-06-07T23:40:30,11,0,first_job
CE02512,U1216,C033,I024,F002,O009,S040|S136|S230|S192|S155|S168,7,6.0,O024,2024-06-07T23:40:30,,11,1,promotion
CE02513,U1217,C044,I017,F018,O093,S048|S044|S063|S018|S113|S149|S040|S232,1,,,2023-01-19T09:38:35,,40,0,first_job
CE02514,U1218,C113,I004,F005,O023,S205|S059|S169|S113|S195|S109|S190,6,,,2023-02-12T15:42:40,2024-02-12T15:42:40,12,0,first_job
CE02515,U1218,C127,I004,F005,O023,S205|S059|S169|S113|S195|S109|S190,7,6.0,O023,2024-02-12T15:42:40,,7,1,promotion
CE02516,U1219,C072,I010,F008,O041,S090|S171|S148|S161|S018,3,,,2023-01-05T04:42:54,,50,0,first_job
CE02517,U1220,C068,I006,F016,O083,S224|S209|S195|S062|S160|S167|S154,7,,,2023-05-23T11:45:19,2023-12-23T11:45:19,7,0,first_job
CE02518,U1220,C068,I006,F008,O043,S224|S209|S195|S062|S160|S167|S154,7,7.0,O083,2023-12-23T11:45:19,,15,0,lateral
CE02519,U1221,C298,I012,F018,O092,S178|S150|S056|S163|S199|S141|S202|S008,3,,,2023-02-20T21:42:56,2024-01-20T21:42:56,11,0,first_job
CE02520,U1221,C298,I012,F018,O093,S178|S150|S056|S163|S199|S141|S202|S008,7,3.0,O092,2024-01-20T21:42:56,,44,4,promotion
CE02521,U1222,C097,I007,F018,O095,S073|S096|S056|S163|S054|S032|S001,2,,,2023-01-15T08:10:28,,12,0,first_job
CE02522,U1223,C214,I022,F003,O014,S008|S141|S032|S100|S125|S123|S144,5,,,2023-08-09T08:18:50,2024-08-09T08:18:50,12,0,first_job
CE02523,U1223,C293,I001,F003,O013,S008|S141|S032|S100|S125|S123|S144,5,5.0,O014,2024-08-09T08:18:50,,41,0,lateral
CE02524,U1224,C108,I024,F001,O004,S039|S157|S034|S234|S144|S202|S183|S047,3,,,2023-02-19T01:13:33,2024-01-19T01:13:33,11,0,first_job
CE02525,U1224,C108,I024,F011,O055,S039|S157|S034|S234|S144|S202|S183|S047,6,3.0,O004,2024-01-19T01:13:33,,52,3,promotion
CE02526,U1225,C292,I017,F009,O046,S153|S082|S086|S103|S139,7,,,2023-01-17T22:42:09,,6,0,first_job
CE02527,U1226,C223,I012,F018,O093,S143|S179|S120|S160|S022|S060|S082|S131,3,,,2023-02-10T06:24:42,2023-08-10T06:24:42,6,0,first_job
CE02528,U1226,C095,I012,F018,O093,S143|S179|S120|S160|S022|S060|S082|S131,6,3.0,O093,2023-08-10T06:24:42,2024-05-10T06:24:42,9,3,promotion
CE02529,U1226,C095,I012,F018,O093,S143|S179|S120|S160|S022|S060|S082|S131,6,6.0,O093,2024-05-10T06:24:42,,58,0,lateral
CE02530,U1227,C231,I015,F016,O081,S035|S214|S161|S183|S019|S153|S160|S115,6,,,2023-09-01T06:20:05,2024-06-01T06:20:05,9,0,first_job
CE02531,U1227,C231,I015,F007,O037,S035|S214|S161|S183|S019|S153|S160|S115,7,6.0,O081,2024-06-01T06:20:05,,40,1,promotion
CE02532,U1228,C044,I017,F001,O005,S188|S142|S029|S202|S067|S200|S107,7,,,2023-03-20T11:44:03,2023-11-20T11:44:03,8,0,first_job
CE02533,U1228,C165,I017,F010,O054,S188|S142|S029|S202|S067|S200|S107,7,7.0,O005,2023-11-20T11:44:03,,59,0,lateral
CE02534,U1229,C252,I024,F003,O015,S198|S054|S195|S199|S189|S119,2,,,2023-01-15T15:48:39,2023-09-15T15:48:39,8,0,first_job
CE02535,U1229,C252,I024,F014,O071,S198|S054|S195|S199|S189|S119,1,2.0,O015,2023-09-15T15:48:39,2024-03-15T15:48:39,6,-1,demotion
CE02536,U1229,C252,I024,F014,O071,S198|S054|S195|S199|S189|S119,1,1.0,O071,2024-03-15T15:48:39,,32,0,lateral
CE02537,U1230,C280,I020,F017,O089,S174|S007|S217|S150|S206|S234|S165,6,,,2023-01-12T04:03:10,,59,0,first_job
CE02538,U1231,C034,I009,F017,O091,S202|S121|S180|S215|S049|S103|S064|S126,1,,,2023-08-07T02:14:14,2024-05-07T02:14:14,9,0,first_job
CE02539,U1231,C027,I021,F017,O089,S202|S121|S180|S215|S049|S103|S064|S126,7,1.0,O091,2024-05-07T02:14:14,,18,6,promotion
CE02540,U1232,C228,I008,F008,O041,S089|S217|S139|S063|S032|S173|S015,5,,,2023-08-24T12:10:25,2024-08-24T12:10:25,12,0,first_job
CE02541,U1232,C228,I008,F008,O041,S089|S217|S139|S063|S032|S173|S015,2,5.0,O041,2024-08-24T12:10:25,,23,-3,demotion
CE02542,U1233,C289,I018,F004,O021,S072|S233|S192|S046|S237|S049,3,,,2023-03-07T15:38:46,2024-03-07T15:38:46,12,0,first_job
CE02543,U1233,C289,I018,F011,O057,S072|S233|S192|S046|S237|S049,4,3.0,O021,2024-03-07T15:38:46,,49,1,promotion
CE02544,U1234,C246,I024,F013,O067,S215|S002|S224|S213|S216|S132,6,,,2023-01-16T14:34:52,2023-09-16T14:34:52,8,0,first_job
CE02545,U1234,C246,I024,F013,O067,S215|S002|S224|S213|S216|S132,1,6.0,O067,2023-09-16T14:34:52,2024-04-16T14:34:52,7,-5,demotion
CE02546,U1234,C246,I024,F013,O066,S215|S002|S224|S213|S216|S132,1,1.0,O067,2024-04-16T14:34:52,,24,0,lateral
CE02547,U1235,C053,I019,F012,O062,S028|S036|S110|S012|S076|S081|S122|S056,7,,,2023-04-18T12:03:49,2024-04-18T12:03:49,12,0,first_job
CE02548,U1235,C053,I019,F012,O062,S028|S036|S110|S012|S076|S081|S122|S056,7,7.0,O062,2024-04-18T12:03:49,,60,0,lateral
CE02549,U1236,C122,I015,F014,O073,S032|S071|S019|S043|S048|S024|S205|S228,7,,,2023-09-05T20:52:58,2024-09-05T20:52:58,12,0,first_job
CE02550,U1236,C122,I015,F011,O058,S032|S071|S019|S043|S048|S024|S205|S228,7,7.0,O073,2024-09-05T20:52:58,,45,0,lateral
CE02551,U1237,C006,I023,F002,O009,S159|S221|S116|S025|S008,4,,,2023-02-10T16:39:15,2023-11-10T16:39:15,9,0,first_job
CE02552,U1237,C006,I023,F002,O009,S159|S221|S116|S025|S008,6,4.0,O009,2023-11-10T16:39:15,,51,2,promotion
CE02553,U1238,C026,I012,F006,O031,S075|S029|S136|S039|S017|S210,3,,,2023-01-07T11:55:50,2023-07-07T11:55:50,6,0,first_job
CE02554,U1238,C026,I012,F006,O032,S075|S029|S136|S039|S017|S210,4,3.0,O031,2023-07-07T11:55:50,2024-01-07T11:55:50,6,1,promotion
CE02555,U1238,C291,I024,F006,O032,S075|S029|S136|S039|S017|S210,6,4.0,O032,2024-01-07T11:55:50,,13,2,promotion
CE02556,U1239,C133,I021,F004,O022,S002|S109|S040|S230|S062|S077|S206|S053,4,,,2023-03-06T12:42:00,2023-09-06T12:42:00,6,0,first_job
CE02557,U1239,C027,I021,F004,O019,S002|S109|S040|S230|S062|S077|S206|S053,4,4.0,O022,2023-09-06T12:42:00,2024-03-06T12:42:00,6,0,lateral
CE02558,U1239,C279,I021,F014,O075,S002|S109|S040|S230|S062|S077|S206|S053,6,4.0,O019,2024-03-06T12:42:00,2024-09-06T12:42:00,6,2,promotion
CE02559,U1239,C279,I021,F014,O071,S002|S109|S040|S230|S062|S077|S206|S053,7,6.0,O075,2024-09-06T12:42:00,,50,1,promotion
CE02560,U1240,C038,I006,F010,O052,S184|S239|S213|S067|S080|S020|S093,5,,,2023-01-13T02:33:54,,25,0,first_job
CE02561,U1241,C141,I019,F001,O004,S123|S161|S102|S215|S189,6,,,2023-07-19T18:42:02,2024-05-19T18:42:02,10,0,first_job
CE02562,U1241,C141,I019,F001,O002,S123|S161|S102|S215|S189,6,6.0,O004,2024-05-19T18:42:02,,44,0,lateral
CE02563,U1242,C091,I015,F001,O001,S150|S228|S089|S059|S033|S123,4,,,2023-06-12T23:21:49,2024-05-12T23:21:49,11,0,first_job
CE02564,U1242,C091,I015,F003,O012,S150|S228|S089|S059|S033|S123,6,4.0,O001,2024-05-12T23:21:49,,25,2,promotion
CE02565,U1243,C302,I007,F004,O021,S196|S173|S237|S143|S013|S110|S192,6,,,2023-07-20T12:57:37,2024-03-20T12:57:37,8,0,first_job
CE02566,U1243,C014,I007,F004,O021,S196|S173|S237|S143|S013|S110|S192,7,6.0,O021,2024-03-20T12:57:37,,54,1,promotion
CE02567,U1244,C095,I012,F010,O053,S073|S064|S067|S081|S191|S187|S059|S197,7,,,2023-02-07T05:39:14,2023-08-07T05:39:14,6,0,first_job
CE02568,U1244,C223,I012,F010,O052,S073|S064|S067|S081|S191|S187|S059|S197,7,7.0,O053,2023-08-07T05:39:14,2024-02-07T05:39:14,6,0,lateral
CE02569,U1244,C145,I012,F010,O052,S073|S064|S067|S081|S191|S187|S059|S197,7,7.0,O052,2024-02-07T05:39:14,2024-08-07T05:39:14,6,0,lateral
CE02570,U1244,C145,I012,F010,O054,S073|S064|S067|S081|S191|S187|S059|S197,7,7.0,O052,2024-08-07T05:39:14,,52,0,lateral
CE02571,U1245,C068,I006,F004,O022,S119|S125|S135|S071|S211,7,,,2023-01-03T22:20:40,,7,0,first_job
CE02572,U1246,C171,I018,F006,O031,S070|S095|S043|S146|S091,6,,,2023-03-13T08:05:12,2023-10-13T08:05:12,7,0,first_job
CE02573,U1246,C171,I018,F006,O028,S070|S095|S043|S146|S091,6,6.0,O031,2023-10-13T08:05:12,,39,0,lateral
CE02574,U1247,C154,I022,F015,O077,S046|S028|S164|S126|S020|S075|S112,7,,,2023-03-20T01:36:56,2024-01-20T01:36:56,10,0,first_job
CE02575,U1247,C004,I004,F004,O019,S046|S028|S164|S126|S020|S075|S112,7,7.0,O077,2024-01-20T01:36:56,,40,0,lateral
CE02576,U1248,C015,I001,F001,O002,S027|S180|S048|S172|S095|S239|S026,2,,,2023-05-17T23:18:43,2024-05-17T23:18:43,12,0,first_job
CE02577,U1248,C015,I001,F001,O006,S027|S180|S048|S172|S095|S239|S026,2,2.0,O002,2024-05-17T23:18:43,,50,0,lateral
CE02578,U1249,C181,I012,F014,O071,S221|S151|S177|S069|S121|S030|S183|S204,6,,,2023-09-11T16:08:25,2024-06-11T16:08:25,9,0,first_job
CE02579,U1249,C202,I022,F014,O073,S221|S151|S177|S069|S121|S030|S183|S204,6,6.0,O071,2024-06-11T16:08:25,,39,0,lateral
CE02580,U1250,C178,I022,F005,O027,S134|S028|S097|S213|S094|S082,4,,,2023-01-25T07:31:19,,23,0,first_job
CE02581,U1251,C310,I016,F017,O087,S179|S155|S166|S043|S114|S187,6,,,2023-02-10T14:27:52,2023-10-10T14:27:52,8,0,first_job
CE02582,U1251,C173,I016,F017,O091,S179|S155|S166|S043|S114|S187,6,6.0,O087,2023-10-10T14:27:52,2024-07-10T14:27:52,9,0,lateral
CE02583,U1251,C173,I016,F011,O059,S179|S155|S166|S043|S114|S187,3,6.0,O091,2024-07-10T14:27:52,,58,-3,demotion
CE02584,U1252,C038,I006,F008,O040,S202|S233|S003|S046|S013|S228|S101|S234,2,,,2023-02-21T03:58:03,2023-11-21T03:58:03,9,0,first_job
CE02585,U1252,C144,I006,F004,O020,S202|S233|S003|S046|S013|S228|S101|S234,2,2.0,O040,2023-11-21T03:58:03,,53,0,lateral
CE02586,U1253,C096,I017,F005,O025,S223|S181|S131|S032|S089|S046|S230,6,,,2023-01-09T08:52:14,,53,0,first_job
CE02587,U1254,C315,I003,F007,O037,S127|S188|S196|S064|S036|S053|S109,7,,,2023-01-03T19:15:43,,58,0,first_job
CE02588,U1255,C262,I003,F009,O044,S180|S143|S031|S099|S062|S012|S046|S164,7,,,2023-09-04T09:36:28,2024-05-04T09:36:28,8,0,first_job
CE02589,U1255,C262,I003,F009,O045,S180|S143|S031|S099|S062|S012|S046|S164,7,7.0,O044,2024-05-04T09:36:28,,60,0,lateral
CE02590,U1256,C254,I022,F011,O059,S084|S003|S086|S002|S023|S074|S081|S142,7,,,2023-01-06T02:51:37,2023-07-06T02:51:37,6,0,first_job
CE02591,U1256,C254,I022,F011,O055,S084|S003|S086|S002|S023|S074|S081|S142,4,7.0,O059,2023-07-06T02:51:37,,8,-3,demotion
CE02592,U1257,C250,I012,F008,O042,S089|S159|S121|S036|S180|S102|S194|S222,4,,,2023-05-02T04:23:48,2024-03-02T04:23:48,10,0,first_job
CE02593,U1257,C298,I012,F009,O048,S089|S159|S121|S036|S180|S102|S194|S222,7,4.0,O042,2024-03-02T04:23:48,,33,3,promotion
CE02594,U1258,C015,I001,F001,O001,S088|S144|S182|S086|S013|S191|S204,4,,,2023-09-22T00:26:05,2024-04-22T00:26:05,7,0,first_job
CE02595,U1258,C015,I001,F001,O001,S088|S144|S182|S086|S013|S191|S204,4,4.0,O001,2024-04-22T00:26:05,,43,0,lateral
CE02596,U1259,C065,I004,F015,O078,S108|S117|S177|S046|S020|S157|S069|S075,2,,,2023-02-02T14:13:37,2024-02-02T14:13:37,12,0,first_job
CE02597,U1259,C065,I004,F015,O078,S108|S117|S177|S046|S020|S157|S069|S075,6,2.0,O078,2024-02-02T14:13:37,,16,4,promotion
CE02598,U1260,C286,I009,F016,O081,S126|S132|S185|S184|S077,2,,,2023-02-22T17:18:19,2023-10-22T17:18:19,8,0,first_job
CE02599,U1260,C286,I009,F016,O085,S126|S132|S185|S184|S077,5,2.0,O081,2023-10-22T17:18:19,2024-04-22T17:18:19,6,3,promotion
CE02600,U1260,C102,I009,F016,O084,S126|S132|S185|S184|S077,6,5.0,O085,2024-04-22T17:18:19,,11,1,promotion
CE02601,U1261,C096,I017,F017,O088,S194|S095|S041|S216|S178|S206|S113|S052,7,,,2023-05-11T00:40:28,2024-04-11T00:40:28,11,0,first_job
CE02602,U1261,C045,I009,F018,O093,S194|S095|S041|S216|S178|S206|S113|S052,7,7.0,O088,2024-04-11T00:40:28,,43,0,lateral
CE02603,U1262,C103,I011,F017,O088,S031|S133|S145|S080|S007|S023,3,,,2023-09-15T14:49:15,2024-06-15T14:49:15,9,0,first_job
CE02604,U1262,C103,I011,F008,O042,S031|S133|S145|S080|S007|S023,4,3.0,O088,2024-06-15T14:49:15,,59,1,promotion
CE02605,U1263,C050,I013,F017,O091,S008|S159|S127|S199|S128|S049,4,,,2023-07-04T12:26:40,2024-04-04T12:26:40,9,0,first_job
CE02606,U1263,C050,I013,F017,O088,S008|S159|S127|S199|S128|S049,6,4.0,O091,2024-04-04T12:26:40,,10,2,promotion
CE02607,U1264,C313,I015,F002,O010,S131|S158|S109|S237|S120,2,,,2023-03-17T11:56:18,2024-02-17T11:56:18,11,0,first_job
CE02608,U1264,C082,I015,F002,O010,S131|S158|S109|S237|S120,1,2.0,O010,2024-02-17T11:56:18,,46,-1,demotion
CE02609,U1265,C197,I007,F005,O023,S189|S104|S090|S112|S228,7,,,2023-08-13T04:25:08,2024-06-13T04:25:08,10,0,first_job
CE02610,U1265,C302,I007,F005,O023,S189|S104|S090|S112|S228,7,7.0,O023,2024-06-13T04:25:08,,7,0,lateral
CE02611,U1266,C254,I022,F015,O079,S093|S041|S207|S098|S214|S167|S108|S196,7,,,2023-01-11T01:57:03,,25,0,first_job
CE02612,U1267,C215,I020,F014,O072,S074|S215|S166|S026|S003|S023|S229,7,,,2023-01-07T17:14:38,,10,0,first_job
CE02613,U1268,C307,I023,F012,O064,S130|S204|S188|S118|S048|S214,1,,,2023-01-01T01:13:29,,40,0,first_job
CE02614,U1269,C208,I009,F006,O028,S112|S192|S035|S135|S177|S104,7,,,2023-01-16T02:22:27,,27,0,first_job
CE02615,U1270,C055,I023,F010,O049,S112|S024|S046|S079|S081|S160|S110|S001,6,,,2023-01-17T11:20:13,,23,0,first_job
CE02616,U1271,C209,I019,F001,O002,S190|S191|S153|S006|S238,3,,,2023-08-11T10:17:31,2024-07-11T10:17:31,11,0,first_job
CE02617,U1271,C209,I019,F001,O002,S190|S191|S153|S006|S238,7,3.0,O002,2024-07-11T10:17:31,,19,4,promotion
CE02618,U1272,C313,I015,F016,O086,S156|S231|S202|S138|S189,2,,,2023-03-17T12:30:08,2023-10-17T12:30:08,7,0,first_job
CE02619,U1272,C313,I015,F018,O095,S156|S231|S202|S138|S189,3,2.0,O086,2023-10-17T12:30:08,2024-05-17T12:30:08,7,1,promotion
CE02620,U1272,C313,I015,F018,O095,S156|S231|S202|S138|S189,7,3.0,O095,2024-05-17T12:30:08,,18,4,promotion
CE02621,U1273,C149,I009,F007,O034,S019|S125|S214|S231|S158|S140|S234|S208,3,,,2023-04-08T07:02:17,2023-11-08T07:02:17,7,0,first_job
CE02622,U1273,C235,I009,F007,O034,S019|S125|S214|S231|S158|S140|S234|S208,7,3.0,O034,2023-11-08T07:02:17,,54,4,promotion
CE02623,U1274,C237,I016,F017,O091,S037|S066|S032|S227|S177,4,,,2023-01-06T03:37:17,2024-01-06T03:37:17,12,0,first_job
CE02624,U1274,C212,I016,F006,O028,S037|S066|S032|S227|S177,5,4.0,O091,2024-01-06T03:37:17,,48,1,promotion
CE02625,U1275,C037,I009,F017,O088,S171|S222|S026|S056|S073|S130|S021,2,,,2023-03-12T02:21:07,2023-09-12T02:21:07,6,0,first_job
CE02626,U1275,C161,I009,F017,O088,S171|S222|S026|S056|S073|S130|S021,5,2.0,O088,2023-09-12T02:21:07,2024-03-12T02:21:07,6,3,promotion
CE02627,U1275,C161,I009,F003,O012,S171|S222|S026|S056|S073|S130|S021,6,5.0,O088,2024-03-12T02:21:07,2024-09-12T02:21:07,6,1,promotion
CE02628,U1275,C056,I008,F003,O014,S171|S222|S026|S056|S073|S130|S021,6,6.0,O012,2024-09-12T02:21:07,,18,0,lateral
CE02629,U1276,C110,I003,F015,O078,S194|S039|S054|S001|S023|S074,6,,,2023-01-24T19:06:11,,42,0,first_job
CE02630,U1277,C036,I011,F003,O015,S178|S196|S168|S238|S055|S160|S137,6,,,2023-01-11T02:08:11,,33,0,first_job
CE02631,U1278,C168,I023,F015,O079,S145|S057|S014|S105|S186|S074|S217|S190,6,,,2023-03-02T10:21:07,2024-03-02T10:21:07,12,0,first_job
CE02632,U1278,C209,I019,F015,O077,S145|S057|S014|S105|S186|S074|S217|S190,7,6.0,O079,2024-03-02T10:21:07,,9,1,promotion
CE02633,U1279,C014,I007,F005,O024,S046|S029|S235|S065|S194|S094|S192,6,,,2023-01-18T23:57:15,2024-01-18T23:57:15,12,0,first_job
CE02634,U1279,C217,I007,F005,O025,S046|S029|S235|S065|S194|S094|S192,7,6.0,O024,2024-01-18T23:57:15,,17,1,promotion
CE02635,U1280,C057,I023,F007,O034,S131|S021|S097|S237|S008|S010|S217|S030,2,,,2023-04-23T23:09:12,2023-12-23T23:09:12,8,0,first_job
CE02636,U1280,C057,I023,F007,O037,S131|S021|S097|S237|S008|S010|S217|S030,2,2.0,O034,2023-12-23T23:09:12,,7,0,lateral
CE02637,U1281,C214,I022,F005,O023,S083|S074|S116|S233|S057,6,,,2023-06-20T03:10:23,2024-01-20T03:10:23,7,0,first_job
CE02638,U1281,C312,I022,F005,O024,S083|S074|S116|S233|S057,7,6.0,O023,2024-01-20T03:10:23,,42,1,promotion
CE02639,U1282,C106,I021,F001,O002,S085|S098|S094|S229|S206|S077,6,,,2023-06-08T16:56:12,2024-06-08T16:56:12,12,0,first_job
CE02640,U1282,C106,I021,F018,O092,S085|S098|S094|S229|S206|S077,7,6.0,O002,2024-06-08T16:56:12,,30,1,promotion
CE02641,U1283,C226,I008,F008,O043,S152|S056|S111|S154|S229,7,,,2023-01-14T00:34:43,,42,0,first_job
CE02642,U1284,C198,I002,F010,O052,S078|S004|S028|S108|S039|S196|S083,1,,,2023-01-13T18:25:29,2023-12-13T18:25:29,11,0,first_job
CE02643,U1284,C198,I002,F010,O053,S078|S004|S028|S108|S039|S196|S083,1,1.0,O052,2023-12-13T18:25:29,,52,0,lateral
CE02644,U1285,C204,I016,F006,O031,S013|S142|S236|S071|S117|S097|S042|S096,1,,,2023-01-11T14:40:54,,57,0,first_job
CE02645,U1286,C183,I006,F004,O021,S045|S135|S028|S202|S071|S164|S102,1,,,2023-03-18T08:13:59,2023-11-18T08:13:59,8,0,first_job
CE02646,U1286,C068,I006,F004,O021,S045|S135|S028|S202|S071|S164|S102,1,1.0,O021,2023-11-18T08:13:59,2024-05-18T08:13:59,6,0,lateral
CE02647,U1286,C068,I006,F004,O021,S045|S135|S028|S202|S071|S164|S102,1,1.0,O021,2024-05-18T08:13:59,,10,0,lateral
CE02648,U1287,C282,I017,F002,O009,S117|S057|S133|S008|S100,3,,,2023-03-17T23:21:44,2023-10-17T23:21:44,7,0,first_job
CE02649,U1287,C146,I017,F005,O026,S117|S057|S133|S008|S100,6,3.0,O009,2023-10-17T23:21:44,,20,3,promotion
CE02650,U1288,C209,I019,F014,O072,S119|S087|S146|S083|S240|S056,6,,,2023-04-15T14:04:47,2024-03-15T14:04:47,11,0,first_job
CE02651,U1288,C132,I019,F014,O073,S119|S087|S146|S083|S240|S056,7,6.0,O072,2024-03-15T14:04:47,,27,1,promotion
CE02652,U1289,C096,I017,F012,O064,S038|S238|S063|S016|S138|S007|S008,1,,,2023-07-24T22:06:14,2024-06-24T22:06:14,11,0,first_job
CE02653,U1289,C096,I017,F012,O064,S038|S238|S063|S016|S138|S007|S008,1,1.0,O064,2024-06-24T22:06:14,,29,0,lateral
CE02654,U1290,C258,I010,F012,O063,S095|S238|S086|S018|S059|S124|S071,7,,,2023-01-09T01:47:45,,40,0,first_job
CE02655,U1291,C307,I023,F008,O042,S215|S199|S007|S221|S088|S151,6,,,2023-02-19T15:25:03,2024-02-19T15:25:03,12,0,first_job
CE02656,U1291,C120,I017,F005,O023,S215|S199|S007|S221|S088|S151,6,6.0,O042,2024-02-19T15:25:03,,6,0,lateral
CE02657,U1292,C187,I002,F013,O066,S147|S089|S108|S203|S225|S075,1,,,2023-05-04T17:16:18,2024-02-04T17:16:18,9,0,first_job
CE02658,U1292,C187,I002,F013,O069,S147|S089|S108|S203|S225|S075,5,1.0,O066,2024-02-04T17:16:18,,55,4,promotion
CE02659,U1293,C247,I003,F010,O049,S101|S079|S179|S187|S092|S227|S056,6,,,2023-01-07T08:24:15,2023-10-07T08:24:15,9,0,first_job
CE02660,U1293,C247,I003,F010,O049,S101|S079|S179|S187|S092|S227|S056,6,6.0,O049,2023-10-07T08:24:15,,55,0,lateral
CE02661,U1294,C125,I007,F018,O092,S086|S084|S170|S078|S154,5,,,2023-03-22T04:08:36,2023-11-22T04:08:36,8,0,first_job
CE02662,U1294,C097,I007,F013,O070,S086|S084|S170|S078|S154,7,5.0,O092,2023-11-22T04:08:36,,45,2,promotion
CE02663,U1295,C250,I012,F001,O006,S161|S021|S076|S129|S080|S198|S031|S038,5,,,2023-07-17T17:40:59,2024-07-17T17:40:59,12,0,first_job
CE02664,U1295,C250,I012,F001,O005,S161|S021|S076|S129|S080|S198|S031|S038,7,5.0,O006,2024-07-17T17:40:59,,51,2,promotion
CE02665,U1296,C177,I005,F005,O023,S209|S171|S074|S113|S172|S031,4,,,2023-01-05T05:21:38,,27,0,first_job
CE02666,U1297,C076,I024,F001,O001,S052|S187|S223|S189|S176|S211|S013,7,,,2023-03-03T20:36:31,2023-09-03T20:36:31,6,0,first_job
CE02667,U1297,C076,I024,F001,O003,S052|S187|S223|S189|S176|S211|S013,7,7.0,O001,2023-09-03T20:36:31,2024-04-03T20:36:31,7,0,lateral
CE02668,U1297,C076,I024,F001,O003,S052|S187|S223|S189|S176|S211|S013,7,7.0,O003,2024-04-03T20:36:31,,49,0,lateral
CE02669,U1298,C042,I020,F014,O074,S035|S016|S163|S020|S135|S039|S011,5,,,2023-03-07T16:26:33,2024-02-07T16:26:33,11,0,first_job
CE02670,U1298,C042,I020,F014,O071,S035|S016|S163|S020|S135|S039|S011,6,5.0,O074,2024-02-07T16:26:33,,16,1,promotion
CE02671,U1299,C240,I002,F004,O018,S135|S153|S169|S024|S112,7,,,2023-01-21T09:15:43,,55,0,first_job
CE02672,U1300,C212,I016,F017,O090,S185|S122|S149|S036|S049|S033,4,,,2023-07-07T23:00:28,2024-01-07T23:00:28,6,0,first_job
CE02673,U1300,C212,I016,F015,O080,S185|S122|S149|S036|S049|S033,4,4.0,O090,2024-01-07T23:00:28,,42,0,lateral
CE02674,U1301,C106,I021,F016,O082,S097|S147|S004|S031|S157|S135|S125|S126,2,,,2023-09-09T15:56:31,2024-07-09T15:56:31,10,0,first_job
CE02675,U1301,C185,I021,F016,O085,S097|S147|S004|S031|S157|S135|S125|S126,2,2.0,O082,2024-07-09T15:56:31,,33,0,lateral
CE02676,U1302,C041,I016,F009,O045,S042|S029|S147|S116|S135,6,,,2023-01-17T12:56:04,2023-10-17T12:56:04,9,0,first_job
CE02677,U1302,C041,I016,F015,O080,S042|S029|S147|S116|S135,6,6.0,O045,2023-10-17T12:56:04,2024-05-17T12:56:04,7,0,lateral
CE02678,U1302,C173,I016,F015,O080,S042|S029|S147|S116|S135,7,6.0,O080,2024-05-17T12:56:04,,26,1,promotion
CE02679,U1303,C107,I006,F009,O047,S211|S168|S220|S184|S225|S079|S180,3,,,2023-06-22T17:52:43,2024-02-22T17:52:43,8,0,first_job
CE02680,U1303,C016,I006,F009,O047,S211|S168|S220|S184|S225|S079|S180,2,3.0,O047,2024-02-22T17:52:43,,33,-1,demotion
CE02681,U1304,C126,I016,F005,O025,S010|S059|S236|S151|S167|S050,2,,,2023-03-22T08:52:36,2023-10-22T08:52:36,7,0,first_job
CE02682,U1304,C126,I016,F005,O025,S010|S059|S236|S151|S167|S050,2,2.0,O025,2023-10-22T08:52:36,2024-04-22T08:52:36,6,0,lateral
CE02683,U1304,C191,I020,F009,O046,S010|S059|S236|S151|S167|S050,2,2.0,O025,2024-04-22T08:52:36,,42,0,lateral
CE02684,U1305,C158,I014,F005,O025,S158|S147|S179|S122|S054|S109,1,,,2023-09-05T05:56:08,2024-09-05T05:56:08,12,0,first_job
CE02685,U1305,C158,I014,F005,O023,S158|S147|S179|S122|S054|S109,5,1.0,O025,2024-09-05T05:56:08,,16,4,promotion
CE02686,U1306,C028,I018,F018,O096,S200|S144|S128|S071|S162|S234,3,,,2023-07-02T06:41:15,2024-05-02T06:41:15,10,0,first_job
CE02687,U1306,C028,I018,F018,O096,S200|S144|S128|S071|S162|S234,3,3.0,O096,2024-05-02T06:41:15,,40,0,lateral
CE02688,U1307,C085,I023,F010,O054,S196|S121|S093|S086|S194|S014|S171,7,,,2023-01-15T08:09:36,,30,0,first_job
CE02689,U1308,C249,I018,F014,O072,S049|S206|S032|S041|S170,4,,,2023-01-11T23:03:12,,33,0,first_job
CE02690,U1309,C009,I003,F009,O046,S084|S055|S141|S159|S087|S204|S124,7,,,2023-03-22T17:45:38,2023-11-22T17:45:38,8,0,first_job
CE02691,U1309,C262,I003,F009,O046,S084|S055|S141|S159|S087|S204|S124,7,7.0,O046,2023-11-22T17:45:38,2024-06-22T17:45:38,7,0,lateral
CE02692,U1309,C063,I003,F009,O048,S084|S055|S141|S159|S087|S204|S124,7,7.0,O046,2024-06-22T17:45:38,,28,0,lateral
CE02693,U1310,C291,I024,F011,O058,S169|S047|S036|S090|S163|S096,3,,,2023-06-24T03:00:20,2024-02-24T03:00:20,8,0,first_job
CE02694,U1310,C246,I024,F011,O056,S169|S047|S036|S090|S163|S096,6,3.0,O058,2024-02-24T03:00:20,,22,3,promotion
CE02695,U1311,C283,I010,F003,O012,S088|S072|S191|S025|S174|S070,2,,,2023-03-02T20:12:35,2023-09-02T20:12:35,6,0,first_job
CE02696,U1311,C283,I010,F004,O021,S088|S072|S191|S025|S174|S070,3,2.0,O012,2023-09-02T20:12:35,2024-03-02T20:12:35,6,1,promotion
CE02697,U1311,C283,I010,F006,O028,S088|S072|S191|S025|S174|S070,3,3.0,O021,2024-03-02T20:12:35,2024-09-02T20:12:35,6,0,lateral
CE02698,U1311,C192,I010,F006,O028,S088|S072|S191|S025|S174|S070,4,3.0,O028,2024-09-02T20:12:35,,15,1,promotion
CE02699,U1312,C111,I011,F008,O039,S081|S239|S038|S201|S093|S136,1,,,2023-02-19T06:09:46,2024-01-19T06:09:46,11,0,first_job
CE02700,U1312,C182,I011,F008,O041,S081|S239|S038|S201|S093|S136,7,1.0,O039,2024-01-19T06:09:46,,34,6,promotion
CE02701,U1313,C142,I010,F005,O027,S030|S026|S174|S052|S012|S137|S065,1,,,2023-07-08T02:48:02,2024-05-08T02:48:02,10,0,first_job
CE02702,U1313,C072,I010,F008,O040,S030|S026|S174|S052|S012|S137|S065,6,1.0,O027,2024-05-08T02:48:02,,33,5,promotion
CE02703,U1314,C040,I007,F008,O039,S006|S075|S033|S198|S162,3,,,2023-01-20T19:04:30,,25,0,first_job
CE02704,U1315,C102,I009,F016,O082,S013|S158|S115|S110|S148|S138,7,,,2023-01-10T09:55:58,,29,0,first_job
CE02705,U1316,C063,I003,F003,O013,S195|S218|S165|S107|S043|S122|S008,2,,,2023-09-19T01:09:11,2024-04-19T01:09:11,7,0,first_job
CE02706,U1316,C262,I003,F016,O083,S195|S218|S165|S107|S043|S122|S008,6,2.0,O013,2024-04-19T01:09:11,,36,4,promotion
CE02707,U1317,C112,I008,F014,O072,S079|S155|S195|S232|S064,1,,,2023-01-14T23:35:08,2023-07-14T23:35:08,6,0,first_job
CE02708,U1317,C267,I008,F008,O041,S079|S155|S195|S232|S064,4,1.0,O072,2023-07-14T23:35:08,2024-03-14T23:35:08,8,3,promotion
CE02709,U1317,C171,I018,F008,O043,S079|S155|S195|S232|S064,6,4.0,O041,2024-03-14T23:35:08,,27,2,promotion
CE02710,U1318,C092,I001,F006,O031,S072|S074|S080|S213|S142|S225|S161|S067,1,,,2023-06-25T10:15:24,2024-06-25T10:15:24,12,0,first_job
CE02711,U1318,C162,I001,F006,O032,S072|S074|S080|S213|S142|S225|S161|S067,1,1.0,O031,2024-06-25T10:15:24,,47,0,lateral
CE02712,U1319,C248,I020,F008,O040,S147|S234|S144|S008|S211|S118|S020,2,,,2023-06-09T03:31:22,2024-01-09T03:31:22,7,0,first_job
CE02713,U1319,C030,I020,F008,O042,S147|S234|S144|S008|S211|S118|S020,5,2.0,O040,2024-01-09T03:31:22,,58,3,promotion
CE02714,U1320,C186,I001,F008,O043,S184|S240|S084|S047|S171|S143|S006,7,,,2023-03-10T05:30:13,2023-12-10T05:30:13,9,0,first_job
CE02715,U1320,C024,I001,F008,O042,S184|S240|S084|S047|S171|S143|S006,7,7.0,O043,2023-12-10T05:30:13,,12,0,lateral
CE02716,U1321,C271,I018,F004,O017,S168|S160|S075|S129|S106|S234,2,,,2023-03-21T10:04:44,2023-11-21T10:04:44,8,0,first_job
CE02717,U1321,C303,I008,F004,O019,S168|S160|S075|S129|S106|S234,4,2.0,O017,2023-11-21T10:04:44,2024-07-21T10:04:44,8,2,promotion
CE02718,U1321,C303,I008,F004,O019,S168|S160|S075|S129|S106|S234,4,4.0,O019,2024-07-21T10:04:44,,34,0,lateral
CE02719,U1322,C035,I013,F004,O021,S032|S020|S132|S188|S113|S112|S203|S204,3,,,2023-07-19T15:31:01,2024-06-19T15:31:01,11,0,first_job
CE02720,U1322,C316,I013,F004,O022,S032|S020|S132|S188|S113|S112|S203|S204,5,3.0,O021,2024-06-19T15:31:01,,10,2,promotion
CE02721,U1323,C012,I005,F010,O054,S166|S024|S235|S086|S085|S204,7,,,2023-08-03T09:27:06,2024-06-03T09:27:06,10,0,first_job
CE02722,U1323,C012,I005,F010,O054,S166|S024|S235|S086|S085|S204,7,7.0,O054,2024-06-03T09:27:06,,16,0,lateral
CE02723,U1324,C115,I017,F017,O087,S030|S109|S137|S178|S199|S027,2,,,2023-02-17T09:22:10,2024-01-17T09:22:10,11,0,first_job
CE02724,U1324,C115,I017,F009,O047,S030|S109|S137|S178|S199|S027,4,2.0,O087,2024-01-17T09:22:10,,27,2,promotion
CE02725,U1325,C180,I005,F013,O067,S214|S204|S093|S100|S077|S066|S146|S063,2,,,2023-01-19T06:48:16,,57,0,first_job
CE02726,U1326,C209,I019,F001,O005,S118|S225|S007|S191|S089|S239|S029,7,,,2023-07-15T16:41:11,2024-07-15T16:41:11,12,0,first_job
CE02727,U1326,C209,I019,F011,O056,S118|S225|S007|S191|S089|S239|S029,7,7.0,O005,2024-07-15T16:41:11,,19,0,lateral
CE02728,U1327,C178,I022,F005,O026,S148|S202|S071|S232|S193,2,,,2023-06-20T12:06:17,2024-01-20T12:06:17,7,0,first_job
CE02729,U1327,C202,I022,F018,O095,S148|S202|S071|S232|S193,7,2.0,O026,2024-01-20T12:06:17,,8,5,promotion
CE02730,U1328,C222,I003,F018,O096,S078|S073|S195|S214|S122,6,,,2023-08-08T17:00:55,2024-05-08T17:00:55,9,0,first_job
CE02731,U1328,C222,I003,F018,O094,S078|S073|S195|S214|S122,6,6.0,O096,2024-05-08T17:00:55,,29,0,lateral
CE02732,U1329,C253,I021,F010,O054,S021|S131|S151|S104|S175|S015|S041|S156,2,,,2023-01-08T14:32:02,,47,0,first_job
CE02733,U1330,C146,I017,F003,O016,S146|S109|S238|S092|S147|S132|S068|S115,5,,,2023-07-06T06:02:00,2024-05-06T06:02:00,10,0,first_job
CE02734,U1330,C146,I017,F003,O016,S146|S109|S238|S092|S147|S132|S068|S115,1,5.0,O016,2024-05-06T06:02:00,,25,-4,demotion
CE02735,U1331,C216,I010,F001,O003,S229|S068|S236|S017|S018|S003|S182|S225,7,,,2023-01-07T14:53:09,,54,0,first_job
CE02736,U1332,C261,I022,F015,O076,S091|S218|S177|S112|S155|S150|S222|S070,2,,,2023-04-11T04:11:02,2024-02-11T04:11:02,10,0,first_job
CE02737,U1332,C261,I022,F015,O076,S091|S218|S177|S112|S155|S150|S222|S070,2,2.0,O076,2024-02-11T04:11:02,,26,0,lateral
CE02738,U1333,C049,I006,F012,O063,S203|S041|S210|S226|S091|S221,5,,,2023-06-07T03:25:42,2024-01-07T03:25:42,7,0,first_job
CE02739,U1333,C068,I006,F012,O063,S203|S041|S210|S226|S091|S221,7,5.0,O063,2024-01-07T03:25:42,,21,2,promotion
CE02740,U1334,C015,I001,F007,O038,S040|S132|S006|S020|S175|S127|S146,4,,,2023-02-16T17:05:37,2023-08-16T17:05:37,6,0,first_job
CE02741,U1334,C162,I001,F007,O037,S040|S132|S006|S020|S175|S127|S146,7,4.0,O038,2023-08-16T17:05:37,,51,3,promotion
CE02742,U1335,C103,I011,F011,O057,S212|S088|S022|S064|S185,3,,,2023-01-03T09:24:48,,7,0,first_job
CE02743,U1336,C197,I007,F006,O028,S057|S117|S058|S059|S031|S148|S066|S020,4,,,2023-03-09T15:35:29,2023-12-09T15:35:29,9,0,first_job
CE02744,U1336,C107,I006,F006,O028,S057|S117|S058|S059|S031|S148|S066|S020,7,4.0,O028,2023-12-09T15:35:29,2024-06-09T15:35:29,6,3,promotion
CE02745,U1336,C107,I006,F006,O031,S057|S117|S058|S059|S031|S148|S066|S020,7,7.0,O028,2024-06-09T15:35:29,,39,0,lateral
CE02746,U1337,C034,I009,F009,O044,S144|S044|S061|S110|S164|S192|S035|S134,6,,,2023-09-01T21:04:12,2024-08-01T21:04:12,11,0,first_job
CE02747,U1337,C034,I009,F009,O048,S144|S044|S061|S110|S164|S192|S035|S134,7,6.0,O044,2024-08-01T21:04:12,,8,1,promotion
CE02748,U1338,C074,I016,F007,O034,S045|S135|S081|S032|S123|S139|S043|S028,5,,,2023-09-02T09:10:13,2024-07-02T09:10:13,10,0,first_job
CE02749,U1338,C074,I016,F002,O008,S045|S135|S081|S032|S123|S139|S043|S028,6,5.0,O034,2024-07-02T09:10:13,,58,1,promotion
CE02750,U1339,C181,I012,F012,O064,S124|S036|S172|S009|S184|S013|S229|S210,1,,,2023-08-25T04:57:38,2024-08-25T04:57:38,12,0,first_job
CE02751,U1339,C308,I012,F012,O062,S124|S036|S172|S009|S184|S013|S229|S210,6,1.0,O064,2024-08-25T04:57:38,,31,5,promotion
CE02752,U1340,C207,I008,F013,O066,S199|S078|S037|S084|S166|S236|S146|S095,5,,,2023-09-01T09:19:35,2024-04-01T09:19:35,7,0,first_job
CE02753,U1340,C303,I008,F007,O038,S199|S078|S037|S084|S166|S236|S146|S095,7,5.0,O066,2024-04-01T09:19:35,,8,2,promotion
CE02754,U1341,C063,I003,F015,O078,S167|S223|S083|S137|S124,4,,,2023-01-04T00:30:35,,28,0,first_job
CE02755,U1342,C033,I024,F017,O090,S091|S153|S160|S009|S025,2,,,2023-04-22T19:25:36,2023-11-22T19:25:36,7,0,first_job
CE02756,U1342,C033,I024,F017,O090,S091|S153|S160|S009|S025,7,2.0,O090,2023-11-22T19:25:36,,27,5,promotion
CE02757,U1343,C153,I023,F015,O080,S152|S071|S066|S148|S034|S231|S229,3,,,2023-02-24T22:15:39,2024-01-24T22:15:39,11,0,first_job
CE02758,U1343,C153,I023,F014,O074,S152|S071|S066|S148|S034|S231|S229,3,3.0,O080,2024-01-24T22:15:39,,19,0,lateral
CE02759,U1344,C071,I012,F010,O053,S089|S076|S060|S148|S004|S186|S202,7,,,2023-09-07T17:45:34,2024-03-07T17:45:34,6,0,first_job
CE02760,U1344,C071,I012,F010,O053,S089|S076|S060|S148|S004|S186|S202,7,7.0,O053,2024-03-07T17:45:34,,6,0,lateral
CE02761,U1345,C163,I002,F003,O014,S094|S028|S221|S045|S007|S047,1,,,2023-01-10T06:26:46,,7,0,first_job
CE02762,U1346,C240,I002,F015,O078,S167|S035|S126|S128|S083|S134|S183,3,,,2023-04-08T12:14:13,2023-12-08T12:14:13,8,0,first_job
CE02763,U1346,C159,I002,F001,O006,S167|S035|S126|S128|S083|S134|S183,6,3.0,O078,2023-12-08T12:14:13,,26,3,promotion
CE02764,U1347,C051,I019,F004,O020,S231|S099|S031|S192|S166|S129|S186,2,,,2023-09-02T02:52:35,2024-04-02T02:52:35,7,0,first_job
CE02765,U1347,C269,I019,F004,O020,S231|S099|S031|S192|S166|S129|S186,5,2.0,O020,2024-04-02T02:52:35,,39,3,promotion
CE02766,U1348,C129,I014,F009,O047,S168|S065|S095|S204|S212|S090|S088,5,,,2023-07-03T23:17:32,2024-04-03T23:17:32,9,0,first_job
CE02767,U1348,C129,I014,F009,O047,S168|S065|S095|S204|S212|S090|S088,5,5.0,O047,2024-04-03T23:17:32,,43,0,lateral
CE02768,U1349,C052,I013,F005,O024,S200|S164|S077|S211|S117|S085|S145|S224,7,,,2023-01-24T10:54:27,2023-10-24T10:54:27,9,0,first_job
CE02769,U1349,C189,I013,F005,O024,S200|S164|S077|S211|S117|S085|S145|S224,7,7.0,O024,2023-10-24T10:54:27,2024-04-24T10:54:27,6,0,lateral
CE02770,U1349,C239,I013,F005,O027,S200|S164|S077|S211|S117|S085|S145|S224,7,7.0,O024,2024-04-24T10:54:27,,10,0,lateral
CE02771,U1350,C220,I006,F018,O096,S144|S094|S156|S006|S100|S089|S070|S149,7,,,2023-02-21T08:40:01,2023-08-21T08:40:01,6,0,first_job
CE02772,U1350,C183,I006,F001,O001,S144|S094|S156|S006|S100|S089|S070|S149,7,7.0,O096,2023-08-21T08:40:01,2024-02-21T08:40:01,6,0,lateral
CE02773,U1350,C183,I006,F001,O001,S144|S094|S156|S006|S100|S089|S070|S149,7,7.0,O001,2024-02-21T08:40:01,2024-08-21T08:40:01,6,0,lateral
CE02774,U1350,C183,I006,F001,O001,S144|S094|S156|S006|S100|S089|S070|S149,7,7.0,O001,2024-08-21T08:40:01,,17,0,lateral
CE02775,U1351,C176,I007,F015,O078,S096|S184|S199|S056|S062|S197|S238|S180,1,,,2023-01-14T22:23:27,2023-09-14T22:23:27,8,0,first_job
CE02776,U1351,C081,I007,F015,O078,S096|S184|S199|S056|S062|S197|S238|S180,5,1.0,O078,2023-09-14T22:23:27,,13,4,promotion
CE02777,U1352,C050,I013,F015,O078,S192|S160|S223|S042|S062|S128|S214,3,,,2023-01-09T00:43:09,,32,0,first_job
CE02778,U1353,C310,I016,F001,O002,S124|S231|S162|S238|S028|S207,1,,,2023-04-05T20:40:18,2023-10-05T20:40:18,6,0,first_job
CE02779,U1353,C074,I016,F001,O001,S124|S231|S162|S238|S028|S207,1,1.0,O002,2023-10-05T20:40:18,,53,0,lateral
CE02780,U1354,C160,I005,F001,O005,S215|S224|S200|S044|S137|S240|S038,2,,,2023-01-10T14:55:40,,39,0,first_job
CE02781,U1355,C271,I018,F016,O082,S110|S176|S239|S155|S130,5,,,2023-01-20T20:32:46,,37,0,first_job
CE02782,U1356,C045,I009,F005,O024,S134|S175|S204|S122|S093,4,,,2023-07-18T13:53:32,2024-06-18T13:53:32,11,0,first_job
CE02783,U1356,C045,I009,F005,O024,S134|S175|S204|S122|S093,6,4.0,O024,2024-06-18T13:53:32,,17,2,promotion
CE02784,U1357,C235,I009,F014,O072,S085|S149|S034|S234|S030|S178,5,,,2023-03-21T08:04:36,2023-09-21T08:04:36,6,0,first_job
CE02785,U1357,C161,I009,F014,O075,S085|S149|S034|S234|S030|S178,7,5.0,O072,2023-09-21T08:04:36,2024-04-21T08:04:36,7,2,promotion
CE02786,U1357,C161,I009,F014,O075,S085|S149|S034|S234|S030|S178,7,7.0,O075,2024-04-21T08:04:36,,37,0,lateral
CE02787,U1358,C159,I002,F011,O056,S116|S098|S076|S147|S192|S027,4,,,2023-01-21T18:57:44,,28,0,first_job
CE02788,U1359,C223,I012,F009,O047,S112|S176|S229|S159|S202|S040,7,,,2023-01-06T22:22:32,,40,0,first_job
CE02789,U1360,C288,I014,F017,O090,S100|S191|S134|S123|S026|S054,3,,,2023-09-22T16:11:07,2024-06-22T16:11:07,9,0,first_job
CE02790,U1360,C158,I014,F017,O091,S100|S191|S134|S123|S026|S054,2,3.0,O090,2024-06-22T16:11:07,,58,-1,demotion
CE02791,U1361,C313,I015,F001,O006,S162|S133|S032|S228|S212,4,,,2023-06-21T12:48:26,2024-03-21T12:48:26,9,0,first_job
CE02792,U1361,C013,I015,F001,O002,S162|S133|S032|S228|S212,7,4.0,O006,2024-03-21T12:48:26,,47,3,promotion
CE02793,U1362,C001,I003,F014,O072,S065|S087|S200|S143|S205,2,,,2023-01-23T12:18:18,,29,0,first_job
CE02794,U1363,C310,I016,F010,O051,S139|S094|S103|S184|S083|S067|S116|S021,4,,,2023-06-21T08:44:55,2024-01-21T08:44:55,7,0,first_job
CE02795,U1363,C310,I016,F010,O050,S139|S094|S103|S184|S083|S067|S116|S021,4,4.0,O051,2024-01-21T08:44:55,,25,0,lateral
CE02796,U1364,C065,I004,F006,O028,S193|S017|S099|S192|S019|S084|S121,4,,,2023-01-03T19:42:22,,39,0,first_job
CE02797,U1365,C265,I014,F015,O077,S040|S072|S141|S060|S055,4,,,2023-01-15T20:35:18,2023-11-15T20:35:18,10,0,first_job
CE02798,U1365,C265,I014,F015,O077,S040|S072|S141|S060|S055,7,4.0,O077,2023-11-15T20:35:18,,18,3,promotion
CE02799,U1366,C258,I010,F005,O023,S132|S069|S237|S050|S211,6,,,2023-06-06T21:26:43,2024-01-06T21:26:43,7,0,first_job
CE02800,U1366,C022,I010,F004,O020,S132|S069|S237|S050|S211,6,6.0,O023,2024-01-06T21:26:43,,19,0,lateral
CE02801,U1367,C297,I023,F002,O011,S131|S118|S210|S154|S231|S158|S069|S042,2,,,2023-01-15T00:58:35,,7,0,first_job
CE02802,U1368,C207,I008,F008,O040,S145|S199|S136|S091|S014|S004|S099|S105,2,,,2023-02-14T00:04:29,2023-08-14T00:04:29,6,0,first_job
CE02803,U1368,C274,I017,F005,O025,S145|S199|S136|S091|S014|S004|S099|S105,3,2.0,O040,2023-08-14T00:04:29,2024-02-14T00:04:29,6,1,promotion
CE02804,U1368,C274,I017,F005,O025,S145|S199|S136|S091|S014|S004|S099|S105,3,3.0,O025,2024-02-14T00:04:29,,16,0,lateral
CE02805,U1369,C047,I012,F016,O085,S178|S206|S124|S154|S162|S151|S087|S103,3,,,2023-01-24T11:50:00,,42,0,first_job
CE02806,U1370,C090,I003,F014,O072,S010|S145|S089|S077|S074|S229,2,,,2023-09-21T18:09:52,2024-04-21T18:09:52,7,0,first_job
CE02807,U1370,C090,I003,F014,O073,S010|S145|S089|S077|S074|S229,6,2.0,O072,2024-04-21T18:09:52,,29,4,promotion
CE02808,U1371,C255,I011,F006,O032,S070|S113|S205|S145|S239,7,,,2023-08-08T07:15:49,2024-07-08T07:15:49,11,0,first_job
CE02809,U1371,C295,I004,F001,O004,S070|S113|S205|S145|S239,7,7.0,O032,2024-07-08T07:15:49,,56,0,lateral
CE02810,U1372,C192,I010,F006,O028,S222|S211|S163|S240|S188|S052,7,,,2023-09-25T18:10:20,2024-08-25T18:10:20,11,0,first_job
CE02811,U1372,C192,I010,F006,O028,S222|S211|S163|S240|S188|S052,7,7.0,O028,2024-08-25T18:10:20,,43,0,lateral
CE02812,U1373,C271,I018,F008,O041,S030|S207|S096|S001|S197,7,,,2023-08-21T04:39:01,2024-08-21T04:39:01,12,0,first_job
CE02813,U1373,C271,I018,F008,O039,S030|S207|S096|S001|S197,7,7.0,O041,2024-08-21T04:39:01,,20,0,lateral
CE02814,U1374,C165,I017,F004,O020,S034|S206|S040|S168|S007,1,,,2023-02-25T12:42:15,2024-01-25T12:42:15,11,0,first_job
CE02815,U1374,C146,I017,F004,O020,S034|S206|S040|S168|S007,1,1.0,O020,2024-01-25T12:42:15,,33,0,lateral
CE02816,U1375,C132,I019,F012,O062,S152|S098|S150|S176|S050|S129|S188|S120,4,,,2023-03-16T09:30:11,2024-01-16T09:30:11,10,0,first_job
CE02817,U1375,C053,I019,F001,O004,S152|S098|S150|S176|S050|S129|S188|S120,7,4.0,O062,2024-01-16T09:30:11,,30,3,promotion
CE02818,U1376,C076,I024,F018,O092,S199|S020|S201|S135|S077|S180|S167,4,,,2023-01-06T19:01:36,,32,0,first_job
CE02819,U1377,C107,I006,F008,O042,S185|S068|S082|S198|S053|S105,4,,,2023-01-12T00:45:48,2023-08-12T00:45:48,7,0,first_job
CE02820,U1377,C107,I006,F008,O040,S185|S068|S082|S198|S053|S105,5,4.0,O042,2023-08-12T00:45:48,,17,1,promotion
CE02821,U1378,C029,I003,F016,O083,S059|S209|S084|S155|S099|S062|S037|S221,5,,,2023-05-05T22:35:46,2024-02-05T22:35:46,9,0,first_job
CE02822,U1378,C110,I003,F016,O083,S059|S209|S084|S155|S099|S062|S037|S221,3,5.0,O083,2024-02-05T22:35:46,,23,-2,demotion
CE02823,U1379,C226,I008,F011,O056,S010|S002|S213|S194|S240|S128,4,,,2023-07-25T14:09:36,2024-02-25T14:09:36,7,0,first_job
CE02824,U1379,C147,I008,F011,O057,S010|S002|S213|S194|S240|S128,4,4.0,O056,2024-02-25T14:09:36,,16,0,lateral
CE02825,U1380,C297,I023,F001,O004,S088|S067|S033|S043|S059|S226|S212|S069,7,,,2023-02-14T21:52:06,2023-12-14T21:52:06,10,0,first_job
CE02826,U1380,C297,I023,F001,O003,S088|S067|S033|S043|S059|S226|S212|S069,6,7.0,O004,2023-12-14T21:52:06,,13,-1,demotion
CE02827,U1381,C299,I015,F002,O010,S234|S064|S023|S202|S155,7,,,2023-01-04T06:38:19,,7,0,first_job
CE02828,U1382,C314,I022,F004,O017,S107|S235|S167|S006|S203|S188,3,,,2023-03-23T18:32:51,2023-09-23T18:32:51,6,0,first_job
CE02829,U1382,C314,I022,F004,O018,S107|S235|S167|S006|S203|S188,4,3.0,O017,2023-09-23T18:32:51,,40,1,promotion
CE02830,U1383,C307,I023,F012,O064,S173|S098|S012|S201|S021|S158,4,,,2023-06-11T07:44:29,2024-04-11T07:44:29,10,0,first_job
CE02831,U1383,C136,I023,F001,O001,S173|S098|S012|S201|S021|S158,4,4.0,O064,2024-04-11T07:44:29,,35,0,lateral
CE02832,U1384,C057,I023,F016,O081,S024|S104|S109|S092|S150,1,,,2023-08-22T13:50:22,2024-07-22T13:50:22,11,0,first_job
CE02833,U1384,C057,I023,F016,O086,S024|S104|S109|S092|S150,1,1.0,O081,2024-07-22T13:50:22,,28,0,lateral
CE02834,U1385,C143,I014,F015,O078,S169|S052|S059|S196|S111|S087|S008|S014,1,,,2023-03-07T14:51:11,2024-01-07T14:51:11,10,0,first_job
CE02835,U1385,C143,I014,F015,O076,S169|S052|S059|S196|S111|S087|S008|S014,3,1.0,O078,2024-01-07T14:51:11,,34,2,promotion
CE02836,U1386,C117,I021,F004,O020,S144|S153|S114|S018|S014|S164,2,,,2023-04-04T01:33:01,2024-01-04T01:33:01,9,0,first_job
CE02837,U1386,C117,I021,F004,O022,S144|S153|S114|S018|S014|S164,2,2.0,O020,2024-01-04T01:33:01,,41,0,lateral
CE02838,U1387,C163,I002,F011,O056,S142|S044|S027|S090|S193,3,,,2023-07-05T12:42:45,2024-01-05T12:42:45,6,0,first_job
CE02839,U1387,C159,I002,F011,O056,S142|S044|S027|S090|S193,3,3.0,O056,2024-01-05T12:42:45,,52,0,lateral
CE02840,U1388,C231,I015,F008,O040,S056|S103|S210|S237|S158|S214|S095,5,,,2023-01-08T03:54:46,,53,0,first_job
CE02841,U1389,C053,I019,F016,O084,S162|S156|S026|S049|S226|S225|S006,4,,,2023-08-17T01:22:19,2024-06-17T01:22:19,10,0,first_job
CE02842,U1389,C077,I019,F016,O084,S162|S156|S026|S049|S226|S225|S006,7,4.0,O084,2024-06-17T01:22:19,,46,3,promotion
CE02843,U1390,C015,I001,F007,O034,S142|S002|S073|S101|S133|S206|S233|S123,5,,,2023-02-13T06:09:53,2023-10-13T06:09:53,8,0,first_job
CE02844,U1390,C015,I001,F007,O034,S142|S002|S073|S101|S133|S206|S233|S123,6,5.0,O034,2023-10-13T06:09:53,,58,1,promotion
CE02845,U1391,C231,I015,F006,O028,S086|S098|S088|S090|S172|S037,4,,,2023-09-24T09:56:40,2024-09-24T09:56:40,12,0,first_job
CE02846,U1391,C091,I015,F006,O031,S086|S098|S088|S090|S172|S037,5,4.0,O028,2024-09-24T09:56:40,,11,1,promotion
CE02847,U1392,C178,I022,F008,O039,S158|S193|S032|S168|S154,7,,,2023-03-13T19:45:15,2023-12-13T19:45:15,9,0,first_job
CE02848,U1392,C178,I022,F008,O043,S158|S193|S032|S168|S154,7,7.0,O039,2023-12-13T19:45:15,2024-08-13T19:45:15,8,0,lateral
CE02849,U1392,C178,I022,F008,O039,S158|S193|S032|S168|S154,7,7.0,O043,2024-08-13T19:45:15,,28,0,lateral
CE02850,U1393,C251,I004,F003,O012,S082|S192|S231|S029|S056|S092,6,,,2023-09-08T15:06:23,2024-03-08T15:06:23,6,0,first_job
CE02851,U1393,C211,I004,F003,O012,S082|S192|S231|S029|S056|S092,6,6.0,O012,2024-03-08T15:06:23,,35,0,lateral
CE02852,U1394,C027,I021,F009,O044,S130|S162|S079|S194|S035|S015|S017|S203,3,,,2023-02-23T08:47:59,2023-11-23T08:47:59,9,0,first_job
CE02853,U1394,C027,I021,F018,O092,S130|S162|S079|S194|S035|S015|S017|S203,4,3.0,O044,2023-11-23T08:47:59,,60,1,promotion
CE02854,U1395,C082,I015,F006,O030,S155|S046|S001|S186|S096,4,,,2023-08-05T14:03:33,2024-08-05T14:03:33,12,0,first_job
CE02855,U1395,C082,I015,F006,O032,S155|S046|S001|S186|S096,7,4.0,O030,2024-08-05T14:03:33,,46,3,promotion
CE02856,U1396,C264,I021,F017,O089,S051|S002|S079|S209|S211|S117|S118|S042,7,,,2023-01-10T17:48:55,,18,0,first_job
CE02857,U1397,C274,I017,F016,O082,S088|S198|S077|S009|S199|S122,1,,,2023-01-22T12:43:03,2023-08-22T12:43:03,7,0,first_job
CE02858,U1397,C274,I017,F016,O082,S088|S198|S077|S009|S199|S122,4,1.0,O082,2023-08-22T12:43:03,2024-05-22T12:43:03,9,3,promotion
CE02859,U1397,C274,I017,F016,O086,S088|S198|S077|S009|S199|S122,4,4.0,O082,2024-05-22T12:43:03,,28,0,lateral
CE02860,U1398,C149,I009,F013,O069,S212|S028|S207|S236|S159|S199|S056,5,,,2023-01-12T02:12:11,2024-01-12T02:12:11,12,0,first_job
CE02861,U1398,C309,I020,F018,O095,S212|S028|S207|S236|S159|S199|S056,6,5.0,O069,2024-01-12T02:12:11,,9,1,promotion
CE02862,U1399,C121,I001,F013,O068,S225|S068|S211|S106|S149|S002,5,,,2023-02-24T12:08:02,2023-10-24T12:08:02,8,0,first_job
CE02863,U1399,C121,I001,F013,O068,S225|S068|S211|S106|S149|S002,7,5.0,O068,2023-10-24T12:08:02,,57,2,promotion
CE02864,U1400,C013,I015,F015,O076,S125|S024|S162|S149|S171,4,,,2023-01-20T08:58:29,2023-12-20T08:58:29,11,0,first_job
CE02865,U1400,C013,I015,F015,O077,S125|S024|S162|S149|S171,5,4.0,O076,2023-12-20T08:58:29,,42,1,promotion
CE02866,U1401,C015,I001,F014,O075,S151|S214|S127|S086|S201|S171,5,,,2023-02-14T12:15:47,2023-12-14T12:15:47,10,0,first_job
CE02867,U1401,C234,I015,F014,O075,S151|S214|S127|S086|S201|S171,5,5.0,O075,2023-12-14T12:15:47,,8,0,lateral
CE02868,U1402,C048,I005,F001,O005,S130|S084|S186|S093|S010|S187,2,,,2023-01-14T08:50:46,,13,0,first_job
CE02869,U1403,C152,I019,F007,O038,S236|S071|S194|S021|S046|S235|S202|S213,7,,,2023-01-19T11:14:02,2023-09-19T11:14:02,8,0,first_job
CE02870,U1403,C077,I019,F018,O095,S236|S071|S194|S021|S046|S235|S202|S213,7,7.0,O038,2023-09-19T11:14:02,,32,0,lateral
CE02871,U1404,C185,I021,F013,O070,S121|S058|S158|S138|S116,3,,,2023-01-24T05:49:16,,11,0,first_job
