source_user_id,target_user_id,timestamp,edge_type
U1168,U1170,2023-01-01T00:26:30,collaborator
U0056,U0057,2023-01-01T04:18:53,collaborator
U0682,U1365,2023-01-01T10:27:07,colleague
U0757,U0758,2023-01-01T11:22:56,collaborator
U0137,U0138,2023-01-01T12:45:46,acquaintance
U0936,U0938,2023-01-01T13:26:41,collaborator
U1047,U1049,2023-01-01T13:51:04,acquaintance
U0903,U0905,2023-01-01T16:35:20,acquaintance
U0290,U0998,2023-01-02T01:55:00,collaborator
U0639,U0641,2023-01-02T07:32:46,colleague
U0157,U0159,2023-01-02T10:58:49,acquaintance
U0750,U0751,2023-01-02T11:01:56,collaborator
U0513,U0515,2023-01-02T19:45:40,collaborator
U0344,U0346,2023-01-03T09:12:43,collaborator
U0245,U0248,2023-01-03T09:46:11,colleague
U0164,U0874,2023-01-03T11:44:12,collaborator
U1302,U1303,2023-01-03T15:05:41,colleague
U1061,U1064,2023-01-03T19:14:32,collaborator
U1029,U1031,2023-01-03T21:27:15,collaborator
U1148,U1149,2023-01-03T21:59:05,acquaintance
U0928,U0932,2023-01-04T00:47:31,acquaintance
U0327,U1034,2023-01-04T12:12:18,acquaintance
U1363,U1365,2023-01-04T20:04:16,colleague
U1155,U1157,2023-01-05T00:28:29,collaborator
U0312,U1018,2023-01-05T04:55:13,collaborator
U0429,U0431,2023-01-05T11:31:34,colleague
U0200,U0202,2023-01-05T11:54:16,colleague
U0697,U0700,2023-01-05T14:39:23,collaborator
U0204,U0205,2023-01-05T15:48:54,acquaintance
U0610,U0611,2023-01-05T16:15:05,colleague
U0850,U0851,2023-01-05T18:26:44,acquaintance
U0357,U0359,2023-01-05T19:07:01,colleague
U0868,U0870,2023-01-06T00:05:10,acquaintance
U0776,U0779,2023-01-06T00:44:19,collaborator
U1219,U1220,2023-01-06T01:00:51,collaborator
U1314,U1315,2023-01-06T06:53:10,collaborator
U0359,U0361,2023-01-06T09:56:59,collaborator
U0199,U0911,2023-01-06T10:00:14,collaborator
U0855,U0857,2023-01-06T10:37:35,collaborator
U1024,U1026,2023-01-06T12:18:32,acquaintance
U1124,U1126,2023-01-06T19:55:50,collaborator
U0564,U0565,2023-01-06T20:48:27,colleague
U0723,U0724,2023-01-06T21:08:50,colleague
U0425,U0427,2023-01-07T00:33:45,acquaintance
U0170,U0171,2023-01-07T02:09:44,colleague
U1130,U1132,2023-01-07T02:11:33,colleague
U0582,U0583,2023-01-07T04:33:51,acquaintance
U0357,U0358,2023-01-07T08:09:30,colleague
U1237,U1238,2023-01-07T10:42:15,acquaintance
U0077,U0792,2023-01-07T12:41:25,collaborator
U0638,U1325,2023-01-07T13:55:02,collaborator
U0814,U0815,2023-01-07T14:41:13,collaborator
U0653,U0656,2023-01-07T15:18:52,colleague
U0202,U0204,2023-01-07T16:45:36,collaborator
U0178,U0180,2023-01-07T17:33:41,acquaintance
U0778,U0780,2023-01-07T20:32:45,acquaintance
U1270,U1271,2023-01-07T21:10:42,acquaintance
U0576,U0577,2023-01-07T22:47:48,collaborator
U1341,U1344,2023-01-08T00:41:02,colleague
U0468,U1171,2023-01-08T03:38:06,collaborator
U0837,U0839,2023-01-08T10:27:35,acquaintance
U0514,U0516,2023-01-08T11:13:27,acquaintance
U1165,U1167,2023-01-08T11:22:17,colleague
U1285,U1286,2023-01-08T13:28:34,collaborator
U0833,U0835,2023-01-08T17:05:52,colleague
U0313,U0315,2023-01-08T17:12:43,collaborator
U0388,U1097,2023-01-08T20:46:42,collaborator
U0530,U0531,2023-01-09T04:50:08,colleague
U0541,U0542,2023-01-09T08:19:05,colleague
U1014,U1017,2023-01-09T08:53:43,collaborator
U0511,U0513,2023-01-09T11:20:36,colleague
U0479,U1184,2023-01-09T11:31:46,collaborator
U0597,U1289,2023-01-09T14:06:21,acquaintance
U0338,U1046,2023-01-09T15:10:28,acquaintance
U0770,U0772,2023-01-09T16:50:41,collaborator
U0455,U1159,2023-01-09T17:06:21,acquaintance
U0007,U0011,2023-01-09T18:24:28,collaborator
U0075,U0077,2023-01-09T19:42:34,collaborator
U0780,U0781,2023-01-09T19:44:52,acquaintance
U1008,U1009,2023-01-09T20:53:08,collaborator
U0635,U0637,2023-01-09T22:31:48,collaborator
U0269,U0270,2023-01-09T22:35:19,collaborator
U0576,U1272,2023-01-09T23:46:23,collaborator
U0175,U0886,2023-01-10T02:18:58,collaborator
U0664,U0666,2023-01-10T05:51:53,acquaintance
U1389,U1392,2023-01-10T07:29:44,collaborator
U1339,U1341,2023-01-10T12:21:28,collaborator
U0741,U0742,2023-01-10T13:00:02,collaborator
U0138,U0140,2023-01-10T13:21:02,acquaintance
U0940,U0941,2023-01-10T14:28:58,collaborator
U0087,U0803,2023-01-10T15:00:28,acquaintance
U0110,U0111,2023-01-10T17:11:04,acquaintance
U0371,U1078,2023-01-10T18:45:44,colleague
U0144,U0855,2023-01-10T21:39:15,acquaintance
U0728,U0730,2023-01-10T22:53:59,collaborator
U0227,U0939,2023-01-10T23:55:12,colleague
U1180,U1181,2023-01-11T00:49:38,collaborator
U0278,U0283,2023-01-11T03:04:32,collaborator
U0460,U0462,2023-01-11T03:54:32,acquaintance
U1267,U1269,2023-01-11T05:33:11,collaborator
U0593,U0596,2023-01-11T08:13:36,collaborator
U0856,U0858,2023-01-11T09:37:48,collaborator
U0814,U0816,2023-01-11T14:23:57,collaborator
U0637,U0638,2023-01-11T18:24:17,collaborator
U0642,U0643,2023-01-11T18:32:18,acquaintance
U0424,U1133,2023-01-11T22:56:27,acquaintance
U0327,U0329,2023-01-12T02:09:52,collaborator
U0089,U0805,2023-01-12T02:19:11,collaborator
U0676,U0679,2023-01-12T02:45:09,acquaintance
U0330,U0331,2023-01-12T03:52:33,acquaintance
U0656,U0657,2023-01-12T05:12:39,acquaintance
U0014,U0016,2023-01-12T09:14:58,colleague
U0716,U0718,2023-01-12T19:05:13,collaborator
U0920,U0921,2023-01-12T19:21:36,colleague
U0210,U0212,2023-01-12T19:23:44,acquaintance
U1156,U1157,2023-01-12T20:51:38,collaborator
U0742,U0744,2023-01-13T00:49:48,colleague
U1037,U1039,2023-01-13T02:58:41,colleague
U0475,U1180,2023-01-13T10:32:07,collaborator
U0859,U0861,2023-01-13T10:33:18,colleague
U0954,U0955,2023-01-13T11:10:37,acquaintance
U0008,U0723,2023-01-13T14:10:36,collaborator
U0251,U0253,2023-01-13T17:11:48,collaborator
U0265,U0267,2023-01-13T17:22:32,collaborator
U1060,U1061,2023-01-13T18:27:56,collaborator
U0257,U0966,2023-01-13T19:12:06,acquaintance
U1315,U1316,2023-01-13T19:33:55,collaborator
U1115,U1117,2023-01-13T19:45:41,colleague
U0982,U0985,2023-01-14T04:42:43,collaborator
U0236,U0238,2023-01-14T15:20:55,collaborator
U0464,U1168,2023-01-14T18:09:03,acquaintance
U1102,U1103,2023-01-14T18:56:07,collaborator
U0508,U1208,2023-01-14T21:19:05,collaborator
U0538,U0539,2023-01-14T22:19:25,collaborator
U0336,U1044,2023-01-15T03:18:58,acquaintance
U0384,U1093,2023-01-15T03:58:26,collaborator
U0499,U0502,2023-01-15T04:36:26,collaborator
U0948,U0949,2023-01-15T06:01:41,collaborator
U0582,U0584,2023-01-15T07:46:18,colleague
U1061,U1063,2023-01-15T08:04:14,colleague
U1075,U1078,2023-01-15T16:15:47,collaborator
U0532,U0534,2023-01-15T17:26:13,collaborator
U0462,U0464,2023-01-15T20:25:29,collaborator
U0678,U0679,2023-01-15T21:12:22,collaborator
U0152,U0154,2023-01-15T21:25:59,collaborator
U0562,U0564,2023-01-16T00:30:26,acquaintance
U0851,U0852,2023-01-16T05:27:48,collaborator
U1180,U1182,2023-01-16T05:47:11,acquaintance
U0521,U0523,2023-01-16T06:02:02,collaborator
U0904,U0906,2023-01-16T06:17:52,collaborator
U0525,U1223,2023-01-16T06:54:26,acquaintance
U1399,U1401,2023-01-16T15:10:43,collaborator
U0488,U1193,2023-01-16T16:01:33,collaborator
U0218,U0221,2023-01-17T04:53:44,collaborator
U0006,U0718,2023-01-17T20:46:28,collaborator
U0667,U0670,2023-01-18T00:10:19,collaborator
U1283,U1284,2023-01-18T02:11:04,acquaintance
U1314,U1316,2023-01-18T07:07:23,collaborator
U0291,U1000,2023-01-18T08:37:32,collaborator
U0580,U0582,2023-01-18T12:03:53,acquaintance
U0552,U0553,2023-01-18T19:01:03,colleague
U0864,U0865,2023-01-18T21:01:59,collaborator
U0318,U1023,2023-01-18T23:11:59,acquaintance
U0653,U0654,2023-01-19T06:03:04,collaborator
U0363,U0364,2023-01-19T07:27:38,acquaintance
U0672,U1357,2023-01-19T09:01:34,collaborator
U0118,U0119,2023-01-19T10:07:39,collaborator
U0151,U0152,2023-01-19T10:53:46,collaborator
U0684,U1367,2023-01-19T11:06:22,collaborator
U1035,U1037,2023-01-19T11:28:01,collaborator
U1174,U1175,2023-01-19T13:08:31,collaborator
U1014,U1015,2023-01-19T14:52:39,collaborator
U0696,U0699,2023-01-19T17:24:40,collaborator
U0163,U0873,2023-01-19T23:02:21,colleague
U0907,U0908,2023-01-20T00:05:35,collaborator
U0567,U1264,2023-01-20T00:32:54,collaborator
U1071,U1072,2023-01-20T02:32:33,colleague
U0249,U0959,2023-01-20T08:00:03,colleague
U0320,U0322,2023-01-20T08:48:01,collaborator
U0399,U0401,2023-01-20T08:54:30,acquaintance
U1396,U1397,2023-01-20T13:04:02,collaborator
U0847,U0848,2023-01-20T15:28:19,collaborator
U1104,U1106,2023-01-20T17:23:07,colleague
U0025,U0026,2023-01-20T20:24:12,colleague
U1002,U1003,2023-01-21T00:19:34,acquaintance
U1272,U1273,2023-01-21T03:13:55,acquaintance
U0337,U0338,2023-01-21T05:08:32,acquaintance
U0463,U0465,2023-01-21T05:11:20,acquaintance
U0961,U0964,2023-01-21T08:34:19,collaborator
U0045,U0757,2023-01-21T09:25:39,acquaintance
U0305,U0309,2023-01-21T17:02:52,collaborator
U0875,U0876,2023-01-21T19:48:27,colleague
U0239,U0951,2023-01-21T20:01:13,acquaintance
U0616,U0620,2023-01-22T00:46:15,collaborator
U0477,U1182,2023-01-22T02:19:37,acquaintance
U0067,U0068,2023-01-22T14:02:50,collaborator
U1296,U1297,2023-01-22T17:25:41,acquaintance
U0270,U0977,2023-01-22T22:37:55,acquaintance
U1018,U1020,2023-01-23T01:43:18,collaborator
U0221,U0933,2023-01-23T02:08:02,collaborator
U0661,U0663,2023-01-23T04:27:45,collaborator
U0084,U0085,2023-01-24T00:50:30,collaborator
U1293,U1296,2023-01-24T00:53:16,acquaintance
U0415,U1125,2023-01-24T01:01:45,collaborator
U0568,U0570,2023-01-24T02:03:41,collaborator
U0204,U0207,2023-01-24T16:24:38,acquaintance
U0159,U0161,2023-01-24T19:35:01,acquaintance
U0047,U0049,2023-01-25T01:20:36,colleague
U0347,U1053,2023-01-25T04:55:24,collaborator
U0043,U0045,2023-01-25T06:28:09,colleague
U1362,U1363,2023-01-25T07:46:41,colleague
U0042,U0043,2023-01-25T08:33:00,collaborator
U0043,U0044,2023-01-25T10:54:04,collaborator
U0369,U0371,2023-01-25T11:05:19,colleague
U0237,U0239,2023-01-25T16:23:44,collaborator
U0240,U0242,2023-01-25T16:26:32,acquaintance
U0173,U0177,2023-01-25T16:41:04,acquaintance
U0587,U0588,2023-01-25T18:00:24,collaborator
U0760,U0762,2023-01-25T18:52:35,collaborator
U0410,U0411,2023-01-25T19:29:51,collaborator
U1120,U1121,2023-01-25T20:15:18,collaborator
U0102,U0104,2023-01-25T21:32:22,collaborator
U1095,U1097,2023-01-26T00:31:34,acquaintance
U0301,U0302,2023-01-26T07:20:47,collaborator
U0670,U0672,2023-01-26T09:03:46,colleague
U0209,U0212,2023-01-26T09:39:39,collaborator
U0303,U0304,2023-01-26T11:47:16,acquaintance
U1166,U1167,2023-01-26T13:26:57,acquaintance
U0313,U0316,2023-01-26T13:51:43,collaborator
U0170,U0880,2023-01-26T19:13:33,collaborator
U0520,U0521,2023-01-27T05:36:36,collaborator
U0700,U1388,2023-01-27T10:00:58,colleague
U0829,U0830,2023-01-27T11:07:15,colleague
U0726,U0728,2023-01-27T11:48:06,collaborator
U0482,U0484,2023-01-27T18:14:27,collaborator
U0179,U0890,2023-01-27T19:53:07,colleague
U0107,U0108,2023-01-27T22:04:56,acquaintance
U1261,U1264,2023-01-27T23:13:36,collaborator
U0520,U0523,2023-01-28T00:25:13,collaborator
U1355,U1356,2023-01-28T04:09:14,colleague
U1024,U1025,2023-01-28T06:09:04,collaborator
U0501,U0502,2023-01-28T06:57:36,acquaintance
U0093,U0094,2023-01-28T08:34:48,collaborator
U1054,U1056,2023-01-28T12:07:45,collaborator
U0478,U0479,2023-01-28T18:36:33,collaborator
U1179,U1180,2023-01-28T18:36:57,acquaintance
U1133,U1135,2023-01-28T19:19:42,collaborator
U0875,U0877,2023-01-28T20:21:43,collaborator
U0247,U0957,2023-01-28T21:17:08,collaborator
U1243,U1245,2023-02-01T01:13:30,colleague
U0253,U0256,2023-02-01T07:52:12,collaborator
U0623,U0624,2023-02-01T07:56:19,collaborator
U1231,U1232,2023-02-01T08:17:01,collaborator
U0484,U0485,2023-02-01T09:05:38,collaborator
U0457,U1161,2023-02-01T09:55:36,collaborator
U0531,U1231,2023-02-01T10:03:56,acquaintance
U0023,U0025,2023-02-01T10:51:03,colleague
U0099,U0101,2023-02-01T13:08:42,collaborator
U1070,U1071,2023-02-01T17:15:27,collaborator
U1360,U1361,2023-02-02T04:27:12,collaborator
U1192,U1193,2023-02-02T04:44:21,collaborator
U0179,U0180,2023-02-02T07:47:06,collaborator
U0480,U1185,2023-02-02T11:27:14,collaborator
U0348,U0350,2023-02-02T21:43:25,acquaintance
U0111,U0113,2023-02-02T21:53:03,collaborator
U0170,U0172,2023-02-03T04:30:02,acquaintance
U1107,U1109,2023-02-03T06:29:12,acquaintance
U0241,U0242,2023-02-03T06:34:18,collaborator
U1222,U1223,2023-02-03T10:16:54,collaborator
U0101,U0103,2023-02-03T12:48:34,collaborator
U0529,U1229,2023-02-03T13:40:40,colleague
U0524,U0525,2023-02-03T17:29:05,collaborator
U0180,U0182,2023-02-03T23:13:57,collaborator
U0663,U0664,2023-02-04T04:15:21,collaborator
U0834,U0837,2023-02-04T04:57:05,collaborator
U0076,U0078,2023-02-04T05:08:32,collaborator
U0078,U0080,2023-02-04T08:02:11,colleague
U0863,U0865,2023-02-04T10:01:17,collaborator
U0791,U0792,2023-02-04T13:41:27,collaborator
U0374,U0376,2023-02-04T15:09:37,collaborator
U1220,U1222,2023-02-04T15:29:11,collaborator
U0278,U0279,2023-02-04T21:07:02,colleague
U0681,U0682,2023-02-05T01:47:48,collaborator
U1371,U1372,2023-02-05T03:42:40,acquaintance
U0221,U0222,2023-02-05T08:37:22,acquaintance
U0905,U0907,2023-02-05T08:37:49,collaborator
U0769,U0771,2023-02-05T09:23:29,collaborator
U0657,U1343,2023-02-05T10:17:38,collaborator
U0254,U0256,2023-02-05T10:31:35,acquaintance
U1005,U1006,2023-02-05T10:56:18,collaborator
U0483,U1188,2023-02-05T11:05:27,colleague
U1222,U1226,2023-02-05T11:52:25,collaborator
U0317,U0319,2023-02-05T16:46:19,acquaintance
U0501,U1201,2023-02-05T17:01:14,colleague
U0004,U0006,2023-02-05T19:23:25,collaborator
U0290,U0292,2023-02-05T20:05:57,acquaintance
U0518,U1217,2023-02-05T20:55:50,collaborator
U0299,U0300,2023-02-05T21:40:51,colleague
U0018,U0019,2023-02-05T22:32:22,colleague
U0533,U0535,2023-02-05T23:32:43,acquaintance
U0648,U0649,2023-02-05T23:43:50,collaborator
U1347,U1349,2023-02-06T00:04:57,collaborator
U0201,U0914,2023-02-06T01:13:55,collaborator
U0257,U0258,2023-02-06T02:00:31,collaborator
U1401,U1403,2023-02-06T07:31:56,collaborator
U1302,U1304,2023-02-06T08:51:09,collaborator
U0395,U0397,2023-02-06T19:03:30,colleague
U0233,U0234,2023-02-06T19:08:42,collaborator
U0345,U1051,2023-02-06T19:56:16,acquaintance
U0724,U0725,2023-02-06T22:03:59,collaborator
U0817,U0819,2023-02-07T00:47:53,collaborator
U0539,U1239,2023-02-07T01:30:01,collaborator
U0202,U0203,2023-02-07T03:49:34,collaborator
U1042,U1044,2023-02-07T04:04:23,collaborator
U0929,U0933,2023-02-07T05:05:48,acquaintance
U1154,U1155,2023-02-07T11:18:27,collaborator
U0389,U0390,2023-02-07T14:22:44,collaborator
U0615,U0616,2023-02-07T14:25:09,collaborator
U0147,U0858,2023-02-07T14:27:51,collaborator
U0577,U0579,2023-02-07T14:51:20,acquaintance
U1159,U1160,2023-02-07T15:20:13,acquaintance
U0662,U1348,2023-02-07T17:46:06,acquaintance
U0956,U0957,2023-02-07T18:05:30,collaborator
U0542,U0544,2023-02-07T20:48:34,collaborator
U0423,U1132,2023-02-07T23:26:43,acquaintance
U1073,U1075,2023-02-08T02:39:04,collaborator
U1169,U1171,2023-02-08T06:16:09,collaborator
U0052,U0053,2023-02-08T13:34:59,acquaintance
U0620,U1306,2023-02-08T14:13:58,acquaintance
U0438,U0442,2023-02-08T17:36:59,collaborator
U0122,U0123,2023-02-08T19:25:09,collaborator
U1083,U1085,2023-02-08T21:02:12,acquaintance
U1093,U1094,2023-02-08T21:13:37,collaborator
U0021,U0022,2023-02-09T00:26:10,collaborator
U0222,U0223,2023-02-09T01:10:03,acquaintance
U0616,U1305,2023-02-09T04:12:26,collaborator
U1274,U1275,2023-02-09T04:46:02,collaborator
U0927,U0928,2023-02-09T08:57:07,collaborator
U0514,U0515,2023-02-09T11:27:23,collaborator
U0288,U0995,2023-02-09T11:39:23,collaborator
U0610,U0613,2023-02-09T11:42:30,acquaintance
U0950,U0951,2023-02-09T13:49:30,colleague
U0351,U0353,2023-02-09T18:16:25,colleague
U0105,U0107,2023-02-09T19:36:38,collaborator
U0735,U0736,2023-02-09T20:00:25,acquaintance
U0593,U1286,2023-02-10T00:13:37,colleague
U1040,U1044,2023-02-10T01:33:37,collaborator
U0316,U0318,2023-02-10T04:11:15,collaborator
U0670,U0671,2023-02-10T04:39:00,colleague
U0753,U0756,2023-02-10T10:07:11,colleague
U0719,U0724,2023-02-10T12:53:33,acquaintance
U0262,U0264,2023-02-10T13:11:20,collaborator
U0599,U0603,2023-02-10T16:20:56,colleague
U0031,U0034,2023-02-10T16:45:23,colleague
U1200,U1201,2023-02-10T20:03:51,collaborator
U1327,U1329,2023-02-10T21:49:50,colleague
U0629,U1315,2023-02-10T23:15:26,collaborator
U1240,U1243,2023-02-11T06:12:23,collaborator
U1239,U1240,2023-02-11T06:19:47,collaborator
U0237,U0949,2023-02-11T09:28:26,acquaintance
U0711,U0713,2023-02-11T09:34:45,acquaintance
U1104,U1105,2023-02-11T15:00:01,acquaintance
U0587,U0589,2023-02-11T22:50:00,colleague
U0692,U0693,2023-02-11T23:13:54,colleague
U0371,U0373,2023-02-12T02:54:31,collaborator
U0784,U0785,2023-02-12T06:20:10,collaborator
U0333,U0335,2023-02-12T06:37:42,acquaintance
U0386,U0387,2023-02-12T13:33:47,acquaintance
U1299,U1300,2023-02-12T13:53:56,colleague
U0992,U0994,2023-02-12T14:25:41,acquaintance
U0581,U0582,2023-02-12T14:32:19,collaborator
U0468,U0470,2023-02-12T21:29:58,collaborator
U0116,U0117,2023-02-13T07:24:53,colleague
U0260,U0261,2023-02-13T07:25:47,collaborator
U0666,U0668,2023-02-13T07:46:23,collaborator
U0343,U0345,2023-02-13T14:37:29,collaborator
U1036,U1037,2023-02-13T15:09:35,acquaintance
U0973,U0974,2023-02-13T21:13:14,acquaintance
U0674,U0676,2023-02-13T22:59:10,collaborator
U0548,U0549,2023-02-13T23:22:34,collaborator
U0055,U0056,2023-02-14T00:39:37,collaborator
U1083,U1084,2023-02-14T03:30:26,colleague
U0548,U0550,2023-02-14T05:00:35,acquaintance
U0140,U0142,2023-02-14T05:15:42,collaborator
U1058,U1060,2023-02-14T06:53:30,collaborator
U0329,U1036,2023-02-14T10:17:36,collaborator
U0232,U0234,2023-02-14T22:22:47,collaborator
U0671,U0673,2023-02-14T22:29:10,collaborator
U1123,U1125,2023-02-15T00:49:34,colleague
U0678,U0681,2023-02-15T01:05:20,acquaintance
U0299,U0301,2023-02-15T01:28:20,acquaintance
U0040,U0042,2023-02-15T01:55:55,collaborator
U0319,U0320,2023-02-15T02:59:47,collaborator
U1010,U1012,2023-02-15T05:23:30,collaborator
U0887,U0890,2023-02-15T06:31:17,collaborator
U0110,U0825,2023-02-15T07:07:09,acquaintance
U0843,U0845,2023-02-15T08:15:59,acquaintance
U0687,U0689,2023-02-15T12:13:06,collaborator
U0250,U0253,2023-02-15T19:31:47,collaborator
U0384,U0386,2023-02-15T23:12:43,colleague
U0216,U0928,2023-02-16T01:40:00,acquaintance
U0633,U0634,2023-02-16T08:37:37,acquaintance
U1067,U1068,2023-02-16T09:28:17,collaborator
U1357,U1359,2023-02-16T11:44:48,collaborator
U0119,U0834,2023-02-16T14:58:14,collaborator
U0460,U1164,2023-02-16T17:46:56,acquaintance
U1287,U1289,2023-02-17T01:57:36,collaborator
U0055,U0057,2023-02-17T06:38:14,collaborator
U0394,U1102,2023-02-17T08:24:01,colleague
U0092,U0093,2023-02-17T09:16:12,acquaintance
U1309,U1311,2023-02-17T16:45:31,collaborator
U0794,U0796,2023-02-17T17:27:51,collaborator
U1097,U1098,2023-02-17T17:28:42,collaborator
U0119,U0122,2023-02-17T23:23:38,collaborator
U1252,U1254,2023-02-18T03:51:03,colleague
U0861,U0862,2023-02-18T08:14:51,acquaintance
U0232,U0233,2023-02-18T10:46:51,collaborator
U1177,U1179,2023-02-18T11:05:11,collaborator
U0632,U1317,2023-02-18T11:44:38,colleague
U0225,U0227,2023-02-18T15:39:39,collaborator
U1155,U1156,2023-02-18T23:26:30,colleague
U0134,U0845,2023-02-18T23:54:59,collaborator
U0390,U1099,2023-02-19T02:03:11,acquaintance
U1146,U1148,2023-02-19T02:30:19,collaborator
U0756,U0758,2023-02-19T03:02:49,acquaintance
U1396,U1398,2023-02-19T06:19:59,collaborator
U0117,U0119,2023-02-19T06:48:31,collaborator
U0168,U0170,2023-02-19T08:45:41,acquaintance
U0638,U0640,2023-02-19T10:37:52,collaborator
U0711,U1402,2023-02-19T13:07:12,acquaintance
U0125,U0128,2023-02-19T13:45:51,collaborator
U0639,U1326,2023-02-19T16:23:15,collaborator
U0459,U0461,2023-02-19T19:07:50,colleague
U0313,U1019,2023-02-19T22:28:09,collaborator
U0343,U0344,2023-02-19T22:51:51,collaborator
U1199,U1201,2023-02-20T02:41:14,collaborator
U0511,U0514,2023-02-20T03:26:01,collaborator
U0627,U1312,2023-02-20T03:47:01,collaborator
U1259,U1260,2023-02-20T03:56:37,colleague
U0420,U1129,2023-02-20T08:15:34,collaborator
U0418,U0419,2023-02-20T10:21:51,acquaintance
U1384,U1387,2023-02-20T12:19:22,acquaintance
U1190,U1192,2023-02-20T18:21:08,acquaintance
U0034,U0747,2023-02-20T18:32:37,collaborator
U0444,U0446,2023-02-20T22:15:03,collaborator
U0182,U0185,2023-02-21T02:19:08,colleague
U0507,U1207,2023-02-21T05:47:48,acquaintance
U1223,U1227,2023-02-21T06:10:36,collaborator
U0383,U1091,2023-02-21T08:13:56,colleague
U0437,U1145,2023-02-21T08:30:22,acquaintance
U1352,U1353,2023-02-21T10:54:09,colleague
U0516,U1215,2023-02-21T15:04:50,collaborator
U0200,U0201,2023-02-21T16:12:51,collaborator
U0433,U1142,2023-02-21T16:18:09,acquaintance
U0961,U0962,2023-02-21T16:33:23,colleague
U1311,U1314,2023-02-21T16:38:30,acquaintance
U0683,U0684,2023-02-21T17:44:36,colleague
U0338,U0342,2023-02-21T21:15:17,collaborator
U0641,U0643,2023-02-22T23:01:44,collaborator
U0354,U0356,2023-02-23T05:40:51,collaborator
U0469,U1172,2023-02-23T05:44:51,colleague
U1187,U1189,2023-02-23T06:48:17,colleague
U1025,U1026,2023-02-23T09:34:00,collaborator
U0098,U0814,2023-02-23T10:11:47,collaborator
U0139,U0140,2023-02-23T11:35:46,collaborator
U1329,U1331,2023-02-23T18:36:12,collaborator
U0077,U0078,2023-02-23T23:46:41,collaborator
U1006,U1007,2023-02-24T01:35:48,collaborator
U0673,U0674,2023-02-24T05:14:40,collaborator
U0493,U0498,2023-02-24T07:39:01,collaborator
U0092,U0094,2023-02-24T10:15:32,collaborator
U0087,U0089,2023-02-24T10:57:22,acquaintance
U0428,U0430,2023-02-24T15:12:06,acquaintance
U0171,U0173,2023-02-24T21:40:58,collaborator
U0715,U0716,2023-02-24T22:56:00,acquaintance
U1140,U1141,2023-02-25T01:30:26,colleague
U0199,U0201,2023-02-25T04:17:10,collaborator
U0465,U0467,2023-02-25T04:50:11,colleague
U1181,U1183,2023-02-25T05:46:37,acquaintance
U0058,U0061,2023-02-25T06:58:46,colleague
U0467,U0469,2023-02-25T09:30:03,acquaintance
U1080,U1081,2023-02-25T15:17:47,collaborator
U0239,U0240,2023-02-25T20:35:32,colleague
U0140,U0851,2023-02-25T21:11:18,colleague
U0117,U0832,2023-02-25T21:19:23,collaborator
U0745,U0747,2023-02-26T00:10:17,colleague
U0240,U0952,2023-02-26T01:07:42,collaborator
U0886,U0887,2023-02-26T02:18:43,collaborator
U0327,U0328,2023-02-26T03:03:04,collaborator
U1229,U1230,2023-02-26T05:53:15,collaborator
U1276,U1278,2023-02-26T07:27:38,collaborator
U0755,U0757,2023-02-26T08:03:55,collaborator
U1218,U1220,2023-02-26T09:15:18,collaborator
U0375,U1083,2023-02-26T10:36:43,collaborator
U0910,U0911,2023-02-26T12:10:42,acquaintance
U1325,U1327,2023-02-26T13:57:43,acquaintance
U0412,U0414,2023-02-26T15:48:16,collaborator
U0112,U0113,2023-02-26T15:51:58,collaborator
U0779,U0780,2023-02-26T22:35:46,collaborator
U1106,U1107,2023-02-27T03:17:03,acquaintance
U1009,U1011,2023-02-27T03:18:17,acquaintance
U1229,U1231,2023-02-27T03:37:37,colleague
U0221,U0223,2023-02-27T04:38:24,collaborator
U1254,U1256,2023-02-27T08:23:58,acquaintance
U0851,U0853,2023-02-27T08:46:10,acquaintance
U0941,U0943,2023-02-27T09:52:32,acquaintance
U0215,U0927,2023-02-27T13:43:41,collaborator
U0635,U0636,2023-02-27T15:33:08,acquaintance
U0472,U0473,2023-02-27T16:08:46,collaborator
U0433,U0434,2023-02-27T17:40:53,collaborator
U0646,U1332,2023-02-27T17:49:06,acquaintance
U1184,U1186,2023-02-27T17:58:26,collaborator
U0804,U0806,2023-02-27T18:33:56,acquaintance
U0924,U0926,2023-02-28T00:41:00,collaborator
U0958,U0959,2023-02-28T00:51:17,colleague
U0051,U0763,2023-02-28T01:07:46,collaborator
U0024,U0025,2023-02-28T02:59:56,collaborator
U1369,U1372,2023-02-28T03:29:40,collaborator
U0381,U0382,2023-02-28T04:09:28,acquaintance
U1306,U1308,2023-02-28T04:20:31,collaborator
U0988,U0989,2023-02-28T08:27:37,collaborator
U0057,U0058,2023-02-28T09:56:05,collaborator
U0035,U0036,2023-02-28T10:52:40,collaborator
U0729,U0731,2023-02-28T14:52:36,collaborator
U0470,U0471,2023-02-28T19:33:19,collaborator
U1139,U1140,2023-02-28T22:01:45,collaborator
U0253,U0254,2023-03-01T01:20:27,acquaintance
U0520,U1219,2023-03-01T03:08:40,colleague
U0570,U1267,2023-03-01T05:04:10,collaborator
U0877,U0880,2023-03-01T05:18:56,colleague
U0254,U0964,2023-03-01T13:18:54,collaborator
U1234,U1235,2023-03-01T15:41:47,acquaintance
U0305,U0306,2023-03-01T15:52:07,acquaintance
U0195,U0196,2023-03-01T16:13:27,collaborator
U0012,U0013,2023-03-01T23:24:43,collaborator
U0992,U0993,2023-03-02T01:32:21,collaborator
U0168,U0169,2023-03-02T02:41:00,collaborator
U0613,U1303,2023-03-02T03:51:19,colleague
U1307,U1308,2023-03-02T04:03:35,colleague
U0559,U1256,2023-03-02T09:49:16,collaborator
U1390,U1392,2023-03-02T10:56:54,collaborator
U0586,U0588,2023-03-02T12:11:08,acquaintance
U0401,U0403,2023-03-02T12:16:09,colleague
U0569,U0571,2023-03-02T16:29:30,collaborator
U0266,U0974,2023-03-02T16:35:42,collaborator
U1003,U1004,2023-03-02T18:59:26,colleague
U0591,U0593,2023-03-02T22:45:46,collaborator
U0093,U0810,2023-03-03T05:44:12,collaborator
U1327,U1328,2023-03-03T06:06:44,collaborator
U0976,U0977,2023-03-03T06:13:07,collaborator
U0311,U0312,2023-03-03T06:39:41,acquaintance
U0212,U0214,2023-03-03T10:55:19,colleague
U0513,U0514,2023-03-03T11:08:09,collaborator
U0665,U0667,2023-03-03T12:49:37,acquaintance
U0233,U0944,2023-03-03T14:03:17,acquaintance
U0317,U0318,2023-03-03T16:02:36,acquaintance
U1132,U1134,2023-03-03T16:27:34,acquaintance
U0499,U0501,2023-03-03T20:15:17,collaborator
U0871,U0873,2023-03-03T22:40:15,collaborator
U0306,U0311,2023-03-04T01:39:35,acquaintance
U1065,U1067,2023-03-04T07:01:13,colleague
U1154,U1156,2023-03-04T09:18:34,collaborator
U0413,U0414,2023-03-04T10:06:05,collaborator
U1168,U1169,2023-03-04T10:38:00,collaborator
U0073,U0074,2023-03-04T18:13:03,collaborator
U0564,U1260,2023-03-04T23:26:59,acquaintance
U0388,U0389,2023-03-05T04:23:03,collaborator
U0222,U0225,2023-03-05T06:47:07,collaborator
U0538,U0540,2023-03-05T10:34:15,acquaintance
U0952,U0953,2023-03-05T11:12:22,collaborator
U0533,U0534,2023-03-05T18:07:55,collaborator
U0823,U0824,2023-03-05T19:47:28,acquaintance
U1288,U1290,2023-03-06T03:54:21,collaborator
U0265,U0266,2023-03-06T14:26:13,collaborator
U0646,U0649,2023-03-06T19:56:27,collaborator
U0625,U1310,2023-03-06T20:10:57,colleague
U0529,U0531,2023-03-06T23:41:05,acquaintance
U0263,U0971,2023-03-07T04:31:42,collaborator
U0768,U0769,2023-03-07T05:50:53,collaborator
U0290,U0291,2023-03-07T11:53:22,collaborator
U0470,U0472,2023-03-07T12:09:28,acquaintance
U0837,U0838,2023-03-07T17:37:32,collaborator
U0468,U0469,2023-03-07T18:33:27,colleague
U0118,U0122,2023-03-07T22:44:08,collaborator
U0695,U1382,2023-03-07T23:33:29,colleague
U0975,U0976,2023-03-08T02:15:52,colleague
U1045,U1046,2023-03-08T10:48:25,colleague
U0950,U0952,2023-03-08T14:29:13,collaborator
U0801,U0803,2023-03-08T15:21:57,collaborator
U0263,U0265,2023-03-08T16:58:32,acquaintance
U0132,U0844,2023-03-08T18:16:55,collaborator
U0082,U0083,2023-03-08T18:56:27,acquaintance
U1103,U1104,2023-03-08T20:09:16,collaborator
U0208,U0209,2023-03-08T22:37:35,collaborator
U0209,U0922,2023-03-09T03:12:03,colleague
U1114,U1117,2023-03-09T04:33:38,collaborator
U0598,U0600,2023-03-09T05:17:55,collaborator
U0936,U0939,2023-03-09T08:40:19,colleague
U0550,U0551,2023-03-09T10:04:22,colleague
U0300,U0301,2023-03-09T18:24:51,acquaintance
U1090,U1091,2023-03-09T18:40:48,collaborator
U1353,U1354,2023-03-09T19:55:01,acquaintance
U0315,U1020,2023-03-09T21:26:23,collaborator
U0249,U0251,2023-03-09T22:08:43,colleague
U1295,U1296,2023-03-09T22:48:28,acquaintance
U0825,U0827,2023-03-09T23:24:42,collaborator
U0806,U0810,2023-03-10T04:39:09,acquaintance
U0913,U0914,2023-03-10T09:14:41,colleague
U0298,U0299,2023-03-10T16:12:44,acquaintance
U0487,U0490,2023-03-10T16:28:49,colleague
U0685,U1368,2023-03-10T23:54:52,collaborator
U0283,U0990,2023-03-11T03:54:16,collaborator
U0115,U0830,2023-03-11T04:30:31,collaborator
U0880,U0882,2023-03-11T09:29:48,colleague
U1290,U1293,2023-03-11T09:48:51,collaborator
U1321,U1322,2023-03-11T11:23:49,collaborator
U0412,U1121,2023-03-11T11:51:16,collaborator
U0347,U0348,2023-03-11T13:49:50,collaborator
U0606,U0607,2023-03-11T16:53:04,collaborator
U0132,U0135,2023-03-11T18:03:03,collaborator
U1161,U1163,2023-03-11T19:18:44,collaborator
U0070,U0782,2023-03-11T19:22:57,colleague
U0933,U0936,2023-03-11T19:52:27,collaborator
U0925,U0927,2023-03-11T21:02:30,collaborator
U1299,U1301,2023-03-12T03:04:20,collaborator
U0577,U0580,2023-03-12T04:27:28,colleague
U0962,U0965,2023-03-12T07:06:25,acquaintance
U1372,U1373,2023-03-12T09:50:45,acquaintance
U0431,U0433,2023-03-12T10:29:39,collaborator
U1049,U1051,2023-03-12T11:35:06,acquaintance
U0161,U0164,2023-03-12T11:36:50,acquaintance
U1189,U1192,2023-03-12T17:59:16,colleague
U0386,U0388,2023-03-12T19:43:29,acquaintance
U0955,U0957,2023-03-13T01:48:21,acquaintance
U0097,U0098,2023-03-13T02:26:09,acquaintance
U0278,U0988,2023-03-13T02:41:25,acquaintance
U0194,U0906,2023-03-13T05:02:44,acquaintance
U0024,U0737,2023-03-13T06:16:21,collaborator
U0640,U0641,2023-03-13T07:34:07,collaborator
U1284,U1286,2023-03-13T11:37:55,colleague
U0156,U0869,2023-03-13T15:31:22,collaborator
U0631,U0632,2023-03-13T18:43:06,colleague
U0682,U0683,2023-03-13T21:38:17,collaborator
U0241,U0953,2023-03-14T05:57:31,colleague
U0419,U1128,2023-03-14T06:43:34,acquaintance
U1395,U1396,2023-03-14T09:43:33,collaborator
U0197,U0199,2023-03-14T11:58:17,collaborator
U0559,U0561,2023-03-14T12:03:59,colleague
U0298,U1006,2023-03-14T12:49:43,collaborator
U0862,U0863,2023-03-14T13:37:17,collaborator
U0929,U0932,2023-03-14T17:16:26,collaborator
U0637,U0639,2023-03-14T18:05:36,acquaintance
U0998,U1000,2023-03-14T19:38:31,colleague
U0372,U1079,2023-03-14T21:47:07,collaborator
U1053,U1054,2023-03-14T22:13:43,collaborator
U0620,U0623,2023-03-14T23:00:55,acquaintance
U0584,U0586,2023-03-15T02:29:15,collaborator
U1201,U1202,2023-03-15T05:00:07,collaborator
U0141,U0143,2023-03-15T05:35:10,collaborator
U0627,U0629,2023-03-15T16:17:06,collaborator
U0752,U0753,2023-03-15T19:42:13,collaborator
U0651,U1337,2023-03-15T22:05:46,acquaintance
U1213,U1214,2023-03-15T23:00:02,collaborator
U0081,U0082,2023-03-16T02:24:39,acquaintance
U1190,U1193,2023-03-16T03:27:18,acquaintance
U0849,U0850,2023-03-16T07:35:52,collaborator
U0899,U0901,2023-03-16T08:15:25,colleague
U0607,U1299,2023-03-16T10:20:34,acquaintance
U0768,U0770,2023-03-16T10:45:51,collaborator
U0718,U0719,2023-03-16T15:52:14,collaborator
U0683,U1366,2023-03-16T21:41:42,collaborator
U0705,U1395,2023-03-16T23:11:36,collaborator
U1131,U1132,2023-03-17T01:40:47,collaborator
U0043,U0755,2023-03-17T01:46:17,acquaintance
U0324,U0327,2023-03-17T02:27:45,collaborator
U0499,U1200,2023-03-17T03:48:41,collaborator
U0807,U0811,2023-03-17T04:17:04,colleague
U0853,U0855,2023-03-17T05:48:54,acquaintance
U0877,U0878,2023-03-17T05:57:05,collaborator
U0537,U1237,2023-03-17T06:25:50,collaborator
U0304,U0305,2023-03-17T07:23:10,colleague
U0962,U0964,2023-03-17T07:25:55,collaborator
U0309,U1015,2023-03-17T07:43:28,collaborator
U1085,U1090,2023-03-17T17:45:56,collaborator
U0481,U0483,2023-03-17T18:18:06,collaborator
U0311,U1017,2023-03-17T18:28:09,collaborator
U0478,U0480,2023-03-17T19:30:21,collaborator
U0705,U0707,2023-03-17T19:57:32,collaborator
U1361,U1362,2023-03-17T20:33:25,acquaintance
U0615,U1304,2023-03-17T20:48:54,collaborator
U0970,U0971,2023-03-17T22:32:24,colleague
U0943,U0945,2023-03-17T23:23:30,acquaintance
U0026,U0741,2023-03-18T00:04:14,collaborator
U0145,U0147,2023-03-18T01:24:42,acquaintance
U0881,U0883,2023-03-18T03:24:09,colleague
U1254,U1255,2023-03-18T05:44:50,collaborator
U0181,U0183,2023-03-18T06:38:36,collaborator
U1395,U1397,2023-03-18T19:41:15,collaborator
U0905,U0906,2023-03-19T01:43:22,acquaintance
U0782,U0784,2023-03-19T05:58:51,acquaintance
U0656,U1341,2023-03-19T14:21:59,acquaintance
U0934,U0936,2023-03-19T15:08:53,collaborator
U0056,U0770,2023-03-19T15:50:37,acquaintance
U0320,U1025,2023-03-19T16:00:04,acquaintance
U0959,U0961,2023-03-19T16:12:27,acquaintance
U0049,U0761,2023-03-19T18:08:47,collaborator
U0076,U0791,2023-03-19T20:08:09,collaborator
U0495,U1198,2023-03-20T05:02:55,collaborator
U0087,U0088,2023-03-20T05:16:33,collaborator
U0476,U0478,2023-03-20T08:19:42,collaborator
U0032,U0746,2023-03-20T10:09:34,acquaintance
U1111,U1115,2023-03-20T10:44:23,colleague
U1045,U1047,2023-03-20T14:46:30,collaborator
U0502,U0505,2023-03-20T17:51:48,collaborator
U0827,U0828,2023-03-20T21:13:02,colleague
U0199,U0200,2023-03-20T21:55:39,collaborator
U0003,U0004,2023-03-20T23:45:59,colleague
U1338,U1339,2023-03-21T00:25:36,acquaintance
U1117,U1118,2023-03-21T01:38:31,acquaintance
U0704,U1393,2023-03-21T07:24:54,acquaintance
U0191,U0193,2023-03-21T07:54:49,collaborator
U1018,U1019,2023-03-21T09:48:10,collaborator
U0057,U0771,2023-03-21T17:54:46,acquaintance
U0904,U0905,2023-03-21T21:52:49,colleague
U0874,U0875,2023-03-21T23:15:18,collaborator
U1206,U1208,2023-03-21T23:55:04,acquaintance
U1058,U1059,2023-03-22T09:55:02,acquaintance
U0111,U0112,2023-03-22T11:05:16,colleague
U0220,U0221,2023-03-22T13:47:14,colleague
U0687,U0690,2023-03-22T15:47:48,collaborator
U0045,U0046,2023-03-22T17:04:59,colleague
U0399,U0403,2023-03-22T20:36:41,collaborator
U0068,U0070,2023-03-23T00:53:46,acquaintance
U0024,U0026,2023-03-23T01:07:22,acquaintance
U1078,U1080,2023-03-23T06:15:35,collaborator
U0182,U0893,2023-03-23T06:29:41,collaborator
U0681,U0683,2023-03-23T06:52:29,collaborator
U0205,U0207,2023-03-23T08:55:05,collaborator
U1266,U1267,2023-03-23T08:59:56,collaborator
U0922,U0925,2023-03-23T11:29:09,acquaintance
U0662,U0663,2023-03-23T12:24:20,collaborator
U0163,U0164,2023-03-23T12:54:13,colleague
U1220,U1221,2023-03-23T14:05:25,collaborator
U1356,U1357,2023-03-23T17:38:30,collaborator
U0471,U1175,2023-03-23T18:09:27,colleague
U0030,U0744,2023-03-23T19:21:08,collaborator
U0122,U0124,2023-03-23T22:09:34,colleague
U1350,U1352,2023-03-23T22:46:12,collaborator
U0802,U0804,2023-03-23T23:35:15,acquaintance
U0141,U0852,2023-03-24T06:17:45,acquaintance
U0414,U0417,2023-03-24T10:14:14,collaborator
U1264,U1266,2023-03-24T14:54:53,collaborator
U1125,U1126,2023-03-24T16:12:40,collaborator
U0504,U0505,2023-03-24T18:36:19,colleague
U0026,U0027,2023-03-24T19:16:52,acquaintance
U0443,U0446,2023-03-25T01:09:53,collaborator
U1354,U1356,2023-03-25T02:09:52,collaborator
U0887,U0888,2023-03-25T02:34:10,collaborator
U0109,U0111,2023-03-25T03:34:35,collaborator
U0424,U0425,2023-03-25T04:06:48,collaborator
U0565,U0567,2023-03-25T07:52:44,collaborator
U1328,U1331,2023-03-25T10:33:06,colleague
U0766,U0768,2023-03-25T10:39:39,acquaintance
U0556,U0561,2023-03-25T11:47:37,collaborator
U0668,U1354,2023-03-25T13:00:23,colleague
U1101,U1103,2023-03-25T13:23:21,colleague
U1048,U1049,2023-03-25T15:17:53,collaborator
U0367,U1074,2023-03-25T15:29:06,colleague
U0641,U0642,2023-03-25T17:53:44,collaborator
U0945,U0948,2023-03-25T19:32:07,collaborator
U0745,U0746,2023-03-26T04:21:52,collaborator
U0495,U0498,2023-03-26T07:37:00,collaborator
U1100,U1102,2023-03-26T09:19:40,acquaintance
U0069,U0072,2023-03-26T13:28:16,acquaintance
U0739,U0742,2023-03-26T13:45:54,collaborator
U0230,U0232,2023-03-26T15:59:46,collaborator
U0701,U0702,2023-03-26T17:53:37,collaborator
U0671,U1356,2023-03-26T18:00:13,collaborator
U0432,U0434,2023-03-26T20:36:39,collaborator
U1108,U1109,2023-03-27T03:05:25,colleague
U0458,U0460,2023-03-27T06:13:27,collaborator
U0114,U0116,2023-03-27T07:53:30,acquaintance
U0220,U0222,2023-03-27T09:55:13,colleague
U1210,U1211,2023-03-27T14:24:19,collaborator
U0235,U0947,2023-03-27T20:24:18,collaborator
U0571,U0574,2023-03-28T03:50:18,collaborator
U0993,U0994,2023-03-28T11:29:30,collaborator
U0952,U0954,2023-03-28T15:43:03,colleague
U0636,U0637,2023-03-28T16:24:36,collaborator
U0103,U0818,2023-03-28T17:44:00,collaborator
U0265,U0973,2023-03-28T19:20:29,colleague
U0304,U1012,2023-03-28T19:32:53,acquaintance
U1256,U1257,2023-03-28T22:25:46,collaborator
U0703,U0704,2023-03-28T22:41:26,colleague
U0250,U0251,2023-03-28T23:13:18,colleague
U0370,U1076,2023-04-01T01:28:24,colleague
U0143,U0145,2023-04-01T02:27:15,collaborator
U0356,U0357,2023-04-01T02:33:39,colleague
U0108,U0109,2023-04-01T04:10:46,collaborator
U1186,U1188,2023-04-01T04:51:23,collaborator
U1025,U1028,2023-04-01T08:45:27,acquaintance
U0429,U0430,2023-04-01T13:43:06,collaborator
U0177,U0179,2023-04-01T15:47:25,collaborator
U0802,U0803,2023-04-01T16:45:55,colleague
U0227,U0230,2023-04-01T18:58:50,acquaintance
U0785,U0790,2023-04-01T19:21:52,collaborator
U0858,U0859,2023-04-01T20:10:54,collaborator
U0570,U0573,2023-04-01T21:38:28,colleague
U0838,U0841,2023-04-01T23:52:15,collaborator
U0141,U0142,2023-04-02T01:44:27,collaborator
U1259,U1261,2023-04-02T02:40:28,acquaintance
U0823,U0825,2023-04-02T03:46:36,collaborator
U0972,U0974,2023-04-02T07:21:59,collaborator
U0704,U0706,2023-04-02T08:52:46,acquaintance
U0167,U0169,2023-04-02T10:20:03,collaborator
U0826,U0827,2023-04-02T15:13:29,acquaintance
U0414,U0415,2023-04-02T15:30:36,colleague
U0095,U0097,2023-04-02T15:38:25,colleague
U0334,U0335,2023-04-02T16:12:12,collaborator
U0116,U0831,2023-04-02T20:33:08,acquaintance
U0376,U0380,2023-04-02T20:41:33,acquaintance
U1069,U1070,2023-04-03T00:26:59,collaborator
U0689,U0691,2023-04-03T03:54:58,collaborator
U0635,U1322,2023-04-03T05:14:36,colleague
U1149,U1151,2023-04-03T06:14:58,collaborator
U0699,U0701,2023-04-03T08:12:20,colleague
U0128,U0842,2023-04-03T08:20:48,collaborator
U0427,U1136,2023-04-03T08:26:04,collaborator
U0106,U0108,2023-04-03T14:31:52,collaborator
U1204,U1206,2023-04-03T19:12:16,collaborator
U0317,U1022,2023-04-03T21:53:09,collaborator
U0477,U0479,2023-04-03T22:05:14,collaborator
U0582,U1277,2023-04-04T00:58:25,collaborator
U0795,U0796,2023-04-04T02:31:33,collaborator
U1303,U1304,2023-04-04T05:32:45,acquaintance
U0856,U0857,2023-04-04T05:46:33,colleague
U0438,U0439,2023-04-04T09:47:35,acquaintance
U0050,U0051,2023-04-04T17:46:33,collaborator
U0414,U1124,2023-04-04T20:12:44,acquaintance
U1022,U1024,2023-04-04T22:07:07,collaborator
U1151,U1154,2023-04-05T00:29:08,acquaintance
U0651,U0652,2023-04-05T02:49:41,acquaintance
U0793,U0795,2023-04-05T03:23:37,collaborator
U1295,U1297,2023-04-05T12:45:06,collaborator
U0360,U0361,2023-04-05T12:55:47,collaborator
U0456,U0457,2023-04-05T13:14:07,collaborator
U1238,U1239,2023-04-05T13:46:17,collaborator
U1170,U1171,2023-04-05T14:24:43,colleague
U0008,U0011,2023-04-05T15:06:43,acquaintance
U0573,U1269,2023-04-05T16:19:42,collaborator
U0148,U0150,2023-04-05T16:55:33,colleague
U0144,U0146,2023-04-05T19:58:27,collaborator
U0728,U0729,2023-04-05T22:21:29,colleague
U0771,U0773,2023-04-05T23:37:47,collaborator
U0891,U0893,2023-04-06T03:15:48,collaborator
U1186,U1187,2023-04-06T04:13:42,collaborator
U1040,U1042,2023-04-06T04:29:53,acquaintance
U1271,U1273,2023-04-06T09:26:34,collaborator
U0026,U0028,2023-04-06T09:35:36,collaborator
U0607,U0610,2023-04-06T14:23:58,acquaintance
U0223,U0936,2023-04-06T15:10:57,colleague
U0295,U1005,2023-04-06T15:47:41,collaborator
U0985,U0987,2023-04-06T18:33:46,collaborator
U0299,U1007,2023-04-07T03:08:32,acquaintance
U0566,U1262,2023-04-07T04:41:28,acquaintance
U0432,U0433,2023-04-07T09:21:33,collaborator
U0201,U0202,2023-04-07T10:19:34,collaborator
U1230,U1232,2023-04-07T11:10:06,collaborator
U0774,U0776,2023-04-07T12:54:49,colleague
U0472,U0474,2023-04-07T15:13:24,collaborator
U0764,U0768,2023-04-07T18:43:17,collaborator
U0957,U0959,2023-04-07T21:25:06,collaborator
U0196,U0198,2023-04-08T04:57:38,acquaintance
U0660,U0662,2023-04-08T07:38:48,collaborator
U0903,U0904,2023-04-08T07:46:36,collaborator
U0702,U1390,2023-04-08T13:03:13,collaborator
U0818,U0819,2023-04-08T13:47:56,collaborator
U0987,U0989,2023-04-08T13:54:38,collaborator
U0998,U1002,2023-04-08T15:09:53,colleague
U1042,U1045,2023-04-08T20:13:15,acquaintance
U0551,U1251,2023-04-08T23:20:56,colleague
U0692,U0694,2023-04-09T01:03:57,acquaintance
U0474,U1179,2023-04-09T02:11:30,collaborator
U0080,U0082,2023-04-09T02:30:07,collaborator
U0173,U0175,2023-04-09T02:52:45,colleague
U0267,U0270,2023-04-09T03:58:03,collaborator
U0810,U0811,2023-04-09T10:16:01,collaborator
U0205,U0208,2023-04-09T13:30:03,collaborator
U0464,U0465,2023-04-09T14:15:41,collaborator
U1285,U1287,2023-04-09T17:11:05,acquaintance
U0514,U1213,2023-04-09T22:52:42,colleague
U1192,U1194,2023-04-10T00:14:49,collaborator
U0443,U0444,2023-04-10T04:21:52,collaborator
U0523,U0525,2023-04-10T12:01:07,acquaintance
U0392,U0394,2023-04-10T14:11:04,collaborator
U0019,U0021,2023-04-10T18:06:27,collaborator
U0085,U0086,2023-04-10T19:04:57,acquaintance
U0153,U0155,2023-04-10T19:48:52,colleague
U0154,U0155,2023-04-10T23:58:33,collaborator
U0673,U0675,2023-04-11T08:30:43,acquaintance
U1348,U1350,2023-04-11T11:06:12,collaborator
U0437,U0439,2023-04-11T21:45:04,collaborator
U0709,U0710,2023-04-11T22:56:46,colleague
U0216,U0220,2023-04-11T23:27:02,acquaintance
U0195,U0907,2023-04-12T03:09:16,acquaintance
U1284,U1285,2023-04-12T03:16:08,collaborator
U0220,U0932,2023-04-12T03:25:08,collaborator
U0913,U0915,2023-04-12T04:54:08,collaborator
U0894,U0897,2023-04-12T07:22:23,collaborator
U1129,U1131,2023-04-12T09:28:16,acquaintance
U1157,U1159,2023-04-12T09:42:05,acquaintance
U0197,U0909,2023-04-12T11:35:11,acquaintance
U1308,U1309,2023-04-12T14:50:14,colleague
U1322,U1323,2023-04-12T18:25:38,collaborator
U0001,U1404,2023-04-12T22:13:24,acquaintance
U0240,U0241,2023-04-13T04:30:57,collaborator
U0413,U0415,2023-04-13T09:55:55,acquaintance
U0945,U0947,2023-04-13T13:35:35,acquaintance
U0577,U1273,2023-04-13T14:53:46,collaborator
U0967,U0968,2023-04-13T21:06:22,colleague
U1012,U1013,2023-04-13T23:16:36,colleague
U0830,U0832,2023-04-14T00:33:16,collaborator
U0248,U0250,2023-04-14T02:32:39,collaborator
U0434,U0437,2023-04-14T05:56:53,colleague
U1308,U1310,2023-04-14T06:39:04,collaborator
U0335,U1042,2023-04-14T06:48:00,acquaintance
U1029,U1033,2023-04-14T07:23:25,collaborator
U0431,U0432,2023-04-14T07:32:25,collaborator
U0095,U0812,2023-04-14T09:40:01,colleague
U0579,U0581,2023-04-14T13:26:19,collaborator
U0563,U0565,2023-04-14T13:56:01,collaborator
U0689,U1372,2023-04-14T14:29:42,acquaintance
U0600,U0603,2023-04-14T14:33:38,collaborator
U0731,U0733,2023-04-14T15:34:46,collaborator
U0394,U0395,2023-04-14T17:53:12,acquaintance
U0159,U0871,2023-04-14T21:02:14,acquaintance
U0523,U0524,2023-04-14T21:43:41,colleague
U0719,U0723,2023-04-14T22:19:03,collaborator
U0124,U0127,2023-04-14T22:19:16,collaborator
U0543,U1244,2023-04-15T02:14:19,collaborator
U0787,U0790,2023-04-15T03:04:37,colleague
U0581,U0583,2023-04-15T06:43:19,acquaintance
U0942,U0944,2023-04-15T07:02:46,collaborator
U0747,U0749,2023-04-15T08:05:35,colleague
U0536,U0538,2023-04-15T08:54:52,acquaintance
U0001,U0714,2023-04-15T10:12:55,collaborator
U0529,U0530,2023-04-15T12:02:39,acquaintance
U0173,U0883,2023-04-15T16:20:48,collaborator
U0536,U0537,2023-04-15T17:25:05,acquaintance
U0432,U1141,2023-04-16T00:08:30,collaborator
U0092,U0807,2023-04-16T00:11:39,acquaintance
U0666,U0667,2023-04-16T00:35:43,collaborator
U0706,U1396,2023-04-16T05:29:52,acquaintance
U0053,U0054,2023-04-16T08:25:59,colleague
U0562,U1258,2023-04-16T09:19:04,colleague
U0712,U0713,2023-04-16T09:44:14,colleague
U0807,U0810,2023-04-16T10:23:15,collaborator
U0190,U0901,2023-04-16T10:34:23,colleague
U0431,U1140,2023-04-16T10:45:37,collaborator
U0321,U0323,2023-04-16T16:12:00,collaborator
U0683,U0685,2023-04-16T16:44:24,acquaintance
U1004,U1006,2023-04-16T21:04:11,collaborator
U0594,U0597,2023-04-16T21:14:57,colleague
U1003,U1005,2023-04-17T00:16:27,colleague
U0458,U1162,2023-04-17T00:58:13,acquaintance
U0030,U0032,2023-04-17T01:42:20,collaborator
U0478,U1183,2023-04-17T21:26:39,collaborator
U1094,U1095,2023-04-17T21:28:21,colleague
U1262,U1265,2023-04-17T22:30:48,collaborator
U0916,U0918,2023-04-18T05:26:57,acquaintance
U0481,U1186,2023-04-18T06:54:06,colleague
U1332,U1335,2023-04-18T14:18:53,colleague
U0169,U0878,2023-04-18T14:39:24,collaborator
U0051,U0053,2023-04-18T17:00:21,collaborator
U0506,U0508,2023-04-18T19:34:14,collaborator
U0480,U0481,2023-04-18T20:19:30,colleague
U0034,U0036,2023-04-18T20:38:28,collaborator
U0208,U0210,2023-04-18T22:14:45,collaborator
U1214,U1216,2023-04-18T23:40:43,collaborator
U1160,U1161,2023-04-19T03:04:12,collaborator
U0987,U0988,2023-04-19T04:27:56,colleague
U0636,U1323,2023-04-19T05:15:39,collaborator
U1051,U1053,2023-04-19T10:50:52,collaborator
U0210,U0214,2023-04-19T12:43:40,collaborator
U0695,U0696,2023-04-19T14:20:17,collaborator
U0712,U1403,2023-04-19T14:43:38,collaborator
U0855,U0856,2023-04-19T18:44:59,collaborator
U0247,U0248,2023-04-19T20:39:58,collaborator
U1257,U1259,2023-04-19T22:16:38,colleague
U0554,U0556,2023-04-20T01:29:40,colleague
U0691,U1375,2023-04-20T02:37:25,collaborator
U0070,U0072,2023-04-20T04:18:31,collaborator
U0161,U0872,2023-04-20T04:23:04,acquaintance
U1115,U1118,2023-04-20T05:40:48,acquaintance
U0032,U0034,2023-04-20T05:49:36,colleague
U1221,U1223,2023-04-20T07:39:37,collaborator
U0233,U0235,2023-04-20T16:22:57,collaborator
U1230,U1231,2023-04-20T18:36:46,colleague
U0337,U0340,2023-04-20T21:43:42,colleague
U1334,U1336,2023-04-20T22:52:10,collaborator
U0976,U0979,2023-04-20T23:39:44,acquaintance
U0664,U1350,2023-04-21T00:22:54,collaborator
U1246,U1247,2023-04-21T02:21:16,collaborator
U0517,U1216,2023-04-21T02:54:29,collaborator
U0064,U0065,2023-04-21T04:32:08,collaborator
U0276,U0278,2023-04-21T04:51:29,collaborator
U0036,U0039,2023-04-21T06:50:52,collaborator
U0418,U1127,2023-04-21T09:33:51,collaborator
U0668,U0671,2023-04-21T14:38:50,collaborator
U0214,U0215,2023-04-21T14:43:00,collaborator
U0957,U0958,2023-04-21T19:38:47,collaborator
U0286,U0287,2023-04-21T23:34:53,acquaintance
U0364,U1072,2023-04-22T07:47:05,acquaintance
U1039,U1040,2023-04-22T08:43:00,collaborator
U0845,U0847,2023-04-22T09:04:26,acquaintance
U0098,U0101,2023-04-22T11:44:01,colleague
U0668,U0670,2023-04-22T11:53:53,collaborator
U0594,U0596,2023-04-22T12:13:15,acquaintance
U0437,U0438,2023-04-22T12:40:03,collaborator
U1401,U1402,2023-04-22T17:37:22,colleague
U0803,U0805,2023-04-22T17:39:39,colleague
U0321,U1026,2023-04-22T20:32:51,collaborator
U0611,U1302,2023-04-22T23:25:32,collaborator
U0567,U0569,2023-04-23T00:42:46,acquaintance
U0396,U0399,2023-04-23T01:48:28,colleague
U1268,U1270,2023-04-23T08:21:24,collaborator
U0079,U0081,2023-04-23T15:44:01,collaborator
U0997,U1000,2023-04-23T16:12:26,collaborator
U0207,U0920,2023-04-23T22:28:56,collaborator
U0234,U0236,2023-04-24T00:09:09,acquaintance
U0600,U1293,2023-04-24T04:38:14,acquaintance
U0286,U0288,2023-04-24T04:41:21,collaborator
U0841,U0842,2023-04-24T04:43:34,collaborator
U0361,U1069,2023-04-24T18:34:10,colleague
U0177,U0887,2023-04-24T22:26:12,collaborator
U0109,U0110,2023-04-25T02:52:38,collaborator
U1164,U1165,2023-04-25T05:35:11,collaborator
U0519,U1218,2023-04-25T08:47:42,collaborator
U0790,U0792,2023-04-25T10:00:57,collaborator
U0358,U0360,2023-04-25T11:25:43,collaborator
U1188,U1190,2023-04-25T12:02:43,collaborator
U0485,U0487,2023-04-25T16:32:16,collaborator
U0264,U0972,2023-04-25T17:33:46,collaborator
U0554,U0559,2023-04-25T21:38:38,colleague
U1316,U1317,2023-04-26T01:46:23,acquaintance
U0042,U0753,2023-04-26T01:48:15,colleague
U0408,U1117,2023-04-26T01:53:07,acquaintance
U0857,U0859,2023-04-26T01:57:30,acquaintance
U0586,U1280,2023-04-26T02:27:53,collaborator
U0258,U0967,2023-04-26T03:48:34,acquaintance
U0981,U0985,2023-04-26T06:20:24,colleague
U1238,U1240,2023-04-26T07:26:20,colleague
U0554,U1254,2023-04-26T11:04:20,collaborator
U0565,U0566,2023-04-26T11:14:31,collaborator
U0810,U0812,2023-04-26T13:13:56,collaborator
U1339,U1340,2023-04-26T13:29:20,collaborator
U0725,U0726,2023-04-26T14:44:14,collaborator
U1021,U1023,2023-04-26T14:55:15,collaborator
U0634,U1321,2023-04-27T06:15:14,colleague
U1167,U1168,2023-04-27T11:28:20,acquaintance
U0600,U0604,2023-04-27T11:59:04,collaborator
U0094,U0097,2023-04-27T13:46:49,collaborator
U0865,U0868,2023-04-27T14:10:18,acquaintance
U0883,U0887,2023-04-27T14:40:35,colleague
U0865,U0869,2023-04-27T20:10:42,collaborator
U1126,U1128,2023-04-27T21:05:09,collaborator
U1227,U1230,2023-04-27T21:10:33,collaborator
U0471,U0473,2023-04-28T00:08:17,collaborator
U1398,U1399,2023-04-28T00:18:32,collaborator
U0505,U0507,2023-04-28T04:11:23,colleague
U0969,U0971,2023-04-28T07:17:12,colleague
U1369,U1371,2023-04-28T07:59:01,collaborator
U1249,U1250,2023-04-28T08:16:37,collaborator
U0508,U0509,2023-04-28T10:38:44,acquaintance
U0113,U0828,2023-04-28T10:48:23,collaborator
U0955,U0956,2023-04-28T10:55:59,colleague
U1140,U1142,2023-04-28T11:02:50,colleague
U0039,U0750,2023-04-28T13:32:58,collaborator
U0531,U0532,2023-04-28T14:58:53,acquaintance
U0492,U0493,2023-05-01T08:20:11,collaborator
U0273,U0981,2023-05-01T12:01:29,acquaintance
U0062,U0774,2023-05-01T13:23:20,collaborator
U0091,U0092,2023-05-01T20:42:39,collaborator
U0364,U0367,2023-05-01T20:56:19,collaborator
U0653,U1339,2023-05-02T03:14:36,acquaintance
U0065,U0068,2023-05-02T07:50:48,collaborator
U0422,U0423,2023-05-02T07:55:01,acquaintance
U0469,U0470,2023-05-02T12:11:46,colleague
U0397,U0401,2023-05-02T12:16:05,collaborator
U0415,U0418,2023-05-02T18:46:52,collaborator
U1379,U1381,2023-05-02T22:26:40,collaborator
U1169,U1170,2023-05-03T00:37:22,acquaintance
U1305,U1306,2023-05-03T03:54:05,acquaintance
U0763,U0764,2023-05-03T07:39:04,acquaintance
U1399,U1402,2023-05-03T10:23:44,collaborator
U0172,U0175,2023-05-03T11:06:14,colleague
U0367,U0369,2023-05-03T11:21:38,colleague
U0589,U1283,2023-05-03T11:48:49,colleague
U1094,U1096,2023-05-03T18:00:47,acquaintance
U0285,U0286,2023-05-03T23:32:35,collaborator
U0527,U0530,2023-05-04T00:14:06,collaborator
U0517,U0518,2023-05-04T02:16:23,collaborator
U0225,U0229,2023-05-04T14:12:12,collaborator
U0142,U0143,2023-05-04T18:00:26,collaborator
U0604,U0606,2023-05-04T19:31:31,collaborator
U0415,U0417,2023-05-04T19:48:46,collaborator
U0046,U0047,2023-05-04T20:24:43,collaborator
U0599,U1292,2023-05-04T21:16:21,acquaintance
U0163,U0166,2023-05-05T06:02:12,collaborator
U0271,U0979,2023-05-05T06:43:30,acquaintance
U0859,U0862,2023-05-05T07:33:37,collaborator
U0652,U1338,2023-05-05T07:47:35,acquaintance
U0333,U0334,2023-05-05T12:08:45,colleague
U0774,U0778,2023-05-05T23:00:10,collaborator
U1235,U1237,2023-05-05T23:27:49,collaborator
U0383,U0385,2023-05-06T01:00:22,collaborator
U0242,U0244,2023-05-06T03:04:18,collaborator
U0712,U0714,2023-05-06T05:30:12,acquaintance
U0108,U0823,2023-05-06T07:49:41,acquaintance
U0157,U0161,2023-05-06T08:29:37,collaborator
U1098,U1100,2023-05-06T10:11:31,collaborator
U0329,U0331,2023-05-06T12:59:17,collaborator
U0821,U0823,2023-05-06T14:56:24,collaborator
U0180,U0181,2023-05-06T15:36:32,collaborator
U0507,U0509,2023-05-06T16:39:54,acquaintance
U0888,U0890,2023-05-06T17:54:00,acquaintance
U0360,U0362,2023-05-06T18:05:06,collaborator
U0376,U1084,2023-05-06T19:03:00,collaborator
U0949,U0951,2023-05-06T23:26:36,collaborator
U0393,U1101,2023-05-06T23:35:02,acquaintance
U1028,U1031,2023-05-07T00:39:17,collaborator
U1163,U1164,2023-05-07T04:40:59,collaborator
U0190,U0191,2023-05-07T06:39:03,collaborator
U1143,U1146,2023-05-07T12:14:25,collaborator
U0982,U0986,2023-05-07T18:43:19,colleague
U0315,U0317,2023-05-07T19:32:56,colleague
U1059,U1061,2023-05-07T21:04:51,colleague
U0779,U0781,2023-05-07T21:06:23,acquaintance
U0447,U0452,2023-05-07T21:28:53,colleague
U1074,U1076,2023-05-07T23:05:16,collaborator
U0898,U0899,2023-05-08T04:41:54,colleague
U0684,U0686,2023-05-08T09:28:40,acquaintance
U1020,U1022,2023-05-08T10:03:57,acquaintance
U0351,U0354,2023-05-08T13:18:31,colleague
U1245,U1247,2023-05-08T13:28:23,colleague
U0362,U0363,2023-05-08T14:04:25,collaborator
U0011,U0013,2023-05-08T14:41:16,colleague
U0192,U0194,2023-05-08T15:31:25,acquaintance
U0702,U0703,2023-05-08T20:52:34,acquaintance
U0401,U0404,2023-05-08T22:48:05,collaborator
U0546,U0549,2023-05-08T23:30:21,collaborator
U0505,U1205,2023-05-08T23:50:12,colleague
U0465,U1169,2023-05-09T04:06:35,collaborator
U0434,U0438,2023-05-09T04:10:05,collaborator
U0363,U0366,2023-05-09T04:24:00,acquaintance
U0552,U0554,2023-05-09T04:30:34,colleague
U0467,U1170,2023-05-09T05:52:09,colleague
U1143,U1145,2023-05-09T06:35:32,acquaintance
U1390,U1393,2023-05-09T08:23:16,collaborator
U1134,U1136,2023-05-09T09:33:25,acquaintance
U1271,U1272,2023-05-09T10:09:01,acquaintance
U0592,U0593,2023-05-09T10:36:15,collaborator
U0463,U1167,2023-05-09T12:38:04,collaborator
U0781,U0782,2023-05-09T19:55:52,colleague
U1341,U1343,2023-05-09T20:12:02,collaborator
U0355,U1061,2023-05-09T21:45:23,collaborator
U0333,U1039,2023-05-09T22:50:50,acquaintance
U0272,U0980,2023-05-10T00:38:01,collaborator
U0072,U0074,2023-05-10T02:23:28,colleague
U0439,U0442,2023-05-10T02:30:03,acquaintance
U0032,U0035,2023-05-10T03:03:18,acquaintance
U0208,U0921,2023-05-10T07:51:14,collaborator
U0238,U0239,2023-05-10T09:01:00,acquaintance
U0894,U0898,2023-05-10T09:31:31,collaborator
U0526,U1226,2023-05-10T10:03:13,colleague
U0113,U0115,2023-05-10T10:45:21,colleague
U1162,U1164,2023-05-10T13:54:09,acquaintance
U0947,U0948,2023-05-10T14:22:58,colleague
U0799,U0801,2023-05-10T17:31:38,collaborator
U1338,U1340,2023-05-11T01:56:02,acquaintance
U0237,U0238,2023-05-11T03:44:13,collaborator
U0592,U0594,2023-05-11T07:48:02,acquaintance
U0344,U0345,2023-05-11T13:32:44,collaborator
U0108,U0110,2023-05-11T18:04:22,collaborator
U0021,U0733,2023-05-12T00:43:04,collaborator
U1336,U1337,2023-05-12T01:59:11,colleague
U0335,U0336,2023-05-12T02:33:20,collaborator
U1253,U1254,2023-05-12T02:54:52,colleague
U0726,U0727,2023-05-12T04:51:31,acquaintance
U1382,U1384,2023-05-12T07:55:12,colleague
U1124,U1125,2023-05-12T08:39:37,collaborator
U0750,U0752,2023-05-12T12:58:35,acquaintance
U0212,U0925,2023-05-12T16:42:15,collaborator
U0451,U0453,2023-05-12T18:30:00,colleague
U0018,U0021,2023-05-12T20:32:38,collaborator
U1297,U1299,2023-05-12T21:36:57,collaborator
U0624,U0625,2023-05-12T22:26:44,collaborator
U0028,U0743,2023-05-12T23:56:05,collaborator
U0167,U0876,2023-05-13T00:55:18,collaborator
U0193,U0905,2023-05-13T02:38:00,colleague
U0942,U0943,2023-05-13T03:42:24,collaborator
U0204,U0918,2023-05-13T04:20:39,collaborator
U0571,U1268,2023-05-13T05:50:09,colleague
U1072,U1074,2023-05-13T09:02:55,colleague
U1052,U1054,2023-05-13T09:47:53,acquaintance
U0650,U0651,2023-05-13T09:51:04,collaborator
U0565,U1261,2023-05-13T18:01:33,collaborator
U0498,U0499,2023-05-13T23:36:45,collaborator
U0456,U0458,2023-05-14T04:00:04,colleague
U0939,U0941,2023-05-14T04:24:36,collaborator
U0013,U0015,2023-05-14T04:38:42,colleague
U1121,U1123,2023-05-14T05:48:45,acquaintance
U0177,U0178,2023-05-14T09:42:23,collaborator
U0974,U0976,2023-05-14T13:10:49,acquaintance
U0701,U0703,2023-05-14T17:27:56,acquaintance
U1334,U1335,2023-05-14T23:27:54,collaborator
U0509,U0510,2023-05-15T02:28:39,colleague
U0207,U0209,2023-05-15T04:27:10,colleague
U0932,U0934,2023-05-15T12:43:26,collaborator
U0624,U0626,2023-05-15T13:11:13,acquaintance
U0411,U0412,2023-05-15T14:18:18,collaborator
U0591,U1284,2023-05-15T14:38:14,collaborator
U0144,U0145,2023-05-15T17:21:30,acquaintance
U1118,U1120,2023-05-15T21:42:13,collaborator
U0475,U0477,2023-05-16T01:17:17,colleague
U0229,U0230,2023-05-16T02:23:45,acquaintance
U0517,U0519,2023-05-16T15:43:26,collaborator
U0370,U0372,2023-05-16T16:48:03,collaborator
U0785,U0787,2023-05-16T19:38:17,collaborator
U1135,U1136,2023-05-16T23:41:24,collaborator
U0593,U0594,2023-05-17T00:54:21,collaborator
U0375,U0380,2023-05-17T09:42:11,acquaintance
U0447,U1152,2023-05-17T14:38:37,collaborator
U0146,U0857,2023-05-17T18:21:29,acquaintance
U0828,U0829,2023-05-17T22:28:49,colleague
U1137,U1139,2023-05-17T23:37:11,colleague
U0633,U0635,2023-05-18T04:22:43,acquaintance
U0119,U0123,2023-05-18T06:16:33,collaborator
U0871,U0872,2023-05-18T06:59:03,collaborator
U0430,U1139,2023-05-18T07:34:18,collaborator
U1382,U1383,2023-05-18T15:11:06,collaborator
U0007,U0008,2023-05-18T16:24:32,collaborator
U0135,U0136,2023-05-18T19:11:52,collaborator
U0460,U0461,2023-05-18T21:51:07,colleague
U0267,U0269,2023-05-19T01:58:53,collaborator
U0699,U1387,2023-05-19T05:47:08,collaborator
U0116,U0118,2023-05-19T05:57:25,collaborator
U0053,U0766,2023-05-19T06:08:24,collaborator
U0659,U0661,2023-05-19T13:09:15,collaborator
U0142,U0144,2023-05-19T13:34:53,acquaintance
U1235,U1236,2023-05-19T15:51:33,colleague
U0732,U0733,2023-05-19T18:31:43,collaborator
U0238,U0240,2023-05-19T21:54:16,acquaintance
U0392,U0393,2023-05-19T23:37:31,collaborator
U0481,U0482,2023-05-20T01:15:40,collaborator
U0452,U0453,2023-05-20T03:17:53,acquaintance
U0575,U0576,2023-05-20T03:18:33,collaborator
U0568,U0569,2023-05-20T04:32:27,collaborator
U0112,U0114,2023-05-20T04:40:47,collaborator
U0427,U0428,2023-05-20T05:51:36,collaborator
U0245,U0247,2023-05-20T09:17:14,acquaintance
U0727,U0728,2023-05-20T10:01:52,acquaintance
U0385,U0387,2023-05-20T10:51:37,colleague
U0104,U0105,2023-05-20T11:06:31,collaborator
U0236,U0948,2023-05-20T12:28:17,collaborator
U0321,U0322,2023-05-20T15:29:35,acquaintance
U0846,U0848,2023-05-20T20:47:33,acquaintance
U1047,U1048,2023-05-21T00:08:20,colleague
U0692,U1376,2023-05-21T00:10:32,colleague
U0695,U0697,2023-05-21T00:58:27,collaborator
U0706,U0707,2023-05-21T08:28:17,colleague
U0286,U0993,2023-05-21T10:50:35,collaborator
U0989,U0991,2023-05-21T11:44:27,acquaintance
U0004,U0007,2023-05-21T11:59:18,colleague
U0322,U0323,2023-05-21T12:00:16,acquaintance
U0890,U0892,2023-05-21T13:29:06,acquaintance
U0276,U0986,2023-05-21T16:15:04,collaborator
U0882,U0886,2023-05-21T18:55:03,collaborator
U1084,U1085,2023-05-21T20:46:04,colleague
U0474,U0476,2023-05-21T23:03:58,collaborator
U0001,U0003,2023-05-22T04:22:52,collaborator
U0820,U0821,2023-05-22T11:36:49,colleague
U0295,U0299,2023-05-22T11:48:27,collaborator
U0016,U0729,2023-05-22T13:37:21,collaborator
U0493,U1197,2023-05-22T15:18:14,colleague
U0696,U1383,2023-05-22T19:13:38,acquaintance
U0074,U0787,2023-05-22T19:23:37,colleague
U0482,U1187,2023-05-23T02:30:43,acquaintance
U0515,U0516,2023-05-23T03:11:45,acquaintance
U1146,U1147,2023-05-23T03:37:58,collaborator
U1389,U1390,2023-05-23T04:44:43,collaborator
U0646,U0648,2023-05-23T08:00:11,collaborator
U0844,U0846,2023-05-23T10:42:28,collaborator
U0661,U0662,2023-05-23T13:16:42,collaborator
U0003,U0006,2023-05-23T13:28:37,colleague
U0515,U1214,2023-05-23T19:09:57,collaborator
U0928,U0929,2023-05-23T20:02:24,collaborator
U0674,U1359,2023-05-23T20:38:33,collaborator
U0302,U1010,2023-05-23T20:49:53,collaborator
U0613,U0616,2023-05-23T22:21:34,collaborator
U0488,U0491,2023-05-24T00:17:41,acquaintance
U0607,U0608,2023-05-24T05:31:39,colleague
U0580,U1275,2023-05-24T11:11:17,collaborator
U0876,U0877,2023-05-24T13:59:47,acquaintance
U1162,U1163,2023-05-24T15:55:26,acquaintance
U0433,U0437,2023-05-25T01:48:06,collaborator
U0531,U0533,2023-05-25T03:14:27,colleague
U0357,U1064,2023-05-25T05:23:45,collaborator
U1044,U1045,2023-05-25T05:35:56,collaborator
U0124,U0125,2023-05-25T11:03:28,colleague
U0151,U0862,2023-05-25T12:01:28,colleague
U0192,U0193,2023-05-25T14:41:12,acquaintance
U0427,U0429,2023-05-25T18:10:57,acquaintance
U0331,U0333,2023-05-25T18:23:50,collaborator
U0888,U0891,2023-05-25T22:59:04,collaborator
U0813,U0814,2023-05-26T00:58:25,collaborator
U0279,U0284,2023-05-26T02:40:26,colleague
U1050,U1051,2023-05-26T02:55:02,collaborator
U0185,U0897,2023-05-26T07:13:45,collaborator
U0403,U0404,2023-05-26T07:41:05,acquaintance
U1184,U1185,2023-05-26T09:02:28,acquaintance
U0329,U0330,2023-05-26T09:14:47,collaborator
U0155,U0868,2023-05-26T10:43:29,acquaintance
U0209,U0210,2023-05-26T11:07:58,collaborator
U0099,U0102,2023-05-26T12:11:31,acquaintance
U0417,U0419,2023-05-26T12:43:36,acquaintance
U1223,U1226,2023-05-26T14:52:18,collaborator
U0870,U0872,2023-05-26T16:33:50,collaborator
U0434,U1143,2023-05-26T17:03:24,collaborator
U1084,U1086,2023-05-26T17:09:24,collaborator
U1243,U1244,2023-05-26T17:29:06,collaborator
U0610,U1301,2023-05-26T18:26:59,acquaintance
U1167,U1169,2023-05-26T18:42:39,collaborator
U0215,U0218,2023-05-27T00:03:46,collaborator
U0951,U0953,2023-05-27T01:48:10,collaborator
U0262,U0263,2023-05-27T02:12:59,collaborator
U0737,U0741,2023-05-27T03:53:32,collaborator
U0272,U0273,2023-05-27T04:30:04,collaborator
U0510,U0511,2023-05-27T08:16:52,collaborator
U0135,U0846,2023-05-27T10:28:15,collaborator
U0102,U0817,2023-05-27T13:11:41,acquaintance
U0083,U0799,2023-05-27T13:55:15,collaborator
U0944,U0947,2023-05-27T16:50:15,acquaintance
U0193,U0194,2023-05-27T19:55:12,colleague
U0078,U0793,2023-05-27T23:45:56,acquaintance
U0419,U0420,2023-05-28T04:04:11,collaborator
U0016,U0018,2023-05-28T07:46:41,acquaintance
U1028,U1029,2023-05-28T08:26:17,collaborator
U0244,U0955,2023-05-28T10:06:51,collaborator
U0863,U0864,2023-05-28T12:32:35,acquaintance
U1149,U1150,2023-05-28T23:39:19,collaborator
U0166,U0167,2023-05-28T23:53:35,acquaintance
U0301,U1009,2023-06-01T02:15:32,acquaintance
U1363,U1364,2023-06-01T05:07:52,collaborator
U0525,U0526,2023-06-01T05:19:48,acquaintance
U0261,U0263,2023-06-01T07:21:30,collaborator
U0419,U0421,2023-06-01T08:19:19,colleague
U0180,U0891,2023-06-01T10:52:34,collaborator
U0036,U0040,2023-06-01T16:40:00,colleague
U0366,U0367,2023-06-01T17:43:27,collaborator
U0544,U0546,2023-06-01T21:12:50,acquaintance
U1257,U1258,2023-06-02T03:23:07,collaborator
U0605,U0607,2023-06-02T09:22:28,acquaintance
U0633,U1320,2023-06-02T10:15:53,collaborator
U0833,U0834,2023-06-02T13:46:48,collaborator
U1198,U1199,2023-06-02T21:13:46,collaborator
U0689,U0690,2023-06-03T01:38:55,collaborator
U0084,U0800,2023-06-03T01:43:40,collaborator
U0039,U0041,2023-06-03T02:46:49,acquaintance
U0124,U0838,2023-06-03T04:02:54,acquaintance
U1393,U1396,2023-06-03T05:07:59,collaborator
U0375,U0376,2023-06-03T11:03:08,collaborator
U0164,U0167,2023-06-03T13:58:32,collaborator
U1368,U1371,2023-06-03T14:47:38,colleague
U1023,U1024,2023-06-03T20:44:08,collaborator
U0106,U0821,2023-06-03T21:17:46,collaborator
U1211,U1212,2023-06-03T22:12:57,collaborator
U0075,U0076,2023-06-04T03:50:01,collaborator
U0050,U0762,2023-06-04T05:21:44,colleague
U1093,U1095,2023-06-04T14:23:57,acquaintance
U0106,U0107,2023-06-04T15:54:43,acquaintance
U0178,U0888,2023-06-04T16:40:50,acquaintance
U0271,U0272,2023-06-04T21:24:30,acquaintance
U0654,U1340,2023-06-05T01:53:20,collaborator
U1340,U1343,2023-06-05T03:31:02,collaborator
U0713,U1404,2023-06-05T07:16:39,colleague
U0864,U0868,2023-06-05T07:21:20,collaborator
U0006,U0008,2023-06-05T10:33:50,acquaintance
U0186,U0187,2023-06-05T15:52:37,collaborator
U0312,U0315,2023-06-05T16:38:31,collaborator
U1324,U1326,2023-06-05T17:44:28,collaborator
U0361,U0363,2023-06-05T18:29:35,collaborator
U0759,U0760,2023-06-05T20:31:55,collaborator
U1136,U1138,2023-06-05T22:06:07,collaborator
U0426,U0427,2023-06-05T23:27:19,collaborator
U1324,U1325,2023-06-06T00:42:31,colleague
U0256,U0965,2023-06-06T05:00:17,colleague
U1019,U1021,2023-06-06T15:31:00,collaborator
U0409,U0410,2023-06-06T17:27:45,acquaintance
U0328,U0329,2023-06-06T17:42:01,colleague
U0381,U0383,2023-06-06T21:01:55,acquaintance
U1085,U1086,2023-06-06T21:44:04,collaborator
U0868,U0869,2023-06-07T05:39:24,acquaintance
U1091,U1094,2023-06-07T19:07:41,collaborator
U1343,U1346,2023-06-07T22:57:20,acquaintance
U0665,U1351,2023-06-08T02:01:02,colleague
U0269,U0976,2023-06-08T14:21:23,acquaintance
U0287,U0288,2023-06-08T15:15:44,collaborator
U1206,U1207,2023-06-08T19:10:22,acquaintance
U0711,U0712,2023-06-08T19:41:34,acquaintance
U0093,U0095,2023-06-08T20:41:42,collaborator
U1033,U1034,2023-06-09T00:01:54,acquaintance
U1212,U1213,2023-06-09T02:18:34,collaborator
U1366,U1367,2023-06-09T03:37:23,colleague
U0443,U1149,2023-06-09T04:00:12,collaborator
U0793,U0794,2023-06-09T05:37:09,collaborator
U0318,U0320,2023-06-09T08:37:34,collaborator
U1121,U1124,2023-06-09T12:19:14,collaborator
U0353,U1059,2023-06-09T15:41:40,acquaintance
U0816,U0818,2023-06-09T20:51:03,collaborator
U1119,U1121,2023-06-09T23:49:11,collaborator
U0373,U0375,2023-06-10T00:05:43,collaborator
U1193,U1195,2023-06-10T01:38:34,collaborator
U0901,U0903,2023-06-10T04:27:43,colleague
U0620,U0622,2023-06-10T06:49:31,collaborator
U1267,U1268,2023-06-10T08:43:59,acquaintance
U0632,U0633,2023-06-10T12:09:28,collaborator
U0473,U1177,2023-06-10T14:52:22,acquaintance
U0082,U0084,2023-06-10T15:41:03,collaborator
U0485,U1190,2023-06-10T17:32:18,collaborator
U0805,U0807,2023-06-11T00:16:48,acquaintance
U0847,U0849,2023-06-11T03:08:19,collaborator
U1054,U1058,2023-06-11T07:44:25,acquaintance
U0795,U0797,2023-06-11T11:57:28,collaborator
U0755,U0756,2023-06-11T15:52:16,collaborator
U0105,U0820,2023-06-11T18:17:15,collaborator
U0113,U0114,2023-06-11T21:05:42,colleague
U1017,U1018,2023-06-12T03:35:57,collaborator
U0696,U0697,2023-06-12T05:11:07,acquaintance
U0849,U0851,2023-06-12T07:19:34,collaborator
U0082,U0797,2023-06-12T10:30:08,colleague
U0710,U0712,2023-06-12T11:22:46,acquaintance
U0769,U0770,2023-06-12T11:29:58,collaborator
U0002,U1404,2023-06-12T12:12:33,collaborator
U0266,U0269,2023-06-12T15:22:46,collaborator
U1128,U1129,2023-06-12T18:04:39,acquaintance
U1076,U1078,2023-06-12T20:06:14,collaborator
U0172,U0882,2023-06-13T00:48:28,collaborator
U0331,U0334,2023-06-13T03:07:33,collaborator
U0123,U0837,2023-06-13T17:14:18,collaborator
U1356,U1358,2023-06-13T20:52:14,collaborator
U0465,U0468,2023-06-13T22:16:21,collaborator
U0479,U0480,2023-06-14T02:20:55,collaborator
U0969,U0970,2023-06-14T03:57:42,acquaintance
U0927,U0929,2023-06-14T04:31:13,collaborator
U1329,U1332,2023-06-14T06:58:25,collaborator
U0048,U0760,2023-06-14T07:36:00,acquaintance
U0242,U0954,2023-06-15T01:34:06,acquaintance
U1286,U1288,2023-06-15T02:05:58,collaborator
U0458,U0459,2023-06-15T06:01:26,acquaintance
U1269,U1271,2023-06-15T11:51:01,collaborator
U0287,U0289,2023-06-15T12:02:47,acquaintance
U1337,U1338,2023-06-15T12:55:38,collaborator
U0492,U0495,2023-06-15T13:23:31,colleague
U0205,U0919,2023-06-15T13:32:43,collaborator
U1281,U1283,2023-06-15T21:37:27,acquaintance
U0792,U0793,2023-06-15T22:20:21,collaborator
U0542,U0543,2023-06-16T02:22:16,colleague
U0201,U0203,2023-06-16T03:35:43,acquaintance
U1392,U1393,2023-06-16T06:42:58,colleague
U1150,U1152,2023-06-16T07:35:53,collaborator
U0193,U0195,2023-06-16T10:26:50,collaborator
U0235,U0236,2023-06-16T17:31:53,colleague
U0138,U0849,2023-06-16T21:55:34,collaborator
U0350,U0351,2023-06-16T22:08:28,collaborator
U0498,U1199,2023-06-16T23:10:57,collaborator
U0744,U0746,2023-06-17T01:00:46,acquaintance
U0736,U0739,2023-06-17T08:32:45,collaborator
U1292,U1293,2023-06-17T09:23:33,collaborator
U0112,U0827,2023-06-17T10:49:30,collaborator
U0277,U0279,2023-06-17T16:35:13,collaborator
U0977,U0980,2023-06-17T23:35:15,collaborator
U0469,U0471,2023-06-18T04:39:02,collaborator
U1296,U1298,2023-06-18T04:49:47,acquaintance
U0382,U0384,2023-06-18T07:30:57,colleague
U1303,U1305,2023-06-18T08:11:39,colleague
U1183,U1184,2023-06-18T09:53:41,colleague
U0049,U0051,2023-06-18T13:40:43,colleague
U0659,U0660,2023-06-18T14:57:21,collaborator
U0485,U0488,2023-06-18T17:05:51,acquaintance
U1212,U1214,2023-06-18T19:23:52,collaborator
U0302,U0303,2023-06-18T19:42:43,collaborator
U0540,U1240,2023-06-18T20:06:18,collaborator
U1126,U1127,2023-06-18T21:24:36,collaborator
U0470,U1174,2023-06-19T00:19:08,collaborator
U1258,U1259,2023-06-19T02:43:35,collaborator
U0546,U1246,2023-06-19T03:58:14,collaborator
U1181,U1182,2023-06-19T04:03:51,collaborator
U0733,U0736,2023-06-19T06:04:42,collaborator
U1233,U1234,2023-06-19T09:53:15,collaborator
U0231,U0233,2023-06-19T11:55:53,collaborator
U0426,U1135,2023-06-19T13:58:52,collaborator
U0613,U0615,2023-06-19T16:05:34,acquaintance
U0803,U0804,2023-06-19T20:28:56,collaborator
U0185,U0187,2023-06-20T06:03:42,collaborator
U0690,U0692,2023-06-20T06:35:12,collaborator
U0078,U0079,2023-06-20T06:47:19,colleague
U0893,U0894,2023-06-20T07:05:11,colleague
U1207,U1209,2023-06-20T10:00:18,acquaintance
U0274,U0276,2023-06-20T10:21:31,collaborator
U0347,U0350,2023-06-20T12:40:58,acquaintance
U0502,U0504,2023-06-20T13:55:43,collaborator
U1193,U1194,2023-06-20T14:01:42,colleague
U0573,U0575,2023-06-20T14:22:47,collaborator
U0548,U1247,2023-06-20T23:45:51,collaborator
U0115,U0117,2023-06-21T01:34:25,collaborator
U1213,U1215,2023-06-21T03:41:02,colleague
U0642,U1329,2023-06-21T04:33:00,colleague
U0027,U0030,2023-06-21T07:17:09,collaborator
U1298,U1299,2023-06-21T07:28:25,collaborator
U0289,U0290,2023-06-21T09:49:06,collaborator
U0306,U1014,2023-06-21T19:16:25,colleague
U0107,U0822,2023-06-21T21:52:53,acquaintance
U0132,U0134,2023-06-21T23:06:33,colleague
U0705,U0706,2023-06-21T23:33:29,colleague
U0663,U0665,2023-06-22T01:24:02,collaborator
U1387,U1388,2023-06-22T02:29:23,collaborator
U0002,U0715,2023-06-22T07:43:59,collaborator
U0966,U0968,2023-06-22T10:33:05,colleague
U0418,U0420,2023-06-22T14:11:22,collaborator
U0054,U0056,2023-06-22T14:58:11,collaborator
U1164,U1166,2023-06-22T17:57:45,colleague
U0324,U1031,2023-06-23T01:27:54,acquaintance
U0854,U0855,2023-06-23T09:52:05,collaborator
U0686,U0687,2023-06-24T06:18:10,collaborator
U0761,U0763,2023-06-24T08:04:16,colleague
U0385,U1094,2023-06-24T16:16:21,acquaintance
U0019,U0732,2023-06-24T19:46:38,collaborator
U0488,U0490,2023-06-25T08:05:32,collaborator
U0615,U0620,2023-06-25T11:58:22,collaborator
U0111,U0826,2023-06-25T14:20:06,collaborator
U0439,U1147,2023-06-26T03:06:19,acquaintance
U1079,U1081,2023-06-26T08:01:06,colleague
U0408,U0410,2023-06-26T14:24:49,colleague
U0234,U0235,2023-06-26T16:36:31,colleague
U0482,U0483,2023-06-26T17:03:16,acquaintance
U0081,U0083,2023-06-26T17:38:40,collaborator
U0203,U0205,2023-06-26T21:04:45,colleague
U0549,U0550,2023-06-27T01:47:13,collaborator
U0654,U0656,2023-06-27T03:06:32,acquaintance
U0751,U0753,2023-06-27T03:50:40,collaborator
U1205,U1207,2023-06-27T04:35:59,acquaintance
U0526,U0527,2023-06-27T07:37:52,collaborator
U0530,U1230,2023-06-27T10:29:23,collaborator
U0166,U0875,2023-06-27T11:53:31,collaborator
U1152,U1155,2023-06-27T12:46:44,collaborator
U0323,U0326,2023-06-27T16:28:37,acquaintance
U0438,U1146,2023-06-27T18:52:10,acquaintance
U0949,U0950,2023-06-27T19:56:30,colleague
U1171,U1174,2023-06-27T20:32:34,colleague
U0086,U0087,2023-06-27T22:16:10,colleague
U0914,U0916,2023-06-28T01:59:06,collaborator
U0459,U1163,2023-06-28T06:03:39,collaborator
U1022,U1023,2023-06-28T06:45:29,acquaintance
U0008,U0012,2023-06-28T07:46:00,collaborator
U1381,U1382,2023-06-28T09:27:29,colleague
U0532,U0533,2023-06-28T15:16:39,acquaintance
U0822,U0824,2023-06-28T19:35:51,collaborator
U1038,U1040,2023-06-28T20:59:09,collaborator
U0283,U0285,2023-06-28T22:47:05,collaborator
U1373,U1376,2023-07-01T00:52:06,collaborator
U1279,U1280,2023-07-01T01:16:16,collaborator
U1095,U1096,2023-07-01T03:05:59,collaborator
U0537,U0538,2023-07-01T05:33:09,colleague
U0036,U0749,2023-07-01T05:36:27,colleague
U0085,U0801,2023-07-01T06:35:22,colleague
U0369,U0370,2023-07-01T07:22:05,collaborator
U1306,U1307,2023-07-01T07:56:59,acquaintance
U1159,U1161,2023-07-01T08:11:33,acquaintance
U0971,U0972,2023-07-01T08:59:46,collaborator
U0463,U0464,2023-07-01T10:46:41,acquaintance
U0110,U0112,2023-07-01T15:45:44,colleague
U0848,U0849,2023-07-01T17:01:14,acquaintance
U0829,U0831,2023-07-01T18:50:34,colleague
U0142,U0853,2023-07-02T01:20:00,collaborator
U0701,U1389,2023-07-02T01:26:01,colleague
U0718,U0723,2023-07-02T04:40:33,collaborator
U1364,U1365,2023-07-02T04:55:51,collaborator
U0947,U0949,2023-07-02T06:38:09,acquaintance
U0817,U0818,2023-07-02T11:57:30,collaborator
U0538,U1238,2023-07-02T12:52:42,collaborator
U0709,U0711,2023-07-02T19:24:12,acquaintance
U0915,U0918,2023-07-03T01:03:20,collaborator
U1138,U1140,2023-07-03T07:05:17,collaborator
U1397,U1399,2023-07-03T07:32:19,collaborator
U1046,U1047,2023-07-03T08:02:11,collaborator
U0017,U0019,2023-07-03T08:26:51,collaborator
U1037,U1038,2023-07-03T09:17:40,collaborator
U0559,U0562,2023-07-03T10:59:34,collaborator
U0404,U0405,2023-07-03T11:20:03,acquaintance
U1397,U1398,2023-07-03T11:20:48,acquaintance
U1020,U1021,2023-07-03T23:06:21,collaborator
U1258,U1260,2023-07-03T23:10:00,collaborator
U0518,U0519,2023-07-04T02:05:23,colleague
U0611,U0615,2023-07-04T03:06:09,collaborator
U0772,U0773,2023-07-04T03:19:36,collaborator
U0041,U0043,2023-07-04T07:38:42,collaborator
U0330,U1037,2023-07-04T08:26:54,acquaintance
U0537,U0539,2023-07-04T10:29:38,acquaintance
U0079,U0080,2023-07-04T15:33:51,acquaintance
U1106,U1108,2023-07-04T18:33:30,collaborator
U0733,U0735,2023-07-05T00:27:35,colleague
U1202,U1205,2023-07-05T02:12:37,collaborator
U0075,U0790,2023-07-05T03:35:21,acquaintance
U0011,U0724,2023-07-05T09:23:22,acquaintance
U1086,U1091,2023-07-05T09:24:20,collaborator
U0965,U0966,2023-07-05T10:41:24,acquaintance
U0592,U1285,2023-07-05T11:36:28,acquaintance
U0492,U1196,2023-07-05T11:49:42,collaborator
U0704,U0705,2023-07-05T16:06:31,collaborator
U0484,U0487,2023-07-05T17:17:39,acquaintance
U0407,U0408,2023-07-05T18:00:55,collaborator
U1009,U1010,2023-07-05T19:58:30,colleague
U0608,U0611,2023-07-05T20:59:56,acquaintance
U1086,U1090,2023-07-06T00:04:32,acquaintance
U1214,U1215,2023-07-06T04:58:51,acquaintance
U0626,U0627,2023-07-06T05:02:35,colleague
U0084,U0086,2023-07-06T06:12:44,collaborator
U0753,U0755,2023-07-06T07:35:50,colleague
U0407,U1115,2023-07-06T08:21:59,collaborator
U1289,U1290,2023-07-06T09:28:56,collaborator
U0960,U0961,2023-07-06T10:48:16,acquaintance
U0964,U0966,2023-07-06T11:00:34,collaborator
U0077,U0079,2023-07-06T11:54:21,collaborator
U0103,U0105,2023-07-06T14:07:31,acquaintance
U0169,U0171,2023-07-06T15:59:20,acquaintance
U0588,U0589,2023-07-07T00:02:21,collaborator
U1049,U1050,2023-07-07T05:06:25,collaborator
U1388,U1389,2023-07-07T10:43:06,collaborator
U0337,U1045,2023-07-07T10:58:31,collaborator
U1196,U1198,2023-07-07T11:54:33,acquaintance
U0387,U0388,2023-07-07T16:21:50,acquaintance
U1010,U1011,2023-07-07T20:19:33,collaborator
U0883,U0886,2023-07-07T22:15:04,collaborator
U1312,U1314,2023-07-08T00:49:37,acquaintance
U0114,U0829,2023-07-08T03:07:06,collaborator
U0989,U0990,2023-07-08T07:40:11,collaborator
U0446,U0447,2023-07-08T08:24:04,collaborator
U0364,U0366,2023-07-08T11:04:06,acquaintance
U0140,U0141,2023-07-08T14:58:37,colleague
U0117,U0118,2023-07-08T16:10:42,acquaintance
U0907,U0909,2023-07-08T20:28:37,acquaintance
U0346,U0347,2023-07-08T23:04:35,collaborator
U0234,U0945,2023-07-09T01:09:39,acquaintance
U0759,U0761,2023-07-09T03:49:06,colleague
U1237,U1239,2023-07-09T08:24:22,collaborator
U1244,U1246,2023-07-09T08:29:14,colleague
U1348,U1349,2023-07-09T08:31:44,acquaintance
U1004,U1005,2023-07-09T10:14:16,collaborator
U0543,U0546,2023-07-09T12:27:33,collaborator
U1326,U1327,2023-07-09T15:13:21,collaborator
U0214,U0926,2023-07-09T20:03:40,collaborator
U0640,U1327,2023-07-09T23:37:22,collaborator
U0652,U0653,2023-07-09T23:46:49,acquaintance
U1236,U1238,2023-07-10T03:44:54,collaborator
U0061,U0064,2023-07-10T05:05:15,collaborator
U1202,U1204,2023-07-10T06:21:11,collaborator
U0598,U0599,2023-07-10T06:43:55,acquaintance
U0724,U0726,2023-07-10T07:57:25,collaborator
U0648,U0650,2023-07-10T08:05:14,acquaintance
U0328,U0330,2023-07-10T13:39:21,acquaintance
U0454,U0455,2023-07-10T15:59:55,collaborator
U0979,U0981,2023-07-10T16:23:29,collaborator
U0409,U0411,2023-07-10T17:18:13,acquaintance
U1137,U1138,2023-07-10T20:17:47,collaborator
U0238,U0950,2023-07-11T01:42:02,collaborator
U1331,U1334,2023-07-11T04:14:11,collaborator
U1279,U1281,2023-07-11T06:24:11,acquaintance
U0137,U0848,2023-07-11T07:34:20,acquaintance
U0477,U0478,2023-07-11T07:58:53,acquaintance
U0324,U0326,2023-07-11T13:43:04,colleague
U0300,U1008,2023-07-11T16:24:18,collaborator
U1325,U1326,2023-07-11T18:55:37,acquaintance
U0832,U0834,2023-07-11T19:41:42,acquaintance
U0403,U1108,2023-07-11T20:06:58,collaborator
U1362,U1364,2023-07-11T21:05:10,acquaintance
U0491,U0492,2023-07-11T21:34:49,collaborator
U0145,U0856,2023-07-11T23:29:27,acquaintance
U0573,U0574,2023-07-11T23:29:52,collaborator
U0410,U1119,2023-07-12T05:17:45,acquaintance
U0039,U0040,2023-07-12T07:04:37,acquaintance
U0190,U0192,2023-07-12T13:20:54,acquaintance
U0383,U0384,2023-07-12T15:58:06,collaborator
U0154,U0156,2023-07-12T19:52:15,acquaintance
U0906,U0908,2023-07-12T20:01:00,collaborator
U0021,U0023,2023-07-12T22:47:13,colleague
U0350,U0353,2023-07-13T00:40:11,collaborator
U1310,U1311,2023-07-13T02:00:14,collaborator
U0994,U0997,2023-07-13T02:03:47,collaborator
U0862,U0864,2023-07-13T05:36:18,colleague
U1340,U1341,2023-07-13T08:51:08,colleague
U1300,U1302,2023-07-13T08:56:08,collaborator
U0155,U0157,2023-07-13T09:24:27,colleague
U0050,U0052,2023-07-13T10:19:46,collaborator
U0271,U0273,2023-07-13T10:40:19,collaborator
U0428,U0429,2023-07-13T14:29:30,colleague
U0157,U0870,2023-07-13T15:58:24,collaborator
U1171,U1172,2023-07-13T16:06:27,collaborator
U1064,U1065,2023-07-13T17:41:28,collaborator
U0139,U0141,2023-07-13T20:21:38,collaborator
U0202,U0915,2023-07-13T20:22:57,collaborator
U0455,U0456,2023-07-13T21:06:09,collaborator
U1320,U1321,2023-07-13T22:25:16,colleague
U1361,U1363,2023-07-14T00:41:29,collaborator
U1079,U1080,2023-07-14T02:25:25,collaborator
U0118,U0833,2023-07-14T03:05:52,acquaintance
U1311,U1312,2023-07-14T04:07:06,collaborator
U0878,U0881,2023-07-14T04:49:58,collaborator
U0526,U0529,2023-07-14T07:17:50,acquaintance
U1098,U1099,2023-07-14T08:41:57,collaborator
U0048,U0049,2023-07-14T09:27:28,collaborator
U0316,U1021,2023-07-14T11:52:52,acquaintance
U0406,U0408,2023-07-14T12:30:41,collaborator
U0649,U0651,2023-07-14T15:40:09,collaborator
U0034,U0035,2023-07-14T15:55:35,collaborator
U0838,U0839,2023-07-14T16:39:44,collaborator
U0215,U0216,2023-07-14T18:30:04,collaborator
U0212,U0215,2023-07-14T18:48:29,collaborator
U1099,U1100,2023-07-14T23:14:04,collaborator
U0040,U0041,2023-07-15T02:31:19,acquaintance
U0730,U0732,2023-07-15T04:35:22,acquaintance
U0991,U0992,2023-07-15T05:22:49,acquaintance
U1145,U1147,2023-07-15T06:25:21,collaborator
U0373,U1080,2023-07-15T13:59:27,collaborator
U0556,U1255,2023-07-15T23:34:47,colleague
U0073,U0075,2023-07-16T00:41:39,acquaintance
U0156,U0159,2023-07-16T01:32:07,acquaintance
U0727,U0729,2023-07-16T04:25:52,acquaintance
U1075,U1076,2023-07-16T09:20:49,acquaintance
U0018,U0731,2023-07-16T10:46:56,collaborator
U0389,U0392,2023-07-16T13:56:33,collaborator
U0315,U0316,2023-07-16T18:09:39,collaborator
U1286,U1287,2023-07-16T18:39:17,collaborator
U0355,U0357,2023-07-16T20:15:10,collaborator
U0535,U0537,2023-07-17T00:46:10,collaborator
U0461,U0462,2023-07-17T01:52:46,acquaintance
U0570,U0571,2023-07-17T02:48:54,collaborator
U0027,U0742,2023-07-17T13:55:40,collaborator
U1194,U1195,2023-07-17T16:47:57,colleague
U0274,U0275,2023-07-17T17:18:59,acquaintance
U0966,U0967,2023-07-17T19:21:27,collaborator
U0076,U0077,2023-07-18T07:51:48,collaborator
U0248,U0249,2023-07-18T08:38:32,acquaintance
U0797,U0800,2023-07-18T08:42:42,colleague
U0074,U0075,2023-07-18T10:05:58,collaborator
U0502,U1202,2023-07-18T10:19:57,collaborator
U0338,U0340,2023-07-18T13:06:35,collaborator
U0542,U1243,2023-07-18T16:15:33,collaborator
U0901,U0904,2023-07-18T18:08:49,acquaintance
U0977,U0979,2023-07-18T20:53:03,collaborator
U0811,U0812,2023-07-19T01:15:22,acquaintance
U0703,U0705,2023-07-19T03:12:47,colleague
U0235,U0237,2023-07-19T07:34:10,acquaintance
U1031,U1034,2023-07-19T10:16:42,collaborator
U0951,U0952,2023-07-19T10:53:13,collaborator
U0067,U0779,2023-07-19T12:53:47,collaborator
U0495,U0499,2023-07-19T13:50:41,collaborator
U0047,U0759,2023-07-19T20:30:53,collaborator
U1129,U1130,2023-07-19T20:50:33,acquaintance
U0236,U0237,2023-07-20T00:44:02,acquaintance
U0080,U0081,2023-07-20T03:22:37,collaborator
U0541,U0543,2023-07-20T04:36:22,collaborator
U0127,U0841,2023-07-20T05:40:55,collaborator
U0839,U0842,2023-07-20T06:36:24,collaborator
U0123,U0124,2023-07-20T08:55:52,acquaintance
U1288,U1289,2023-07-20T10:38:27,acquaintance
U0138,U0139,2023-07-20T12:34:23,acquaintance
U0334,U1040,2023-07-20T15:30:37,collaborator
U0446,U1151,2023-07-20T15:44:04,acquaintance
U0604,U1296,2023-07-20T20:44:48,collaborator
U0968,U0970,2023-07-20T23:31:16,colleague
U0730,U0731,2023-07-20T23:52:26,colleague
U0629,U0631,2023-07-21T03:47:34,acquaintance
U1357,U1358,2023-07-21T06:11:05,colleague
U0292,U1002,2023-07-21T06:55:11,collaborator
U0353,U0354,2023-07-21T10:04:34,colleague
U0693,U0694,2023-07-21T15:26:31,colleague
U0304,U0306,2023-07-21T21:25:01,colleague
U0986,U0988,2023-07-21T22:56:59,colleague
U0534,U0536,2023-07-22T05:17:37,acquaintance
U0105,U0106,2023-07-22T05:17:51,collaborator
U0973,U0975,2023-07-22T06:36:38,acquaintance
U0336,U0338,2023-07-22T08:13:23,acquaintance
U0523,U1221,2023-07-22T09:19:42,collaborator
U0420,U0421,2023-07-22T10:10:43,collaborator
U0136,U0847,2023-07-22T16:17:28,colleague
U0328,U1035,2023-07-22T19:09:33,acquaintance
U0938,U0940,2023-07-22T22:17:46,collaborator
U1147,U1148,2023-07-22T23:05:15,acquaintance
U1304,U1306,2023-07-22T23:32:55,acquaintance
U0933,U0934,2023-07-22T23:42:14,collaborator
U1215,U1217,2023-07-23T00:23:21,collaborator
U0406,U0407,2023-07-23T10:54:06,collaborator
U0681,U1364,2023-07-23T11:26:34,collaborator
U0340,U0343,2023-07-23T14:24:38,acquaintance
U0384,U0385,2023-07-23T18:13:37,collaborator
U0139,U0850,2023-07-23T20:14:52,acquaintance
U0061,U0773,2023-07-23T20:39:05,collaborator
U0832,U0833,2023-07-23T21:16:54,collaborator
U0346,U1052,2023-07-24T00:43:34,collaborator
U0175,U0177,2023-07-24T01:17:30,acquaintance
U0089,U0092,2023-07-24T02:00:45,colleague
U0776,U0778,2023-07-24T02:14:57,acquaintance
U0258,U0261,2023-07-24T04:41:36,collaborator
U1276,U1277,2023-07-24T05:28:24,collaborator
U0326,U0327,2023-07-24T09:03:18,collaborator
U1033,U1035,2023-07-24T09:07:59,acquaintance
U0690,U0691,2023-07-24T11:42:15,collaborator
U0674,U0675,2023-07-24T12:30:32,acquaintance
U1216,U1218,2023-07-24T12:50:43,collaborator
U0700,U0701,2023-07-24T16:27:21,collaborator
U0790,U0791,2023-07-24T17:52:59,collaborator
U0628,U0631,2023-07-24T18:31:00,collaborator
U0540,U0541,2023-07-24T18:34:40,collaborator
U0972,U0973,2023-07-24T22:21:49,collaborator
U1204,U1205,2023-07-24T23:13:56,collaborator
U0508,U0510,2023-07-25T01:30:47,collaborator
U0805,U0806,2023-07-25T02:26:30,acquaintance
U1038,U1039,2023-07-25T03:39:58,collaborator
U0182,U0183,2023-07-25T06:22:06,acquaintance
U1039,U1042,2023-07-25T06:42:05,collaborator
U1251,U1252,2023-07-25T06:43:55,collaborator
U1048,U1050,2023-07-25T10:49:21,acquaintance
U0968,U0969,2023-07-25T12:47:41,collaborator
U0791,U0793,2023-07-25T13:48:36,colleague
U0994,U0995,2023-07-26T01:44:02,collaborator
U1293,U1295,2023-07-26T02:42:24,acquaintance
U0098,U0099,2023-07-26T05:41:31,collaborator
U0735,U0737,2023-07-26T08:19:12,collaborator
U0369,U1075,2023-07-26T10:10:28,acquaintance
U1068,U1070,2023-07-26T14:38:20,colleague
U1196,U1197,2023-07-26T16:17:37,colleague
U1161,U1162,2023-07-26T18:14:58,colleague
U0663,U1349,2023-07-26T22:04:42,collaborator
U0421,U0422,2023-07-26T23:01:27,collaborator
U1097,U1099,2023-07-27T06:46:22,acquaintance
U0491,U1195,2023-07-27T12:41:06,acquaintance
U0346,U0348,2023-07-27T13:20:29,acquaintance
U1393,U1395,2023-07-27T14:13:17,acquaintance
U0242,U0245,2023-07-27T16:09:04,collaborator
U0300,U0302,2023-07-27T16:57:43,collaborator
U0914,U0915,2023-07-27T16:58:09,collaborator
U0197,U0198,2023-07-27T18:57:35,collaborator
U0539,U0540,2023-07-27T19:03:44,acquaintance
U0413,U1123,2023-07-27T20:02:32,colleague
U0244,U0245,2023-07-28T00:16:47,collaborator
U0516,U0518,2023-07-28T04:28:33,collaborator
U0354,U0355,2023-07-28T06:18:51,collaborator
U0980,U0982,2023-07-28T06:25:25,collaborator
U0068,U0780,2023-07-28T06:59:08,acquaintance
U0359,U0360,2023-07-28T07:15:55,acquaintance
U0424,U0426,2023-07-28T12:45:31,collaborator
U0743,U0744,2023-07-28T14:41:25,collaborator
U0455,U0457,2023-07-28T19:42:06,acquaintance
U0756,U0757,2023-07-28T20:37:48,acquaintance
U0691,U0693,2023-08-01T00:29:54,collaborator
U1208,U1210,2023-08-01T00:30:58,collaborator
U0065,U0067,2023-08-01T02:20:46,acquaintance
U0778,U0779,2023-08-01T03:06:01,acquaintance
U0411,U1120,2023-08-01T08:44:15,colleague
U0539,U0541,2023-08-01T09:39:39,collaborator
U0876,U0878,2023-08-01T10:38:30,collaborator
U1372,U1375,2023-08-01T11:13:34,collaborator
U0309,U0311,2023-08-01T12:29:16,acquaintance
U1226,U1229,2023-08-01T12:51:10,collaborator
U0284,U0286,2023-08-01T13:31:00,collaborator
U0183,U0186,2023-08-01T14:00:48,collaborator
U0464,U0467,2023-08-01T15:22:17,collaborator
U1233,U1235,2023-08-01T17:09:34,acquaintance
U0372,U0374,2023-08-01T17:14:51,colleague
U1064,U1067,2023-08-01T22:23:18,collaborator
U1073,U1074,2023-08-02T03:48:39,collaborator
U0408,U0409,2023-08-02T03:52:29,collaborator
U0583,U1278,2023-08-02T05:37:40,collaborator
U0811,U0813,2023-08-02T05:59:17,acquaintance
U1051,U1052,2023-08-02T07:52:56,collaborator
U0168,U0877,2023-08-02T15:54:49,collaborator
U0003,U0716,2023-08-02T16:31:07,colleague
U1280,U1281,2023-08-02T21:45:03,colleague
U0563,U0564,2023-08-02T22:50:07,acquaintance
U0752,U0755,2023-08-03T03:24:03,collaborator
U0757,U0759,2023-08-03T03:51:47,acquaintance
U0342,U0343,2023-08-03T12:50:47,collaborator
U0091,U0806,2023-08-03T21:35:32,acquaintance
U0830,U0831,2023-08-03T22:24:28,collaborator
U0102,U0103,2023-08-03T23:57:12,colleague
U0344,U1050,2023-08-04T02:50:39,collaborator
U0487,U1192,2023-08-04T03:05:19,colleague
U0028,U0031,2023-08-04T04:04:41,collaborator
U1346,U1348,2023-08-04T04:30:15,acquaintance
U0608,U1300,2023-08-04T14:10:45,collaborator
U0941,U0942,2023-08-04T14:55:54,acquaintance
U0370,U0371,2023-08-04T15:20:59,acquaintance
U0207,U0208,2023-08-04T15:51:27,collaborator
U0011,U0012,2023-08-04T20:45:19,acquaintance
U0342,U0344,2023-08-04T23:38:48,acquaintance
U0821,U0822,2023-08-04T23:44:18,acquaintance
U0285,U0287,2023-08-05T00:27:51,acquaintance
U0737,U0739,2023-08-05T04:43:29,collaborator
U1141,U1143,2023-08-05T05:05:38,acquaintance
U0292,U0294,2023-08-05T06:57:43,acquaintance
U0878,U0880,2023-08-05T10:09:06,collaborator
U0741,U0743,2023-08-05T11:40:46,collaborator
U0266,U0267,2023-08-05T13:14:33,collaborator
U0035,U0748,2023-08-05T17:08:32,collaborator
U0261,U0969,2023-08-05T19:10:59,colleague
U0425,U1134,2023-08-05T20:28:18,collaborator
U0136,U0138,2023-08-05T22:49:44,acquaintance
U1364,U1366,2023-08-05T23:28:23,acquaintance
U1056,U1059,2023-08-06T00:19:29,acquaintance
U0679,U0682,2023-08-06T04:58:54,collaborator
U0191,U0192,2023-08-06T12:51:34,collaborator
U0549,U1249,2023-08-06T15:03:30,colleague
U1335,U1336,2023-08-06T15:44:45,colleague
U1123,U1124,2023-08-06T16:40:00,collaborator
U0561,U0563,2023-08-06T17:30:12,collaborator
U0260,U0262,2023-08-06T17:42:05,collaborator
U0710,U0711,2023-08-06T22:03:46,colleague
U1343,U1344,2023-08-07T01:23:14,acquaintance
U0980,U0981,2023-08-07T06:16:52,colleague
U0069,U0781,2023-08-07T13:21:53,acquaintance
U0041,U0752,2023-08-07T16:06:15,acquaintance
U0046,U0048,2023-08-07T21:59:42,acquaintance
U0707,U0709,2023-08-08T02:13:44,colleague
U1102,U1104,2023-08-08T02:34:02,collaborator
U0035,U0039,2023-08-08T06:19:16,collaborator
U1273,U1274,2023-08-08T08:00:48,collaborator
U0381,U1086,2023-08-08T09:04:55,colleague
U0919,U0920,2023-08-08T13:31:36,collaborator
U0423,U0425,2023-08-08T13:49:21,colleague
U1360,U1362,2023-08-08T18:33:37,collaborator
U0430,U0431,2023-08-08T22:07:27,collaborator
U0196,U0908,2023-08-08T23:12:10,collaborator
U1366,U1368,2023-08-09T05:18:00,collaborator
U0146,U0147,2023-08-09T09:58:13,collaborator
U1063,U1064,2023-08-09T11:27:54,collaborator
U0544,U0548,2023-08-09T12:16:22,collaborator
U0533,U1233,2023-08-09T12:28:54,colleague
U0355,U0356,2023-08-09T13:56:03,acquaintance
U1376,U1381,2023-08-09T15:04:50,collaborator
U0749,U0750,2023-08-09T16:41:41,collaborator
U0839,U0841,2023-08-09T18:09:20,collaborator
U0426,U0428,2023-08-09T18:28:52,acquaintance
U0493,U0495,2023-08-09T20:29:52,collaborator
U1307,U1309,2023-08-09T20:46:20,collaborator
U0922,U0924,2023-08-09T23:35:29,collaborator
U1105,U1107,2023-08-10T05:23:20,colleague
U0309,U0312,2023-08-10T07:43:30,collaborator
U0964,U0965,2023-08-10T08:40:27,collaborator
U0642,U0646,2023-08-10T09:31:05,acquaintance
U0421,U0423,2023-08-10T11:41:44,collaborator
U1290,U1292,2023-08-10T23:41:49,collaborator
U0616,U0622,2023-08-11T01:41:21,colleague
U1217,U1219,2023-08-11T01:57:15,colleague
U0536,U1236,2023-08-11T04:45:57,collaborator
U1260,U1261,2023-08-11T04:53:28,colleague
U1219,U1221,2023-08-11T06:12:22,colleague
U0611,U0613,2023-08-11T09:04:47,collaborator
U0643,U0648,2023-08-11T09:19:22,acquaintance
U0270,U0271,2023-08-11T12:39:54,acquaintance
U0816,U0817,2023-08-11T15:06:40,acquaintance
U0787,U0791,2023-08-11T15:17:41,acquaintance
U0062,U0064,2023-08-12T03:40:57,collaborator
U0654,U0657,2023-08-12T04:25:38,collaborator
U0155,U0156,2023-08-12T05:05:58,acquaintance
U0747,U0748,2023-08-12T06:30:01,acquaintance
U0648,U1334,2023-08-12T13:52:07,collaborator
U1247,U1250,2023-08-12T15:04:08,acquaintance
U0800,U0802,2023-08-13T00:45:44,acquaintance
U1096,U1097,2023-08-13T04:16:01,collaborator
U0292,U0293,2023-08-13T06:37:57,collaborator
U1231,U1233,2023-08-13T07:12:28,collaborator
U0967,U0969,2023-08-13T07:38:01,collaborator
U1221,U1222,2023-08-13T09:01:37,collaborator
U0404,U1109,2023-08-13T13:50:10,acquaintance
U1280,U1282,2023-08-13T14:23:17,collaborator
U0442,U0444,2023-08-13T16:31:55,acquaintance
U0261,U0262,2023-08-13T19:18:51,acquaintance
U1358,U1359,2023-08-13T19:53:46,collaborator
U0288,U0289,2023-08-13T20:34:03,acquaintance
U0541,U1241,2023-08-13T21:44:21,collaborator
U0081,U0796,2023-08-14T02:15:18,acquaintance
U1275,U1277,2023-08-14T04:19:35,acquaintance
U0569,U1266,2023-08-14T05:00:34,colleague
U0262,U0970,2023-08-14T10:40:57,colleague
U1217,U1218,2023-08-14T12:40:51,acquaintance
U1175,U1177,2023-08-14T15:30:02,collaborator
U1208,U1209,2023-08-14T19:45:05,collaborator
U0700,U0702,2023-08-14T20:09:46,colleague
U0047,U0048,2023-08-14T20:33:26,colleague
U1142,U1143,2023-08-14T22:04:59,collaborator
U1251,U1253,2023-08-14T22:30:25,acquaintance
U0911,U0913,2023-08-14T23:01:24,collaborator
U0306,U0309,2023-08-14T23:05:11,collaborator
U1215,U1216,2023-08-15T02:01:27,acquaintance
U0123,U0125,2023-08-15T02:14:58,collaborator
U0782,U0785,2023-08-15T04:03:00,acquaintance
U0348,U1054,2023-08-15T06:14:11,acquaintance
U1358,U1360,2023-08-15T07:15:54,colleague
U0546,U0548,2023-08-15T14:08:31,colleague
U0283,U0284,2023-08-15T14:30:39,collaborator
U0218,U0220,2023-08-15T16:32:23,colleague
U0154,U0865,2023-08-15T17:25:36,collaborator
U0161,U0163,2023-08-15T20:28:37,collaborator
U0052,U0764,2023-08-15T22:08:23,colleague
U0812,U0814,2023-08-16T03:52:45,colleague
U1195,U1196,2023-08-16T06:00:08,acquaintance
U0594,U1287,2023-08-16T07:23:45,colleague
U0751,U0752,2023-08-16T09:05:40,colleague
U0148,U0151,2023-08-17T05:33:58,collaborator
U0744,U0745,2023-08-17T09:01:29,acquaintance
U0746,U0747,2023-08-17T09:33:32,collaborator
U1108,U1111,2023-08-17T15:10:24,acquaintance
U0245,U0956,2023-08-17T16:38:51,colleague
U0330,U0333,2023-08-17T16:40:52,collaborator
U0918,U0920,2023-08-17T23:12:46,collaborator
U0815,U0816,2023-08-18T00:55:39,collaborator
U0131,U0132,2023-08-18T04:41:40,colleague
U0178,U0179,2023-08-18T07:48:12,collaborator
U0606,U1298,2023-08-18T08:21:31,collaborator
U1065,U1068,2023-08-18T11:55:45,collaborator
U1081,U1084,2023-08-18T14:18:21,collaborator
U0115,U0116,2023-08-18T14:55:56,acquaintance
U0322,U0324,2023-08-18T17:13:11,collaborator
U0366,U1073,2023-08-18T18:10:01,acquaintance
U1332,U1334,2023-08-18T18:48:37,colleague
U0417,U1126,2023-08-19T02:05:07,collaborator
U1245,U1246,2023-08-19T04:02:11,collaborator
U0672,U0674,2023-08-19T05:11:49,colleague
U0714,U0715,2023-08-19T07:07:07,colleague
U0831,U0833,2023-08-19T12:30:46,collaborator
U0411,U0413,2023-08-19T18:30:00,collaborator
U0656,U0659,2023-08-19T21:27:44,collaborator
U0371,U0372,2023-08-19T22:15:32,colleague
U1336,U1338,2023-08-19T23:39:55,collaborator
U1351,U1353,2023-08-20T00:29:08,collaborator
U0948,U0950,2023-08-20T02:50:05,acquaintance
U1349,U1351,2023-08-20T07:00:16,collaborator
U1265,U1267,2023-08-20T09:08:27,collaborator
U0291,U0293,2023-08-20T10:06:15,collaborator
U1120,U1123,2023-08-20T10:42:18,acquaintance
U1344,U1347,2023-08-20T11:31:22,collaborator
U0229,U0940,2023-08-20T12:22:04,collaborator
U1059,U1060,2023-08-20T13:39:14,colleague
U1310,U1312,2023-08-20T14:44:48,collaborator
U0258,U0260,2023-08-20T17:41:17,collaborator
U1008,U1010,2023-08-20T18:19:45,collaborator
U0405,U0407,2023-08-20T22:04:35,collaborator
U1211,U1213,2023-08-21T02:14:00,collaborator
U0374,U1081,2023-08-21T03:07:17,collaborator
U0104,U0106,2023-08-21T07:34:54,acquaintance
U0253,U0962,2023-08-21T14:49:17,acquaintance
U0686,U0689,2023-08-21T15:53:12,colleague
U0638,U0639,2023-08-21T16:04:27,collaborator
U1376,U1379,2023-08-21T17:09:54,collaborator
U0729,U0730,2023-08-21T21:04:18,collaborator
U0566,U0567,2023-08-21T21:42:26,acquaintance
U0256,U0258,2023-08-21T23:18:37,acquaintance
U0845,U0846,2023-08-22T00:07:43,acquaintance
U0636,U0638,2023-08-22T00:30:23,collaborator
U1172,U1175,2023-08-22T01:49:40,collaborator
U0953,U0954,2023-08-22T03:56:11,collaborator
U1118,U1119,2023-08-22T07:02:31,collaborator
U0146,U0148,2023-08-22T07:18:19,collaborator
U0834,U0835,2023-08-22T07:36:17,collaborator
U0094,U0811,2023-08-22T10:26:25,acquaintance
U0576,U0579,2023-08-22T11:26:25,collaborator
U0939,U0940,2023-08-22T12:13:36,acquaintance
U0707,U0708,2023-08-22T13:33:35,collaborator
U1365,U1367,2023-08-22T16:20:12,colleague
U0841,U0843,2023-08-22T19:20:24,collaborator
U0442,U0443,2023-08-22T19:40:15,collaborator
U0473,U0475,2023-08-22T21:43:17,collaborator
U0095,U0098,2023-08-22T21:51:20,collaborator
U1005,U1007,2023-08-23T04:11:42,collaborator
U0915,U0916,2023-08-23T05:50:32,collaborator
U0022,U0735,2023-08-23T14:33:41,colleague
U0504,U0506,2023-08-23T14:50:30,acquaintance
U1205,U1206,2023-08-23T16:08:12,collaborator
U0394,U0396,2023-08-23T18:16:20,collaborator
U0480,U0482,2023-08-23T19:24:09,acquaintance
U0023,U0736,2023-08-23T22:48:04,collaborator
U1135,U1137,2023-08-24T01:11:59,collaborator
U0660,U1346,2023-08-24T06:35:40,collaborator
U0406,U1114,2023-08-24T08:00:09,collaborator
U0275,U0276,2023-08-24T09:55:43,collaborator
U0153,U0154,2023-08-24T13:00:51,collaborator
U0535,U1235,2023-08-24T14:59:29,collaborator
U0908,U0910,2023-08-24T16:12:58,acquaintance
U0852,U0853,2023-08-24T16:55:04,collaborator
U0045,U0047,2023-08-24T21:32:19,collaborator
U0001,U0002,2023-08-25T01:18:00,collaborator
U0459,U0460,2023-08-25T01:28:35,collaborator
U0099,U0815,2023-08-25T03:44:36,collaborator
U0525,U0527,2023-08-25T05:52:41,colleague
U0625,U0626,2023-08-25T08:48:51,collaborator
U1147,U1149,2023-08-25T09:06:05,acquaintance
U0591,U0592,2023-08-25T16:34:55,collaborator
U1100,U1101,2023-08-25T16:54:33,acquaintance
U0040,U0751,2023-08-25T19:48:07,collaborator
U0643,U1331,2023-08-26T05:16:02,collaborator
U0988,U0990,2023-08-26T05:27:19,acquaintance
U0794,U0795,2023-08-26T07:21:51,colleague
U1197,U1199,2023-08-26T08:40:50,colleague
U0275,U0277,2023-08-26T21:46:59,acquaintance
U0605,U0606,2023-08-27T02:42:07,collaborator
U0524,U0526,2023-08-27T08:41:42,collaborator
U1326,U1328,2023-08-27T12:48:26,acquaintance
U0766,U0769,2023-08-27T16:03:24,collaborator
U0909,U0910,2023-08-27T16:39:48,collaborator
U0505,U0506,2023-08-27T22:29:39,colleague
U0367,U0370,2023-08-28T00:29:47,colleague
U0784,U0787,2023-08-28T00:43:53,collaborator
U1099,U1101,2023-08-28T01:23:33,colleague
U0382,U0383,2023-08-28T01:55:49,collaborator
U0640,U0642,2023-08-28T05:40:43,acquaintance
U0979,U0980,2023-08-28T07:18:25,acquaintance
U0857,U0858,2023-08-28T09:49:00,collaborator
U0925,U0926,2023-08-28T12:00:04,colleague
U1265,U1266,2023-08-28T16:09:33,acquaintance
U0624,U1309,2023-08-28T16:36:59,collaborator
U0691,U0692,2023-08-28T18:23:15,collaborator
U0649,U0650,2023-08-28T21:11:17,acquaintance
U0088,U0804,2023-08-28T22:01:16,colleague
U0372,U0373,2023-08-28T22:24:58,collaborator
U1375,U1376,2023-09-01T03:00:26,collaborator
U0147,U0148,2023-09-01T04:06:11,colleague
U1384,U1388,2023-09-01T04:06:31,collaborator
U1232,U1233,2023-09-01T07:24:39,colleague
U1261,U1262,2023-09-01T12:28:57,collaborator
U0091,U0093,2023-09-01T13:14:51,acquaintance
U0708,U0710,2023-09-01T14:07:45,collaborator
U0156,U0157,2023-09-01T18:13:25,collaborator
U0666,U1352,2023-09-01T21:58:40,acquaintance
U1134,U1135,2023-09-01T22:08:07,acquaintance
U0650,U0652,2023-09-01T22:58:44,collaborator
U0462,U1166,2023-09-01T23:12:06,acquaintance
U1183,U1185,2023-09-02T03:40:05,collaborator
U0452,U0454,2023-09-02T04:06:57,acquaintance
U1070,U1072,2023-09-02T04:07:36,acquaintance
U1046,U1048,2023-09-02T06:03:26,collaborator
U0393,U0394,2023-09-02T09:04:15,colleague
U1379,U1382,2023-09-02T09:59:33,collaborator
U1142,U1145,2023-09-02T10:32:36,colleague
U0924,U0925,2023-09-02T11:46:27,collaborator
U1172,U1174,2023-09-02T12:28:52,collaborator
U0824,U0825,2023-09-02T20:33:09,collaborator
U0678,U1362,2023-09-02T20:40:56,collaborator
U0667,U1353,2023-09-03T02:14:25,collaborator
U0586,U0587,2023-09-03T02:26:30,collaborator
U1275,U1276,2023-09-03T05:54:14,collaborator
U1026,U1028,2023-09-03T09:00:58,acquaintance
U1392,U1395,2023-09-03T10:07:20,collaborator
U0804,U0805,2023-09-03T11:56:25,acquaintance
U0474,U0475,2023-09-03T17:47:46,collaborator
U0056,U0058,2023-09-03T21:14:54,colleague
U1076,U1079,2023-09-04T00:52:00,collaborator
U0356,U0358,2023-09-04T03:33:05,collaborator
U0673,U1358,2023-09-04T11:31:57,colleague
U0303,U0305,2023-09-04T12:02:33,collaborator
U0723,U0725,2023-09-04T13:33:06,colleague
U0316,U0317,2023-09-04T14:21:53,colleague
U1323,U1324,2023-09-04T16:04:06,collaborator
U0334,U0336,2023-09-04T20:14:19,colleague
U0634,U0636,2023-09-04T20:15:14,collaborator
U0714,U0716,2023-09-04T20:20:37,collaborator
U0430,U0432,2023-09-04T23:07:15,acquaintance
U0125,U0127,2023-09-05T08:06:45,acquaintance
U0444,U1150,2023-09-05T08:31:38,collaborator
U0467,U0468,2023-09-05T10:42:58,collaborator
U0229,U0231,2023-09-05T12:12:44,collaborator
U0223,U0225,2023-09-05T13:02:26,acquaintance
U0186,U0190,2023-09-05T14:41:33,colleague
U1252,U1253,2023-09-05T18:14:14,collaborator
U0763,U0766,2023-09-05T20:09:53,colleague
U0360,U1068,2023-09-06T00:59:30,collaborator
U1152,U1154,2023-09-06T01:23:25,collaborator
U0764,U0766,2023-09-06T09:05:02,acquaintance
U0580,U0581,2023-09-06T12:04:56,collaborator
U0171,U0172,2023-09-06T12:51:03,acquaintance
U1188,U1189,2023-09-06T16:13:47,collaborator
U0069,U0070,2023-09-06T16:21:22,collaborator
U1371,U1373,2023-09-06T21:29:15,collaborator
U0844,U0845,2023-09-06T22:38:25,collaborator
U0013,U0726,2023-09-07T10:25:52,collaborator
U1157,U1160,2023-09-07T11:01:48,collaborator
U0127,U0131,2023-09-07T12:23:10,collaborator
U0637,U1324,2023-09-07T16:25:01,collaborator
U0451,U0452,2023-09-07T17:48:49,collaborator
U0530,U0532,2023-09-07T21:19:20,acquaintance
U0716,U0717,2023-09-07T22:38:52,collaborator
U1053,U1056,2023-09-08T05:35:48,collaborator
U0439,U0443,2023-09-08T08:14:18,collaborator
U0350,U1056,2023-09-08T16:10:37,collaborator
U0758,U0759,2023-09-08T22:28:09,collaborator
U0583,U0586,2023-09-08T23:50:01,colleague
U0960,U0962,2023-09-09T02:20:25,collaborator
U1266,U1268,2023-09-09T08:07:05,collaborator
U0294,U0298,2023-09-09T09:24:29,acquaintance
U0185,U0186,2023-09-09T10:59:54,collaborator
U0672,U0673,2023-09-09T11:52:46,acquaintance
U0662,U0664,2023-09-09T14:01:39,acquaintance
U1119,U1120,2023-09-09T14:15:51,acquaintance
U0608,U0610,2023-09-09T14:50:58,colleague
U0016,U0017,2023-09-09T15:30:08,colleague
U0781,U0784,2023-09-09T19:54:27,collaborator
U1320,U1322,2023-09-10T00:03:43,acquaintance
U0294,U1004,2023-09-10T00:09:01,collaborator
U0550,U0552,2023-09-10T05:29:16,acquaintance
U0251,U0961,2023-09-10T09:41:43,acquaintance
U1109,U1111,2023-09-10T14:07:45,acquaintance
U0293,U1003,2023-09-10T14:23:16,collaborator
U0195,U0197,2023-09-10T14:47:44,collaborator
U0661,U1347,2023-09-10T15:05:50,collaborator
U0097,U0813,2023-09-10T17:06:58,acquaintance
U0995,U0998,2023-09-10T18:05:39,collaborator
U0002,U0003,2023-09-10T18:23:30,collaborator
U0506,U1206,2023-09-10T19:32:47,acquaintance
U0641,U1328,2023-09-10T20:24:25,acquaintance
U1127,U1129,2023-09-10T21:39:52,collaborator
U0231,U0942,2023-09-11T02:00:45,collaborator
U1068,U1069,2023-09-11T06:19:15,colleague
U1074,U1075,2023-09-11T06:23:59,collaborator
U1375,U1379,2023-09-11T07:51:33,collaborator
U0181,U0892,2023-09-11T07:57:19,collaborator
U0918,U0919,2023-09-11T08:34:59,collaborator
U0606,U0608,2023-09-11T12:10:07,collaborator
U0382,U1090,2023-09-11T13:22:20,colleague
U0001,U1403,2023-09-11T20:29:38,colleague
U1170,U1172,2023-09-11T21:58:26,acquaintance
U0749,U0751,2023-09-11T23:51:27,colleague
U0453,U0455,2023-09-12T00:49:54,colleague
U0049,U0050,2023-09-12T01:55:34,colleague
U0022,U0024,2023-09-12T05:59:29,collaborator
U0294,U0295,2023-09-12T06:51:20,collaborator
U0088,U0091,2023-09-12T15:29:24,acquaintance
U0417,U0418,2023-09-12T17:19:07,acquaintance
U0746,U0748,2023-09-12T22:28:50,colleague
U0068,U0069,2023-09-12T22:43:20,acquaintance
U0312,U0313,2023-09-13T00:11:34,acquaintance
U0094,U0095,2023-09-13T07:16:04,collaborator
U0256,U0257,2023-09-13T09:40:27,acquaintance
U0603,U0605,2023-09-13T11:45:00,colleague
U1177,U1180,2023-09-13T14:20:31,collaborator
U1234,U1236,2023-09-13T22:49:03,collaborator
U0524,U1222,2023-09-14T01:07:33,collaborator
U0819,U0821,2023-09-14T02:22:25,colleague
U0389,U1098,2023-09-14T02:32:51,acquaintance
U1353,U1355,2023-09-14T16:44:39,collaborator
U1383,U1387,2023-09-14T23:31:10,collaborator
U0596,U0598,2023-09-15T03:14:54,acquaintance
U0175,U0178,2023-09-15T06:50:02,collaborator
U1156,U1159,2023-09-15T07:43:50,acquaintance
U0198,U0199,2023-09-15T11:29:55,colleague
U0911,U0914,2023-09-15T11:40:17,acquaintance
U0971,U0973,2023-09-15T13:28:14,collaborator
U0239,U0241,2023-09-15T17:07:58,colleague
U0244,U0247,2023-09-15T22:24:39,collaborator
U0780,U0782,2023-09-15T23:33:38,colleague
U0826,U0828,2023-09-16T01:40:24,colleague
U0072,U0784,2023-09-16T05:17:07,collaborator
U1298,U1300,2023-09-16T07:48:47,collaborator
U1002,U1004,2023-09-16T08:11:21,collaborator
U1216,U1217,2023-09-16T09:43:48,acquaintance
U0198,U0200,2023-09-16T10:13:08,collaborator
U0013,U0014,2023-09-16T14:18:28,acquaintance
U0490,U1194,2023-09-16T16:52:42,acquaintance
U0561,U0562,2023-09-16T18:54:46,collaborator
U1199,U1200,2023-09-16T20:19:09,colleague
U0390,U0392,2023-09-16T22:58:56,acquaintance
U0395,U1103,2023-09-17T03:16:10,colleague
U1017,U1019,2023-09-17T08:22:27,collaborator
U1015,U1018,2023-09-17T09:23:54,collaborator
U0622,U0623,2023-09-17T09:55:21,acquaintance
U0897,U0899,2023-09-17T10:59:49,collaborator
U0629,U0632,2023-09-17T13:38:30,colleague
U0995,U0997,2023-09-17T14:05:01,collaborator
U0556,U0559,2023-09-17T14:41:18,collaborator
U0974,U0975,2023-09-17T16:21:17,colleague
U0825,U0826,2023-09-17T21:15:32,acquaintance
U0628,U0629,2023-09-18T06:16:31,collaborator
U0697,U0699,2023-09-18T15:11:23,acquaintance
U0014,U0727,2023-09-18T16:20:15,acquaintance
U0058,U0062,2023-09-18T16:33:47,colleague
U0203,U0916,2023-09-18T23:04:58,colleague
U0194,U0195,2023-09-18T23:33:43,collaborator
U0171,U0881,2023-09-19T00:50:19,colleague
U1034,U1035,2023-09-19T01:03:55,colleague
U0792,U0794,2023-09-19T03:41:01,colleague
U1241,U1244,2023-09-19T04:46:13,acquaintance
U1166,U1168,2023-09-19T09:25:25,colleague
U0881,U0882,2023-09-19T10:02:50,collaborator
U0920,U0922,2023-09-19T14:34:31,acquaintance
U1198,U1200,2023-09-19T18:25:06,collaborator
U0301,U0303,2023-09-19T18:58:58,collaborator
U0926,U0927,2023-09-19T19:41:01,collaborator
U1130,U1131,2023-09-19T22:03:12,collaborator
U0264,U0265,2023-09-19T23:53:13,collaborator
U1365,U1366,2023-09-20T01:37:59,collaborator
U1105,U1106,2023-09-20T01:43:54,acquaintance
U0323,U1029,2023-09-20T02:32:53,acquaintance
U0908,U0909,2023-09-20T10:33:11,colleague
U0861,U0863,2023-09-20T10:48:24,collaborator
U1101,U1102,2023-09-20T13:41:46,collaborator
U1367,U1368,2023-09-20T19:40:21,collaborator
U0361,U0362,2023-09-20T19:40:42,acquaintance
U1317,U1321,2023-09-20T20:37:51,collaborator
U1125,U1127,2023-09-20T22:50:42,collaborator
U0510,U1210,2023-09-21T10:11:03,collaborator
U0473,U0474,2023-09-21T10:32:02,colleague
U1071,U1073,2023-09-21T10:58:14,collaborator
U0853,U0854,2023-09-21T17:50:19,collaborator
U0475,U0476,2023-09-21T18:43:01,collaborator
U0574,U0575,2023-09-21T21:46:50,collaborator
U1000,U1002,2023-09-22T04:20:29,acquaintance
U1398,U1401,2023-09-22T05:36:42,collaborator
U0351,U1058,2023-09-22T05:41:45,collaborator
U1175,U1176,2023-09-22T06:26:34,collaborator
U0632,U0634,2023-09-22T09:28:34,collaborator
U0131,U0843,2023-09-22T10:25:02,acquaintance
U0152,U0153,2023-09-22T11:47:52,collaborator
U0451,U1154,2023-09-22T12:32:31,collaborator
U0540,U0542,2023-09-22T15:58:08,collaborator
U1019,U1020,2023-09-22T16:24:53,collaborator
U0340,U0342,2023-09-23T00:55:50,acquaintance
U0053,U0055,2023-09-23T08:19:30,collaborator
U0598,U1290,2023-09-23T09:07:08,collaborator
U0230,U0231,2023-09-23T10:01:33,collaborator
U0476,U1181,2023-09-23T10:27:40,collaborator
U0289,U0291,2023-09-23T13:17:00,acquaintance
U1269,U1270,2023-09-23T14:15:21,collaborator
U0603,U1295,2023-09-23T17:25:27,collaborator
U1056,U1058,2023-09-23T22:54:57,collaborator
U1388,U1390,2023-09-23T23:44:15,collaborator
U0664,U0665,2023-09-24T01:08:22,collaborator
U0232,U0943,2023-09-24T01:52:00,collaborator
U0796,U0797,2023-09-24T03:14:33,collaborator
U0588,U0591,2023-09-24T05:19:00,acquaintance
U1346,U1347,2023-09-24T05:53:01,collaborator
U1011,U1012,2023-09-24T08:20:14,collaborator
U0386,U1095,2023-09-24T10:47:13,collaborator
U0899,U0903,2023-09-24T14:23:38,collaborator
U1287,U1288,2023-09-24T15:51:25,collaborator
U1349,U1350,2023-09-24T15:55:54,collaborator
U0275,U0985,2023-09-24T17:27:23,acquaintance
U0331,U1038,2023-09-24T18:27:16,acquaintance
U1246,U1249,2023-09-24T20:30:55,collaborator
U0192,U0904,2023-09-24T22:20:28,acquaintance
U0623,U1308,2023-09-25T08:34:34,acquaintance
U1402,U1403,2023-09-25T09:03:53,collaborator
U0731,U0732,2023-09-25T16:10:55,collaborator
U0088,U0089,2023-09-25T17:14:42,collaborator
U0796,U0799,2023-09-25T17:56:59,colleague
U0813,U0815,2023-09-25T20:06:24,colleague
U1107,U1108,2023-09-26T02:40:07,colleague
U0083,U0084,2023-09-26T02:49:33,colleague
U1226,U1227,2023-09-26T03:53:10,collaborator
U0107,U0109,2023-09-26T05:21:30,colleague
U0284,U0285,2023-09-26T06:43:39,collaborator
U0561,U1257,2023-09-26T14:52:31,collaborator
U0773,U0776,2023-09-26T15:44:32,collaborator
U0685,U0686,2023-09-26T19:15:34,collaborator
U1139,U1141,2023-09-26T21:20:29,acquaintance
U0318,U0319,2023-09-26T21:25:06,collaborator
U0031,U0032,2023-09-26T21:26:31,colleague
U1383,U1384,2023-09-26T22:52:07,collaborator
U1091,U1093,2023-09-27T10:38:55,acquaintance
U0544,U1245,2023-09-27T11:02:26,collaborator
U0276,U0277,2023-09-27T13:11:48,colleague
U0518,U0520,2023-09-27T14:25:31,colleague
U0167,U0168,2023-09-28T01:24:00,collaborator
U1387,U1389,2023-09-28T04:26:31,collaborator
U1069,U1071,2023-09-28T07:40:36,colleague
U1262,U1264,2023-09-28T08:16:23,collaborator
U0686,U1369,2023-09-28T12:30:55,collaborator
U0461,U0463,2023-09-28T19:25:37,colleague
U1301,U1302,2023-09-28T19:32:36,acquaintance
U0442,U1148,2023-09-28T20:29:23,collaborator
U1012,U1014,2023-09-28T20:41:49,collaborator
U0702,U0704,2023-09-28T22:03:26,collaborator
U0392,U1100,2023-09-28T22:40:55,collaborator
U0025,U0739,2023-10-01T06:51:06,collaborator
U0015,U0017,2023-10-01T08:45:34,collaborator
U0172,U0173,2023-10-01T10:37:07,acquaintance
U0543,U0544,2023-10-01T12:06:04,collaborator
U1096,U1098,2023-10-01T14:34:17,colleague
U0291,U0292,2023-10-01T17:26:14,collaborator
U1322,U1324,2023-10-02T01:09:31,acquaintance
U0461,U1165,2023-10-02T03:23:39,collaborator
U0012,U0014,2023-10-02T09:23:38,collaborator
U0263,U0264,2023-10-02T15:28:25,collaborator
U0534,U0535,2023-10-02T15:59:27,collaborator
U0164,U0166,2023-10-02T17:34:49,collaborator
U0405,U1111,2023-10-03T00:03:27,collaborator
U0758,U0760,2023-10-03T02:22:49,acquaintance
U0054,U0055,2023-10-03T02:50:22,acquaintance
U0659,U1344,2023-10-03T04:43:57,acquaintance
U1218,U1219,2023-10-03T06:01:22,collaborator
U1292,U1295,2023-10-03T06:15:35,collaborator
U0519,U0521,2023-10-03T06:28:31,colleague
U1227,U1229,2023-10-03T09:10:00,collaborator
U0302,U0304,2023-10-03T09:51:07,acquaintance
U0135,U0137,2023-10-03T11:25:47,acquaintance
U1241,U1243,2023-10-03T11:54:06,collaborator
U1274,U1276,2023-10-03T12:53:16,collaborator
U0709,U1399,2023-10-03T15:19:49,collaborator
U0340,U1047,2023-10-03T17:21:51,acquaintance
U0279,U0989,2023-10-03T22:59:27,colleague
U0694,U0696,2023-10-03T23:34:42,acquaintance
U1011,U1013,2023-10-04T02:25:23,acquaintance
U1239,U1241,2023-10-04T04:22:32,collaborator
U0399,U1106,2023-10-04T05:46:47,collaborator
U0086,U0802,2023-10-04T08:24:27,collaborator
U0550,U1250,2023-10-04T11:43:23,collaborator
U0225,U0938,2023-10-04T12:21:10,collaborator
U0085,U0087,2023-10-04T12:33:54,collaborator
U1034,U1036,2023-10-04T13:21:38,collaborator
U0649,U1335,2023-10-04T14:55:02,collaborator
U1367,U1369,2023-10-04T15:02:44,acquaintance
U0842,U0844,2023-10-04T17:30:31,collaborator
U1301,U1303,2023-10-04T19:10:08,collaborator
U1255,U1257,2023-10-04T21:59:13,collaborator
U1013,U1015,2023-10-04T23:08:11,collaborator
U0267,U0975,2023-10-04T23:15:26,collaborator
U0080,U0795,2023-10-05T02:55:23,collaborator
U0566,U0568,2023-10-05T03:00:47,acquaintance
U0650,U1336,2023-10-05T03:12:20,collaborator
U0051,U0052,2023-10-05T03:31:55,colleague
U1297,U1298,2023-10-05T10:17:30,colleague
U0515,U0517,2023-10-05T11:05:58,collaborator
U1277,U1278,2023-10-05T12:03:25,acquaintance
U0588,U1282,2023-10-05T12:03:50,colleague
U0187,U0191,2023-10-05T13:17:15,acquaintance
U0254,U0257,2023-10-05T14:21:41,colleague
U0812,U0813,2023-10-05T20:23:12,collaborator
U0589,U0592,2023-10-05T20:28:57,colleague
U0699,U0700,2023-10-05T22:38:46,collaborator
U0064,U0776,2023-10-05T22:56:51,collaborator
U1321,U1323,2023-10-06T01:31:50,collaborator
U1176,U1179,2023-10-06T02:11:49,colleague
U0498,U0501,2023-10-06T03:25:04,collaborator
U0083,U0085,2023-10-06T04:00:30,collaborator
U0831,U0832,2023-10-06T04:38:04,collaborator
U0152,U0863,2023-10-06T07:23:29,collaborator
U1090,U1093,2023-10-06T08:38:33,acquaintance
U0575,U1271,2023-10-06T11:22:39,acquaintance
U1355,U1357,2023-10-06T14:35:39,colleague
U1000,U1003,2023-10-06T19:22:52,collaborator
U0159,U0163,2023-10-06T23:10:00,collaborator
U1354,U1355,2023-10-07T00:31:47,colleague
U1335,U1337,2023-10-07T03:57:39,collaborator
U0581,U1276,2023-10-07T04:56:04,colleague
U0827,U0829,2023-10-07T07:07:04,collaborator
U0568,U1265,2023-10-07T16:21:46,acquaintance
U1210,U1212,2023-10-07T17:23:03,collaborator
U0380,U0381,2023-10-07T18:31:55,collaborator
U0326,U0328,2023-10-07T20:38:46,collaborator
U0799,U0800,2023-10-07T21:57:31,acquaintance
U0147,U0150,2023-10-07T23:52:22,collaborator
U0975,U0977,2023-10-08T05:07:19,collaborator
U0425,U0426,2023-10-08T07:46:04,collaborator
U0694,U1381,2023-10-08T09:03:35,acquaintance
U0850,U0852,2023-10-08T09:36:41,collaborator
U0623,U0625,2023-10-08T16:11:28,collaborator
U0893,U0897,2023-10-08T20:47:37,collaborator
U0509,U1209,2023-10-09T00:26:21,collaborator
U0605,U1297,2023-10-09T02:08:48,collaborator
U0462,U0463,2023-10-09T04:11:18,collaborator
U0423,U0424,2023-10-09T04:15:39,acquaintance
U0762,U0763,2023-10-09T05:26:28,collaborator
U0773,U0774,2023-10-09T05:40:06,collaborator
U0506,U0507,2023-10-09T10:58:48,collaborator
U0479,U0481,2023-10-09T14:36:52,collaborator
U0397,U1105,2023-10-09T17:09:15,collaborator
U0454,U0456,2023-10-09T18:20:01,colleague
U0454,U1157,2023-10-09T23:32:40,collaborator
U0057,U0061,2023-10-09T23:46:58,collaborator
U0562,U0563,2023-10-10T00:39:20,collaborator
U0597,U0598,2023-10-10T05:09:46,collaborator
U1131,U1133,2023-10-10T07:25:53,collaborator
U0251,U0254,2023-10-10T07:56:49,collaborator
U0483,U0484,2023-10-10T08:38:35,collaborator
U0134,U0136,2023-10-10T10:53:08,collaborator
U1250,U1251,2023-10-10T12:52:25,collaborator
U0869,U0870,2023-10-10T13:54:40,acquaintance
U0491,U0493,2023-10-10T17:38:13,colleague
U0150,U0861,2023-10-10T19:40:03,colleague
U0311,U0313,2023-10-10T22:45:19,collaborator
U0472,U1176,2023-10-11T03:33:08,collaborator
U0410,U0412,2023-10-11T03:36:53,acquaintance
U0986,U0987,2023-10-11T05:10:59,colleague
U1174,U1176,2023-10-11T06:16:43,collaborator
U0997,U0998,2023-10-11T07:44:22,collaborator
U1317,U1320,2023-10-11T11:42:18,collaborator
U0397,U0399,2023-10-11T15:56:10,collaborator
U0625,U0627,2023-10-11T17:50:35,colleague
U0651,U0653,2023-10-11T20:11:45,collaborator
U1300,U1301,2023-10-12T05:14:41,collaborator
U0137,U0139,2023-10-12T12:48:01,collaborator
U0708,U0709,2023-10-12T13:55:02,collaborator
U1036,U1038,2023-10-12T17:24:04,acquaintance
U0015,U0016,2023-10-12T17:31:01,collaborator
U0504,U1204,2023-10-12T19:04:54,colleague
U0552,U1252,2023-10-12T19:24:45,acquaintance
U0274,U0982,2023-10-13T01:39:20,collaborator
U0376,U0381,2023-10-13T01:45:48,collaborator
U0054,U0768,2023-10-13T03:27:30,collaborator
U0017,U0730,2023-10-13T08:11:28,collaborator
U0513,U1212,2023-10-13T08:25:27,collaborator
U0022,U0023,2023-10-13T10:01:37,colleague
U0320,U0321,2023-10-13T12:02:49,collaborator
U0991,U0993,2023-10-13T13:40:58,collaborator
U0356,U1063,2023-10-13T14:46:30,colleague
U0909,U0911,2023-10-13T15:55:46,collaborator
U0575,U0577,2023-10-13T16:33:53,acquaintance
U0230,U0941,2023-10-13T22:27:23,acquaintance
U0136,U0137,2023-10-14T11:43:45,colleague
U0926,U0928,2023-10-14T11:54:46,collaborator
U0403,U0405,2023-10-14T13:29:44,collaborator
U0353,U0355,2023-10-14T13:40:50,collaborator
U0521,U1220,2023-10-14T16:47:27,collaborator
U0380,U0382,2023-10-14T17:09:56,collaborator
U0748,U0750,2023-10-14T18:19:12,colleague
U0247,U0249,2023-10-14T18:28:54,collaborator
U0166,U0168,2023-10-14T23:21:54,acquaintance
U0693,U1379,2023-10-15T00:32:30,collaborator
U0932,U0933,2023-10-15T05:02:59,acquaintance
U1331,U1332,2023-10-15T14:58:09,colleague
U0835,U0837,2023-10-15T17:39:32,collaborator
U0842,U0843,2023-10-15T20:59:45,collaborator
U0626,U1311,2023-10-15T20:59:52,collaborator
U1132,U1133,2023-10-15T21:16:32,collaborator
U0527,U1227,2023-10-15T22:15:30,collaborator
U0055,U0769,2023-10-15T23:04:50,acquaintance
U1272,U1274,2023-10-16T05:54:59,acquaintance
U0210,U0924,2023-10-16T06:05:47,collaborator
U1289,U1292,2023-10-16T07:08:57,acquaintance
U0507,U0508,2023-10-16T07:19:02,collaborator
U0569,U0570,2023-10-16T07:21:31,collaborator
U1381,U1383,2023-10-16T15:55:11,collaborator
U0288,U0290,2023-10-16T21:03:14,colleague
U0985,U0986,2023-10-16T21:40:54,collaborator
U1304,U1305,2023-10-17T02:59:11,collaborator
U0354,U1060,2023-10-17T05:20:42,acquaintance
U0150,U0152,2023-10-17T09:47:18,acquaintance
U0452,U1155,2023-10-17T16:37:50,colleague
U1044,U1046,2023-10-17T17:02:41,collaborator
U0713,U0715,2023-10-17T21:07:25,collaborator
U0693,U0695,2023-10-17T21:52:58,collaborator
U0579,U1274,2023-10-18T02:31:09,collaborator
U1035,U1036,2023-10-18T04:23:55,collaborator
U0046,U0758,2023-10-18T07:13:56,collaborator
U0603,U0604,2023-10-18T11:16:55,collaborator
U0553,U0556,2023-10-18T13:51:39,collaborator
U1127,U1128,2023-10-18T15:09:53,collaborator
U0675,U0676,2023-10-18T19:48:16,acquaintance
U0453,U1156,2023-10-18T20:54:32,acquaintance
U0067,U0069,2023-10-18T23:14:57,colleague
U0065,U0778,2023-10-19T04:11:59,collaborator
U0366,U0369,2023-10-19T06:35:26,acquaintance
U0345,U0346,2023-10-19T09:20:49,collaborator
U0684,U0685,2023-10-19T11:40:42,collaborator
U0446,U0451,2023-10-19T14:45:28,colleague
U0892,U0893,2023-10-19T15:17:42,collaborator
U1023,U1025,2023-10-19T16:19:50,acquaintance
U0412,U0413,2023-10-19T21:31:27,colleague
U0676,U0678,2023-10-19T23:57:41,colleague
U0687,U1371,2023-10-20T01:07:08,collaborator
U0970,U0972,2023-10-20T03:28:37,acquaintance
U1197,U1198,2023-10-20T03:32:35,acquaintance
U1250,U1252,2023-10-20T04:12:34,collaborator
U0690,U1373,2023-10-20T09:23:46,collaborator
U1232,U1234,2023-10-20T14:47:38,collaborator
U0643,U0646,2023-10-20T17:26:35,colleague
U0023,U0024,2023-10-20T20:16:10,collaborator
U0631,U1316,2023-10-20T23:40:50,acquaintance
U0510,U0513,2023-10-21T02:53:02,collaborator
U0323,U0324,2023-10-21T06:04:12,acquaintance
U0667,U0668,2023-10-21T06:08:50,collaborator
U0660,U0661,2023-10-21T06:46:22,collaborator
U1350,U1351,2023-10-21T13:33:00,collaborator
U0626,U0628,2023-10-21T14:35:14,collaborator
U0089,U0091,2023-10-21T17:36:25,colleague
U0679,U0681,2023-10-21T19:42:05,acquaintance
U0519,U0520,2023-10-21T20:02:03,collaborator
U0535,U0536,2023-10-22T01:23:12,collaborator
U0589,U0591,2023-10-22T04:27:57,collaborator
U0062,U0065,2023-10-22T05:29:31,acquaintance
U0760,U0761,2023-10-22T09:34:27,collaborator
U1052,U1053,2023-10-22T14:59:56,collaborator
U0717,U0719,2023-10-22T15:01:21,acquaintance
U0143,U0144,2023-10-22T17:41:37,collaborator
U0906,U0907,2023-10-23T01:47:53,colleague
U1013,U1014,2023-10-23T02:20:41,acquaintance
U0639,U0640,2023-10-23T04:49:35,acquaintance
U0279,U0283,2023-10-23T09:19:52,acquaintance
U0223,U0227,2023-10-23T12:15:19,acquaintance
U0456,U1160,2023-10-23T16:16:38,collaborator
U1078,U1079,2023-10-23T20:03:16,collaborator
U0898,U0901,2023-10-23T20:23:48,collaborator
U0527,U0529,2023-10-23T21:49:02,colleague
U0359,U1067,2023-10-24T00:05:53,collaborator
U1282,U1283,2023-10-24T00:13:55,colleague
U1182,U1184,2023-10-24T00:43:52,collaborator
U0990,U0991,2023-10-24T03:52:03,collaborator
U0873,U0874,2023-10-24T06:32:32,acquaintance
U0072,U0073,2023-10-24T10:49:52,collaborator
U0710,U1401,2023-10-24T12:56:27,collaborator
U0584,U1279,2023-10-24T13:25:36,colleague
U1060,U1063,2023-10-24T17:56:20,acquaintance
U0874,U0876,2023-10-24T19:14:15,colleague
U0214,U0216,2023-10-24T21:10:33,collaborator
U0052,U0054,2023-10-24T21:33:50,collaborator
U0471,U0472,2023-10-24T23:54:54,acquaintance
U1359,U1360,2023-10-25T10:45:08,collaborator
U0025,U0027,2023-10-25T11:15:44,collaborator
U0880,U0881,2023-10-25T13:13:33,collaborator
U0363,U1071,2023-10-25T16:16:45,colleague
U0270,U0272,2023-10-25T17:27:26,collaborator
U0943,U0944,2023-10-25T21:03:37,collaborator
U0128,U0131,2023-10-26T09:41:44,collaborator
U0006,U0007,2023-10-26T09:46:17,acquaintance
U1359,U1361,2023-10-26T14:12:47,collaborator
U0521,U0524,2023-10-26T14:31:14,acquaintance
U0127,U0128,2023-10-26T16:20:24,acquaintance
U0030,U0031,2023-10-27T00:54:45,collaborator
U0490,U0492,2023-10-27T03:16:49,collaborator
U0388,U0390,2023-10-27T04:34:02,acquaintance
U0717,U0718,2023-10-27T08:09:06,acquaintance
U0269,U0271,2023-10-27T09:22:50,acquaintance
U0241,U0244,2023-10-27T10:34:35,acquaintance
U0732,U0735,2023-10-27T12:58:27,acquaintance
U0150,U0151,2023-10-27T13:01:53,acquaintance
U0587,U1281,2023-10-27T15:34:39,collaborator
U0203,U0204,2023-10-27T16:20:38,collaborator
U0015,U0728,2023-10-27T17:15:00,collaborator
U0179,U0181,2023-10-27T17:57:40,collaborator
U1160,U1162,2023-10-28T01:01:09,collaborator
U0405,U0406,2023-10-28T07:55:18,collaborator
U0846,U0847,2023-10-28T11:39:46,collaborator
U0409,U1118,2023-10-28T12:57:13,collaborator
U0583,U0584,2023-10-28T14:32:53,acquaintance
U0342,U1048,2023-10-28T15:32:04,acquaintance
U0336,U0337,2023-10-28T17:59:13,collaborator
U0216,U0218,2023-10-28T20:40:21,acquaintance
U1007,U1008,2023-10-28T20:40:58,colleague
U0429,U1138,2023-10-28T21:18:27,acquaintance
U0742,U0743,2023-11-01T00:02:45,collaborator
U0289,U0997,2023-11-01T02:11:11,collaborator
U0260,U0968,2023-11-01T06:17:05,collaborator
U0835,U0838,2023-11-01T12:58:36,collaborator
U0553,U1253,2023-11-01T17:29:05,collaborator
U0725,U0727,2023-11-01T22:21:00,colleague
U0295,U0298,2023-11-01T22:38:00,acquaintance
U0679,U1363,2023-11-01T23:00:55,collaborator
U0122,U0835,2023-11-02T03:28:04,collaborator
U0634,U0635,2023-11-02T08:35:20,acquaintance
U0103,U0104,2023-11-02T12:32:46,collaborator
U0319,U0321,2023-11-02T14:49:05,collaborator
U0761,U0762,2023-11-02T14:54:29,collaborator
U0264,U0266,2023-11-02T17:33:01,acquaintance
U1283,U1285,2023-11-02T21:08:53,collaborator
U0891,U0892,2023-11-03T05:51:35,collaborator
U0890,U0891,2023-11-03T06:28:52,collaborator
U0097,U0099,2023-11-03T09:15:25,collaborator
U0074,U0076,2023-11-03T18:45:14,colleague
U0183,U0894,2023-11-03T22:16:04,acquaintance
U0806,U0807,2023-11-03T22:58:58,collaborator
U0319,U1024,2023-11-04T02:17:55,colleague
U1067,U1069,2023-11-04T02:23:51,collaborator
U0872,U0874,2023-11-04T05:12:45,collaborator
U1021,U1022,2023-11-04T06:27:06,collaborator
U1200,U1202,2023-11-04T08:43:27,collaborator
U1249,U1251,2023-11-04T08:53:57,collaborator
U0145,U0146,2023-11-04T10:29:09,collaborator
U0421,U1130,2023-11-04T10:35:53,colleague
U1063,U1065,2023-11-04T17:40:56,collaborator
U0273,U0275,2023-11-04T19:31:40,collaborator
U0153,U0864,2023-11-05T04:26:58,collaborator
U0848,U0850,2023-11-05T05:57:04,acquaintance
U0273,U0274,2023-11-05T09:18:12,collaborator
U0048,U0050,2023-11-05T11:07:00,collaborator
U1260,U1262,2023-11-05T14:17:17,collaborator
U0657,U0660,2023-11-05T17:34:35,collaborator
U1185,U1187,2023-11-05T18:31:22,collaborator
U0187,U0190,2023-11-05T19:26:21,collaborator
U0897,U0898,2023-11-05T22:50:56,acquaintance
U0187,U0899,2023-11-05T23:01:12,acquaintance
U0532,U1232,2023-11-06T06:44:15,colleague
U1316,U1320,2023-11-06T10:48:24,collaborator
U0362,U0364,2023-11-06T11:28:51,collaborator
U0675,U1360,2023-11-06T16:02:30,collaborator
U1281,U1282,2023-11-06T16:30:57,collaborator
U1189,U1190,2023-11-06T18:16:32,collaborator
U0151,U0153,2023-11-06T18:26:18,colleague
U0058,U0772,2023-11-06T19:44:35,collaborator
U0574,U1270,2023-11-06T22:59:39,collaborator
U0387,U1096,2023-11-07T00:04:29,collaborator
U0599,U0600,2023-11-07T02:39:19,collaborator
U0041,U0042,2023-11-07T02:52:45,acquaintance
U0194,U0196,2023-11-07T07:31:02,collaborator
U0293,U0294,2023-11-07T07:38:29,acquaintance
U0483,U0485,2023-11-07T09:26:31,acquaintance
U0819,U0820,2023-11-07T13:17:10,acquaintance
U0715,U0717,2023-11-07T13:55:38,collaborator
U0771,U0772,2023-11-07T14:46:59,colleague
U0938,U0939,2023-11-07T15:14:29,acquaintance
U0820,U0822,2023-11-07T15:39:40,acquaintance
U0858,U0861,2023-11-07T16:29:34,collaborator
U0736,U0737,2023-11-07T16:52:44,collaborator
U0109,U0824,2023-11-07T20:08:14,collaborator
U0343,U1049,2023-11-07T20:26:38,colleague
U0305,U1013,2023-11-07T20:56:26,colleague
U0886,U0888,2023-11-07T23:02:30,collaborator
U0401,U1107,2023-11-08T03:09:22,colleague
U0843,U0844,2023-11-08T06:11:02,collaborator
U1309,U1310,2023-11-08T07:16:45,collaborator
U0298,U0300,2023-11-08T08:42:44,collaborator
U0919,U0921,2023-11-08T09:35:05,collaborator
U0801,U0802,2023-11-08T10:36:47,colleague
U0017,U0018,2023-11-08T12:53:42,collaborator
U0380,U1085,2023-11-08T12:55:19,collaborator
U0476,U0477,2023-11-08T14:33:00,collaborator
U0200,U0913,2023-11-08T15:18:35,collaborator
U0131,U0134,2023-11-08T16:04:44,acquaintance
U0031,U0745,2023-11-08T16:40:35,acquaintance
U1026,U1029,2023-11-08T17:44:22,collaborator
U1176,U1177,2023-11-08T21:28:35,acquaintance
U0285,U0992,2023-11-08T23:51:49,colleague
U0358,U0359,2023-11-09T03:14:48,acquaintance
U1187,U1188,2023-11-09T07:28:07,colleague
U1323,U1325,2023-11-09T09:16:20,acquaintance
U0993,U0995,2023-11-09T11:19:35,collaborator
U1352,U1354,2023-11-09T15:52:08,colleague
U0104,U0819,2023-11-09T16:54:04,collaborator
U0954,U0956,2023-11-09T18:25:26,collaborator
U0374,U0375,2023-11-09T18:37:17,acquaintance
U0387,U0389,2023-11-10T00:43:54,colleague
U0248,U0958,2023-11-10T02:09:52,collaborator
U1109,U1114,2023-11-10T02:23:51,acquaintance
U0390,U0393,2023-11-10T03:26:14,collaborator
U1031,U1033,2023-11-10T04:28:21,collaborator
U0743,U0745,2023-11-10T05:30:10,collaborator
U1141,U1142,2023-11-10T06:42:03,collaborator
U1103,U1105,2023-11-10T06:43:02,collaborator
U0231,U0232,2023-11-10T07:31:32,acquaintance
U0670,U1355,2023-11-10T07:33:04,collaborator
U0824,U0826,2023-11-10T08:47:28,collaborator
U0125,U0839,2023-11-10T19:10:09,collaborator
U1270,U1272,2023-11-10T20:24:29,colleague
U0396,U1104,2023-11-10T20:53:26,collaborator
U0940,U0942,2023-11-10T23:37:19,acquaintance
U0675,U0678,2023-11-11T03:14:34,collaborator
U0956,U0958,2023-11-11T04:34:37,collaborator
U0671,U0672,2023-11-11T06:43:23,acquaintance
U0596,U1288,2023-11-11T12:20:53,collaborator
U0892,U0894,2023-11-11T13:55:08,colleague
U0665,U0666,2023-11-11T15:03:48,collaborator
U0044,U0045,2023-11-11T17:58:39,collaborator
U0322,U1028,2023-11-11T18:03:53,collaborator
U0064,U0067,2023-11-11T21:03:43,collaborator
U0869,U0871,2023-11-12T00:09:56,acquaintance
U0921,U0922,2023-11-12T01:52:28,collaborator
U0070,U0073,2023-11-12T04:53:12,collaborator
U0564,U0566,2023-11-12T07:08:14,collaborator
U1007,U1009,2023-11-12T07:39:29,collaborator
U0114,U0115,2023-11-12T08:43:48,acquaintance
U0042,U0044,2023-11-12T10:21:20,acquaintance
U0007,U0719,2023-11-12T10:45:50,collaborator
U0373,U0374,2023-11-12T12:03:01,acquaintance
U1050,U1052,2023-11-12T16:52:46,collaborator
U0420,U0422,2023-11-12T17:39:02,collaborator
U0407,U0409,2023-11-12T20:54:48,colleague
U0882,U0883,2023-11-12T21:26:23,acquaintance
U1182,U1183,2023-11-12T21:29:28,acquaintance
U0553,U0554,2023-11-12T21:33:16,colleague
U1179,U1181,2023-11-12T23:18:51,collaborator
U0511,U1211,2023-11-13T08:10:13,collaborator
U0748,U0749,2023-11-13T08:42:01,collaborator
U0345,U0347,2023-11-13T11:23:57,collaborator
U0257,U0260,2023-11-13T12:36:34,acquaintance
U0694,U0695,2023-11-13T18:02:11,acquaintance
U0501,U0504,2023-11-13T18:18:41,collaborator
U1080,U1083,2023-11-13T18:45:16,colleague
U0628,U1314,2023-11-13T20:16:22,collaborator
U1305,U1307,2023-11-13T22:59:04,collaborator
U0685,U0687,2023-11-14T05:30:35,collaborator
U1282,U1284,2023-11-14T08:57:02,collaborator
U0014,U0015,2023-11-14T09:01:20,acquaintance
U1351,U1352,2023-11-14T11:24:46,acquaintance
U0828,U0830,2023-11-14T13:24:45,acquaintance
U0815,U0817,2023-11-14T16:30:51,collaborator
U1403,U1404,2023-11-14T17:05:14,colleague
U0739,U0741,2023-11-14T19:13:47,acquaintance
U0697,U1384,2023-11-14T19:24:59,collaborator
U1133,U1134,2023-11-14T21:34:19,collaborator
U0706,U0708,2023-11-14T21:50:30,collaborator
U0303,U1011,2023-11-15T00:30:12,collaborator
U0596,U0597,2023-11-15T01:34:17,acquaintance
U1328,U1329,2023-11-15T02:13:31,collaborator
U0222,U0934,2023-11-15T04:09:10,collaborator
U0422,U0424,2023-11-15T04:20:21,collaborator
U0490,U0491,2023-11-15T04:47:03,colleague
U0597,U0599,2023-11-15T11:22:47,collaborator
U0551,U0553,2023-11-15T14:23:25,collaborator
U0101,U0816,2023-11-15T16:12:00,acquaintance
U0447,U0451,2023-11-15T18:02:28,collaborator
U0428,U1137,2023-11-15T19:28:17,collaborator
U0128,U0132,2023-11-15T20:33:49,colleague
U0277,U0987,2023-11-15T22:08:41,collaborator
U0218,U0929,2023-11-15T22:46:49,collaborator
U1277,U1279,2023-11-15T23:44:17,acquaintance
U1117,U1119,2023-11-16T00:51:15,colleague
U1163,U1165,2023-11-16T00:51:42,collaborator
U0852,U0854,2023-11-16T05:40:29,collaborator
U0772,U0774,2023-11-16T12:45:41,collaborator
U0086,U0088,2023-11-16T14:10:38,colleague
U1111,U1114,2023-11-16T14:39:09,collaborator
U0818,U0820,2023-11-16T15:02:04,collaborator
U0079,U0794,2023-11-16T15:27:08,acquaintance
U0958,U0960,2023-11-16T18:45:26,acquaintance
U0708,U1398,2023-11-16T22:41:02,collaborator
U0854,U0856,2023-11-16T22:42:43,acquaintance
U1207,U1208,2023-11-17T00:07:04,acquaintance
U0579,U0580,2023-11-17T06:04:12,collaborator
U0770,U0771,2023-11-17T06:15:06,collaborator
U1273,U1275,2023-11-17T13:31:16,acquaintance
U0622,U1307,2023-11-17T22:12:25,acquaintance
U0101,U0102,2023-11-17T23:33:03,collaborator
U1368,U1369,2023-11-18T02:04:39,acquaintance
U0990,U0992,2023-11-18T03:29:57,colleague
U0657,U0659,2023-11-18T04:10:38,collaborator
U0870,U0871,2023-11-18T08:09:44,collaborator
U0944,U0945,2023-11-18T10:57:12,collaborator
U0004,U0717,2023-11-18T15:45:52,collaborator
U0631,U0633,2023-11-18T16:46:40,colleague
U0797,U0799,2023-11-18T19:57:16,colleague
U1268,U1269,2023-11-18T21:38:54,acquaintance
U0676,U1361,2023-11-18T21:48:51,collaborator
U1150,U1151,2023-11-18T22:34:17,acquaintance
U1255,U1256,2023-11-19T00:20:23,colleague
U0509,U0511,2023-11-19T02:56:39,colleague
U1278,U1280,2023-11-19T03:24:46,acquaintance
U1236,U1237,2023-11-19T03:31:24,collaborator
U0395,U0396,2023-11-19T05:04:23,acquaintance
U0183,U0185,2023-11-19T09:06:26,collaborator
U1402,U1404,2023-11-19T11:06:46,acquaintance
U0563,U1259,2023-11-19T11:19:46,collaborator
U0981,U0982,2023-11-19T11:33:01,collaborator
U0227,U0229,2023-11-19T11:50:20,collaborator
U0921,U0924,2023-11-19T13:36:21,acquaintance
U0012,U0725,2023-11-19T14:13:29,collaborator
U0534,U1234,2023-11-19T18:00:05,colleague
U0396,U0397,2023-11-19T23:08:21,collaborator
U0516,U0517,2023-11-19T23:53:33,collaborator
U1278,U1279,2023-11-20T00:47:31,collaborator
U0027,U0028,2023-11-20T01:04:50,collaborator
U0571,U0573,2023-11-20T01:47:47,collaborator
U1209,U1211,2023-11-20T04:18:20,collaborator
U0019,U0022,2023-11-20T05:24:56,acquaintance
U0444,U0447,2023-11-20T09:46:41,acquaintance
U0800,U0801,2023-11-20T12:09:08,acquaintance
U1148,U1150,2023-11-20T13:28:15,colleague
U0567,U0568,2023-11-20T14:10:53,colleague
U1136,U1137,2023-11-20T17:54:00,collaborator
U0762,U0764,2023-11-20T18:01:51,collaborator
U0604,U0605,2023-11-20T18:27:33,collaborator
U1201,U1204,2023-11-20T19:54:10,colleague
U1195,U1197,2023-11-20T20:35:09,collaborator
U1347,U1348,2023-11-21T00:18:35,collaborator
U0028,U0030,2023-11-21T03:30:58,collaborator
U0549,U0551,2023-11-21T04:17:04,colleague
U0287,U0994,2023-11-21T04:37:09,collaborator
U0358,U1065,2023-11-21T05:19:06,colleague
U0484,U1189,2023-11-21T07:28:18,collaborator
U0959,U0960,2023-11-21T10:21:00,collaborator
U0044,U0046,2023-11-21T11:59:54,collaborator
U1337,U1339,2023-11-21T13:12:39,acquaintance
U0916,U0919,2023-11-21T13:42:43,colleague
U1145,U1146,2023-11-21T17:03:45,colleague
U0822,U0823,2023-11-21T18:03:23,collaborator
U0872,U0873,2023-11-21T18:31:18,colleague
U0002,U0004,2023-11-21T22:11:50,collaborator
U0457,U0459,2023-11-22T01:52:26,collaborator
U0627,U0628,2023-11-22T07:17:41,acquaintance
U1312,U1315,2023-11-22T09:27:23,colleague
U0134,U0135,2023-11-22T11:47:09,collaborator
U0249,U0250,2023-11-22T11:58:42,collaborator
U1209,U1210,2023-11-22T12:44:58,acquaintance
U1114,U1115,2023-11-22T13:48:35,acquaintance
U0284,U0991,2023-11-22T14:21:54,acquaintance
U1185,U1186,2023-11-22T15:22:48,collaborator
U0073,U0785,2023-11-22T19:44:38,collaborator
U0682,U0684,2023-11-22T23:45:01,acquaintance
U0044,U0756,2023-11-23T02:46:13,colleague
U0584,U0587,2023-11-23T09:25:55,acquaintance
U0143,U0854,2023-11-23T16:24:48,collaborator
U0422,U1131,2023-11-23T18:00:05,acquaintance
U0181,U0182,2023-11-23T21:48:41,collaborator
U1240,U1241,2023-11-24T00:42:58,collaborator
U0348,U0351,2023-11-24T04:30:38,collaborator
U1244,U1245,2023-11-24T04:51:55,collaborator
U0148,U0859,2023-11-24T12:03:26,acquaintance
U0362,U1070,2023-11-24T14:25:43,collaborator
U0191,U0903,2023-11-24T16:39:16,colleague
U0457,U0458,2023-11-24T17:08:26,colleague
U0652,U0654,2023-11-24T18:10:23,collaborator
U1315,U1317,2023-11-24T18:35:05,colleague
U0272,U0274,2023-11-24T19:16:29,acquaintance
U1015,U1017,2023-11-24T19:26:37,collaborator
U0293,U0295,2023-11-24T20:34:58,collaborator
U0169,U0170,2023-11-24T22:20:15,collaborator
U0393,U0395,2023-11-24T22:28:13,collaborator
U0910,U0913,2023-11-25T03:38:09,colleague
U1256,U1258,2023-11-25T07:30:05,collaborator
U0404,U0406,2023-11-25T13:07:23,collaborator
U1006,U1008,2023-11-25T15:54:30,acquaintance
U1165,U1166,2023-11-25T16:21:43,collaborator
U0707,U1397,2023-11-25T22:28:17,collaborator
U1253,U1255,2023-11-26T02:09:56,collaborator
U0385,U0386,2023-11-26T02:30:38,colleague
U0965,U0967,2023-11-26T03:15:19,collaborator
U1247,U1249,2023-11-26T06:21:15,collaborator
U1128,U1130,2023-11-26T07:25:13,acquaintance
U1373,U1375,2023-11-26T15:12:53,collaborator
U0487,U0488,2023-11-26T21:04:55,acquaintance
U1194,U1196,2023-11-26T23:50:23,acquaintance
U0335,U0337,2023-11-27T01:38:04,collaborator
U0198,U0910,2023-11-27T06:16:51,acquaintance
U0953,U0955,2023-11-27T06:26:08,colleague
U0713,U0714,2023-11-27T09:35:05,collaborator
U0061,U0062,2023-11-27T10:04:01,collaborator
U1138,U1139,2023-11-27T10:22:45,acquaintance
U0326,U1033,2023-11-27T12:39:06,colleague
U0186,U0898,2023-11-27T12:51:04,acquaintance
U1151,U1152,2023-11-27T14:37:50,collaborator
U1081,U1083,2023-11-27T16:58:26,acquaintance
U0196,U0197,2023-11-27T20:15:35,collaborator
U0574,U0576,2023-11-28T01:47:51,collaborator
U0703,U1392,2023-11-28T06:48:40,collaborator
U0250,U0960,2023-11-28T07:14:29,colleague
U0873,U0875,2023-11-28T07:59:53,acquaintance
U0453,U0454,2023-11-28T08:20:06,colleague
U0551,U0552,2023-11-28T11:42:21,collaborator
U0934,U0938,2023-11-28T12:48:01,collaborator
U0277,U0278,2023-11-28T15:06:56,colleague
U0622,U0624,2023-11-28T16:41:35,collaborator
U1072,U1073,2023-11-28T19:32:02,collaborator
U1264,U1265,2023-11-28T21:21:26,acquaintance
U1344,U1346,2023-11-28T23:19:08,collaborator
U0997,U1369,2023-12-01T00:00:00,acquaintance
U0628,U1091,2023-12-01T00:00:01,acquaintance
U0753,U1341,2023-12-01T00:00:02,acquaintance
U0265,U1211,2023-12-01T00:00:03,collaborator
U0634,U0793,2023-12-02T00:00:01,collaborator
U0771,U1134,2023-12-02T00:00:02,collaborator
U0493,U0779,2023-12-02T00:00:03,collaborator
U0315,U0705,2023-12-02T00:00:04,collaborator
U0292,U1107,2023-12-03T00:00:01,colleague
U0277,U0498,2023-12-03T00:00:02,acquaintance
U0215,U0336,2023-12-03T00:00:03,collaborator
U0623,U1300,2023-12-03T00:00:04,collaborator
U0548,U0819,2023-12-04T00:00:01,acquaintance
U0093,U0143,2023-12-04T00:00:02,colleague
U0239,U1335,2023-12-04T00:00:03,collaborator
U0193,U0346,2023-12-04T00:00:04,collaborator
U0434,U1022,2023-12-05T00:00:01,colleague
U0155,U0245,2023-12-05T00:00:02,colleague
U0191,U1010,2023-12-05T00:00:03,collaborator
U0431,U1132,2023-12-05T00:00:04,colleague
U0321,U1347,2023-12-06T00:00:01,collaborator
U0292,U1328,2023-12-06T00:00:02,collaborator
U0070,U0650,2023-12-06T00:00:03,collaborator
U0407,U0625,2023-12-06T00:00:04,collaborator
U0427,U0749,2023-12-07T00:00:01,colleague
U0824,U1358,2023-12-07T00:00:02,acquaintance
U0166,U0726,2023-12-07T00:00:03,collaborator
U0057,U0567,2023-12-08T00:00:00,acquaintance
U0356,U0469,2023-12-08T00:00:01,collaborator
U0822,U1299,2023-12-08T00:00:02,collaborator
U0571,U1091,2023-12-08T00:00:03,colleague
U0908,U0938,2023-12-09T00:00:01,collaborator
U0397,U1167,2023-12-09T00:00:02,acquaintance
U0571,U1306,2023-12-09T00:00:03,collaborator
U0635,U0712,2023-12-09T00:00:04,acquaintance
U0530,U1084,2023-12-10T00:00:01,acquaintance
U0195,U0785,2023-12-10T00:00:02,acquaintance
U0954,U0971,2023-12-10T00:00:03,collaborator
U0372,U0957,2023-12-10T00:00:04,acquaintance
U0542,U1068,2023-12-11T00:00:01,collaborator
U0221,U0659,2023-12-11T00:00:02,acquaintance
U0027,U1065,2023-12-11T00:00:03,colleague
U0159,U1208,2023-12-11T00:00:04,colleague
U0736,U1368,2023-12-12T00:00:01,collaborator
U0760,U0929,2023-12-12T00:00:02,acquaintance
U0483,U1137,2023-12-12T00:00:03,acquaintance
U0552,U0668,2023-12-12T00:00:04,collaborator
U0779,U1141,2023-12-13T00:00:01,collaborator
U0875,U1074,2023-12-13T00:00:02,acquaintance
U0087,U0382,2023-12-13T00:00:03,acquaintance
U0821,U0962,2023-12-13T00:00:04,collaborator
U0383,U0521,2023-12-14T00:00:01,colleague
U0452,U1309,2023-12-14T00:00:02,acquaintance
U0131,U0326,2023-12-14T00:00:03,collaborator
U0692,U0756,2023-12-15T00:00:00,collaborator
U0570,U0857,2023-12-15T00:00:01,colleague
U0487,U0928,2023-12-15T00:00:02,acquaintance
U0180,U0873,2023-12-15T00:00:03,collaborator
U0707,U1039,2023-12-16T00:00:01,collaborator
U0752,U1018,2023-12-16T00:00:02,collaborator
U0914,U1344,2023-12-16T00:00:03,collaborator
U0111,U1350,2023-12-16T00:00:04,acquaintance
U0714,U0919,2023-12-17T00:00:01,colleague
U0437,U0759,2023-12-17T00:00:02,collaborator
U0300,U0869,2023-12-17T00:00:03,collaborator
U0051,U0074,2023-12-17T00:00:04,collaborator
U0194,U0791,2023-12-18T00:00:01,acquaintance
U0936,U1257,2023-12-18T00:00:02,collaborator
U1065,U1175,2023-12-18T00:00:03,collaborator
U0052,U0638,2023-12-18T00:00:04,collaborator
U0579,U1156,2023-12-19T00:00:01,colleague
U0108,U0716,2023-12-19T00:00:02,acquaintance
U0250,U0426,2023-12-19T00:00:03,collaborator
U0559,U0936,2023-12-19T00:00:04,collaborator
U0024,U1199,2023-12-20T00:00:01,acquaintance
U0369,U0958,2023-12-20T00:00:02,collaborator
U0119,U0434,2023-12-20T00:00:03,colleague
U0097,U0903,2023-12-20T00:00:04,collaborator
U0567,U0611,2023-12-21T00:00:01,colleague
U0034,U0513,2023-12-21T00:00:02,collaborator
U0191,U0814,2023-12-21T00:00:03,colleague
U0187,U0792,2023-12-22T00:00:00,collaborator
U0460,U0671,2023-12-22T00:00:01,acquaintance
U0180,U0357,2023-12-22T00:00:02,collaborator
U0752,U0940,2023-12-22T00:00:03,collaborator
U0078,U0364,2023-12-23T00:00:01,colleague
U0053,U1085,2023-12-23T00:00:02,acquaintance
U0652,U0692,2023-12-23T00:00:03,acquaintance
U0200,U0941,2023-12-23T00:00:04,collaborator
U0166,U0689,2023-12-24T00:00:01,collaborator
U0728,U0936,2023-12-24T00:00:02,acquaintance
U0810,U1278,2023-12-24T00:00:03,collaborator
U0517,U0748,2023-12-24T00:00:04,collaborator
U0407,U0532,2023-12-25T00:00:01,collaborator
U0138,U0263,2023-12-25T00:00:02,collaborator
U0260,U0588,2023-12-25T00:00:03,collaborator
U1042,U1085,2023-12-25T00:00:04,collaborator
U0361,U1315,2023-12-26T00:00:01,collaborator
U0200,U0925,2023-12-26T00:00:02,collaborator
U0447,U1195,2023-12-26T00:00:03,colleague
U0415,U0972,2023-12-26T00:00:04,collaborator
U0460,U0929,2023-12-27T00:00:01,collaborator
U1075,U1278,2023-12-27T00:00:02,collaborator
U0142,U0257,2023-12-27T00:00:03,collaborator
U0755,U1299,2023-12-27T00:00:04,colleague
U0396,U0527,2023-12-28T00:00:01,collaborator
U0803,U1343,2023-12-28T00:00:02,collaborator
U0571,U0822,2023-12-28T00:00:03,collaborator
U0142,U0668,2024-01-01T00:00:00,acquaintance
U0317,U0877,2024-01-01T00:00:01,colleague
U0062,U0712,2024-01-01T00:00:02,collaborator
U0457,U0517,2024-01-01T00:00:03,collaborator
U0360,U1259,2024-01-02T00:00:01,acquaintance
U0518,U1307,2024-01-02T00:00:02,acquaintance
U0143,U0959,2024-01-02T00:00:03,collaborator
U0733,U0785,2024-01-02T00:00:04,collaborator
U0676,U0760,2024-01-03T00:00:01,collaborator
U0515,U1303,2024-01-03T00:00:02,collaborator
U0136,U1341,2024-01-03T00:00:03,collaborator
U0487,U0697,2024-01-03T00:00:04,collaborator
U0144,U1340,2024-01-04T00:00:01,colleague
U0338,U1123,2024-01-04T00:00:02,collaborator
U1143,U1295,2024-01-04T00:00:03,collaborator
U0521,U1128,2024-01-04T00:00:04,collaborator
U0464,U0623,2024-01-05T00:00:01,collaborator
U0241,U0248,2024-01-05T00:00:02,collaborator
U0477,U0982,2024-01-05T00:00:03,acquaintance
U0172,U1034,2024-01-05T00:00:04,acquaintance
U0016,U0848,2024-01-06T00:00:01,acquaintance
U0367,U1004,2024-01-06T00:00:02,acquaintance
U0022,U1216,2024-01-06T00:00:03,acquaintance
U0324,U1053,2024-01-06T00:00:04,collaborator
U0389,U1017,2024-01-07T00:00:01,acquaintance
U0326,U0882,2024-01-07T00:00:02,collaborator
U0756,U1316,2024-01-07T00:00:03,collaborator
U0707,U1250,2024-01-08T00:00:00,colleague
U0455,U0904,2024-01-08T00:00:01,acquaintance
U0828,U0967,2024-01-08T00:00:02,collaborator
U0235,U0299,2024-01-08T00:00:03,acquaintance
U1115,U1340,2024-01-09T00:00:01,acquaintance
U1174,U1301,2024-01-09T00:00:02,colleague
U0842,U0993,2024-01-09T00:00:03,acquaintance
U0022,U0383,2024-01-09T00:00:04,colleague
U0204,U1323,2024-01-10T00:00:01,collaborator
U0335,U0723,2024-01-10T00:00:02,collaborator
U0640,U1271,2024-01-10T00:00:03,acquaintance
U0112,U0293,2024-01-10T00:00:04,collaborator
U0460,U1163,2024-01-11T00:00:01,collaborator
U0903,U1160,2024-01-11T00:00:02,collaborator
U0629,U0986,2024-01-11T00:00:03,collaborator
U0163,U1403,2024-01-11T00:00:04,collaborator
U0008,U0205,2024-01-12T00:00:01,collaborator
U0270,U0919,2024-01-12T00:00:02,colleague
U0143,U1199,2024-01-12T00:00:03,acquaintance
U0285,U0922,2024-01-12T00:00:04,collaborator
U0086,U1182,2024-01-13T00:00:01,colleague
U0976,U1182,2024-01-13T00:00:02,collaborator
U0474,U1382,2024-01-13T00:00:03,acquaintance
U0659,U1048,2024-01-13T00:00:04,collaborator
U1148,U1305,2024-01-14T00:00:01,colleague
U0125,U0893,2024-01-14T00:00:02,collaborator
U1090,U1382,2024-01-14T00:00:03,acquaintance
U0705,U1250,2024-01-15T00:00:00,collaborator
U0385,U0782,2024-01-15T00:00:01,acquaintance
U0921,U1317,2024-01-15T00:00:02,collaborator
U0878,U0936,2024-01-15T00:00:03,collaborator
U0359,U1129,2024-01-16T00:00:01,collaborator
U0179,U0334,2024-01-16T00:00:02,collaborator
U0299,U0822,2024-01-16T00:00:03,colleague
U0205,U1139,2024-01-16T00:00:04,colleague
U1085,U1118,2024-01-17T00:00:01,collaborator
U0201,U1078,2024-01-17T00:00:02,acquaintance
U1128,U1271,2024-01-17T00:00:03,collaborator
U0919,U1141,2024-01-17T00:00:04,acquaintance
U0179,U0198,2024-01-18T00:00:01,collaborator
U0451,U0681,2024-01-18T00:00:02,collaborator
U0615,U0992,2024-01-18T00:00:03,collaborator
U0363,U1090,2024-01-18T00:00:04,colleague
U0869,U1392,2024-01-19T00:00:01,colleague
U0791,U0910,2024-01-19T00:00:02,collaborator
U0124,U0718,2024-01-19T00:00:03,acquaintance
U0218,U1187,2024-01-19T00:00:04,acquaintance
U0593,U1336,2024-01-20T00:00:01,colleague
U0717,U0874,2024-01-20T00:00:02,collaborator
U0596,U0810,2024-01-20T00:00:03,collaborator
U0882,U1216,2024-01-20T00:00:04,collaborator
U0487,U1334,2024-01-21T00:00:01,acquaintance
U0049,U0159,2024-01-21T00:00:02,collaborator
U0201,U0312,2024-01-21T00:00:03,acquaintance
U0521,U1214,2024-01-22T00:00:00,collaborator
U1125,U1161,2024-01-22T00:00:01,collaborator
U0569,U0807,2024-01-22T00:00:02,acquaintance
U0704,U1007,2024-01-22T00:00:03,collaborator
U0191,U0685,2024-01-23T00:00:01,collaborator
U0203,U0774,2024-01-23T00:00:02,collaborator
U0209,U0764,2024-01-23T00:00:03,colleague
U0143,U1398,2024-01-23T00:00:04,collaborator
U0014,U1283,2024-01-24T00:00:01,colleague
U0260,U0826,2024-01-24T00:00:02,acquaintance
U0918,U1075,2024-01-24T00:00:03,collaborator
U0064,U1051,2024-01-24T00:00:04,collaborator
U0293,U0534,2024-01-25T00:00:01,colleague
U1072,U1373,2024-01-25T00:00:02,collaborator
U0730,U1084,2024-01-25T00:00:03,colleague
U0799,U0903,2024-01-25T00:00:04,colleague
U0420,U0704,2024-01-26T00:00:01,colleague
U0467,U0903,2024-01-26T00:00:02,collaborator
U0003,U1344,2024-01-26T00:00:03,acquaintance
U0632,U0695,2024-01-26T00:00:04,acquaintance
U0168,U0723,2024-01-27T00:00:01,colleague
U0186,U0393,2024-01-27T00:00:02,collaborator
U0599,U0982,2024-01-27T00:00:03,collaborator
U0369,U1084,2024-01-27T00:00:04,collaborator
U0651,U0880,2024-01-28T00:00:01,collaborator
U0394,U1220,2024-01-28T00:00:02,collaborator
U0385,U1072,2024-01-28T00:00:03,collaborator
U0731,U1042,2024-02-01T00:00:00,collaborator
U0648,U1340,2024-02-01T00:00:01,collaborator
U0123,U0337,2024-02-01T00:00:02,collaborator
U0036,U0904,2024-02-01T00:00:03,collaborator
U0039,U0864,2024-02-02T00:00:01,collaborator
U0987,U1341,2024-02-02T00:00:02,collaborator
U0426,U1067,2024-02-02T00:00:03,collaborator
U0594,U1297,2024-02-02T00:00:04,acquaintance
U0725,U0842,2024-02-03T00:00:01,collaborator
U0139,U1076,2024-02-03T00:00:02,acquaintance
U0556,U1037,2024-02-03T00:00:03,collaborator
U0014,U1208,2024-02-03T00:00:04,collaborator
U0541,U0893,2024-02-04T00:00:01,collaborator
U0629,U1279,2024-02-04T00:00:02,acquaintance
U0227,U0611,2024-02-04T00:00:03,collaborator
U0221,U0890,2024-02-04T00:00:04,collaborator
U0507,U1373,2024-02-05T00:00:01,collaborator
U0573,U0714,2024-02-05T00:00:02,colleague
U0519,U0605,2024-02-05T00:00:03,collaborator
U0161,U0461,2024-02-05T00:00:04,collaborator
U0183,U0502,2024-02-06T00:00:01,collaborator
U0109,U0628,2024-02-06T00:00:02,colleague
U0511,U0535,2024-02-06T00:00:03,collaborator
U0244,U0818,2024-02-06T00:00:04,collaborator
U0166,U0434,2024-02-07T00:00:01,acquaintance
U1026,U1127,2024-02-07T00:00:02,collaborator
U0598,U1074,2024-02-07T00:00:03,collaborator
U0080,U1322,2024-02-08T00:00:00,collaborator
U0166,U0894,2024-02-08T00:00:01,acquaintance
U0629,U0839,2024-02-08T00:00:02,collaborator
U0074,U0855,2024-02-08T00:00:03,acquaintance
U0982,U1053,2024-02-09T00:00:01,colleague
U1164,U1208,2024-02-09T00:00:02,colleague
U0544,U1111,2024-02-09T00:00:03,collaborator
U1307,U1401,2024-02-09T00:00:04,collaborator
U0067,U0991,2024-02-10T00:00:01,collaborator
U0241,U0675,2024-02-10T00:00:02,collaborator
U0103,U0829,2024-02-10T00:00:03,acquaintance
U0992,U1349,2024-02-10T00:00:04,collaborator
U0510,U1192,2024-02-11T00:00:01,collaborator
U0425,U1117,2024-02-11T00:00:02,acquaintance
U0516,U1143,2024-02-11T00:00:03,collaborator
U0080,U0974,2024-02-11T00:00:04,acquaintance
U0241,U0639,2024-02-12T00:00:01,colleague
U1070,U1304,2024-02-12T00:00:02,collaborator
U1128,U1132,2024-02-12T00:00:03,colleague
U0821,U1361,2024-02-12T00:00:04,acquaintance
U0229,U1056,2024-02-13T00:00:01,acquaintance
U0571,U0972,2024-02-13T00:00:02,collaborator
U0654,U0814,2024-02-13T00:00:03,collaborator
U0458,U1260,2024-02-13T00:00:04,acquaintance
U0254,U1357,2024-02-14T00:00:01,collaborator
U0298,U0481,2024-02-14T00:00:02,acquaintance
U0270,U1100,2024-02-14T00:00:03,collaborator
U0718,U1146,2024-02-15T00:00:00,collaborator
U1059,U1209,2024-02-15T00:00:01,collaborator
U0027,U0182,2024-02-15T00:00:02,collaborator
U0627,U1367,2024-02-15T00:00:03,acquaintance
U0229,U0928,2024-02-16T00:00:01,colleague
U0802,U1061,2024-02-16T00:00:02,acquaintance
U0091,U1074,2024-02-16T00:00:03,colleague
U1197,U1361,2024-02-16T00:00:04,acquaintance
U0387,U1044,2024-02-17T00:00:01,colleague
U0144,U1300,2024-02-17T00:00:02,collaborator
U0532,U1015,2024-02-17T00:00:03,collaborator
U1072,U1327,2024-02-17T00:00:04,colleague
U0195,U0829,2024-02-18T00:00:01,collaborator
U1134,U1324,2024-02-18T00:00:02,collaborator
U0939,U1104,2024-02-18T00:00:03,collaborator
U0132,U0248,2024-02-18T00:00:04,colleague
U1060,U1346,2024-02-19T00:00:01,collaborator
U0559,U1240,2024-02-19T00:00:02,acquaintance
U0337,U0424,2024-02-19T00:00:03,collaborator
U0196,U0893,2024-02-19T00:00:04,acquaintance
U0067,U1271,2024-02-20T00:00:01,colleague
U0335,U1193,2024-02-20T00:00:02,collaborator
U0335,U1382,2024-02-20T00:00:03,acquaintance
U0537,U1168,2024-02-20T00:00:04,acquaintance
U0177,U0596,2024-02-21T00:00:01,collaborator
U0530,U0763,2024-02-21T00:00:02,collaborator
U0519,U0707,2024-02-21T00:00:03,collaborator
U0302,U1359,2024-02-22T00:00:00,colleague
U0373,U0454,2024-02-22T00:00:01,acquaintance
U0687,U0737,2024-02-22T00:00:02,collaborator
U0347,U0707,2024-02-22T00:00:03,acquaintance
U0755,U0955,2024-02-23T00:00:01,collaborator
U0954,U1297,2024-02-23T00:00:02,collaborator
U0266,U0925,2024-02-23T00:00:03,collaborator
U0653,U0764,2024-02-23T00:00:04,colleague
U0034,U0843,2024-02-24T00:00:01,collaborator
U0652,U1134,2024-02-24T00:00:02,collaborator
U0697,U0870,2024-02-24T00:00:03,colleague
U0340,U0461,2024-02-24T00:00:04,acquaintance
U0166,U1009,2024-02-25T00:00:01,acquaintance
U0192,U1199,2024-02-25T00:00:02,collaborator
U0099,U1117,2024-02-25T00:00:03,collaborator
U0031,U1114,2024-02-25T00:00:04,colleague
U0003,U0881,2024-02-26T00:00:01,acquaintance
U0104,U0567,2024-02-26T00:00:02,collaborator
U0215,U0235,2024-02-26T00:00:03,acquaintance
U0054,U0318,2024-02-26T00:00:04,collaborator
U0014,U0488,2024-02-27T00:00:01,collaborator
U0570,U0975,2024-02-27T00:00:02,collaborator
U0265,U0454,2024-02-27T00:00:03,collaborator
U0163,U1044,2024-02-27T00:00:04,colleague
U0340,U0395,2024-02-28T00:00:01,acquaintance
U0476,U0965,2024-02-28T00:00:02,collaborator
U0348,U0538,2024-02-28T00:00:03,collaborator
U0502,U1283,2024-03-01T00:00:00,acquaintance
U0261,U1060,2024-03-01T00:00:01,collaborator
U0312,U0682,2024-03-01T00:00:02,colleague
U0202,U0293,2024-03-01T00:00:03,colleague
U0095,U1222,2024-03-02T00:00:01,collaborator
U1014,U1304,2024-03-02T00:00:02,colleague
U0717,U0732,2024-03-02T00:00:03,colleague
U0301,U0580,2024-03-02T00:00:04,collaborator
U0606,U0718,2024-03-03T00:00:01,acquaintance
U0968,U1259,2024-03-03T00:00:02,colleague
U0185,U1096,2024-03-03T00:00:03,collaborator
U0876,U0959,2024-03-03T00:00:04,collaborator
U0731,U0816,2024-03-04T00:00:01,colleague
U0273,U0459,2024-03-04T00:00:02,acquaintance
U0052,U0934,2024-03-04T00:00:03,collaborator
U0811,U1022,2024-03-04T00:00:04,collaborator
U0285,U0571,2024-03-05T00:00:01,collaborator
U0768,U0927,2024-03-05T00:00:02,collaborator
U0564,U0700,2024-03-05T00:00:03,collaborator
U0794,U1286,2024-03-05T00:00:04,collaborator
U0182,U1232,2024-03-06T00:00:01,acquaintance
U0183,U0589,2024-03-06T00:00:02,collaborator
U0761,U1284,2024-03-06T00:00:03,colleague
U0568,U0678,2024-03-06T00:00:04,acquaintance
U0147,U0469,2024-03-07T00:00:01,acquaintance
U0028,U0094,2024-03-07T00:00:02,acquaintance
U0181,U0517,2024-03-07T00:00:03,acquaintance
U0238,U0697,2024-03-08T00:00:00,colleague
U0131,U1199,2024-03-08T00:00:01,collaborator
U0955,U1107,2024-03-08T00:00:02,collaborator
U0810,U1324,2024-03-08T00:00:03,collaborator
U0169,U1011,2024-03-09T00:00:01,collaborator
U1164,U1247,2024-03-09T00:00:02,collaborator
U0311,U1127,2024-03-09T00:00:03,collaborator
U0263,U0665,2024-03-09T00:00:04,collaborator
U0727,U1139,2024-03-10T00:00:01,colleague
U0784,U1314,2024-03-10T00:00:02,colleague
U0108,U0488,2024-03-10T00:00:03,collaborator
U0313,U0812,2024-03-10T00:00:04,collaborator
U1135,U1154,2024-03-11T00:00:01,collaborator
U0312,U1234,2024-03-11T00:00:02,collaborator
U0716,U1149,2024-03-11T00:00:03,collaborator
U0338,U0985,2024-03-11T00:00:04,collaborator
U0507,U0872,2024-03-12T00:00:01,colleague
U0639,U0787,2024-03-12T00:00:02,collaborator
U0223,U0291,2024-03-12T00:00:03,collaborator
U0026,U0989,2024-03-12T00:00:04,colleague
U0294,U1287,2024-03-13T00:00:01,collaborator
U0045,U0498,2024-03-13T00:00:02,collaborator
U0826,U0936,2024-03-13T00:00:03,collaborator
U0159,U0423,2024-03-13T00:00:04,collaborator
U0001,U0874,2024-03-14T00:00:01,acquaintance
U0989,U1080,2024-03-14T00:00:02,collaborator
U0025,U1165,2024-03-14T00:00:03,colleague
U0254,U0947,2024-03-15T00:00:00,acquaintance
U0235,U1108,2024-03-15T00:00:01,collaborator
U0080,U1071,2024-03-15T00:00:02,collaborator
U0324,U0514,2024-03-15T00:00:03,collaborator
U0571,U0944,2024-03-16T00:00:01,colleague
U0115,U0629,2024-03-16T00:00:02,colleague
U0691,U1327,2024-03-16T00:00:03,colleague
U0002,U1310,2024-03-16T00:00:04,colleague
U0080,U1002,2024-03-17T00:00:01,colleague
U0446,U0681,2024-03-17T00:00:02,collaborator
U0044,U0918,2024-03-17T00:00:03,colleague
U0873,U1202,2024-03-17T00:00:04,collaborator
U0484,U0856,2024-03-18T00:00:01,collaborator
U0214,U0825,2024-03-18T00:00:02,acquaintance
U0167,U0700,2024-03-18T00:00:03,collaborator
U0833,U0961,2024-03-18T00:00:04,collaborator
U0260,U0473,2024-03-19T00:00:01,colleague
U0541,U0634,2024-03-19T00:00:02,collaborator
U0295,U1198,2024-03-19T00:00:03,collaborator
U0182,U0759,2024-03-19T00:00:04,collaborator
U0656,U1353,2024-03-20T00:00:01,acquaintance
U0551,U0805,2024-03-20T00:00:02,acquaintance
U0381,U0587,2024-03-20T00:00:03,collaborator
U0110,U0534,2024-03-20T00:00:04,collaborator
U0272,U1401,2024-03-21T00:00:01,colleague
U0769,U0942,2024-03-21T00:00:02,colleague
U0027,U0640,2024-03-21T00:00:03,collaborator
U0423,U0702,2024-03-22T00:00:00,colleague
U0539,U0695,2024-03-22T00:00:01,acquaintance
U0892,U1199,2024-03-22T00:00:02,collaborator
U0652,U0687,2024-03-22T00:00:03,colleague
U0047,U1365,2024-03-23T00:00:01,collaborator
U0240,U1302,2024-03-23T00:00:02,collaborator
U0355,U0845,2024-03-23T00:00:03,collaborator
U0389,U1026,2024-03-23T00:00:04,acquaintance
U0469,U0997,2024-03-24T00:00:01,collaborator
U0260,U1358,2024-03-24T00:00:02,colleague
U0692,U0821,2024-03-24T00:00:03,collaborator
U0086,U1251,2024-03-24T00:00:04,collaborator
U1111,U1239,2024-03-25T00:00:01,acquaintance
U0061,U0892,2024-03-25T00:00:02,collaborator
U0667,U0977,2024-03-25T00:00:03,collaborator
U0105,U0373,2024-03-25T00:00:04,collaborator
U0032,U1019,2024-03-26T00:00:01,collaborator
U0828,U1348,2024-03-26T00:00:02,collaborator
U0321,U1207,2024-03-26T00:00:03,collaborator
U0580,U0693,2024-03-26T00:00:04,collaborator
U0169,U0407,2024-03-27T00:00:01,collaborator
U0537,U1199,2024-03-27T00:00:02,collaborator
U0040,U0412,2024-03-27T00:00:03,collaborator
U0124,U0291,2024-03-27T00:00:04,collaborator
U0163,U0354,2024-03-28T00:00:01,acquaintance
U0725,U0743,2024-03-28T00:00:02,acquaintance
U0447,U0854,2024-03-28T00:00:03,colleague
U1049,U1367,2024-04-01T00:00:00,colleague
U0781,U1240,2024-04-01T00:00:01,collaborator
U0490,U0853,2024-04-01T00:00:02,collaborator
U0907,U1101,2024-04-01T00:00:03,acquaintance
U1114,U1310,2024-04-02T00:00:01,acquaintance
U0138,U0861,2024-04-02T00:00:02,collaborator
U0288,U1117,2024-04-02T00:00:03,collaborator
U0620,U1307,2024-04-02T00:00:04,collaborator
U0687,U1167,2024-04-03T00:00:01,collaborator
U0098,U1022,2024-04-03T00:00:02,colleague
U0468,U1059,2024-04-03T00:00:03,colleague
U0663,U1387,2024-04-03T00:00:04,collaborator
U0333,U0607,2024-04-04T00:00:01,acquaintance
U0552,U1341,2024-04-04T00:00:02,acquaintance
U0521,U1336,2024-04-04T00:00:03,acquaintance
U0442,U1257,2024-04-04T00:00:04,collaborator
U0017,U1279,2024-04-05T00:00:01,colleague
U0990,U1218,2024-04-05T00:00:02,collaborator
U0169,U0989,2024-04-05T00:00:03,acquaintance
U0131,U0769,2024-04-05T00:00:04,colleague
U0117,U0776,2024-04-06T00:00:01,collaborator
U0640,U1021,2024-04-06T00:00:02,collaborator
U0052,U0057,2024-04-06T00:00:03,acquaintance
U0457,U0556,2024-04-06T00:00:04,colleague
U0194,U0707,2024-04-07T00:00:01,colleague
U0303,U0893,2024-04-07T00:00:02,colleague
U0203,U0392,2024-04-07T00:00:03,colleague
U0750,U1190,2024-04-08T00:00:00,acquaintance
U0147,U0878,2024-04-08T00:00:01,collaborator
U0306,U0335,2024-04-08T00:00:02,collaborator
U0667,U1234,2024-04-08T00:00:03,collaborator
U0566,U1322,2024-04-09T00:00:01,acquaintance
U0616,U1390,2024-04-09T00:00:02,acquaintance
U0390,U0507,2024-04-09T00:00:03,acquaintance
U0065,U1375,2024-04-09T00:00:04,colleague
U0641,U1383,2024-04-10T00:00:01,collaborator
U0218,U1360,2024-04-10T00:00:02,collaborator
U0444,U1125,2024-04-10T00:00:03,acquaintance
U0796,U0993,2024-04-10T00:00:04,collaborator
U0265,U1106,2024-04-11T00:00:01,acquaintance
U0823,U0863,2024-04-11T00:00:02,collaborator
U0408,U1327,2024-04-11T00:00:03,collaborator
U0092,U1107,2024-04-11T00:00:04,acquaintance
U0320,U0715,2024-04-12T00:00:01,collaborator
U0030,U1321,2024-04-12T00:00:02,collaborator
U1123,U1393,2024-04-12T00:00:03,collaborator
U0003,U0125,2024-04-12T00:00:04,colleague
U0315,U0593,2024-04-13T00:00:01,acquaintance
U0210,U0535,2024-04-13T00:00:02,collaborator
U0031,U0264,2024-04-13T00:00:03,acquaintance
U0678,U0959,2024-04-13T00:00:04,collaborator
U0305,U1037,2024-04-14T00:00:01,collaborator
U0152,U1289,2024-04-14T00:00:02,collaborator
U0109,U0709,2024-04-14T00:00:03,collaborator
U0207,U0851,2024-04-15T00:00:00,acquaintance
U0484,U1168,2024-04-15T00:00:01,collaborator
U0291,U0666,2024-04-15T00:00:02,collaborator
U0881,U1205,2024-04-15T00:00:03,collaborator
U0794,U0888,2024-04-16T00:00:01,collaborator
U0086,U0972,2024-04-16T00:00:02,collaborator
U0370,U0694,2024-04-16T00:00:03,collaborator
U0472,U0707,2024-04-16T00:00:04,acquaintance
U0385,U1102,2024-04-17T00:00:01,collaborator
U0849,U0927,2024-04-17T00:00:02,collaborator
U0305,U1337,2024-04-17T00:00:03,colleague
U0159,U1237,2024-04-17T00:00:04,acquaintance
U0396,U1160,2024-04-18T00:00:01,acquaintance
U0141,U1120,2024-04-18T00:00:02,collaborator
U0168,U0287,2024-04-18T00:00:03,collaborator
U0088,U1207,2024-04-18T00:00:04,collaborator
U0488,U0518,2024-04-19T00:00:01,collaborator
U0177,U0974,2024-04-19T00:00:02,collaborator
U0197,U1141,2024-04-19T00:00:03,acquaintance
U0537,U1002,2024-04-19T00:00:04,collaborator
U1000,U1050,2024-04-20T00:00:01,acquaintance
U0681,U1048,2024-04-20T00:00:02,colleague
U0326,U1063,2024-04-20T00:00:03,collaborator
U1042,U1364,2024-04-20T00:00:04,collaborator
U0048,U1215,2024-04-21T00:00:01,collaborator
U0312,U0948,2024-04-21T00:00:02,acquaintance
U0253,U0807,2024-04-21T00:00:03,collaborator
U0533,U0830,2024-04-22T00:00:00,collaborator
U0419,U0793,2024-04-22T00:00:01,collaborator
U0812,U0817,2024-04-22T00:00:02,colleague
U0374,U0881,2024-04-22T00:00:03,acquaintance
U0321,U1314,2024-04-23T00:00:01,acquaintance
U0183,U1150,2024-04-23T00:00:02,collaborator
U0358,U0380,2024-04-23T00:00:03,collaborator
U0369,U1044,2024-04-23T00:00:04,collaborator
U0806,U1384,2024-04-24T00:00:01,collaborator
U0824,U1114,2024-04-24T00:00:02,collaborator
U0975,U1159,2024-04-24T00:00:03,collaborator
U0546,U0841,2024-04-24T00:00:04,collaborator
U0679,U0904,2024-04-25T00:00:01,colleague
U0275,U0583,2024-04-25T00:00:02,acquaintance
U0350,U0611,2024-04-25T00:00:03,collaborator
U0155,U0956,2024-04-25T00:00:04,collaborator
U0390,U0686,2024-04-26T00:00:01,acquaintance
U0178,U0291,2024-04-26T00:00:02,collaborator
U0195,U0552,2024-04-26T00:00:03,collaborator
U1008,U1126,2024-04-26T00:00:04,acquaintance
U0043,U0221,2024-04-27T00:00:01,collaborator
U0662,U0979,2024-04-27T00:00:02,collaborator
U0383,U1147,2024-04-27T00:00:03,acquaintance
U0181,U1063,2024-04-27T00:00:04,collaborator
U1222,U1268,2024-04-28T00:00:01,collaborator
U0045,U0577,2024-04-28T00:00:02,collaborator
U0508,U1146,2024-04-28T00:00:03,collaborator
U0871,U1168,2024-05-02T00:00:00,collaborator
U0915,U1352,2024-05-02T00:00:01,collaborator
U0913,U1034,2024-05-02T00:00:02,acquaintance
U0543,U1136,2024-05-02T00:00:03,collaborator
U0702,U0888,2024-05-02T00:00:04,acquaintance
U0077,U0117,2024-05-02T00:00:05,collaborator
U0069,U1396,2024-05-02T00:00:06,collaborator
U0302,U0556,2024-05-02T00:00:07,acquaintance
U0701,U1387,2024-05-02T00:00:08,acquaintance
U0137,U1383,2024-05-03T00:00:01,acquaintance
U0114,U0842,2024-05-03T00:00:02,collaborator
U0166,U0839,2024-05-03T00:00:03,acquaintance
U0695,U1383,2024-05-03T00:00:04,acquaintance
U0610,U0774,2024-05-03T00:00:05,colleague
U0127,U0756,2024-05-03T00:00:06,collaborator
U0067,U0460,2024-05-03T00:00:07,acquaintance
U0666,U1026,2024-05-03T00:00:08,collaborator
U0092,U1185,2024-05-04T00:00:01,acquaintance
U0523,U1321,2024-05-04T00:00:02,colleague
U0049,U0216,2024-05-04T00:00:03,acquaintance
U0270,U0360,2024-05-04T00:00:04,colleague
U0790,U1098,2024-05-04T00:00:05,collaborator
U1017,U1168,2024-05-04T00:00:06,collaborator
U0692,U1329,2024-05-04T00:00:07,collaborator
U0773,U1050,2024-05-04T00:00:08,colleague
U0191,U0799,2024-05-05T00:00:01,collaborator
U0017,U1403,2024-05-05T00:00:02,acquaintance
U0841,U1123,2024-05-05T00:00:03,acquaintance
U0642,U1206,2024-05-05T00:00:04,collaborator
U0069,U0506,2024-05-05T00:00:05,collaborator
U0543,U0703,2024-05-05T00:00:06,collaborator
U0198,U0556,2024-05-05T00:00:07,collaborator
U0611,U0796,2024-05-05T00:00:08,collaborator
U0987,U1331,2024-05-06T00:00:01,collaborator
U0714,U1053,2024-05-06T00:00:02,collaborator
U1205,U1304,2024-05-06T00:00:03,collaborator
U0074,U0763,2024-05-06T00:00:04,collaborator
U0267,U0990,2024-05-06T00:00:05,collaborator
U0606,U0939,2024-05-06T00:00:06,collaborator
U0021,U1011,2024-05-06T00:00:07,collaborator
U0201,U1403,2024-05-06T00:00:08,collaborator
U0551,U0731,2024-05-07T00:00:01,colleague
U0319,U0411,2024-05-07T00:00:02,collaborator
U0156,U0756,2024-05-07T00:00:03,collaborator
U0944,U1347,2024-05-07T00:00:04,acquaintance
U0093,U1232,2024-05-07T00:00:05,collaborator
U0181,U1205,2024-05-07T00:00:06,collaborator
U0087,U0185,2024-05-07T00:00:07,collaborator
U0670,U0981,2024-05-07T00:00:08,acquaintance
U0507,U1282,2024-05-08T00:00:01,collaborator
U0629,U0882,2024-05-08T00:00:02,acquaintance
U0945,U1136,2024-05-08T00:00:03,collaborator
U1325,U1340,2024-05-08T00:00:04,collaborator
U1141,U1247,2024-05-08T00:00:05,colleague
U0173,U0183,2024-05-08T00:00:06,collaborator
U0318,U1279,2024-05-08T00:00:07,collaborator
U0278,U0565,2024-05-08T00:00:08,collaborator
U0920,U1004,2024-05-09T00:00:01,colleague
U0462,U1253,2024-05-09T00:00:02,acquaintance
U0220,U0361,2024-05-09T00:00:03,collaborator
U0539,U1243,2024-05-09T00:00:04,colleague
U0061,U1384,2024-05-09T00:00:05,colleague
U0074,U0269,2024-05-09T00:00:06,colleague
U0543,U0556,2024-05-09T00:00:07,acquaintance
U1080,U1275,2024-05-09T00:00:08,collaborator
U0736,U0972,2024-05-10T00:00:01,colleague
U0016,U0577,2024-05-10T00:00:02,collaborator
U0851,U0994,2024-05-10T00:00:03,collaborator
U0569,U0692,2024-05-10T00:00:04,acquaintance
U0183,U0845,2024-05-10T00:00:05,collaborator
U0460,U0875,2024-05-10T00:00:06,collaborator
U0235,U1085,2024-05-10T00:00:07,collaborator
U0395,U0699,2024-05-10T00:00:08,collaborator
U0181,U1187,2024-05-11T00:00:01,colleague
U0104,U0257,2024-05-11T00:00:02,collaborator
U0075,U0202,2024-05-11T00:00:03,collaborator
U0058,U0659,2024-05-11T00:00:04,collaborator
U0320,U0397,2024-05-11T00:00:05,collaborator
U0320,U1138,2024-05-11T00:00:06,collaborator
U0047,U1174,2024-05-11T00:00:07,collaborator
U0142,U1147,2024-05-11T00:00:08,collaborator
U0369,U1250,2024-05-12T00:00:01,colleague
U1085,U1216,2024-05-12T00:00:02,collaborator
U0482,U1401,2024-05-12T00:00:03,acquaintance
U0190,U0237,2024-05-12T00:00:04,collaborator
U0032,U1100,2024-05-12T00:00:05,collaborator
U0107,U0652,2024-05-12T00:00:06,collaborator
U0535,U0610,2024-05-12T00:00:07,collaborator
U0117,U1071,2024-05-12T00:00:08,colleague
U0098,U0419,2024-05-13T00:00:01,collaborator
U0465,U1044,2024-05-13T00:00:02,colleague
U0399,U1282,2024-05-13T00:00:03,collaborator
U0291,U0953,2024-05-13T00:00:04,collaborator
U0480,U0986,2024-05-13T00:00:05,collaborator
U0187,U0624,2024-05-13T00:00:06,acquaintance
U0200,U1118,2024-05-13T00:00:07,collaborator
U0093,U0367,2024-05-13T00:00:08,collaborator
U1080,U1368,2024-05-14T00:00:01,collaborator
U0238,U0728,2024-05-14T00:00:02,colleague
U0291,U0662,2024-05-14T00:00:03,collaborator
U1104,U1258,2024-05-14T00:00:04,collaborator
U0611,U0725,2024-05-14T00:00:05,acquaintance
U0008,U1397,2024-05-14T00:00:06,acquaintance
U0695,U1175,2024-05-14T00:00:07,colleague
U0223,U0943,2024-05-14T00:00:08,collaborator
U0357,U0906,2024-05-15T00:00:01,acquaintance
U1014,U1399,2024-05-15T00:00:02,collaborator
U0270,U1038,2024-05-15T00:00:03,acquaintance
U1301,U1337,2024-05-15T00:00:04,collaborator
U0318,U0794,2024-05-15T00:00:05,collaborator
U0240,U1218,2024-05-15T00:00:06,collaborator
U0444,U1137,2024-05-15T00:00:07,colleague
U0367,U0891,2024-05-15T00:00:08,acquaintance
U0002,U0667,2024-05-16T00:00:01,collaborator
U0154,U0442,2024-05-16T00:00:02,acquaintance
U0699,U0806,2024-05-16T00:00:03,acquaintance
U0650,U1054,2024-05-16T00:00:04,collaborator
U0241,U1367,2024-05-16T00:00:05,acquaintance
U0249,U1134,2024-05-16T00:00:06,collaborator
U0760,U1026,2024-05-16T00:00:07,colleague
U0347,U0962,2024-05-16T00:00:08,collaborator
U0587,U1059,2024-05-17T00:00:01,collaborator
U0424,U0726,2024-05-17T00:00:02,collaborator
U0822,U1202,2024-05-17T00:00:03,acquaintance
U1047,U1167,2024-05-17T00:00:04,collaborator
U0159,U0187,2024-05-17T00:00:05,acquaintance
U0284,U0536,2024-05-17T00:00:06,colleague
U0476,U1401,2024-05-17T00:00:07,collaborator
U0420,U0428,2024-05-17T00:00:08,collaborator
U1070,U1240,2024-05-18T00:00:01,collaborator
U0915,U1073,2024-05-18T00:00:02,collaborator
U0186,U0747,2024-05-18T00:00:03,acquaintance
U0513,U0849,2024-05-18T00:00:04,acquaintance
U0633,U1188,2024-05-18T00:00:05,collaborator
U0772,U1140,2024-05-18T00:00:06,collaborator
U0274,U0291,2024-05-18T00:00:07,acquaintance
U1229,U1328,2024-05-18T00:00:08,collaborator
U0717,U0897,2024-05-19T00:00:01,collaborator
U0006,U0146,2024-05-19T00:00:02,colleague
U0340,U0864,2024-05-19T00:00:03,acquaintance
U0810,U1257,2024-05-19T00:00:04,collaborator
U0768,U0947,2024-05-19T00:00:05,collaborator
U0251,U1211,2024-05-19T00:00:06,collaborator
U0904,U1352,2024-05-19T00:00:07,acquaintance
U0288,U1160,2024-05-19T00:00:08,colleague
U1183,U1390,2024-05-20T00:00:01,acquaintance
U0444,U0591,2024-05-20T00:00:02,acquaintance
U0632,U0846,2024-05-20T00:00:03,collaborator
U0938,U1022,2024-05-20T00:00:04,collaborator
U0075,U1196,2024-05-20T00:00:05,collaborator
U0025,U0666,2024-05-20T00:00:06,collaborator
U0320,U0596,2024-05-20T00:00:07,collaborator
U0534,U0851,2024-05-20T00:00:08,acquaintance
U0406,U1257,2024-05-21T00:00:01,acquaintance
U0207,U0546,2024-05-21T00:00:02,colleague
U0882,U1284,2024-05-21T00:00:03,acquaintance
U0468,U1124,2024-05-21T00:00:04,acquaintance
U0484,U0490,2024-05-21T00:00:05,acquaintance
U0106,U0870,2024-05-21T00:00:06,collaborator
U0562,U0656,2024-05-21T00:00:07,collaborator
U0072,U0875,2024-05-21T00:00:08,acquaintance
U0065,U0390,2024-05-22T00:00:01,colleague
U0517,U0804,2024-05-22T00:00:02,acquaintance
U0471,U1357,2024-05-22T00:00:03,collaborator
U0471,U1373,2024-05-22T00:00:04,colleague
U0104,U1384,2024-05-22T00:00:05,collaborator
U0482,U1363,2024-05-22T00:00:06,collaborator
U0410,U0894,2024-05-22T00:00:07,collaborator
U0300,U0746,2024-05-22T00:00:08,collaborator
U1130,U1383,2024-05-23T00:00:01,collaborator
U0880,U0897,2024-05-23T00:00:02,acquaintance
U0175,U0476,2024-05-23T00:00:03,collaborator
U0092,U0343,2024-05-23T00:00:04,collaborator
U0334,U0797,2024-05-23T00:00:05,acquaintance
U0242,U0479,2024-05-23T00:00:06,acquaintance
U0651,U1090,2024-05-23T00:00:07,collaborator
U0035,U0405,2024-05-23T00:00:08,colleague
U0582,U0906,2024-05-24T00:00:01,collaborator
U0119,U0388,2024-05-24T00:00:02,acquaintance
U0125,U1350,2024-05-24T00:00:03,collaborator
U1198,U1373,2024-05-24T00:00:04,collaborator
U0412,U1124,2024-05-24T00:00:05,collaborator
U0708,U1147,2024-05-24T00:00:06,acquaintance
U0092,U0350,2024-05-24T00:00:07,colleague
U0099,U0977,2024-05-24T00:00:08,colleague
U0477,U0865,2024-05-25T00:00:01,collaborator
U0573,U1175,2024-05-25T00:00:02,collaborator
U0080,U0253,2024-05-25T00:00:03,colleague
U0104,U0384,2024-05-25T00:00:04,collaborator
U0229,U0689,2024-05-25T00:00:05,collaborator
U0415,U0679,2024-05-25T00:00:06,colleague
U0972,U1210,2024-05-25T00:00:07,acquaintance
U0287,U0479,2024-05-25T00:00:08,collaborator
U0649,U1358,2024-05-26T00:00:01,colleague
U0053,U0865,2024-05-26T00:00:02,collaborator
U0611,U1061,2024-05-26T00:00:03,colleague
U0526,U0972,2024-05-26T00:00:04,acquaintance
U0042,U0418,2024-05-26T00:00:05,collaborator
U0183,U1163,2024-05-26T00:00:06,colleague
U0134,U0674,2024-05-26T00:00:07,colleague
U0192,U1138,2024-05-26T00:00:08,colleague
U1244,U1399,2024-05-27T00:00:01,collaborator
U0605,U0855,2024-05-27T00:00:02,collaborator
U1084,U1376,2024-05-27T00:00:03,collaborator
U0125,U1162,2024-05-27T00:00:04,collaborator
U1106,U1128,2024-05-27T00:00:05,colleague
U0685,U1074,2024-05-27T00:00:06,collaborator
U0390,U0876,2024-05-27T00:00:07,collaborator
U0152,U0759,2024-05-27T00:00:08,acquaintance
U0194,U0490,2024-05-28T00:00:01,collaborator
U0880,U1118,2024-05-28T00:00:02,acquaintance
U0320,U0753,2024-05-28T00:00:03,collaborator
U0412,U1222,2024-05-28T00:00:04,collaborator
U0410,U0509,2024-05-28T00:00:05,collaborator
U0086,U0291,2024-05-28T00:00:06,colleague
U0078,U0542,2024-05-28T00:00:07,acquaintance
U0695,U1059,2024-05-28T00:00:08,collaborator
U0613,U0702,2024-06-01T00:00:00,colleague
U0719,U0985,2024-06-01T00:00:01,collaborator
U0853,U1064,2024-06-01T00:00:02,collaborator
U0207,U0696,2024-06-01T00:00:03,collaborator
U0293,U1172,2024-06-01T00:00:04,acquaintance
U0202,U0761,2024-06-01T00:00:05,collaborator
U0067,U0279,2024-06-01T00:00:06,collaborator
U1325,U1328,2024-06-01T00:00:07,collaborator
U0483,U0606,2024-06-02T00:00:01,collaborator
U0458,U1388,2024-06-02T00:00:02,colleague
U0841,U1364,2024-06-02T00:00:03,acquaintance
U0331,U0776,2024-06-02T00:00:04,collaborator
U0706,U0951,2024-06-02T00:00:05,collaborator
U1123,U1171,2024-06-02T00:00:06,collaborator
U1211,U1278,2024-06-02T00:00:07,collaborator
U0750,U1272,2024-06-02T00:00:08,colleague
U0295,U1195,2024-06-03T00:00:01,collaborator
U0107,U0304,2024-06-03T00:00:02,collaborator
U0295,U0474,2024-06-03T00:00:03,collaborator
U0674,U1364,2024-06-03T00:00:04,acquaintance
U1109,U1289,2024-06-03T00:00:05,collaborator
U0906,U0915,2024-06-03T00:00:06,collaborator
U0346,U0920,2024-06-03T00:00:07,collaborator
U0495,U0932,2024-06-03T00:00:08,collaborator
U0457,U1079,2024-06-04T00:00:01,acquaintance
U0649,U0657,2024-06-04T00:00:02,acquaintance
U0360,U1239,2024-06-04T00:00:03,colleague
U1080,U1295,2024-06-04T00:00:04,collaborator
U0333,U0605,2024-06-04T00:00:05,colleague
U0971,U1279,2024-06-04T00:00:06,collaborator
U0258,U1028,2024-06-04T00:00:07,collaborator
U0354,U1358,2024-06-05T00:00:00,collaborator
U0214,U0782,2024-06-05T00:00:01,collaborator
U0193,U1099,2024-06-05T00:00:02,collaborator
U0728,U1042,2024-06-05T00:00:03,collaborator
U0543,U1036,2024-06-05T00:00:04,colleague
U0254,U0792,2024-06-05T00:00:05,acquaintance
U1101,U1243,2024-06-05T00:00:06,collaborator
U0515,U1086,2024-06-05T00:00:07,collaborator
U0182,U0190,2024-06-06T00:00:01,collaborator
U0363,U0942,2024-06-06T00:00:02,colleague
U0504,U1078,2024-06-06T00:00:03,colleague
U0122,U1269,2024-06-06T00:00:04,collaborator
U0387,U0664,2024-06-06T00:00:05,collaborator
U0166,U0673,2024-06-06T00:00:06,colleague
U0363,U0731,2024-06-06T00:00:07,collaborator
U0504,U1117,2024-06-06T00:00:08,collaborator
U0366,U1274,2024-06-07T00:00:01,colleague
U0711,U0759,2024-06-07T00:00:02,collaborator
U0330,U0943,2024-06-07T00:00:03,colleague
U0641,U1389,2024-06-07T00:00:04,collaborator
U0980,U1091,2024-06-07T00:00:05,collaborator
U0653,U1150,2024-06-07T00:00:06,collaborator
U0275,U1245,2024-06-07T00:00:07,acquaintance
U1127,U1275,2024-06-07T00:00:08,collaborator
U0774,U1054,2024-06-08T00:00:01,acquaintance
U0690,U0825,2024-06-08T00:00:02,collaborator
U0533,U1189,2024-06-08T00:00:03,collaborator
U0552,U1396,2024-06-08T00:00:04,colleague
U0084,U0672,2024-06-08T00:00:05,acquaintance
U0892,U1105,2024-06-08T00:00:06,colleague
U0322,U0648,2024-06-08T00:00:07,acquaintance
U0328,U0426,2024-06-09T00:00:00,acquaintance
U0181,U1180,2024-06-09T00:00:01,collaborator
U0153,U0631,2024-06-09T00:00:02,colleague
U0430,U0888,2024-06-09T00:00:03,colleague
U0532,U0624,2024-06-09T00:00:04,collaborator
U0190,U0603,2024-06-09T00:00:05,collaborator
U0068,U1401,2024-06-09T00:00:06,collaborator
U0333,U0459,2024-06-09T00:00:07,collaborator
U0034,U0869,2024-06-10T00:00:01,collaborator
U0266,U0671,2024-06-10T00:00:02,colleague
U0839,U1184,2024-06-10T00:00:03,acquaintance
U0476,U0673,2024-06-10T00:00:04,collaborator
U0209,U0245,2024-06-10T00:00:05,collaborator
U0861,U1083,2024-06-10T00:00:06,collaborator
U1107,U1219,2024-06-10T00:00:07,acquaintance
U0166,U1199,2024-06-10T00:00:08,collaborator
U0248,U0966,2024-06-11T00:00:01,collaborator
U0067,U0393,2024-06-11T00:00:02,acquaintance
U0695,U1384,2024-06-11T00:00:03,collaborator
U0333,U0764,2024-06-11T00:00:04,colleague
U0179,U0501,2024-06-11T00:00:05,collaborator
U1172,U1217,2024-06-11T00:00:06,collaborator
U0409,U0904,2024-06-11T00:00:07,acquaintance
U1383,U1402,2024-06-11T00:00:08,collaborator
U0316,U1046,2024-06-12T00:00:01,acquaintance
U0173,U1192,2024-06-12T00:00:02,acquaintance
U0289,U1339,2024-06-12T00:00:03,collaborator
U0193,U0247,2024-06-12T00:00:04,colleague
U0640,U1059,2024-06-12T00:00:05,collaborator
U0671,U1252,2024-06-12T00:00:06,acquaintance
U0631,U1014,2024-06-12T00:00:07,acquaintance
U0283,U0939,2024-06-13T00:00:00,collaborator
U0846,U1353,2024-06-13T00:00:01,collaborator
U0414,U0498,2024-06-13T00:00:02,acquaintance
U0388,U0987,2024-06-13T00:00:03,colleague
U0091,U0350,2024-06-13T00:00:04,collaborator
U0797,U0880,2024-06-13T00:00:05,colleague
U0085,U1350,2024-06-13T00:00:06,acquaintance
U0461,U0921,2024-06-13T00:00:07,collaborator
U0114,U1227,2024-06-14T00:00:01,collaborator
U0421,U0541,2024-06-14T00:00:02,colleague
U0670,U1327,2024-06-14T00:00:03,collaborator
U0649,U0719,2024-06-14T00:00:04,collaborator
U0504,U0521,2024-06-14T00:00:05,colleague
U0613,U0715,2024-06-14T00:00:06,acquaintance
U0035,U0477,2024-06-14T00:00:07,collaborator
U0480,U0747,2024-06-14T00:00:08,collaborator
U0616,U0919,2024-06-15T00:00:01,acquaintance
U0360,U1172,2024-06-15T00:00:02,colleague
U0780,U1356,2024-06-15T00:00:03,collaborator
U1206,U1397,2024-06-15T00:00:04,collaborator
U0569,U0852,2024-06-15T00:00:05,colleague
U0656,U0710,2024-06-15T00:00:06,collaborator
U0093,U0523,2024-06-15T00:00:07,acquaintance
U0666,U1229,2024-06-15T00:00:08,collaborator
U1162,U1302,2024-06-16T00:00:01,collaborator
U0053,U1401,2024-06-16T00:00:02,collaborator
U0371,U0443,2024-06-16T00:00:03,colleague
U0113,U0980,2024-06-16T00:00:04,collaborator
U0438,U1148,2024-06-16T00:00:05,collaborator
U1260,U1398,2024-06-16T00:00:06,collaborator
U0672,U0975,2024-06-16T00:00:07,colleague
U0024,U0452,2024-06-17T00:00:00,collaborator
U0742,U0951,2024-06-17T00:00:01,acquaintance
U1254,U1282,2024-06-17T00:00:02,acquaintance
U0556,U1281,2024-06-17T00:00:03,colleague
U0637,U1401,2024-06-17T00:00:04,collaborator
U0148,U0367,2024-06-17T00:00:05,acquaintance
U0042,U0068,2024-06-17T00:00:06,acquaintance
U0787,U0970,2024-06-17T00:00:07,collaborator
U0239,U0954,2024-06-18T00:00:01,collaborator
U0418,U0475,2024-06-18T00:00:02,acquaintance
U0134,U0270,2024-06-18T00:00:03,collaborator
U0891,U1017,2024-06-18T00:00:04,colleague
U0406,U0824,2024-06-18T00:00:05,collaborator
U0103,U1040,2024-06-18T00:00:06,colleague
U0304,U0335,2024-06-18T00:00:07,collaborator
U0384,U1257,2024-06-18T00:00:08,acquaintance
U0388,U1123,2024-06-19T00:00:01,acquaintance
U0980,U1197,2024-06-19T00:00:02,acquaintance
U0205,U0746,2024-06-19T00:00:03,colleague
U0715,U1383,2024-06-19T00:00:04,collaborator
U0152,U0413,2024-06-19T00:00:05,colleague
U0364,U1182,2024-06-19T00:00:06,collaborator
U0199,U1075,2024-06-19T00:00:07,collaborator
U0800,U1166,2024-06-19T00:00:08,colleague
U0320,U0353,2024-06-20T00:00:01,collaborator
U0265,U1156,2024-06-20T00:00:02,collaborator
U0008,U1383,2024-06-20T00:00:03,collaborator
U0459,U0506,2024-06-20T00:00:04,collaborator
U1040,U1258,2024-06-20T00:00:05,acquaintance
U0460,U1217,2024-06-20T00:00:06,collaborator
U0753,U0903,2024-06-20T00:00:07,collaborator
U0141,U0542,2024-06-21T00:00:00,collaborator
U0504,U0753,2024-06-21T00:00:01,colleague
U0376,U0483,2024-06-21T00:00:02,colleague
U0570,U0657,2024-06-21T00:00:03,acquaintance
U0446,U1156,2024-06-21T00:00:04,acquaintance
U0329,U0481,2024-06-21T00:00:05,colleague
U0145,U0894,2024-06-21T00:00:06,collaborator
U0407,U1286,2024-06-21T00:00:07,colleague
U0338,U1299,2024-06-22T00:00:01,collaborator
U0361,U0502,2024-06-22T00:00:02,colleague
U0515,U1076,2024-06-22T00:00:03,colleague
U0251,U1254,2024-06-22T00:00:04,collaborator
U1143,U1149,2024-06-22T00:00:05,colleague
U0744,U1128,2024-06-22T00:00:06,colleague
U0356,U0865,2024-06-22T00:00:07,collaborator
U0050,U0551,2024-06-22T00:00:08,collaborator
U0283,U1007,2024-06-23T00:00:01,acquaintance
U0631,U1302,2024-06-23T00:00:02,collaborator
U0338,U0707,2024-06-23T00:00:03,collaborator
U0240,U0410,2024-06-23T00:00:04,collaborator
U0458,U1213,2024-06-23T00:00:05,collaborator
U0253,U0393,2024-06-23T00:00:06,collaborator
U0172,U1341,2024-06-23T00:00:07,collaborator
U0155,U1064,2024-06-23T00:00:08,collaborator
U0741,U1218,2024-06-24T00:00:01,collaborator
U0135,U0443,2024-06-24T00:00:02,colleague
U0741,U1392,2024-06-24T00:00:03,collaborator
U1197,U1293,2024-06-24T00:00:04,collaborator
U0726,U0822,2024-06-24T00:00:05,collaborator
U0910,U1305,2024-06-24T00:00:06,colleague
U0957,U1240,2024-06-24T00:00:07,acquaintance
U0689,U1253,2024-06-25T00:00:00,collaborator
U1101,U1163,2024-06-25T00:00:01,colleague
U0050,U1049,2024-06-25T00:00:02,acquaintance
U0302,U0459,2024-06-25T00:00:03,collaborator
U0309,U0782,2024-06-25T00:00:04,colleague
U0752,U0757,2024-06-25T00:00:05,collaborator
U0122,U1002,2024-06-25T00:00:06,acquaintance
U1086,U1401,2024-06-25T00:00:07,colleague
U1146,U1290,2024-06-26T00:00:01,acquaintance
U0146,U0264,2024-06-26T00:00:02,collaborator
U0945,U1332,2024-06-26T00:00:03,collaborator
U0692,U1229,2024-06-26T00:00:04,colleague
U0157,U0856,2024-06-26T00:00:05,collaborator
U0944,U1373,2024-06-26T00:00:06,colleague
U0201,U0771,2024-06-26T00:00:07,acquaintance
U0067,U1125,2024-06-26T00:00:08,colleague
U0036,U0681,2024-06-27T00:00:01,colleague
U0525,U0736,2024-06-27T00:00:02,collaborator
U0289,U1379,2024-06-27T00:00:03,acquaintance
U0887,U1372,2024-06-27T00:00:04,acquaintance
U0172,U1008,2024-06-27T00:00:05,collaborator
U0360,U1170,2024-06-27T00:00:06,collaborator
U0298,U1390,2024-06-27T00:00:07,acquaintance
U0639,U1348,2024-06-27T00:00:08,collaborator
U1106,U1164,2024-06-28T00:00:01,colleague
U0095,U1071,2024-06-28T00:00:02,collaborator
U0521,U1164,2024-06-28T00:00:03,colleague
U0747,U0993,2024-06-28T00:00:04,collaborator
U0015,U0458,2024-06-28T00:00:05,colleague
U0744,U0972,2024-06-28T00:00:06,collaborator
U0313,U0553,2024-06-28T00:00:07,collaborator
U0539,U0592,2024-07-01T00:00:00,collaborator
U1304,U1383,2024-07-01T00:00:01,acquaintance
U0664,U0741,2024-07-01T00:00:02,collaborator
U0317,U1129,2024-07-01T00:00:03,acquaintance
U0006,U0988,2024-07-01T00:00:04,collaborator
U0195,U0727,2024-07-01T00:00:05,collaborator
U0202,U1133,2024-07-01T00:00:06,collaborator
U0969,U1343,2024-07-01T00:00:07,collaborator
U0683,U0822,2024-07-02T00:00:01,collaborator
U0279,U0426,2024-07-02T00:00:02,acquaintance
U0579,U1323,2024-07-02T00:00:03,collaborator
U0097,U0110,2024-07-02T00:00:04,collaborator
U0294,U0525,2024-07-02T00:00:05,colleague
U0672,U0883,2024-07-02T00:00:06,collaborator
U0316,U0811,2024-07-02T00:00:07,collaborator
U0686,U0949,2024-07-02T00:00:08,collaborator
U1003,U1348,2024-07-03T00:00:01,acquaintance
U0182,U1295,2024-07-03T00:00:02,acquaintance
U0191,U0932,2024-07-03T00:00:03,collaborator
U0054,U0845,2024-07-03T00:00:04,collaborator
U1149,U1207,2024-07-03T00:00:05,colleague
U0802,U1124,2024-07-03T00:00:06,colleague
U0426,U0967,2024-07-03T00:00:07,colleague
U0154,U0725,2024-07-03T00:00:08,acquaintance
U0208,U0989,2024-07-04T00:00:01,colleague
U0524,U0589,2024-07-04T00:00:02,colleague
U0269,U0864,2024-07-04T00:00:03,acquaintance
U0811,U0853,2024-07-04T00:00:04,collaborator
U0087,U1297,2024-07-04T00:00:05,collaborator
U0363,U1288,2024-07-04T00:00:06,acquaintance
U0181,U0260,2024-07-04T00:00:07,acquaintance
U0596,U1307,2024-07-05T00:00:00,collaborator
U0526,U1197,2024-07-05T00:00:01,acquaintance
U0639,U1265,2024-07-05T00:00:02,collaborator
U0034,U0696,2024-07-05T00:00:03,collaborator
U0058,U1255,2024-07-05T00:00:04,collaborator
U0026,U1037,2024-07-05T00:00:05,colleague
U0284,U0670,2024-07-05T00:00:06,collaborator
U0832,U1367,2024-07-05T00:00:07,collaborator
U0573,U1026,2024-07-06T00:00:01,acquaintance
U0924,U1139,2024-07-06T00:00:02,colleague
U0014,U0316,2024-07-06T00:00:03,acquaintance
U0023,U1194,2024-07-06T00:00:04,collaborator
U0518,U0753,2024-07-06T00:00:05,collaborator
U0520,U0690,2024-07-06T00:00:06,collaborator
U0691,U1256,2024-07-06T00:00:07,collaborator
U0313,U0943,2024-07-06T00:00:08,collaborator
U0502,U0693,2024-07-07T00:00:01,colleague
U0291,U0319,2024-07-07T00:00:02,collaborator
U0374,U0707,2024-07-07T00:00:03,collaborator
U0536,U1196,2024-07-07T00:00:04,collaborator
U0634,U1201,2024-07-07T00:00:05,collaborator
U0843,U1090,2024-07-07T00:00:06,collaborator
U0292,U0653,2024-07-07T00:00:07,collaborator
U0853,U1114,2024-07-07T00:00:08,acquaintance
U0140,U0288,2024-07-08T00:00:01,acquaintance
U0284,U0893,2024-07-08T00:00:02,collaborator
U0750,U1323,2024-07-08T00:00:03,collaborator
U0180,U0665,2024-07-08T00:00:04,acquaintance
U0837,U0952,2024-07-08T00:00:05,acquaintance
U0633,U0901,2024-07-08T00:00:06,collaborator
U0342,U0571,2024-07-08T00:00:07,collaborator
U0270,U1346,2024-07-09T00:00:00,acquaintance
U0465,U1262,2024-07-09T00:00:01,collaborator
U0736,U1080,2024-07-09T00:00:02,acquaintance
U0498,U1038,2024-07-09T00:00:03,colleague
U0790,U1076,2024-07-09T00:00:04,collaborator
U0311,U1320,2024-07-09T00:00:05,acquaintance
U1002,U1353,2024-07-09T00:00:06,collaborator
U0313,U1352,2024-07-09T00:00:07,colleague
U0105,U1035,2024-07-10T00:00:01,collaborator
U0882,U0887,2024-07-10T00:00:02,collaborator
U0745,U1371,2024-07-10T00:00:03,acquaintance
U0301,U0311,2024-07-10T00:00:04,collaborator
U0703,U0762,2024-07-10T00:00:05,acquaintance
U0278,U1024,2024-07-10T00:00:06,colleague
U0751,U0812,2024-07-10T00:00:07,collaborator
U0610,U1321,2024-07-10T00:00:08,colleague
U0820,U0877,2024-07-11T00:00:01,acquaintance
U1120,U1317,2024-07-11T00:00:02,colleague
U0289,U1375,2024-07-11T00:00:03,collaborator
U0104,U0794,2024-07-11T00:00:04,collaborator
U0203,U0227,2024-07-11T00:00:05,collaborator
U0327,U1095,2024-07-11T00:00:06,colleague
U0988,U1157,2024-07-11T00:00:07,collaborator
U0146,U0434,2024-07-11T00:00:08,collaborator
U0125,U1355,2024-07-12T00:00:01,collaborator
U0366,U1352,2024-07-12T00:00:02,collaborator
U0773,U1302,2024-07-12T00:00:03,acquaintance
U0370,U1005,2024-07-12T00:00:04,collaborator
U0622,U1292,2024-07-12T00:00:05,collaborator
U1125,U1324,2024-07-12T00:00:06,acquaintance
U0746,U1280,2024-07-12T00:00:07,collaborator
U0135,U0717,2024-07-13T00:00:00,collaborator
U0969,U1115,2024-07-13T00:00:01,acquaintance
U0203,U1039,2024-07-13T00:00:02,acquaintance
U0039,U0222,2024-07-13T00:00:03,acquaintance
U0502,U0538,2024-07-13T00:00:04,acquaintance
U0382,U0989,2024-07-13T00:00:05,acquaintance
U0953,U1039,2024-07-13T00:00:06,colleague
U0177,U0969,2024-07-13T00:00:07,collaborator
U0650,U1226,2024-07-14T00:00:01,acquaintance
U0202,U1372,2024-07-14T00:00:02,acquaintance
U1053,U1151,2024-07-14T00:00:03,collaborator
U1236,U1266,2024-07-14T00:00:04,colleague
U0397,U1074,2024-07-14T00:00:05,colleague
U0229,U0313,2024-07-14T00:00:06,collaborator
U0118,U0751,2024-07-14T00:00:07,colleague
U0533,U0646,2024-07-14T00:00:08,acquaintance
U0778,U0790,2024-07-15T00:00:01,acquaintance
U1002,U1221,2024-07-15T00:00:02,collaborator
U0531,U0801,2024-07-15T00:00:03,collaborator
U0957,U0969,2024-07-15T00:00:04,collaborator
U0794,U1180,2024-07-15T00:00:05,collaborator
U0622,U0973,2024-07-15T00:00:06,collaborator
U0429,U1231,2024-07-15T00:00:07,collaborator
U0822,U1026,2024-07-15T00:00:08,collaborator
U0215,U1067,2024-07-16T00:00:01,collaborator
U0438,U1131,2024-07-16T00:00:02,collaborator
U0180,U1193,2024-07-16T00:00:03,colleague
U0878,U1278,2024-07-16T00:00:04,acquaintance
U0040,U1095,2024-07-16T00:00:05,acquaintance
U0081,U0364,2024-07-16T00:00:06,collaborator
U0021,U1189,2024-07-16T00:00:07,collaborator
U0227,U1131,2024-07-17T00:00:00,acquaintance
U0326,U0965,2024-07-17T00:00:01,collaborator
U1379,U1387,2024-07-17T00:00:02,collaborator
U1106,U1180,2024-07-17T00:00:03,acquaintance
U0780,U1094,2024-07-17T00:00:04,collaborator
U0098,U0107,2024-07-17T00:00:05,collaborator
U0181,U1029,2024-07-17T00:00:06,colleague
U0034,U0248,2024-07-17T00:00:07,colleague
U1195,U1346,2024-07-18T00:00:01,collaborator
U0247,U1015,2024-07-18T00:00:02,colleague
U0640,U1249,2024-07-18T00:00:03,acquaintance
U0249,U1359,2024-07-18T00:00:04,collaborator
U0269,U0878,2024-07-18T00:00:05,acquaintance
U0049,U0746,2024-07-18T00:00:06,collaborator
U0229,U0480,2024-07-18T00:00:07,collaborator
U0222,U0343,2024-07-18T00:00:08,collaborator
U0699,U0824,2024-07-19T00:00:01,collaborator
U0088,U0687,2024-07-19T00:00:02,colleague
U0409,U1038,2024-07-19T00:00:03,collaborator
U0577,U0605,2024-07-19T00:00:04,collaborator
U0426,U0906,2024-07-19T00:00:05,collaborator
U0050,U0556,2024-07-19T00:00:06,collaborator
U0784,U0976,2024-07-19T00:00:07,collaborator
U0487,U0659,2024-07-19T00:00:08,collaborator
U0701,U1163,2024-07-20T00:00:01,acquaintance
U0194,U1253,2024-07-20T00:00:02,colleague
U0317,U0829,2024-07-20T00:00:03,acquaintance
U0132,U1275,2024-07-20T00:00:04,collaborator
U0347,U1161,2024-07-20T00:00:05,colleague
U0329,U1223,2024-07-20T00:00:06,collaborator
U0641,U0757,2024-07-20T00:00:07,collaborator
U0027,U0164,2024-07-21T00:00:00,collaborator
U0482,U1169,2024-07-21T00:00:01,collaborator
U0908,U1258,2024-07-21T00:00:02,colleague
U0351,U0534,2024-07-21T00:00:03,collaborator
U1185,U1239,2024-07-21T00:00:04,colleague
U1275,U1334,2024-07-21T00:00:05,collaborator
U0439,U1157,2024-07-21T00:00:06,colleague
U0070,U0676,2024-07-21T00:00:07,colleague
U1125,U1287,2024-07-22T00:00:01,collaborator
U0109,U1081,2024-07-22T00:00:02,collaborator
U0011,U0103,2024-07-22T00:00:03,collaborator
U0878,U0968,2024-07-22T00:00:04,acquaintance
U0682,U1165,2024-07-22T00:00:05,collaborator
U0971,U1264,2024-07-22T00:00:06,colleague
U0047,U0831,2024-07-22T00:00:07,collaborator
U0447,U1303,2024-07-22T00:00:08,collaborator
U0006,U0429,2024-07-23T00:00:01,collaborator
U0642,U1123,2024-07-23T00:00:02,acquaintance
U0023,U0964,2024-07-23T00:00:03,collaborator
U0212,U0556,2024-07-23T00:00:04,collaborator
U0663,U0703,2024-07-23T00:00:05,collaborator
U0225,U1049,2024-07-23T00:00:06,acquaintance
U0023,U0894,2024-07-23T00:00:07,collaborator
U0338,U1192,2024-07-23T00:00:08,collaborator
U0911,U1343,2024-07-24T00:00:01,collaborator
U0426,U0656,2024-07-24T00:00:02,acquaintance
U0035,U0412,2024-07-24T00:00:03,acquaintance
U0240,U1168,2024-07-24T00:00:04,collaborator
U0760,U1336,2024-07-24T00:00:05,collaborator
U0926,U1211,2024-07-24T00:00:06,collaborator
U0388,U0431,2024-07-24T00:00:07,colleague
U0481,U1310,2024-07-25T00:00:00,acquaintance
U0022,U0723,2024-07-25T00:00:01,collaborator
U0289,U0761,2024-07-25T00:00:02,collaborator
U0353,U0778,2024-07-25T00:00:03,colleague
U0364,U0878,2024-07-25T00:00:04,colleague
U0017,U1195,2024-07-25T00:00:05,acquaintance
U0208,U0530,2024-07-25T00:00:06,acquaintance
U0181,U0373,2024-07-25T00:00:07,collaborator
U0299,U1392,2024-07-26T00:00:01,acquaintance
U0154,U0412,2024-07-26T00:00:02,collaborator
U0362,U1309,2024-07-26T00:00:03,colleague
U1328,U1344,2024-07-26T00:00:04,collaborator
U0426,U1250,2024-07-26T00:00:05,colleague
U0580,U0742,2024-07-26T00:00:06,acquaintance
U0216,U1214,2024-07-26T00:00:07,acquaintance
U0631,U1264,2024-07-26T00:00:08,acquaintance
U0705,U1317,2024-07-27T00:00:01,collaborator
U0203,U1222,2024-07-27T00:00:02,acquaintance
U0460,U0802,2024-07-27T00:00:03,collaborator
U0529,U0952,2024-07-27T00:00:04,collaborator
U0504,U1337,2024-07-27T00:00:05,collaborator
U0169,U0340,2024-07-27T00:00:06,collaborator
U0581,U1355,2024-07-27T00:00:07,colleague
U0485,U0824,2024-07-27T00:00:08,collaborator
U0032,U0306,2024-07-28T00:00:01,collaborator
U1126,U1143,2024-07-28T00:00:02,collaborator
U0260,U1009,2024-07-28T00:00:03,acquaintance
U0322,U1253,2024-07-28T00:00:04,collaborator
U0359,U0559,2024-07-28T00:00:05,acquaintance
U0628,U1013,2024-07-28T00:00:06,acquaintance
U0626,U1164,2024-07-28T00:00:07,collaborator
U0629,U1040,2024-08-01T00:00:00,collaborator
U0626,U1383,2024-08-01T00:00:01,acquaintance
U0837,U0864,2024-08-01T00:00:02,collaborator
U0413,U0778,2024-08-01T00:00:03,acquaintance
U0087,U0444,2024-08-01T00:00:04,colleague
U0283,U0708,2024-08-01T00:00:05,collaborator
U0250,U0761,2024-08-01T00:00:06,colleague
U0565,U0744,2024-08-01T00:00:07,acquaintance
U1159,U1198,2024-08-02T00:00:01,acquaintance
U0837,U1011,2024-08-02T00:00:02,collaborator
U0166,U0354,2024-08-02T00:00:03,acquaintance
U0284,U0582,2024-08-02T00:00:04,collaborator
U0068,U1337,2024-08-02T00:00:05,acquaintance
U1105,U1362,2024-08-02T00:00:06,collaborator
U0499,U1060,2024-08-02T00:00:07,collaborator
U0043,U1130,2024-08-02T00:00:08,collaborator
U0201,U1208,2024-08-03T00:00:01,collaborator
U0182,U0480,2024-08-03T00:00:02,colleague
U0863,U1350,2024-08-03T00:00:03,collaborator
U1074,U1297,2024-08-03T00:00:04,acquaintance
U0309,U0442,2024-08-03T00:00:05,colleague
U0328,U1236,2024-08-03T00:00:06,collaborator
U0926,U1049,2024-08-03T00:00:07,collaborator
U0061,U1154,2024-08-03T00:00:08,colleague
U0679,U1344,2024-08-04T00:00:01,collaborator
U0742,U1260,2024-08-04T00:00:02,collaborator
U0631,U1257,2024-08-04T00:00:03,acquaintance
U0594,U1147,2024-08-04T00:00:04,collaborator
U0635,U1354,2024-08-04T00:00:05,colleague
U1275,U1283,2024-08-04T00:00:06,collaborator
U0579,U0835,2024-08-04T00:00:07,acquaintance
U0343,U1063,2024-08-05T00:00:00,acquaintance
U0286,U1302,2024-08-05T00:00:01,collaborator
U1164,U1271,2024-08-05T00:00:02,collaborator
U0124,U0422,2024-08-05T00:00:03,acquaintance
U0584,U1105,2024-08-05T00:00:04,colleague
U0544,U1334,2024-08-05T00:00:05,collaborator
U0544,U0697,2024-08-05T00:00:06,colleague
U0248,U0726,2024-08-05T00:00:07,collaborator
U0050,U1307,2024-08-06T00:00:01,acquaintance
U0150,U1162,2024-08-06T00:00:02,acquaintance
U0169,U0926,2024-08-06T00:00:03,colleague
U0806,U1324,2024-08-06T00:00:04,collaborator
U0351,U1174,2024-08-06T00:00:05,collaborator
U0934,U1075,2024-08-06T00:00:06,acquaintance
U0488,U0918,2024-08-06T00:00:07,colleague
U0353,U0362,2024-08-06T00:00:08,collaborator
U0541,U1097,2024-08-07T00:00:01,acquaintance
U0324,U0338,2024-08-07T00:00:02,collaborator
U0208,U1157,2024-08-07T00:00:03,collaborator
U0642,U0888,2024-08-07T00:00:04,acquaintance
U0592,U0852,2024-08-07T00:00:05,collaborator
U0212,U1058,2024-08-07T00:00:06,colleague
U0177,U0746,2024-08-07T00:00:07,colleague
U0662,U1292,2024-08-07T00:00:08,collaborator
U1212,U1397,2024-08-08T00:00:01,colleague
U0250,U1186,2024-08-08T00:00:02,collaborator
U0305,U0952,2024-08-08T00:00:03,collaborator
U0084,U0598,2024-08-08T00:00:04,collaborator
U0636,U1270,2024-08-08T00:00:05,colleague
U0473,U1003,2024-08-08T00:00:06,acquaintance
U0620,U1145,2024-08-08T00:00:07,colleague
U0383,U0870,2024-08-09T00:00:00,collaborator
U0271,U0318,2024-08-09T00:00:01,acquaintance
U1002,U1023,2024-08-09T00:00:02,collaborator
U1061,U1079,2024-08-09T00:00:03,acquaintance
U0266,U0418,2024-08-09T00:00:04,acquaintance
U0724,U1011,2024-08-09T00:00:05,collaborator
U0221,U1285,2024-08-09T00:00:06,collaborator
U0094,U0682,2024-08-09T00:00:07,collaborator
U0237,U1179,2024-08-10T00:00:01,acquaintance
U1146,U1397,2024-08-10T00:00:02,acquaintance
U0487,U0570,2024-08-10T00:00:03,colleague
U0290,U1206,2024-08-10T00:00:04,collaborator
U0159,U0939,2024-08-10T00:00:05,collaborator
U1150,U1285,2024-08-10T00:00:06,collaborator
U0446,U0584,2024-08-10T00:00:07,collaborator
U1048,U1181,2024-08-10T00:00:08,acquaintance
U0342,U0640,2024-08-11T00:00:01,colleague
U0488,U1285,2024-08-11T00:00:02,collaborator
U0419,U0685,2024-08-11T00:00:03,colleague
U1047,U1053,2024-08-11T00:00:04,collaborator
U0125,U1134,2024-08-11T00:00:05,collaborator
U0236,U0588,2024-08-11T00:00:06,acquaintance
U0154,U0360,2024-08-11T00:00:07,collaborator
U1037,U1236,2024-08-11T00:00:08,colleague
U0526,U0567,2024-08-12T00:00:01,colleague
U0624,U1081,2024-08-12T00:00:02,acquaintance
U0546,U0908,2024-08-12T00:00:03,acquaintance
U0183,U0634,2024-08-12T00:00:04,collaborator
U0582,U0656,2024-08-12T00:00:05,colleague
U0356,U0773,2024-08-12T00:00:06,acquaintance
U0384,U0537,2024-08-12T00:00:07,collaborator
U1071,U1308,2024-08-13T00:00:00,acquaintance
U0499,U1397,2024-08-13T00:00:01,collaborator
U0002,U0070,2024-08-13T00:00:02,acquaintance
U1026,U1387,2024-08-13T00:00:03,colleague
U0446,U0797,2024-08-13T00:00:04,acquaintance
U0263,U1301,2024-08-13T00:00:05,acquaintance
U0179,U0939,2024-08-13T00:00:06,collaborator
U0313,U0591,2024-08-13T00:00:07,collaborator
U0534,U1037,2024-08-14T00:00:01,acquaintance
U0128,U1025,2024-08-14T00:00:02,collaborator
U1214,U1233,2024-08-14T00:00:03,collaborator
U0092,U0479,2024-08-14T00:00:04,collaborator
U0326,U1389,2024-08-14T00:00:05,collaborator
U0828,U0904,2024-08-14T00:00:06,collaborator
U0147,U0622,2024-08-14T00:00:07,acquaintance
U0229,U0636,2024-08-14T00:00:08,colleague
U0194,U0529,2024-08-15T00:00:01,collaborator
U0200,U0705,2024-08-15T00:00:02,collaborator
U0771,U1163,2024-08-15T00:00:03,acquaintance
U0210,U0248,2024-08-15T00:00:04,acquaintance
U0513,U0966,2024-08-15T00:00:05,colleague
U0537,U0607,2024-08-15T00:00:06,colleague
U0196,U0925,2024-08-15T00:00:07,acquaintance
U1272,U1393,2024-08-15T00:00:08,collaborator
U0565,U1180,2024-08-16T00:00:01,collaborator
U1095,U1361,2024-08-16T00:00:02,collaborator
U0541,U1037,2024-08-16T00:00:03,colleague
U1281,U1292,2024-08-16T00:00:04,colleague
U0067,U1215,2024-08-16T00:00:05,acquaintance
U0948,U1270,2024-08-16T00:00:06,collaborator
U0386,U1214,2024-08-16T00:00:07,collaborator
U0663,U0898,2024-08-17T00:00:00,acquaintance
U0957,U1063,2024-08-17T00:00:01,collaborator
U0004,U0084,2024-08-17T00:00:02,collaborator
U0477,U1175,2024-08-17T00:00:03,acquaintance
U0554,U0892,2024-08-17T00:00:04,acquaintance
U0554,U0813,2024-08-17T00:00:05,colleague
U0514,U0759,2024-08-17T00:00:06,collaborator
U0271,U0596,2024-08-17T00:00:07,colleague
U0700,U0763,2024-08-18T00:00:01,collaborator
U0451,U1381,2024-08-18T00:00:02,collaborator
U0987,U1040,2024-08-18T00:00:03,acquaintance
U0113,U0302,2024-08-18T00:00:04,collaborator
U0278,U0300,2024-08-18T00:00:05,collaborator
U1091,U1271,2024-08-18T00:00:06,colleague
U0108,U1000,2024-08-18T00:00:07,colleague
U0275,U1078,2024-08-18T00:00:08,acquaintance
U0261,U0676,2024-08-19T00:00:01,colleague
U0315,U1161,2024-08-19T00:00:02,acquaintance
U0089,U1124,2024-08-19T00:00:03,collaborator
U0411,U1251,2024-08-19T00:00:04,collaborator
U0779,U1034,2024-08-19T00:00:05,collaborator
U0058,U1379,2024-08-19T00:00:06,colleague
U0250,U0582,2024-08-19T00:00:07,acquaintance
U0111,U0231,2024-08-19T00:00:08,colleague
U0839,U0944,2024-08-20T00:00:01,acquaintance
U0119,U0938,2024-08-20T00:00:02,acquaintance
U0030,U0551,2024-08-20T00:00:03,collaborator
U0186,U0894,2024-08-20T00:00:04,collaborator
U0205,U0845,2024-08-20T00:00:05,collaborator
U0277,U1103,2024-08-20T00:00:06,acquaintance
U0714,U0731,2024-08-20T00:00:07,acquaintance
U0851,U1126,2024-08-21T00:00:00,acquaintance
U0204,U0477,2024-08-21T00:00:01,collaborator
U1015,U1303,2024-08-21T00:00:02,collaborator
U0319,U0431,2024-08-21T00:00:03,collaborator
U0364,U0888,2024-08-21T00:00:04,collaborator
U0106,U1010,2024-08-21T00:00:05,acquaintance
U0977,U1071,2024-08-21T00:00:06,collaborator
U0073,U0159,2024-08-21T00:00:07,collaborator
U0803,U1079,2024-08-22T00:00:01,collaborator
U0761,U0939,2024-08-22T00:00:02,acquaintance
U0301,U0591,2024-08-22T00:00:03,acquaintance
U0857,U0927,2024-08-22T00:00:04,acquaintance
U0611,U0778,2024-08-22T00:00:05,colleague
U0718,U0828,2024-08-22T00:00:06,collaborator
U0284,U0841,2024-08-22T00:00:07,collaborator
U0196,U1326,2024-08-22T00:00:08,colleague
U0433,U0454,2024-08-23T00:00:01,collaborator
U0229,U0611,2024-08-23T00:00:02,colleague
U0231,U1198,2024-08-23T00:00:03,acquaintance
U0359,U1181,2024-08-23T00:00:04,collaborator
U0110,U1036,2024-08-23T00:00:05,collaborator
U0333,U0933,2024-08-23T00:00:06,acquaintance
U0387,U0749,2024-08-23T00:00:07,acquaintance
U0994,U1126,2024-08-23T00:00:08,collaborator
U0537,U1182,2024-08-24T00:00:01,acquaintance
U0965,U1172,2024-08-24T00:00:02,collaborator
U0505,U1073,2024-08-24T00:00:03,collaborator
U0048,U0948,2024-08-24T00:00:04,colleague
U0540,U0817,2024-08-24T00:00:05,acquaintance
U0875,U0972,2024-08-24T00:00:06,acquaintance
U0629,U1308,2024-08-24T00:00:07,collaborator
U0458,U0473,2024-08-25T00:00:00,colleague
U0199,U0844,2024-08-25T00:00:01,acquaintance
U0864,U1322,2024-08-25T00:00:02,acquaintance
U0687,U1306,2024-08-25T00:00:03,collaborator
U0502,U0548,2024-08-25T00:00:04,acquaintance
U0454,U0700,2024-08-25T00:00:05,collaborator
U0143,U0620,2024-08-25T00:00:06,acquaintance
U0041,U0258,2024-08-25T00:00:07,collaborator
U0925,U1286,2024-08-26T00:00:01,collaborator
U0428,U0504,2024-08-26T00:00:02,acquaintance
U0800,U1121,2024-08-26T00:00:03,colleague
U0097,U1322,2024-08-26T00:00:04,collaborator
U0663,U0666,2024-08-26T00:00:05,collaborator
U0559,U0769,2024-08-26T00:00:06,acquaintance
U0586,U0955,2024-08-26T00:00:07,collaborator
U0490,U0659,2024-08-26T00:00:08,acquaintance
U0008,U0161,2024-08-27T00:00:01,collaborator
U1195,U1376,2024-08-27T00:00:02,colleague
U0306,U0939,2024-08-27T00:00:03,acquaintance
U0112,U0236,2024-08-27T00:00:04,collaborator
U0187,U0571,2024-08-27T00:00:05,collaborator
U0483,U1168,2024-08-27T00:00:06,acquaintance
U0239,U1003,2024-08-27T00:00:07,acquaintance
U0733,U0799,2024-08-27T00:00:08,collaborator
U0979,U1216,2024-08-28T00:00:01,collaborator
U0272,U1119,2024-08-28T00:00:02,collaborator
U0639,U1229,2024-08-28T00:00:03,acquaintance
U0218,U0289,2024-08-28T00:00:04,collaborator
U0403,U0875,2024-08-28T00:00:05,acquaintance
U0085,U0317,2024-08-28T00:00:06,collaborator
U0575,U0862,2024-08-28T00:00:07,collaborator
U0800,U1064,2024-09-01T00:00:00,collaborator
U0674,U0943,2024-09-01T00:00:01,collaborator
U0275,U1132,2024-09-01T00:00:02,collaborator
U0016,U0112,2024-09-01T00:00:03,colleague
U0603,U0650,2024-09-01T00:00:04,acquaintance
U0057,U0342,2024-09-01T00:00:05,collaborator
U0086,U0694,2024-09-01T00:00:06,collaborator
U0041,U0138,2024-09-01T00:00:07,collaborator
U1244,U1256,2024-09-02T00:00:01,collaborator
U0146,U0482,2024-09-02T00:00:02,collaborator
U0340,U0761,2024-09-02T00:00:03,collaborator
U1058,U1101,2024-09-02T00:00:04,collaborator
U0653,U1177,2024-09-02T00:00:05,colleague
U0916,U1140,2024-09-02T00:00:06,collaborator
U0076,U0799,2024-09-02T00:00:07,acquaintance
U0916,U1227,2024-09-02T00:00:08,acquaintance
U0082,U0821,2024-09-03T00:00:01,acquaintance
U0643,U1361,2024-09-03T00:00:02,acquaintance
U1073,U1091,2024-09-03T00:00:03,collaborator
U1298,U1301,2024-09-03T00:00:04,acquaintance
U0538,U1343,2024-09-03T00:00:05,acquaintance
U0244,U0573,2024-09-03T00:00:06,colleague
U0521,U0944,2024-09-03T00:00:07,collaborator
U0481,U1368,2024-09-03T00:00:08,collaborator
U0893,U1382,2024-09-04T00:00:01,collaborator
U0295,U1325,2024-09-04T00:00:02,acquaintance
U0338,U1086,2024-09-04T00:00:03,acquaintance
U0903,U1147,2024-09-04T00:00:04,colleague
U0230,U1201,2024-09-04T00:00:05,collaborator
U1215,U1274,2024-09-04T00:00:06,collaborator
U0103,U0425,2024-09-04T00:00:07,collaborator
U0324,U1063,2024-09-05T00:00:01,collaborator
U0586,U0731,2024-09-05T00:00:02,colleague
U0192,U1358,2024-09-05T00:00:03,colleague
U0724,U0969,2024-09-05T00:00:04,colleague
U0736,U0750,2024-09-05T00:00:05,colleague
U0180,U0920,2024-09-05T00:00:06,collaborator
U0844,U1363,2024-09-05T00:00:07,collaborator
U0927,U1284,2024-09-05T00:00:08,collaborator
U1061,U1164,2024-09-06T00:00:01,acquaintance
U0556,U1293,2024-09-06T00:00:02,acquaintance
U1033,U1359,2024-09-06T00:00:03,acquaintance
U0571,U0592,2024-09-06T00:00:04,collaborator
U0221,U0499,2024-09-06T00:00:05,acquaintance
U0380,U0651,2024-09-06T00:00:06,collaborator
U0322,U0646,2024-09-06T00:00:07,colleague
U0342,U1115,2024-09-06T00:00:08,collaborator
U0125,U0715,2024-09-07T00:00:01,collaborator
U0705,U0877,2024-09-07T00:00:02,acquaintance
U0465,U1383,2024-09-07T00:00:03,collaborator
U0278,U1357,2024-09-07T00:00:04,colleague
U0796,U1185,2024-09-07T00:00:05,collaborator
U0271,U0957,2024-09-07T00:00:06,collaborator
U0408,U0735,2024-09-07T00:00:07,collaborator
U0810,U0868,2024-09-08T00:00:00,collaborator
U0025,U0973,2024-09-08T00:00:01,collaborator
U0670,U1207,2024-09-08T00:00:02,collaborator
U1039,U1155,2024-09-08T00:00:03,acquaintance
U0172,U0766,2024-09-08T00:00:04,collaborator
U0498,U1197,2024-09-08T00:00:05,acquaintance
U0319,U0784,2024-09-08T00:00:06,acquaintance
U0420,U1127,2024-09-08T00:00:07,collaborator
U0065,U1127,2024-09-09T00:00:01,collaborator
U0454,U0696,2024-09-09T00:00:02,collaborator
U1034,U1159,2024-09-09T00:00:03,acquaintance
U0891,U1056,2024-09-09T00:00:04,collaborator
U0099,U0482,2024-09-09T00:00:05,acquaintance
U0434,U1310,2024-09-09T00:00:06,colleague
U1135,U1278,2024-09-09T00:00:07,collaborator
U0564,U1372,2024-09-09T00:00:08,collaborator
U0652,U1084,2024-09-10T00:00:01,collaborator
U0429,U1301,2024-09-10T00:00:02,collaborator
U0034,U0561,2024-09-10T00:00:03,acquaintance
U0393,U1218,2024-09-10T00:00:04,collaborator
U0473,U0642,2024-09-10T00:00:05,collaborator
U0942,U1093,2024-09-10T00:00:06,acquaintance
U0291,U0510,2024-09-10T00:00:07,collaborator
U0822,U1044,2024-09-10T00:00:08,colleague
U0936,U1234,2024-09-11T00:00:01,colleague
U0180,U1165,2024-09-11T00:00:02,collaborator
U0018,U0577,2024-09-11T00:00:03,colleague
U0082,U0810,2024-09-11T00:00:04,collaborator
U0583,U0826,2024-09-11T00:00:05,collaborator
U0016,U1357,2024-09-11T00:00:06,colleague
U0150,U0553,2024-09-11T00:00:07,collaborator
U0473,U0830,2024-09-12T00:00:01,collaborator
U0161,U1307,2024-09-12T00:00:02,collaborator
U0856,U1134,2024-09-12T00:00:03,collaborator
U0420,U0573,2024-09-12T00:00:04,collaborator
U0318,U1190,2024-09-12T00:00:05,colleague
U0877,U1387,2024-09-12T00:00:06,acquaintance
U0515,U0838,2024-09-12T00:00:07,colleague
U0693,U0802,2024-09-12T00:00:08,collaborator
U0363,U1008,2024-09-13T00:00:01,collaborator
U0419,U1358,2024-09-13T00:00:02,collaborator
U0926,U0929,2024-09-13T00:00:03,collaborator
U0163,U0371,2024-09-13T00:00:04,collaborator
U0471,U1264,2024-09-13T00:00:05,acquaintance
U0804,U0807,2024-09-13T00:00:06,acquaintance
U0712,U1213,2024-09-13T00:00:07,collaborator
U0661,U1165,2024-09-13T00:00:08,acquaintance
U0229,U0695,2024-09-14T00:00:01,collaborator
U0650,U1170,2024-09-14T00:00:02,collaborator
U0364,U1404,2024-09-14T00:00:03,collaborator
U0140,U0437,2024-09-14T00:00:04,acquaintance
U1254,U1334,2024-09-14T00:00:05,collaborator
U0642,U0753,2024-09-14T00:00:06,colleague
U0650,U0950,2024-09-14T00:00:07,colleague
U0235,U0909,2024-09-15T00:00:00,collaborator
U0152,U0581,2024-09-15T00:00:01,collaborator
U0498,U1179,2024-09-15T00:00:02,collaborator
U0107,U1262,2024-09-15T00:00:03,acquaintance
U0684,U1020,2024-09-15T00:00:04,collaborator
U0107,U1160,2024-09-15T00:00:05,acquaintance
U0335,U0605,2024-09-15T00:00:06,colleague
U0397,U1061,2024-09-15T00:00:07,colleague
U0385,U1271,2024-09-16T00:00:01,colleague
U0622,U1265,2024-09-16T00:00:02,collaborator
U0810,U1237,2024-09-16T00:00:03,collaborator
U0718,U0823,2024-09-16T00:00:04,collaborator
U0623,U1021,2024-09-16T00:00:05,acquaintance
U0036,U0290,2024-09-16T00:00:06,collaborator
U0236,U0905,2024-09-16T00:00:07,collaborator
U1136,U1310,2024-09-16T00:00:08,collaborator
U0022,U0463,2024-09-17T00:00:01,collaborator
U0194,U1240,2024-09-17T00:00:02,collaborator
U1137,U1198,2024-09-17T00:00:03,collaborator
U0761,U0938,2024-09-17T00:00:04,collaborator
U0050,U0452,2024-09-17T00:00:05,colleague
U0115,U0924,2024-09-17T00:00:06,collaborator
U0299,U0407,2024-09-17T00:00:07,collaborator
U0903,U0994,2024-09-17T00:00:08,acquaintance
U1301,U1354,2024-09-18T00:00:01,acquaintance
U0257,U1124,2024-09-18T00:00:02,colleague
U1034,U1180,2024-09-18T00:00:03,collaborator
U0439,U1296,2024-09-18T00:00:04,collaborator
U0083,U0101,2024-09-18T00:00:05,collaborator
U0692,U0980,2024-09-18T00:00:06,collaborator
U0263,U1335,2024-09-18T00:00:07,collaborator
U0095,U1195,2024-09-19T00:00:01,collaborator
U0683,U1388,2024-09-19T00:00:02,collaborator
U0710,U1252,2024-09-19T00:00:03,collaborator
U0197,U0237,2024-09-19T00:00:04,collaborator
U0651,U1265,2024-09-19T00:00:05,collaborator
U0791,U0941,2024-09-19T00:00:06,acquaintance
U0016,U1334,2024-09-19T00:00:07,colleague
U0340,U0414,2024-09-19T00:00:08,collaborator
U0992,U1143,2024-09-20T00:00:01,colleague
U0800,U1187,2024-09-20T00:00:02,collaborator
U0106,U0875,2024-09-20T00:00:03,colleague
U0730,U1223,2024-09-20T00:00:04,collaborator
U0016,U1145,2024-09-20T00:00:05,acquaintance
U0164,U0563,2024-09-20T00:00:06,collaborator
U1028,U1155,2024-09-20T00:00:07,collaborator
U0758,U0834,2024-09-20T00:00:08,collaborator
U0475,U0592,2024-09-21T00:00:01,collaborator
U0676,U1097,2024-09-21T00:00:02,acquaintance
U0431,U1053,2024-09-21T00:00:03,collaborator
U0215,U0474,2024-09-21T00:00:04,collaborator
U0156,U1193,2024-09-21T00:00:05,collaborator
U0002,U1000,2024-09-21T00:00:06,acquaintance
U0666,U0797,2024-09-21T00:00:07,acquaintance
U0427,U0649,2024-09-22T00:00:00,acquaintance
U0178,U0913,2024-09-22T00:00:01,collaborator
U0408,U0871,2024-09-22T00:00:02,collaborator
U0042,U1003,2024-09-22T00:00:03,collaborator
U0164,U0988,2024-09-22T00:00:04,collaborator
U0101,U0847,2024-09-22T00:00:05,acquaintance
U0286,U0322,2024-09-22T00:00:06,colleague
U0954,U1324,2024-09-22T00:00:07,collaborator
U0742,U1379,2024-09-23T00:00:01,acquaintance
U0508,U0752,2024-09-23T00:00:02,collaborator
U0883,U1293,2024-09-23T00:00:03,collaborator
U0102,U0227,2024-09-23T00:00:04,colleague
U0154,U1011,2024-09-23T00:00:05,colleague
U0483,U1098,2024-09-23T00:00:06,collaborator
U0204,U0712,2024-09-23T00:00:07,acquaintance
U0154,U0974,2024-09-23T00:00:08,colleague
U0170,U0405,2024-09-24T00:00:01,collaborator
U0733,U1389,2024-09-24T00:00:02,collaborator
U0131,U1109,2024-09-24T00:00:03,collaborator
U1125,U1131,2024-09-24T00:00:04,collaborator
U0170,U1278,2024-09-24T00:00:05,collaborator
U0887,U1180,2024-09-24T00:00:06,acquaintance
U1108,U1231,2024-09-24T00:00:07,acquaintance
U1090,U1336,2024-09-24T00:00:08,acquaintance
U0816,U1252,2024-09-25T00:00:01,colleague
U0043,U0863,2024-09-25T00:00:02,collaborator
U0491,U0966,2024-09-25T00:00:03,collaborator
U0954,U1387,2024-09-25T00:00:04,colleague
U0507,U1266,2024-09-25T00:00:05,collaborator
U0051,U0514,2024-09-25T00:00:06,acquaintance
U0294,U0384,2024-09-25T00:00:07,acquaintance
U0723,U0726,2024-09-26T00:00:01,acquaintance
U0311,U1244,2024-09-26T00:00:02,collaborator
U0138,U1331,2024-09-26T00:00:03,collaborator
U0470,U0607,2024-09-26T00:00:04,collaborator
U0021,U1334,2024-09-26T00:00:05,collaborator
U0027,U1202,2024-09-26T00:00:06,collaborator
U0573,U1231,2024-09-26T00:00:07,collaborator
U0642,U1218,2024-09-26T00:00:08,collaborator
U0700,U0759,2024-09-27T00:00:01,collaborator
U0401,U0597,2024-09-27T00:00:02,acquaintance
U0117,U1156,2024-09-27T00:00:03,colleague
U0475,U0731,2024-09-27T00:00:04,colleague
U0190,U0913,2024-09-27T00:00:05,colleague
U0956,U1146,2024-09-27T00:00:06,acquaintance
U0155,U0877,2024-09-27T00:00:07,collaborator
U0577,U0649,2024-09-27T00:00:08,collaborator
U0164,U0318,2024-09-28T00:00:01,collaborator
U0624,U0887,2024-09-28T00:00:02,collaborator
U0327,U0890,2024-09-28T00:00:03,acquaintance
U0810,U1106,2024-09-28T00:00:04,collaborator
U0122,U0218,2024-09-28T00:00:05,colleague
U1101,U1222,2024-09-28T00:00:06,colleague
U0405,U1199,2024-09-28T00:00:07,collaborator
U0936,U1193,2024-10-01T00:00:00,acquaintance
U0872,U1266,2024-10-01T00:00:01,collaborator
U0376,U1029,2024-10-01T00:00:02,colleague
U0929,U1008,2024-10-01T00:00:03,colleague
U0311,U0769,2024-10-01T00:00:04,acquaintance
U0703,U1009,2024-10-01T00:00:05,acquaintance
U0695,U0922,2024-10-01T00:00:06,collaborator
U1137,U1375,2024-10-01T00:00:07,colleague
U0245,U0623,2024-10-02T00:00:01,collaborator
U0828,U1382,2024-10-02T00:00:02,acquaintance
U0108,U0142,2024-10-02T00:00:03,collaborator
U0178,U1033,2024-10-02T00:00:04,acquaintance
U0780,U1397,2024-10-02T00:00:05,acquaintance
U0312,U0499,2024-10-02T00:00:06,acquaintance
U0380,U0580,2024-10-02T00:00:07,collaborator
U0427,U0851,2024-10-02T00:00:08,colleague
U0483,U0857,2024-10-03T00:00:01,colleague
U0004,U0899,2024-10-03T00:00:02,collaborator
U0943,U1094,2024-10-03T00:00:03,collaborator
U0099,U0262,2024-10-03T00:00:04,collaborator
U0102,U0185,2024-10-03T00:00:05,colleague
U0883,U1119,2024-10-03T00:00:06,colleague
U0728,U1149,2024-10-03T00:00:07,collaborator
U0069,U0195,2024-10-03T00:00:08,colleague
U0981,U1328,2024-10-04T00:00:01,collaborator
U0241,U0756,2024-10-04T00:00:02,collaborator
U0050,U1356,2024-10-04T00:00:03,collaborator
U0625,U0816,2024-10-04T00:00:04,colleague
U0991,U1207,2024-10-04T00:00:05,collaborator
U0183,U0351,2024-10-04T00:00:06,collaborator
U0207,U0271,2024-10-04T00:00:07,collaborator
U0070,U0657,2024-10-05T00:00:01,collaborator
U0796,U1332,2024-10-05T00:00:02,acquaintance
U0113,U1143,2024-10-05T00:00:03,acquaintance
U0333,U0686,2024-10-05T00:00:04,acquaintance
U1005,U1288,2024-10-05T00:00:05,colleague
U0270,U0826,2024-10-05T00:00:06,acquaintance
U0277,U0657,2024-10-05T00:00:07,acquaintance
U0827,U1384,2024-10-05T00:00:08,collaborator
U0153,U0302,2024-10-06T00:00:01,collaborator
U0124,U0161,2024-10-06T00:00:02,collaborator
U0712,U1308,2024-10-06T00:00:03,collaborator
U0155,U0653,2024-10-06T00:00:04,collaborator
U0950,U1038,2024-10-06T00:00:05,colleague
U0337,U0501,2024-10-06T00:00:06,collaborator
U0092,U0103,2024-10-06T00:00:07,collaborator
U0487,U1184,2024-10-06T00:00:08,acquaintance
U0223,U0890,2024-10-07T00:00:01,acquaintance
U0739,U1197,2024-10-07T00:00:02,collaborator
U0374,U1231,2024-10-07T00:00:03,collaborator
U0428,U0925,2024-10-07T00:00:04,colleague
U1264,U1312,2024-10-07T00:00:05,acquaintance
U0985,U1216,2024-10-07T00:00:06,acquaintance
U1050,U1271,2024-10-07T00:00:07,colleague
U0835,U0949,2024-10-08T00:00:00,collaborator
U0167,U0944,2024-10-08T00:00:01,collaborator
U0347,U1128,2024-10-08T00:00:02,collaborator
U0597,U0667,2024-10-08T00:00:03,acquaintance
U0502,U0919,2024-10-08T00:00:04,collaborator
U0138,U0334,2024-10-08T00:00:05,acquaintance
U1109,U1175,2024-10-08T00:00:06,collaborator
U0254,U1142,2024-10-08T00:00:07,colleague
U0928,U0945,2024-10-09T00:00:01,collaborator
U0847,U0890,2024-10-09T00:00:02,colleague
U0418,U0918,2024-10-09T00:00:03,collaborator
U0561,U1399,2024-10-09T00:00:04,collaborator
U0624,U1207,2024-10-09T00:00:05,collaborator
U0183,U1058,2024-10-09T00:00:06,collaborator
U0640,U0664,2024-10-09T00:00:07,acquaintance
U1094,U1256,2024-10-09T00:00:08,acquaintance
U0888,U1028,2024-10-10T00:00:01,collaborator
U0573,U1194,2024-10-10T00:00:02,collaborator
U0028,U1152,2024-10-10T00:00:03,collaborator
U1212,U1301,2024-10-10T00:00:04,collaborator
U0392,U1358,2024-10-10T00:00:05,collaborator
U0444,U0527,2024-10-10T00:00:06,acquaintance
U0953,U1105,2024-10-10T00:00:07,collaborator
U0434,U1137,2024-10-10T00:00:08,collaborator
U1022,U1271,2024-10-11T00:00:01,collaborator
U0048,U0196,2024-10-11T00:00:02,colleague
U0199,U1285,2024-10-11T00:00:03,collaborator
U0482,U1396,2024-10-11T00:00:04,collaborator
U0261,U0266,2024-10-11T00:00:05,collaborator
U0139,U0191,2024-10-11T00:00:06,acquaintance
U0004,U0394,2024-10-11T00:00:07,collaborator
U0399,U0548,2024-10-12T00:00:01,colleague
U0546,U0689,2024-10-12T00:00:02,colleague
U0214,U0334,2024-10-12T00:00:03,collaborator
U0581,U0939,2024-10-12T00:00:04,collaborator
U0627,U0770,2024-10-12T00:00:05,colleague
U1149,U1170,2024-10-12T00:00:06,acquaintance
U0943,U1151,2024-10-12T00:00:07,colleague
U0145,U1150,2024-10-12T00:00:08,collaborator
U0159,U1236,2024-10-13T00:00:01,collaborator
U0196,U1102,2024-10-13T00:00:02,collaborator
U0210,U0812,2024-10-13T00:00:03,collaborator
U0107,U1373,2024-10-13T00:00:04,acquaintance
U0138,U0742,2024-10-13T00:00:05,collaborator
U0564,U1028,2024-10-13T00:00:06,acquaintance
U0115,U0312,2024-10-13T00:00:07,collaborator
U1141,U1157,2024-10-13T00:00:08,collaborator
U0779,U0799,2024-10-14T00:00:01,acquaintance
U0044,U0119,2024-10-14T00:00:02,collaborator
U0205,U0768,2024-10-14T00:00:03,collaborator
U0056,U0139,2024-10-14T00:00:04,colleague
U0342,U0880,2024-10-14T00:00:05,colleague
U0668,U0706,2024-10-14T00:00:06,acquaintance
U0319,U1200,2024-10-14T00:00:07,collaborator
U0559,U0804,2024-10-15T00:00:00,colleague
U0733,U1179,2024-10-15T00:00:01,collaborator
U0062,U1240,2024-10-15T00:00:02,collaborator
U0910,U1373,2024-10-15T00:00:03,collaborator
U0968,U1237,2024-10-15T00:00:04,collaborator
U0563,U0921,2024-10-15T00:00:05,acquaintance
U0204,U1165,2024-10-15T00:00:06,acquaintance
U0064,U0737,2024-10-15T00:00:07,collaborator
U0270,U1182,2024-10-16T00:00:01,acquaintance
U1064,U1401,2024-10-16T00:00:02,collaborator
U0736,U1280,2024-10-16T00:00:03,collaborator
U0170,U0292,2024-10-16T00:00:04,acquaintance
U0627,U0976,2024-10-16T00:00:05,collaborator
U0302,U1197,2024-10-16T00:00:06,collaborator
U0287,U1289,2024-10-16T00:00:07,collaborator
U0529,U0842,2024-10-16T00:00:08,colleague
U0469,U1036,2024-10-17T00:00:01,collaborator
U0611,U1360,2024-10-17T00:00:02,acquaintance
U0576,U0606,2024-10-17T00:00:03,colleague
U0928,U1004,2024-10-17T00:00:04,collaborator
U0467,U1310,2024-10-17T00:00:05,collaborator
U0857,U0871,2024-10-17T00:00:06,acquaintance
U0305,U0697,2024-10-17T00:00:07,collaborator
U0154,U0200,2024-10-17T00:00:08,collaborator
U0938,U1073,2024-10-18T00:00:01,colleague
U0057,U0810,2024-10-18T00:00:02,collaborator
U0353,U1031,2024-10-18T00:00:03,collaborator
U0541,U1053,2024-10-18T00:00:04,collaborator
U1207,U1253,2024-10-18T00:00:05,acquaintance
U0270,U0501,2024-10-18T00:00:06,collaborator
U0592,U1297,2024-10-18T00:00:07,acquaintance
U0525,U0752,2024-10-19T00:00:01,colleague
U1247,U1381,2024-10-19T00:00:02,collaborator
U0109,U0819,2024-10-19T00:00:03,collaborator
U0635,U1100,2024-10-19T00:00:04,collaborator
U0423,U0761,2024-10-19T00:00:05,colleague
U0092,U0534,2024-10-19T00:00:06,collaborator
U0142,U0839,2024-10-19T00:00:07,colleague
U0232,U0758,2024-10-19T00:00:08,colleague
U0919,U1040,2024-10-20T00:00:01,colleague
U0076,U0854,2024-10-20T00:00:02,collaborator
U0102,U1257,2024-10-20T00:00:03,acquaintance
U0686,U1359,2024-10-20T00:00:04,colleague
U0415,U0509,2024-10-20T00:00:05,collaborator
U0432,U0663,2024-10-20T00:00:06,collaborator
U0916,U1296,2024-10-20T00:00:07,collaborator
U0289,U1035,2024-10-20T00:00:08,acquaintance
U0878,U1302,2024-10-21T00:00:01,colleague
U0359,U0732,2024-10-21T00:00:02,collaborator
U0299,U1359,2024-10-21T00:00:03,collaborator
U1038,U1375,2024-10-21T00:00:04,collaborator
U0016,U0728,2024-10-21T00:00:05,acquaintance
U0200,U0404,2024-10-21T00:00:06,collaborator
U1020,U1251,2024-10-21T00:00:07,colleague
U0401,U0685,2024-10-22T00:00:00,collaborator
U0906,U1347,2024-10-22T00:00:01,acquaintance
U0254,U0525,2024-10-22T00:00:02,collaborator
U0082,U1246,2024-10-22T00:00:03,collaborator
U0267,U0922,2024-10-22T00:00:04,collaborator
U0227,U0944,2024-10-22T00:00:05,acquaintance
U0359,U1021,2024-10-22T00:00:06,collaborator
U1065,U1328,2024-10-22T00:00:07,collaborator
U0099,U0856,2024-10-23T00:00:01,acquaintance
U1111,U1316,2024-10-23T00:00:02,collaborator
U0148,U0933,2024-10-23T00:00:03,collaborator
U0773,U1197,2024-10-23T00:00:04,colleague
U0542,U1061,2024-10-23T00:00:05,acquaintance
U0820,U0945,2024-10-23T00:00:06,colleague
U1063,U1369,2024-10-23T00:00:07,colleague
U0139,U0768,2024-10-23T00:00:08,acquaintance
U0543,U1073,2024-10-24T00:00:01,colleague
U0132,U1101,2024-10-24T00:00:02,collaborator
U0499,U1080,2024-10-24T00:00:03,collaborator
U0204,U0607,2024-10-24T00:00:04,collaborator
U0854,U1184,2024-10-24T00:00:05,collaborator
U0726,U0908,2024-10-24T00:00:06,collaborator
U0136,U1013,2024-10-24T00:00:07,collaborator
U0128,U0156,2024-10-24T00:00:08,acquaintance
U0269,U1100,2024-10-25T00:00:01,collaborator
U0338,U1067,2024-10-25T00:00:02,collaborator
U0733,U1166,2024-10-25T00:00:03,collaborator
U0447,U0953,2024-10-25T00:00:04,collaborator
U0816,U1328,2024-10-25T00:00:05,collaborator
U0970,U1120,2024-10-25T00:00:06,collaborator
U1051,U1073,2024-10-25T00:00:07,collaborator
U0150,U0521,2024-10-26T00:00:01,collaborator
U0069,U0906,2024-10-26T00:00:02,collaborator
U0613,U0985,2024-10-26T00:00:03,collaborator
U0417,U0934,2024-10-26T00:00:04,colleague
U0703,U0903,2024-10-26T00:00:05,collaborator
U0579,U1103,2024-10-26T00:00:06,collaborator
U0611,U0664,2024-10-26T00:00:07,collaborator
U0624,U0801,2024-10-26T00:00:08,collaborator
U0115,U1277,2024-10-27T00:00:01,collaborator
U0164,U1383,2024-10-27T00:00:02,acquaintance
U1031,U1397,2024-10-27T00:00:03,collaborator
U0381,U0955,2024-10-27T00:00:04,collaborator
U0265,U0484,2024-10-27T00:00:05,collaborator
U0814,U1371,2024-10-27T00:00:06,acquaintance
U1257,U1301,2024-10-27T00:00:07,collaborator
U0607,U0975,2024-10-27T00:00:08,acquaintance
U0205,U1381,2024-10-28T00:00:01,collaborator
U0155,U0546,2024-10-28T00:00:02,acquaintance
U0901,U1375,2024-10-28T00:00:03,collaborator
U0684,U1047,2024-10-28T00:00:04,collaborator
U0277,U1061,2024-10-28T00:00:05,acquaintance
U0511,U0891,2024-10-28T00:00:06,collaborator
U0358,U1044,2024-10-28T00:00:07,acquaintance
U0009,U0701,2024-11-02T00:00:00,collaborator
U0020,U1348,2024-11-02T00:00:01,acquaintance
U0059,U0755,2024-11-02T00:00:02,collaborator
U0129,U1069,2024-11-02T00:00:03,collaborator
U0160,U0306,2024-11-02T00:00:04,collaborator
U0162,U0444,2024-11-02T00:00:05,colleague
U0184,U1221,2024-11-03T00:00:01,acquaintance
U0282,U1193,2024-11-03T00:00:02,acquaintance
U0339,U0342,2024-11-03T00:00:03,acquaintance
U0155,U0416,2024-11-03T00:00:04,collaborator
U0436,U0588,2024-11-03T00:00:05,acquaintance
U0331,U0440,2024-11-03T00:00:06,collaborator
U0466,U0959,2024-11-04T00:00:01,acquaintance
U0489,U1021,2024-11-04T00:00:02,acquaintance
U0494,U0760,2024-11-04T00:00:03,colleague
U0011,U0496,2024-11-04T00:00:04,acquaintance
U0512,U1324,2024-11-04T00:00:05,acquaintance
U0547,U0974,2024-11-04T00:00:06,acquaintance
U0557,U0995,2024-11-05T00:00:01,collaborator
U0595,U1165,2024-11-05T00:00:02,collaborator
U0614,U1341,2024-11-05T00:00:03,acquaintance
U0618,U0797,2024-11-05T00:00:04,collaborator
U0161,U0647,2024-11-05T00:00:05,acquaintance
U0324,U0740,2024-11-05T00:00:06,collaborator
U0836,U1305,2024-11-06T00:00:01,collaborator
U0152,U0866,2024-11-06T00:00:02,collaborator
U0044,U0879,2024-11-06T00:00:03,acquaintance
U0167,U0885,2024-11-06T00:00:04,colleague
U0596,U0902,2024-11-06T00:00:05,collaborator
U0831,U0923,2024-11-06T00:00:06,acquaintance
U0930,U1262,2024-11-07T00:00:01,colleague
U0937,U1052,2024-11-07T00:00:02,colleague
U1055,U1071,2024-11-07T00:00:03,collaborator
U1057,U1211,2024-11-07T00:00:04,acquaintance
U0704,U1113,2024-11-07T00:00:05,acquaintance
U0586,U1158,2024-11-07T00:00:06,acquaintance
U0817,U1173,2024-11-08T00:00:01,collaborator
U1228,U1361,2024-11-08T00:00:02,collaborator
U0893,U1374,2024-11-08T00:00:03,colleague
U1125,U1380,2024-11-08T00:00:04,acquaintance
U0089,U0988,2024-11-08T00:00:05,acquaintance
U0544,U0966,2024-11-08T00:00:06,collaborator
U0430,U1082,2024-11-09T00:00:01,collaborator
U0265,U0724,2024-11-09T00:00:02,acquaintance
U0851,U0933,2024-11-09T00:00:03,colleague
U0262,U1266,2024-11-09T00:00:04,acquaintance
U0608,U1200,2024-11-09T00:00:05,acquaintance
U0078,U0766,2024-11-09T00:00:06,acquaintance
U0933,U1224,2024-11-10T00:00:01,acquaintance
U0361,U0563,2024-11-10T00:00:02,colleague
U0390,U0667,2024-11-10T00:00:03,acquaintance
U0474,U1086,2024-11-10T00:00:04,collaborator
U0053,U0523,2024-11-10T00:00:05,collaborator
U1192,U1325,2024-11-10T00:00:06,colleague
U0136,U0531,2024-11-11T00:00:01,collaborator
U0784,U1340,2024-11-11T00:00:02,collaborator
U0686,U1312,2024-11-11T00:00:03,acquaintance
U0387,U0987,2024-11-11T00:00:04,collaborator
U0104,U1165,2024-11-11T00:00:05,collaborator
U0897,U0954,2024-11-11T00:00:06,collaborator
U0764,U1361,2024-11-12T00:00:01,collaborator
U0058,U0597,2024-11-12T00:00:02,collaborator
U1253,U1293,2024-11-12T00:00:03,collaborator
U1179,U1346,2024-11-12T00:00:04,acquaintance
U0605,U1322,2024-11-12T00:00:05,collaborator
U0751,U1078,2024-11-12T00:00:06,acquaintance
U0695,U0765,2024-11-13T00:00:01,collaborator
U0962,U1349,2024-11-13T00:00:02,collaborator
U1163,U1307,2024-11-13T00:00:03,collaborator
U0524,U1038,2024-11-13T00:00:04,colleague
U0095,U0930,2024-11-13T00:00:05,acquaintance
U0756,U0881,2024-11-13T00:00:06,collaborator
U0764,U0938,2024-11-14T00:00:01,colleague
U0594,U1023,2024-11-14T00:00:02,collaborator
U0297,U0848,2024-11-14T00:00:03,acquaintance
U0449,U1060,2024-11-14T00:00:04,collaborator
U0487,U0833,2024-11-14T00:00:05,collaborator
U0009,U1365,2024-11-14T00:00:06,acquaintance
U0176,U1349,2024-11-15T00:00:01,colleague
U0069,U0148,2024-11-15T00:00:02,collaborator
U0066,U0870,2024-11-15T00:00:03,collaborator
U0469,U0614,2024-11-15T00:00:04,collaborator
U0401,U1264,2024-11-15T00:00:05,collaborator
U0957,U1136,2024-11-16T00:00:01,collaborator
U0787,U0854,2024-11-16T00:00:02,acquaintance
U0251,U0333,2024-11-16T00:00:03,collaborator
U0311,U1093,2024-11-16T00:00:04,collaborator
U0512,U0889,2024-11-16T00:00:05,acquaintance
U0263,U0645,2024-11-16T00:00:06,collaborator
U0262,U0770,2024-11-17T00:00:01,collaborator
U0692,U1036,2024-11-17T00:00:02,collaborator
U0421,U1194,2024-11-17T00:00:03,collaborator
U0141,U1023,2024-11-17T00:00:04,collaborator
U0804,U1337,2024-11-17T00:00:05,collaborator
U1154,U1233,2024-11-17T00:00:06,collaborator
U1164,U1312,2024-11-18T00:00:01,collaborator
U0438,U0954,2024-11-18T00:00:02,collaborator
U0489,U1029,2024-11-18T00:00:03,colleague
U0704,U0838,2024-11-18T00:00:04,collaborator
U0163,U0894,2024-11-18T00:00:05,collaborator
U0828,U1091,2024-11-18T00:00:06,collaborator
U1082,U1138,2024-11-19T00:00:01,acquaintance
U0397,U1289,2024-11-19T00:00:02,collaborator
U0733,U1071,2024-11-19T00:00:03,acquaintance
U0090,U1293,2024-11-19T00:00:04,collaborator
U0369,U0399,2024-11-19T00:00:05,collaborator
U0118,U1370,2024-11-19T00:00:06,collaborator
U0421,U0735,2024-11-20T00:00:01,collaborator
U0034,U0607,2024-11-20T00:00:02,acquaintance
U1139,U1325,2024-11-20T00:00:03,collaborator
U0633,U1278,2024-11-20T00:00:04,acquaintance
U0416,U0714,2024-11-20T00:00:05,acquaintance
U0030,U1210,2024-11-20T00:00:06,collaborator
U0666,U1190,2024-11-21T00:00:01,collaborator
U0458,U1046,2024-11-21T00:00:02,colleague
U0424,U0708,2024-11-21T00:00:03,collaborator
U0604,U1302,2024-11-21T00:00:04,acquaintance
U0779,U0992,2024-11-21T00:00:05,colleague
U0155,U0472,2024-11-21T00:00:06,collaborator
U0324,U0409,2024-11-22T00:00:01,collaborator
U0207,U1194,2024-11-22T00:00:02,collaborator
U0109,U0737,2024-11-22T00:00:03,collaborator
U0986,U1174,2024-11-22T00:00:04,colleague
U0369,U0989,2024-11-22T00:00:05,acquaintance
U1127,U1235,2024-11-22T00:00:06,collaborator
U0503,U0724,2024-11-23T00:00:01,colleague
U1084,U1255,2024-11-23T00:00:02,collaborator
U0253,U0792,2024-11-23T00:00:03,collaborator
U0170,U0622,2024-11-23T00:00:04,collaborator
U0271,U1111,2024-11-23T00:00:05,collaborator
U0429,U1289,2024-11-23T00:00:06,collaborator
U0205,U0939,2024-11-24T00:00:01,collaborator
U0100,U0833,2024-11-24T00:00:02,collaborator
U0439,U1005,2024-11-24T00:00:03,colleague
U0006,U0465,2024-11-24T00:00:04,collaborator
U0969,U1116,2024-11-24T00:00:05,collaborator
U0077,U0664,2024-11-24T00:00:06,collaborator
U0841,U1366,2024-11-25T00:00:01,collaborator
U0063,U1051,2024-11-25T00:00:02,collaborator
U0077,U0269,2024-11-25T00:00:03,acquaintance
U0115,U0380,2024-11-25T00:00:04,collaborator
U0776,U1206,2024-11-25T00:00:05,collaborator
U1267,U1377,2024-11-25T00:00:06,collaborator
U0562,U1008,2024-11-26T00:00:01,collaborator
U0224,U0972,2024-11-26T00:00:02,colleague
U0049,U0552,2024-11-26T00:00:03,acquaintance
U0153,U0430,2024-11-26T00:00:04,colleague
U0758,U0957,2024-11-26T00:00:05,acquaintance
U0507,U0817,2024-11-26T00:00:06,collaborator
U0426,U0904,2024-11-27T00:00:01,acquaintance
U0319,U0512,2024-11-27T00:00:02,collaborator
U1168,U1373,2024-11-27T00:00:03,colleague
U0809,U1205,2024-11-27T00:00:04,collaborator
U0780,U1028,2024-11-27T00:00:05,colleague
U0909,U1294,2024-11-27T00:00:06,acquaintance
U0341,U0383,2024-11-28T00:00:01,collaborator
U0851,U1137,2024-11-28T00:00:02,collaborator
U0247,U0271,2024-11-28T00:00:03,acquaintance
U0481,U1104,2024-11-28T00:00:04,acquaintance
U0533,U1148,2024-11-28T00:00:05,acquaintance
U0037,U1100,2024-12-01T00:00:00,collaborator
U0060,U0712,2024-12-01T00:00:01,collaborator
U0017,U0071,2024-12-01T00:00:02,collaborator
U0082,U0158,2024-12-01T00:00:03,collaborator
U0165,U0660,2024-12-01T00:00:04,acquaintance
U0189,U0358,2024-12-01T00:00:05,acquaintance
U0206,U1192,2024-12-01T00:00:06,acquaintance
U0211,U1355,2024-12-01T00:00:07,collaborator
U0213,U1334,2024-12-02T00:00:01,collaborator
U0219,U1045,2024-12-02T00:00:02,collaborator
U0226,U0951,2024-12-02T00:00:03,collaborator
U0228,U0683,2024-12-02T00:00:04,acquaintance
U0280,U0863,2024-12-02T00:00:05,acquaintance
U0281,U0461,2024-12-02T00:00:06,acquaintance
U0231,U0296,2024-12-02T00:00:07,acquaintance
U0325,U0959,2024-12-03T00:00:01,colleague
U0238,U0378,2024-12-03T00:00:02,colleague
U0398,U0932,2024-12-03T00:00:03,acquaintance
U0445,U0753,2024-12-03T00:00:04,colleague
U0449,U1233,2024-12-03T00:00:05,colleague
U0500,U0603,2024-12-03T00:00:06,collaborator
U0503,U0535,2024-12-03T00:00:07,colleague
U0560,U0888,2024-12-04T00:00:01,colleague
U0612,U0821,2024-12-04T00:00:02,acquaintance
U0621,U1187,2024-12-04T00:00:03,acquaintance
U0331,U0630,2024-12-04T00:00:04,acquaintance
U0680,U1276,2024-12-04T00:00:05,collaborator
U0201,U0688,2024-12-04T00:00:06,acquaintance
U0698,U1393,2024-12-04T00:00:07,collaborator
U0738,U1136,2024-12-05T00:00:01,collaborator
U0157,U0775,2024-12-05T00:00:02,collaborator
U0783,U0973,2024-12-05T00:00:03,collaborator
U0786,U1238,2024-12-05T00:00:04,collaborator
U0021,U0788,2024-12-05T00:00:05,colleague
U0808,U1035,2024-12-05T00:00:06,collaborator
U0716,U0840,2024-12-05T00:00:07,collaborator
U0895,U1281,2024-12-06T00:00:01,collaborator
U0758,U0912,2024-12-06T00:00:02,collaborator
U0931,U1256,2024-12-06T00:00:03,colleague
U0173,U0983,2024-12-06T00:00:04,collaborator
U1032,U1243,2024-12-06T00:00:05,colleague
U0140,U1041,2024-12-06T00:00:06,collaborator
U0485,U1062,2024-12-06T00:00:07,collaborator
U0532,U1088,2024-12-07T00:00:01,collaborator
U0690,U1089,2024-12-07T00:00:02,collaborator
U0641,U1110,2024-12-07T00:00:03,collaborator
U0971,U1122,2024-12-07T00:00:04,colleague
U0678,U1153,2024-12-07T00:00:05,acquaintance
U0201,U1191,2024-12-07T00:00:06,collaborator
U1020,U1225,2024-12-07T00:00:07,collaborator
U0401,U1248,2024-12-08T00:00:00,colleague
U1219,U1294,2024-12-08T00:00:01,collaborator
U0470,U1313,2024-12-08T00:00:02,colleague
U1296,U1385,2024-12-08T00:00:03,collaborator
U0692,U1386,2024-12-08T00:00:04,collaborator
U0122,U1274,2024-12-08T00:00:05,collaborator
U0876,U0972,2024-12-08T00:00:06,collaborator
U0157,U0183,2024-12-08T00:00:07,colleague
U0140,U1271,2024-12-09T00:00:01,colleague
U0988,U1180,2024-12-09T00:00:02,collaborator
U0841,U0875,2024-12-09T00:00:03,collaborator
U0171,U0978,2024-12-09T00:00:04,collaborator
U0209,U0477,2024-12-09T00:00:05,colleague
U0706,U0943,2024-12-09T00:00:06,collaborator
U0529,U0813,2024-12-09T00:00:07,collaborator
U0271,U0635,2024-12-10T00:00:01,acquaintance
U0037,U0438,2024-12-10T00:00:02,collaborator
U0866,U1199,2024-12-10T00:00:03,collaborator
U1052,U1165,2024-12-10T00:00:04,collaborator
U0499,U1022,2024-12-10T00:00:05,colleague
U0392,U1215,2024-12-10T00:00:06,collaborator
U0285,U1243,2024-12-10T00:00:07,collaborator
U0293,U0968,2024-12-11T00:00:01,collaborator
U0247,U0715,2024-12-11T00:00:02,collaborator
U0237,U1147,2024-12-11T00:00:03,collaborator
U1105,U1363,2024-12-11T00:00:04,collaborator
U1108,U1365,2024-12-11T00:00:05,collaborator
U0684,U0809,2024-12-11T00:00:06,collaborator
U0273,U1337,2024-12-11T00:00:07,collaborator
U0813,U0887,2024-12-12T00:00:01,collaborator
U1182,U1201,2024-12-12T00:00:02,collaborator
U0083,U1222,2024-12-12T00:00:03,collaborator
U0268,U0339,2024-12-12T00:00:04,colleague
U0920,U1367,2024-12-12T00:00:05,collaborator
U0137,U1241,2024-12-12T00:00:06,colleague
U0673,U1286,2024-12-12T00:00:07,acquaintance
U0983,U0997,2024-12-13T00:00:01,colleague
U0690,U1387,2024-12-13T00:00:02,collaborator
U0001,U0699,2024-12-13T00:00:03,collaborator
U0184,U1102,2024-12-13T00:00:04,collaborator
U0290,U1227,2024-12-13T00:00:05,collaborator
U0236,U1194,2024-12-13T00:00:06,collaborator
U0865,U0997,2024-12-13T00:00:07,acquaintance
U0744,U1367,2024-12-14T00:00:01,collaborator
U0736,U0988,2024-12-14T00:00:02,acquaintance
U0131,U1049,2024-12-14T00:00:03,collaborator
U0681,U1224,2024-12-14T00:00:04,collaborator
U0143,U1105,2024-12-14T00:00:05,collaborator
U0357,U0597,2024-12-14T00:00:06,acquaintance
U0584,U0997,2024-12-14T00:00:07,collaborator
U0629,U0972,2024-12-15T00:00:00,collaborator
U0445,U0921,2024-12-15T00:00:01,acquaintance
U0293,U0700,2024-12-15T00:00:02,colleague
U0098,U1045,2024-12-15T00:00:03,collaborator
U0761,U0784,2024-12-15T00:00:04,collaborator
U1129,U1336,2024-12-15T00:00:05,collaborator
U0132,U1361,2024-12-15T00:00:06,acquaintance
U0056,U0716,2024-12-15T00:00:07,collaborator
U0201,U0603,2024-12-16T00:00:01,acquaintance
U0151,U0948,2024-12-16T00:00:02,collaborator
U0118,U0994,2024-12-16T00:00:03,collaborator
U0869,U0890,2024-12-16T00:00:04,acquaintance
U0238,U1352,2024-12-16T00:00:05,collaborator
U0621,U1189,2024-12-16T00:00:06,collaborator
U0411,U1174,2024-12-16T00:00:07,collaborator
U0808,U0829,2024-12-17T00:00:01,colleague
U0340,U1117,2024-12-17T00:00:02,collaborator
U0911,U1136,2024-12-17T00:00:03,acquaintance
U0021,U1218,2024-12-17T00:00:04,collaborator
U0291,U0958,2024-12-17T00:00:05,collaborator
U0187,U0647,2024-12-17T00:00:06,collaborator
U0061,U1338,2024-12-17T00:00:07,collaborator
U0332,U1272,2024-12-18T00:00:01,acquaintance
U0522,U1368,2024-12-18T00:00:02,collaborator
U0445,U0651,2024-12-18T00:00:03,collaborator
U0574,U1372,2024-12-18T00:00:04,colleague
U0693,U1011,2024-12-18T00:00:05,collaborator
U0694,U0722,2024-12-18T00:00:06,collaborator
U0212,U0510,2024-12-18T00:00:07,acquaintance
U0636,U0866,2024-12-19T00:00:01,collaborator
U0802,U1136,2024-12-19T00:00:02,collaborator
U0181,U0800,2024-12-19T00:00:03,acquaintance
U0882,U1113,2024-12-19T00:00:04,collaborator
U0082,U0626,2024-12-19T00:00:05,collaborator
U0073,U0976,2024-12-19T00:00:06,collaborator
U0312,U1051,2024-12-19T00:00:07,collaborator
U0567,U0999,2024-12-20T00:00:01,collaborator
U0678,U1070,2024-12-20T00:00:02,collaborator
U0189,U0796,2024-12-20T00:00:03,colleague
U0789,U1311,2024-12-20T00:00:04,colleague
U0190,U1035,2024-12-20T00:00:05,colleague
U0101,U0556,2024-12-20T00:00:06,acquaintance
U0080,U0764,2024-12-20T00:00:07,collaborator
U0582,U0786,2024-12-21T00:00:01,collaborator
U0379,U0390,2024-12-21T00:00:02,acquaintance
U1256,U1336,2024-12-21T00:00:03,acquaintance
U0475,U0595,2024-12-21T00:00:04,acquaintance
U0474,U0644,2024-12-21T00:00:05,collaborator
U0990,U1026,2024-12-21T00:00:06,acquaintance
U0225,U1170,2024-12-21T00:00:07,acquaintance
U0663,U0878,2024-12-22T00:00:00,collaborator
U0050,U0307,2024-12-22T00:00:01,acquaintance
U0040,U0466,2024-12-22T00:00:02,collaborator
U0139,U0780,2024-12-22T00:00:03,acquaintance
U0345,U0886,2024-12-22T00:00:04,collaborator
U0224,U0284,2024-12-22T00:00:05,colleague
U0490,U1195,2024-12-22T00:00:06,collaborator
U1119,U1196,2024-12-22T00:00:07,collaborator
U0646,U1086,2024-12-23T00:00:01,acquaintance
U0886,U1022,2024-12-23T00:00:02,collaborator
U0489,U0862,2024-12-23T00:00:03,collaborator
U0663,U1134,2024-12-23T00:00:04,collaborator
U0079,U0779,2024-12-23T00:00:05,acquaintance
U1220,U1264,2024-12-23T00:00:06,collaborator
U0719,U1204,2024-12-23T00:00:07,acquaintance
U0131,U1218,2024-12-24T00:00:01,acquaintance
U0080,U0656,2024-12-24T00:00:02,collaborator
U0056,U0207,2024-12-24T00:00:03,acquaintance
U0273,U1046,2024-12-24T00:00:04,collaborator
U0454,U0490,2024-12-24T00:00:05,colleague
U0017,U0897,2024-12-24T00:00:06,colleague
U0066,U1313,2024-12-24T00:00:07,acquaintance
U0925,U1311,2024-12-25T00:00:01,collaborator
U0323,U0481,2024-12-25T00:00:02,collaborator
U0911,U1320,2024-12-25T00:00:03,collaborator
U0182,U0871,2024-12-25T00:00:04,collaborator
U0325,U1227,2024-12-25T00:00:05,collaborator
U0526,U1023,2024-12-25T00:00:06,colleague
U0796,U1336,2024-12-25T00:00:07,colleague
U0431,U1318,2024-12-26T00:00:01,collaborator
U0319,U0927,2024-12-26T00:00:02,colleague
U0405,U0433,2024-12-26T00:00:03,collaborator
U0636,U1294,2024-12-26T00:00:04,acquaintance
U0362,U0832,2024-12-26T00:00:05,collaborator
U0526,U0963,2024-12-26T00:00:06,acquaintance
U0755,U1210,2024-12-26T00:00:07,colleague
U1136,U1276,2024-12-27T00:00:01,acquaintance
U0095,U0115,2024-12-27T00:00:02,collaborator
U0629,U0692,2024-12-27T00:00:03,collaborator
U0070,U1208,2024-12-27T00:00:04,colleague
U0820,U0895,2024-12-27T00:00:05,acquaintance
U0721,U1082,2024-12-27T00:00:06,collaborator
U0389,U0537,2024-12-27T00:00:07,collaborator
U0267,U0596,2024-12-28T00:00:01,collaborator
U0839,U1022,2024-12-28T00:00:02,collaborator
U0709,U0943,2024-12-28T00:00:03,acquaintance
U0957,U1318,2024-12-28T00:00:04,collaborator
U0672,U0860,2024-12-28T00:00:05,collaborator
U0395,U1357,2024-12-28T00:00:06,collaborator
U0760,U1309,2024-12-28T00:00:07,collaborator
U0005,U0295,2025-01-01T00:00:00,acquaintance
U0010,U1039,2025-01-01T00:00:01,collaborator
U0033,U1150,2025-01-01T00:00:02,colleague
U0038,U0042,2025-01-01T00:00:03,acquaintance
U0063,U1145,2025-01-01T00:00:04,acquaintance
U0017,U0066,2025-01-01T00:00:05,collaborator
U0100,U1279,2025-01-01T00:00:06,collaborator
U0130,U0383,2025-01-01T00:00:07,acquaintance
U0133,U0838,2025-01-02T00:00:01,acquaintance
U0149,U1328,2025-01-02T00:00:02,colleague
U0174,U1356,2025-01-02T00:00:03,colleague
U0188,U1137,2025-01-02T00:00:04,acquaintance
U0246,U0431,2025-01-02T00:00:05,collaborator
U0297,U1324,2025-01-02T00:00:06,colleague
U0307,U0936,2025-01-02T00:00:07,collaborator
U0308,U0816,2025-01-03T00:00:01,collaborator
U0352,U1350,2025-01-03T00:00:02,acquaintance
U0365,U0828,2025-01-03T00:00:03,collaborator
U0368,U1231,2025-01-03T00:00:04,collaborator
U0218,U0379,2025-01-03T00:00:05,collaborator
U0391,U1295,2025-01-03T00:00:06,collaborator
U0220,U0400,2025-01-03T00:00:07,collaborator
U0435,U0693,2025-01-04T00:00:01,collaborator
U0410,U0448,2025-01-04T00:00:02,collaborator
U0051,U0450,2025-01-04T00:00:03,collaborator
U0486,U0920,2025-01-04T00:00:04,colleague
U0046,U0522,2025-01-04T00:00:05,colleague
U0367,U0528,2025-01-04T00:00:06,collaborator
U0351,U0555,2025-01-04T00:00:07,acquaintance
U0050,U0558,2025-01-05T00:00:01,collaborator
U0585,U0664,2025-01-05T00:00:02,collaborator
U0590,U0713,2025-01-05T00:00:03,acquaintance
U0602,U1236,2025-01-05T00:00:04,acquaintance
U0617,U0652,2025-01-05T00:00:05,acquaintance
U0619,U1398,2025-01-05T00:00:06,collaborator
U0051,U0645,2025-01-05T00:00:07,collaborator
U0677,U1166,2025-01-06T00:00:01,acquaintance
U0643,U0721,2025-01-06T00:00:02,colleague
U0501,U0722,2025-01-06T00:00:03,acquaintance
U0079,U0765,2025-01-06T00:00:04,acquaintance
U0070,U0860,2025-01-06T00:00:05,collaborator
U0867,U0968,2025-01-06T00:00:06,collaborator
U0564,U0900,2025-01-06T00:00:07,collaborator
U0917,U1058,2025-01-07T00:00:01,collaborator
U0963,U1010,2025-01-07T00:00:02,collaborator
U0999,U1075,2025-01-07T00:00:03,colleague
U1077,U1347,2025-01-07T00:00:04,acquaintance
U1087,U1233,2025-01-07T00:00:05,collaborator
U0751,U1092,2025-01-07T00:00:06,collaborator
U0940,U1112,2025-01-07T00:00:07,acquaintance
U0091,U1144,2025-01-08T00:00:00,colleague
U0186,U1203,2025-01-08T00:00:01,collaborator
U1217,U1242,2025-01-08T00:00:02,collaborator
U1137,U1263,2025-01-08T00:00:03,colleague
U0712,U1291,2025-01-08T00:00:04,acquaintance
U0411,U1319,2025-01-08T00:00:05,acquaintance
U0459,U1330,2025-01-08T00:00:06,colleague
U0956,U1342,2025-01-08T00:00:07,colleague
U0868,U1370,2025-01-09T00:00:01,colleague
U1039,U1378,2025-01-09T00:00:02,collaborator
U0536,U0952,2025-01-09T00:00:03,collaborator
U0453,U0753,2025-01-09T00:00:04,acquaintance
U0378,U1095,2025-01-09T00:00:05,colleague
U0385,U0437,2025-01-09T00:00:06,colleague
U1153,U1271,2025-01-09T00:00:07,collaborator
U0900,U1246,2025-01-10T00:00:01,collaborator
U0101,U0437,2025-01-10T00:00:02,collaborator
U0253,U0956,2025-01-10T00:00:03,collaborator
U0198,U1030,2025-01-10T00:00:04,collaborator
U0194,U0296,2025-01-10T00:00:05,collaborator
U0545,U1081,2025-01-10T00:00:06,collaborator
U0546,U1132,2025-01-10T00:00:07,collaborator
U0695,U0916,2025-01-11T00:00:01,collaborator
U0079,U1383,2025-01-11T00:00:02,collaborator
U0607,U1276,2025-01-11T00:00:03,colleague
U1300,U1338,2025-01-11T00:00:04,colleague
U0698,U1144,2025-01-11T00:00:05,colleague
U0308,U0373,2025-01-11T00:00:06,collaborator
U0782,U1194,2025-01-11T00:00:07,collaborator
U0230,U1041,2025-01-12T00:00:01,colleague
U0376,U1143,2025-01-12T00:00:02,collaborator
U0776,U1375,2025-01-12T00:00:03,collaborator
U0232,U1120,2025-01-12T00:00:04,acquaintance
U0584,U1380,2025-01-12T00:00:05,colleague
U0511,U1150,2025-01-12T00:00:06,colleague
U0176,U0337,2025-01-12T00:00:07,collaborator
U0034,U0720,2025-01-13T00:00:01,colleague
U0053,U1260,2025-01-13T00:00:02,collaborator
U0531,U0898,2025-01-13T00:00:03,collaborator
U0511,U0682,2025-01-13T00:00:04,collaborator
U0147,U0485,2025-01-13T00:00:05,collaborator
U0423,U1022,2025-01-13T00:00:06,collaborator
U0700,U0897,2025-01-13T00:00:07,collaborator
U0104,U1358,2025-01-14T00:00:01,collaborator
U0635,U1103,2025-01-14T00:00:02,collaborator
U0474,U0926,2025-01-14T00:00:03,collaborator
U0248,U1142,2025-01-14T00:00:04,colleague
U0649,U0720,2025-01-14T00:00:05,collaborator
U0551,U0666,2025-01-14T00:00:06,collaborator
U0612,U1391,2025-01-14T00:00:07,collaborator
U0629,U1129,2025-01-15T00:00:00,collaborator
U0607,U0682,2025-01-15T00:00:01,acquaintance
U0593,U1384,2025-01-15T00:00:02,collaborator
U1115,U1125,2025-01-15T00:00:03,acquaintance
U0062,U0886,2025-01-15T00:00:04,acquaintance
U0119,U0805,2025-01-15T00:00:05,collaborator
U0388,U0642,2025-01-15T00:00:06,colleague
U0129,U1045,2025-01-15T00:00:07,collaborator
U0733,U0949,2025-01-16T00:00:01,acquaintance
U0150,U0806,2025-01-16T00:00:02,collaborator
U0778,U1401,2025-01-16T00:00:03,collaborator
U1054,U1240,2025-01-16T00:00:04,colleague
U0357,U0879,2025-01-16T00:00:05,acquaintance
U0592,U0784,2025-01-16T00:00:06,collaborator
U0053,U1019,2025-01-16T00:00:07,colleague
U0203,U1093,2025-01-17T00:00:01,collaborator
U1166,U1171,2025-01-17T00:00:02,collaborator
U0656,U1226,2025-01-17T00:00:03,acquaintance
U0085,U1111,2025-01-17T00:00:04,collaborator
U0257,U0581,2025-01-17T00:00:05,collaborator
U0077,U0337,2025-01-17T00:00:06,collaborator
U0035,U1010,2025-01-17T00:00:07,colleague
U0162,U0940,2025-01-18T00:00:01,collaborator
U0841,U1032,2025-01-18T00:00:02,acquaintance
U0517,U0887,2025-01-18T00:00:03,collaborator
U0024,U0741,2025-01-18T00:00:04,collaborator
U0674,U0759,2025-01-18T00:00:05,collaborator
U0047,U0328,2025-01-18T00:00:06,collaborator
U0501,U0857,2025-01-18T00:00:07,colleague
U0527,U0913,2025-01-19T00:00:01,collaborator
U0056,U0513,2025-01-19T00:00:02,collaborator
U0286,U0960,2025-01-19T00:00:03,acquaintance
U1272,U1310,2025-01-19T00:00:04,collaborator
U0622,U0758,2025-01-19T00:00:05,collaborator
U0256,U1035,2025-01-19T00:00:06,colleague
U0099,U0805,2025-01-19T00:00:07,collaborator
U0621,U1228,2025-01-20T00:00:01,collaborator
U0033,U0086,2025-01-20T00:00:02,colleague
U0478,U1146,2025-01-20T00:00:03,collaborator
U0017,U0093,2025-01-20T00:00:04,collaborator
U0814,U1090,2025-01-20T00:00:05,collaborator
U0658,U1270,2025-01-20T00:00:06,collaborator
U0022,U1208,2025-01-20T00:00:07,colleague
U0274,U0683,2025-01-21T00:00:01,collaborator
U1259,U1310,2025-01-21T00:00:02,collaborator
U0659,U1307,2025-01-21T00:00:03,collaborator
U0792,U1162,2025-01-21T00:00:04,collaborator
U0086,U0640,2025-01-21T00:00:05,collaborator
U0232,U0827,2025-01-21T00:00:06,acquaintance
U1050,U1132,2025-01-21T00:00:07,collaborator
U0321,U1024,2025-01-22T00:00:00,collaborator
U0202,U0416,2025-01-22T00:00:01,acquaintance
U0429,U1042,2025-01-22T00:00:02,colleague
U0325,U0962,2025-01-22T00:00:03,acquaintance
U0185,U1131,2025-01-22T00:00:04,collaborator
U0048,U0467,2025-01-22T00:00:05,collaborator
U0931,U1121,2025-01-22T00:00:06,acquaintance
U0327,U0776,2025-01-22T00:00:07,collaborator
U0004,U0590,2025-01-23T00:00:01,collaborator
U0325,U0502,2025-01-23T00:00:02,acquaintance
U1073,U1176,2025-01-23T00:00:03,acquaintance
U0207,U0677,2025-01-23T00:00:04,collaborator
U0164,U1212,2025-01-23T00:00:05,collaborator
U0590,U0629,2025-01-23T00:00:06,collaborator
U0373,U1215,2025-01-23T00:00:07,collaborator
U0195,U0358,2025-01-24T00:00:01,collaborator
U0154,U0407,2025-01-24T00:00:02,collaborator
U0303,U0580,2025-01-24T00:00:03,acquaintance
U0712,U1361,2025-01-24T00:00:04,collaborator
U0855,U0982,2025-01-24T00:00:05,acquaintance
U0580,U1116,2025-01-24T00:00:06,collaborator
U0865,U1374,2025-01-24T00:00:07,collaborator
U0021,U1154,2025-01-25T00:00:01,collaborator
U0004,U0538,2025-01-25T00:00:02,acquaintance
U0647,U0955,2025-01-25T00:00:03,colleague
U0129,U0162,2025-01-25T00:00:04,colleague
U0853,U1082,2025-01-25T00:00:05,collaborator
U0889,U1363,2025-01-25T00:00:06,acquaintance
U1179,U1312,2025-01-25T00:00:07,acquaintance
U0024,U0109,2025-01-26T00:00:01,colleague
U0537,U1212,2025-01-26T00:00:02,colleague
U0563,U1208,2025-01-26T00:00:03,colleague
U0727,U0815,2025-01-26T00:00:04,collaborator
U0149,U0646,2025-01-26T00:00:05,colleague
U0113,U1120,2025-01-26T00:00:06,collaborator
U0906,U1064,2025-01-26T00:00:07,collaborator
U0126,U0564,2025-01-27T00:00:01,acquaintance
U0348,U1093,2025-01-27T00:00:02,collaborator
U0919,U0968,2025-01-27T00:00:03,collaborator
U0216,U0700,2025-01-27T00:00:04,collaborator
U0027,U0689,2025-01-27T00:00:05,collaborator
U0518,U0608,2025-01-27T00:00:06,collaborator
U0246,U0518,2025-01-27T00:00:07,collaborator
U0250,U0636,2025-01-28T00:00:01,colleague
U0790,U0942,2025-01-28T00:00:02,acquaintance
U0556,U1321,2025-01-28T00:00:03,colleague
U0786,U0843,2025-01-28T00:00:04,collaborator
U0096,U0232,2025-01-28T00:00:05,acquaintance
U0806,U0849,2025-01-28T00:00:06,acquaintance
U0564,U0857,2025-01-28T00:00:07,acquaintance
U0029,U0316,2025-02-01T00:00:00,collaborator
U0090,U1161,2025-02-01T00:00:01,colleague
U0096,U0853,2025-02-01T00:00:02,colleague
U0120,U1161,2025-02-01T00:00:03,collaborator
U0121,U1357,2025-02-01T00:00:04,collaborator
U0126,U1008,2025-02-01T00:00:05,collaborator
U0176,U1115,2025-02-01T00:00:06,collaborator
U0217,U0753,2025-02-01T00:00:07,acquaintance
U0224,U1369,2025-02-01T00:00:08,acquaintance
U0243,U0849,2025-02-02T00:00:01,collaborator
U0252,U0548,2025-02-02T00:00:02,collaborator
U0255,U0589,2025-02-02T00:00:03,collaborator
U0259,U0366,2025-02-02T00:00:04,collaborator
U0268,U0447,2025-02-02T00:00:05,acquaintance
U0310,U1029,2025-02-02T00:00:06,collaborator
U0314,U0515,2025-02-02T00:00:07,collaborator
U0332,U1358,2025-02-02T00:00:08,acquaintance
U0341,U1058,2025-02-02T00:00:09,collaborator
U0349,U1070,2025-02-03T00:00:01,collaborator
U0312,U0377,2025-02-03T00:00:02,collaborator
U0046,U0402,2025-02-03T00:00:03,acquaintance
U0441,U0703,2025-02-03T00:00:04,colleague
U0497,U1315,2025-02-03T00:00:05,acquaintance
U0545,U0837,2025-02-03T00:00:06,collaborator
U0526,U0572,2025-02-03T00:00:07,collaborator
U0578,U1292,2025-02-03T00:00:08,colleague
U0601,U0759,2025-02-03T00:00:09,collaborator
U0531,U0609,2025-02-04T00:00:01,collaborator
U0052,U0644,2025-02-04T00:00:02,collaborator
U0110,U0655,2025-02-04T00:00:03,collaborator
U0101,U0658,2025-02-04T00:00:04,acquaintance
U0669,U1142,2025-02-04T00:00:05,collaborator
U0720,U1270,2025-02-04T00:00:06,collaborator
U0734,U0921,2025-02-04T00:00:07,colleague
U0330,U0754,2025-02-04T00:00:08,acquaintance
U0767,U0820,2025-02-04T00:00:09,collaborator
U0153,U0777,2025-02-05T00:00:01,colleague
U0789,U0961,2025-02-05T00:00:02,collaborator
U0798,U0933,2025-02-05T00:00:03,collaborator
U0434,U0809,2025-02-05T00:00:04,acquaintance
U0883,U0884,2025-02-05T00:00:05,colleague
U0434,U0889,2025-02-05T00:00:06,collaborator
U0303,U0896,2025-02-05T00:00:07,colleague
U0935,U1156,2025-02-05T00:00:08,colleague
U0946,U0980,2025-02-05T00:00:09,acquaintance
U0410,U0978,2025-02-06T00:00:01,collaborator
U0426,U0984,2025-02-06T00:00:02,collaborator
U0604,U0996,2025-02-06T00:00:03,collaborator
U0062,U1001,2025-02-06T00:00:04,collaborator
U0053,U1016,2025-02-06T00:00:05,collaborator
U0552,U1027,2025-02-06T00:00:06,acquaintance
U0897,U1030,2025-02-06T00:00:07,colleague
U1043,U1337,2025-02-06T00:00:08,colleague
U0576,U1066,2025-02-06T00:00:09,acquaintance
U0371,U1082,2025-02-07T00:00:01,collaborator
U0267,U1116,2025-02-07T00:00:02,acquaintance
U0723,U1178,2025-02-07T00:00:03,collaborator
U0603,U1224,2025-02-07T00:00:04,collaborator
U0718,U1318,2025-02-07T00:00:05,colleague
U0021,U1333,2025-02-07T00:00:06,collaborator
U0605,U1345,2025-02-07T00:00:07,acquaintance
U0039,U1377,2025-02-07T00:00:08,collaborator
U1246,U1391,2025-02-07T00:00:09,colleague
U0908,U1394,2025-02-08T00:00:01,collaborator
U0099,U1400,2025-02-08T00:00:02,colleague
U0357,U1016,2025-02-08T00:00:03,collaborator
U0221,U0600,2025-02-08T00:00:04,collaborator
U0883,U0947,2025-02-08T00:00:05,acquaintance
U0125,U1293,2025-02-08T00:00:06,colleague
U0707,U1106,2025-02-08T00:00:07,colleague
U0877,U1011,2025-02-08T00:00:08,collaborator
U0184,U0634,2025-02-08T00:00:09,colleague
U0541,U1369,2025-02-09T00:00:01,acquaintance
U0106,U1330,2025-02-09T00:00:02,acquaintance
U0133,U0439,2025-02-09T00:00:03,collaborator
U0535,U0873,2025-02-09T00:00:04,collaborator
U0712,U1264,2025-02-09T00:00:05,collaborator
U1166,U1236,2025-02-09T00:00:06,collaborator
U1096,U1188,2025-02-09T00:00:07,acquaintance
U0259,U0616,2025-02-09T00:00:08,collaborator
U0009,U1223,2025-02-09T00:00:09,colleague
U1121,U1217,2025-02-10T00:00:01,collaborator
U0860,U1268,2025-02-10T00:00:02,colleague
U0170,U0206,2025-02-10T00:00:03,acquaintance
U0144,U0962,2025-02-10T00:00:04,collaborator
U0815,U0930,2025-02-10T00:00:05,acquaintance
U0342,U0962,2025-02-10T00:00:06,collaborator
U0378,U1067,2025-02-10T00:00:07,colleague
U0001,U0873,2025-02-10T00:00:08,acquaintance
U0119,U1390,2025-02-10T00:00:09,collaborator
U0078,U1177,2025-02-11T00:00:01,acquaintance
U0856,U1285,2025-02-11T00:00:02,colleague
U0723,U0994,2025-02-11T00:00:03,collaborator
U0317,U1391,2025-02-11T00:00:04,collaborator
U0399,U1180,2025-02-11T00:00:05,collaborator
U0469,U0803,2025-02-11T00:00:06,colleague
U0289,U1243,2025-02-11T00:00:07,colleague
U0808,U0814,2025-02-11T00:00:08,colleague
U0139,U0167,2025-02-11T00:00:09,collaborator
U0475,U0599,2025-02-12T00:00:01,collaborator
U0761,U0768,2025-02-12T00:00:02,collaborator
U0721,U0941,2025-02-12T00:00:03,collaborator
U0565,U0655,2025-02-12T00:00:04,acquaintance
U0167,U0761,2025-02-12T00:00:05,collaborator
U0758,U1376,2025-02-12T00:00:06,collaborator
U0235,U0411,2025-02-12T00:00:07,collaborator
U0970,U1275,2025-02-12T00:00:08,acquaintance
U1111,U1237,2025-02-12T00:00:09,colleague
U0302,U1380,2025-02-13T00:00:01,collaborator
U0408,U1299,2025-02-13T00:00:02,acquaintance
U0243,U0933,2025-02-13T00:00:03,acquaintance
U1310,U1399,2025-02-13T00:00:04,acquaintance
U0861,U1211,2025-02-13T00:00:05,collaborator
U0055,U0507,2025-02-13T00:00:06,colleague
U0553,U0920,2025-02-13T00:00:07,collaborator
U0604,U1113,2025-02-13T00:00:08,collaborator
U0159,U0236,2025-02-13T00:00:09,acquaintance
U0295,U0471,2025-02-14T00:00:01,acquaintance
U1301,U1310,2025-02-14T00:00:02,collaborator
U0324,U0890,2025-02-14T00:00:03,acquaintance
U0186,U1037,2025-02-14T00:00:04,acquaintance
U1280,U1396,2025-02-14T00:00:05,collaborator
U1067,U1097,2025-02-14T00:00:06,collaborator
U0004,U0678,2025-02-14T00:00:07,collaborator
U0735,U0918,2025-02-14T00:00:08,acquaintance
U0860,U1241,2025-02-14T00:00:09,collaborator
U0531,U0663,2025-02-15T00:00:01,collaborator
U0317,U0553,2025-02-15T00:00:02,acquaintance
U0044,U0750,2025-02-15T00:00:03,collaborator
U0525,U1342,2025-02-15T00:00:04,collaborator
U0443,U1175,2025-02-15T00:00:05,acquaintance
U0029,U1315,2025-02-15T00:00:06,colleague
U0862,U1014,2025-02-15T00:00:07,colleague
U0657,U1163,2025-02-15T00:00:08,acquaintance
U0045,U0423,2025-02-15T00:00:09,colleague
U0209,U1110,2025-02-16T00:00:01,collaborator
U0388,U0448,2025-02-16T00:00:02,colleague
U0282,U1187,2025-02-16T00:00:03,collaborator
U1035,U1325,2025-02-16T00:00:04,colleague
U0522,U0866,2025-02-16T00:00:05,collaborator
U0679,U0721,2025-02-16T00:00:06,collaborator
U0594,U1057,2025-02-16T00:00:07,collaborator
U0337,U1338,2025-02-16T00:00:08,acquaintance
U0348,U0545,2025-02-16T00:00:09,collaborator
U0284,U0633,2025-02-17T00:00:01,acquaintance
U0189,U1279,2025-02-17T00:00:02,collaborator
U0131,U0261,2025-02-17T00:00:03,colleague
U0199,U0932,2025-02-17T00:00:04,colleague
U0185,U1146,2025-02-17T00:00:05,acquaintance
U0123,U0586,2025-02-17T00:00:06,colleague
U0050,U1047,2025-02-17T00:00:07,colleague
U0238,U1301,2025-02-17T00:00:08,collaborator
U0538,U1321,2025-02-17T00:00:09,acquaintance
U0600,U0605,2025-02-18T00:00:01,acquaintance
U0202,U0935,2025-02-18T00:00:02,collaborator
U0233,U1219,2025-02-18T00:00:03,acquaintance
U1221,U1308,2025-02-18T00:00:04,acquaintance
U0330,U0964,2025-02-18T00:00:05,colleague
U0764,U1324,2025-02-18T00:00:06,acquaintance
U0871,U1119,2025-02-18T00:00:07,acquaintance
U1338,U1362,2025-02-18T00:00:08,collaborator
U0933,U1052,2025-02-18T00:00:09,collaborator
U0104,U1014,2025-02-19T00:00:01,collaborator
U1052,U1401,2025-02-19T00:00:02,colleague
U0032,U1241,2025-02-19T00:00:03,colleague
U0298,U0674,2025-02-19T00:00:04,collaborator
U0140,U1291,2025-02-19T00:00:05,acquaintance
U0222,U1363,2025-02-19T00:00:06,acquaintance
U0209,U0698,2025-02-19T00:00:07,colleague
U0926,U1083,2025-02-19T00:00:08,collaborator
U0681,U1382,2025-02-19T00:00:09,collaborator
U0364,U1193,2025-02-20T00:00:01,acquaintance
U0159,U0587,2025-02-20T00:00:02,collaborator
U0301,U0453,2025-02-20T00:00:03,colleague
U0540,U0627,2025-02-20T00:00:04,colleague
U0842,U1300,2025-02-20T00:00:05,colleague
U0819,U0885,2025-02-20T00:00:06,collaborator
U0321,U0326,2025-02-20T00:00:07,collaborator
U0973,U1024,2025-02-20T00:00:08,colleague
U0343,U0894,2025-02-20T00:00:09,colleague
U0430,U0935,2025-02-21T00:00:01,collaborator
U0319,U0377,2025-02-21T00:00:02,collaborator
U0926,U0937,2025-02-21T00:00:03,collaborator
U0254,U0469,2025-02-21T00:00:04,collaborator
U0793,U1330,2025-02-21T00:00:05,colleague
U0538,U1288,2025-02-21T00:00:06,acquaintance
U0035,U0060,2025-02-21T00:00:07,collaborator
U0686,U1105,2025-02-21T00:00:08,colleague
U0916,U0973,2025-02-21T00:00:09,collaborator
U0926,U1136,2025-02-22T00:00:01,collaborator
U0785,U1055,2025-02-22T00:00:02,collaborator
U0184,U0686,2025-02-22T00:00:03,collaborator
U0200,U0411,2025-02-22T00:00:04,colleague
U0991,U1281,2025-02-22T00:00:05,acquaintance
U0451,U0805,2025-02-22T00:00:06,collaborator
U0937,U1175,2025-02-22T00:00:07,collaborator
U1132,U1248,2025-02-22T00:00:08,collaborator
U0768,U1086,2025-02-22T00:00:09,collaborator
U0230,U0658,2025-02-23T00:00:01,collaborator
U1218,U1332,2025-02-23T00:00:02,collaborator
U0980,U1020,2025-02-23T00:00:03,collaborator
U0408,U0662,2025-02-23T00:00:04,acquaintance
U0433,U0972,2025-02-23T00:00:05,colleague
U0426,U0802,2025-02-23T00:00:06,acquaintance
U0462,U1145,2025-02-23T00:00:07,colleague
U0269,U0742,2025-02-23T00:00:08,collaborator
U0850,U1079,2025-02-23T00:00:09,acquaintance
U0124,U0588,2025-02-24T00:00:01,colleague
U0670,U1244,2025-02-24T00:00:02,collaborator
U0500,U0924,2025-02-24T00:00:03,colleague
U0654,U1015,2025-02-24T00:00:04,collaborator
U0160,U0568,2025-02-24T00:00:05,collaborator
U0035,U1354,2025-02-24T00:00:06,acquaintance
U0162,U0936,2025-02-24T00:00:07,colleague
U0330,U1146,2025-02-24T00:00:08,collaborator
U0585,U1024,2025-02-24T00:00:09,acquaintance
U0957,U1327,2025-02-25T00:00:01,colleague
U0317,U0344,2025-02-25T00:00:02,collaborator
U0466,U0782,2025-02-25T00:00:03,colleague
U0201,U0413,2025-02-25T00:00:04,acquaintance
U0629,U0749,2025-02-25T00:00:05,collaborator
U0801,U0997,2025-02-25T00:00:06,collaborator
U0064,U1322,2025-02-25T00:00:07,acquaintance
U0783,U1035,2025-02-25T00:00:08,collaborator
U0761,U1346,2025-02-25T00:00:09,colleague
U0818,U1250,2025-02-26T00:00:01,collaborator
U0375,U1154,2025-02-26T00:00:02,collaborator
U0122,U0686,2025-02-26T00:00:03,collaborator
U0437,U1015,2025-02-26T00:00:04,acquaintance
U0856,U1177,2025-02-26T00:00:05,acquaintance
U0131,U0779,2025-02-26T00:00:06,collaborator
U0988,U1052,2025-02-26T00:00:07,acquaintance
U0464,U0890,2025-02-26T00:00:08,acquaintance
U0530,U0829,2025-02-26T00:00:09,collaborator
U0216,U0469,2025-02-27T00:00:01,collaborator
U1196,U1392,2025-02-27T00:00:02,collaborator
U0121,U1147,2025-02-27T00:00:03,collaborator
U0692,U0697,2025-02-27T00:00:04,collaborator
U0524,U0693,2025-02-27T00:00:05,collaborator
U0043,U0051,2025-02-27T00:00:06,collaborator
U0662,U0834,2025-02-27T00:00:07,collaborator
U0243,U1307,2025-02-27T00:00:08,acquaintance
U0677,U1172,2025-02-27T00:00:09,collaborator
U0152,U1180,2025-02-28T00:00:01,acquaintance
U0630,U1191,2025-02-28T00:00:02,acquaintance
U0182,U0629,2025-02-28T00:00:03,acquaintance
U0387,U1042,2025-02-28T00:00:04,collaborator
U0801,U1341,2025-02-28T00:00:05,colleague
U0288,U0326,2025-02-28T00:00:06,collaborator
U0046,U0895,2025-02-28T00:00:07,collaborator
U0234,U1103,2025-02-28T00:00:08,collaborator
U1082,U1359,2025-03-01T00:00:00,collaborator
