hyperedge_id,user_id,company_id,industry_id,function_id,occupation_id,skill_ids,timestamp,relation_type,supply_chain_specific,sc_role,sc_stage,sc_path
H01406,U0282,C289,I018,F012,O060,S061|S065|S097|S188|S232,2023-01-01T01:07:43,collaboration_context,0,,,
H03106,U0622,C267,I008,F012,O064,S039|S061|S068|S107|S204|S227|S231,2023-01-01T01:45:13,skill_context,0,,,
H00766,U0154,C052,I013,F018,O096,S067|S121|S164|S170|S194|S222,2023-01-01T02:15:18,skill_context,0,,,
H03816,U0764,C279,I021,F004,O018,S090|S106|S111|S119|S130|S231|S240,2023-01-01T02:16:47,work_context,0,,,
H05886,U1178,C062,I010,F015,O080,S003|S047|S051|S128|S159|S171,2023-01-01T02:17:21,collaboration_context,1,Retail,Upstream,Path_G
H04771,U0955,C279,I021,F014,O074,S017|S020|S069|S090|S107|S119|S148|S170,2023-01-01T03:02:25,skill_context,0,,,
H05156,U1032,C204,I016,F013,O066,S025|S063|S070|S105|S118|S156|S189,2023-01-01T04:04:14,skill_context,1,Manufacturing,Downstream,Path_A
H04736,U0948,C153,I023,F017,O088,S030|S040|S172|S187|S188|S198|S238,2023-01-01T07:10:13,skill_context,0,,,
H03386,U0678,C152,I019,F007,O035,S034|S045|S065|S087|S155|S157|S212,2023-01-01T07:54:33,work_context,0,,,
H02906,U0582,C060,I011,F016,O086,S012|S034|S069|S088|S123|S175,2023-01-01T08:41:04,collaboration_context,0,,,
H05846,U1170,C116,I013,F002,O008,S032|S140|S154|S160|S188,2023-01-01T09:28:22,skill_context,0,,,
H01146,U0230,C272,I024,F015,O079,S028|S032|S041|S081|S164,2023-01-01T09:42:12,collaboration_context,1,Retail,Downstream,Path_F
H01811,U0363,C066,I021,F014,O071,S078|S143|S188|S226|S235,2023-01-01T11:05:52,collaboration_context,0,,,
H03806,U0762,C072,I010,F015,O079,S007|S025|S030|S068|S099,2023-01-01T13:05:50,skill_context,0,,,
H02646,U0530,C150,I001,F013,O067,S020|S036|S045|S076|S109|S172|S183,2023-01-01T13:16:40,skill_context,0,,,
H02891,U0579,C211,I004,F003,O012,S034|S057|S065|S131|S132,2023-01-01T13:21:52,supply_context,0,,,
H00291,U0059,C230,I002,F018,O096,S014|S130|S177|S205|S210,2023-01-01T14:47:04,skill_context,0,,,
H05411,U1083,C282,I017,F014,O074,S032|S083|S106|S112|S131|S136|S146|S162,2023-01-01T17:37:23,work_context,0,,,
H03876,U0776,C113,I004,F012,O063,S047|S102|S114|S153|S211|S216|S235,2023-01-01T18:37:59,skill_context,0,,,
H00016,U0004,C055,I023,F011,O057,S013|S024|S026|S028|S110|S149|S177,2023-01-01T18:48:01,skill_context,0,,,
H06296,U1260,C286,I009,F016,O081,S077|S126|S132|S184|S185,2023-01-01T18:56:15,work_context,0,,,
H04976,U0996,C107,I006,F012,O063,S057|S059|S073|S183|S184|S220,2023-01-01T19:09:28,supply_context,1,Logistics,Midstream,Path_C
H02316,U0464,C079,I021,F010,O051,S004|S033|S130|S156|S166|S169|S180|S227,2023-01-01T19:19:34,supply_context,1,Retail,Midstream,Path_E
H00506,U0102,C027,I021,F008,O039,S023|S042|S083|S147|S167|S189|S231|S235,2023-01-01T19:42:21,skill_context,0,,,
H04536,U0908,C046,I001,F001,O003,S137|S160|S176|S202|S232,2023-01-01T19:51:31,skill_context,1,SCM,Downstream,Path_A
H03081,U0617,C176,I007,F016,O081,S018|S024|S089|S110|S141|S187|S202,2023-01-01T20:05:38,collaboration_context,1,Distribution,Upstream,Path_B
H03416,U0684,C107,I006,F006,O031,S011|S050|S066|S099|S135|S157|S166|S221,2023-01-01T21:02:41,skill_context,1,SCM,Downstream,Path_L
H02076,U0416,C060,I011,F011,O058,S032|S057|S061|S104|S140,2023-01-01T22:03:51,work_context,0,,,
H01476,U0296,C106,I021,F002,O010,S035|S038|S080|S104|S133|S136|S222|S229,2023-01-01T23:45:53,supply_context,1,Manufacturing,Midstream,Path_A
H06241,U1249,C181,I012,F014,O071,S030|S069|S121|S151|S177|S183|S204|S221,2023-01-02T00:01:29,work_context,0,,,
H06546,U1310,C291,I024,F011,O058,S036|S047|S090|S096|S163|S169,2023-01-02T00:06:48,collaboration_context,1,Supplier Management,Upstream,Path_F
H01341,U0269,C158,I014,F014,O073,S008|S064|S086|S126|S145|S153|S213,2023-01-02T00:58:32,supply_context,0,,,
H04021,U0805,C035,I013,F012,O062,S100|S107|S155|S206|S223|S227,2023-01-02T00:59:06,supply_context,0,,,
H03701,U0741,C183,I006,F001,O004,S044|S085|S160|S167|S178|S222|S236,2023-01-02T02:15:04,skill_context,0,,,
H03681,U0737,C163,I002,F016,O086,S037|S041|S065|S098|S136|S172|S174|S208,2023-01-02T03:44:11,work_context,0,,,
H01971,U0395,C012,I005,F016,O081,S007|S009|S101|S124|S130|S158|S174|S220,2023-01-02T05:00:32,skill_context,1,Procurement,Upstream,Path_H
H02096,U0420,C140,I022,F014,O075,S070|S119|S152|S216|S226,2023-01-02T06:29:03,supply_context,0,,,
H05221,U1045,C048,I005,F004,O021,S022|S069|S095|S130|S138|S156|S186|S234,2023-01-02T07:58:07,collaboration_context,0,,,
H04131,U0827,C153,I023,F010,O053,S037|S061|S081|S110|S224|S226,2023-01-02T08:36:52,collaboration_context,0,,,
H01866,U0374,C016,I006,F017,O087,S009|S031|S043|S087|S113|S175,2023-01-02T10:03:38,supply_context,0,,,
H04876,U0976,C037,I009,F012,O064,S004|S101|S113|S120|S140|S166|S204,2023-01-02T10:22:49,collaboration_context,1,Manufacturing,Midstream,Path_L
H06416,U1284,C198,I002,F010,O052,S004|S028|S039|S078|S083|S108|S196,2023-01-02T10:26:53,skill_context,0,,,
H01131,U0227,C040,I007,F011,O059,S116|S147|S217|S226|S232,2023-01-02T11:02:18,work_context,0,,,
H06561,U1313,C142,I010,F005,O027,S012|S026|S030|S052|S065|S137|S174,2023-01-02T11:36:36,supply_context,0,,,
H00881,U0177,C078,I009,F013,O069,S030|S038|S075|S083|S096|S219,2023-01-02T11:41:47,collaboration_context,0,,,
H03261,U0653,C203,I002,F004,O017,S024|S075|S099|S139|S144|S161,2023-01-02T12:57:28,work_context,1,Distribution,Upstream,Path_I
H05776,U1156,C047,I012,F015,O077,S007|S019|S083|S136|S169,2023-01-02T13:15:42,skill_context,0,,,
H02446,U0490,C075,I011,F011,O057,S017|S081|S125|S138|S213|S215,2023-01-02T14:08:02,supply_context,0,,,
H02846,U0570,C276,I010,F010,O053,S087|S152|S181|S185|S190|S207,2023-01-02T14:36:36,collaboration_context,0,,,
H04581,U0917,C059,I014,F002,O010,S009|S013|S032|S068|S087|S137|S207|S235,2023-01-02T17:38:28,supply_context,0,,,
H04046,U0810,C298,I012,F002,O008,S008|S015|S046|S058|S059|S068|S142|S146,2023-01-02T19:38:09,supply_context,1,Manufacturing,Midstream,Path_J
H00321,U0065,C069,I015,F018,O094,S009|S013|S063|S079|S087|S088|S123|S170,2023-01-02T19:44:30,collaboration_context,0,,,
H06126,U1226,C223,I012,F018,O093,S022|S060|S082|S120|S131|S143|S160|S179,2023-01-02T21:00:32,supply_context,0,,,
H01556,U0312,C201,I014,F012,O063,S022|S024|S086|S103|S114|S236,2023-01-02T21:05:47,skill_context,0,,,
H07011,U1403,C152,I019,F007,O038,S021|S046|S071|S194|S202|S213|S235|S236,2023-01-02T22:14:31,skill_context,0,,,
H01516,U0304,C088,I009,F017,O090,S005|S056|S057|S170|S202|S213,2023-01-02T23:22:11,supply_context,0,,,
H02491,U0499,C202,I022,F010,O050,S059|S071|S133|S191|S198|S202|S221,2023-01-03T01:48:53,work_context,0,,,
H02201,U0441,C175,I008,F007,O033,S019|S076|S109|S130|S174,2023-01-03T03:38:40,supply_context,0,,,
H02791,U0559,C148,I005,F014,O071,S019|S044|S073|S132|S208,2023-01-03T05:35:26,supply_context,1,Procurement,Upstream,Path_C
H01431,U0287,C155,I005,F007,O034,S057|S065|S098|S137|S164|S168|S171|S227,2023-01-03T06:04:03,supply_context,0,,,
H00511,U0103,C096,I017,F009,O044,S024|S027|S032|S056|S088|S124,2023-01-03T06:41:48,collaboration_context,1,SCM,Midstream,Path_C
H01136,U0228,C067,I002,F018,O093,S021|S047|S054|S078|S146|S177,2023-01-03T06:51:07,skill_context,0,,,
H01701,U0341,C141,I019,F001,O005,S021|S035|S073|S132|S138|S163|S172|S228,2023-01-03T07:17:54,skill_context,1,Supplier Management,Downstream,Path_E
H06426,U1286,C183,I006,F004,O021,S028|S045|S071|S102|S135|S164|S202,2023-01-03T10:07:08,skill_context,0,,,
H00066,U0014,C195,I007,F010,O052,S027|S031|S084|S144|S148|S153|S204|S225,2023-01-03T15:05:30,collaboration_context,0,,,
H06026,U1206,C269,I019,F011,O055,S012|S037|S042|S050|S122|S179|S194|S220,2023-01-03T15:39:27,collaboration_context,0,,,
H02051,U0411,C071,I012,F014,O074,S092|S155|S160|S167|S214,2023-01-03T15:56:10,work_context,0,,,
H00546,U0110,C274,I017,F006,O030,S001|S009|S104|S126|S209|S212,2023-01-03T16:32:47,skill_context,1,Manufacturing,Upstream,Path_H
H04991,U0999,C248,I020,F017,O087,S005|S033|S060|S061|S133|S141|S192|S196,2023-01-03T16:34:34,work_context,0,,,
H04831,U0967,C095,I012,F017,O090,S010|S030|S063|S072|S141|S235,2023-01-03T16:42:51,skill_context,0,,,
H01436,U0288,C236,I023,F013,O070,S029|S090|S103|S151|S173|S210|S227,2023-01-03T17:21:33,collaboration_context,1,Distribution,Midstream,Path_K
H01726,U0346,C016,I006,F013,O067,S072|S086|S134|S142|S144,2023-01-03T17:54:38,collaboration_context,0,,,
H01756,U0352,C258,I010,F003,O016,S036|S050|S055|S129|S148|S155,2023-01-03T21:36:21,supply_context,0,,,
H05436,U1088,C102,I009,F013,O068,S008|S012|S113|S140|S186|S195|S197|S199,2023-01-04T00:07:16,skill_context,0,,,
H03551,U0711,C224,I004,F001,O006,S034|S058|S062|S103|S115|S188|S198,2023-01-04T00:34:32,supply_context,1,Distribution,Downstream,Path_E
H00031,U0007,C165,I017,F018,O092,S002|S010|S136|S147|S164|S215|S224|S231,2023-01-04T01:13:54,supply_context,1,Retail,Midstream,Path_B
H01546,U0310,C100,I005,F001,O001,S048|S076|S092|S107|S144|S154|S210|S239,2023-01-04T02:02:46,collaboration_context,0,,,
H05116,U1024,C047,I012,F013,O069,S034|S049|S053|S104|S196,2023-01-04T03:21:20,collaboration_context,0,,,
H05521,U1105,C120,I017,F018,O095,S017|S060|S065|S071|S092|S113|S233|S237,2023-01-04T03:35:59,work_context,0,,,
H06491,U1299,C240,I002,F004,O018,S024|S112|S135|S153|S169,2023-01-04T04:08:45,skill_context,1,Distribution,Midstream,Path_I
H01221,U0245,C030,I020,F010,O051,S013|S016|S028|S032|S148|S160|S238,2023-01-04T06:01:19,collaboration_context,0,,,
H01231,U0247,C257,I006,F018,O092,S064|S071|S074|S079|S152|S173,2023-01-04T06:26:40,skill_context,0,,,
H06711,U1343,C153,I023,F015,O080,S034|S066|S071|S148|S152|S229|S231,2023-01-04T07:14:46,collaboration_context,0,,,
H00941,U0189,C150,I001,F012,O063,S099|S139|S162|S206|S218|S240,2023-01-04T10:21:39,skill_context,1,SCM,Upstream,Path_C
H02046,U0410,C291,I024,F009,O046,S004|S057|S058|S079|S085|S193|S207|S233,2023-01-04T12:37:18,work_context,0,,,
H00666,U0134,C187,I002,F006,O030,S035|S053|S063|S091|S092|S104|S142|S193,2023-01-04T13:18:39,supply_context,1,Supplier Management,Midstream,Path_D
H04441,U0889,C103,I011,F014,O071,S002|S036|S046|S133|S164|S188|S208,2023-01-04T13:56:52,supply_context,0,,,
H02106,U0422,C195,I007,F018,O094,S006|S055|S076|S079|S154|S171|S239,2023-01-04T14:12:38,collaboration_context,0,,,
H02526,U0506,C089,I007,F011,O057,S012|S054|S097|S141|S231,2023-01-04T16:06:26,supply_context,0,,,
H03691,U0739,C135,I017,F017,O089,S006|S019|S080|S187|S208|S236,2023-01-04T16:11:55,work_context,1,Supplier Management,Midstream,Path_E
H04576,U0916,C133,I021,F007,O038,S002|S037|S059|S157|S161|S162|S210|S234,2023-01-04T17:04:51,skill_context,0,,,
H03891,U0779,C231,I015,F002,O011,S002|S007|S082|S113|S117|S132|S166,2023-01-04T17:35:19,skill_context,1,Procurement,Upstream,Path_H
H04796,U0960,C014,I007,F018,O095,S013|S034|S081|S127|S136|S150|S195,2023-01-04T18:18:07,work_context,0,,,
H06971,U1395,C082,I015,F006,O030,S001|S046|S096|S155|S186,2023-01-04T19:07:06,skill_context,0,,,
H01831,U0367,C022,I010,F007,O033,S063|S103|S143|S154|S173|S176|S223,2023-01-04T22:11:02,skill_context,1,Distribution,Downstream,Path_C
H01771,U0355,C009,I003,F012,O060,S059|S173|S177|S227|S228|S233,2023-01-04T22:56:26,skill_context,1,Manufacturing,Downstream,Path_A
H05591,U1119,C162,I001,F008,O041,S010|S012|S160|S173|S181|S187|S198|S206,2023-01-04T23:49:25,skill_context,0,,,
H00266,U0054,C175,I008,F007,O034,S064|S069|S090|S140|S232,2023-01-05T00:24:47,collaboration_context,0,,,
H02426,U0486,C249,I018,F016,O081,S006|S071|S074|S106|S181|S228,2023-01-05T00:54:03,skill_context,0,,,
H00671,U0135,C045,I009,F016,O082,S001|S005|S035|S037|S049|S097|S150|S227,2023-01-05T01:15:01,collaboration_context,1,Procurement,Upstream,Path_G
H06966,U1394,C027,I021,F009,O044,S015|S017|S035|S079|S130|S162|S194|S203,2023-01-05T02:54:00,work_context,0,,,
H02626,U0526,C076,I024,F010,O049,S019|S021|S083|S110|S148|S156|S185,2023-01-05T03:16:14,work_context,1,Distribution,Midstream,Path_F
H05171,U1035,C180,I005,F011,O059,S011|S024|S032|S056|S117|S122|S192|S236,2023-01-05T03:40:23,collaboration_context,0,,,
H02831,U0567,C100,I005,F011,O057,S029|S056|S070|S127|S131|S226,2023-01-05T03:48:25,skill_context,0,,,
H05336,U1068,C185,I021,F016,O085,S008|S035|S122|S165|S184,2023-01-05T04:36:49,supply_context,1,Logistics,Midstream,Path_J
H06806,U1362,C001,I003,F014,O072,S065|S087|S143|S200|S205,2023-01-05T05:40:57,collaboration_context,1,Distribution,Midstream,Path_D
H00336,U0068,C195,I007,F012,O062,S004|S009|S042|S140|S188|S216|S227,2023-01-05T05:42:36,supply_context,0,,,
H00401,U0081,C146,I017,F013,O068,S018|S054|S108|S166|S175|S194|S204|S236,2023-01-05T06:11:45,supply_context,0,,,
H04706,U0942,C138,I021,F004,O022,S078|S087|S097|S110|S142|S169|S209,2023-01-05T06:56:05,supply_context,0,,,
H01026,U0206,C211,I004,F001,O003,S043|S060|S067|S090|S101|S225|S234|S237,2023-01-05T07:29:11,collaboration_context,1,Procurement,Upstream,Path_L
H02081,U0417,C003,I003,F017,O089,S001|S026|S062|S092|S119|S128|S153|S231,2023-01-05T08:01:51,work_context,0,,,
H03216,U0644,C143,I014,F008,O040,S111|S133|S153|S173|S178,2023-01-05T08:44:18,skill_context,1,Manufacturing,Downstream,Path_L
H03086,U0618,C310,I016,F015,O076,S014|S037|S066|S076|S189|S219,2023-01-05T10:27:26,supply_context,0,,,
H02781,U0557,C097,I007,F006,O031,S023|S035|S062|S117|S211,2023-01-05T11:06:08,work_context,1,SCM,Upstream,Path_B
H05301,U1061,C043,I019,F005,O026,S003|S014|S094|S193|S208|S238,2023-01-05T11:38:17,supply_context,0,,,
H05741,U1149,C251,I004,F007,O037,S015|S025|S064|S068|S070|S077|S180|S206,2023-01-05T12:58:13,skill_context,0,,,
H06406,U1282,C106,I021,F001,O002,S077|S085|S094|S098|S206|S229,2023-01-05T13:35:34,work_context,0,,,
H06506,U1302,C041,I016,F009,O045,S029|S042|S116|S135|S147,2023-01-05T15:12:41,work_context,1,Supplier Management,Upstream,Path_G
H02396,U0480,C103,I011,F006,O028,S025|S080|S115|S184|S211,2023-01-05T15:45:56,skill_context,0,,,
H04606,U0922,C299,I015,F013,O066,S015|S038|S058|S063|S103|S106,2023-01-05T16:16:19,skill_context,1,Logistics,Midstream,Path_E
H04381,U0877,C198,I002,F013,O069,S046|S084|S098|S104|S105|S137|S201|S216,2023-01-05T16:27:10,collaboration_context,1,Procurement,Midstream,Path_D
H04041,U0809,C312,I022,F005,O025,S008|S012|S035|S094|S178,2023-01-05T17:26:46,collaboration_context,0,,,
H04226,U0846,C198,I002,F010,O051,S043|S085|S158|S163|S230,2023-01-05T17:51:01,collaboration_context,0,,,
H01281,U0257,C075,I011,F002,O011,S063|S081|S090|S102|S111|S134|S204,2023-01-05T20:35:12,skill_context,0,,,
H05961,U1193,C300,I002,F010,O053,S001|S032|S066|S155|S195,2023-01-05T21:19:43,work_context,1,Supplier Management,Downstream,Path_F
H05516,U1104,C297,I023,F001,O005,S005|S030|S044|S045|S065|S123|S178|S205,2023-01-05T21:32:42,skill_context,0,,,
H04801,U0961,C313,I015,F005,O026,S026|S032|S053|S110|S153,2023-01-05T21:47:05,collaboration_context,1,SCM,Midstream,Path_L
H02451,U0491,C012,I005,F008,O043,S001|S010|S039|S044|S128|S138|S192|S215,2023-01-05T22:32:51,skill_context,0,,,
H02711,U0543,C194,I010,F011,O057,S022|S048|S050|S105|S226,2023-01-05T22:52:36,work_context,1,SCM,Midstream,Path_H
H04051,U0811,C288,I014,F005,O026,S005|S018|S023|S043|S084|S114|S140|S218,2023-01-06T02:40:52,work_context,0,,,
H02011,U0403,C223,I012,F011,O055,S041|S087|S095|S111|S112|S150|S225,2023-01-06T02:54:06,supply_context,0,,,
H02976,U0596,C037,I009,F015,O079,S013|S016|S025|S118|S120|S142|S200|S234,2023-01-06T03:34:45,skill_context,1,Distribution,Upstream,Path_E
H03056,U0612,C087,I011,F009,O044,S043|S093|S115|S231|S240,2023-01-06T03:37:54,collaboration_context,1,Procurement,Midstream,Path_L
H05066,U1014,C267,I008,F003,O014,S022|S062|S110|S155|S162|S185|S216,2023-01-06T05:51:28,supply_context,0,,,
H05531,U1107,C115,I017,F011,O057,S014|S027|S113|S133|S170|S171|S182|S198,2023-01-06T08:23:03,supply_context,0,,,
H00906,U0182,C209,I019,F017,O087,S018|S042|S079|S161|S174|S197|S212,2023-01-06T09:16:33,work_context,0,,,
H03011,U0603,C107,I006,F010,O054,S001|S060|S097|S119|S225,2023-01-06T09:20:57,work_context,1,Procurement,Downstream,Path_G
H05196,U1040,C140,I022,F001,O005,S005|S014|S021|S028|S094|S140|S159|S164,2023-01-06T10:23:49,work_context,0,,,
H03936,U0788,C289,I018,F011,O055,S003|S044|S100|S127|S182|S227|S233,2023-01-06T11:32:01,skill_context,0,,,
H02191,U0439,C219,I024,F012,O060,S043|S046|S127|S161|S173|S186|S207,2023-01-06T12:05:13,supply_context,1,Procurement,Midstream,Path_H
H01096,U0220,C136,I023,F012,O062,S003|S058|S135|S151|S162|S215|S220,2023-01-06T12:41:03,skill_context,0,,,
H04946,U0990,C113,I004,F015,O080,S063|S090|S113|S184|S196|S226,2023-01-06T12:54:05,collaboration_context,0,,,
H05136,U1028,C200,I004,F017,O089,S119|S123|S192|S215|S225|S227,2023-01-06T14:01:56,supply_context,0,,,
H02521,U0505,C240,I002,F013,O070,S031|S054|S067|S070|S087|S102|S199|S213,2023-01-06T14:02:59,work_context,0,,,
H05751,U1151,C121,I001,F014,O071,S004|S006|S016|S019|S123|S229,2023-01-06T14:27:00,work_context,0,,,
H03481,U0697,C201,I014,F013,O065,S012|S133|S147|S148|S156|S225,2023-01-06T15:13:53,skill_context,1,Logistics,Downstream,Path_E
H00021,U0005,C105,I005,F015,O080,S031|S090|S094|S113|S140|S189|S190|S223,2023-01-06T15:14:22,collaboration_context,0,,,
H06261,U1253,C096,I017,F005,O025,S032|S046|S089|S131|S181|S223|S230,2023-01-06T18:23:07,supply_context,1,Manufacturing,Upstream,Path_I
H03426,U0686,C120,I017,F005,O025,S008|S037|S053|S060|S161|S185|S221,2023-01-06T19:50:02,work_context,0,,,
H06526,U1306,C028,I018,F018,O096,S071|S128|S144|S162|S200|S234,2023-01-06T20:42:54,skill_context,1,Retail,Downstream,Path_F
H02986,U0598,C174,I005,F014,O072,S097|S100|S109|S112|S194|S214,2023-01-06T21:21:28,collaboration_context,1,Supplier Management,Midstream,Path_E
H01781,U0357,C264,I021,F014,O072,S020|S022|S046|S071|S112|S153|S180|S230,2023-01-06T21:46:45,skill_context,0,,,
H02361,U0473,C147,I008,F015,O080,S020|S159|S203|S214|S230,2023-01-06T22:35:10,collaboration_context,0,,,
H02786,U0558,C053,I019,F012,O061,S057|S073|S218|S220|S239,2023-01-07T00:24:40,skill_context,1,SCM,Downstream,Path_F
H01821,U0365,C177,I005,F011,O059,S015|S028|S070|S120|S171|S181|S191|S221,2023-01-07T01:02:56,work_context,0,,,
H06476,U1296,C177,I005,F005,O023,S031|S074|S113|S171|S172|S209,2023-01-07T01:12:43,supply_context,1,SCM,Downstream,Path_I
H02296,U0460,C149,I009,F005,O027,S006|S101|S145|S192|S196|S216,2023-01-07T02:04:31,collaboration_context,1,Supplier Management,Midstream,Path_A
H00276,U0056,C028,I018,F014,O071,S052|S074|S140|S146|S168,2023-01-07T02:27:00,skill_context,1,Logistics,Downstream,Path_D
H03851,U0771,C145,I012,F002,O010,S027|S051|S062|S079|S129|S156|S170,2023-01-07T02:54:55,collaboration_context,0,,,
H03536,U0708,C203,I002,F003,O015,S002|S023|S096|S188|S239,2023-01-07T04:07:35,supply_context,1,Retail,Downstream,Path_K
H05726,U1146,C180,I005,F006,O032,S033|S075|S079|S114|S117|S177|S216,2023-01-07T04:31:01,collaboration_context,1,Distribution,Midstream,Path_K
H04036,U0808,C314,I022,F016,O084,S004|S011|S027|S126|S132|S182|S216|S236,2023-01-07T04:44:17,collaboration_context,0,,,
H01791,U0359,C110,I003,F006,O031,S050|S065|S098|S130|S213|S240,2023-01-07T04:54:52,work_context,0,,,
H05076,U1016,C272,I024,F014,O073,S110|S184|S198|S211|S226,2023-01-07T05:41:26,skill_context,0,,,
H00541,U0109,C044,I017,F015,O079,S008|S010|S028|S125|S210|S214,2023-01-07T06:34:19,work_context,0,,,
H05761,U1153,C146,I017,F001,O002,S026|S053|S086|S107|S153|S166,2023-01-07T07:17:07,skill_context,1,Distribution,Upstream,Path_L
H06351,U1271,C209,I019,F001,O002,S006|S153|S190|S191|S238,2023-01-07T07:33:18,work_context,0,,,
H05831,U1167,C139,I008,F010,O054,S021|S029|S039|S080|S099|S199|S222|S224,2023-01-07T07:42:08,collaboration_context,0,,,
H03961,U0793,C243,I008,F006,O029,S005|S059|S067|S098|S099|S120|S121|S184,2023-01-07T08:15:19,collaboration_context,1,Procurement,Upstream,Path_H
H02241,U0449,C005,I018,F003,O012,S001|S026|S112|S187|S200|S217|S226,2023-01-07T08:56:41,skill_context,0,,,
H02196,U0440,C291,I024,F011,O058,S070|S080|S084|S095|S118|S132|S236,2023-01-07T10:52:02,skill_context,0,,,
H02101,U0421,C137,I013,F003,O014,S013|S056|S069|S102|S150|S163|S207|S238,2023-01-07T11:57:20,supply_context,1,Retail,Midstream,Path_H
H05651,U1131,C204,I016,F015,O078,S006|S016|S063|S086|S143|S168,2023-01-07T12:21:58,skill_context,1,Supplier Management,Upstream,Path_G
H03916,U0784,C077,I019,F012,O061,S003|S021|S063|S161|S189|S212|S236,2023-01-07T12:27:53,supply_context,1,Supplier Management,Upstream,Path_G
H06906,U1382,C314,I022,F004,O017,S006|S107|S167|S188|S203|S235,2023-01-07T12:58:45,work_context,0,,,
H03736,U0748,C270,I003,F016,O082,S034|S058|S105|S149|S215,2023-01-07T13:08:41,collaboration_context,1,Distribution,Upstream,Path_L
H03181,U0637,C137,I013,F018,O093,S012|S132|S139|S140|S200|S213|S222,2023-01-07T13:18:02,collaboration_context,1,Manufacturing,Downstream,Path_D
H02536,U0508,C159,I002,F006,O029,S014|S037|S103|S136|S174,2023-01-07T14:56:31,skill_context,1,Logistics,Midstream,Path_I
H01491,U0299,C085,I023,F002,O009,S006|S040|S043|S062|S109|S120|S131,2023-01-07T15:13:56,skill_context,0,,,
H06876,U1376,C076,I024,F018,O092,S020|S077|S135|S167|S180|S199|S201,2023-01-07T15:48:26,skill_context,1,Logistics,Upstream,Path_G
H04001,U0801,C207,I008,F008,O040,S006|S095|S096|S110|S130|S226,2023-01-07T16:19:05,collaboration_context,0,,,
H02736,U0548,C247,I003,F008,O042,S009|S039|S106|S107|S126|S196|S212,2023-01-07T16:57:56,supply_context,1,Retail,Midstream,Path_C
H06496,U1300,C212,I016,F017,O090,S033|S036|S049|S122|S149|S185,2023-01-07T17:35:29,collaboration_context,0,,,
H06011,U1203,C024,I001,F007,O038,S001|S058|S149|S154|S176|S186|S240,2023-01-07T18:36:15,skill_context,0,,,
H06821,U1365,C265,I014,F015,O077,S040|S055|S060|S072|S141,2023-01-07T18:51:27,supply_context,1,Supplier Management,Downstream,Path_G
H03526,U0706,C281,I008,F011,O058,S070|S098|S112|S129|S176|S186,2023-01-07T19:38:13,work_context,1,Supplier Management,Downstream,Path_E
H00981,U0197,C158,I014,F011,O055,S042|S043|S053|S071|S119|S158|S221|S229,2023-01-07T19:48:23,supply_context,1,Supplier Management,Upstream,Path_J
H04146,U0830,C262,I003,F004,O022,S103|S114|S120|S142|S153|S202|S207,2023-01-07T20:04:54,collaboration_context,0,,,
H00561,U0113,C241,I013,F013,O065,S043|S060|S108|S132|S170|S214|S235|S236,2023-01-07T21:31:15,skill_context,0,,,
H06226,U1246,C171,I018,F006,O031,S043|S070|S091|S095|S146,2023-01-07T21:45:41,work_context,0,,,
H02071,U0415,C311,I018,F018,O093,S037|S094|S102|S142|S178|S212|S213|S226,2023-01-07T23:18:14,collaboration_context,0,,,
H05731,U1147,C230,I002,F016,O085,S013|S021|S037|S044|S047|S194,2023-01-08T00:22:08,supply_context,0,,,
H00071,U0015,C289,I018,F017,O087,S008|S118|S125|S127|S139,2023-01-08T01:01:30,work_context,1,Retail,Upstream,Path_J
H05511,U1103,C279,I021,F008,O040,S027|S052|S083|S087|S130|S171|S235,2023-01-08T01:25:44,supply_context,0,,,
H05276,U1056,C190,I023,F017,O088,S013|S109|S111|S152|S156|S187,2023-01-08T02:53:08,work_context,0,,,
H00716,U0144,C207,I008,F018,O092,S029|S039|S050|S107|S140|S165|S177,2023-01-08T03:45:30,skill_context,0,,,
H03401,U0681,C206,I014,F007,O033,S003|S023|S046|S098|S108|S128|S137|S183,2023-01-08T03:58:49,supply_context,0,,,
H06686,U1338,C074,I016,F007,O034,S028|S032|S043|S045|S081|S123|S135|S139,2023-01-08T04:40:21,collaboration_context,0,,,
H05701,U1141,C153,I023,F007,O033,S045|S080|S105|S130|S133|S184,2023-01-08T05:09:05,work_context,0,,,
H03141,U0629,C013,I015,F001,O004,S076|S095|S146|S213|S216|S225,2023-01-08T05:51:36,work_context,0,,,
H03186,U0638,C043,I019,F015,O079,S044|S188|S214|S217|S231,2023-01-08T07:16:56,work_context,0,,,
H05361,U1073,C316,I013,F010,O054,S038|S127|S193|S203|S229,2023-01-08T07:20:55,work_context,0,,,
H01716,U0344,C037,I009,F003,O012,S007|S048|S101|S128|S231|S234,2023-01-08T09:47:02,work_context,0,,,
H03731,U0747,C061,I006,F006,O028,S048|S173|S180|S205|S225|S237,2023-01-08T11:14:59,collaboration_context,1,Retail,Midstream,Path_E
H01441,U0289,C177,I005,F010,O052,S059|S071|S135|S166|S201|S227,2023-01-08T11:21:41,supply_context,0,,,
H02576,U0516,C304,I020,F012,O064,S001|S074|S144|S199|S204|S212,2023-01-08T13:12:08,work_context,0,,,
H03561,U0713,C112,I008,F010,O052,S119|S165|S178|S186|S225,2023-01-08T13:14:59,collaboration_context,0,,,
H00721,U0145,C288,I014,F002,O007,S026|S069|S074|S112|S130|S173,2023-01-08T14:26:38,work_context,0,,,
H00331,U0067,C298,I012,F013,O067,S006|S035|S075|S086|S199,2023-01-08T14:48:45,work_context,0,,,
H00116,U0024,C173,I016,F005,O026,S054|S096|S122|S223|S239,2023-01-08T14:49:26,supply_context,1,Procurement,Upstream,Path_D
H01526,U0306,C030,I020,F015,O079,S030|S066|S075|S077|S095|S148|S172,2023-01-08T14:53:50,work_context,1,Logistics,Midstream,Path_E
H03356,U0672,C303,I008,F014,O075,S038|S051|S111|S129|S152|S158|S168|S195,2023-01-08T15:09:02,skill_context,0,,,
H05311,U1063,C296,I011,F017,O088,S054|S058|S166|S178|S206,2023-01-08T16:32:35,collaboration_context,0,,,
H06861,U1373,C271,I018,F008,O041,S001|S030|S096|S197|S207,2023-01-08T17:54:39,supply_context,0,,,
H06896,U1380,C297,I023,F001,O004,S033|S043|S059|S067|S069|S088|S212|S226,2023-01-08T19:29:54,skill_context,1,Distribution,Downstream,Path_A
H06036,U1208,C308,I012,F010,O049,S021|S025|S077|S149|S181|S197|S217|S218,2023-01-08T22:11:31,supply_context,0,,,
H04911,U0983,C007,I017,F015,O079,S115|S132|S155|S163|S195|S233,2023-01-09T00:04:13,supply_context,0,,,
H00451,U0091,C009,I003,F013,O068,S039|S050|S131|S222|S228,2023-01-09T01:38:41,collaboration_context,1,Procurement,Upstream,Path_F
H00126,U0026,C304,I020,F015,O080,S046|S060|S081|S124|S160|S190,2023-01-09T02:00:28,collaboration_context,0,,,
H06016,U1204,C158,I014,F018,O094,S008|S018|S037|S074|S122,2023-01-09T03:54:10,work_context,1,Supplier Management,Midstream,Path_K
H04586,U0918,C100,I005,F004,O019,S008|S014|S068|S127|S170|S189,2023-01-09T06:25:07,work_context,0,,,
H03156,U0632,C132,I019,F013,O065,S003|S011|S056|S222|S230,2023-01-09T09:12:39,work_context,0,,,
H02566,U0514,C193,I002,F014,O075,S075|S082|S095|S164|S178|S194,2023-01-09T09:26:25,collaboration_context,1,Distribution,Downstream,Path_E
H02981,U0597,C090,I003,F010,O052,S012|S027|S028|S043|S091|S140|S221,2023-01-09T09:48:01,work_context,1,Distribution,Upstream,Path_L
H05911,U1183,C020,I004,F017,O091,S002|S084|S135|S170|S177|S198|S208,2023-01-09T10:56:01,supply_context,1,Logistics,Upstream,Path_E
H03266,U0654,C219,I024,F010,O050,S057|S148|S163|S199|S218|S234,2023-01-09T12:07:32,work_context,1,Supplier Management,Upstream,Path_C
H00466,U0094,C314,I022,F007,O034,S042|S050|S076|S111|S177|S232,2023-01-09T12:22:02,work_context,0,,,
H01941,U0389,C286,I009,F003,O012,S093|S112|S126|S180|S199|S203|S205|S231,2023-01-09T12:43:50,work_context,1,Supplier Management,Upstream,Path_I
H06486,U1298,C042,I020,F014,O074,S011|S016|S020|S035|S039|S135|S163,2023-01-09T13:33:52,collaboration_context,0,,,
H01301,U0261,C152,I019,F010,O051,S023|S029|S049|S076|S107,2023-01-09T13:37:05,supply_context,0,,,
H01591,U0319,C232,I016,F003,O016,S128|S158|S216|S219|S233,2023-01-09T15:41:46,work_context,0,,,
H01846,U0370,C094,I006,F008,O041,S011|S019|S053|S085|S091|S109|S206,2023-01-09T15:56:20,work_context,0,,,
H04176,U0836,C240,I002,F012,O063,S006|S020|S055|S100|S231,2023-01-09T17:45:04,collaboration_context,0,,,
H06396,U1280,C057,I023,F007,O034,S008|S010|S021|S030|S097|S131|S217|S237,2023-01-09T18:05:51,supply_context,0,,,
H00051,U0011,C207,I008,F010,O054,S002|S015|S028|S038|S067|S199|S213|S224,2023-01-09T19:10:36,skill_context,1,Procurement,Downstream,Path_J
H00956,U0192,C005,I018,F011,O057,S011|S074|S125|S148|S186,2023-01-09T19:54:29,skill_context,1,Procurement,Downstream,Path_A
H06346,U1270,C055,I023,F010,O049,S001|S024|S046|S079|S081|S110|S112|S160,2023-01-09T19:57:28,work_context,0,,,
H01906,U0382,C316,I013,F004,O021,S020|S022|S084|S093|S135|S202|S236,2023-01-09T20:06:25,skill_context,1,Procurement,Midstream,Path_A
H06681,U1337,C034,I009,F009,O044,S035|S044|S061|S110|S134|S144|S164|S192,2023-01-09T22:05:37,work_context,0,,,
H00966,U0194,C195,I007,F010,O054,S071|S083|S090|S099|S119,2023-01-09T22:49:50,skill_context,0,,,
H00831,U0167,C027,I021,F008,O042,S056|S131|S154|S161|S185|S197|S235,2023-01-09T23:05:12,supply_context,0,,,
H04281,U0857,C231,I015,F008,O042,S011|S028|S040|S077|S098|S111|S150,2023-01-10T00:48:02,collaboration_context,1,Logistics,Midstream,Path_D
H02436,U0488,C063,I003,F010,O054,S025|S040|S089|S145|S159|S219|S221,2023-01-10T03:37:42,supply_context,0,,,
H03861,U0773,C021,I006,F013,O068,S057|S058|S118|S122|S127|S153|S170,2023-01-10T05:26:09,skill_context,1,SCM,Upstream,Path_F
H03361,U0673,C011,I004,F004,O022,S026|S081|S105|S142|S153|S159|S200|S231,2023-01-10T05:55:54,work_context,0,,,
H04286,U0858,C116,I013,F003,O013,S009|S036|S063|S083|S095|S161,2023-01-10T06:41:45,work_context,1,SCM,Midstream,Path_L
H00301,U0061,C011,I004,F011,O055,S011|S018|S026|S063|S079|S143|S177|S203,2023-01-10T08:17:17,supply_context,0,,,
H02586,U0518,C204,I016,F001,O003,S062|S067|S083|S096|S139|S153|S163|S187,2023-01-10T08:23:51,collaboration_context,0,,,
H04321,U0865,C208,I009,F003,O015,S007|S067|S076|S157|S179|S181|S232,2023-01-10T09:01:48,skill_context,0,,,
H05641,U1129,C067,I002,F014,O072,S058|S064|S135|S138|S189|S192,2023-01-10T09:11:57,supply_context,0,,,
H06421,U1285,C204,I016,F006,O031,S013|S042|S071|S096|S097|S117|S142|S236,2023-01-10T09:30:58,collaboration_context,0,,,
H03771,U0755,C007,I017,F017,O089,S039|S051|S111|S122|S136|S219|S229|S230,2023-01-10T12:44:20,supply_context,0,,,
H00121,U0025,C198,I002,F016,O086,S026|S029|S031|S038|S141|S175|S185|S224,2023-01-10T16:37:10,collaboration_context,0,,,
H05996,U1200,C171,I018,F003,O014,S009|S117|S126|S140|S141|S179,2023-01-10T18:56:43,supply_context,1,SCM,Downstream,Path_F
H06851,U1371,C255,I011,F006,O032,S070|S113|S145|S205|S239,2023-01-10T19:22:19,skill_context,0,,,
H01331,U0267,C063,I003,F006,O029,S042|S107|S112|S119|S121,2023-01-10T21:35:03,skill_context,0,,,
H02806,U0562,C093,I002,F016,O081,S005|S024|S119|S190|S225,2023-01-10T23:03:27,supply_context,1,Procurement,Downstream,Path_L
H06996,U1400,C013,I015,F015,O076,S024|S125|S149|S162|S171,2023-01-10T23:15:37,supply_context,0,,,
H06576,U1316,C063,I003,F003,O013,S008|S043|S107|S122|S165|S195|S218,2023-01-11T02:27:02,supply_context,1,Retail,Downstream,Path_H
H04316,U0864,C170,I013,F009,O046,S053|S136|S153|S201|S207,2023-01-11T02:29:45,work_context,0,,,
H02386,U0478,C201,I014,F001,O002,S008|S086|S094|S109|S207|S239,2023-01-11T02:37:08,work_context,1,Retail,Upstream,Path_L
H05746,U1150,C315,I003,F012,O061,S017|S067|S092|S135|S165|S191|S206|S207,2023-01-11T03:18:00,work_context,1,Manufacturing,Downstream,Path_H
H00606,U0122,C023,I015,F004,O018,S004|S138|S144|S167|S211|S218|S238,2023-01-11T04:01:27,supply_context,1,Manufacturing,Upstream,Path_H
H01786,U0358,C112,I008,F012,O063,S048|S097|S173|S177|S193|S209|S212,2023-01-11T04:55:56,skill_context,0,,,
H03776,U0756,C222,I003,F011,O057,S060|S062|S145|S190|S224,2023-01-11T05:41:51,collaboration_context,1,Logistics,Upstream,Path_B
H05381,U1077,C210,I024,F011,O057,S021|S027|S091|S179|S215,2023-01-11T07:54:07,supply_context,0,,,
H05271,U1055,C203,I002,F003,O012,S015|S047|S059|S071|S087|S128|S159,2023-01-11T07:54:39,work_context,1,Retail,Upstream,Path_K
H04651,U0931,C277,I010,F013,O070,S026|S046|S068|S091|S108|S140|S188,2023-01-11T09:11:27,collaboration_context,1,SCM,Upstream,Path_B
H03026,U0606,C082,I015,F003,O014,S002|S004|S042|S117|S141|S185,2023-01-11T11:14:58,skill_context,1,Distribution,Midstream,Path_G
H00041,U0009,C037,I009,F003,O014,S006|S016|S017|S067|S072|S166|S174|S209,2023-01-11T11:31:40,skill_context,0,,,
H06141,U1229,C252,I024,F003,O015,S054|S119|S189|S195|S198|S199,2023-01-11T12:06:23,skill_context,0,,,
H05281,U1057,C202,I022,F001,O005,S015|S111|S129|S131|S164|S240,2023-01-11T13:49:54,work_context,1,Supplier Management,Midstream,Path_H
H05376,U1076,C238,I004,F012,O063,S017|S032|S044|S064|S065|S117|S118|S148,2023-01-11T14:00:55,supply_context,1,Procurement,Midstream,Path_L
H00596,U0120,C048,I005,F014,O075,S034|S076|S092|S102|S142|S197,2023-01-11T14:43:15,skill_context,0,,,
H01616,U0324,C111,I011,F012,O063,S013|S065|S083|S095|S111|S127|S143|S218,2023-01-11T19:29:17,supply_context,0,,,
H02331,U0467,C236,I023,F009,O044,S041|S068|S107|S149|S180|S215|S224,2023-01-11T19:50:30,work_context,1,Procurement,Midstream,Path_D
H00091,U0019,C224,I004,F001,O003,S015|S088|S128|S181|S223,2023-01-11T20:23:01,work_context,0,,,
H01861,U0373,C016,I006,F008,O041,S029|S050|S052|S072|S082|S098|S202|S230,2023-01-11T23:37:55,work_context,0,,,
H04116,U0824,C071,I012,F015,O079,S118|S134|S186|S203|S231,2023-01-12T01:23:06,collaboration_context,0,,,
H04921,U0985,C308,I012,F009,O045,S011|S043|S058|S133|S182|S205|S234,2023-01-12T01:26:58,skill_context,1,Manufacturing,Midstream,Path_A
H02406,U0482,C075,I011,F011,O058,S004|S017|S029|S064|S152|S173|S176,2023-01-12T01:34:05,work_context,0,,,
H04451,U0891,C231,I015,F008,O042,S002|S044|S054|S060|S071|S175|S230,2023-01-12T01:50:58,work_context,0,,,
H01856,U0372,C301,I007,F008,O043,S002|S018|S026|S110|S151|S219,2023-01-12T03:12:51,supply_context,1,Logistics,Midstream,Path_G
H06451,U1291,C307,I023,F008,O042,S007|S088|S151|S199|S215|S221,2023-01-12T05:02:42,collaboration_context,1,Distribution,Midstream,Path_H
H04661,U0933,C126,I016,F002,O011,S048|S068|S141|S171|S172,2023-01-12T05:32:06,supply_context,0,,,
H03131,U0627,C028,I018,F002,O011,S005|S020|S075|S148|S182|S186|S215,2023-01-12T05:45:17,work_context,1,Retail,Midstream,Path_J
H00316,U0064,C164,I012,F008,O043,S045|S068|S150|S152|S169|S189|S191,2023-01-12T08:06:22,skill_context,1,Distribution,Midstream,Path_H
H02111,U0423,C012,I005,F002,O009,S005|S106|S120|S160|S205,2023-01-12T09:54:57,supply_context,1,Distribution,Downstream,Path_D
H03791,U0759,C161,I009,F001,O002,S010|S012|S116|S200|S216|S221,2023-01-12T09:58:20,collaboration_context,0,,,
H04636,U0928,C134,I005,F017,O091,S013|S060|S084|S132|S133|S167,2023-01-12T10:35:32,skill_context,0,,,
H00076,U0016,C186,I001,F009,O046,S103|S110|S153|S169|S177|S186|S192|S216,2023-01-12T10:58:26,collaboration_context,0,,,
H05476,U1096,C062,I010,F002,O011,S010|S080|S085|S167|S209,2023-01-12T11:00:07,work_context,0,,,
H00036,U0008,C282,I017,F003,O014,S019|S190|S206|S228|S230,2023-01-12T11:13:31,work_context,0,,,
H01936,U0388,C017,I012,F013,O070,S002|S038|S055|S070|S115|S120,2023-01-12T11:20:59,work_context,0,,,
H03766,U0754,C095,I012,F015,O077,S011|S072|S078|S110|S122|S159|S191,2023-01-12T11:31:58,work_context,1,Distribution,Downstream,Path_F
H01921,U0385,C054,I004,F013,O065,S020|S070|S169|S186|S240,2023-01-12T12:37:01,supply_context,0,,,
H03476,U0696,C171,I018,F017,O090,S035|S052|S066|S135|S192,2023-01-12T12:49:39,work_context,1,Manufacturing,Upstream,Path_F
H04526,U0906,C211,I004,F015,O078,S038|S075|S118|S144|S155|S166|S173|S206,2023-01-12T12:53:08,collaboration_context,1,Procurement,Upstream,Path_F
H01721,U0345,C278,I004,F010,O053,S016|S025|S035|S056|S081|S177,2023-01-12T14:01:52,collaboration_context,0,,,
H04926,U0986,C069,I015,F016,O085,S022|S030|S094|S110|S169|S188|S195|S216,2023-01-12T14:17:18,supply_context,0,,,
H00846,U0170,C274,I017,F013,O068,S044|S057|S152|S204|S211,2023-01-12T14:28:31,work_context,0,,,
H00616,U0124,C075,I011,F016,O085,S020|S039|S048|S075|S120|S180|S207,2023-01-12T14:44:30,collaboration_context,1,Retail,Upstream,Path_C
H02041,U0409,C014,I007,F003,O014,S009|S062|S094|S097|S166|S184|S195|S224,2023-01-12T15:21:53,supply_context,1,SCM,Midstream,Path_A
H00096,U0020,C098,I012,F009,O046,S026|S048|S054|S169|S191|S196|S233,2023-01-12T15:42:23,work_context,0,,,
H04501,U0901,C219,I024,F007,O035,S056|S072|S079|S161|S164|S166|S179|S231,2023-01-12T16:40:24,collaboration_context,1,Supplier Management,Downstream,Path_E
H04401,U0881,C019,I018,F003,O012,S012|S020|S080|S126|S150|S201,2023-01-12T18:41:15,collaboration_context,0,,,
H06181,U1237,C006,I023,F002,O009,S008|S025|S116|S159|S221,2023-01-12T18:54:47,collaboration_context,0,,,
H05486,U1098,C068,I006,F003,O014,S053|S098|S102|S120|S174|S209|S226,2023-01-12T19:10:20,skill_context,0,,,
H04016,U0804,C296,I011,F017,O087,S041|S049|S087|S133|S151|S162|S225,2023-01-12T20:01:44,collaboration_context,1,Retail,Downstream,Path_A
H04126,U0826,C204,I016,F018,O092,S039|S084|S105|S184|S224,2023-01-12T20:26:14,collaboration_context,0,,,
H06046,U1210,C055,I023,F003,O012,S035|S041|S080|S081|S113|S231,2023-01-12T20:27:31,work_context,1,Procurement,Midstream,Path_B
H02851,U0571,C154,I022,F003,O013,S030|S168|S180|S199|S228,2023-01-12T20:28:16,collaboration_context,1,Distribution,Midstream,Path_L
H06516,U1304,C126,I016,F005,O025,S010|S050|S059|S151|S167|S236,2023-01-12T23:36:36,collaboration_context,1,Manufacturing,Upstream,Path_C
H06581,U1317,C112,I008,F014,O072,S064|S079|S155|S195|S232,2023-01-13T00:50:01,collaboration_context,0,,,
H03276,U0656,C181,I012,F018,O095,S053|S064|S112|S127|S190|S219,2023-01-13T02:20:49,collaboration_context,1,Manufacturing,Upstream,Path_H
H02651,U0531,C166,I018,F010,O053,S047|S129|S167|S186|S200|S206|S231,2023-01-13T07:31:37,skill_context,0,,,
H02896,U0580,C104,I024,F011,O057,S008|S036|S058|S064|S156|S181|S183,2023-01-13T09:54:24,supply_context,1,Supplier Management,Downstream,Path_I
H03366,U0674,C217,I007,F001,O006,S047|S095|S109|S130|S153,2023-01-13T09:57:50,collaboration_context,1,Retail,Upstream,Path_B
H05001,U1001,C173,I016,F009,O047,S017|S022|S040|S067|S075|S096|S103|S109,2023-01-13T12:24:22,supply_context,0,,,
H00571,U0115,C275,I008,F015,O080,S089|S097|S104|S110|S131|S164|S194,2023-01-13T12:40:14,collaboration_context,0,,,
H01631,U0327,C294,I015,F007,O033,S017|S057|S096|S127|S146|S196,2023-01-13T12:41:58,skill_context,0,,,
H03511,U0703,C038,I006,F013,O065,S041|S047|S066|S067|S199,2023-01-13T13:16:08,skill_context,0,,,
H04056,U0812,C266,I016,F012,O064,S065|S069|S074|S082|S085|S136,2023-01-13T14:25:50,collaboration_context,1,Distribution,Midstream,Path_J
H05296,U1060,C169,I011,F010,O053,S037|S062|S065|S132|S181|S193|S207,2023-01-13T14:31:51,skill_context,0,,,
H00726,U0146,C224,I004,F012,O061,S073|S075|S104|S112|S133|S155|S218,2023-01-13T14:40:04,work_context,0,,,
H06936,U1388,C231,I015,F008,O040,S056|S095|S103|S158|S210|S214|S237,2023-01-13T15:04:51,skill_context,0,,,
H02026,U0406,C175,I008,F015,O080,S004|S111|S130|S135|S185|S202,2023-01-13T15:47:19,work_context,0,,,
H06541,U1309,C009,I003,F009,O046,S055|S084|S087|S124|S141|S159|S204,2023-01-13T16:11:27,skill_context,0,,,
H01266,U0254,C017,I012,F001,O002,S007|S009|S017|S095|S139|S175|S193,2023-01-13T16:22:05,work_context,1,Distribution,Upstream,Path_F
H06186,U1238,C026,I012,F006,O031,S017|S029|S039|S075|S136|S210,2023-01-13T17:20:00,skill_context,1,Manufacturing,Upstream,Path_I
H01841,U0369,C259,I009,F013,O070,S082|S097|S121|S147|S170|S191|S223|S225,2023-01-13T18:05:51,skill_context,1,Supplier Management,Midstream,Path_C
H02216,U0444,C262,I003,F009,O048,S022|S040|S053|S065|S094|S217|S229,2023-01-13T18:49:24,collaboration_context,1,Supplier Management,Midstream,Path_A
H03611,U0723,C279,I021,F015,O077,S048|S128|S163|S186|S209,2023-01-13T19:00:05,collaboration_context,1,Procurement,Midstream,Path_G
H04811,U0963,C062,I010,F016,O081,S017|S061|S113|S158|S191|S193,2023-01-13T19:04:18,supply_context,0,,,
H02951,U0591,C128,I011,F006,O031,S056|S062|S078|S181|S199|S208|S232,2023-01-13T21:39:46,supply_context,1,Manufacturing,Midstream,Path_L
H02666,U0534,C256,I018,F007,O037,S010|S041|S051|S054|S131|S146|S203|S222,2023-01-13T22:41:34,work_context,1,Distribution,Downstream,Path_E
H03196,U0640,C303,I008,F013,O066,S054|S154|S194|S200|S236,2023-01-13T23:28:46,collaboration_context,0,,,
H04191,U0839,C253,I021,F016,O081,S020|S034|S040|S055|S154|S214,2023-01-13T23:50:05,supply_context,0,,,
H06771,U1355,C271,I018,F016,O082,S110|S130|S155|S176|S239,2023-01-14T00:33:57,supply_context,1,Distribution,Downstream,Path_F
H01101,U0221,C171,I018,F011,O055,S021|S036|S054|S103|S106|S148|S206,2023-01-14T03:01:33,work_context,1,SCM,Upstream,Path_L
H01916,U0384,C133,I021,F008,O041,S004|S010|S068|S186|S207,2023-01-14T04:55:51,work_context,0,,,
H05926,U1186,C278,I004,F013,O065,S007|S041|S116|S132|S180|S221|S231,2023-01-14T05:08:34,supply_context,1,Retail,Midstream,Path_D
H04446,U0890,C128,I011,F010,O050,S005|S024|S098|S109|S112|S157|S166|S208,2023-01-14T06:45:22,work_context,0,,,
H05781,U1157,C190,I023,F014,O074,S051|S061|S081|S131|S148|S168,2023-01-14T07:33:59,work_context,0,,,
H00661,U0133,C091,I015,F012,O062,S019|S068|S069|S105|S165|S171,2023-01-14T09:39:34,skill_context,1,SCM,Midstream,Path_G
H01286,U0258,C234,I015,F017,O087,S025|S078|S082|S100|S117|S122|S201|S224,2023-01-14T09:44:54,work_context,0,,,
H03326,U0666,C093,I002,F017,O088,S040|S109|S147|S157|S160|S185|S198|S209,2023-01-14T10:09:19,work_context,0,,,
H05266,U1054,C083,I024,F014,O071,S039|S042|S053|S068|S072|S104|S164|S208,2023-01-14T11:01:03,supply_context,1,Distribution,Midstream,Path_F
H00986,U0198,C193,I002,F017,O090,S021|S035|S114|S156|S235,2023-01-14T11:43:41,collaboration_context,1,SCM,Upstream,Path_K
H06436,U1288,C209,I019,F014,O072,S056|S083|S087|S119|S146|S240,2023-01-14T12:00:39,supply_context,1,Supplier Management,Downstream,Path_K
H04306,U0862,C121,I001,F002,O007,S033|S048|S082|S125|S224,2023-01-14T13:27:03,supply_context,0,,,
H03206,U0642,C242,I022,F007,O034,S004|S024|S084|S094|S122|S171|S172|S179,2023-01-14T13:59:35,work_context,1,Retail,Midstream,Path_E
H06831,U1367,C297,I023,F002,O011,S042|S069|S118|S131|S154|S158|S210|S231,2023-01-14T14:28:59,supply_context,0,,,
H02126,U0426,C035,I013,F006,O029,S098|S102|S120|S138|S145|S185|S194,2023-01-14T15:23:09,supply_context,0,,,
H06076,U1216,C033,I024,F005,O024,S040|S136|S155|S168|S192|S230,2023-01-14T18:54:54,supply_context,0,,,
H02911,U0583,C118,I013,F010,O051,S035|S041|S053|S163|S168|S231|S236,2023-01-14T19:00:08,skill_context,0,,,
H00696,U0140,C084,I014,F002,O010,S021|S089|S106|S116|S143|S154|S228,2023-01-14T19:01:47,skill_context,0,,,
H06276,U1256,C254,I022,F011,O059,S002|S003|S023|S074|S081|S084|S086|S142,2023-01-14T19:48:44,skill_context,0,,,
H04221,U0845,C171,I018,F007,O038,S014|S024|S058|S067|S130,2023-01-14T19:54:51,skill_context,0,,,
H01751,U0351,C267,I008,F018,O093,S033|S068|S102|S168|S182|S226|S233,2023-01-14T22:58:06,work_context,1,Manufacturing,Upstream,Path_K
H02921,U0585,C303,I008,F008,O040,S005|S029|S046|S048|S066|S113|S195,2023-01-14T23:27:03,collaboration_context,0,,,
H03201,U0641,C311,I018,F006,O031,S094|S097|S153|S154|S205|S219|S229|S232,2023-01-15T01:05:40,work_context,0,,,
H04341,U0869,C178,I022,F008,O040,S055|S097|S101|S236|S237,2023-01-15T01:20:32,work_context,1,Logistics,Downstream,Path_C
H00246,U0050,C085,I023,F008,O042,S012|S037|S061|S089|S120|S185,2023-01-15T01:44:01,skill_context,0,,,
H01011,U0203,C301,I007,F018,O094,S023|S025|S130|S167|S197,2023-01-15T02:13:10,work_context,0,,,
H03761,U0753,C063,I003,F010,O053,S011|S026|S068|S135|S206|S225|S227|S239,2023-01-15T06:19:12,work_context,0,,,
H00806,U0162,C125,I007,F001,O005,S054|S057|S061|S084|S092|S141|S144,2023-01-15T07:10:52,collaboration_context,0,,,
H03651,U0731,C223,I012,F006,O030,S050|S075|S089|S108|S122|S123|S145|S151,2023-01-15T08:02:07,skill_context,0,,,
H00791,U0159,C223,I012,F012,O063,S029|S093|S143|S177|S209|S231|S235,2023-01-15T08:07:04,collaboration_context,1,Logistics,Midstream,Path_L
H05286,U1058,C301,I007,F017,O091,S081|S129|S138|S145|S159|S210|S211,2023-01-15T09:14:37,supply_context,0,,,
H06551,U1311,C283,I010,F003,O012,S025|S070|S072|S088|S174|S191,2023-01-15T09:44:41,work_context,0,,,
H03101,U0621,C237,I016,F011,O055,S053|S057|S116|S148|S209|S218,2023-01-15T12:47:26,supply_context,0,,,
H00341,U0069,C147,I008,F010,O052,S006|S057|S063|S067|S076|S129|S164|S236,2023-01-15T13:11:12,supply_context,0,,,
H00061,U0013,C053,I019,F014,O073,S038|S050|S068|S075|S205,2023-01-15T14:03:42,supply_context,0,,,
H05011,U1003,C201,I014,F003,O012,S048|S080|S118|S121|S219,2023-01-15T14:43:58,supply_context,0,,,
H04726,U0946,C202,I022,F017,O091,S012|S050|S090|S108|S162|S239,2023-01-15T14:52:48,collaboration_context,0,,,
H04506,U0902,C033,I024,F018,O092,S014|S096|S147|S152|S169|S174|S201|S212,2023-01-15T15:15:07,skill_context,0,,,
H03881,U0777,C237,I016,F008,O043,S025|S056|S098|S155|S165|S221|S225,2023-01-15T15:23:44,work_context,0,,,
H02346,U0470,C172,I010,F014,O072,S098|S099|S123|S184|S207,2023-01-15T15:55:55,skill_context,1,Procurement,Upstream,Path_D
H01346,U0270,C186,I001,F018,O096,S073|S096|S103|S163|S192|S236|S240,2023-01-15T16:26:20,work_context,0,,,
H05246,U1050,C072,I010,F013,O067,S001|S006|S016|S150|S216,2023-01-15T17:35:59,skill_context,0,,,
H03211,U0643,C018,I020,F007,O034,S012|S035|S073|S091|S188|S201,2023-01-15T18:40:38,supply_context,0,,,
H02061,U0413,C135,I017,F008,O040,S049|S059|S061|S084|S090|S124|S160,2023-01-15T18:57:54,skill_context,0,,,
H05316,U1064,C064,I005,F016,O086,S009|S022|S027|S032|S069|S130|S162|S187,2023-01-15T19:06:56,supply_context,1,Procurement,Downstream,Path_J
H06716,U1344,C071,I012,F010,O053,S004|S060|S076|S089|S148|S186|S202,2023-01-15T19:20:15,work_context,0,,,
H01806,U0362,C052,I013,F015,O078,S002|S006|S050|S109|S212,2023-01-15T22:13:58,skill_context,0,,,
H06161,U1233,C289,I018,F004,O021,S046|S049|S072|S192|S233|S237,2023-01-15T22:44:22,skill_context,1,Manufacturing,Downstream,Path_C
H06041,U1209,C141,I019,F011,O056,S022|S027|S077|S112|S152|S204,2023-01-15T22:51:21,collaboration_context,1,Supplier Management,Downstream,Path_J
H03591,U0719,C125,I007,F012,O063,S011|S014|S019|S052|S064|S110|S138|S228,2023-01-15T23:08:45,skill_context,0,,,
H02176,U0436,C124,I001,F013,O065,S026|S055|S087|S138|S151|S201|S213|S223,2023-01-15T23:42:20,skill_context,1,Retail,Upstream,Path_J
H04071,U0815,C285,I024,F001,O001,S001|S049|S058|S061|S153|S177|S188,2023-01-16T00:05:47,supply_context,0,,,
H01321,U0265,C246,I024,F007,O034,S003|S022|S077|S158|S201,2023-01-16T00:54:28,skill_context,1,SCM,Downstream,Path_G
H01226,U0246,C021,I006,F018,O092,S020|S049|S063|S091|S114|S122|S229,2023-01-16T01:39:18,collaboration_context,1,Procurement,Midstream,Path_E
H05656,U1132,C205,I006,F001,O001,S024|S071|S081|S108|S139|S140|S152|S185,2023-01-16T02:24:02,work_context,0,,,
H04106,U0822,C136,I023,F006,O028,S021|S034|S049|S067|S109|S131|S168|S201,2023-01-16T02:29:36,skill_context,1,Retail,Upstream,Path_J
H01006,U0202,C030,I020,F008,O043,S005|S056|S191|S220|S232,2023-01-16T03:33:11,supply_context,0,,,
H00206,U0042,C195,I007,F003,O012,S033|S050|S100|S105|S131|S165,2023-01-16T06:00:33,collaboration_context,0,,,
H01351,U0271,C061,I006,F010,O049,S027|S040|S044|S100|S121|S237,2023-01-16T08:06:21,supply_context,0,,,
H06471,U1295,C250,I012,F001,O006,S021|S031|S038|S076|S080|S129|S161|S198,2023-01-16T08:47:50,work_context,0,,,
H02801,U0561,C013,I015,F015,O079,S001|S010|S131|S148|S211|S217|S220|S228,2023-01-16T09:24:36,supply_context,0,,,
H00226,U0046,C226,I008,F013,O067,S011|S051|S063|S135|S217,2023-01-16T09:53:15,supply_context,1,SCM,Downstream,Path_E
H02516,U0504,C071,I012,F010,O049,S012|S045|S053|S078|S095|S131|S151|S161,2023-01-16T10:08:38,collaboration_context,0,,,
H05526,U1106,C297,I023,F011,O055,S020|S031|S033|S058|S074|S136,2023-01-16T10:14:48,skill_context,1,Supplier Management,Upstream,Path_F
H05866,U1174,C192,I010,F002,O009,S065|S076|S109|S191|S208,2023-01-16T11:01:18,skill_context,1,Supplier Management,Midstream,Path_K
H06306,U1262,C103,I011,F017,O088,S007|S023|S031|S080|S133|S145,2023-01-16T12:53:18,work_context,1,Distribution,Downstream,Path_K
H04891,U0979,C063,I003,F017,O091,S019|S126|S135|S182|S212|S213|S218|S219,2023-01-16T14:27:02,work_context,0,,,
H04851,U0971,C313,I015,F016,O083,S031|S032|S067|S070|S097|S146|S164|S207,2023-01-16T14:42:40,supply_context,0,,,
H05366,U1074,C033,I024,F008,O042,S094|S142|S191|S194|S231,2023-01-16T14:46:23,supply_context,1,Manufacturing,Midstream,Path_K
H02421,U0485,C169,I011,F017,O087,S012|S048|S055|S081|S119|S132|S182|S236,2023-01-16T14:53:34,supply_context,1,Distribution,Upstream,Path_H
H00396,U0080,C091,I015,F018,O094,S038|S039|S053|S067|S071|S190|S213|S231,2023-01-16T17:00:55,skill_context,1,Procurement,Downstream,Path_I
H01681,U0337,C184,I001,F004,O021,S013|S041|S062|S149|S188,2023-01-16T17:08:45,collaboration_context,0,,,
H02916,U0584,C245,I003,F005,O026,S006|S028|S046|S175|S186|S211|S236,2023-01-16T17:16:47,supply_context,0,,,
H02131,U0427,C008,I015,F017,O091,S044|S071|S091|S166|S174|S192|S221,2023-01-16T17:25:10,collaboration_context,0,,,
H05126,U1026,C223,I012,F005,O023,S076|S140|S186|S191|S194|S215|S221,2023-01-16T17:37:08,collaboration_context,0,,,
H05556,U1112,C033,I024,F014,O074,S015|S022|S031|S064|S085|S163|S216,2023-01-16T18:07:59,work_context,0,,,
H06611,U1323,C012,I005,F010,O054,S024|S085|S086|S166|S204|S235,2023-01-16T18:40:15,work_context,0,,,
H06946,U1390,C015,I001,F007,O034,S002|S073|S101|S123|S133|S142|S206|S233,2023-01-16T18:44:04,work_context,0,,,
H04656,U0932,C195,I007,F017,O091,S070|S093|S114|S179|S203|S222,2023-01-16T20:23:45,work_context,1,Distribution,Downstream,Path_D
H06601,U1321,C271,I018,F004,O017,S075|S106|S129|S160|S168|S234,2023-01-16T21:28:02,supply_context,1,Procurement,Midstream,Path_K
H03716,U0744,C031,I003,F002,O011,S010|S017|S049|S075|S084|S165|S206|S237,2023-01-16T21:51:46,skill_context,0,,,
H01656,U0332,C294,I015,F004,O022,S022|S038|S044|S087|S106|S164|S229,2023-01-16T22:21:45,skill_context,1,Supplier Management,Downstream,Path_B
H00111,U0023,C258,I010,F008,O041,S032|S039|S059|S097|S098|S156|S232,2023-01-16T23:19:10,supply_context,0,,,
H03906,U0782,C250,I012,F012,O064,S011|S025|S038|S091|S098|S183,2023-01-17T01:06:05,work_context,0,,,
H01651,U0331,C077,I019,F013,O067,S140|S146|S164|S168|S204,2023-01-17T01:09:34,work_context,0,,,
H05596,U1120,C214,I022,F005,O023,S008|S073|S127|S192|S196|S218,2023-01-17T01:27:15,collaboration_context,0,,,
H04436,U0888,C034,I009,F017,O090,S003|S039|S101|S134|S165,2023-01-17T01:56:32,work_context,1,Distribution,Downstream,Path_I
H06596,U1320,C186,I001,F008,O043,S006|S047|S084|S143|S171|S184|S240,2023-01-17T02:00:45,skill_context,0,,,
H00746,U0150,C158,I014,F018,O096,S030|S082|S115|S117|S165|S207|S220|S233,2023-01-17T02:07:24,work_context,0,,,
H02621,U0525,C104,I024,F003,O016,S049|S072|S098|S141|S157|S162,2023-01-17T04:27:21,skill_context,0,,,
H06991,U1399,C121,I001,F013,O068,S002|S068|S106|S149|S211|S225,2023-01-17T04:58:26,skill_context,1,SCM,Upstream,Path_B
H02431,U0487,C313,I015,F006,O031,S001|S025|S100|S142|S146|S187|S191|S192,2023-01-17T05:56:30,work_context,0,,,
H02496,U0500,C144,I006,F017,O091,S016|S055|S077|S125|S146|S205,2023-01-17T06:44:46,collaboration_context,0,,,
H03516,U0704,C230,I002,F002,O007,S038|S044|S122|S160|S189|S207,2023-01-17T06:55:18,skill_context,0,,,
H01586,U0318,C243,I008,F016,O084,S006|S072|S078|S131|S160|S206|S218,2023-01-17T08:42:46,supply_context,0,,,
H01411,U0283,C144,I006,F002,O009,S034|S079|S087|S098|S111|S136|S168|S195,2023-01-17T09:30:06,skill_context,1,Logistics,Downstream,Path_E
H04886,U0978,C162,I001,F013,O070,S010|S057|S078|S097|S145|S147|S204,2023-01-17T11:06:59,supply_context,0,,,
H02371,U0475,C207,I008,F002,O010,S001|S024|S103|S120|S144|S178,2023-01-17T12:13:08,work_context,0,,,
H00961,U0193,C257,I006,F015,O080,S100|S117|S134|S186|S211,2023-01-17T15:15:09,supply_context,0,,,
H00871,U0175,C078,I009,F001,O002,S002|S058|S102|S111|S173|S174|S191,2023-01-17T17:05:18,supply_context,0,,,
H03411,U0683,C011,I004,F016,O084,S102|S145|S146|S148|S184|S202,2023-01-17T17:26:34,work_context,0,,,
H02031,U0407,C009,I003,F003,O015,S111|S125|S126|S177|S228|S231|S238,2023-01-17T18:29:39,supply_context,0,,,
H02956,U0592,C105,I005,F005,O027,S002|S028|S031|S155|S168|S196|S219,2023-01-17T18:43:37,work_context,1,Manufacturing,Midstream,Path_A
H00936,U0188,C215,I020,F012,O063,S055|S056|S057|S149|S207|S225|S232,2023-01-17T20:13:08,work_context,1,SCM,Downstream,Path_C
H02556,U0512,C039,I023,F003,O016,S018|S032|S038|S042|S061|S144|S168|S211,2023-01-17T20:13:39,skill_context,1,Manufacturing,Downstream,Path_I
H01496,U0300,C046,I001,F008,O043,S065|S083|S113|S125|S133|S155|S166,2023-01-17T20:38:51,work_context,0,,,
H03631,U0727,C119,I013,F001,O002,S011|S029|S081|S119|S122|S181|S213|S228,2023-01-17T20:59:30,supply_context,1,SCM,Downstream,Path_L
H07006,U1402,C048,I005,F001,O005,S010|S084|S093|S130|S186|S187,2023-01-17T22:47:07,skill_context,0,,,
H04246,U0850,C261,I022,F007,O033,S008|S011|S038|S135|S184,2023-01-17T23:00:13,skill_context,0,,,
H05121,U1025,C076,I024,F017,O090,S036|S045|S119|S149|S177|S196,2023-01-17T23:06:27,work_context,0,,,
H02656,U0532,C167,I002,F013,O069,S011|S022|S031|S051|S058|S147|S212|S225,2023-01-18T00:55:04,work_context,0,,,
H06156,U1232,C228,I008,F008,O041,S015|S032|S063|S089|S139|S173|S217,2023-01-18T01:03:15,work_context,0,,,
H01741,U0349,C146,I017,F015,O079,S056|S143|S165|S167|S197|S228,2023-01-18T01:47:18,collaboration_context,0,,,
H04101,U0821,C305,I018,F012,O062,S043|S104|S124|S131|S192|S195|S203|S217,2023-01-18T02:05:35,supply_context,1,Retail,Downstream,Path_C
H04541,U0909,C274,I017,F009,O046,S009|S062|S143|S144|S150|S185|S205|S227,2023-01-18T04:14:14,skill_context,1,Supplier Management,Midstream,Path_L
H01521,U0305,C270,I003,F006,O030,S031|S035|S129|S156|S189|S196,2023-01-18T06:48:39,work_context,1,Logistics,Midstream,Path_C
H02226,U0446,C190,I023,F015,O080,S068|S087|S116|S205|S224,2023-01-18T07:42:54,collaboration_context,1,Procurement,Upstream,Path_D
H02271,U0455,C218,I021,F015,O078,S046|S069|S079|S212|S214,2023-01-18T08:15:06,collaboration_context,0,,,
H00131,U0027,C176,I007,F010,O053,S050|S057|S059|S071|S081|S146|S182|S236,2023-01-18T08:31:12,supply_context,0,,,
H00476,U0096,C183,I006,F003,O013,S049|S075|S108|S111|S132|S179|S219,2023-01-18T12:49:35,skill_context,0,,,
H02671,U0535,C276,I010,F014,O075,S031|S037|S061|S082|S116,2023-01-18T14:47:00,skill_context,1,Procurement,Downstream,Path_B
H02596,U0520,C104,I024,F006,O032,S027|S051|S052|S137|S182|S194|S234,2023-01-18T14:53:45,supply_context,1,Retail,Downstream,Path_K
H03546,U0710,C173,I016,F009,O045,S022|S051|S073|S074|S197|S220,2023-01-18T17:14:49,skill_context,0,,,
H05096,U1020,C043,I019,F008,O043,S082|S084|S099|S143|S157,2023-01-18T20:05:43,collaboration_context,0,,,
H05891,U1179,C021,I006,F015,O076,S026|S044|S114|S141|S211,2023-01-18T20:22:45,work_context,1,Distribution,Downstream,Path_E
H02511,U0503,C213,I020,F016,O081,S036|S056|S061|S109|S117|S125|S203|S220,2023-01-18T20:24:10,work_context,0,,,
H05406,U1082,C227,I019,F007,O034,S007|S045|S110|S177|S188|S195|S235,2023-01-18T23:55:11,work_context,0,,,
H05836,U1168,C073,I001,F009,O044,S028|S105|S113|S117|S131,2023-01-18T23:55:30,work_context,1,Procurement,Upstream,Path_I
H00516,U0104,C275,I008,F007,O034,S066|S099|S122|S132|S230,2023-01-19T01:40:42,work_context,1,SCM,Midstream,Path_K
H03556,U0712,C183,I006,F015,O080,S025|S052|S084|S091|S113|S122|S239,2023-01-19T02:04:07,collaboration_context,1,Retail,Downstream,Path_L
H03566,U0714,C100,I005,F004,O020,S034|S047|S077|S094|S124|S127|S209,2023-01-19T02:27:41,work_context,1,Supplier Management,Midstream,Path_E
H04076,U0816,C151,I020,F012,O063,S060|S063|S088|S100|S177|S187|S207|S220,2023-01-19T05:18:49,collaboration_context,0,,,
H02326,U0466,C267,I008,F007,O034,S013|S042|S087|S168|S218,2023-01-19T05:35:08,work_context,0,,,
H03136,U0628,C264,I021,F010,O053,S040|S126|S134|S136|S148|S164|S210|S239,2023-01-19T07:42:59,supply_context,1,Logistics,Midstream,Path_K
H06651,U1331,C216,I010,F001,O003,S003|S017|S018|S068|S182|S225|S229|S236,2023-01-19T09:12:15,skill_context,0,,,
H05331,U1067,C289,I018,F014,O073,S004|S027|S056|S061|S177|S178|S182|S194,2023-01-19T09:35:48,supply_context,0,,,
H01091,U0219,C012,I005,F011,O059,S002|S026|S031|S078|S082|S201|S203,2023-01-19T11:16:14,skill_context,1,Logistics,Upstream,Path_I
H01731,U0347,C311,I018,F016,O082,S051|S106|S145|S165|S183|S233,2023-01-19T12:24:24,work_context,1,Retail,Midstream,Path_E
H04871,U0975,C045,I009,F001,O006,S039|S050|S072|S154|S204|S206|S221,2023-01-19T13:02:28,collaboration_context,0,,,
H05736,U1148,C068,I006,F015,O080,S060|S137|S166|S179|S207|S229|S234|S235,2023-01-19T13:59:43,work_context,1,Logistics,Downstream,Path_A
H00946,U0190,C048,I005,F017,O088,S077|S085|S116|S143|S158|S166,2023-01-19T14:15:46,skill_context,0,,,
H02931,U0587,C110,I003,F016,O084,S087|S094|S114|S121|S130|S136|S163,2023-01-19T14:37:27,supply_context,0,,,
H06956,U1392,C178,I022,F008,O039,S032|S154|S158|S168|S193,2023-01-19T17:21:10,supply_context,0,,,
H03751,U0751,C284,I016,F011,O057,S039|S047|S103|S105|S129|S194|S209,2023-01-19T17:24:43,skill_context,0,,,
H06061,U1213,C044,I017,F010,O053,S004|S019|S100|S146|S148|S186,2023-01-19T17:26:57,collaboration_context,1,Retail,Upstream,Path_B
H02456,U0492,C107,I006,F011,O058,S097|S102|S136|S160|S162|S193|S222|S231,2023-01-19T18:38:34,skill_context,0,,,
H03191,U0639,C218,I021,F011,O059,S026|S057|S190|S196|S239,2023-01-19T19:29:17,collaboration_context,1,Manufacturing,Midstream,Path_A
H06481,U1297,C076,I024,F001,O001,S013|S052|S176|S187|S189|S211|S223,2023-01-19T19:40:49,collaboration_context,1,Logistics,Upstream,Path_C
H02561,U0513,C101,I007,F009,O044,S081|S109|S128|S151|S188|S199|S230,2023-01-19T20:59:40,supply_context,1,Distribution,Upstream,Path_F
H03291,U0659,C104,I024,F003,O012,S048|S090|S105|S137|S230,2023-01-19T21:08:50,work_context,1,Supplier Management,Upstream,Path_L
H02401,U0481,C100,I005,F001,O006,S034|S035|S044|S047|S074|S087|S132|S187,2023-01-20T01:43:39,skill_context,1,Distribution,Midstream,Path_L
H03641,U0729,C029,I003,F009,O046,S005|S027|S044|S058|S094|S131|S136|S141,2023-01-20T02:14:54,supply_context,0,,,
H00931,U0187,C061,I006,F012,O062,S060|S064|S116|S148|S152|S156|S186|S202,2023-01-20T02:29:35,skill_context,1,Distribution,Upstream,Path_G
H01066,U0214,C275,I008,F001,O002,S016|S023|S088|S121|S146|S150|S154|S158,2023-01-20T02:35:05,collaboration_context,0,,,
H06291,U1259,C065,I004,F015,O078,S020|S046|S069|S075|S108|S117|S157|S177,2023-01-20T05:35:07,supply_context,1,Procurement,Downstream,Path_F
H05426,U1086,C214,I022,F011,O056,S033|S060|S078|S086|S127,2023-01-20T07:46:39,supply_context,0,,,
H01201,U0241,C141,I019,F002,O011,S029|S041|S129|S149|S173,2023-01-20T07:48:54,work_context,0,,,
H05541,U1109,C075,I011,F002,O009,S075|S085|S110|S156|S168|S235,2023-01-20T07:52:02,collaboration_context,1,Supplier Management,Downstream,Path_I
H05421,U1085,C240,I002,F013,O068,S025|S060|S077|S091|S103|S122|S126|S137,2023-01-20T07:59:57,collaboration_context,1,Logistics,Upstream,Path_I
H00916,U0184,C156,I005,F008,O043,S058|S070|S124|S134|S138|S163|S168,2023-01-20T08:06:44,work_context,1,Manufacturing,Upstream,Path_F
H04291,U0859,C122,I015,F008,O042,S018|S024|S122|S126|S190|S199,2023-01-20T08:51:07,work_context,0,,,
H06571,U1315,C102,I009,F016,O082,S013|S110|S115|S138|S148|S158,2023-01-20T09:10:53,skill_context,0,,,
H04431,U0887,C066,I021,F002,O009,S029|S034|S063|S070|S086|S160|S207|S227,2023-01-20T10:06:37,supply_context,0,,,
H06176,U1236,C122,I015,F014,O073,S019|S024|S032|S043|S048|S071|S205|S228,2023-01-20T11:22:34,skill_context,0,,,
H05161,U1033,C233,I006,F007,O034,S039|S059|S068|S102|S135,2023-01-20T11:40:12,work_context,0,,,
H02601,U0521,C195,I007,F018,O096,S001|S016|S022|S088|S093|S158|S189,2023-01-20T13:04:22,skill_context,0,,,
H04571,U0915,C275,I008,F015,O077,S013|S055|S133|S158|S199,2023-01-20T14:03:10,collaboration_context,1,Retail,Midstream,Path_D
H00801,U0161,C260,I019,F007,O033,S005|S065|S112|S120|S141|S185|S218,2023-01-20T14:26:45,collaboration_context,0,,,
H02571,U0515,C014,I007,F014,O073,S003|S025|S165|S175|S213,2023-01-20T15:18:55,skill_context,0,,,
H01061,U0213,C058,I020,F001,O005,S002|S016|S083|S094|S107|S127|S158|S173,2023-01-20T15:19:31,work_context,0,,,
H06301,U1261,C096,I017,F017,O088,S041|S052|S095|S113|S178|S194|S206|S216,2023-01-20T16:37:47,work_context,0,,,
H03446,U0690,C233,I006,F014,O071,S025|S027|S055|S071|S083|S174|S202|S205,2023-01-20T16:37:50,work_context,1,Logistics,Upstream,Path_G
H04091,U0819,C185,I021,F015,O076,S018|S027|S049|S114|S134|S139|S181,2023-01-20T18:02:48,supply_context,0,,,
H03061,U0613,C062,I010,F001,O006,S015|S030|S033|S047|S099|S100|S209|S219,2023-01-20T19:07:58,work_context,1,Manufacturing,Upstream,Path_A
H02766,U0554,C028,I018,F016,O083,S081|S094|S106|S165|S173|S226,2023-01-20T19:25:34,skill_context,1,Retail,Upstream,Path_D
H02721,U0545,C224,I004,F002,O007,S063|S070|S085|S094|S143,2023-01-20T23:11:17,supply_context,0,,,
H04086,U0818,C075,I011,F007,O037,S030|S043|S111|S120|S141|S157|S177|S219,2023-01-20T23:19:37,supply_context,1,Procurement,Upstream,Path_F
H04456,U0892,C286,I009,F015,O076,S024|S080|S087|S140|S185|S205,2023-01-21T01:07:59,skill_context,1,Distribution,Upstream,Path_H
H03006,U0602,C079,I021,F010,O049,S077|S108|S130|S156|S159|S174|S180,2023-01-21T01:48:52,collaboration_context,0,,,
H01776,U0356,C051,I019,F014,O075,S024|S072|S076|S087|S196|S213|S229,2023-01-21T02:01:40,work_context,1,Supplier Management,Midstream,Path_I
H03231,U0647,C040,I007,F017,O089,S011|S076|S080|S117|S151|S198|S223,2023-01-21T02:48:04,work_context,0,,,
H01961,U0393,C093,I002,F009,O045,S006|S022|S092|S112|S139|S221,2023-01-21T06:58:52,skill_context,1,Manufacturing,Downstream,Path_H
H04261,U0853,C141,I019,F014,O074,S040|S064|S086|S089|S104|S173|S181,2023-01-21T09:58:13,work_context,1,Supplier Management,Midstream,Path_H
H04171,U0835,C196,I016,F014,O074,S015|S019|S034|S060|S113|S172|S235|S237,2023-01-21T11:25:29,work_context,0,,,
H01711,U0343,C190,I023,F014,O072,S092|S094|S116|S163|S180|S213|S229,2023-01-21T12:37:24,skill_context,1,Distribution,Downstream,Path_D
H04786,U0958,C016,I006,F005,O023,S014|S016|S082|S214|S217|S238,2023-01-21T12:43:18,work_context,0,,,
H01611,U0323,C282,I017,F013,O069,S049|S050|S051|S113|S183,2023-01-21T13:10:37,work_context,0,,,
H01576,U0316,C267,I008,F002,O010,S088|S111|S161|S206|S218,2023-01-21T13:34:31,skill_context,0,,,
H06521,U1305,C158,I014,F005,O025,S054|S109|S122|S147|S158|S179,2023-01-21T13:54:51,supply_context,0,,,
H05931,U1187,C060,I011,F004,O020,S005|S022|S046|S083|S120|S184|S239,2023-01-21T17:41:12,work_context,1,Manufacturing,Midstream,Path_K
H05206,U1042,C229,I019,F006,O028,S031|S033|S085|S101|S103|S206|S215,2023-01-21T19:11:23,skill_context,0,,,
H02016,U0404,C306,I018,F013,O066,S111|S118|S174|S203|S218,2023-01-21T19:26:04,skill_context,0,,,
H00081,U0017,C061,I006,F011,O058,S027|S054|S066|S136|S175|S176|S213,2023-01-21T21:06:59,skill_context,1,Procurement,Upstream,Path_E
H06266,U1254,C315,I003,F007,O037,S036|S053|S064|S109|S127|S188|S196,2023-01-21T21:39:06,supply_context,1,Distribution,Midstream,Path_K
H00501,U0101,C159,I002,F017,O090,S007|S047|S059|S069|S133|S145,2023-01-22T03:13:50,collaboration_context,0,,,
H00706,U0142,C128,I011,F011,O056,S021|S047|S053|S076|S100|S170|S212|S234,2023-01-22T04:13:58,collaboration_context,0,,,
H06381,U1277,C036,I011,F003,O015,S055|S137|S160|S168|S178|S196|S238,2023-01-22T06:07:01,work_context,0,,,
H02261,U0453,C147,I008,F007,O033,S012|S094|S133|S186|S201|S232,2023-01-22T09:08:32,work_context,0,,,
H02391,U0479,C303,I008,F005,O024,S110|S116|S121|S131|S161|S172|S199,2023-01-22T09:45:37,supply_context,0,,,
H05176,U1036,C156,I005,F009,O045,S109|S117|S145|S151|S215,2023-01-22T09:54:55,work_context,1,Retail,Midstream,Path_A
H06841,U1369,C047,I012,F016,O085,S087|S103|S124|S151|S154|S162|S178|S206,2023-01-22T10:06:36,work_context,0,,,
H01296,U0260,C076,I024,F006,O028,S006|S037|S110|S130|S134|S187,2023-01-22T10:58:32,supply_context,0,,,
H06336,U1268,C307,I023,F012,O064,S048|S118|S130|S188|S204|S214,2023-01-22T11:29:21,work_context,0,,,
H00086,U0018,C142,I010,F005,O024,S017|S035|S058|S100|S115|S140|S165|S187,2023-01-22T11:48:35,supply_context,0,,,
H02481,U0497,C286,I009,F001,O003,S019|S038|S076|S119|S159|S202|S229,2023-01-22T14:29:02,supply_context,1,SCM,Downstream,Path_B
H01366,U0274,C202,I022,F016,O081,S011|S033|S082|S103|S152|S162,2023-01-22T14:35:29,collaboration_context,0,,,
H06811,U1363,C310,I016,F010,O051,S021|S067|S083|S094|S103|S116|S139|S184,2023-01-22T16:51:40,supply_context,1,Manufacturing,Midstream,Path_F
H00386,U0078,C278,I004,F008,O041,S009|S066|S080|S131|S132,2023-01-22T17:23:24,work_context,1,Retail,Upstream,Path_A
H06826,U1366,C258,I010,F005,O023,S050|S069|S132|S211|S237,2023-01-22T17:46:01,work_context,1,Logistics,Midstream,Path_B
H06331,U1267,C215,I020,F014,O072,S003|S023|S026|S074|S166|S215|S229,2023-01-22T20:14:51,skill_context,0,,,
H00186,U0038,C017,I012,F013,O067,S125|S145|S150|S185|S195,2023-01-22T20:32:38,skill_context,1,Manufacturing,Midstream,Path_F
H06236,U1248,C015,I001,F001,O002,S026|S027|S048|S095|S172|S180|S239,2023-01-22T21:56:27,supply_context,0,,,
H00891,U0179,C266,I016,F002,O009,S002|S004|S061|S094|S107|S153|S228,2023-01-22T22:16:45,supply_context,0,,,
H05026,U1006,C095,I012,F013,O066,S103|S113|S186|S223|S225,2023-01-22T22:37:12,collaboration_context,1,Retail,Midstream,Path_F
H01056,U0212,C293,I001,F001,O006,S006|S035|S144|S153|S193|S220,2023-01-22T23:41:58,supply_context,0,,,
H00346,U0070,C266,I016,F011,O058,S062|S147|S166|S192|S207,2023-01-23T00:57:18,skill_context,1,Supplier Management,Midstream,Path_J
H02471,U0495,C067,I002,F016,O084,S027|S046|S152|S162|S166|S170|S232,2023-01-23T03:15:17,supply_context,0,,,
H03601,U0721,C241,I013,F013,O065,S039|S048|S050|S073|S079|S185|S208|S214,2023-01-23T04:17:55,work_context,0,,,
H02741,U0549,C181,I012,F015,O080,S014|S045|S061|S069|S133|S180|S198,2023-01-23T05:57:52,collaboration_context,0,,,
H00751,U0151,C160,I005,F017,O087,S007|S022|S146|S179|S220,2023-01-23T08:20:05,collaboration_context,0,,,
H03151,U0631,C023,I015,F008,O039,S022|S087|S099|S168|S169|S224|S227,2023-01-23T08:55:55,supply_context,1,Procurement,Upstream,Path_A
H01836,U0368,C138,I021,F007,O036,S062|S080|S085|S145|S156|S173|S174|S239,2023-01-23T11:12:17,skill_context,0,,,
H02256,U0452,C268,I002,F013,O067,S106|S146|S165|S172|S174|S175|S177|S201,2023-01-23T12:09:59,supply_context,0,,,
H04251,U0851,C154,I022,F002,O009,S004|S020|S046|S171|S187|S227,2023-01-23T13:19:44,skill_context,0,,,
H03031,U0607,C217,I007,F018,O092,S034|S071|S076|S099|S108|S117,2023-01-23T14:11:09,work_context,0,,,
H03676,U0736,C288,I014,F012,O061,S037|S038|S051|S078|S206|S215,2023-01-23T15:54:41,supply_context,0,,,
H04296,U0860,C055,I023,F001,O006,S024|S064|S086|S106|S148|S169|S193|S203,2023-01-23T17:56:16,supply_context,0,,,
H06926,U1386,C117,I021,F004,O020,S014|S018|S114|S144|S153|S164,2023-01-23T18:38:12,work_context,1,Retail,Midstream,Path_E
H04626,U0926,C040,I007,F005,O024,S047|S073|S077|S215|S228|S236,2023-01-23T19:56:37,skill_context,1,SCM,Downstream,Path_D
H03471,U0695,C008,I015,F012,O064,S006|S103|S117|S123|S165|S176,2023-01-23T21:39:40,supply_context,0,,,
H01976,U0396,C055,I023,F014,O072,S003|S087|S089|S119|S160|S176|S191|S232,2023-01-24T00:45:55,supply_context,0,,,
H00761,U0153,C172,I010,F015,O080,S032|S110|S113|S122|S127|S173|S194|S229,2023-01-24T01:59:19,skill_context,0,,,
H05616,U1124,C043,I019,F008,O043,S073|S125|S145|S146|S167,2023-01-24T02:07:07,collaboration_context,1,SCM,Midstream,Path_G
H02121,U0425,C162,I001,F009,O048,S013|S014|S045|S101|S107,2023-01-24T02:54:35,supply_context,0,,,
H02631,U0527,C267,I008,F008,O039,S028|S043|S112|S119|S165|S197|S206,2023-01-24T03:30:48,work_context,1,Procurement,Midstream,Path_L
H02276,U0456,C213,I020,F005,O024,S033|S103|S104|S122|S144|S205,2023-01-24T04:28:47,supply_context,0,,,
H06766,U1354,C160,I005,F001,O005,S038|S044|S137|S200|S215|S224|S240,2023-01-24T05:57:38,supply_context,1,Logistics,Midstream,Path_G
H03321,U0665,C223,I012,F015,O079,S041|S055|S082|S098|S119|S162,2023-01-24T07:20:53,work_context,1,SCM,Downstream,Path_I
H06981,U1397,C274,I017,F016,O082,S009|S077|S088|S122|S198|S199,2023-01-24T08:35:18,skill_context,0,,,
H04511,U0903,C121,I001,F010,O050,S122|S124|S136|S206|S209,2023-01-24T09:16:13,supply_context,0,,,
H00926,U0186,C049,I006,F013,O067,S078|S092|S209|S216|S224,2023-01-24T09:45:33,work_context,0,,,
H05046,U1010,C045,I009,F007,O036,S014|S136|S144|S155|S206|S224,2023-01-24T10:41:03,supply_context,0,,,
H06886,U1378,C029,I003,F016,O083,S037|S059|S062|S084|S099|S155|S209|S221,2023-01-24T12:05:32,supply_context,1,Retail,Upstream,Path_B
H05036,U1008,C067,I002,F012,O060,S018|S027|S037|S047|S089|S164,2023-01-24T14:03:57,collaboration_context,1,SCM,Downstream,Path_A
H03741,U0749,C044,I017,F001,O002,S007|S012|S088|S111|S113|S207|S225,2023-01-24T15:57:06,work_context,1,Retail,Downstream,Path_A
H03301,U0661,C113,I004,F014,O071,S054|S083|S176|S195|S212|S224,2023-01-24T17:10:10,work_context,1,SCM,Upstream,Path_I
H06391,U1279,C014,I007,F005,O024,S029|S046|S065|S094|S192|S194|S235,2023-01-24T17:35:11,supply_context,1,Supplier Management,Upstream,Path_J
H06786,U1358,C159,I002,F011,O056,S027|S076|S098|S116|S147|S192,2023-01-24T18:39:42,collaboration_context,0,,,
H03126,U0626,C013,I015,F010,O053,S038|S049|S109|S128|S179|S223|S224,2023-01-24T20:50:26,collaboration_context,0,,,
H04856,U0972,C252,I024,F018,O095,S029|S070|S076|S085|S126|S160|S217,2023-01-24T21:03:22,skill_context,1,Procurement,Upstream,Path_L
H06466,U1294,C125,I007,F018,O092,S078|S084|S086|S154|S170,2023-01-24T22:17:48,collaboration_context,0,,,
H01946,U0390,C316,I013,F006,O032,S034|S043|S199|S209|S217,2023-01-25T00:28:32,collaboration_context,0,,,
H00811,U0163,C207,I008,F007,O034,S026|S092|S110|S132|S158|S164|S214|S215,2023-01-25T00:33:57,work_context,0,,,
H03821,U0765,C311,I018,F010,O051,S028|S131|S143|S191|S212,2023-01-25T01:27:56,collaboration_context,1,Distribution,Upstream,Path_K
H06961,U1393,C251,I004,F003,O012,S029|S056|S082|S092|S192|S231,2023-01-25T02:32:43,skill_context,1,Logistics,Midstream,Path_E
H04986,U0998,C300,I002,F018,O093,S041|S063|S105|S111|S220|S236|S240,2023-01-25T02:49:15,supply_context,0,,,
H04641,U0929,C035,I013,F005,O026,S024|S042|S070|S101|S103|S224,2023-01-25T03:28:53,supply_context,1,Procurement,Upstream,Path_K
H00361,U0073,C302,I007,F013,O066,S044|S058|S103|S112|S123|S127|S148|S165,2023-01-25T04:13:39,skill_context,0,,,
H05016,U1004,C102,I009,F006,O032,S049|S064|S069|S073|S125|S135|S165|S197,2023-01-25T05:03:16,supply_context,0,,,
H06321,U1265,C197,I007,F005,O023,S090|S104|S112|S189|S228,2023-01-25T05:10:49,work_context,0,,,
H06891,U1379,C226,I008,F011,O056,S002|S010|S128|S194|S213|S240,2023-01-25T07:21:39,supply_context,1,Procurement,Midstream,Path_J
H03756,U0752,C219,I024,F018,O092,S004|S064|S081|S111|S181,2023-01-25T07:25:41,supply_context,0,,,
H06881,U1377,C107,I006,F008,O042,S053|S068|S082|S105|S185|S198,2023-01-25T07:26:09,skill_context,1,Procurement,Downstream,Path_D
H05786,U1158,C037,I009,F015,O076,S012|S013|S118|S119|S121|S218|S220|S227,2023-01-25T07:59:34,supply_context,0,,,
H05921,U1185,C220,I006,F009,O047,S021|S063|S076|S110|S171|S174|S209|S219,2023-01-25T08:34:18,supply_context,0,,,
H04376,U0876,C220,I006,F017,O088,S023|S073|S156|S167|S169|S239,2023-01-25T08:46:12,collaboration_context,1,Manufacturing,Downstream,Path_J
H02251,U0451,C304,I020,F015,O079,S010|S025|S123|S136|S151|S166,2023-01-25T09:47:18,work_context,0,,,
H04846,U0970,C154,I022,F003,O013,S008|S017|S026|S087|S102|S131|S238,2023-01-25T10:02:34,skill_context,1,Retail,Upstream,Path_H
H03811,U0763,C140,I022,F016,O081,S047|S067|S086|S163|S172|S180|S233|S239,2023-01-25T10:05:44,supply_context,0,,,
H04521,U0905,C122,I015,F005,O023,S030|S044|S071|S096|S130|S212,2023-01-25T10:46:32,collaboration_context,0,,,
H03696,U0740,C161,I009,F002,O008,S068|S081|S108|S126|S179|S221|S224,2023-01-25T13:50:06,skill_context,0,,,
H03581,U0717,C039,I023,F003,O016,S009|S019|S025|S115|S123|S140|S142|S175,2023-01-25T13:50:39,skill_context,0,,,
H03146,U0630,C137,I013,F013,O069,S105|S144|S148|S163|S206|S220,2023-01-25T13:51:09,supply_context,0,,,
H03021,U0605,C314,I022,F004,O022,S003|S047|S064|S066|S079|S123|S138|S155,2023-01-25T14:46:29,work_context,1,Supplier Management,Downstream,Path_G
H05346,U1070,C164,I012,F015,O080,S007|S020|S034|S041|S119,2023-01-25T15:08:25,supply_context,0,,,
H01561,U0313,C049,I006,F012,O061,S028|S067|S119|S127|S149|S173|S193|S204,2023-01-25T16:16:47,supply_context,0,,,
H00481,U0097,C043,I019,F006,O031,S006|S044|S067|S073|S103|S164|S223,2023-01-25T17:55:40,supply_context,0,,,
H01851,U0371,C306,I018,F012,O061,S017|S028|S148|S152|S165|S204|S230,2023-01-25T18:03:54,collaboration_context,0,,,
H05976,U1196,C126,I016,F008,O039,S049|S074|S100|S145|S158|S194|S199,2023-01-25T21:13:20,skill_context,0,,,
H03271,U0655,C060,I011,F018,O094,S038|S086|S096|S126|S134|S230|S234,2023-01-25T21:56:15,skill_context,0,,,
H01071,U0215,C261,I022,F014,O075,S057|S074|S118|S158|S202|S211|S217,2023-01-25T22:13:11,skill_context,0,,,
H00461,U0093,C194,I010,F007,O037,S034|S064|S093|S098|S204|S207,2023-01-25T23:05:06,collaboration_context,1,Supplier Management,Midstream,Path_C
H00866,U0174,C262,I003,F008,O042,S009|S038|S065|S073|S107|S162|S238,2023-01-25T23:25:09,skill_context,1,Retail,Downstream,Path_E
H05561,U1113,C282,I017,F002,O007,S047|S075|S109|S200|S229,2023-01-25T23:37:48,skill_context,1,Procurement,Downstream,Path_E
H03456,U0692,C180,I005,F001,O005,S015|S024|S028|S077|S096|S187|S195|S234,2023-01-26T00:14:09,supply_context,0,,,
H05101,U1021,C095,I012,F006,O028,S011|S068|S108|S110|S174,2023-01-26T00:34:47,collaboration_context,0,,,
H01141,U0229,C235,I009,F015,O079,S054|S077|S088|S125|S232,2023-01-26T00:37:22,skill_context,0,,,
H04391,U0879,C243,I008,F009,O046,S038|S071|S098|S172|S200,2023-01-26T01:13:37,collaboration_context,0,,,
H06106,U1222,C097,I007,F018,O095,S001|S032|S054|S056|S073|S096|S163,2023-01-26T01:51:44,work_context,1,Manufacturing,Midstream,Path_L
H00896,U0180,C019,I018,F014,O072,S004|S056|S065|S076|S120|S177|S220|S227,2023-01-26T03:53:04,supply_context,1,Procurement,Midstream,Path_I
H01606,U0322,C223,I012,F010,O052,S001|S028|S119|S167|S168|S189,2023-01-26T04:39:46,skill_context,0,,,
H05551,U1111,C002,I013,F018,O095,S011|S130|S194|S219|S227,2023-01-26T05:39:34,supply_context,1,Manufacturing,Downstream,Path_B
H06376,U1276,C110,I003,F015,O078,S001|S023|S039|S054|S074|S194,2023-01-26T05:54:39,skill_context,0,,,
H03626,U0726,C121,I001,F008,O042,S010|S024|S026|S036|S071|S117|S197,2023-01-26T06:00:03,skill_context,1,SCM,Midstream,Path_I
H04276,U0856,C102,I009,F015,O079,S017|S018|S060|S066|S080|S095|S131|S138,2023-01-26T09:35:10,skill_context,1,Manufacturing,Midstream,Path_E
H05396,U1080,C244,I022,F007,O037,S125|S144|S160|S171|S178,2023-01-26T13:30:19,collaboration_context,1,Manufacturing,Midstream,Path_E
H03351,U0671,C079,I021,F007,O036,S054|S063|S100|S126|S176|S186|S235|S239,2023-01-26T13:41:04,collaboration_context,0,,,
H03586,U0718,C169,I011,F011,O059,S014|S048|S059|S061|S162|S203|S232,2023-01-26T14:57:42,supply_context,0,,,
H01661,U0333,C301,I007,F003,O014,S045|S060|S129|S139|S162|S200|S219,2023-01-26T15:09:23,skill_context,0,,,
H01581,U0317,C029,I003,F014,O071,S081|S121|S146|S172|S198|S227,2023-01-26T15:40:44,supply_context,0,,,
H02021,U0405,C136,I023,F005,O027,S017|S025|S045|S135|S144|S208,2023-01-26T15:50:30,collaboration_context,0,,,
H00521,U0105,C149,I009,F002,O008,S033|S042|S075|S076|S142|S154|S221|S227,2023-01-26T17:09:35,supply_context,1,Logistics,Downstream,Path_E
H00471,U0095,C217,I007,F005,O025,S017|S044|S075|S088|S098|S106|S156|S217,2023-01-26T17:20:51,skill_context,0,,,
H06401,U1281,C214,I022,F005,O023,S057|S074|S083|S116|S233,2023-01-26T19:51:21,work_context,0,,,
H00976,U0196,C261,I022,F012,O063,S042|S068|S084|S102|S120|S135|S163|S199,2023-01-26T20:27:56,skill_context,0,,,
H04996,U1000,C050,I013,F009,O044,S027|S040|S084|S144|S151|S189|S222|S234,2023-01-26T21:02:12,skill_context,0,,,
H06731,U1347,C051,I019,F004,O020,S031|S099|S129|S166|S186|S192|S231,2023-01-26T21:12:04,supply_context,0,,,
H06656,U1332,C261,I022,F015,O076,S070|S091|S112|S150|S155|S177|S218|S222,2023-01-26T21:21:24,collaboration_context,0,,,
H02411,U0483,C159,I002,F003,O013,S026|S082|S171|S209|S224,2023-01-26T21:39:20,collaboration_context,0,,,
H03531,U0707,C125,I007,F008,O043,S004|S005|S055|S059|S136|S149|S225,2023-01-26T22:18:59,work_context,0,,,
H00221,U0045,C316,I013,F018,O096,S031|S039|S066|S094|S099|S105|S204|S207,2023-01-26T22:26:13,work_context,0,,,
H02321,U0465,C263,I011,F014,O071,S094|S155|S189|S195|S202,2023-01-26T22:35:37,skill_context,1,Retail,Downstream,Path_D
H00211,U0043,C072,I010,F016,O084,S024|S082|S100|S176|S178|S202|S240,2023-01-26T23:19:51,supply_context,1,SCM,Upstream,Path_H
H02641,U0529,C136,I023,F010,O049,S049|S053|S091|S146|S175,2023-01-27T02:06:34,skill_context,0,,,
H04216,U0844,C227,I019,F007,O038,S023|S028|S030|S055|S093|S096|S122|S177,2023-01-27T02:26:22,work_context,0,,,
H01676,U0336,C295,I004,F007,O038,S173|S187|S206|S214|S218|S235,2023-01-27T03:49:26,supply_context,0,,,
H01571,U0315,C076,I024,F005,O026,S079|S113|S120|S130|S159|S171|S217,2023-01-27T06:33:49,collaboration_context,1,Procurement,Downstream,Path_I
H05876,U1176,C049,I006,F014,O075,S016|S036|S153|S206|S212|S239,2023-01-27T06:37:53,collaboration_context,0,,,
H01376,U0276,C251,I004,F003,O015,S091|S148|S150|S178|S200,2023-01-27T07:09:42,skill_context,0,,,
H03506,U0702,C183,I006,F017,O090,S068|S144|S153|S193|S201,2023-01-27T08:02:17,work_context,1,Logistics,Downstream,Path_H
H03371,U0675,C276,I010,F007,O038,S021|S038|S107|S115|S175|S184|S205|S217,2023-01-27T10:35:28,work_context,1,Logistics,Midstream,Path_B
H04691,U0939,C220,I006,F002,O011,S038|S039|S078|S086|S116|S169|S185|S238,2023-01-27T12:36:40,skill_context,0,,,
H05691,U1139,C207,I008,F017,O089,S047|S057|S118|S126|S155|S167,2023-01-27T13:16:22,supply_context,0,,,
H00566,U0114,C115,I017,F014,O072,S001|S008|S009|S038|S131|S150|S153|S237,2023-01-27T13:17:57,skill_context,0,,,
H01746,U0350,C063,I003,F017,O091,S011|S045|S159|S189|S204|S234,2023-01-27T14:40:46,skill_context,0,,,
H00841,U0169,C040,I007,F016,O085,S009|S050|S073|S120|S131|S138|S149|S219,2023-01-27T17:27:53,work_context,0,,,
H06166,U1234,C246,I024,F013,O067,S002|S132|S213|S215|S216|S224,2023-01-27T17:47:42,work_context,1,Logistics,Midstream,Path_F
H06856,U1372,C192,I010,F006,O028,S052|S163|S188|S211|S222|S240,2023-01-27T19:36:59,work_context,1,Supplier Management,Midstream,Path_F
H00786,U0158,C280,I020,F010,O052,S020|S056|S083|S128|S134|S174|S228,2023-01-27T20:36:25,supply_context,0,,,
H00536,U0108,C265,I014,F011,O056,S016|S053|S066|S115|S119|S136|S167|S224,2023-01-27T22:34:22,skill_context,0,,,
H02706,U0542,C130,I014,F007,O038,S033|S037|S077|S081|S181|S196,2023-01-27T22:54:23,supply_context,0,,,
H02726,U0546,C093,I002,F013,O065,S040|S047|S069|S101|S106|S164|S175|S231,2023-01-27T23:01:41,work_context,0,,,
H02591,U0519,C103,I011,F008,O039,S038|S106|S143|S168|S174|S180,2023-01-27T23:43:58,work_context,0,,,
H00631,U0127,C279,I021,F004,O021,S090|S098|S173|S191|S194|S195|S210|S225,2023-01-28T00:15:49,skill_context,1,Retail,Downstream,Path_K
H04531,U0907,C194,I010,F005,O026,S032|S062|S092|S126|S134|S156|S175|S201,2023-01-28T01:51:26,work_context,1,Logistics,Downstream,Path_L
H01191,U0239,C069,I015,F011,O058,S043|S053|S112|S162|S163|S230|S234,2023-01-28T07:23:44,collaboration_context,1,Manufacturing,Upstream,Path_I
H04941,U0989,C258,I010,F016,O083,S023|S038|S083|S116|S144|S162|S191|S239,2023-01-28T08:57:23,supply_context,0,,,
H05061,U1013,C190,I023,F012,O064,S019|S022|S031|S122|S142|S183|S195,2023-01-28T10:05:31,work_context,0,,,
H01036,U0208,C258,I010,F002,O010,S048|S098|S112|S127|S151|S158|S179|S215,2023-01-28T12:17:51,work_context,0,,,
H05861,U1173,C241,I013,F015,O080,S081|S106|S114|S140|S191|S206,2023-01-28T15:07:13,collaboration_context,1,Manufacturing,Upstream,Path_C
H04331,U0867,C049,I006,F017,O090,S004|S014|S030|S153|S190|S192|S193,2023-01-28T15:12:44,collaboration_context,0,,,
H00611,U0123,C126,I016,F003,O012,S015|S073|S098|S112|S137|S140|S182,2023-01-28T16:02:44,collaboration_context,0,,,
H06111,U1223,C214,I022,F003,O014,S008|S032|S100|S123|S125|S141|S144,2023-01-28T18:36:17,supply_context,0,,,
H01126,U0226,C294,I015,F012,O062,S025|S047|S054|S095|S123|S150|S160|S198,2023-01-28T19:57:18,work_context,1,Retail,Downstream,Path_G
H04951,U0991,C138,I021,F016,O082,S051|S066|S070|S078|S201|S205,2023-01-28T20:03:38,supply_context,0,,,
H02551,U0511,C295,I004,F006,O028,S011|S018|S045|S075|S088|S122|S133,2023-01-28T21:17:28,skill_context,1,SCM,Midstream,Path_E
H06666,U1334,C015,I001,F007,O038,S006|S020|S040|S127|S132|S146|S175,2023-01-28T21:32:11,skill_context,1,Supplier Management,Downstream,Path_B
H02351,U0471,C304,I020,F002,O009,S053|S060|S103|S175|S213,2023-01-28T21:56:12,collaboration_context,0,,,
H05636,U1128,C112,I008,F002,O007,S035|S061|S112|S126|S209|S238,2023-01-28T22:02:41,skill_context,0,,,
H04611,U0923,C165,I017,F016,O085,S023|S105|S173|S213|S226,2023-01-28T22:41:25,collaboration_context,0,,,
H02926,U0586,C196,I016,F013,O066,S068|S069|S216|S223|S234,2023-02-01T00:52:30,skill_context,1,Supplier Management,Midstream,Path_A
H04861,U0973,C043,I019,F009,O046,S123|S149|S152|S180|S200|S223,2023-02-01T01:17:02,skill_context,1,Procurement,Upstream,Path_E
H03431,U0687,C243,I008,F004,O018,S007|S014|S020|S123|S124|S181|S188|S205,2023-02-01T01:41:52,skill_context,0,,,
H00446,U0090,C074,I016,F018,O096,S038|S068|S076|S080|S127|S138|S198|S239,2023-02-01T01:51:23,skill_context,0,,,
H02716,U0544,C288,I014,F004,O021,S005|S011|S038|S087|S121|S165|S168|S199,2023-02-01T02:26:09,collaboration_context,0,,,
H04916,U0984,C006,I023,F004,O021,S050|S056|S074|S079|S081|S118|S164,2023-02-01T04:49:24,work_context,1,Procurement,Downstream,Path_D
H05151,U1031,C315,I003,F007,O035,S013|S038|S114|S122|S127|S154|S184|S195,2023-02-01T06:21:50,skill_context,0,,,
H04841,U0969,C309,I020,F015,O076,S019|S056|S076|S097|S117|S200|S222,2023-02-01T11:46:18,skill_context,0,,,
H05166,U1034,C071,I012,F014,O074,S018|S084|S185|S190|S221,2023-02-01T13:43:04,supply_context,1,Manufacturing,Downstream,Path_F
H06191,U1239,C133,I021,F004,O022,S002|S040|S053|S062|S077|S109|S206|S230,2023-02-01T13:54:09,work_context,0,,,
H06446,U1290,C258,I010,F012,O063,S018|S059|S071|S086|S095|S124|S238,2023-02-01T15:03:39,work_context,0,,,
H00441,U0089,C257,I006,F003,O016,S006|S030|S077|S128|S191|S230,2023-02-01T15:52:05,collaboration_context,0,,,
H01216,U0244,C139,I008,F009,O047,S004|S007|S012|S018|S101|S216,2023-02-01T16:27:27,work_context,1,Procurement,Upstream,Path_D
H04561,U0913,C271,I018,F016,O082,S020|S073|S124|S169|S206|S220,2023-02-01T16:42:30,collaboration_context,0,,,
H06461,U1293,C247,I003,F010,O049,S056|S079|S092|S101|S179|S187|S227,2023-02-01T18:21:27,collaboration_context,0,,,
H03501,U0701,C120,I017,F006,O029,S001|S044|S115|S119|S127|S137|S149|S156,2023-02-01T20:39:47,work_context,1,Supplier Management,Midstream,Path_D
H03706,U0742,C262,I003,F005,O025,S006|S018|S118|S121|S122|S229|S237,2023-02-01T21:37:18,supply_context,0,,,
H02616,U0524,C160,I005,F013,O069,S040|S106|S108|S114|S133|S159,2023-02-01T22:18:33,skill_context,1,Distribution,Downstream,Path_I
H02381,U0477,C255,I011,F009,O046,S001|S005|S028|S120|S152|S183,2023-02-01T22:37:30,collaboration_context,1,Logistics,Midstream,Path_I
H01981,U0397,C101,I007,F007,O036,S007|S011|S030|S101|S175,2023-02-01T22:56:30,supply_context,1,Logistics,Midstream,Path_A
H00836,U0168,C054,I004,F007,O036,S017|S053|S068|S110|S172,2023-02-02T00:25:47,supply_context,1,SCM,Upstream,Path_L
H04826,U0966,C084,I014,F014,O074,S003|S046|S078|S125|S204|S205,2023-02-02T00:55:03,skill_context,0,,,
H02881,U0577,C015,I001,F015,O080,S033|S077|S090|S103|S155|S156|S221|S225,2023-02-02T02:05:38,collaboration_context,1,Procurement,Upstream,Path_E
H03886,U0778,C004,I004,F006,O030,S030|S103|S164|S181|S224,2023-02-02T02:23:20,skill_context,1,Distribution,Downstream,Path_L
H06361,U1273,C149,I009,F007,O034,S019|S125|S140|S158|S208|S214|S231|S234,2023-02-02T02:48:37,collaboration_context,0,,,
H04631,U0927,C243,I008,F009,O048,S068|S071|S081|S184|S185|S213|S225,2023-02-02T03:36:38,skill_context,1,SCM,Midstream,Path_L
H05431,U1087,C119,I013,F005,O024,S013|S127|S175|S187|S198|S222,2023-02-02T04:43:42,supply_context,0,,,
H02166,U0434,C120,I017,F002,O011,S011|S022|S040|S194|S220|S223,2023-02-02T05:37:45,work_context,1,SCM,Downstream,Path_A
H06721,U1345,C163,I002,F003,O014,S007|S028|S045|S047|S094|S221,2023-02-02T07:23:56,work_context,0,,,
H02066,U0414,C273,I005,F003,O013,S054|S131|S137|S141|S145|S161|S218|S237,2023-02-02T08:06:36,work_context,1,Logistics,Upstream,Path_C
H06621,U1325,C180,I005,F013,O067,S063|S066|S077|S093|S100|S146|S204|S214,2023-02-02T08:36:31,work_context,0,,,
H00491,U0099,C018,I020,F008,O042,S001|S040|S044|S069|S072|S080|S085|S143,2023-02-02T09:01:09,skill_context,0,,,
H06431,U1287,C282,I017,F002,O009,S008|S057|S100|S117|S133,2023-02-02T09:37:13,skill_context,1,Distribution,Upstream,Path_J
H02236,U0448,C142,I010,F015,O079,S003|S014|S021|S182|S218,2023-02-02T12:16:58,skill_context,1,Retail,Midstream,Path_B
H00736,U0148,C134,I005,F015,O079,S062|S091|S102|S113|S122,2023-02-02T14:13:19,collaboration_context,1,Procurement,Upstream,Path_G
H05041,U1009,C304,I020,F011,O055,S011|S037|S107|S175|S212|S216|S233|S237,2023-02-02T17:45:46,collaboration_context,0,,,
H01646,U0330,C218,I021,F018,O094,S005|S043|S056|S085|S119|S168|S193|S204,2023-02-02T21:23:10,work_context,0,,,
H02816,U0564,C054,I004,F014,O073,S054|S088|S090|S137|S140|S156|S163,2023-02-03T01:31:23,work_context,1,SCM,Upstream,Path_C
H04141,U0829,C064,I005,F009,O048,S034|S072|S128|S140|S194,2023-02-03T03:28:01,skill_context,1,Procurement,Downstream,Path_F
H00181,U0037,C087,I011,F013,O067,S003|S030|S043|S081|S129|S132|S141|S216,2023-02-03T03:36:13,collaboration_context,1,Procurement,Downstream,Path_H
H02341,U0469,C053,I019,F011,O059,S034|S055|S080|S106|S124|S195|S198|S225,2023-02-03T04:35:04,work_context,1,Manufacturing,Upstream,Path_L
H06441,U1289,C096,I017,F012,O064,S007|S008|S016|S038|S063|S138|S238,2023-02-03T05:21:24,collaboration_context,1,SCM,Midstream,Path_E
H06921,U1385,C143,I014,F015,O078,S008|S014|S052|S059|S087|S111|S169|S196,2023-02-03T06:56:12,collaboration_context,1,Supplier Management,Midstream,Path_L
H02311,U0463,C107,I006,F005,O027,S001|S073|S090|S128|S149|S236,2023-02-03T07:29:24,supply_context,0,,,
H00376,U0076,C155,I005,F005,O025,S056|S119|S207|S210|S235,2023-02-03T08:01:34,skill_context,1,Logistics,Midstream,Path_L
H05186,U1038,C256,I018,F018,O094,S044|S045|S076|S173|S188|S198|S223|S239,2023-02-03T08:06:51,supply_context,0,,,
H06846,U1370,C090,I003,F014,O072,S010|S074|S077|S089|S145|S229,2023-02-03T09:01:16,supply_context,1,SCM,Upstream,Path_K
H01551,U0311,C222,I003,F003,O014,S028|S051|S111|S169|S208,2023-02-03T10:13:07,collaboration_context,0,,,
H06136,U1228,C044,I017,F001,O005,S029|S067|S107|S142|S188|S200|S202,2023-02-03T10:55:02,collaboration_context,1,Distribution,Upstream,Path_B
H01876,U0376,C025,I014,F001,O004,S022|S031|S092|S093|S172|S187,2023-02-03T12:08:56,work_context,0,,,
H00851,U0171,C104,I024,F007,O036,S026|S037|S051|S169|S208|S209|S232|S237,2023-02-03T12:40:49,supply_context,0,,,
H00366,U0074,C187,I002,F018,O092,S050|S095|S107|S216|S221,2023-02-03T12:43:16,supply_context,0,,,
H05416,U1084,C243,I008,F013,O068,S044|S132|S192|S217|S224,2023-02-03T13:52:42,collaboration_context,0,,,
H00201,U0041,C146,I017,F012,O064,S017|S074|S080|S099|S114|S182|S201,2023-02-03T15:06:33,collaboration_context,0,,,
H03841,U0769,C066,I021,F007,O033,S016|S040|S074|S172|S239,2023-02-03T15:32:09,skill_context,0,,,
H06086,U1218,C113,I004,F005,O023,S059|S109|S113|S169|S190|S195|S205,2023-02-03T15:46:23,supply_context,1,Distribution,Upstream,Path_G
H02936,U0588,C111,I011,F005,O026,S031|S054|S057|S091|S093|S128|S129|S196,2023-02-03T17:40:41,work_context,0,,,
H06121,U1225,C292,I017,F009,O046,S082|S086|S103|S139|S153,2023-02-03T18:03:23,skill_context,1,Manufacturing,Upstream,Path_D
H05771,U1155,C165,I017,F015,O080,S031|S045|S048|S070|S118|S186,2023-02-03T19:24:54,skill_context,0,,,
H00241,U0049,C090,I003,F017,O091,S009|S032|S158|S176|S183|S192|S193,2023-02-03T19:49:44,work_context,0,,,
H05191,U1039,C107,I006,F003,O014,S048|S081|S089|S194|S204,2023-02-03T21:52:20,collaboration_context,1,Logistics,Midstream,Path_A
H02691,U0539,C302,I007,F008,O039,S047|S055|S079|S156|S172|S184|S192,2023-02-03T22:12:33,work_context,0,,,
H06836,U1368,C207,I008,F008,O040,S004|S014|S091|S099|S105|S136|S145|S199,2023-02-04T00:31:57,work_context,1,Retail,Downstream,Path_K
H03871,U0775,C300,I002,F017,O087,S080|S083|S111|S115|S155|S226,2023-02-04T01:54:06,skill_context,1,SCM,Midstream,Path_K
H04201,U0841,C048,I005,F013,O068,S001|S054|S102|S109|S113|S200|S216|S227,2023-02-04T02:17:21,work_context,0,,,
H01486,U0298,C238,I004,F007,O035,S007|S020|S132|S175|S240,2023-02-04T07:44:42,skill_context,1,Manufacturing,Midstream,Path_I
H00431,U0087,C246,I024,F009,O045,S094|S097|S136|S148|S219,2023-02-04T07:47:54,skill_context,0,,,
H05666,U1134,C296,I011,F013,O069,S149|S151|S153|S203|S237,2023-02-04T08:25:47,collaboration_context,1,Supplier Management,Midstream,Path_A
H04311,U0863,C026,I012,F009,O047,S100|S115|S136|S180|S203,2023-02-04T09:42:54,supply_context,0,,,
H05481,U1097,C257,I006,F012,O061,S120|S160|S167|S179|S190|S220,2023-02-04T09:51:20,work_context,1,Manufacturing,Upstream,Path_K
H04836,U0968,C130,I014,F002,O011,S020|S023|S118|S124|S164|S235|S236,2023-02-04T10:12:04,work_context,0,,,
H03826,U0766,C016,I006,F015,O080,S009|S015|S018|S022|S047|S171|S194|S196,2023-02-04T10:15:23,work_context,1,SCM,Midstream,Path_F
H04471,U0895,C093,I002,F009,O047,S008|S013|S066|S115|S186|S211,2023-02-04T10:38:55,supply_context,0,,,
H05566,U1114,C052,I013,F011,O056,S033|S041|S049|S200|S219,2023-02-04T10:50:01,collaboration_context,1,SCM,Downstream,Path_D
H06566,U1314,C040,I007,F008,O039,S006|S033|S075|S162|S198,2023-02-04T13:52:09,supply_context,1,Retail,Downstream,Path_E
H04971,U0995,C028,I018,F003,O014,S026|S061|S157|S199|S211|S237,2023-02-04T15:08:23,work_context,0,,,
H05006,U1002,C152,I019,F007,O033,S011|S016|S047|S065|S140,2023-02-04T15:11:40,collaboration_context,0,,,
H06706,U1342,C033,I024,F017,O090,S009|S025|S091|S153|S160,2023-02-04T15:28:30,collaboration_context,1,Logistics,Downstream,Path_E
H03251,U0651,C168,I023,F004,O020,S028|S044|S047|S108|S171|S182|S199|S209,2023-02-04T20:36:43,collaboration_context,0,,,
H01181,U0237,C140,I022,F005,O023,S023|S055|S059|S064|S133|S141,2023-02-04T20:52:30,skill_context,0,,,
H03796,U0760,C091,I015,F006,O028,S029|S037|S160|S181|S220,2023-02-04T21:28:34,collaboration_context,0,,,
H04721,U0945,C005,I018,F007,O035,S038|S070|S201|S204|S228,2023-02-04T22:43:25,skill_context,0,,,
H01371,U0275,C143,I014,F009,O046,S006|S067|S083|S087|S108|S174|S192|S206,2023-02-04T23:39:36,skill_context,0,,,
H04791,U0959,C163,I002,F007,O038,S021|S037|S053|S110|S155,2023-02-04T23:50:13,skill_context,0,,,
H02541,U0509,C215,I020,F018,O094,S041|S046|S111|S116|S159|S192|S217,2023-02-05T00:39:29,work_context,0,,,
H01041,U0209,C032,I011,F008,O042,S008|S116|S143|S196|S237,2023-02-05T01:19:47,work_context,1,Distribution,Upstream,Path_H
H05471,U1095,C019,I018,F010,O053,S015|S032|S094|S120|S121|S158,2023-02-05T01:27:18,collaboration_context,1,Logistics,Downstream,Path_H
H02971,U0595,C185,I021,F006,O032,S082|S093|S110|S125|S129|S180,2023-02-05T01:45:20,supply_context,0,,,
H01271,U0255,C149,I009,F007,O038,S027|S032|S076|S152|S190|S194|S221|S232,2023-02-05T01:53:55,work_context,0,,,
H05536,U1108,C034,I009,F015,O077,S002|S072|S089|S106|S121|S201,2023-02-05T02:46:36,collaboration_context,1,Retail,Midstream,Path_H
H01536,U0308,C056,I008,F003,O012,S028|S092|S116|S135|S171|S198|S212,2023-02-05T04:52:11,work_context,0,,,
H06316,U1264,C313,I015,F002,O010,S109|S120|S131|S158|S237,2023-02-05T07:05:23,work_context,1,Distribution,Midstream,Path_C
H06866,U1374,C165,I017,F004,O020,S007|S034|S040|S168|S206,2023-02-05T07:30:26,skill_context,0,,,
H05586,U1118,C040,I007,F013,O066,S034|S050|S078|S118|S123|S152|S178|S210,2023-02-05T07:39:10,work_context,0,,,
H05956,U1192,C158,I014,F002,O007,S014|S049|S115|S144|S168|S187|S222,2023-02-05T09:49:44,supply_context,0,,,
H06286,U1258,C015,I001,F001,O001,S013|S086|S088|S144|S182|S191|S204,2023-02-05T10:20:47,collaboration_context,0,,,
H00256,U0052,C247,I003,F011,O056,S025|S076|S109|S170|S182|S210|S236,2023-02-05T13:38:19,supply_context,0,,,
H06411,U1283,C226,I008,F008,O043,S056|S111|S152|S154|S229|S001,2023-02-05T14:36:52,work_context,1,Procurement,Upstream,Path_F
H01336,U0268,C163,I002,F013,O070,S019|S039|S192|S199|S220,2023-02-05T14:54:31,work_context,0,,,
H00641,U0129,C247,I003,F014,O073,S063|S067|S068|S082|S088|S115,2023-02-05T15:47:38,work_context,0,,,
H03856,U0772,C183,I006,F009,O044,S069|S165|S193|S199|S219|S232|S238,2023-02-05T16:23:44,supply_context,1,Procurement,Midstream,Path_H
H01016,U0204,C277,I010,F003,O016,S031|S034|S077|S118|S206|S210|S219,2023-02-05T17:24:24,work_context,0,,,
H04366,U0874,C261,I022,F003,O014,S005|S022|S121|S157|S160|S163|S216|S231,2023-02-05T18:46:15,supply_context,0,,,
H03646,U0730,C223,I012,F001,O001,S061|S103|S131|S134|S154|S169|S238,2023-02-05T19:53:56,skill_context,1,Procurement,Downstream,Path_A
H01871,U0375,C162,I001,F002,O011,S009|S025|S140|S159|S190,2023-02-05T20:15:22,supply_context,1,Supplier Management,Upstream,Path_C
H06151,U1231,C034,I009,F017,O091,S049|S064|S103|S121|S126|S180|S202|S215,2023-02-05T20:55:33,supply_context,0,,,
H01801,U0361,C057,I023,F018,O096,S034|S086|S120|S153|S160|S162|S224|S234,2023-02-05T23:10:50,skill_context,1,Logistics,Downstream,Path_K
H00551,U0111,C273,I005,F011,O058,S033|S034|S064|S095|S168|S209,2023-02-06T01:21:37,supply_context,1,Supplier Management,Downstream,Path_G
H02866,U0574,C005,I018,F009,O045,S065|S083|S123|S187|S210|S221,2023-02-06T01:29:06,skill_context,0,,,
H03491,U0699,C253,I021,F016,O081,S026|S050|S054|S072|S134,2023-02-06T03:11:51,supply_context,0,,,
H00731,U0147,C138,I021,F018,O093,S037|S091|S096|S101|S139|S147|S208|S238,2023-02-06T03:58:08,supply_context,0,,,
H03921,U0785,C316,I013,F011,O059,S108|S158|S174|S211|S217|S234,2023-02-06T04:34:38,skill_context,0,,,
H06911,U1383,C307,I023,F012,O064,S012|S021|S098|S158|S173|S201,2023-02-06T04:36:22,work_context,0,,,
H06641,U1329,C253,I021,F010,O054,S015|S021|S041|S104|S131|S151|S156|S175,2023-02-06T05:14:59,collaboration_context,0,,,
H05681,U1137,C301,I007,F013,O067,S071|S087|S121|S146|S192,2023-02-06T05:37:46,skill_context,0,,,
H02991,U0599,C016,I006,F015,O080,S010|S014|S029|S031|S121|S127,2023-02-06T06:44:59,supply_context,0,,,
H02301,U0461,C203,I002,F008,O040,S004|S036|S051|S120|S140|S151|S219|S231,2023-02-06T07:30:45,work_context,0,,,
H06726,U1346,C240,I002,F015,O078,S035|S083|S126|S128|S134|S167|S183,2023-02-06T07:34:46,collaboration_context,1,Distribution,Upstream,Path_E
H01901,U0381,C046,I001,F001,O005,S002|S082|S090|S139|S142|S228|S230|S233,2023-02-06T08:41:44,work_context,0,,,
H00286,U0058,C222,I003,F004,O017,S034|S074|S075|S089|S197,2023-02-06T10:14:48,work_context,0,,,
H02901,U0581,C173,I016,F002,O008,S009|S019|S069|S110|S132|S158|S170|S194,2023-02-06T10:34:00,supply_context,0,,,
H05696,U1140,C299,I015,F003,O014,S061|S078|S144|S147|S167|S203,2023-02-06T10:43:44,skill_context,0,,,
H03111,U0623,C248,I020,F017,O090,S005|S041|S064|S118|S128|S189,2023-02-06T10:56:24,work_context,0,,,
H02756,U0552,C161,I009,F016,O084,S018|S041|S075|S160|S192|S217|S219,2023-02-06T13:09:42,skill_context,1,Logistics,Downstream,Path_G
H06736,U1348,C129,I014,F009,O047,S065|S088|S090|S095|S168|S204|S212,2023-02-06T16:52:33,work_context,1,Supplier Management,Upstream,Path_C
H06781,U1357,C235,I009,F014,O072,S030|S034|S085|S149|S178|S234,2023-02-06T17:08:03,skill_context,0,,,
H05261,U1053,C302,I007,F007,O033,S030|S059|S111|S136|S158|S200|S221,2023-02-06T17:25:22,skill_context,1,Manufacturing,Downstream,Path_F
H02091,U0419,C018,I020,F006,O028,S013|S022|S062|S094|S099|S171|S178,2023-02-06T19:04:03,skill_context,0,,,
H05671,U1135,C218,I021,F012,O064,S028|S032|S061|S075|S105|S213,2023-02-06T22:27:04,skill_context,1,SCM,Downstream,Path_H
H01306,U0262,C136,I023,F008,O041,S029|S076|S092|S121|S141|S152|S208,2023-02-06T23:18:25,work_context,1,Manufacturing,Downstream,Path_B
H05856,U1172,C210,I024,F018,O094,S047|S088|S097|S115|S150,2023-02-06T23:27:54,work_context,0,,,
H02836,U0568,C088,I009,F010,O049,S020|S077|S098|S220|S221|S238|S057,2023-02-07T00:16:20,supply_context,0,,,
H03421,U0685,C246,I024,F009,O045,S015|S018|S027|S048|S092|S207,2023-02-07T00:54:13,supply_context,1,Logistics,Downstream,Path_K
H05801,U1161,C010,I001,F012,O063,S020|S033|S139|S158|S171,2023-02-07T01:29:22,work_context,1,Distribution,Downstream,Path_J
H03286,U0658,C168,I023,F008,O039,S082|S092|S094|S102|S219,2023-02-07T01:33:17,supply_context,1,Distribution,Midstream,Path_D
H00371,U0075,C109,I014,F008,O041,S055|S074|S112|S117|S121|S139,2023-02-07T01:53:32,work_context,1,SCM,Midstream,Path_D
H05256,U1052,C123,I022,F013,O067,S007|S028|S096|S149|S205,2023-02-07T02:54:50,supply_context,0,,,
H06146,U1230,C280,I020,F017,O089,S007|S150|S165|S174|S206|S217|S234,2023-02-07T04:52:37,collaboration_context,0,,,
H01951,U0391,C184,I001,F015,O079,S008|S018|S107|S154|S164|S203|S239,2023-02-07T05:18:56,supply_context,0,,,
H04356,U0872,C282,I017,F015,O079,S018|S043|S085|S166|S169|S170|S185|S232,2023-02-07T08:01:51,skill_context,0,,,
H02966,U0594,C024,I001,F012,O064,S004|S005|S119|S168|S207,2023-02-07T09:36:55,work_context,0,,,
H03296,U0660,C215,I020,F006,O028,S025|S100|S123|S130|S168|S179|S190|S234,2023-02-07T11:16:24,work_context,0,,,
H06001,U1201,C148,I005,F018,O092,S065|S080|S128|S160|S191|S194|S211|S237,2023-02-07T11:51:09,supply_context,0,,,
H06196,U1240,C038,I006,F010,O052,S020|S067|S080|S093|S184|S213|S239,2023-02-07T12:11:16,work_context,0,,,
H03236,U0648,C045,I009,F010,O049,S033|S066|S088|S134|S199|S203,2023-02-07T12:42:43,collaboration_context,0,,,
H02681,U0537,C269,I019,F016,O082,S019|S069|S098|S127|S169|S189|S198,2023-02-07T12:57:20,supply_context,1,Manufacturing,Midstream,Path_F
H06986,U1398,C149,I009,F013,O069,S028|S056|S159|S199|S207|S212|S236,2023-02-07T13:05:19,work_context,1,Logistics,Upstream,Path_A
H02136,U0428,C157,I001,F015,O077,S032|S057|S078|S092|S213|S217|S226,2023-02-07T13:42:16,supply_context,1,Retail,Downstream,Path_K
H01666,U0334,C139,I008,F001,O006,S008|S011|S020|S062|S111|S202|S232|S236,2023-02-07T14:12:11,supply_context,0,,,
H04196,U0840,C234,I015,F003,O013,S015|S016|S144|S188|S214,2023-02-07T14:19:21,collaboration_context,0,,,
H01311,U0263,C303,I008,F001,O002,S024|S112|S173|S174|S176|S195|S231,2023-02-07T14:22:07,collaboration_context,0,,,
H00496,U0100,C038,I006,F002,O007,S042|S135|S156|S160|S170|S232,2023-02-07T14:33:41,collaboration_context,0,,,
H01601,U0321,C051,I019,F002,O010,S070|S081|S122|S165|S191|S206,2023-02-07T14:36:22,supply_context,0,,,
H03016,U0604,C133,I021,F012,O063,S054|S071|S141|S147|S156|S163|S213,2023-02-07T14:37:40,work_context,1,Procurement,Downstream,Path_F
H02771,U0555,C037,I009,F007,O037,S039|S098|S118|S155|S182|S223|S239,2023-02-07T15:01:09,skill_context,1,Distribution,Upstream,Path_K
H02611,U0523,C082,I015,F004,O018,S095|S101|S127|S137|S180|S197,2023-02-07T16:10:52,supply_context,1,SCM,Upstream,Path_E
H01166,U0234,C026,I012,F013,O065,S019|S029|S037|S040|S068|S113|S136,2023-02-07T17:30:41,supply_context,1,Logistics,Midstream,Path_C
H04496,U0900,C119,I013,F017,O088,S089|S146|S175|S180|S209,2023-02-07T18:09:03,skill_context,0,,,
H05401,U1081,C088,I009,F017,O091,S038|S059|S063|S070|S093|S115|S208|S213,2023-02-07T20:19:04,skill_context,0,,,
H01461,U0293,C226,I008,F008,O041,S010|S088|S103|S126|S235,2023-02-07T20:53:46,supply_context,0,,,
H05341,U1069,C296,I011,F016,O082,S033|S085|S089|S137|S158|S218,2023-02-07T23:58:38,work_context,0,,,
H02581,U0517,C138,I021,F012,O060,S055|S127|S172|S185|S217|S020,2023-02-08T00:16:07,collaboration_context,1,Retail,Downstream,Path_K
H02606,U0522,C290,I023,F013,O065,S008|S037|S076|S088|S143|S160|S163|S228,2023-02-08T02:08:00,collaboration_context,0,,,
H03636,U0728,C127,I004,F010,O052,S015|S062|S064|S065|S072|S167|S185,2023-02-08T02:59:51,collaboration_context,1,Distribution,Upstream,Path_D
H03896,U0780,C028,I018,F008,O043,S012|S050|S070|S126|S139|S147|S158|S212,2023-02-08T04:49:35,skill_context,0,,,
H01001,U0201,C181,I012,F007,O034,S018|S037|S059|S108|S175|S208|S214|S236,2023-02-08T05:21:36,skill_context,1,Procurement,Upstream,Path_E
H00251,U0051,C099,I020,F006,O030,S063|S084|S092|S134|S173,2023-02-08T05:42:04,skill_context,1,Logistics,Downstream,Path_L
H00686,U0138,C135,I017,F001,O004,S023|S087|S096|S118|S153|S190,2023-02-08T05:55:37,collaboration_context,0,,,
H04031,U0807,C265,I014,F005,O024,S029|S066|S116|S157|S206,2023-02-08T06:36:16,collaboration_context,0,,,
H01531,U0307,C169,I011,F003,O013,S068|S085|S093|S101|S134|S156|S217|S223,2023-02-08T07:18:27,collaboration_context,1,Manufacturing,Upstream,Path_A
H02171,U0435,C161,I009,F007,O034,S005|S010|S037|S121|S137|S180|S216|S239,2023-02-08T08:10:51,skill_context,1,Retail,Downstream,Path_G
H03486,U0698,C099,I020,F015,O076,S029|S035|S060|S190|S213,2023-02-08T09:25:32,skill_context,0,,,
H06326,U1266,C254,I022,F015,O079,S041|S093|S098|S108|S167|S196|S207|S214,2023-02-08T09:50:19,collaboration_context,1,Procurement,Midstream,Path_F
H07001,U1401,C015,I001,F014,O075,S086|S127|S151|S171|S201|S214,2023-02-08T12:32:25,collaboration_context,1,Supplier Management,Downstream,Path_H
H00996,U0200,C016,I006,F013,O067,S075|S107|S125|S137|S147|S179|S212,2023-02-08T12:38:57,skill_context,0,,,
H00701,U0141,C183,I006,F005,O023,S032|S043|S064|S086|S154|S171,2023-02-08T13:15:39,supply_context,0,,,
H03801,U0761,C305,I018,F010,O049,S006|S024|S071|S181|S208,2023-02-08T13:33:37,collaboration_context,1,Manufacturing,Upstream,Path_C
H04256,U0852,C042,I020,F009,O047,S017|S069|S133|S168|S221,2023-02-08T13:52:20,supply_context,0,,,
H01501,U0301,C022,I010,F012,O062,S121|S135|S158|S187|S225|S232|S235,2023-02-08T14:21:28,skill_context,1,Procurement,Upstream,Path_E
H05936,U1188,C287,I016,F016,O084,S008|S035|S118|S135|S173|S177|S182|S200,2023-02-08T14:31:29,skill_context,0,,,
H03831,U0767,C154,I022,F007,O038,S052|S056|S083|S114|S135|S207,2023-02-08T15:01:39,collaboration_context,0,,,
H03311,U0663,C318,I017,F017,O088,S028|S030|S041|S053|S147|S196|S208,2023-02-08T16:48:00,collaboration_context,0,,,
H04776,U0956,C126,I016,F017,O090,S091|S101|S113|S126|S134|S198|S223,2023-02-08T17:10:48,work_context,0,,,
H03221,U0645,C259,I009,F012,O061,S014|S020|S071|S083|S119,2023-02-08T19:15:10,work_context,1,SCM,Upstream,Path_I
H02661,U0533,C095,I012,F015,O079,S030|S050|S061|S078|S202,2023-02-08T21:59:33,skill_context,0,,,
H04741,U0949,C277,I010,F011,O058,S128|S162|S175|S192|S218|S233,2023-02-08T22:26:18,supply_context,1,Retail,Midstream,Path_B
H05646,U1130,C028,I018,F012,O062,S008|S050|S083|S098|S240,2023-02-08T22:51:21,supply_context,1,Logistics,Downstream,Path_E
H04761,U0953,C268,I002,F012,O062,S002|S030|S040|S064|S093|S154,2023-02-08T23:00:58,supply_context,1,Supplier Management,Downstream,Path_B
H03686,U0738,C180,I005,F008,O039,S030|S067|S098|S181|S239,2023-02-08T23:12:42,collaboration_context,0,,,
H04671,U0935,C081,I007,F004,O017,S033|S084|S099|S111|S162|S168|S199|S225,2023-02-09T00:15:11,collaboration_context,0,,,
H05356,U1072,C214,I022,F001,O003,S047|S063|S125|S187|S195|S200,2023-02-09T01:22:04,collaboration_context,1,Logistics,Midstream,Path_F
H00146,U0030,C222,I003,F014,O071,S099|S107|S123|S169|S170|S222,2023-02-09T02:02:10,collaboration_context,0,,,
H06696,U1340,C207,I008,F013,O066,S037|S078|S084|S095|S146|S166|S199|S236,2023-02-09T02:10:19,skill_context,0,,,
H00191,U0039,C168,I023,F008,O040,S003|S120|S121|S171|S182|S207|S223|S233,2023-02-09T02:18:49,supply_context,0,,,
H05456,U1092,C023,I015,F006,O032,S026|S043|S067|S168|S194|S230,2023-02-09T03:26:10,collaboration_context,0,,,
H05201,U1041,C297,I023,F003,O014,S052|S053|S119|S124|S150|S232,2023-02-09T03:26:34,supply_context,1,Retail,Midstream,Path_A
H04616,U0924,C079,I021,F014,O074,S037|S039|S069|S119|S147,2023-02-09T04:43:54,collaboration_context,1,SCM,Midstream,Path_H
H01361,U0273,C024,I001,F017,O091,S069|S091|S118|S124|S147|S157|S220|S238,2023-02-09T06:11:43,work_context,1,Manufacturing,Midstream,Path_G
H00056,U0012,C251,I004,F013,O068,S031|S073|S148|S191|S220|S222,2023-02-09T06:19:56,collaboration_context,1,Procurement,Downstream,Path_L
H00876,U0176,C151,I020,F002,O009,S059|S063|S105|S110|S147|S187,2023-02-09T07:35:02,work_context,1,Supplier Management,Upstream,Path_C
H01761,U0353,C153,I023,F007,O034,S009|S013|S032|S034|S094|S123,2023-02-09T07:51:06,work_context,1,Logistics,Upstream,Path_F
H02246,U0450,C179,I015,F016,O082,S011|S022|S139|S165|S177|S238,2023-02-09T08:12:20,work_context,1,Distribution,Upstream,Path_C
H06341,U1269,C208,I009,F006,O028,S035|S104|S112|S135|S177|S192,2023-02-09T09:31:17,work_context,0,,,
H00006,U0002,C137,I013,F001,O006,S025|S062|S084|S099|S180|S198,2023-02-09T09:54:54,supply_context,0,,,
H06776,U1356,C045,I009,F005,O024,S093|S122|S134|S175|S204,2023-02-09T10:50:37,skill_context,1,Distribution,Downstream,Path_L
H06081,U1217,C044,I017,F018,O093,S018|S040|S044|S048|S063|S113|S149|S232,2023-02-09T11:05:01,skill_context,0,,,
H00676,U0136,C145,I012,F010,O053,S009|S032|S047|S073|S095|S131|S207,2023-02-09T12:21:58,supply_context,0,,,
H01396,U0280,C227,I019,F006,O028,S046|S121|S132|S184|S234,2023-02-09T12:54:20,supply_context,0,,,
H01931,U0387,C223,I012,F005,O026,S004|S034|S067|S145|S198|S206,2023-02-09T14:04:13,skill_context,1,Retail,Midstream,Path_I
H05991,U1199,C054,I004,F012,O062,S015|S017|S059|S060|S176,2023-02-09T14:40:54,collaboration_context,1,Manufacturing,Midstream,Path_B
H05871,U1175,C305,I018,F007,O038,S017|S038|S041|S120|S171|S174,2023-02-09T16:45:40,supply_context,1,SCM,Downstream,Path_K
H06756,U1352,C050,I013,F015,O078,S042|S062|S128|S160|S192|S214|S223,2023-02-09T17:39:03,skill_context,0,,,
H00526,U0106,C092,I001,F012,O060,S083|S131|S139|S147|S171|S174,2023-02-09T20:03:19,collaboration_context,0,,,
H01356,U0272,C050,I013,F011,O056,S015|S054|S138|S148|S154|S191|S208,2023-02-09T20:06:43,supply_context,0,,,
H05721,U1145,C203,I002,F009,O047,S123|S128|S141|S209|S217|S229,2023-02-09T20:55:07,supply_context,1,SCM,Upstream,Path_J
H04906,U0982,C104,I024,F015,O078,S026|S040|S075|S119|S145|S184,2023-02-09T22:54:41,skill_context,1,Distribution,Midstream,Path_L
H03671,U0735,C051,I019,F003,O016,S011|S033|S068|S117|S147,2023-02-09T23:07:21,skill_context,1,Logistics,Upstream,Path_A
H02886,U0578,C066,I021,F016,O085,S032|S038|S042|S060|S080|S095|S140|S217,2023-02-09T23:12:07,skill_context,1,SCM,Upstream,Path_K
H05496,U1100,C275,I008,F003,O015,S030|S069|S083|S095|S116|S177|S199|S208,2023-02-09T23:44:19,collaboration_context,1,Supplier Management,Downstream,Path_G
H00296,U0060,C245,I003,F012,O064,S064|S083|S087|S111|S125,2023-02-10T00:10:45,supply_context,1,Distribution,Midstream,Path_D
H05581,U1117,C075,I011,F009,O048,S063|S066|S106|S150|S163|S214,2023-02-10T01:39:52,skill_context,0,,,
H05811,U1163,C029,I003,F003,O015,S040|S045|S054|S064|S128,2023-02-10T02:20:50,collaboration_context,0,,,
H06271,U1255,C262,I003,F009,O044,S012|S031|S046|S062|S099|S143|S164|S180,2023-02-10T03:30:57,skill_context,0,,,
H02731,U0547,C237,I016,F016,O081,S021|S049|S078|S115|S192,2023-02-10T03:59:51,collaboration_context,0,,,
H02161,U0433,C130,I014,F018,O096,S061|S098|S146|S167|S178,2023-02-10T04:47:33,supply_context,0,,,
H00656,U0132,C294,I015,F017,O088,S015|S052|S074|S094|S103|S132|S170|S238,2023-02-10T05:17:34,work_context,0,,,
H03406,U0682,C242,I022,F008,O042,S007|S065|S095|S140|S142|S211,2023-02-10T05:47:30,supply_context,1,SCM,Upstream,Path_K
H06631,U1327,C178,I022,F005,O026,S071|S148|S193|S202|S232,2023-02-10T07:14:01,skill_context,1,Manufacturing,Midstream,Path_H
H03541,U0709,C112,I008,F010,O050,S068|S077|S079|S155|S175|S202|S229|S237,2023-02-10T08:07:24,collaboration_context,0,,,
H01046,U0210,C093,I002,F015,O079,S051|S093|S105|S134|S199|S219,2023-02-10T08:35:01,skill_context,0,,,
H00026,U0006,C176,I007,F009,O048,S017|S077|S083|S088|S131|S231,2023-02-10T09:28:11,supply_context,1,Manufacturing,Midstream,Path_F
H04601,U0921,C081,I007,F012,O064,S079|S150|S156|S158|S170|S197|S222,2023-02-10T09:48:59,supply_context,0,,,
H04156,U0832,C059,I014,F002,O009,S055|S151|S155|S172|S240,2023-02-10T10:00:54,collaboration_context,1,Retail,Midstream,Path_G
H04231,U0847,C117,I021,F005,O027,S013|S082|S155|S156|S233,2023-02-10T10:10:48,collaboration_context,0,,,
H05386,U1078,C303,I008,F014,O074,S012|S050|S070|S088|S113|S132|S200|S216,2023-02-10T10:53:27,skill_context,0,,,
H00231,U0047,C249,I018,F013,O070,S043|S084|S107|S126|S147|S185|S194,2023-02-10T12:51:13,skill_context,1,Manufacturing,Upstream,Path_B
H02506,U0502,C099,I020,F014,O073,S023|S025|S034|S059|S071|S080|S113|S201,2023-02-10T12:52:52,skill_context,0,,,
H05231,U1047,C122,I015,F018,O095,S010|S025|S037|S047|S136|S224,2023-02-10T13:38:27,work_context,1,Retail,Midstream,Path_C
H00281,U0057,C228,I008,F015,O078,S001|S019|S044|S092|S093|S144|S195|S233,2023-02-10T13:38:33,work_context,1,Supplier Management,Midstream,Path_H
H03656,U0732,C227,I019,F018,O092,S020|S062|S102|S143|S223,2023-02-10T13:51:46,supply_context,0,,,
H05131,U1027,C046,I001,F006,O032,S020|S129|S199|S213|S225|S228,2023-02-10T13:52:40,collaboration_context,1,Retail,Midstream,Path_L
H00856,U0172,C170,I013,F002,O010,S037|S043|S046|S063|S066|S088,2023-02-10T14:39:21,skill_context,1,Logistics,Upstream,Path_K
H00591,U0119,C106,I021,F012,O062,S010|S119|S129|S189|S223|S240,2023-02-10T15:21:26,skill_context,1,Manufacturing,Midstream,Path_D
H06356,U1272,C313,I015,F016,O086,S138|S156|S189|S202|S231,2023-02-10T16:13:23,work_context,0,,,
H06201,U1241,C141,I019,F001,O004,S102|S123|S161|S189|S215,2023-02-10T16:24:35,work_context,1,Logistics,Downstream,Path_H
H04466,U0894,C042,I020,F018,O095,S018|S090|S173|S181|S194|S219,2023-02-10T16:41:39,collaboration_context,1,Manufacturing,Midstream,Path_A
H05111,U1023,C193,I002,F015,O078,S024|S037|S041|S202|S207|S231,2023-02-10T18:20:58,collaboration_context,0,,,
H00781,U0157,C006,I023,F015,O079,S010|S015|S049|S129|S146|S162|S196|S212,2023-02-10T21:30:18,work_context,1,Distribution,Midstream,Path_H
H02841,U0569,C223,I012,F001,O005,S097|S104|S144|S170|S171,2023-02-10T21:57:31,supply_context,0,,,
H04096,U0820,C189,I013,F003,O012,S060|S087|S091|S127|S146,2023-02-10T22:15:05,collaboration_context,0,,,
H05051,U1011,C241,I013,F003,O016,S024|S071|S085|S096|S141|S221|S225|S236,2023-02-10T22:23:43,collaboration_context,0,,,
H01451,U0291,C036,I011,F016,O085,S002|S018|S096|S126|S141|S217|S232,2023-02-10T22:46:43,work_context,1,Procurement,Upstream,Path_G
H01991,U0399,C084,I014,F008,O041,S039|S067|S073|S172|S214,2023-02-10T23:00:55,supply_context,1,Manufacturing,Midstream,Path_F
H03051,U0611,C095,I012,F011,O055,S033|S057|S075|S191|S219,2023-02-10T23:34:08,work_context,1,SCM,Upstream,Path_E
H00136,U0028,C218,I021,F001,O003,S052|S072|S175|S177|S211,2023-02-10T23:50:12,supply_context,1,Supplier Management,Downstream,Path_D
H05306,U1062,C304,I020,F014,O075,S071|S090|S099|S203|S215,2023-02-10T23:50:22,collaboration_context,0,,,
H03306,U0662,C101,I007,F014,O074,S052|S060|S096|S133|S164|S225|S237,2023-02-11T00:44:09,collaboration_context,1,Supplier Management,Downstream,Path_C
H02946,U0590,C221,I019,F001,O002,S038|S041|S046|S093|S100|S107|S193,2023-02-11T00:57:07,work_context,1,Distribution,Midstream,Path_C
H00971,U0195,C093,I002,F016,O086,S070|S099|S176|S196|S197|S222,2023-02-11T01:06:46,work_context,1,Manufacturing,Downstream,Path_L
H00171,U0035,C160,I005,F007,O036,S057|S107|S218|S220|S233|S235,2023-02-11T03:45:27,supply_context,1,Distribution,Upstream,Path_L
H01816,U0364,C188,I009,F016,O082,S087|S119|S125|S163|S181,2023-02-11T04:27:44,supply_context,0,,,
H01426,U0286,C309,I020,F015,O080,S101|S136|S143|S159|S178,2023-02-11T05:54:21,collaboration_context,0,,,
H05941,U1189,C109,I014,F013,O068,S007|S045|S093|S135|S186|S196|S208|S235,2023-02-11T07:15:08,work_context,1,Logistics,Midstream,Path_L
H03241,U0649,C153,I023,F003,O014,S024|S087|S133|S145|S152|S211|S216,2023-02-11T07:20:56,supply_context,0,,,
H03376,U0676,C099,I020,F006,O030,S042|S045|S074|S142|S169|S204|S218|S240,2023-02-11T08:31:42,collaboration_context,0,,,
H00046,U0010,C026,I012,F007,O034,S020|S059|S099|S191|S232,2023-02-11T09:06:13,supply_context,0,,,
H01276,U0256,C024,I001,F018,O096,S083|S118|S126|S169|S211,2023-02-11T13:37:20,work_context,0,,,
H04476,U0896,C127,I004,F012,O062,S063|S071|S160|S161|S221|S233,2023-02-11T14:32:01,work_context,0,,,
H05491,U1099,C101,I007,F002,O008,S041|S080|S081|S137|S152|S181|S183,2023-02-11T18:09:06,work_context,1,SCM,Upstream,Path_J
H04686,U0938,C125,I007,F011,O055,S018|S051|S089|S125|S225,2023-02-11T19:28:27,collaboration_context,0,,,
H00576,U0116,C179,I015,F009,O045,S031|S056|S087|S136|S143|S173|S195,2023-02-11T19:30:48,work_context,0,,,
H03176,U0636,C130,I014,F012,O062,S088|S092|S096|S106|S109|S127|S181|S236,2023-02-11T20:16:58,skill_context,0,,,
H02466,U0494,C074,I016,F017,O089,S054|S055|S067|S088|S132,2023-02-11T21:57:19,collaboration_context,0,,,
H06501,U1301,C106,I021,F016,O082,S004|S031|S097|S125|S126|S135|S147|S157,2023-02-11T22:18:48,collaboration_context,0,,,
H06661,U1333,C049,I006,F012,O063,S041|S091|S203|S210|S221|S226,2023-02-11T23:29:38,work_context,1,Supplier Management,Upstream,Path_F
H01381,U0277,C221,I019,F002,O009,S004|S024|S034|S050|S109|S146|S187|S233,2023-02-11T23:48:25,supply_context,1,Distribution,Midstream,Path_J
H05901,U1181,C141,I019,F016,O085,S027|S048|S055|S071|S079|S084|S145|S147,2023-02-12T00:47:29,skill_context,0,,,
H01076,U0216,C092,I001,F004,O019,S021|S024|S112|S128|S158|S176,2023-02-12T00:55:51,skill_context,1,Retail,Midstream,Path_J
H05816,U1164,C245,I003,F015,O080,S012|S037|S048|S111|S158,2023-02-12T01:11:40,skill_context,1,SCM,Downstream,Path_J
H02751,U0551,C192,I010,F001,O002,S013|S015|S097|S106|S120|S160|S206|S221,2023-02-12T01:12:58,supply_context,1,Manufacturing,Upstream,Path_I
H03331,U0667,C228,I008,F006,O029,S053|S069|S124|S146|S147|S158|S211|S224,2023-02-12T01:55:55,collaboration_context,0,,,
H00311,U0063,C005,I018,F002,O007,S014|S078|S112|S140|S170|S194|S209|S210,2023-02-12T02:25:12,skill_context,0,,,
H01626,U0326,C158,I014,F007,O035,S011|S051|S056|S062|S066|S100|S182,2023-02-12T02:47:10,collaboration_context,1,Procurement,Downstream,Path_F
H06216,U1244,C095,I012,F010,O053,S059|S064|S067|S073|S081|S187|S191|S197,2023-02-12T03:14:34,skill_context,0,,,
H06556,U1312,C111,I011,F008,O039,S038|S081|S093|S136|S201|S239,2023-02-12T04:00:46,supply_context,1,Retail,Midstream,Path_B
H03521,U0705,C001,I003,F010,O053,S026|S047|S124|S146|S192,2023-02-12T06:14:24,collaboration_context,0,,,
H00156,U0032,C058,I020,F014,O074,S113|S120|S130|S180|S228,2023-02-12T06:46:21,collaboration_context,0,,,
H01826,U0366,C244,I022,F011,O057,S057|S058|S070|S079|S123|S205|S224,2023-02-12T07:54:22,collaboration_context,0,,,
H06676,U1336,C197,I007,F006,O028,S020|S031|S057|S058|S059|S066|S117|S148,2023-02-12T07:58:27,work_context,1,Manufacturing,Downstream,Path_J
H05916,U1184,C085,I023,F002,O010,S047|S085|S091|S142|S171,2023-02-12T08:36:19,work_context,0,,,
H03036,U0608,C228,I008,F015,O077,S032|S044|S173|S175|S186|S193|S208|S235,2023-02-12T08:59:49,work_context,1,Retail,Downstream,Path_I
H05181,U1037,C024,I001,F008,O040,S093|S094|S097|S128|S139|S182|S222,2023-02-12T09:32:49,skill_context,0,,,
H01081,U0217,C140,I022,F017,O088,S081|S084|S112|S124|S171|S194|S199|S201,2023-02-12T12:24:45,collaboration_context,1,Logistics,Downstream,Path_K
H01926,U0386,C078,I009,F018,O095,S056|S064|S065|S088|S104|S120|S165|S201,2023-02-12T12:59:11,supply_context,1,Retail,Downstream,Path_E
H01121,U0225,C077,I019,F002,O011,S002|S039|S043|S070|S128|S178|S202|S088,2023-02-12T14:31:14,supply_context,1,Supplier Management,Upstream,Path_C
H01386,U0278,C100,I005,F001,O003,S020|S071|S087|S104|S191|S199,2023-02-12T15:49:29,work_context,0,,,
H02696,U0540,C059,I014,F006,O029,S061|S120|S156|S161|S189|S205|S217|S240,2023-02-12T16:33:43,work_context,0,,,
H02676,U0536,C181,I012,F013,O066,S042|S078|S144|S205|S213,2023-02-12T16:35:58,supply_context,0,,,
H03621,U0725,C285,I024,F013,O065,S005|S134|S144|S160|S179|S207|S215|S233,2023-02-12T18:37:33,skill_context,1,Logistics,Midstream,Path_A
H01051,U0211,C130,I014,F008,O042,S027|S064|S119|S194|S214,2023-02-12T19:32:03,work_context,1,Manufacturing,Upstream,Path_J
H03496,U0700,C058,I020,F006,O032,S023|S028|S036|S067|S106|S118|S141|S219,2023-02-12T22:12:46,skill_context,0,,,
H00406,U0082,C042,I020,F004,O022,S007|S010|S100|S107|S164,2023-02-12T22:28:44,skill_context,0,,,
H05896,U1180,C288,I014,F002,O009,S011|S037|S043|S047|S066|S086|S195|S235,2023-02-12T23:22:33,work_context,0,,,
H03066,U0614,C014,I007,F013,O066,S035|S058|S155|S161|S175|S199|S200,2023-02-13T00:00:58,supply_context,1,Distribution,Downstream,Path_C
H03746,U0750,C083,I024,F004,O020,S072|S073|S128|S136|S137|S171|S173,2023-02-13T00:21:06,supply_context,0,,,
H02291,U0459,C120,I017,F017,O090,S019|S126|S162|S184|S185,2023-02-13T00:45:49,work_context,0,,,
H02776,U0556,C149,I009,F017,O091,S040|S087|S128|S158|S183|S190|S201,2023-02-13T00:51:50,collaboration_context,0,,,
H01456,U0292,C089,I007,F011,O055,S001|S030|S050|S054|S063|S109|S128|S141,2023-02-13T01:18:41,skill_context,0,,,
H02001,U0401,C083,I024,F014,O073,S057|S059|S061|S099|S147|S179|S219|S226,2023-02-13T01:46:23,collaboration_context,1,Manufacturing,Upstream,Path_J
H04351,U0871,C293,I001,F006,O030,S004|S051|S124|S174|S194,2023-02-13T02:10:09,work_context,1,Supplier Management,Downstream,Path_C
H05851,U1171,C244,I022,F013,O069,S004|S054|S074|S096|S117|S213|S226,2023-02-13T02:36:27,collaboration_context,0,,,
H00556,U0112,C268,I002,F016,O085,S024|S033|S118|S130|S157|S170|S187|S238,2023-02-13T02:47:03,skill_context,0,,,
H05451,U1091,C222,I003,F001,O006,S004|S024|S053|S087|S167|S203|S217,2023-02-13T03:24:17,work_context,1,Distribution,Midstream,Path_H
H03951,U0791,C001,I003,F013,O065,S012|S112|S123|S177|S198|S222|S233,2023-02-13T04:50:08,skill_context,0,,,
H01111,U0223,C060,I011,F014,O073,S039|S167|S190|S192|S217,2023-02-13T04:58:12,supply_context,1,Manufacturing,Upstream,Path_L
H01966,U0394,C088,I009,F011,O056,S017|S052|S078|S082|S154,2023-02-13T05:37:01,collaboration_context,1,Manufacturing,Midstream,Path_H
H01736,U0348,C088,I009,F006,O031,S023|S033|S049|S060|S144|S196|S214|S230,2023-02-13T05:44:24,collaboration_context,0,,,
H06646,U1330,C146,I017,F003,O016,S068|S092|S109|S115|S132|S146|S147|S238,2023-02-13T05:58:27,supply_context,0,,,
H01211,U0243,C194,I010,F015,O077,S014|S036|S102|S130|S168|S185|S203,2023-02-13T06:35:00,supply_context,1,Procurement,Upstream,Path_F
H01511,U0303,C273,I005,F016,O085,S069|S085|S129|S145|S147|S160|S201,2023-02-13T07:55:44,collaboration_context,0,,,
H02266,U0454,C288,I014,F016,O081,S025|S056|S070|S071|S100|S113|S125|S186,2023-02-13T07:56:19,collaboration_context,1,Procurement,Upstream,Path_A
H06211,U1243,C302,I007,F004,O021,S013|S110|S143|S173|S192|S196|S237,2023-02-13T10:37:28,supply_context,0,,,
H04666,U0934,C103,I011,F011,O056,S004|S025|S057|S065|S176|S206,2023-02-13T11:16:12,supply_context,0,,,
H05326,U1066,C130,I014,F014,O072,S001|S049|S097|S101|S175|S179|S196|S228,2023-02-13T13:32:04,supply_context,0,,,
H01021,U0205,C291,I024,F004,O019,S073|S080|S120|S130|S142|S145|S177|S202,2023-02-13T14:29:56,work_context,0,,,
H04066,U0814,C213,I020,F003,O013,S060|S085|S128|S135|S162|S218,2023-02-13T15:20:02,collaboration_context,1,SCM,Upstream,Path_L
H05226,U1046,C182,I011,F009,O045,S055|S095|S104|S109|S159,2023-02-13T16:25:45,collaboration_context,0,,,
H01686,U0338,C073,I001,F008,O043,S009|S014|S067|S144|S202|S210|S239,2023-02-13T16:35:45,collaboration_context,1,Supplier Management,Midstream,Path_K
H04121,U0825,C109,I014,F003,O013,S054|S064|S112|S122|S150|S192|S206|S231,2023-02-13T16:41:35,work_context,1,Distribution,Downstream,Path_C
H04866,U0974,C085,I023,F018,O095,S003|S004|S143|S206|S237,2023-02-13T16:48:34,collaboration_context,1,Supplier Management,Midstream,Path_E
H03171,U0635,C160,I005,F008,O041,S084|S121|S133|S167|S214|S217|S233,2023-02-13T17:32:25,collaboration_context,1,Manufacturing,Midstream,Path_A
H02996,U0600,C131,I018,F014,O074,S084|S090|S121|S158|S194,2023-02-13T18:05:00,collaboration_context,0,,,
H06206,U1242,C091,I015,F001,O001,S033|S059|S089|S123|S150|S228,2023-02-13T19:59:37,collaboration_context,1,Retail,Midstream,Path_A
H04556,U0912,C248,I020,F016,O083,S008|S052|S085|S218|S238,2023-02-13T20:19:20,supply_context,1,SCM,Midstream,Path_H
H03041,U0609,C165,I017,F011,O058,S088|S157|S161|S180|S224,2023-02-13T20:49:02,work_context,0,,,
H05291,U1059,C187,I002,F013,O068,S017|S068|S113|S138|S202,2023-02-13T21:50:24,collaboration_context,1,Retail,Upstream,Path_K
H04751,U0951,C158,I014,F012,O061,S007|S015|S029|S162|S181|S193|S218,2023-02-13T22:03:52,work_context,0,,,
H06976,U1396,C264,I021,F017,O089,S002|S042|S051|S079|S117|S118|S209|S211,2023-02-13T22:44:36,skill_context,0,,,
H01391,U0279,C062,I010,F001,O003,S013|S014|S091|S094|S121|S125|S132|S197,2023-02-14T00:02:04,work_context,1,SCM,Midstream,Path_K
H04821,U0965,C219,I024,F010,O050,S004|S077|S087|S088|S138,2023-02-14T00:54:22,work_context,0,,,
H02286,U0458,C296,I011,F014,O073,S093|S112|S131|S200|S231,2023-02-14T04:21:25,work_context,0,,,
H04731,U0947,C270,I003,F008,O040,S002|S006|S054|S055|S177|S236,2023-02-14T04:46:42,supply_context,1,SCM,Downstream,Path_C
H04326,U0866,C318,I017,F002,O007,S032|S071|S072|S078|S095,2023-02-14T04:48:54,work_context,1,Distribution,Midstream,Path_B
H06701,U1341,C063,I003,F015,O078,S083|S124|S137|S167|S223,2023-02-14T06:12:36,collaboration_context,1,Retail,Midstream,Path_L
H06691,U1339,C181,I012,F012,O064,S009|S013|S036|S124|S172|S184|S210|S229,2023-02-14T07:01:44,supply_context,0,,,
H06096,U1220,C068,I006,F016,O083,S062|S154|S160|S167|S195|S209|S224,2023-02-14T07:11:31,skill_context,0,,,
H02116,U0424,C307,I023,F018,O093,S120|S129|S133|S221|S229,2023-02-14T08:24:37,collaboration_context,0,,,
H05241,U1049,C236,I023,F005,O027,S007|S008|S012|S090|S113|S191|S214,2023-02-14T08:43:35,skill_context,1,Manufacturing,Downstream,Path_L
H01541,U0309,C006,I023,F009,O045,S015|S019|S035|S070|S129|S155|S230|S240,2023-02-14T09:04:38,skill_context,0,,,
H03946,U0790,C235,I009,F004,O022,S014|S040|S070|S075|S196|S208,2023-02-14T09:30:10,skill_context,1,Distribution,Midstream,Path_F
H06246,U1250,C178,I022,F005,O027,S028|S082|S094|S097|S134|S213,2023-02-14T10:41:59,work_context,1,Manufacturing,Midstream,Path_B
H04696,U0940,C169,I011,F001,O006,S031|S058|S126|S191|S197|S203,2023-02-14T11:20:05,skill_context,0,,,
H01956,U0392,C174,I005,F010,O050,S019|S080|S085|S096|S111|S124|S219,2023-02-14T12:24:39,supply_context,1,Procurement,Upstream,Path_J
H03571,U0715,C254,I022,F007,O037,S019|S037|S071|S161|S173|S225,2023-02-14T13:30:03,supply_context,0,,,
H05086,U1018,C112,I008,F003,O016,S030|S149|S160|S202|S228,2023-02-14T14:40:20,supply_context,1,Procurement,Upstream,Path_H
H02211,U0443,C095,I012,F007,O036,S078|S102|S151|S168|S231|S240,2023-02-14T15:22:37,skill_context,1,SCM,Upstream,Path_I
H00816,U0164,C171,I018,F008,O042,S036|S040|S041|S087|S141|S159|S204,2023-02-14T17:18:42,skill_context,1,Manufacturing,Downstream,Path_D
H01881,U0377,C076,I024,F013,O067,S005|S091|S126|S141|S179,2023-02-14T17:20:36,collaboration_context,1,Procurement,Midstream,Path_B
H00581,U0117,C176,I007,F010,O054,S042|S104|S146|S179|S203|S210|S216|S218,2023-02-14T19:04:44,collaboration_context,0,,,
H01506,U0302,C166,I018,F001,O002,S023|S047|S053|S071|S090|S154|S182|S185,2023-02-14T21:16:08,supply_context,0,,,
H04361,U0873,C042,I020,F005,O023,S016|S024|S068|S128|S160|S167|S181,2023-02-14T21:31:42,work_context,1,Manufacturing,Midstream,Path_B
H04701,U0941,C218,I021,F013,O067,S062|S096|S108|S110|S194,2023-02-14T22:04:55,collaboration_context,1,Supplier Management,Upstream,Path_A
H06511,U1303,C107,I006,F009,O047,S079|S168|S180|S184|S211|S220|S225,2023-02-14T22:22:35,skill_context,1,Supplier Management,Midstream,Path_I
H01176,U0236,C059,I014,F006,O031,S063|S065|S124|S130|S134|S143|S149,2023-02-15T01:04:34,supply_context,0,,,
H00886,U0178,C094,I006,F001,O004,S007|S026|S047|S059|S088|S126|S216|S240,2023-02-15T01:24:01,work_context,0,,,
H00486,U0098,C159,I002,F004,O021,S030|S056|S102|S162|S173|S217|S223,2023-02-15T01:39:00,work_context,0,,,
H05466,U1094,C046,I001,F009,O044,S072|S085|S096|S104|S178|S182|S202|S222,2023-02-15T02:22:34,work_context,1,Manufacturing,Midstream,Path_A
H02941,U0589,C160,I005,F007,O033,S009|S021|S142|S192|S196|S201,2023-02-15T04:27:24,supply_context,0,,,
H00411,U0083,C250,I012,F005,O024,S049|S107|S111|S131|S204,2023-02-15T05:59:32,skill_context,1,Distribution,Downstream,Path_B
H04026,U0806,C039,I023,F018,O095,S015|S121|S195|S200|S235,2023-02-15T06:24:19,skill_context,0,,,
H02531,U0507,C079,I021,F012,O060,S095|S197|S216|S222|S230,2023-02-15T06:32:43,skill_context,0,,,
H06636,U1328,C222,I003,F018,O096,S073|S078|S122|S195|S214,2023-02-15T06:49:02,skill_context,1,Supplier Management,Upstream,Path_J
H05841,U1169,C213,I020,F002,O007,S057|S063|S105|S127|S128|S145,2023-02-15T07:05:05,supply_context,0,,,
H05321,U1065,C294,I015,F015,O077,S001|S007|S073|S165|S167|S181|S190,2023-02-15T09:12:59,work_context,0,,,
H04966,U0994,C024,I001,F002,O011,S099|S120|S127|S179|S193|S225,2023-02-15T10:15:54,work_context,0,,,
H05211,U1043,C081,I007,F006,O031,S022|S059|S089|S108|S210|S222,2023-02-15T10:16:40,skill_context,0,,,
H00821,U0165,C298,I012,F016,O084,S027|S043|S066|S070|S077|S144|S183|S184,2023-02-15T10:23:28,supply_context,0,,,
H02476,U0496,C070,I017,F013,O068,S023|S146|S158|S209|S212|S217|S240,2023-02-15T11:05:19,supply_context,1,Retail,Downstream,Path_F
H01896,U0380,C211,I004,F005,O024,S042|S056|S080|S134|S188|S191|S203|S209,2023-02-15T11:06:12,collaboration_context,1,Procurement,Upstream,Path_H
H05966,U1194,C002,I013,F001,O002,S011|S036|S097|S140|S155|S191,2023-02-15T11:49:32,supply_context,0,,,
H04151,U0831,C016,I006,F002,O009,S015|S017|S034|S035|S075|S124|S211,2023-02-15T13:16:40,work_context,0,,,
H04931,U0987,C098,I012,F012,O060,S041|S084|S111|S126|S151|S156|S222|S235,2023-02-15T14:03:53,collaboration_context,0,,,
H04936,U0988,C312,I022,F018,O093,S006|S022|S063|S081|S108|S140|S189|S212,2023-02-15T14:43:20,supply_context,0,,,
H01401,U0281,C221,I019,F014,O071,S046|S095|S119|S172|S186,2023-02-15T15:45:43,collaboration_context,1,Manufacturing,Upstream,Path_B
H03986,U0798,C227,I019,F013,O070,S036|S132|S140|S166|S173,2023-02-15T16:11:21,work_context,0,,,
H00646,U0130,C310,I016,F017,O088,S084|S117|S119|S149|S169|S187,2023-02-15T18:07:20,collaboration_context,1,Manufacturing,Downstream,Path_I
H03616,U0724,C215,I020,F002,O011,S004|S039|S117|S139|S193,2023-02-15T18:43:02,skill_context,1,Logistics,Upstream,Path_G
H02811,U0563,C103,I011,F008,O040,S038|S055|S125|S167|S208|S221|S230,2023-02-15T19:05:02,collaboration_context,0,,,
H00326,U0066,C307,I023,F011,O059,S124|S132|S154|S155|S208|S216|S219|S236,2023-02-15T20:28:26,supply_context,1,Logistics,Upstream,Path_E
H05881,U1177,C245,I003,F011,O059,S049|S073|S108|S114|S140|S159|S184|S195,2023-02-15T21:35:20,supply_context,0,,,
H01116,U0224,C285,I024,F012,O062,S040|S122|S139|S148|S216,2023-02-16T01:45:51,collaboration_context,0,,,
H02336,U0468,C246,I024,F007,O034,S060|S114|S124|S196|S220|S225,2023-02-16T06:36:52,skill_context,1,Logistics,Midstream,Path_J
H02186,U0438,C177,I005,F001,O005,S002|S130|S138|S230|S239,2023-02-16T07:04:27,supply_context,1,SCM,Midstream,Path_C
H06671,U1335,C103,I011,F011,O057,S022|S064|S088|S185|S212,2023-02-16T10:14:27,supply_context,0,,,
H04371,U0875,C088,I009,F016,O083,S025|S030|S063|S103|S105|S113|S132|S159,2023-02-16T13:22:27,collaboration_context,0,,,
H06746,U1350,C220,I006,F018,O096,S006|S070|S089|S094|S100|S144|S149|S156,2023-02-16T13:28:18,work_context,0,,,
H05501,U1101,C279,I021,F003,O016,S006|S041|S072|S090|S105|S124|S203,2023-02-16T13:36:02,supply_context,0,,,
H05391,U1079,C286,I009,F010,O052,S003|S021|S070|S158|S208|S211,2023-02-16T13:37:11,collaboration_context,1,Distribution,Downstream,Path_F
H01421,U0285,C101,I007,F015,O079,S016|S038|S050|S054|S180|S230,2023-02-16T16:13:56,supply_context,1,SCM,Midstream,Path_F
H02306,U0462,C236,I023,F001,O003,S063|S101|S137|S148|S233,2023-02-16T16:22:07,collaboration_context,0,,,
H00436,U0088,C199,I021,F003,O012,S083|S088|S098|S114|S140|S161,2023-02-16T18:02:24,work_context,0,,,
H04011,U0803,C063,I003,F004,O020,S018|S054|S067|S089|S187,2023-02-16T18:03:26,work_context,0,,,
H02746,U0550,C026,I012,F004,O017,S021|S033|S092|S099|S136|S176,2023-02-16T18:31:05,collaboration_context,0,,,
H01691,U0339,C133,I021,F015,O076,S004|S060|S116|S125|S170,2023-02-16T18:36:22,collaboration_context,1,Procurement,Midstream,Path_C
H06031,U1207,C287,I016,F003,O013,S021|S035|S052|S139|S212|S225,2023-02-16T19:18:21,work_context,0,,,
H06791,U1359,C223,I012,F009,O047,S040|S112|S159|S176|S202|S229,2023-02-16T20:21:41,supply_context,0,,,
H03091,U0619,C115,I017,F018,O095,S014|S016|S027|S079|S206|S233,2023-02-16T22:40:27,work_context,1,Manufacturing,Upstream,Path_D
H00196,U0040,C166,I018,F010,O052,S042|S053|S088|S091|S230,2023-02-16T22:49:41,skill_context,1,Retail,Downstream,Path_L
H05631,U1127,C089,I007,F013,O067,S049|S053|S093|S124|S160|S229,2023-02-17T00:19:02,collaboration_context,0,,,
H04346,U0870,C020,I004,F006,O031,S040|S057|S062|S065|S159|S191,2023-02-17T02:21:40,supply_context,1,SCM,Downstream,Path_E
H00261,U0053,C093,I002,F011,O055,S023|S097|S105|S179|S189|S212|S226,2023-02-17T03:42:12,work_context,0,,,
H06536,U1308,C249,I018,F014,O072,S032|S041|S049|S170|S206,2023-02-17T05:03:22,work_context,0,,,
H00951,U0191,C284,I016,F016,O085,S016|S019|S048|S049|S173|S180|S229|S055,2023-02-17T06:18:07,work_context,0,,,
H05676,U1136,C278,I004,F018,O093,S016|S022|S031|S047|S053|S151|S214,2023-02-17T06:30:18,collaboration_context,0,,,
H03451,U0691,C178,I022,F015,O077,S025|S182|S202|S215|S220|S227,2023-02-17T09:15:26,work_context,0,,,
H04241,U0849,C212,I016,F009,O044,S025|S053|S123|S196|S221|S224|S225,2023-02-17T10:27:00,skill_context,0,,,
H05371,U1075,C128,I011,F010,O051,S026|S038|S061|S108|S109|S133|S177|S222,2023-02-17T10:31:32,collaboration_context,1,Procurement,Midstream,Path_G
H05661,U1133,C032,I011,F006,O031,S027|S066|S086|S113|S122|S161|S180|S212,2023-02-17T10:33:18,supply_context,0,,,
H01766,U0354,C307,I023,F012,O062,S038|S083|S093|S117|S172|S193|S205,2023-02-17T13:52:36,collaboration_context,0,,,
H04006,U0802,C021,I006,F011,O057,S011|S020|S034|S041|S044|S075|S086|S165,2023-02-17T14:06:45,supply_context,0,,,
H03726,U0746,C317,I002,F018,O096,S007|S044|S045|S109|S149|S200|S223,2023-02-17T14:21:57,collaboration_context,0,,,
H04461,U0893,C122,I015,F001,O005,S022|S076|S079|S081|S111|S166|S212,2023-02-17T15:22:41,collaboration_context,0,,,
H01671,U0335,C094,I006,F005,O026,S025|S036|S092|S099|S158|S164|S188|S216,2023-02-17T17:07:14,skill_context,1,SCM,Midstream,Path_F
H06456,U1292,C187,I002,F013,O066,S075|S089|S108|S147|S203|S225,2023-02-17T18:29:58,work_context,0,,,
H06586,U1318,C092,I001,F006,O031,S067|S072|S074|S080|S142|S161|S213|S225,2023-02-17T19:22:08,supply_context,0,,,
H00426,U0086,C047,I012,F010,O050,S026|S031|S036|S047|S167|S213,2023-02-17T21:16:44,skill_context,0,,,
H06616,U1324,C115,I017,F017,O087,S027|S030|S109|S137|S178|S199,2023-02-17T21:43:45,collaboration_context,0,,,
H05546,U1110,C077,I019,F001,O003,S091|S094|S145|S147|S151,2023-02-17T21:47:57,collaboration_context,0,,,
H05791,U1159,C307,I023,F017,O089,S003|S034|S063|S095|S109|S187|S198,2023-02-17T22:27:21,supply_context,0,,,
H02961,U0593,C020,I004,F006,O032,S007|S048|S058|S117|S136|S190,2023-02-17T23:11:58,skill_context,0,,,
H00861,U0173,C124,I001,F007,O034,S049|S074|S111|S178|S203,2023-02-18T01:55:46,skill_context,0,,,
H06101,U1221,C298,I012,F018,O092,S008|S056|S141|S150|S163|S178|S199|S202,2023-02-18T04:17:09,collaboration_context,1,Procurement,Midstream,Path_G
H06761,U1353,C310,I016,F001,O002,S028|S124|S162|S207|S231|S238|S232,2023-02-18T04:36:15,supply_context,1,Distribution,Midstream,Path_C
H04566,U0914,C007,I017,F008,O041,S004|S059|S063|S114|S119|S163|S192,2023-02-18T05:14:02,skill_context,0,,,
H05611,U1123,C071,I012,F011,O057,S002|S035|S063|S170|S175,2023-02-18T05:33:13,collaboration_context,0,,,
H04981,U0997,C281,I008,F009,O047,S027|S035|S098|S144|S219,2023-02-18T07:29:32,collaboration_context,1,Distribution,Midstream,Path_I
H03166,U0634,C127,I004,F009,O048,S033|S090|S144|S164|S197|S240,2023-02-18T07:53:06,skill_context,0,,,
H04061,U0813,C101,I007,F018,O096,S034|S049|S083|S087|S130|S143|S187,2023-02-18T07:53:14,collaboration_context,1,Logistics,Midstream,Path_K
H06741,U1349,C052,I013,F005,O024,S077|S085|S117|S145|S164|S200|S211|S224,2023-02-18T08:31:14,work_context,1,Distribution,Downstream,Path_I
H04901,U0981,C167,I002,F014,O071,S019|S076|S141|S158|S191,2023-02-18T11:26:59,supply_context,0,,,
H04406,U0882,C124,I001,F002,O007,S100|S101|S162|S217|S227,2023-02-18T12:55:08,skill_context,1,Manufacturing,Midstream,Path_A
H02006,U0402,C010,I001,F013,O067,S064|S094|S183|S187|S238,2023-02-18T13:25:47,collaboration_context,0,,,
H04386,U0878,C201,I014,F001,O003,S018|S051|S098|S125|S213,2023-02-18T15:04:17,work_context,0,,,
H01621,U0325,C037,I009,F001,O001,S059|S072|S075|S093|S140,2023-02-18T16:41:47,collaboration_context,0,,,
H00621,U0125,C206,I014,F016,O083,S078|S090|S186|S187|S210|S218,2023-02-18T17:21:47,skill_context,0,,,
H05351,U1071,C176,I007,F018,O094,S015|S022|S044|S055|S149|S152|S186,2023-02-18T18:02:32,work_context,0,,,
H00391,U0079,C174,I005,F014,O071,S009|S027|S127|S172|S201,2023-02-18T18:25:31,supply_context,0,,,
H04896,U0980,C161,I009,F013,O065,S020|S085|S109|S171|S174,2023-02-18T18:25:59,work_context,0,,,
H00416,U0084,C078,I009,F011,O059,S066|S075|S089|S090|S103|S147|S196,2023-02-18T18:40:10,collaboration_context,1,SCM,Downstream,Path_A
H00741,U0149,C163,I002,F013,O067,S040|S076|S095|S124|S154|S203,2023-02-18T20:13:13,collaboration_context,1,Logistics,Midstream,Path_H
H05756,U1152,C199,I021,F001,O006,S014|S078|S135|S161|S188|S198|S236,2023-02-18T20:25:40,skill_context,1,Supplier Management,Downstream,Path_A
H03071,U0615,C062,I010,F011,O059,S006|S042|S045|S125|S186|S214|S234,2023-02-18T21:59:05,collaboration_context,1,Manufacturing,Upstream,Path_B
H00681,U0137,C185,I021,F006,O029,S092|S103|S118|S129|S157|S184|S216,2023-02-18T23:23:14,work_context,1,Manufacturing,Upstream,Path_E
H01596,U0320,C186,I001,F007,O036,S072|S146|S159|S212|S225,2023-02-19T00:36:47,work_context,1,Retail,Downstream,Path_J
H00101,U0021,C174,I005,F005,O023,S001|S014|S047|S161|S163|S197,2023-02-19T00:43:57,skill_context,1,Procurement,Downstream,Path_J
H04596,U0920,C297,I023,F010,O054,S049|S081|S101|S114|S132|S170|S194|S236,2023-02-19T01:11:15,supply_context,0,,,
H02761,U0553,C119,I013,F012,O062,S006|S013|S052|S099|S169|S184|S216|S221,2023-02-19T03:56:11,collaboration_context,1,Procurement,Upstream,Path_K
H00216,U0044,C116,I013,F003,O015,S025|S078|S107|S123|S201,2023-02-19T04:36:21,work_context,0,,,
H00011,U0003,C048,I005,F016,O086,S014|S047|S051|S080|S111|S113|S140|S239,2023-02-19T05:09:34,skill_context,1,Supplier Management,Midstream,Path_K
H02181,U0437,C126,I016,F013,O065,S018|S097|S120|S162|S189,2023-02-19T05:43:29,supply_context,1,Distribution,Midstream,Path_J
H06131,U1227,C231,I015,F016,O081,S019|S035|S115|S153|S160|S161|S183|S214,2023-02-19T06:15:22,skill_context,1,Distribution,Upstream,Path_F
H05576,U1116,C127,I004,F006,O030,S018|S109|S129|S168|S169,2023-02-19T07:22:53,collaboration_context,0,,,
H04591,U0919,C013,I015,F018,O096,S011|S015|S033|S052|S070|S078|S182,2023-02-19T10:05:58,supply_context,1,Procurement,Downstream,Path_E
H00601,U0121,C056,I008,F009,O048,S011|S062|S114|S137|S239,2023-02-19T10:18:35,supply_context,0,,,
H03901,U0781,C318,I017,F007,O038,S004|S040|S106|S121|S156|S166|S181,2023-02-19T10:33:26,skill_context,0,,,
H01186,U0238,C170,I013,F007,O037,S011|S051|S103|S108|S126|S154|S196,2023-02-19T14:18:47,skill_context,0,,,
H00176,U0036,C263,I011,F004,O020,S006|S043|S132|S180|S234,2023-02-19T15:01:18,supply_context,1,Retail,Upstream,Path_F
H00306,U0062,C086,I010,F015,O077,S077|S120|S125|S128|S162|S217|S220|S233,2023-02-19T15:04:02,supply_context,0,,,
H03246,U0650,C268,I002,F009,O047,S038|S061|S079|S130|S218,2023-02-19T17:19:01,supply_context,0,,,
H04411,U0883,C221,I019,F003,O014,S060|S064|S125|S171|S191,2023-02-19T17:53:19,skill_context,1,Supplier Management,Downstream,Path_J
H02376,U0476,C046,I001,F002,O010,S001|S028|S095|S111|S144|S210,2023-02-19T20:32:59,collaboration_context,1,Procurement,Upstream,Path_J
H05141,U1029,C221,I019,F006,O030,S082|S093|S100|S110|S134|S143|S195|S235,2023-02-19T20:40:33,supply_context,1,Manufacturing,Upstream,Path_F
H00356,U0072,C132,I019,F012,O060,S021|S033|S065|S074|S116|S119|S183,2023-02-19T23:33:44,skill_context,0,,,
H03381,U0677,C001,I003,F015,O080,S033|S039|S178|S186|S225,2023-02-19T23:55:26,collaboration_context,1,Supplier Management,Downstream,Path_J
H03911,U0783,C029,I003,F012,O060,S014|S057|S100|S136|S146|S155,2023-02-20T01:38:10,supply_context,1,Retail,Midstream,Path_D
H02156,U0432,C138,I021,F017,O089,S046|S054|S165|S170|S187|S230,2023-02-20T03:08:16,skill_context,1,Distribution,Midstream,Path_F
H03116,U0624,C143,I014,F006,O031,S080|S130|S168|S209|S223,2023-02-20T04:13:43,skill_context,0,,,
H06071,U1215,C039,I023,F011,O055,S031|S065|S080|S095|S124,2023-02-20T04:30:47,collaboration_context,0,,,
H03711,U0743,C087,I011,F017,O091,S046|S100|S120|S143|S165|S175|S190|S204,2023-02-20T05:11:40,supply_context,0,,,
H02856,U0572,C075,I011,F010,O053,S079|S106|S153|S172|S187|S205|S227,2023-02-20T05:26:47,work_context,0,,,
H04956,U0992,C235,I009,F002,O007,S037|S047|S080|S105|S142|S167|S178,2023-02-20T05:43:20,work_context,0,,,
H00236,U0048,C037,I009,F006,O029,S011|S084|S142|S178|S222|S235,2023-02-20T07:27:14,supply_context,1,SCM,Upstream,Path_A
H05971,U1195,C200,I004,F011,O057,S028|S084|S106|S123|S156|S208,2023-02-20T11:07:56,skill_context,0,,,
H05766,U1154,C022,I010,F004,O022,S101|S112|S119|S152|S183|S234,2023-02-20T12:03:37,work_context,0,,,
H02546,U0510,C098,I012,F004,O019,S033|S041|S059|S077|S109|S162|S165|S168,2023-02-20T13:07:07,skill_context,1,Manufacturing,Upstream,Path_G
H01706,U0342,C289,I018,F007,O038,S035|S087|S136|S140|S164,2023-02-20T14:14:31,supply_context,0,,,
H02461,U0493,C050,I013,F008,O041,S009|S018|S068|S070|S077|S147|S175|S218,2023-02-20T15:21:29,collaboration_context,0,,,
H05826,U1166,C024,I001,F005,O025,S016|S123|S134|S160|S198|S224,2023-02-20T15:53:29,skill_context,1,Procurement,Upstream,Path_F
H06281,U1257,C250,I012,F008,O042,S036|S089|S102|S121|S159|S180|S194|S222,2023-02-20T16:02:30,work_context,0,,,
H06951,U1391,C231,I015,F006,O028,S037|S086|S088|S090|S098|S172,2023-02-20T18:07:33,work_context,0,,,
H04486,U0898,C311,I018,F012,O064,S028|S033|S071|S119|S128|S186|S227,2023-02-20T19:37:52,collaboration_context,1,Retail,Midstream,Path_K
H04716,U0944,C132,I019,F007,O035,S011|S055|S128|S154|S171|S238,2023-02-20T20:01:18,work_context,0,,,
H05906,U1182,C100,I005,F017,O090,S079|S080|S088|S110|S114|S221|S156,2023-02-20T22:22:49,supply_context,0,,,
H00141,U0029,C087,I011,F002,O010,S014|S031|S034|S063|S082|S137|S229|S234,2023-02-20T23:38:40,skill_context,1,Logistics,Downstream,Path_K
H05081,U1017,C075,I011,F008,O040,S007|S010|S044|S086|S174,2023-02-21T00:01:39,work_context,0,,,
H05091,U1019,C216,I010,F003,O015,S042|S063|S102|S114|S151|S176,2023-02-21T00:19:29,collaboration_context,0,,,
H03396,U0680,C198,I002,F009,O046,S099|S108|S156|S159|S200|S208|S231,2023-02-21T02:07:13,supply_context,0,,,
H03786,U0758,C210,I024,F008,O042,S065|S087|S153|S198|S214|S234,2023-02-21T02:26:53,supply_context,1,Supplier Management,Upstream,Path_E
H01316,U0264,C317,I002,F011,O058,S011|S063|S102|S189|S215,2023-02-21T03:41:35,skill_context,0,,,
H01886,U0378,C289,I018,F008,O042,S050|S099|S108|S122|S128|S170|S189|S192,2023-02-21T03:45:05,work_context,0,,,
H03436,U0688,C031,I003,F009,O044,S003|S040|S068|S076|S113|S161|S178|S208,2023-02-21T03:50:14,skill_context,0,,,
H01196,U0240,C039,I023,F009,O047,S022|S090|S136|S184|S214|S231,2023-02-21T04:45:47,supply_context,1,Supplier Management,Downstream,Path_I
H06371,U1275,C037,I009,F017,O088,S021|S026|S056|S073|S130|S171|S222,2023-02-21T05:29:55,skill_context,0,,,
H00106,U0022,C083,I024,F008,O042,S002|S051|S089|S162|S174|S198|S200,2023-02-21T05:31:18,skill_context,0,,,
H01261,U0253,C023,I015,F005,O024,S070|S074|S085|S139|S218|S221,2023-02-21T06:34:02,collaboration_context,0,,,
H06066,U1214,C034,I009,F004,O020,S030|S035|S065|S133|S194|S196|S214|S234,2023-02-21T07:18:39,work_context,1,Distribution,Downstream,Path_I
H06256,U1252,C038,I006,F008,O040,S003|S013|S046|S101|S202|S228|S233|S234,2023-02-21T07:39:33,supply_context,1,Procurement,Upstream,Path_I
H05601,U1121,C302,I007,F013,O069,S041|S111|S203|S210|S212,2023-02-21T07:57:19,skill_context,0,,,
H03076,U0616,C048,I005,F012,O060,S086|S088|S089|S103|S185|S193,2023-02-21T08:46:16,supply_context,0,,,
H06591,U1319,C248,I020,F008,O040,S008|S020|S118|S144|S147|S211|S234|S107,2023-02-21T09:29:46,supply_context,0,,,
H02441,U0489,C260,I019,F001,O006,S043|S053|S081|S086|S116|S228|S235,2023-02-21T09:31:28,collaboration_context,0,,,
H06366,U1274,C237,I016,F017,O091,S032|S037|S066|S177|S227,2023-02-21T10:17:28,work_context,0,,,
H00151,U0031,C227,I019,F004,O018,S026|S059|S069|S070|S082|S134|S135|S232,2023-02-21T10:35:47,collaboration_context,1,Logistics,Midstream,Path_H
H02416,U0484,C068,I006,F009,O045,S026|S052|S058|S065|S151|S165|S210,2023-02-21T10:48:29,skill_context,0,,,
H05716,U1144,C163,I002,F018,O093,S005|S024|S065|S073|S109|S175|S217,2023-02-21T10:58:01,skill_context,0,,,
H05821,U1165,C232,I016,F005,O025,S066|S072|S085|S116|S123|S126|S209|S218,2023-02-21T12:47:12,work_context,0,,,
H05056,U1012,C125,I007,F016,O081,S010|S023|S033|S110|S151|S234,2023-02-21T13:08:00,skill_context,0,,,
H03836,U0768,C291,I024,F010,O051,S014|S122|S138|S199|S215,2023-02-21T13:25:50,work_context,0,,,
H04491,U0899,C175,I008,F017,O091,S054|S113|S157|S179|S193|S118,2023-02-21T13:57:43,supply_context,1,Logistics,Midstream,Path_L
H06916,U1384,C057,I023,F016,O081,S024|S092|S104|S109|S150,2023-02-21T15:51:18,work_context,1,Supplier Management,Midstream,Path_H
H04676,U0936,C127,I004,F001,O006,S002|S009|S019|S052|S072|S194|S223,2023-02-21T15:54:45,collaboration_context,1,SCM,Downstream,Path_C
H05796,U1160,C003,I003,F014,O074,S019|S059|S115|S132|S159|S161|S230,2023-02-21T17:48:38,work_context,1,Manufacturing,Midstream,Path_E
H04181,U0837,C037,I009,F001,O004,S021|S056|S105|S148|S177|S233|S234|S238,2023-02-21T17:49:49,supply_context,0,,,
H00921,U0185,C142,I010,F012,O064,S048|S064|S116|S123|S161|S165,2023-02-21T18:31:53,supply_context,1,Logistics,Upstream,Path_F
H05146,U1030,C133,I021,F004,O020,S105|S117|S128|S132|S182|S183|S239,2023-02-21T19:24:30,supply_context,0,,,
H06021,U1205,C271,I018,F011,O058,S009|S037|S098|S114|S176|S200|S220|S221,2023-02-21T20:24:55,skill_context,0,,,
H04806,U0962,C220,I006,F012,O064,S009|S071|S142|S151|S171|S202|S209,2023-02-21T21:00:28,supply_context,1,Logistics,Midstream,Path_K
H01246,U0250,C211,I004,F005,O026,S033|S047|S117|S129|S209,2023-02-21T22:12:09,work_context,0,,,
H06871,U1375,C132,I019,F012,O062,S050|S098|S120|S129|S150|S152|S176|S188,2023-02-21T23:06:00,skill_context,0,,,
H05986,U1198,C219,I024,F006,O030,S142|S178|S179|S190|S217,2023-02-22T00:39:17,collaboration_context,1,SCM,Midstream,Path_K
H01206,U0242,C311,I018,F003,O014,S005|S030|S062|S066|S108,2023-02-22T01:25:04,work_context,0,,,
H06751,U1351,C176,I007,F015,O078,S056|S062|S096|S180|S184|S197|S199|S238,2023-02-22T03:00:51,collaboration_context,0,,,
H06901,U1381,C299,I015,F002,O010,S023|S064|S155|S202|S234,2023-02-22T03:50:07,skill_context,0,,,
H00901,U0181,C060,I011,F008,O041,S004|S007|S054|S091|S102|S156|S222,2023-02-22T03:56:15,supply_context,0,,,
H02366,U0474,C118,I013,F014,O072,S033|S064|S079|S167|S183|S204|S205,2023-02-22T04:25:31,collaboration_context,1,Logistics,Upstream,Path_J
H01151,U0231,C305,I018,F016,O085,S018|S121|S122|S153|S162|S172|S183|S191,2023-02-22T05:06:25,work_context,1,Distribution,Upstream,Path_E
H03596,U0720,C007,I017,F012,O063,S067|S090|S131|S159|S163,2023-02-22T05:16:05,skill_context,0,,,
H03281,U0657,C316,I013,F004,O020,S030|S076|S109|S152|S174|S228,2023-02-22T06:46:58,collaboration_context,1,SCM,Downstream,Path_E
H04766,U0954,C031,I003,F002,O010,S001|S049|S060|S078|S187,2023-02-22T08:09:56,skill_context,1,Supplier Management,Downstream,Path_J
H01636,U0328,C184,I001,F006,O030,S102|S140|S202|S214|S221,2023-02-22T09:01:26,collaboration_context,0,,,
H04711,U0943,C139,I008,F017,O090,S009|S028|S082|S132|S142|S161|S213|S233,2023-02-22T09:04:39,skill_context,1,Distribution,Upstream,Path_D
H03996,U0800,C038,I006,F012,O062,S020|S077|S097|S195|S209|S211,2023-02-22T10:14:31,collaboration_context,1,Manufacturing,Downstream,Path_C
H03226,U0646,C298,I012,F005,O025,S054|S065|S076|S123|S183|S187,2023-02-22T10:58:41,skill_context,1,SCM,Downstream,Path_L
H03966,U0794,C199,I021,F010,O052,S024|S032|S170|S209|S233,2023-02-22T12:32:27,supply_context,1,Logistics,Downstream,Path_B
H03001,U0601,C254,I022,F001,O004,S043|S093|S117|S156|S176|S199,2023-02-22T14:06:10,work_context,0,,,
H00161,U0033,C145,I012,F018,O096,S001|S023|S034|S140|S156|S062,2023-02-22T15:24:00,supply_context,1,Supplier Management,Upstream,Path_F
H04481,U0897,C133,I021,F016,O085,S013|S101|S113|S153|S168|S197|S198|S203,2023-02-22T16:04:47,collaboration_context,0,,,
H03341,U0669,C108,I024,F001,O005,S019|S020|S034|S051|S064|S229|S236,2023-02-22T16:23:52,collaboration_context,0,,,
H05981,U1197,C050,I013,F013,O069,S024|S050|S065|S137|S199|S228,2023-02-22T17:14:14,work_context,0,,,
H04421,U0885,C082,I015,F007,O037,S072|S144|S175|S214|S238|S239,2023-02-22T17:49:36,skill_context,1,Procurement,Downstream,Path_E
H04301,U0861,C274,I017,F004,O017,S007|S084|S091|S120|S139|S151|S211|S082,2023-02-22T19:30:42,collaboration_context,0,,,
H06231,U1247,C154,I022,F015,O077,S020|S028|S046|S075|S112|S126|S164,2023-02-22T23:20:47,supply_context,1,Retail,Midstream,Path_K
H06606,U1322,C035,I013,F004,O021,S020|S032|S112|S113|S132|S188|S203|S204,2023-02-23T00:44:17,supply_context,1,Manufacturing,Downstream,Path_G
H01891,U0379,C030,I020,F017,O091,S064|S119|S133|S163|S230,2023-02-23T01:02:31,collaboration_context,0,,,
H06171,U1235,C053,I019,F012,O062,S012|S028|S036|S056|S076|S081|S110|S122,2023-02-23T01:25:57,supply_context,0,,,
H05021,U1005,C173,I016,F007,O037,S018|S053|S064|S072|S085|S098|S165,2023-02-23T01:35:50,work_context,0,,,
H00756,U0152,C286,I009,F002,O007,S004|S037|S080|S119|S177|S198,2023-02-23T01:37:50,supply_context,0,,,
H02356,U0472,C222,I003,F003,O014,S002|S113|S160|S187|S229,2023-02-23T02:39:11,skill_context,0,,,
H03941,U0789,C084,I014,F010,O051,S077|S087|S089|S099|S168|S170|S192,2023-02-23T03:37:26,work_context,0,,,
H01241,U0249,C017,I012,F018,O093,S093|S102|S103|S133|S187|S188,2023-02-23T04:26:35,supply_context,0,,,
H04081,U0817,C045,I009,F004,O020,S033|S034|S038|S093|S108|S124|S127|S238,2023-02-23T05:24:45,supply_context,0,,,
H01161,U0233,C245,I003,F018,O095,S011|S060|S102|S150|S227,2023-02-23T05:35:23,work_context,0,,,
H00711,U0143,C276,I010,F012,O061,S033|S104|S122|S161|S165|S178|S209|S222,2023-02-23T05:43:18,supply_context,0,,,
H00456,U0092,C173,I016,F011,O057,S027|S080|S128|S140|S156|S182|S085,2023-02-23T08:03:40,work_context,0,,,
H02056,U0412,C217,I007,F011,O059,S065|S087|S120|S163|S199|S061,2023-02-23T08:26:35,supply_context,1,Supplier Management,Midstream,Path_B
H04516,U0904,C002,I013,F004,O020,S034|S110|S128|S138|S155,2023-02-23T11:09:24,skill_context,1,Distribution,Midstream,Path_A
H03981,U0797,C006,I023,F003,O016,S020|S144|S159|S191|S208,2023-02-23T11:23:22,work_context,1,Manufacturing,Upstream,Path_I
H01291,U0259,C272,I024,F006,O031,S060|S070|S112|S159|S197|S207,2023-02-23T12:14:38,skill_context,0,,,
H06796,U1360,C288,I014,F017,O090,S026|S054|S100|S123|S134|S191,2023-02-23T12:35:54,work_context,0,,,
H04781,U0957,C304,I020,F008,O043,S025|S026|S060|S067|S085|S151,2023-02-23T12:50:24,collaboration_context,0,,,
H07016,U1404,C185,I021,F013,O070,S058|S116|S121|S138|S158,2023-02-23T14:05:02,collaboration_context,0,,,
H03976,U0796,C104,I024,F013,O067,S025|S039|S196|S204|S225,2023-02-23T14:48:50,skill_context,0,,,
H05446,U1090,C010,I001,F017,O087,S064|S081|S126|S175|S237,2023-02-23T14:52:51,collaboration_context,1,Procurement,Midstream,Path_C
H05251,U1051,C186,I001,F001,O005,S031|S033|S042|S184|S188,2023-02-23T15:56:05,skill_context,1,Logistics,Downstream,Path_B
H02861,U0573,C004,I004,F013,O066,S025|S085|S086|S154|S181,2023-02-23T16:47:24,supply_context,0,,,
H05606,U1122,C040,I007,F001,O005,S096|S100|S155|S171|S239,2023-02-23T19:17:09,work_context,0,,,
H00826,U0166,C141,I019,F012,O063,S030|S045|S077|S091|S096|S180|S181|S202,2023-02-23T19:29:09,work_context,0,,,
H00166,U0034,C081,I007,F014,O071,S087|S117|S179|S203|S240,2023-02-23T19:34:16,collaboration_context,0,,,
H00771,U0155,C185,I021,F017,O088,S010|S031|S146|S186|S216|S238,2023-02-23T19:42:51,collaboration_context,0,,,
H00381,U0077,C202,I022,F006,O029,S008|S018|S034|S058|S059|S071|S197|S207,2023-02-23T19:57:11,supply_context,0,,,
H03046,U0610,C210,I024,F016,O086,S026|S126|S185|S198|S206,2023-02-23T21:20:00,supply_context,0,,,
H04816,U0964,C289,I018,F013,O068,S009|S013|S074|S122|S129|S173|S188|S230,2023-02-23T21:31:52,work_context,1,Logistics,Downstream,Path_C
H01326,U0266,C146,I017,F011,O059,S004|S036|S042|S049|S113|S153|S177|S236,2023-02-23T21:34:54,skill_context,0,,,
H03346,U0670,C255,I011,F012,O062,S031|S068|S074|S109|S154,2023-02-23T21:42:10,work_context,0,,,
H05441,U1089,C109,I014,F011,O057,S007|S069|S073|S097|S156|S200,2023-02-24T02:22:48,collaboration_context,0,,,
H04161,U0833,C008,I015,F012,O061,S035|S081|S145|S150|S154|S170|S214|S236,2023-02-24T02:39:54,work_context,0,,,
H03391,U0679,C240,I002,F018,O094,S001|S072|S108|S109|S168|S220,2023-02-24T04:00:45,work_context,0,,,
H06816,U1364,C065,I004,F006,O028,S017|S019|S084|S099|S121|S192|S193,2023-02-24T04:06:19,skill_context,0,,,
H02141,U0429,C101,I007,F018,O095,S020|S088|S131|S133|S172|S176,2023-02-24T04:35:08,skill_context,0,,,
H00531,U0107,C159,I002,F017,O087,S028|S128|S192|S222|S224,2023-02-24T05:40:51,collaboration_context,0,,,
H05806,U1162,C167,I002,F018,O094,S018|S072|S094|S116|S146|S168|S209|S223,2023-02-24T05:50:07,supply_context,0,,,
H01986,U0398,C083,I024,F013,O067,S027|S030|S083|S085|S092,2023-02-24T08:20:08,work_context,0,,,
H01031,U0207,C054,I004,F017,O090,S060|S063|S068|S138|S177|S181,2023-02-24T11:56:23,collaboration_context,1,Retail,Midstream,Path_B
H02486,U0498,C045,I009,F009,O044,S007|S022|S034|S101|S169|S173,2023-02-24T13:03:53,skill_context,0,,,
H05686,U1138,C157,I001,F009,O044,S006|S064|S083|S139|S186|S188|S200,2023-02-24T13:36:37,collaboration_context,0,,,
H03161,U0633,C082,I015,F010,O053,S059|S075|S083|S200|S208,2023-02-24T14:04:19,work_context,0,,,
H02821,U0565,C150,I001,F018,O093,S015|S028|S091|S094|S108|S216|S235,2023-02-24T14:15:00,collaboration_context,1,Supplier Management,Downstream,Path_J
H06051,U1211,C292,I017,F017,O087,S005|S092|S094|S105|S111|S148|S197,2023-02-24T14:31:22,collaboration_context,1,Supplier Management,Midstream,Path_A
H06941,U1389,C053,I019,F016,O084,S006|S026|S049|S156|S162|S225|S226,2023-02-24T16:00:23,skill_context,0,,,
H05071,U1015,C257,I006,F010,O052,S017|S044|S063|S098|S111|S133|S166,2023-02-24T16:30:03,supply_context,1,Manufacturing,Downstream,Path_I
H03466,U0694,C247,I003,F011,O058,S078|S086|S092|S129|S153|S182|S231|S235,2023-02-24T18:27:30,collaboration_context,1,Distribution,Upstream,Path_H
H04551,U0911,C014,I007,F011,O058,S064|S085|S157|S195|S203|S207,2023-02-24T18:50:02,skill_context,1,Supplier Management,Upstream,Path_J
H06056,U1212,C197,I007,F016,O082,S008|S010|S037|S099|S120|S130|S159|S197,2023-02-24T19:10:26,supply_context,1,Logistics,Downstream,Path_K
H02281,U0457,C182,I011,F017,O091,S001|S052|S057|S082|S094|S124|S171|S189,2023-02-24T20:51:59,supply_context,0,,,
H03866,U0774,C204,I016,F012,O060,S064|S109|S122|S174|S188,2023-02-24T21:42:10,supply_context,1,Retail,Downstream,Path_J
H00586,U0118,C210,I024,F001,O001,S055|S142|S144|S170|S187|S195,2023-02-24T22:38:16,collaboration_context,0,,,
H04681,U0937,C033,I024,F005,O025,S010|S024|S043|S103|S104|S231|S235,2023-02-25T01:05:44,skill_context,0,,,
H03336,U0668,C297,I023,F011,O058,S006|S009|S021|S069|S104|S118|S122,2023-02-25T01:28:41,supply_context,0,,,
H06801,U1361,C313,I015,F001,O006,S032|S133|S162|S212|S228|S035,2023-02-25T01:39:08,supply_context,0,,,
H01446,U0290,C018,I020,F001,O001,S060|S061|S125|S181|S216,2023-02-25T02:28:42,supply_context,1,Supplier Management,Upstream,Path_A
H05506,U1102,C154,I022,F017,O090,S008|S024|S073|S075|S092|S183|S184|S222,2023-02-25T04:22:25,collaboration_context,1,Procurement,Midstream,Path_C
H04271,U0855,C211,I004,F005,O024,S025|S050|S065|S100|S144|S190|S233,2023-02-25T04:43:06,work_context,0,,,
H03721,U0745,C167,I002,F010,O051,S003|S017|S073|S088|S114|S147,2023-02-25T05:26:25,skill_context,1,Retail,Midstream,Path_H
H00636,U0128,C128,I011,F011,O058,S061|S113|S173|S191|S230,2023-02-25T06:09:53,skill_context,0,,,
H03461,U0693,C309,I020,F007,O037,S043|S121|S130|S163|S193|S231,2023-02-25T07:25:03,supply_context,0,,,
H01566,U0314,C102,I009,F007,O037,S066|S085|S102|S105|S114,2023-02-25T07:33:20,work_context,0,,,
H03096,U0620,C318,I017,F010,O054,S010|S048|S122|S129|S141|S154|S158|S188,2023-02-25T08:12:48,work_context,1,Supplier Management,Downstream,Path_F
H06311,U1263,C050,I013,F017,O091,S008|S049|S127|S128|S159|S199,2023-02-25T08:54:26,collaboration_context,1,Logistics,Upstream,Path_I
H03576,U0716,C035,I013,F006,O032,S031|S039|S060|S064|S088|S115|S137|S163,2023-02-25T09:28:20,skill_context,1,Distribution,Downstream,Path_H
H03971,U0795,C264,I021,F011,O055,S016|S049|S127|S150|S173|S188|S213,2023-02-25T09:50:00,supply_context,0,,,
H03666,U0734,C286,I009,F017,O091,S008|S070|S102|S209|S233,2023-02-25T09:57:27,skill_context,0,,,
H04396,U0880,C068,I006,F017,O091,S036|S085|S091|S102|S226,2023-02-25T11:16:11,work_context,0,,,
H03606,U0722,C306,I018,F014,O074,S009|S033|S034|S093|S102,2023-02-25T11:25:53,skill_context,1,Logistics,Upstream,Path_I
H06091,U1219,C072,I010,F008,O041,S018|S090|S148|S161|S171,2023-02-25T14:07:33,supply_context,1,Distribution,Downstream,Path_G
H00001,U0001,C001,I003,F003,O012,S033|S043|S095|S107|S155|S199|S220|S233,2023-02-25T14:59:54,supply_context,0,,,
H06116,U1224,C108,I024,F001,O004,S034|S039|S047|S144|S157|S183|S202|S234,2023-02-25T15:03:09,supply_context,0,,,
H06251,U1251,C310,I016,F017,O087,S043|S114|S155|S166|S179|S187,2023-02-25T17:34:09,skill_context,1,Distribution,Upstream,Path_C
H03956,U0792,C062,I010,F018,O096,S004|S014|S036|S067|S120|S166|S184|S225,2023-02-25T17:48:53,supply_context,1,Retail,Midstream,Path_K
H04206,U0842,C316,I013,F010,O052,S005|S008|S020|S028|S045|S061|S125,2023-02-25T19:26:36,skill_context,0,,,
H00691,U0139,C039,I023,F014,O074,S014|S026|S031|S076|S082|S095|S157|S222,2023-02-25T20:21:18,collaboration_context,0,,,
H05626,U1126,C058,I020,F006,O031,S029|S051|S117|S171|S187,2023-02-25T21:04:19,work_context,1,Logistics,Upstream,Path_G
H04426,U0886,C269,I019,F007,O036,S032|S054|S087|S163|S174|S175,2023-02-25T21:40:56,skill_context,1,Procurement,Downstream,Path_J
H04621,U0925,C135,I017,F006,O030,S002|S018|S135|S148|S150|S199|S206,2023-02-25T22:55:54,work_context,0,,,
H00991,U0199,C212,I016,F006,O031,S079|S153|S172|S202|S209,2023-02-25T22:59:33,supply_context,1,Manufacturing,Downstream,Path_C
H01171,U0235,C295,I004,F014,O075,S007|S076|S122|S126|S127|S168|S201,2023-02-25T23:20:51,supply_context,0,,,
H00626,U0126,C034,I009,F007,O037,S056|S068|S072|S101|S127|S143|S177|S234,2023-02-25T23:54:37,skill_context,1,Logistics,Upstream,Path_H
H03926,U0786,C197,I007,F015,O077,S035|S037|S064|S112|S165|S222|S226,2023-02-26T00:38:48,supply_context,0,,,
H05706,U1142,C257,I006,F012,O060,S029|S059|S060|S062|S145|S146|S183|S224,2023-02-26T00:53:47,skill_context,0,,,
H05951,U1191,C162,I001,F013,O065,S023|S038|S074|S126|S152|S229|S232,2023-02-26T03:07:15,supply_context,1,Procurement,Midstream,Path_C
H05461,U1093,C131,I018,F004,O022,S088|S090|S113|S125|S186|S189|S228|S235,2023-02-26T04:17:41,work_context,0,,,
H03931,U0787,C144,I006,F007,O038,S010|S033|S044|S054|S074|S077|S090|S210,2023-02-26T04:52:40,collaboration_context,1,Retail,Downstream,Path_H
H04646,U0930,C015,I001,F017,O091,S032|S044|S096|S145|S166,2023-02-26T05:12:39,collaboration_context,1,Procurement,Upstream,Path_K
H01256,U0252,C127,I004,F006,O029,S024|S054|S085|S105|S115|S193|S194|S226,2023-02-26T07:10:35,work_context,1,Supplier Management,Downstream,Path_F
H05031,U1007,C039,I023,F002,O011,S067|S068|S131|S194|S204|S232|S223,2023-02-26T07:56:27,supply_context,1,Retail,Midstream,Path_G
H02501,U0501,C278,I004,F005,O023,S001|S029|S039|S042|S085|S101|S208,2023-02-26T08:02:41,skill_context,1,Distribution,Upstream,Path_K
H06386,U1278,C168,I023,F015,O079,S014|S057|S074|S105|S145|S186|S190|S217,2023-02-26T08:06:09,collaboration_context,0,,,
H00271,U0055,C051,I019,F001,O004,S106|S126|S141|S144|S179|S202|S217,2023-02-26T09:20:33,collaboration_context,0,,,
H02871,U0575,C222,I003,F003,O014,S050|S072|S152|S177|S222,2023-02-26T09:36:14,skill_context,1,Distribution,Upstream,Path_B
H05621,U1125,C162,I001,F013,O068,S016|S080|S129|S139|S228,2023-02-26T10:00:28,supply_context,1,Manufacturing,Midstream,Path_I
H02636,U0528,C264,I021,F008,O039,S002|S007|S028|S073|S147|S180|S205,2023-02-26T10:50:21,work_context,0,,,
H06531,U1307,C085,I023,F010,O054,S014|S086|S093|S121|S171|S194|S196,2023-02-26T11:56:53,skill_context,1,Manufacturing,Midstream,Path_H
H02701,U0541,C021,I006,F008,O043,S013|S015|S059|S094|S120|S134|S177|S211,2023-02-26T12:33:07,work_context,1,Distribution,Midstream,Path_I
H01471,U0295,C126,I016,F014,O074,S078|S093|S115|S172|S232,2023-02-26T12:48:48,supply_context,1,Distribution,Upstream,Path_B
H05106,U1022,C066,I021,F010,O052,S044|S062|S072|S073|S143|S184,2023-02-26T12:51:10,work_context,0,,,
H01996,U0400,C313,I015,F008,O042,S092|S115|S145|S176|S181|S184,2023-02-26T13:08:20,supply_context,0,,,
H02151,U0431,C007,I017,F004,O017,S014|S091|S102|S150|S156|S160,2023-02-26T14:07:34,supply_context,0,,,
H01156,U0232,C249,I018,F005,O024,S056|S070|S079|S132|S148|S155|S193|S236,2023-02-26T14:43:25,skill_context,0,,,
H00796,U0160,C107,I006,F001,O006,S026|S112|S123|S201|S220,2023-02-26T15:20:23,skill_context,0,,,
H01236,U0248,C142,I010,F014,O074,S048|S068|S085|S170|S188|S203|S223|S239,2023-02-26T17:28:42,skill_context,1,Distribution,Downstream,Path_L
H05571,U1115,C019,I018,F018,O094,S025|S037|S114|S146|S151|S234,2023-02-26T18:19:49,skill_context,0,,,
H04416,U0884,C051,I019,F010,O050,S004|S017|S116|S120|S179,2023-02-26T18:24:44,skill_context,1,Manufacturing,Upstream,Path_G
H04756,U0952,C113,I004,F006,O029,S033|S054|S059|S145|S148|S152|S206,2023-02-26T19:02:41,work_context,1,Distribution,Downstream,Path_B
H04136,U0828,C156,I005,F008,O042,S055|S100|S126|S155|S166|S192|S210|S212,2023-02-26T19:27:27,skill_context,1,Retail,Midstream,Path_D
H04266,U0854,C088,I009,F017,O089,S007|S083|S106|S196|S206|S238,2023-02-26T19:58:04,skill_context,0,,,
H04881,U0977,C194,I010,F014,O072,S065|S068|S110|S160|S195|S196|S197|S199,2023-02-26T20:19:59,skill_context,0,,,
H06221,U1245,C068,I006,F004,O022,S071|S119|S125|S135|S211,2023-02-26T21:17:39,supply_context,1,Manufacturing,Upstream,Path_E
H01086,U0218,C271,I018,F012,O063,S015|S042|S055|S069|S078|S083|S146|S159,2023-02-26T22:46:36,supply_context,1,Procurement,Upstream,Path_F
H05946,U1190,C213,I020,F017,O089,S064|S081|S127|S188|S194,2023-02-26T22:54:17,skill_context,1,Retail,Midstream,Path_B
H04546,U0910,C092,I001,F013,O068,S016|S064|S100|S156|S165|S223|S068,2023-02-26T22:56:14,work_context,1,Procurement,Downstream,Path_B
H05236,U1048,C208,I009,F010,O050,S071|S075|S078|S155|S174|S203,2023-02-27T02:29:22,collaboration_context,1,Distribution,Downstream,Path_K
H05216,U1044,C053,I019,F016,O083,S028|S082|S164|S177|S189|S237|S143,2023-02-27T04:56:54,collaboration_context,1,Distribution,Midstream,Path_C
H01106,U0222,C038,I006,F008,O042,S026|S027|S063|S099|S118|S122|S158|S171,2023-02-27T05:17:04,collaboration_context,0,,,
H01416,U0284,C164,I012,F012,O063,S030|S034|S055|S083|S101|S103,2023-02-27T05:46:23,skill_context,1,Supplier Management,Midstream,Path_I
H03781,U0757,C023,I015,F007,O033,S005|S021|S041|S067|S087|S118|S158|S219,2023-02-27T05:47:18,work_context,0,,,
H02826,U0566,C057,I023,F004,O019,S038|S079|S120|S122|S176|S229,2023-02-27T06:27:57,collaboration_context,1,Logistics,Midstream,Path_I
H04236,U0848,C201,I014,F018,O096,S083|S145|S174|S179|S224,2023-02-27T08:43:40,skill_context,1,Supplier Management,Downstream,Path_J
H06626,U1326,C209,I019,F001,O005,S007|S029|S089|S118|S191|S225|S239,2023-02-27T12:25:59,collaboration_context,0,,,
H02686,U0538,C243,I008,F004,O019,S104|S107|S119|S123|S180|S204|S217,2023-02-27T14:09:48,supply_context,0,,,
H02876,U0576,C087,I011,F013,O067,S037|S047|S058|S061|S082|S217,2023-02-27T14:19:00,supply_context,0,,,
H01911,U0383,C058,I020,F004,O022,S093|S131|S142|S146|S173,2023-02-27T15:08:11,work_context,0,,,
H03256,U0652,C088,I009,F008,O041,S004|S100|S145|S183|S232,2023-02-27T16:56:50,work_context,1,Logistics,Downstream,Path_K
H00776,U0156,C155,I005,F011,O059,S045|S076|S084|S168|S175|S237|S161,2023-02-27T17:07:34,collaboration_context,1,Manufacturing,Midstream,Path_I
H03846,U0770,C173,I016,F006,O031,S010|S026|S045|S067|S141|S146|S228|S240,2023-02-27T17:10:10,supply_context,0,,,
H04746,U0950,C167,I002,F009,O044,S051|S115|S126|S138|S170,2023-02-27T19:28:47,skill_context,0,,,
H02231,U0447,C016,I006,F006,O028,S003|S028|S030|S069|S160|S227,2023-02-27T19:42:03,work_context,1,Procurement,Upstream,Path_C
H06006,U1202,C101,I007,F018,O093,S003|S022|S030|S144|S147,2023-02-27T20:26:36,work_context,0,,,
H04336,U0868,C189,I013,F008,O042,S143|S144|S151|S192|S238,2023-02-27T20:42:05,skill_context,1,Retail,Upstream,Path_D
H06931,U1387,C163,I002,F011,O056,S027|S044|S090|S142|S193|S038,2023-02-27T23:49:12,work_context,1,SCM,Upstream,Path_H
H01796,U0360,C211,I004,F018,O093,S028|S088|S104|S108|S158,2023-02-28T01:57:04,skill_context,1,Supplier Management,Midstream,Path_F
H04211,U0843,C195,I007,F017,O090,S036|S105|S106|S107|S117|S193,2023-02-28T02:15:16,supply_context,0,,,
H04111,U0823,C118,I013,F007,O036,S063|S077|S127|S169|S191|S227,2023-02-28T02:52:01,collaboration_context,0,,,
H02146,U0430,C087,I011,F004,O020,S009|S011|S029|S056|S069|S196|S203,2023-02-28T03:48:27,supply_context,0,,,
H05711,U1143,C016,I006,F004,O017,S083|S086|S094|S105|S239,2023-02-28T05:46:12,collaboration_context,0,,,
H01481,U0297,C301,I007,F018,O096,S032|S072|S102|S103|S107|S159|S224|S230,2023-02-28T05:59:45,supply_context,0,,,
H04166,U0834,C265,I014,F013,O068,S026|S052|S095|S186|S191|S229,2023-02-28T06:47:49,collaboration_context,0,,,
H03316,U0664,C202,I022,F011,O056,S011|S060|S094|S117|S154|S159|S182|S223,2023-02-28T07:57:54,supply_context,0,,,
H00911,U0183,C132,I019,F001,O002,S021|S031|S125|S204|S227,2023-02-28T08:38:00,collaboration_context,1,Distribution,Downstream,Path_D
H03441,U0689,C133,I021,F015,O076,S007|S052|S069|S105|S109|S144|S210,2023-02-28T09:33:53,collaboration_context,1,Distribution,Midstream,Path_I
H01696,U0340,C309,I020,F018,O095,S023|S064|S133|S194|S225,2023-02-28T10:05:42,collaboration_context,1,Distribution,Downstream,Path_H
H03991,U0799,C185,I021,F016,O081,S026|S033|S072|S108|S171|S229,2023-02-28T10:43:10,supply_context,1,Supplier Management,Midstream,Path_J
H00421,U0085,C245,I003,F016,O083,S005|S110|S148|S178|S212,2023-02-28T10:49:06,skill_context,0,,,
H00351,U0071,C216,I010,F016,O085,S071|S120|S175|S194|S219,2023-02-28T11:21:30,collaboration_context,1,Retail,Midstream,Path_K
H02086,U0418,C267,I008,F013,O070,S008|S025|S028|S039|S057|S150|S156|S215,2023-02-28T11:52:47,skill_context,1,Supplier Management,Upstream,Path_G
H03121,U0625,C311,I018,F003,O013,S001|S031|S076|S077|S093|S214,2023-02-28T12:08:14,skill_context,0,,,
H02796,U0560,C122,I015,F007,O035,S001|S017|S046|S054|S090|S131,2023-02-28T12:56:06,skill_context,1,Manufacturing,Upstream,Path_J
H00651,U0131,C165,I017,F001,O002,S024|S029|S131|S134|S157,2023-02-28T13:01:12,collaboration_context,1,Manufacturing,Upstream,Path_J
H04961,U0993,C151,I020,F006,O031,S013|S023|S065|S124|S130|S170|S181|S224,2023-02-28T13:18:11,work_context,0,,,
H02036,U0408,C012,I005,F001,O006,S001|S004|S073|S096|S137|S148|S201,2023-02-28T13:23:04,work_context,1,SCM,Upstream,Path_K
H02221,U0445,C016,I006,F012,O060,S039|S041|S120|S128|S164|S172|S196|S211,2023-02-28T13:44:25,collaboration_context,0,,,
H02206,U0442,C163,I002,F018,O094,S039|S050|S157|S199|S210,2023-02-28T14:20:46,skill_context,0,,,
H01641,U0329,C131,I018,F003,O013,S022|S059|S163|S188|S239,2023-02-28T15:08:49,supply_context,0,,,
H01466,U0294,C314,I022,F013,O068,S052|S073|S147|S158|S186,2023-02-28T15:21:43,supply_context,0,,,
H01251,U0251,C044,I017,F007,O035,S008|S082|S091|S116|S122|S144|S151|S177,2023-02-28T16:07:25,collaboration_context,0,,,
H03661,U0733,C051,I019,F003,O012,S029|S063|S098|S208|S209|S234,2023-02-28T18:59:32,collaboration_context,0,,,
H04186,U0838,C014,I007,F006,O030,S062|S096|S108|S150|S198|S207|S213|S219,2023-02-28T23:06:36,work_context,0,,,
H06977,U1396,C264,I021,F017,O089,S002|S042|S051|S079|S117|S118|S209|S211,2023-07-01T01:14:17,skill_context,1,SCM,Midstream,Path_C
H06597,U1320,C186,I001,F008,O043,S006|S047|S084|S143|S171|S184|S240,2023-07-01T01:30:11,skill_context,0,,,
H03422,U0685,C246,I024,F009,O045,S015|S018|S027|S048|S092|S207,2023-07-01T02:30:59,work_context,1,Logistics,Downstream,Path_K
H04032,U0807,C265,I014,F005,O024,S029|S066|S116|S157|S206,2023-07-01T03:00:16,collaboration_context,0,,,
H02042,U0409,C014,I007,F003,O014,S009|S062|S094|S097|S166|S184|S195|S224,2023-07-01T03:02:53,skill_context,0,,,
H05267,U1054,C083,I024,F014,O071,S039|S042|S053|S068|S072|S104|S164|S208,2023-07-01T03:12:10,supply_context,0,,,
H01572,U0315,C076,I024,F005,O026,S079|S113|S120|S130|S159|S171|S217,2023-07-01T03:31:17,collaboration_context,0,,,
H00967,U0194,C195,I007,F010,O054,S071|S083|S090|S099|S119,2023-07-01T05:19:16,collaboration_context,1,Procurement,Upstream,Path_E
H01987,U0398,C083,I024,F013,O067,S027|S030|S083|S085|S092,2023-07-01T06:26:40,work_context,0,,,
H02342,U0469,C053,I019,F011,O059,S034|S055|S080|S106|S124|S195|S198|S225,2023-07-01T07:35:10,work_context,0,,,
H06987,U1398,C149,I009,F013,O069,S028|S056|S159|S199|S207|S212|S236|S184,2023-07-01T08:01:12,skill_context,0,,,
H00477,U0096,C183,I006,F003,O013,S049|S075|S108|S111|S132|S179|S219,2023-07-01T08:05:37,collaboration_context,1,Manufacturing,Downstream,Path_J
H00422,U0085,C245,I003,F016,O083,S005|S110|S148|S178|S212,2023-07-01T09:50:54,skill_context,0,,,
H01512,U0303,C273,I005,F016,O085,S069|S085|S129|S145|S147|S160|S201,2023-07-01T10:14:36,collaboration_context,0,,,
H06492,U1299,C240,I002,F004,O018,S024|S112|S135|S153|S169,2023-07-01T10:45:56,skill_context,0,,,
H04507,U0902,C033,I024,F018,O092,S014|S096|S147|S152|S169|S174|S201|S212,2023-07-01T11:03:12,work_context,1,SCM,Upstream,Path_I
H02182,U0437,C126,I016,F013,O065,S018|S097|S120|S162|S189|S168,2023-07-01T11:54:56,supply_context,1,Distribution,Midstream,Path_J
H05857,U1172,C210,I024,F018,O094,S047|S088|S097|S115|S150|S199,2023-07-01T12:34:32,supply_context,0,,,
H00592,U0119,C106,I021,F012,O062,S010|S119|S129|S189|S223|S240,2023-07-01T13:10:46,collaboration_context,0,,,
H04412,U0883,C221,I019,F003,O014,S060|S064|S125|S171|S191,2023-07-01T14:51:55,supply_context,1,Supplier Management,Downstream,Path_J
H00637,U0128,C128,I011,F011,O058,S061|S113|S173|S191|S230,2023-07-01T16:39:31,supply_context,1,Retail,Downstream,Path_C
H01857,U0372,C301,I007,F008,O043,S002|S018|S026|S110|S151|S219,2023-07-01T16:58:28,skill_context,1,Logistics,Midstream,Path_G
H04517,U0904,C002,I013,F004,O020,S034|S110|S128|S138|S155,2023-07-01T17:13:29,collaboration_context,0,,,
H01677,U0336,C295,I004,F007,O038,S173|S187|S206|S214|S218|S235|S120,2023-07-01T17:48:45,work_context,0,,,
H05117,U1024,C047,I012,F013,O069,S034|S049|S053|S104|S196,2023-07-01T18:00:06,work_context,0,,,
H00952,U0191,C284,I016,F016,O085,S016|S019|S048|S049|S173|S180|S229|S055,2023-07-01T18:02:27,collaboration_context,0,,,
H04027,U0806,C039,I023,F018,O095,S015|S121|S195|S200|S235,2023-07-01T21:10:42,supply_context,0,,,
H04422,U0885,C082,I015,F007,O037,S072|S144|S175|S214|S238|S239,2023-07-01T21:34:45,skill_context,1,Procurement,Downstream,Path_E
H01597,U0320,C186,I001,F007,O036,S072|S146|S159|S212|S225|S238,2023-07-02T00:52:04,work_context,0,,,
H04537,U0908,C046,I001,F001,O003,S137|S160|S176|S202|S232,2023-07-02T05:09:12,supply_context,0,,,
H00807,U0162,C125,I007,F001,O005,S054|S057|S061|S084|S092|S141|S144,2023-07-02T07:59:52,supply_context,0,,,
H02472,U0495,C067,I002,F016,O084,S027|S046|S152|S162|S166|S170|S232|S008,2023-07-02T08:35:16,work_context,1,Logistics,Downstream,Path_C
H05492,U1099,C101,I007,F002,O008,S041|S080|S081|S137|S152|S181|S183,2023-07-02T08:47:22,collaboration_context,0,,,
H02477,U0496,C070,I017,F013,O068,S023|S146|S158|S209|S212|S217|S240,2023-07-02T10:14:47,collaboration_context,0,,,
H00622,U0125,C206,I014,F016,O083,S078|S090|S186|S187|S210|S218,2023-07-02T10:20:19,skill_context,0,,,
H06712,U1343,C153,I023,F015,O080,S034|S066|S071|S148|S152|S229|S231,2023-07-02T10:48:57,skill_context,0,,,
H04512,U0903,C121,I001,F010,O050,S122|S124|S136|S206|S209,2023-07-02T10:56:31,supply_context,1,Supplier Management,Downstream,Path_G
H06722,U1345,C163,I002,F003,O014,S007|S028|S045|S047|S094|S221,2023-07-02T10:59:35,supply_context,0,,,
H02917,U0584,C245,I003,F005,O026,S006|S028|S046|S175|S186|S211|S236|S195,2023-07-02T14:21:04,work_context,0,,,
H05882,U1177,C245,I003,F011,O059,S049|S073|S108|S114|S140|S159|S184|S195,2023-07-02T15:16:18,collaboration_context,0,,,
H04632,U0927,C243,I008,F009,O048,S068|S071|S081|S184|S185|S213|S225|S192,2023-07-02T15:34:08,collaboration_context,1,SCM,Midstream,Path_L
H03477,U0696,C171,I018,F017,O090,S035|S052|S066|S135|S192,2023-07-02T16:44:31,supply_context,0,,,
H05157,U1032,C204,I016,F013,O066,S025|S063|S070|S105|S118|S156|S189,2023-07-02T16:49:48,supply_context,1,Manufacturing,Downstream,Path_A
H06592,U1319,C248,I020,F008,O040,S008|S020|S118|S144|S147|S211|S234|S107,2023-07-02T17:32:32,supply_context,0,,,
H03407,U0682,C242,I022,F008,O042,S007|S065|S095|S140|S142|S211|S130,2023-07-02T18:03:29,work_context,1,SCM,Upstream,Path_K
H06602,U1321,C271,I018,F004,O017,S075|S106|S129|S160|S168|S234|S172,2023-07-02T19:20:40,collaboration_context,0,,,
H03097,U0620,C318,I017,F010,O054,S010|S048|S122|S129|S141|S154|S158|S188,2023-07-02T19:31:15,supply_context,1,Supplier Management,Downstream,Path_F
H06182,U1237,C006,I023,F002,O009,S008|S025|S116|S159|S221,2023-07-02T20:53:04,collaboration_context,1,Procurement,Midstream,Path_K
H06257,U1252,C038,I006,F008,O040,S003|S013|S046|S101|S202|S228|S233|S234,2023-07-02T23:43:01,work_context,1,Procurement,Upstream,Path_I
H04092,U0819,C185,I021,F015,O076,S018|S027|S049|S114|S134|S139|S181,2023-07-03T00:59:33,work_context,0,,,
H04057,U0812,C266,I016,F012,O064,S065|S069|S074|S082|S085|S136|S187,2023-07-03T01:35:49,collaboration_context,1,Distribution,Midstream,Path_J
H05837,U1168,C073,I001,F009,O044,S028|S105|S113|S117|S131,2023-07-03T05:00:59,work_context,1,Procurement,Upstream,Path_I
H05817,U1164,C245,I003,F015,O080,S012|S037|S048|S111|S158,2023-07-03T05:18:58,supply_context,1,SCM,Downstream,Path_J
H06032,U1207,C287,I016,F003,O013,S021|S035|S052|S139|S212|S225,2023-07-03T07:16:50,supply_context,0,,,
H05257,U1052,C123,I022,F013,O067,S007|S028|S096|S149|S205,2023-07-03T08:27:07,supply_context,1,Manufacturing,Downstream,Path_L
H03577,U0716,C035,I013,F006,O032,S031|S039|S060|S064|S088|S115|S137|S163,2023-07-03T09:15:59,supply_context,0,,,
H04082,U0817,C045,I009,F004,O020,S033|S034|S038|S093|S108|S124|S127|S238,2023-07-03T10:04:08,collaboration_context,0,,,
H00912,U0183,C132,I019,F001,O002,S021|S031|S125|S204|S227,2023-07-03T10:27:41,skill_context,0,,,
H00392,U0079,C174,I005,F014,O071,S009|S027|S127|S172|S201,2023-07-03T10:42:50,collaboration_context,1,Supplier Management,Upstream,Path_L
H06162,U1233,C289,I018,F004,O021,S046|S049|S072|S192|S233|S237,2023-07-03T12:06:23,skill_context,0,,,
H03972,U0795,C264,I021,F011,O055,S016|S049|S127|S150|S173|S188|S213,2023-07-03T12:40:50,collaboration_context,1,Supplier Management,Midstream,Path_K
H03082,U0617,C176,I007,F016,O081,S018|S024|S089|S110|S141|S187|S202,2023-07-03T13:08:43,skill_context,0,,,
H06297,U1260,C286,I009,F016,O081,S077|S126|S132|S184|S185,2023-07-03T13:10:12,collaboration_context,0,,,
H02902,U0581,C173,I016,F002,O008,S009|S019|S069|S110|S132|S158|S170|S194,2023-07-03T14:20:56,collaboration_context,0,,,
H01047,U0210,C093,I002,F015,O079,S051|S093|S105|S134|S199|S219|S102,2023-07-03T15:05:42,collaboration_context,0,,,
H05372,U1075,C128,I011,F010,O051,S026|S038|S061|S108|S109|S133|S177|S222,2023-07-03T15:12:34,work_context,1,Procurement,Midstream,Path_G
H06552,U1311,C283,I010,F003,O012,S025|S070|S072|S088|S174|S191,2023-07-03T15:44:06,skill_context,1,Logistics,Upstream,Path_H
H05812,U1163,C029,I003,F003,O015,S040|S045|S054|S064|S128,2023-07-03T15:52:57,supply_context,0,,,
H04852,U0971,C313,I015,F016,O083,S031|S032|S067|S070|S097|S146|S164|S207,2023-07-03T19:11:49,work_context,0,,,
H04947,U0990,C113,I004,F015,O080,S063|S090|S113|S184|S196|S226,2023-07-03T20:40:26,skill_context,0,,,
H02717,U0544,C288,I014,F004,O021,S005|S011|S038|S087|S121|S165|S168|S199,2023-07-03T23:46:02,skill_context,1,Procurement,Midstream,Path_B
H03677,U0736,C288,I014,F012,O061,S037|S038|S051|S078|S206|S215,2023-07-04T01:22:35,supply_context,0,,,
H04522,U0905,C122,I015,F005,O023,S030|S044|S071|S096|S130|S212,2023-07-04T01:22:59,skill_context,0,,,
H01767,U0354,C307,I023,F012,O062,S038|S083|S093|S117|S172|S193|S205,2023-07-04T01:45:38,skill_context,0,,,
H01282,U0257,C075,I011,F002,O011,S063|S081|S090|S102|S111|S134|S204,2023-07-04T05:21:41,collaboration_context,1,Supplier Management,Midstream,Path_K
H02577,U0516,C304,I020,F012,O064,S001|S074|S144|S199|S204|S212,2023-07-04T05:53:58,supply_context,1,Logistics,Midstream,Path_D
H02107,U0422,C195,I007,F018,O094,S006|S055|S076|S079|S154|S171|S239,2023-07-04T07:16:32,supply_context,1,Retail,Downstream,Path_J
H04392,U0879,C243,I008,F009,O046,S038|S071|S098|S172|S200,2023-07-04T07:37:19,work_context,0,,,
H01652,U0331,C077,I019,F013,O067,S140|S146|S164|S168|S204,2023-07-04T07:47:42,work_context,1,Retail,Upstream,Path_J
H04497,U0900,C119,I013,F017,O088,S089|S146|S175|S180|S209,2023-07-04T07:49:47,supply_context,1,SCM,Midstream,Path_B
H06912,U1383,C307,I023,F012,O064,S012|S021|S098|S158|S173|S201,2023-07-04T08:03:13,work_context,1,SCM,Downstream,Path_F
H02207,U0442,C163,I002,F018,O094,S039|S050|S157|S199|S210|S166,2023-07-04T08:03:56,supply_context,1,Procurement,Downstream,Path_B
H05407,U1082,C227,I019,F007,O034,S007|S045|S110|S177|S188|S195|S235,2023-07-04T08:47:06,supply_context,0,,,
H00347,U0070,C266,I016,F011,O058,S062|S147|S166|S192|S207,2023-07-04T10:54:35,work_context,0,,,
H03012,U0603,C107,I006,F010,O054,S001|S060|S097|S119|S225,2023-07-04T12:27:18,supply_context,1,Procurement,Downstream,Path_G
H04842,U0969,C309,I020,F015,O076,S019|S056|S076|S097|S117|S200|S222,2023-07-04T12:38:40,collaboration_context,0,,,
H04832,U0967,C095,I012,F017,O090,S010|S030|S063|S072|S141|S235|S126,2023-07-04T14:49:56,collaboration_context,1,Distribution,Upstream,Path_G
H00437,U0088,C199,I021,F003,O012,S083|S088|S098|S114|S140|S161,2023-07-04T16:34:03,supply_context,0,,,
H03822,U0765,C311,I018,F010,O051,S028|S131|S143|S191|S212|S024,2023-07-04T19:24:08,skill_context,0,,,
H03582,U0717,C039,I023,F003,O016,S009|S019|S025|S115|S123|S140|S142|S175,2023-07-04T20:17:44,supply_context,0,,,
H01587,U0318,C243,I008,F016,O084,S006|S072|S078|S131|S160|S206|S218,2023-07-04T20:23:42,collaboration_context,1,SCM,Upstream,Path_D
H05787,U1158,C037,I009,F015,O076,S012|S013|S118|S119|S121|S218|S220|S227,2023-07-04T20:47:12,collaboration_context,0,,,
H02792,U0559,C148,I005,F014,O071,S019|S044|S073|S132|S208,2023-07-04T21:07:03,work_context,1,Procurement,Upstream,Path_C
H03547,U0710,C173,I016,F009,O045,S022|S051|S073|S074|S197|S220,2023-07-04T21:21:09,work_context,0,,,
H01477,U0296,C106,I021,F002,O010,S035|S038|S080|S104|S133|S136|S222|S229,2023-07-04T22:06:56,supply_context,1,Manufacturing,Midstream,Path_A
H02617,U0524,C160,I005,F013,O069,S040|S106|S108|S114|S133|S159|S101,2023-07-04T23:06:50,collaboration_context,1,Distribution,Downstream,Path_I
H06727,U1346,C240,I002,F015,O078,S035|S083|S126|S128|S134|S167|S183,2023-07-05T00:01:10,work_context,0,,,
H04502,U0901,C219,I024,F007,O035,S056|S072|S079|S161|S164|S166|S179|S231,2023-07-05T00:19:24,skill_context,0,,,
H05172,U1035,C180,I005,F011,O059,S011|S024|S032|S056|S117|S122|S192|S236,2023-07-05T01:29:15,skill_context,0,,,
H04542,U0909,C274,I017,F009,O046,S009|S062|S143|S144|S150|S185|S205|S227,2023-07-05T01:37:17,collaboration_context,0,,,
H04182,U0837,C037,I009,F001,O004,S021|S056|S105|S148|S177|S233|S234|S238,2023-07-05T02:39:00,collaboration_context,1,Logistics,Downstream,Path_G
H00227,U0046,C226,I008,F013,O067,S011|S051|S063|S135|S217,2023-07-05T02:48:52,collaboration_context,0,,,
H03542,U0709,C112,I008,F010,O050,S068|S077|S079|S155|S175|S202|S229|S237,2023-07-05T03:03:51,collaboration_context,0,,,
H01202,U0241,C141,I019,F002,O011,S029|S041|S129|S149|S173,2023-07-05T04:33:21,skill_context,1,Distribution,Downstream,Path_L
H00242,U0049,C090,I003,F017,O091,S009|S032|S158|S176|S183|S192|S193,2023-07-05T04:35:08,collaboration_context,0,,,
H02842,U0569,C223,I012,F001,O005,S097|S104|S144|S170|S171,2023-07-05T05:14:02,supply_context,1,Retail,Midstream,Path_B
H06362,U1273,C149,I009,F007,O034,S019|S125|S140|S158|S208|S214|S231|S234,2023-07-05T05:46:01,skill_context,0,,,
H01262,U0253,C023,I015,F005,O024,S070|S074|S085|S139|S218|S221,2023-07-05T07:25:29,work_context,1,Distribution,Upstream,Path_F
H05412,U1083,C282,I017,F014,O074,S032|S083|S106|S112|S131|S136|S146|S162,2023-07-05T08:16:07,supply_context,0,,,
H05717,U1144,C163,I002,F018,O093,S005|S024|S065|S073|S109|S175|S217,2023-07-05T10:19:47,skill_context,0,,,
H04657,U0932,C195,I007,F017,O091,S070|S093|S114|S179|S203|S222|S120,2023-07-05T10:25:35,work_context,0,,,
H06647,U1330,C146,I017,F003,O016,S068|S092|S109|S115|S132|S146|S147|S238,2023-07-05T11:05:16,work_context,1,Supplier Management,Upstream,Path_I
H02677,U0536,C181,I012,F013,O066,S042|S078|S144|S205|S213,2023-07-05T12:51:28,collaboration_context,0,,,
H01312,U0263,C303,I008,F001,O002,S024|S112|S173|S174|S176|S195|S231|S022,2023-07-05T13:24:50,skill_context,0,,,
H06157,U1232,C228,I008,F008,O041,S015|S032|S063|S089|S139|S173|S217,2023-07-05T14:29:31,supply_context,0,,,
H01937,U0388,C017,I012,F013,O070,S002|S038|S055|S070|S115|S120,2023-07-05T14:37:27,supply_context,0,,,
H03957,U0792,C062,I010,F018,O096,S004|S014|S036|S067|S120|S166|S184|S225,2023-07-05T15:15:06,work_context,0,,,
H06137,U1228,C044,I017,F001,O005,S029|S067|S107|S142|S188|S200|S202,2023-07-05T15:22:18,skill_context,1,Distribution,Upstream,Path_B
H00982,U0197,C158,I014,F011,O055,S042|S043|S053|S071|S119|S158|S221|S229,2023-07-05T15:30:35,supply_context,0,,,
H04292,U0859,C122,I015,F008,O042,S018|S024|S122|S126|S190|S199,2023-07-05T16:24:27,skill_context,0,,,
H02582,U0517,C138,I021,F012,O060,S055|S127|S172|S185|S217|S020,2023-07-05T18:10:08,work_context,0,,,
H01992,U0399,C084,I014,F008,O041,S039|S067|S073|S172|S214,2023-07-05T19:20:58,skill_context,1,Manufacturing,Midstream,Path_F
H04272,U0855,C211,I004,F005,O024,S025|S050|S065|S100|S144|S190|S233|S060,2023-07-05T20:33:54,skill_context,0,,,
H05732,U1147,C230,I002,F016,O085,S013|S021|S037|S044|S047|S194|S230,2023-07-05T21:39:55,supply_context,0,,,
H06092,U1219,C072,I010,F008,O041,S018|S090|S148|S161|S171|S017,2023-07-05T22:44:50,supply_context,0,,,
H06582,U1317,C112,I008,F014,O072,S064|S079|S155|S195|S232,2023-07-05T22:52:03,collaboration_context,0,,,
H02012,U0403,C223,I012,F011,O055,S041|S087|S095|S111|S112|S150|S225|S003,2023-07-05T23:26:25,supply_context,0,,,
H02912,U0583,C118,I013,F010,O051,S035|S041|S053|S163|S168|S231|S236,2023-07-06T00:21:13,skill_context,1,Distribution,Upstream,Path_I
H06467,U1294,C125,I007,F018,O092,S078|S084|S086|S154|S170,2023-07-06T00:39:06,supply_context,0,,,
H04142,U0829,C064,I005,F009,O048,S034|S072|S128|S140|S194,2023-07-06T03:18:46,supply_context,0,,,
H02752,U0551,C192,I010,F001,O002,S013|S015|S097|S106|S120|S160|S206|S221,2023-07-06T03:57:37,collaboration_context,0,,,
H03277,U0656,C181,I012,F018,O095,S053|S064|S112|S127|S190|S219,2023-07-06T04:10:58,work_context,0,,,
H02527,U0506,C089,I007,F011,O057,S012|S054|S097|S141|S231,2023-07-06T05:05:42,work_context,0,,,
H01242,U0249,C017,I012,F018,O093,S093|S102|S103|S133|S187|S188,2023-07-06T07:30:06,collaboration_context,1,SCM,Downstream,Path_E
H00167,U0034,C081,I007,F014,O071,S087|S117|S179|S203|S240,2023-07-06T09:14:04,skill_context,1,Logistics,Midstream,Path_K
H06732,U1347,C051,I019,F004,O020,S031|S099|S129|S166|S186|S192|S231,2023-07-06T09:59:29,skill_context,0,,,
H05487,U1098,C068,I006,F003,O014,S053|S098|S102|S120|S174|S209|S226,2023-07-06T10:20:01,supply_context,0,,,
H00847,U0170,C274,I017,F013,O068,S044|S057|S152|S204|S211,2023-07-06T11:20:00,skill_context,0,,,
H02622,U0525,C104,I024,F003,O016,S049|S072|S098|S141|S157|S162,2023-07-06T14:12:08,skill_context,0,,,
H05682,U1137,C301,I007,F013,O067,S071|S087|S121|S146|S192,2023-07-06T14:46:26,work_context,0,,,
H06897,U1380,C297,I023,F001,O004,S033|S043|S059|S067|S069|S088|S212|S226,2023-07-06T16:10:45,work_context,1,Distribution,Downstream,Path_A
H06637,U1328,C222,I003,F018,O096,S073|S078|S122|S195|S214,2023-07-06T16:39:19,collaboration_context,1,Supplier Management,Upstream,Path_J
H04222,U0845,C171,I018,F007,O038,S014|S024|S058|S067|S130,2023-07-06T16:52:50,work_context,0,,,
H03557,U0712,C183,I006,F015,O080,S025|S052|S084|S091|S113|S122|S239,2023-07-06T17:19:46,work_context,0,,,
H04352,U0871,C293,I001,F006,O030,S004|S051|S124|S174|S194,2023-07-06T17:30:27,supply_context,0,,,
H05162,U1033,C233,I006,F007,O034,S039|S059|S068|S102|S135,2023-07-06T17:31:36,supply_context,1,Retail,Downstream,Path_E
H06237,U1248,C015,I001,F001,O002,S026|S027|S048|S095|S172|S180|S239|S107,2023-07-06T18:47:30,skill_context,0,,,
H03007,U0602,C079,I021,F010,O049,S077|S108|S130|S156|S159|S174|S180,2023-07-06T18:50:17,collaboration_context,1,Procurement,Midstream,Path_I
H03977,U0796,C104,I024,F013,O067,S025|S039|S196|S204|S225|S135,2023-07-06T20:03:55,supply_context,1,Supplier Management,Downstream,Path_B
H06442,U1289,C096,I017,F012,O064,S007|S008|S016|S038|S063|S138|S238,2023-07-06T20:48:41,supply_context,1,SCM,Midstream,Path_E
H04682,U0937,C033,I024,F005,O025,S010|S024|S043|S103|S104|S231|S235|S209,2023-07-06T21:20:37,supply_context,0,,,
H06472,U1295,C250,I012,F001,O006,S021|S031|S038|S076|S080|S129|S161|S198,2023-07-06T21:42:40,supply_context,1,SCM,Midstream,Path_E
H06902,U1381,C299,I015,F002,O010,S023|S064|S155|S202|S234,2023-07-07T00:16:21,work_context,0,,,
H02467,U0494,C074,I016,F017,O089,S054|S055|S067|S088|S132|S086,2023-07-07T00:19:39,skill_context,1,Procurement,Midstream,Path_E
H06627,U1326,C209,I019,F001,O005,S007|S029|S089|S118|S191|S225|S239|S138,2023-07-07T00:57:58,work_context,0,,,
H05807,U1162,C167,I002,F018,O094,S018|S072|S094|S116|S146|S168|S209|S223,2023-07-07T01:27:46,collaboration_context,1,Procurement,Downstream,Path_H
H05052,U1011,C241,I013,F003,O016,S024|S071|S085|S096|S141|S221|S225|S236,2023-07-07T01:41:56,work_context,1,SCM,Midstream,Path_F
H04902,U0981,C167,I002,F014,O071,S019|S076|S141|S158|S191|S068,2023-07-07T03:08:17,skill_context,0,,,
H04892,U0979,C063,I003,F017,O091,S019|S126|S135|S182|S212|S213|S218|S219,2023-07-07T03:12:52,skill_context,0,,,
H05722,U1145,C203,I002,F009,O047,S123|S128|S141|S209|S217|S229,2023-07-07T03:27:14,supply_context,0,,,
H02177,U0436,C124,I001,F013,O065,S026|S055|S087|S138|S151|S201|S213|S223,2023-07-07T03:49:11,collaboration_context,0,,,
H03437,U0688,C031,I003,F009,O044,S003|S040|S068|S076|S113|S161|S178|S208,2023-07-07T04:15:52,work_context,0,,,
H05867,U1174,C192,I010,F002,O009,S065|S076|S109|S191|S208|S240,2023-07-07T04:54:00,work_context,0,,,
H05067,U1014,C267,I008,F003,O014,S022|S062|S110|S155|S162|S185|S216|S010,2023-07-07T06:01:22,work_context,1,Distribution,Downstream,Path_B
H06937,U1388,C231,I015,F008,O040,S056|S095|S103|S158|S210|S214|S237|S065,2023-07-07T07:38:39,work_context,0,,,
H01622,U0325,C037,I009,F001,O001,S059|S072|S075|S093|S140,2023-07-07T07:53:45,collaboration_context,1,Manufacturing,Midstream,Path_L
H00942,U0189,C150,I001,F012,O063,S099|S139|S162|S206|S218|S240,2023-07-07T08:07:21,collaboration_context,0,,,
H02302,U0461,C203,I002,F008,O040,S004|S036|S051|S120|S140|S151|S219|S231,2023-07-07T08:42:23,skill_context,0,,,
H03702,U0741,C183,I006,F001,O004,S044|S085|S160|S167|S178|S222|S236|S018,2023-07-07T08:49:21,skill_context,1,Logistics,Upstream,Path_K
H06577,U1316,C063,I003,F003,O013,S008|S043|S107|S122|S165|S195|S218,2023-07-07T09:07:35,supply_context,1,Retail,Downstream,Path_H
H02592,U0519,C103,I011,F008,O039,S038|S106|S143|S168|S174|S180,2023-07-07T09:21:21,collaboration_context,0,,,
H01567,U0314,C102,I009,F007,O037,S066|S085|S102|S105|S114|S210,2023-07-07T10:51:27,collaboration_context,0,,,
H06947,U1390,C015,I001,F007,O034,S002|S073|S101|S123|S133|S142|S206|S233,2023-07-07T11:23:20,supply_context,0,,,
H04822,U0965,C219,I024,F010,O050,S004|S077|S087|S088|S138,2023-07-07T12:01:24,skill_context,1,SCM,Midstream,Path_E
H04202,U0841,C048,I005,F013,O068,S001|S054|S102|S109|S113|S200|S216|S227,2023-07-07T12:31:36,collaboration_context,0,,,
H03852,U0771,C145,I012,F002,O010,S027|S051|S062|S079|S129|S156|S170,2023-07-07T13:25:26,skill_context,1,SCM,Upstream,Path_G
H05657,U1132,C205,I006,F001,O001,S024|S071|S081|S108|S139|S140|S152|S185,2023-07-07T13:50:26,skill_context,0,,,
H05842,U1169,C213,I020,F002,O007,S057|S063|S105|S127|S128|S145,2023-07-07T14:34:34,skill_context,0,,,
H02632,U0527,C267,I008,F008,O039,S028|S043|S112|S119|S165|S197|S206,2023-07-07T15:19:20,work_context,1,Procurement,Midstream,Path_L
H06532,U1307,C085,I023,F010,O054,S014|S086|S093|S121|S171|S194|S196,2023-07-07T15:30:53,supply_context,1,Manufacturing,Midstream,Path_H
H05012,U1003,C201,I014,F003,O012,S048|S080|S118|S121|S219,2023-07-07T16:02:16,work_context,1,Procurement,Downstream,Path_L
H07017,U1404,C185,I021,F013,O070,S058|S116|S121|S138|S158|S049,2023-07-07T17:26:50,skill_context,0,,,
H01637,U0328,C184,I001,F006,O030,S102|S140|S202|S214|S221|S036|S191,2023-07-07T17:36:51,supply_context,0,,,
H00297,U0060,C245,I003,F012,O064,S064|S083|S087|S111|S125,2023-07-07T17:42:41,supply_context,0,,,
H03757,U0752,C219,I024,F018,O092,S004|S064|S081|S111|S181|S218,2023-07-07T18:24:30,work_context,0,,,
H04552,U0911,C014,I007,F011,O058,S064|S085|S157|S195|S203|S207,2023-07-07T18:33:25,work_context,1,Supplier Management,Upstream,Path_J
H05097,U1020,C043,I019,F008,O043,S082|S084|S099|S143|S157,2023-07-07T19:29:50,supply_context,0,,,
H01492,U0299,C085,I023,F002,O009,S006|S040|S043|S062|S109|S120|S131|S215,2023-07-07T21:53:08,supply_context,0,,,
H00917,U0184,C156,I005,F008,O043,S058|S070|S124|S134|S138|S163|S168,2023-07-07T22:22:22,collaboration_context,0,,,
H02352,U0471,C304,I020,F002,O009,S053|S060|S103|S175|S213|S210,2023-07-07T22:35:10,collaboration_context,1,Logistics,Midstream,Path_A
H04922,U0985,C308,I012,F009,O045,S011|S043|S058|S133|S182|S205|S234,2023-07-07T23:17:32,skill_context,1,Manufacturing,Midstream,Path_A
H05617,U1124,C043,I019,F008,O043,S073|S125|S145|S146|S167|S029,2023-07-08T01:42:08,work_context,0,,,
H03447,U0690,C233,I006,F014,O071,S025|S027|S055|S071|S083|S174|S202|S205,2023-07-08T02:55:58,supply_context,1,Logistics,Upstream,Path_G
H02022,U0405,C136,I023,F005,O027,S017|S025|S045|S135|S144|S208,2023-07-08T04:20:35,work_context,1,Supplier Management,Upstream,Path_C
H00327,U0066,C307,I023,F011,O059,S124|S132|S154|S155|S208|S216|S219|S236,2023-07-08T05:43:08,supply_context,0,,,
H05332,U1067,C289,I018,F014,O073,S004|S027|S056|S061|S177|S178|S182|S194,2023-07-08T06:47:06,collaboration_context,0,,,
H04672,U0935,C081,I007,F004,O017,S033|S084|S099|S111|S162|S168|S199|S225,2023-07-08T07:07:31,collaboration_context,0,,,
H03392,U0679,C240,I002,F018,O094,S001|S072|S108|S109|S168|S220,2023-07-08T07:08:00,skill_context,1,Logistics,Upstream,Path_I
H04877,U0976,C037,I009,F012,O064,S004|S101|S113|S120|S140|S166|S204,2023-07-08T09:29:42,work_context,0,,,
H03712,U0743,C087,I011,F017,O091,S046|S100|S120|S143|S165|S175|S190|S204,2023-07-08T10:59:36,work_context,0,,,
H05177,U1036,C156,I005,F009,O045,S109|S117|S145|S151|S215,2023-07-08T11:32:51,work_context,0,,,
H01902,U0381,C046,I001,F001,O005,S002|S082|S090|S139|S142|S228|S230|S233,2023-07-08T13:44:47,collaboration_context,0,,,
H05937,U1188,C287,I016,F016,O084,S008|S035|S118|S135|S173|S177|S182|S200,2023-07-08T14:34:44,skill_context,1,SCM,Downstream,Path_G
H04952,U0991,C138,I021,F016,O082,S051|S066|S070|S078|S201|S205,2023-07-08T15:09:58,collaboration_context,1,Retail,Upstream,Path_A
H05572,U1115,C019,I018,F018,O094,S025|S037|S114|S146|S151|S234,2023-07-08T15:43:31,supply_context,1,Procurement,Downstream,Path_H
H01487,U0298,C238,I004,F007,O035,S007|S020|S132|S175|S240,2023-07-08T17:08:28,supply_context,1,Manufacturing,Midstream,Path_I
H03727,U0746,C317,I002,F018,O096,S007|S044|S045|S109|S149|S200|S223|S224,2023-07-08T17:16:33,collaboration_context,0,,,
H05057,U1012,C125,I007,F016,O081,S010|S023|S033|S110|S151|S234,2023-07-08T21:55:40,skill_context,0,,,
H06047,U1210,C055,I023,F003,O012,S035|S041|S080|S081|S113|S231,2023-07-09T00:10:07,work_context,1,Procurement,Midstream,Path_B
H07007,U1402,C048,I005,F001,O005,S010|S084|S093|S130|S186|S187|S183,2023-07-09T00:13:42,supply_context,1,Manufacturing,Upstream,Path_J
H00202,U0041,C146,I017,F012,O064,S017|S074|S080|S099|S114|S182|S201,2023-07-09T00:19:33,work_context,1,Logistics,Upstream,Path_I
H06202,U1241,C141,I019,F001,O004,S102|S123|S161|S189|S215|S198,2023-07-09T00:44:42,skill_context,0,,,
H05952,U1191,C162,I001,F013,O065,S023|S038|S074|S126|S152|S229|S232,2023-07-09T01:51:33,collaboration_context,1,Procurement,Midstream,Path_C
H01927,U0386,C078,I009,F018,O095,S056|S064|S065|S088|S104|S120|S165|S201,2023-07-09T02:12:13,skill_context,1,Retail,Downstream,Path_E
H03177,U0636,C130,I014,F012,O062,S088|S092|S096|S106|S109|S127|S181|S236,2023-07-09T02:14:16,supply_context,1,Retail,Downstream,Path_A
H02362,U0473,C147,I008,F015,O080,S020|S159|S203|S214|S230,2023-07-09T02:24:45,work_context,1,SCM,Midstream,Path_F
H03492,U0699,C253,I021,F016,O081,S026|S050|S054|S072|S134|S124,2023-07-09T03:41:45,work_context,1,Retail,Upstream,Path_G
H05362,U1073,C316,I013,F010,O054,S038|S127|S193|S203|S229|S101,2023-07-09T04:11:48,skill_context,1,Distribution,Upstream,Path_D
H03322,U0665,C223,I012,F015,O079,S041|S055|S082|S098|S119|S162,2023-07-09T04:25:22,skill_context,1,SCM,Downstream,Path_I
H05832,U1167,C139,I008,F010,O054,S021|S029|S039|S080|S099|S199|S222|S224,2023-07-09T04:31:09,skill_context,1,SCM,Downstream,Path_F
H01342,U0269,C158,I014,F014,O073,S008|S064|S086|S126|S145|S153|S213,2023-07-09T05:03:42,collaboration_context,0,,,
H00642,U0129,C247,I003,F014,O073,S063|S067|S068|S082|S088|S115|S036,2023-07-09T07:48:26,work_context,0,,,
H00417,U0084,C078,I009,F011,O059,S066|S075|S089|S090|S103|S147|S196,2023-07-09T08:13:01,skill_context,0,,,
H03427,U0686,C120,I017,F005,O025,S008|S037|S053|S060|S161|S185|S221|S147,2023-07-09T08:36:54,skill_context,0,,,
H02762,U0553,C119,I013,F012,O062,S006|S013|S052|S099|S169|S184|S216|S221,2023-07-09T11:21:00,skill_context,0,,,
H02227,U0446,C190,I023,F015,O080,S068|S087|S116|S205|S224,2023-07-09T11:23:08,supply_context,0,,,
H06117,U1224,C108,I024,F001,O004,S034|S039|S047|S144|S157|S183|S202|S234,2023-07-09T11:37:18,collaboration_context,1,Distribution,Downstream,Path_D
H05932,U1187,C060,I011,F004,O020,S005|S022|S046|S083|S120|S184|S239,2023-07-09T12:00:25,supply_context,0,,,
H05707,U1142,C257,I006,F012,O060,S029|S059|S060|S062|S145|S146|S183|S224,2023-07-09T12:30:15,skill_context,0,,,
H06337,U1268,C307,I023,F012,O064,S048|S118|S130|S188|S204|S214,2023-07-09T12:46:13,collaboration_context,0,,,
H00662,U0133,C091,I015,F012,O062,S019|S068|S069|S105|S165|S171,2023-07-09T12:52:06,supply_context,1,SCM,Midstream,Path_G
H02252,U0451,C304,I020,F015,O079,S010|S025|S123|S136|S151|S166|S154,2023-07-09T13:02:22,work_context,0,,,
H02852,U0571,C154,I022,F003,O013,S030|S168|S180|S199|S228,2023-07-09T13:07:26,supply_context,0,,,
H06887,U1378,C029,I003,F016,O083,S037|S059|S062|S084|S099|S155|S209|S221,2023-07-09T13:21:49,supply_context,1,Retail,Upstream,Path_B
H01107,U0222,C038,I006,F008,O042,S026|S027|S063|S099|S118|S122|S158|S171,2023-07-09T15:09:41,collaboration_context,0,,,
H01842,U0369,C259,I009,F013,O070,S082|S097|S121|S147|S170|S191|S223|S225,2023-07-09T15:28:37,work_context,0,,,
H03552,U0711,C224,I004,F001,O006,S034|S058|S062|S103|S115|S188|S198,2023-07-09T16:53:02,work_context,1,Distribution,Downstream,Path_E
H01887,U0378,C289,I018,F008,O042,S050|S099|S108|S122|S128|S170|S189|S192,2023-07-09T17:16:25,collaboration_context,0,,,
H05312,U1063,C296,I011,F017,O088,S054|S058|S166|S178|S206,2023-07-09T18:47:07,work_context,1,Manufacturing,Downstream,Path_G
H04847,U0970,C154,I022,F003,O013,S008|S017|S026|S087|S102|S131|S238|S201,2023-07-09T19:24:02,collaboration_context,1,Retail,Upstream,Path_H
H05222,U1045,C048,I005,F004,O021,S022|S069|S095|S130|S138|S156|S186|S234,2023-07-09T19:54:47,collaboration_context,1,SCM,Downstream,Path_I
H02942,U0589,C160,I005,F007,O033,S009|S021|S142|S192|S196|S201|S024|S089,2023-07-09T21:12:17,supply_context,0,,,
H01397,U0280,C227,I019,F006,O028,S046|S121|S132|S184|S234,2023-07-09T21:18:56,collaboration_context,0,,,
H01327,U0266,C146,I017,F011,O059,S004|S036|S042|S049|S113|S153|S177|S236,2023-07-09T22:59:15,collaboration_context,0,,,
H05742,U1149,C251,I004,F007,O037,S015|S025|S064|S068|S070|S077|S180|S206,2023-07-10T00:48:33,work_context,0,,,
H00187,U0038,C017,I012,F013,O067,S125|S145|S150|S185|S195,2023-07-10T01:31:06,skill_context,0,,,
H06562,U1313,C142,I010,F005,O027,S012|S026|S030|S052|S065|S137|S174,2023-07-10T01:48:39,work_context,0,,,
H02462,U0493,C050,I013,F008,O041,S009|S018|S068|S070|S077|S147|S175|S218,2023-07-10T02:23:40,collaboration_context,0,,,
H03697,U0740,C161,I009,F002,O008,S068|S081|S108|S126|S179|S221|S224,2023-07-10T02:39:20,collaboration_context,0,,,
H03512,U0703,C038,I006,F013,O065,S041|S047|S066|S067|S199,2023-07-10T03:23:37,skill_context,0,,,
H06837,U1368,C207,I008,F008,O040,S004|S014|S091|S099|S105|S136|S145|S199,2023-07-10T04:16:12,skill_context,1,Retail,Downstream,Path_K
H04737,U0948,C153,I023,F017,O088,S030|S040|S172|S187|S188|S198|S238,2023-07-10T04:32:43,work_context,1,Logistics,Downstream,Path_E
H02922,U0585,C303,I008,F008,O040,S005|S029|S046|S048|S066|S113|S195,2023-07-10T05:36:30,skill_context,0,,,
H00307,U0062,C086,I010,F015,O077,S077|S120|S125|S128|S162|S217|S220|S233,2023-07-10T06:45:23,collaboration_context,1,Supplier Management,Upstream,Path_G
H01967,U0394,C088,I009,F011,O056,S017|S052|S078|S082|S154,2023-07-10T07:05:58,collaboration_context,0,,,
H06827,U1366,C258,I010,F005,O023,S050|S069|S132|S211|S237,2023-07-10T07:26:58,collaboration_context,1,Logistics,Midstream,Path_B
H04942,U0989,C258,I010,F016,O083,S023|S038|S083|S116|S144|S162|S191|S239,2023-07-10T11:20:41,collaboration_context,1,Manufacturing,Downstream,Path_H
H06177,U1236,C122,I015,F014,O073,S019|S024|S032|S043|S048|S071|S205|S228,2023-07-10T12:29:58,collaboration_context,0,,,
H05792,U1159,C307,I023,F017,O089,S003|S034|S063|S095|S109|S187|S198,2023-07-10T14:02:10,work_context,0,,,
H05502,U1101,C279,I021,F003,O016,S006|S041|S072|S090|S105|S124|S203,2023-07-10T14:29:57,skill_context,0,,,
H00797,U0160,C107,I006,F001,O006,S026|S112|S123|S201|S220,2023-07-10T15:18:04,collaboration_context,0,,,
H03077,U0616,C048,I005,F012,O060,S086|S088|S089|S103|S185|S193,2023-07-10T16:42:55,work_context,0,,,
H06832,U1367,C297,I023,F002,O011,S042|S069|S118|S131|S154|S158|S210|S231,2023-07-10T18:04:35,supply_context,0,,,
H03187,U0638,C043,I019,F015,O079,S044|S188|S214|S217|S231,2023-07-10T18:35:58,collaboration_context,0,,,
H05047,U1010,C045,I009,F007,O037,S014|S136|S144|S155|S206|S224|S179,2023-07-10T20:19:07,skill_context,1,Distribution,Upstream,Path_A
H05227,U1046,C182,I011,F009,O045,S055|S095|S104|S109|S159,2023-07-10T21:53:39,supply_context,1,Procurement,Upstream,Path_A
H02607,U0522,C290,I023,F013,O065,S008|S037|S076|S088|S143|S160|S163|S228,2023-07-10T22:23:22,supply_context,0,,,
H03457,U0692,C180,I005,F001,O005,S015|S024|S028|S077|S096|S187|S195|S234,2023-07-10T23:03:20,skill_context,0,,,
H06352,U1271,C209,I019,F001,O002,S006|S153|S190|S191|S238|S044,2023-07-11T01:13:52,work_context,1,Logistics,Midstream,Path_K
H06327,U1266,C254,I022,F015,O079,S041|S093|S098|S108|S167|S196|S207|S214,2023-07-11T01:33:21,supply_context,1,Procurement,Midstream,Path_F
H04012,U0803,C063,I003,F004,O020,S018|S054|S067|S089|S187,2023-07-11T04:34:10,skill_context,1,Distribution,Midstream,Path_B
H04107,U0822,C136,I023,F006,O028,S021|S034|S049|S067|S109|S131|S168|S201,2023-07-11T07:12:18,supply_context,0,,,
H02682,U0537,C269,I019,F016,O082,S019|S069|S098|S127|S169|S189|S198,2023-07-11T07:30:02,skill_context,1,Manufacturing,Midstream,Path_F
H05677,U1136,C278,I004,F018,O093,S016|S022|S031|S047|S053|S151|S214,2023-07-11T08:58:01,collaboration_context,1,SCM,Upstream,Path_D
H00887,U0178,C094,I006,F001,O004,S007|S026|S047|S059|S088|S126|S216|S240,2023-07-11T09:24:59,work_context,0,,,
H00757,U0152,C286,I009,F002,O007,S004|S037|S080|S119|S177|S198|S128,2023-07-11T09:26:34,work_context,0,,,
H00947,U0190,C048,I005,F017,O088,S077|S085|S116|S143|S158|S166,2023-07-11T09:37:19,work_context,1,Supplier Management,Downstream,Path_A
H04827,U0966,C084,I014,F014,O074,S003|S046|S078|S125|S204|S205,2023-07-11T11:24:14,supply_context,0,,,
H03602,U0721,C241,I013,F013,O065,S039|S048|S050|S073|S079|S185|S208|S214,2023-07-11T12:35:06,skill_context,1,SCM,Downstream,Path_K
H00507,U0102,C027,I021,F008,O039,S023|S042|S083|S147|S167|S189|S231|S235,2023-07-11T13:21:02,collaboration_context,1,Logistics,Upstream,Path_A
H06272,U1255,C262,I003,F009,O044,S012|S031|S046|S062|S099|S143|S164|S180,2023-07-11T14:34:21,work_context,0,,,
H02272,U0455,C218,I021,F015,O078,S046|S069|S079|S212|S214,2023-07-11T14:44:20,supply_context,1,Retail,Upstream,Path_D
H00447,U0090,C074,I016,F018,O096,S038|S068|S076|S080|S127|S138|S198|S239,2023-07-11T16:05:38,skill_context,0,,,
H04882,U0977,C194,I010,F014,O072,S065|S068|S110|S160|S195|S196|S197|S199,2023-07-11T17:16:24,supply_context,0,,,
H01717,U0344,C037,I009,F003,O012,S007|S048|S101|S128|S231|S234,2023-07-11T18:52:21,supply_context,0,,,
H06342,U1269,C208,I009,F006,O028,S035|S104|S112|S135|S177|S192|S083,2023-07-11T19:30:29,supply_context,1,Procurement,Upstream,Path_H
H05982,U1197,C050,I013,F013,O069,S024|S050|S065|S137|S199|S228,2023-07-11T19:40:18,supply_context,0,,,
H05297,U1060,C169,I011,F010,O053,S037|S062|S065|S132|S181|S193|S207,2023-07-11T21:07:37,supply_context,0,,,
H03737,U0748,C270,I003,F016,O082,S034|S058|S105|S149|S215,2023-07-11T21:33:35,work_context,0,,,
H03622,U0725,C285,I024,F013,O065,S005|S134|S144|S160|S179|S207|S215|S233,2023-07-11T22:15:54,supply_context,0,,,
H03627,U0726,C121,I001,F008,O042,S010|S024|S026|S036|S071|S117|S197,2023-07-11T23:10:43,collaboration_context,1,SCM,Midstream,Path_I
H04567,U0914,C007,I017,F008,O041,S004|S059|S063|S114|S119|S163|S192|S127,2023-07-12T00:10:04,work_context,1,SCM,Downstream,Path_C
H04767,U0954,C031,I003,F002,O010,S001|S049|S060|S078|S187|S138,2023-07-12T00:13:00,collaboration_context,1,Supplier Management,Downstream,Path_J
H01432,U0287,C155,I005,F007,O034,S057|S065|S098|S137|S164|S168|S171|S227,2023-07-12T02:01:44,skill_context,0,,,
H06387,U1278,C168,I023,F015,O079,S014|S057|S074|S105|S145|S186|S190|S217,2023-07-12T03:36:10,work_context,1,Manufacturing,Upstream,Path_E
H04277,U0856,C102,I009,F015,O079,S017|S018|S060|S066|S080|S095|S131|S138,2023-07-12T04:28:53,work_context,1,Manufacturing,Midstream,Path_E
H01347,U0270,C186,I001,F018,O096,S073|S096|S103|S163|S192|S236|S240,2023-07-12T04:59:16,collaboration_context,1,Manufacturing,Upstream,Path_G
H06447,U1290,C258,I010,F012,O063,S018|S059|S071|S086|S095|S124|S238,2023-07-12T05:14:43,collaboration_context,1,Retail,Downstream,Path_B
H00802,U0161,C260,I019,F007,O033,S005|S065|S112|S120|S141|S185|S218|S026,2023-07-12T05:35:09,skill_context,0,,,
H05197,U1040,C140,I022,F001,O005,S005|S014|S021|S028|S094|S140|S159|S164,2023-07-12T06:24:52,work_context,1,Logistics,Upstream,Path_G
H05232,U1047,C122,I015,F018,O095,S010|S025|S037|S047|S136|S224,2023-07-12T06:54:10,skill_context,1,Retail,Midstream,Path_C
H03982,U0797,C006,I023,F003,O016,S020|S144|S159|S191|S208,2023-07-12T09:48:52,supply_context,1,Manufacturing,Upstream,Path_I
H04022,U0805,C035,I013,F012,O062,S100|S107|S155|S206|S223|S227,2023-07-12T09:56:11,skill_context,0,,,
H06412,U1283,C226,I008,F008,O043,S056|S111|S152|S154|S229|S001|S062,2023-07-12T10:46:59,skill_context,1,Procurement,Upstream,Path_F
H06017,U1204,C158,I014,F018,O094,S008|S018|S037|S074|S122|S046,2023-07-12T14:22:58,collaboration_context,0,,,
H03032,U0607,C217,I007,F018,O092,S034|S071|S076|S099|S108|S117,2023-07-12T17:33:11,work_context,0,,,
H00897,U0180,C019,I018,F014,O072,S004|S056|S065|S076|S120|S177|S220|S227,2023-07-12T18:17:55,collaboration_context,0,,,
H03682,U0737,C163,I002,F016,O086,S037|S041|S065|S098|S136|S172|S174|S208,2023-07-12T19:00:32,supply_context,0,,,
H05557,U1112,C033,I024,F014,O074,S015|S022|S031|S064|S085|S163|S216|S104,2023-07-12T20:05:08,skill_context,1,Supplier Management,Midstream,Path_L
H02192,U0439,C219,I024,F012,O060,S043|S046|S127|S161|S173|S186|S207,2023-07-12T20:12:13,work_context,1,Procurement,Midstream,Path_H
H02697,U0540,C059,I014,F006,O029,S061|S120|S156|S161|S189|S205|S217|S240,2023-07-12T20:24:41,work_context,0,,,
H01947,U0390,C316,I013,F006,O032,S034|S043|S199|S209|S217|S020,2023-07-12T20:41:39,collaboration_context,1,Procurement,Midstream,Path_A
H06437,U1288,C209,I019,F014,O072,S056|S083|S087|S119|S146|S240,2023-07-12T21:04:44,collaboration_context,0,,,
H06302,U1261,C096,I017,F017,O088,S041|S052|S095|S113|S178|S194|S206|S216,2023-07-12T21:07:11,skill_context,1,Manufacturing,Downstream,Path_E
H05997,U1200,C171,I018,F003,O014,S009|S117|S126|S140|S141|S179,2023-07-12T21:48:26,skill_context,0,,,
H03567,U0714,C100,I005,F004,O020,S034|S047|S077|S094|S124|S127|S209,2023-07-12T23:56:18,skill_context,1,Supplier Management,Midstream,Path_E
H04037,U0808,C314,I022,F016,O084,S004|S011|S027|S126|S132|S182|S216|S236,2023-07-13T00:14:38,collaboration_context,0,,,
H03497,U0700,C058,I020,F006,O032,S023|S028|S036|S067|S106|S118|S141|S219,2023-07-13T00:30:24,work_context,0,,,
H06142,U1229,C252,I024,F003,O015,S054|S119|S189|S195|S198|S199|S130|S050,2023-07-13T03:33:18,supply_context,0,,,
H04402,U0881,C019,I018,F003,O012,S012|S020|S080|S126|S150|S201|S143,2023-07-13T04:45:40,supply_context,0,,,
H05087,U1018,C112,I008,F003,O016,S030|S149|S160|S202|S228,2023-07-13T06:01:30,supply_context,1,Procurement,Upstream,Path_H
H02392,U0479,C303,I008,F005,O024,S110|S116|S121|S131|S161|S172|S199,2023-07-13T10:47:54,work_context,0,,,
H01617,U0324,C111,I011,F012,O063,S013|S065|S083|S095|S111|S127|S143|S218,2023-07-13T13:50:19,skill_context,1,Supplier Management,Upstream,Path_L
H03897,U0780,C028,I018,F008,O043,S012|S050|S070|S126|S139|S147|S158|S212,2023-07-13T14:02:42,work_context,1,Distribution,Upstream,Path_I
H06797,U1360,C288,I014,F017,O090,S026|S054|S100|S123|S134|S191,2023-07-13T16:59:39,supply_context,1,Manufacturing,Downstream,Path_J
H04912,U0983,C007,I017,F015,O079,S115|S132|S155|S163|S195|S233,2023-07-13T18:08:33,skill_context,1,Logistics,Upstream,Path_F
H00692,U0139,C039,I023,F014,O074,S014|S026|S031|S076|S082|S095|S157|S222,2023-07-13T18:24:42,skill_context,0,,,
H06572,U1315,C102,I009,F016,O082,S013|S110|S115|S138|S148|S158,2023-07-13T21:27:39,work_context,0,,,
H06247,U1250,C178,I022,F005,O027,S028|S082|S094|S097|S134|S213|S163,2023-07-13T22:28:00,skill_context,0,,,
H00997,U0200,C016,I006,F013,O067,S075|S107|S125|S137|S147|S179|S212,2023-07-13T22:39:06,supply_context,0,,,
H03292,U0659,C104,I024,F003,O012,S048|S090|S105|S137|S230|S129,2023-07-14T00:10:50,collaboration_context,0,,,
H06152,U1231,C034,I009,F017,O091,S049|S064|S103|S121|S126|S180|S202|S215,2023-07-14T00:51:56,collaboration_context,0,,,
H05752,U1151,C121,I001,F014,O071,S004|S006|S016|S019|S123|S229,2023-07-14T01:15:28,supply_context,0,,,
H07012,U1403,C152,I019,F007,O038,S021|S046|S071|S194|S202|S213|S235|S236,2023-07-14T01:21:09,skill_context,0,,,
H02722,U0545,C224,I004,F002,O007,S063|S070|S085|S094|S143,2023-07-14T01:48:13,skill_context,1,SCM,Midstream,Path_J
H00352,U0071,C216,I010,F016,O085,S071|S120|S175|S194|S219,2023-07-14T02:46:01,skill_context,0,,,
H01657,U0332,C294,I015,F004,O022,S022|S038|S044|S087|S106|S164|S229|S053,2023-07-14T02:46:10,collaboration_context,1,Supplier Management,Downstream,Path_B
H03412,U0683,C011,I004,F016,O084,S102|S145|S146|S148|S184|S202|S134,2023-07-14T02:56:53,work_context,0,,,
H03017,U0604,C133,I021,F012,O063,S054|S071|S141|S147|S156|S163|S213|S134,2023-07-14T06:08:54,collaboration_context,0,,,
H02442,U0489,C260,I019,F001,O006,S043|S053|S081|S086|S116|S228|S235,2023-07-14T06:23:51,collaboration_context,1,Retail,Downstream,Path_H
H01697,U0340,C309,I020,F018,O095,S023|S064|S133|S194|S225,2023-07-14T06:43:32,collaboration_context,1,Distribution,Downstream,Path_H
H01787,U0358,C112,I008,F012,O063,S048|S097|S173|S177|S193|S209|S212,2023-07-14T07:17:09,collaboration_context,0,,,
H00747,U0150,C158,I014,F018,O096,S030|S082|S115|S117|S165|S207|S220|S233,2023-07-14T07:41:11,work_context,1,SCM,Downstream,Path_K
H03402,U0681,C206,I014,F007,O033,S003|S023|S046|S098|S108|S128|S137|S183,2023-07-14T08:09:05,work_context,0,,,
H04597,U0920,C297,I023,F010,O054,S049|S081|S101|S114|S132|S170|S194|S236,2023-07-14T08:45:08,work_context,0,,,
H05777,U1156,C047,I012,F015,O077,S007|S019|S083|S136|S169,2023-07-14T09:18:46,supply_context,0,,,
H01457,U0292,C089,I007,F011,O055,S001|S030|S050|S054|S063|S109|S128|S141,2023-07-14T10:26:44,skill_context,1,SCM,Downstream,Path_H
H01537,U0308,C056,I008,F003,O012,S028|S092|S116|S135|S171|S198|S212,2023-07-14T11:37:03,skill_context,1,SCM,Downstream,Path_B
H03932,U0787,C144,I006,F007,O038,S010|S033|S044|S054|S074|S077|S090|S210,2023-07-14T12:26:08,work_context,1,Retail,Downstream,Path_H
H04357,U0872,C282,I017,F015,O079,S018|S043|S085|S166|S169|S170|S185|S232,2023-07-14T15:02:45,skill_context,1,Supplier Management,Midstream,Path_J
H05382,U1077,C210,I024,F011,O057,S021|S027|S091|S179|S215|S239,2023-07-14T15:43:07,collaboration_context,0,,,
H05532,U1107,C115,I017,F011,O057,S014|S027|S113|S133|S170|S171|S182|S198,2023-07-14T17:06:20,collaboration_context,1,Logistics,Midstream,Path_J
H01777,U0356,C051,I019,F014,O075,S024|S072|S076|S087|S196|S213|S229,2023-07-14T18:40:30,work_context,0,,,
H00087,U0018,C142,I010,F005,O024,S017|S035|S058|S100|S115|S140|S165|S187,2023-07-14T18:57:51,work_context,0,,,
H04687,U0938,C125,I007,F011,O055,S018|S051|S089|S125|S225,2023-07-14T21:55:21,collaboration_context,1,Procurement,Downstream,Path_L
H06262,U1253,C096,I017,F005,O025,S032|S046|S089|S131|S181|S223|S230|S133,2023-07-14T23:42:24,skill_context,0,,,
H03382,U0677,C001,I003,F015,O080,S033|S039|S178|S186|S225,2023-07-15T00:16:26,collaboration_context,1,Supplier Management,Downstream,Path_J
H00497,U0100,C038,I006,F002,O007,S042|S135|S156|S160|S170|S232,2023-07-15T00:56:40,supply_context,1,Supplier Management,Midstream,Path_A
H00517,U0104,C275,I008,F007,O034,S066|S099|S122|S132|S230,2023-07-15T00:57:23,work_context,0,,,
H02432,U0487,C313,I015,F006,O031,S001|S025|S100|S142|S146|S187|S191|S192,2023-07-15T01:03:39,collaboration_context,0,,,
H06037,U1208,C308,I012,F010,O049,S021|S025|S077|S149|S181|S197|S217|S218,2023-07-15T02:01:47,collaboration_context,1,Manufacturing,Downstream,Path_F
H04307,U0862,C092,I001,F002,O007,S033|S048|S082|S125|S224,2023-07-15T02:04:29,collaboration_context,1,Retail,Midstream,Path_A
H03527,U0706,C281,I008,F011,O058,S070|S098|S112|S129|S176|S186,2023-07-15T03:00:21,work_context,0,,,
H02862,U0573,C004,I004,F013,O066,S025|S085|S086|S154|S181,2023-07-15T05:36:59,collaboration_context,0,,,
H03092,U0619,C115,I017,F018,O095,S014|S016|S027|S079|S206|S233,2023-07-15T06:17:50,supply_context,0,,,
H04072,U0815,C285,I024,F001,O001,S001|S049|S058|S061|S153|S177|S188,2023-07-15T09:49:14,skill_context,0,,,
H03782,U0757,C023,I015,F007,O033,S005|S021|S041|S067|S087|S118|S158|S219,2023-07-15T11:18:34,skill_context,0,,,
H05847,U1170,C116,I013,F002,O008,S032|S140|S154|S160|S188,2023-07-15T11:55:30,supply_context,0,,,
H00362,U0073,C302,I007,F013,O066,S044|S058|S103|S112|S123|S127|S148|S165,2023-07-15T13:06:40,supply_context,1,Procurement,Midstream,Path_J
H00322,U0065,C069,I015,F018,O094,S009|S013|S063|S079|S087|S088|S123|S170,2023-07-15T13:50:30,supply_context,0,,,
H04102,U0821,C305,I018,F012,O062,S043|S104|S124|S131|S192|S195|S203|S217,2023-07-15T14:51:05,work_context,1,Retail,Downstream,Path_C
H05347,U1070,C164,I012,F015,O080,S007|S020|S034|S041|S119,2023-07-15T16:11:24,supply_context,1,Procurement,Midstream,Path_E
H05587,U1118,C040,I007,F013,O066,S034|S050|S078|S118|S123|S152|S178|S210,2023-07-15T16:54:00,skill_context,1,SCM,Midstream,Path_I
H03352,U0671,C079,I021,F007,O036,S054|S063|S100|S126|S176|S186|S235|S239,2023-07-15T18:07:17,collaboration_context,0,,,
H01802,U0361,C057,I023,F018,O096,S034|S086|S120|S153|S160|S162|S224|S234,2023-07-15T18:36:26,supply_context,1,Logistics,Downstream,Path_K
H05597,U1120,C214,I022,F005,O023,S008|S073|S127|S192|S196|S218,2023-07-15T19:31:59,supply_context,1,Supplier Management,Midstream,Path_H
H01642,U0329,C131,I018,F003,O013,S022|S059|S163|S188|S239|S114,2023-07-15T20:05:02,collaboration_context,0,,,
H04932,U0987,C098,I012,F012,O060,S041|S084|S111|S126|S151|S156|S222|S235,2023-07-15T20:44:15,skill_context,0,,,
H06287,U1258,C015,I001,F001,O001,S013|S086|S088|S144|S182|S191|S204,2023-07-15T20:52:21,collaboration_context,0,,,
H01002,U0201,C181,I012,F007,O034,S018|S037|S059|S108|S175|S208|S214|S236,2023-07-15T21:59:03,supply_context,0,,,
H06007,U1202,C101,I007,F018,O093,S003|S022|S030|S144|S147|S096,2023-07-15T22:19:46,collaboration_context,1,Distribution,Upstream,Path_D
H03192,U0639,C218,I021,F011,O059,S026|S057|S190|S196|S239|S076,2023-07-15T22:30:24,skill_context,0,,,
H03802,U0761,C305,I018,F010,O049,S006|S024|S071|S181|S208,2023-07-15T23:27:10,work_context,1,Manufacturing,Upstream,Path_C
H06082,U1217,C044,I017,F018,O093,S018|S040|S044|S048|S063|S113|S149|S232,2023-07-15T23:34:35,collaboration_context,0,,,
H02222,U0445,C016,I006,F012,O060,S039|S041|S120|S128|S164|S172|S196|S211,2023-07-16T00:55:34,supply_context,0,,,
H05992,U1199,C054,I004,F012,O062,S015|S017|S059|S060|S176,2023-07-16T01:00:49,supply_context,0,,,
H05987,U1198,C219,I024,F006,O030,S142|S178|S179|S190|S217|S101,2023-07-16T01:02:31,skill_context,0,,,
H04452,U0891,C231,I015,F008,O042,S002|S044|S054|S060|S071|S175|S230,2023-07-16T01:06:13,supply_context,0,,,
H06677,U1336,C197,I007,F006,O028,S020|S031|S057|S058|S059|S066|S117|S148,2023-07-16T02:46:56,skill_context,1,Manufacturing,Downstream,Path_J
H05582,U1117,C075,I011,F009,O048,S063|S066|S106|S150|S163|S214,2023-07-16T03:25:13,collaboration_context,0,,,
H01212,U0243,C194,I010,F015,O077,S014|S036|S102|S130|S168|S185|S203,2023-07-16T03:36:22,supply_context,0,,,
H06922,U1385,C143,I014,F015,O078,S008|S014|S052|S059|S087|S111|S169|S196,2023-07-16T05:45:06,supply_context,1,Supplier Management,Midstream,Path_L
H03662,U0733,C051,I019,F003,O012,S029|S063|S098|S208|S209|S234|S212,2023-07-16T06:20:41,work_context,0,,,
H03052,U0611,C095,I012,F011,O055,S033|S057|S075|S191|S219|S013,2023-07-16T08:45:27,supply_context,1,SCM,Upstream,Path_E
H03687,U0738,C180,I005,F008,O039,S030|S067|S098|S181|S239|S069,2023-07-16T09:25:49,supply_context,0,,,
H02047,U0410,C291,I024,F009,O046,S004|S057|S058|S079|S085|S193|S207|S233,2023-07-16T09:53:02,supply_context,0,,,
H06707,U1342,C033,I024,F017,O090,S009|S025|S091|S153|S160|S174,2023-07-16T10:58:39,skill_context,0,,,
H05562,U1113,C282,I017,F002,O007,S047|S075|S109|S200|S229,2023-07-16T11:05:57,collaboration_context,1,Procurement,Downstream,Path_E
H05122,U1025,C076,I024,F017,O090,S036|S045|S119|S149|S177|S196|S081,2023-07-16T11:51:41,work_context,0,,,
H03222,U0645,C259,I009,F012,O061,S014|S020|S071|S083|S119,2023-07-16T13:20:05,work_context,0,,,
H04802,U0961,C313,I015,F005,O026,S026|S032|S053|S110|S153|S210|S043,2023-07-16T14:59:14,skill_context,0,,,
H04377,U0876,C220,I006,F017,O088,S023|S073|S156|S167|S169|S239,2023-07-16T15:28:06,collaboration_context,0,,,
H00117,U0024,C173,I016,F005,O026,S054|S096|S122|S223|S239,2023-07-16T15:36:12,skill_context,0,,,
H04147,U0830,C262,I003,F004,O022,S103|S114|S120|S142|S153|S202|S207,2023-07-16T18:14:16,collaboration_context,0,,,
H01067,U0214,C275,I008,F001,O002,S016|S023|S088|S121|S146|S150|S154|S158,2023-07-16T18:27:51,collaboration_context,1,Logistics,Upstream,Path_J
H00387,U0078,C278,I004,F008,O041,S009|S066|S080|S131|S132,2023-07-16T18:57:55,supply_context,0,,,
H04787,U0958,C016,I006,F005,O023,S014|S016|S082|S214|S217|S238,2023-07-16T19:20:33,skill_context,0,,,
H02102,U0421,C137,I013,F003,O014,S013|S056|S069|S102|S150|S163|S207|S238,2023-07-16T19:24:43,collaboration_context,1,Retail,Midstream,Path_H
H02702,U0541,C021,I006,F008,O043,S013|S015|S059|S094|S120|S134|S177|S211,2023-07-16T20:41:00,supply_context,1,Distribution,Midstream,Path_I
H00457,U0092,C173,I016,F011,O057,S027|S080|S128|S140|S156|S182|S085,2023-07-16T20:42:56,collaboration_context,0,,,
H03517,U0704,C230,I002,F002,O007,S038|S044|S122|S160|S189|S207,2023-07-16T20:53:42,supply_context,1,Retail,Downstream,Path_H
H05892,U1179,C021,I006,F015,O076,S026|S044|S114|S141|S211,2023-07-16T21:53:58,collaboration_context,0,,,
H02237,U0448,C142,I010,F015,O079,S003|S014|S021|S182|S218|S096,2023-07-16T22:02:49,work_context,0,,,
H01422,U0285,C101,I007,F015,O079,S016|S038|S050|S054|S180|S230,2023-07-16T22:05:39,work_context,0,,,
H05467,U1094,C046,I001,F009,O044,S072|S085|S096|S104|S178|S182|S202|S222,2023-07-16T22:44:29,collaboration_context,1,Manufacturing,Midstream,Path_A
H02142,U0429,C101,I007,F018,O095,S020|S088|S131|S133|S172|S176,2023-07-16T23:00:15,skill_context,1,SCM,Upstream,Path_K
H00792,U0159,C223,I012,F012,O063,S029|S093|S143|S177|S209|S231|S235,2023-07-17T02:32:34,supply_context,1,Logistics,Midstream,Path_L
H04792,U0959,C163,I002,F007,O038,S021|S037|S053|S110|S155,2023-07-17T03:41:56,collaboration_context,0,,,
H06357,U1272,C313,I015,F016,O086,S138|S156|S189|S202|S231,2023-07-17T05:17:59,supply_context,1,SCM,Upstream,Path_C
H04407,U0882,C124,I001,F002,O007,S100|S101|S162|S217|S227|S193,2023-07-17T07:38:02,supply_context,0,,,
H06717,U1344,C071,I012,F010,O053,S004|S060|S076|S089|S148|S186|S202,2023-07-17T08:23:09,supply_context,0,,,
H03107,U0622,C267,I008,F012,O064,S039|S061|S068|S107|S204|S227|S231,2023-07-17T09:42:16,work_context,1,SCM,Downstream,Path_D
H01042,U0209,C032,I011,F008,O042,S008|S116|S143|S196|S237,2023-07-17T11:35:17,collaboration_context,1,Distribution,Upstream,Path_H
H04637,U0928,C134,I005,F017,O091,S013|S060|S084|S132|S133|S167,2023-07-17T12:50:29,collaboration_context,1,Logistics,Upstream,Path_H
H03847,U0770,C173,I016,F006,O031,S010|S026|S045|S067|S141|S146|S228|S240,2023-07-17T16:11:18,skill_context,0,,,
H02072,U0415,C311,I018,F018,O093,S037|S094|S102|S142|S178|S212|S213|S226,2023-07-17T17:53:56,supply_context,0,,,
H03647,U0730,C223,I012,F001,O001,S061|S103|S131|S134|S154|S169|S238,2023-07-17T18:11:48,collaboration_context,1,Procurement,Downstream,Path_A
H01847,U0370,C094,I006,F008,O041,S011|S019|S053|S085|S091|S109|S206|S197,2023-07-17T18:19:56,supply_context,0,,,
H05602,U1121,C302,I007,F013,O069,S041|S111|S203|S210|S212,2023-07-17T21:07:22,supply_context,1,Distribution,Downstream,Path_L
H00152,U0031,C227,I019,F004,O018,S026|S059|S069|S070|S082|S134|S135|S232,2023-07-17T22:06:21,supply_context,1,Logistics,Midstream,Path_H
H03502,U0701,C120,I017,F006,O029,S001|S044|S115|S119|S127|S137|S149|S156,2023-07-17T22:11:00,collaboration_context,0,,,
H06217,U1244,C095,I012,F010,O053,S059|S064|S067|S073|S081|S187|S191|S197,2023-07-17T22:23:19,work_context,0,,,
H01727,U0346,C016,I006,F013,O067,S072|S086|S134|S142|S144,2023-07-18T00:31:07,supply_context,0,,,
H00867,U0174,C262,I003,F008,O042,S009|S038|S065|S073|S107|S162|S238,2023-07-18T00:54:21,work_context,0,,,
H03827,U0766,C016,I006,F015,O080,S009|S015|S018|S022|S047|S171|S194|S196,2023-07-18T01:33:24,supply_context,1,SCM,Midstream,Path_F
H03372,U0675,C276,I010,F007,O038,S021|S038|S107|S115|S175|S184|S205|S217,2023-07-18T01:57:47,work_context,1,Logistics,Midstream,Path_B
H06292,U1259,C065,I004,F015,O078,S020|S046|S069|S075|S108|S117|S157|S177,2023-07-18T02:34:53,work_context,0,,,
H06452,U1291,C307,I023,F008,O042,S007|S088|S151|S199|S215|S221,2023-07-18T04:19:34,skill_context,0,,,
H05367,U1074,C033,I024,F008,O042,S094|S142|S191|S194|S231,2023-07-18T04:56:12,supply_context,1,Manufacturing,Midstream,Path_K
H03037,U0608,C228,I008,F015,O077,S032|S044|S173|S175|S186|S193|S208|S235,2023-07-18T06:39:08,work_context,0,,,
H04782,U0957,C304,I020,F008,O043,S025|S026|S060|S067|S085|S151,2023-07-18T09:45:09,supply_context,0,,,
H00432,U0087,C246,I024,F009,O045,S094|S097|S136|S148|S219|S210|S070,2023-07-18T11:08:44,skill_context,0,,,
H04992,U0999,C248,I020,F017,O087,S005|S033|S060|S061|S133|S141|S192|S196,2023-07-18T11:20:03,collaboration_context,0,,,
H02212,U0443,C095,I012,F007,O036,S078|S102|S151|S168|S231|S240,2023-07-18T12:03:49,skill_context,0,,,
H01867,U0374,C016,I006,F017,O087,S009|S031|S043|S087|S113|S175,2023-07-18T13:11:06,work_context,0,,,
H02522,U0505,C240,I002,F013,O070,S031|S054|S067|S070|S087|S102|S199|S213,2023-07-18T13:23:03,collaboration_context,0,,,
H05927,U1186,C278,I004,F013,O065,S007|S041|S116|S132|S180|S221|S231,2023-07-18T14:18:26,work_context,1,Retail,Midstream,Path_D
H02887,U0578,C066,I021,F016,O085,S032|S038|S042|S060|S080|S095|S140|S217,2023-07-18T17:32:22,skill_context,1,SCM,Upstream,Path_K
H00832,U0167,C027,I021,F008,O042,S056|S131|S154|S161|S185|S197|S235|S165,2023-07-18T18:02:20,collaboration_context,1,Supplier Management,Downstream,Path_L
H02062,U0413,C135,I017,F008,O040,S049|S059|S061|S084|S090|S124|S160|S214,2023-07-18T18:41:04,supply_context,1,SCM,Upstream,Path_B
H00097,U0020,C098,I012,F009,O046,S026|S048|S054|S169|S191|S196|S233|S115,2023-07-18T18:48:56,work_context,1,Supplier Management,Midstream,Path_G
H04727,U0946,C202,I022,F017,O091,S012|S050|S090|S108|S162|S239,2023-07-18T19:12:01,work_context,0,,,
H03902,U0781,C318,I017,F007,O038,S004|S040|S106|S121|S156|S166|S181|S034,2023-07-18T20:47:47,work_context,1,Procurement,Midstream,Path_G
H01817,U0364,C188,I009,F016,O082,S087|S119|S125|S163|S181,2023-07-18T22:19:23,supply_context,0,,,
H01122,U0225,C077,I019,F002,O011,S002|S039|S043|S070|S128|S178|S202|S088,2023-07-18T22:20:53,skill_context,0,,,
H02512,U0503,C058,I020,F016,O081,S036|S056|S061|S109|S117|S125|S203|S220,2023-07-18T22:33:09,collaboration_context,0,,,
H00752,U0151,C160,I005,F017,O087,S007|S022|S146|S179|S220,2023-07-18T23:07:43,work_context,1,Logistics,Downstream,Path_K
H03692,U0739,C135,I017,F017,O089,S006|S019|S080|S187|S208|S236|S210,2023-07-18T23:08:09,skill_context,1,Supplier Management,Midstream,Path_E
H01092,U0219,C012,I005,F011,O058,S002|S026|S031|S078|S082|S201|S203,2023-07-18T23:21:55,skill_context,0,,,
H00032,U0007,C165,I017,F018,O092,S002|S010|S136|S147|S164|S215|S224|S231,2023-07-19T03:01:13,collaboration_context,0,,,
H04367,U0874,C261,I022,F003,O014,S005|S022|S121|S157|S160|S163|S216|S231,2023-07-19T03:16:41,work_context,0,,,
H00742,U0149,C163,I002,F013,O067,S040|S076|S095|S124|S154|S203|S111,2023-07-19T03:41:10,work_context,1,Logistics,Midstream,Path_H
H05907,U1182,C100,I005,F017,O090,S079|S080|S088|S110|S114|S221|S156|S062,2023-07-19T04:21:12,skill_context,1,Procurement,Upstream,Path_J
H00652,U0131,C165,I017,F001,O002,S024|S029|S131|S134|S157,2023-07-19T06:49:48,supply_context,1,Manufacturing,Upstream,Path_J
H01117,U0224,C285,I024,F012,O062,S040|S122|S139|S148|S216,2023-07-19T06:49:50,supply_context,0,,,
H04212,U0843,C195,I007,F017,O090,S036|S105|S106|S107|S117|S193,2023-07-19T07:28:19,supply_context,0,,,
H02847,U0570,C276,I010,F010,O053,S087|S152|S181|S185|S190|S207,2023-07-19T09:38:31,supply_context,0,,,
H00357,U0072,C132,I019,F012,O060,S021|S033|S065|S074|S116|S119|S183,2023-07-19T10:58:28,skill_context,0,,,
H00207,U0042,C195,I007,F003,O012,S033|S050|S100|S105|S131|S165,2023-07-19T11:01:24,collaboration_context,0,,,
H06872,U1375,C132,I019,F012,O062,S050|S098|S120|S129|S150|S152|S176|S188,2023-07-19T11:26:41,work_context,0,,,
H03672,U0735,C051,I019,F003,O016,S011|S033|S068|S117|S147,2023-07-19T11:34:14,supply_context,1,Logistics,Upstream,Path_A
H02872,U0575,C222,I003,F003,O014,S050|S072|S152|S177|S222,2023-07-19T12:14:01,collaboration_context,0,,,
H06542,U1309,C009,I003,F009,O046,S055|S084|S087|S124|S141|S159|S204,2023-07-19T13:12:56,supply_context,1,SCM,Downstream,Path_A
H04232,U0847,C117,I021,F005,O026,S013|S082|S155|S156|S233,2023-07-19T13:28:14,skill_context,0,,,
H02992,U0599,C016,I006,F015,O080,S010|S014|S029|S031|S121|S127,2023-07-19T13:30:30,supply_context,1,Logistics,Downstream,Path_B
H03212,U0643,C018,I020,F007,O034,S012|S035|S073|S091|S188|S201,2023-07-19T13:50:03,supply_context,1,Retail,Downstream,Path_J
H05872,U1175,C305,I018,F007,O038,S017|S038|S041|S120|S171|S174,2023-07-19T15:26:58,collaboration_context,1,SCM,Downstream,Path_K
H06747,U1350,C220,I006,F018,O096,S006|S070|S089|S094|S100|S144|S149|S156,2023-07-19T15:38:28,collaboration_context,1,Logistics,Upstream,Path_D
H03777,U0756,C222,I003,F011,O057,S060|S062|S145|S190|S224,2023-07-19T16:03:20,skill_context,0,,,
H06517,U1304,C126,I016,F005,O025,S010|S050|S059|S151|S167|S236,2023-07-19T16:15:28,supply_context,1,Manufacturing,Upstream,Path_C
H00217,U0044,C116,I013,F003,O015,S025|S078|S107|S123|S201,2023-07-19T16:24:17,collaboration_context,1,Procurement,Upstream,Path_L
H05497,U1100,C275,I008,F003,O015,S030|S069|S083|S095|S116|S177|S199|S208,2023-07-19T16:52:27,supply_context,1,Supplier Management,Downstream,Path_G
H01407,U0282,C289,I018,F012,O060,S061|S065|S097|S188|S232|S058,2023-07-19T17:10:44,work_context,1,Distribution,Midstream,Path_F
H04972,U0995,C028,I018,F003,O014,S026|S061|S157|S199|S211|S237,2023-07-19T17:30:46,work_context,1,Procurement,Downstream,Path_D
H01502,U0301,C022,I010,F012,O062,S121|S135|S158|S187|S225|S232|S235|S185,2023-07-19T18:41:57,supply_context,0,,,
H05712,U1143,C016,I006,F004,O017,S083|S086|S094|S105|S239,2023-07-19T19:11:30,skill_context,0,,,
H02322,U0465,C263,I011,F014,O071,S094|S155|S189|S195|S202|S043|S098,2023-07-19T20:03:11,collaboration_context,1,Retail,Downstream,Path_D
H06952,U1391,C231,I015,F006,O028,S037|S086|S088|S090|S098|S172,2023-07-19T20:44:23,skill_context,0,,,
H01522,U0305,C270,I003,F006,O030,S031|S035|S129|S156|S189|S196,2023-07-19T21:43:29,skill_context,0,,,
H02602,U0521,C014,I007,F018,O095,S001|S016|S022|S088|S093|S158|S189,2023-07-19T21:48:30,supply_context,0,,,
H02532,U0507,C079,I021,F012,O060,S095|S197|S216|S222|S230,2023-07-19T21:57:06,skill_context,1,Manufacturing,Midstream,Path_F
H00382,U0077,C202,I022,F006,O029,S008|S018|S034|S058|S059|S071|S197|S207,2023-07-19T22:28:05,skill_context,1,Logistics,Midstream,Path_J
H03087,U0618,C310,I016,F015,O076,S014|S037|S066|S076|S189|S219|S070,2023-07-20T00:03:33,work_context,0,,,
H00112,U0023,C258,I010,F008,O041,S032|S039|S059|S097|S098|S156|S232,2023-07-20T01:23:01,work_context,0,,,
H04867,U0974,C085,I023,F018,O095,S003|S004|S143|S206|S237,2023-07-20T01:39:01,work_context,1,Supplier Management,Midstream,Path_E
H02097,U0420,C140,I022,F014,O075,S070|S119|S152|S216|S226,2023-07-20T02:23:47,work_context,1,Distribution,Upstream,Path_I
H05762,U1153,C146,I017,F001,O002,S026|S053|S086|S107|S153|S166|S170,2023-07-20T03:33:47,skill_context,0,,,
H04467,U0894,C042,I020,F018,O095,S018|S090|S173|S181|S194|S219,2023-07-20T04:08:40,supply_context,0,,,
H04482,U0897,C133,I021,F016,O085,S013|S101|S113|S153|S168|S197|S198|S203,2023-07-20T04:12:07,supply_context,0,,,
H06347,U1270,C055,I023,F010,O049,S001|S024|S046|S079|S081|S110|S112|S160,2023-07-20T04:38:02,skill_context,1,SCM,Downstream,Path_K
H03952,U0791,C001,I003,F013,O065,S012|S112|S123|S177|S198|S222|S233|S159,2023-07-20T04:39:43,skill_context,1,Retail,Upstream,Path_B
H05302,U1061,C043,I019,F005,O026,S003|S014|S094|S193|S208|S238,2023-07-20T09:29:41,skill_context,1,Logistics,Midstream,Path_D
H01732,U0347,C311,I018,F016,O082,S051|S106|S145|S165|S183|S233,2023-07-20T13:34:22,skill_context,1,Retail,Midstream,Path_E
H05437,U1088,C102,I009,F013,O068,S008|S012|S113|S140|S186|S195|S197|S199,2023-07-20T16:05:41,work_context,0,,,
H06702,U1341,C063,I003,F015,O078,S083|S124|S137|S167|S223,2023-07-20T16:39:02,skill_context,0,,,
H05912,U1183,C020,I004,F017,O091,S002|S084|S135|S170|S177|S198|S208|S185,2023-07-20T17:26:52,work_context,1,Logistics,Upstream,Path_E
H01682,U0337,C184,I001,F004,O021,S013|S041|S062|S149|S188|S110,2023-07-20T17:31:45,skill_context,0,,,
H06622,U1325,C180,I005,F013,O067,S063|S066|S077|S093|S100|S146|S204|S214,2023-07-20T17:38:53,collaboration_context,1,Retail,Downstream,Path_G
H00062,U0013,C053,I019,F014,O073,S038|S050|S068|S075|S205,2023-07-20T17:44:23,skill_context,1,Retail,Midstream,Path_B
H02962,U0593,C020,I004,F006,O032,S007|S048|S058|S117|S136|S190,2023-07-20T18:48:39,skill_context,0,,,
H02317,U0464,C079,I021,F010,O051,S004|S033|S130|S156|S166|S169|S180|S227,2023-07-20T18:49:06,skill_context,0,,,
H02972,U0595,C185,I021,F006,O032,S082|S093|S110|S125|S129|S180,2023-07-20T19:20:48,skill_context,1,Manufacturing,Midstream,Path_K
H05277,U1056,C190,I023,F017,O088,S013|S109|S111|S152|S156|S187,2023-07-20T19:59:48,collaboration_context,1,Logistics,Downstream,Path_I
H03632,U0727,C119,I013,F001,O002,S011|S029|S081|S119|S122|S181|S213|S228,2023-07-20T20:13:36,work_context,1,SCM,Downstream,Path_L
H01132,U0227,C040,I007,F011,O059,S116|S147|S217|S226|S232|S230,2023-07-20T20:31:06,collaboration_context,0,,,
H00142,U0029,C087,I011,F002,O010,S014|S031|S034|S063|S082|S137|S229|S234,2023-07-20T20:46:37,skill_context,0,,,
H02077,U0416,C060,I011,F011,O058,S032|S057|S061|S104|S140|S052,2023-07-20T21:10:49,collaboration_context,0,,,
H02562,U0513,C101,I007,F009,O044,S081|S109|S128|S151|S188|S199|S230|S214,2023-07-21T00:38:28,supply_context,0,,,
H02422,U0485,C169,I011,F017,O087,S012|S048|S055|S081|S119|S132|S182|S236,2023-07-21T01:54:46,collaboration_context,1,Distribution,Upstream,Path_H
H02297,U0460,C149,I009,F005,O027,S006|S101|S145|S192|S196|S216|S064,2023-07-21T02:06:04,supply_context,0,,,
H00697,U0140,C084,I014,F002,O010,S021|S089|S106|S116|S143|S154|S228,2023-07-21T02:32:20,collaboration_context,1,Retail,Upstream,Path_A
H01442,U0289,C177,I005,F010,O052,S059|S071|S135|S166|S201|S227|S171|S072,2023-07-21T04:02:40,supply_context,1,Supplier Management,Downstream,Path_K
H03832,U0767,C154,I022,F007,O038,S052|S056|S083|S114|S135|S207,2023-07-21T05:10:59,skill_context,0,,,
H04662,U0933,C126,I016,F002,O011,S048|S068|S141|S171|S172,2023-07-21T05:15:42,collaboration_context,0,,,
H06402,U1281,C214,I022,F005,O023,S057|S074|S083|S116|S233,2023-07-21T06:57:00,work_context,0,,,
H04397,U0880,C068,I006,F017,O091,S036|S085|S091|S102|S226|S170,2023-07-21T07:24:47,skill_context,0,,,
H01552,U0311,C222,I003,F003,O014,S028|S051|S111|S169|S208,2023-07-21T09:23:45,skill_context,0,,,
H06487,U1298,C042,I020,F014,O074,S011|S016|S020|S035|S039|S135|S163,2023-07-21T10:59:26,skill_context,1,Logistics,Midstream,Path_K
H05432,U1087,C119,I013,F005,O024,S013|S127|S175|S187|S198|S222,2023-07-21T11:47:15,work_context,1,Procurement,Downstream,Path_F
H06682,U1337,C034,I009,F009,O044,S035|S044|S061|S110|S134|S144|S164|S192,2023-07-21T11:47:17,supply_context,1,Logistics,Upstream,Path_C
H03302,U0661,C113,I004,F014,O071,S054|S083|S176|S195|S212|S224,2023-07-21T12:26:51,supply_context,0,,,
H01547,U0310,C100,I005,F001,O001,S048|S076|S092|S107|S144|S154|S210|S239,2023-07-21T12:53:19,collaboration_context,1,Logistics,Downstream,Path_I
H06812,U1363,C310,I016,F010,O051,S021|S067|S083|S094|S103|S116|S139|S184,2023-07-21T14:27:00,skill_context,0,,,
H01532,U0307,C169,I011,F003,O013,S068|S085|S093|S101|S134|S156|S217|S223,2023-07-21T15:04:45,collaboration_context,1,Manufacturing,Upstream,Path_A
H01072,U0215,C261,I022,F016,O082,S057|S074|S118|S158|S202|S211|S217,2023-07-21T16:12:42,supply_context,1,Logistics,Midstream,Path_H
H04447,U0890,C128,I011,F010,O050,S005|S024|S098|S109|S112|S157|S166|S208,2023-07-21T17:32:07,supply_context,0,,,
H05292,U1059,C187,I002,F013,O068,S017|S068|S113|S138|S202,2023-07-21T17:55:47,supply_context,1,Retail,Upstream,Path_K
H05217,U1044,C053,I019,F016,O083,S028|S082|S164|S177|S189|S237|S143,2023-07-21T19:22:49,skill_context,1,Distribution,Midstream,Path_C
H04562,U0913,C271,I018,F016,O082,S020|S073|S124|S169|S206|S220,2023-07-21T20:51:04,supply_context,0,,,
H01127,U0226,C294,I015,F012,O062,S025|S047|S054|S095|S123|S150|S160|S198,2023-07-21T20:53:52,skill_context,0,,,
H00022,U0005,C105,I005,F015,O080,S031|S090|S094|S113|S140|S189|S190|S223,2023-07-21T21:14:35,skill_context,0,,,
H02692,U0539,C302,I007,F008,O039,S047|S055|S079|S156|S172|S184|S192|S187,2023-07-21T21:37:53,supply_context,1,Distribution,Upstream,Path_K
H04647,U0930,C015,I001,F017,O091,S032|S044|S096|S145|S166,2023-07-21T22:51:21,supply_context,1,Procurement,Upstream,Path_K
H06822,U1365,C265,I014,F015,O077,S040|S055|S060|S072|S141|S053,2023-07-21T23:25:51,skill_context,0,,,
H05402,U1081,C088,I009,F017,O091,S038|S059|S063|S070|S093|S115|S208|S213,2023-07-21T23:32:54,collaboration_context,0,,,
H01972,U0395,C012,I005,F016,O081,S007|S009|S101|S124|S130|S158|S174|S220,2023-07-21T23:34:51,supply_context,0,,,
H04432,U0887,C066,I021,F002,O009,S029|S034|S063|S070|S086|S160|S207|S227,2023-07-22T00:13:30,skill_context,1,SCM,Downstream,Path_A
H06077,U1216,C033,I024,F005,O024,S040|S136|S155|S168|S192|S230,2023-07-22T00:36:39,work_context,1,Retail,Upstream,Path_A
H01782,U0357,C264,I021,F014,O072,S020|S022|S046|S071|S112|S153|S180|S230,2023-07-22T00:58:02,work_context,0,,,
H04627,U0926,C040,I007,F005,O024,S047|S073|S077|S215|S228|S236|S052,2023-07-22T02:23:00,collaboration_context,0,,,
H02157,U0432,C138,I021,F017,O089,S046|S054|S165|S170|S187|S230,2023-07-22T02:45:13,skill_context,1,Distribution,Midstream,Path_F
H00657,U0132,C294,I015,F017,O088,S015|S052|S074|S094|S103|S132|S170|S238,2023-07-22T02:53:45,collaboration_context,0,,,
H05672,U1135,C218,I021,F012,O064,S028|S032|S061|S075|S105|S213|S129,2023-07-22T04:07:59,work_context,0,,,
H01077,U0216,C092,I001,F004,O019,S021|S024|S112|S128|S158|S176|S067,2023-07-22T04:53:46,supply_context,0,,,
H05477,U1096,C062,I010,F002,O011,S010|S080|S085|S167|S209|S231|S207,2023-07-22T05:31:41,supply_context,1,Retail,Upstream,Path_A
H06557,U1312,C111,I011,F008,O039,S038|S081|S093|S136|S201|S239|S073|S062,2023-07-22T08:01:20,supply_context,0,,,
H02162,U0433,C130,I014,F018,O096,S061|S098|S146|S167|S178,2023-07-22T08:09:18,skill_context,1,Manufacturing,Midstream,Path_A
H02772,U0555,C037,I009,F007,O037,S039|S098|S118|S155|S182|S223|S239,2023-07-22T08:52:51,work_context,0,,,
H02452,U0491,C012,I005,F008,O043,S001|S010|S039|S044|S128|S138|S192|S215,2023-07-22T09:11:42,skill_context,0,,,
H06687,U1338,C074,I016,F007,O034,S028|S032|S043|S045|S081|S123|S135|S139,2023-07-22T09:54:58,work_context,0,,,
H04702,U0941,C218,I021,F013,O067,S062|S096|S108|S110|S194,2023-07-22T10:21:56,supply_context,1,Supplier Management,Upstream,Path_A
H06132,U1227,C231,I015,F016,O081,S019|S035|S115|S153|S160|S161|S183|S214,2023-07-22T11:07:19,collaboration_context,0,,,
H04967,U0994,C024,I001,F002,O011,S099|S120|S127|S179|S193|S225,2023-07-22T11:10:24,supply_context,0,,,
H02032,U0407,C009,I003,F003,O015,S111|S125|S126|S177|S228|S231|S238,2023-07-22T13:08:39,supply_context,0,,,
H03217,U0644,C143,I014,F008,O040,S111|S133|S153|S173|S178,2023-07-22T17:09:26,collaboration_context,0,,,
H05457,U1092,C023,I015,F006,O032,S026|S043|S067|S168|S194|S230,2023-07-22T17:10:29,skill_context,1,Retail,Midstream,Path_I
H02547,U0510,C098,I012,F004,O019,S033|S041|S059|S077|S109|S162|S165|S168,2023-07-22T18:27:04,skill_context,0,,,
H01022,U0205,C291,I024,F004,O019,S073|S080|S120|S130|S142|S145|S177|S202,2023-07-22T18:35:29,supply_context,0,,,
H06757,U1352,C050,I013,F015,O078,S042|S062|S128|S160|S192|S214|S223,2023-07-22T18:44:26,supply_context,1,Supplier Management,Downstream,Path_C
H00212,U0043,C072,I010,F016,O084,S024|S082|S100|S176|S178|S202|S240,2023-07-22T19:09:31,collaboration_context,1,SCM,Upstream,Path_H
H00512,U0103,C096,I017,F009,O044,S024|S027|S032|S056|S088|S124|S233,2023-07-22T19:16:17,work_context,1,SCM,Midstream,Path_C
H04427,U0886,C269,I019,F007,O036,S032|S054|S087|S163|S174|S175,2023-07-22T21:56:56,collaboration_context,1,Procurement,Downstream,Path_J
H00047,U0010,C026,I012,F007,O034,S020|S059|S099|S191|S232,2023-07-23T00:28:50,skill_context,0,,,
H00337,U0068,C195,I007,F012,O062,S004|S009|S042|S140|S188|S216|S227,2023-07-23T01:02:56,collaboration_context,0,,,
H06382,U1277,C036,I011,F003,O015,S055|S137|S160|S168|S178|S196|S238|S198,2023-07-23T01:23:06,collaboration_context,0,,,
H01172,U0235,C295,I004,F014,O075,S007|S076|S122|S126|S127|S168|S201,2023-07-23T01:43:00,skill_context,1,Procurement,Downstream,Path_K
H04752,U0951,C158,I014,F012,O061,S007|S015|S029|S162|S181|S193|S218,2023-07-23T02:01:11,work_context,1,SCM,Downstream,Path_E
H05387,U1078,C303,I008,F014,O074,S012|S050|S070|S088|S113|S132|S200|S216,2023-07-23T02:15:52,supply_context,0,,,
H00157,U0032,C058,I020,F014,O074,S113|S120|S130|S180|S228,2023-07-23T02:47:16,supply_context,0,,,
H02542,U0509,C215,I020,F018,O094,S041|S046|S111|S116|S159|S192|S217|S031,2023-07-23T04:33:03,skill_context,1,Retail,Upstream,Path_F
H02507,U0502,C099,I020,F014,O073,S023|S025|S034|S059|S071|S080|S113|S201,2023-07-23T06:34:10,skill_context,0,,,
H06997,U1400,C013,I015,F015,O076,S024|S125|S149|S162|S171,2023-07-23T06:38:05,skill_context,1,Logistics,Upstream,Path_L
H03167,U0634,C127,I004,F009,O048,S033|S090|S144|S164|S197|S240,2023-07-23T07:17:45,work_context,0,,,
H01167,U0234,C026,I012,F013,O065,S019|S029|S037|S040|S068|S113|S136,2023-07-23T07:42:41,skill_context,0,,,
H05632,U1127,C089,I007,F013,O067,S049|S053|S093|S124|S160|S229,2023-07-23T08:29:27,collaboration_context,0,,,
H05007,U1002,C152,I019,F007,O033,S011|S016|S047|S065|S140,2023-07-23T08:46:13,supply_context,0,,,
H03312,U0663,C318,I017,F017,O091,S028|S030|S041|S053|S147|S196|S208,2023-07-23T10:47:11,supply_context,0,,,
H01862,U0373,C016,I006,F008,O041,S029|S050|S052|S072|S082|S098|S202|S230,2023-07-23T12:21:02,collaboration_context,1,SCM,Upstream,Path_H
H00787,U0158,C280,I020,F010,O052,S020|S056|S083|S128|S134|S174|S228,2023-07-23T13:41:04,collaboration_context,1,Retail,Upstream,Path_B
H02482,U0497,C286,I009,F001,O003,S019|S038|S076|S119|S159|S202|S229,2023-07-23T14:05:40,collaboration_context,0,,,
H05757,U1152,C199,I021,F001,O006,S014|S078|S135|S161|S188|S198|S236,2023-07-23T14:13:32,supply_context,1,Supplier Management,Downstream,Path_A
H04002,U0801,C207,I008,F008,O040,S006|S095|S096|S110|S130|S226|S222,2023-07-23T16:29:49,collaboration_context,1,Logistics,Downstream,Path_J
H04492,U0899,C175,I008,F017,O091,S054|S113|S157|S179|S193|S118|S202,2023-07-23T17:00:39,collaboration_context,0,,,
H01322,U0265,C246,I024,F007,O034,S003|S022|S077|S158|S201|S225|S145,2023-07-23T17:06:56,supply_context,0,,,
H01102,U0221,C171,I018,F011,O055,S021|S036|S054|S103|S106|S148|S206|S184,2023-07-23T20:19:49,collaboration_context,1,SCM,Upstream,Path_L
H03347,U0670,C255,I011,F012,O062,S031|S068|S074|S109|S154|S076,2023-07-23T20:40:25,work_context,1,Supplier Management,Downstream,Path_D
H06862,U1373,C271,I018,F008,O041,S001|S030|S096|S197|S207,2023-07-23T21:41:59,supply_context,1,Supplier Management,Midstream,Path_J
H00552,U0111,C273,I005,F011,O058,S033|S034|S064|S095|S168|S209,2023-07-23T23:09:59,supply_context,1,Supplier Management,Downstream,Path_G
H03442,U0689,C133,I021,F015,O076,S007|S052|S069|S105|S109|S144|S210,2023-07-24T00:54:52,skill_context,1,Distribution,Midstream,Path_I
H00017,U0004,C055,I023,F011,O057,S013|S024|S026|S028|S110|S149|S177,2023-07-24T00:55:26,collaboration_context,1,Distribution,Downstream,Path_K
H04817,U0964,C289,I018,F013,O068,S009|S013|S074|S122|S129|S173|S188|S230,2023-07-24T01:01:45,collaboration_context,1,Logistics,Downstream,Path_C
H05782,U1157,C190,I023,F014,O074,S051|S061|S081|S131|S148|S168|S122,2023-07-24T02:23:44,collaboration_context,1,Procurement,Downstream,Path_B
H06232,U1247,C154,I022,F015,O077,S020|S028|S046|S075|S112|S126|S164|S194,2023-07-24T02:24:41,work_context,0,,,
H06427,U1286,C183,I006,F004,O021,S028|S045|S071|S102|S135|S164|S202,2023-07-24T03:41:51,collaboration_context,0,,,
H01292,U0259,C272,I024,F006,O031,S060|S070|S112|S159|S197|S207,2023-07-24T04:36:31,collaboration_context,0,,,
H04592,U0919,C013,I015,F018,O096,S011|S015|S033|S052|S070|S078|S182,2023-07-24T04:45:06,collaboration_context,1,Procurement,Downstream,Path_E
H03962,U0793,C243,I008,F006,O029,S005|S059|S067|S098|S099|S120|S121|S184,2023-07-24T07:26:37,collaboration_context,0,,,
H06617,U1324,C115,I017,F017,O087,S027|S030|S109|S137|S178|S199|S055,2023-07-24T08:07:04,skill_context,0,,,
H05942,U1189,C109,I014,F013,O068,S007|S045|S093|S135|S186|S196|S208|S235,2023-07-24T08:25:34,collaboration_context,1,Logistics,Midstream,Path_L
H00452,U0091,C009,I003,F013,O068,S039|S050|S131|S222|S228|S133,2023-07-24T09:03:22,skill_context,1,Procurement,Upstream,Path_F
H04722,U0945,C005,I018,F007,O035,S038|S070|S201|S204|S228,2023-07-24T09:47:44,supply_context,0,,,
H05282,U1057,C202,I022,F001,O005,S015|S111|S129|S131|S164|S240,2023-07-24T09:56:42,skill_context,0,,,
H03027,U0606,C082,I015,F003,O014,S002|S004|S042|S117|S141|S185,2023-07-24T13:02:18,work_context,1,Distribution,Midstream,Path_G
H01267,U0254,C017,I012,F001,O002,S007|S009|S017|S095|S139|S175|S193,2023-07-24T15:03:15,collaboration_context,1,Distribution,Upstream,Path_F
H04052,U0811,C288,I014,F005,O026,S005|S018|S023|S043|S084|S114|S140|S218,2023-07-24T15:06:30,work_context,0,,,
H03272,U0655,C060,I011,F018,O094,S038|S086|S096|S126|S134|S230|S234|S164,2023-07-24T15:47:14,work_context,0,,,
H01997,U0400,C313,I015,F008,O042,S092|S115|S145|S176|S181|S184,2023-07-24T17:35:35,collaboration_context,1,Logistics,Downstream,Path_J
H06962,U1393,C251,I004,F003,O012,S029|S056|S082|S092|S192|S231,2023-07-24T19:00:10,work_context,1,Logistics,Midstream,Path_E
H02132,U0427,C008,I015,F017,O091,S044|S071|S091|S166|S174|S192|S221|S096,2023-07-24T20:28:39,work_context,1,Logistics,Upstream,Path_E
H00127,U0026,C304,I020,F015,O080,S046|S060|S081|S124|S160|S190|S208,2023-07-24T20:51:52,skill_context,1,Distribution,Downstream,Path_C
H00857,U0172,C170,I013,F002,O010,S037|S043|S046|S063|S066|S088,2023-07-24T22:22:18,skill_context,0,,,
H03287,U0658,C168,I023,F008,O039,S082|S092|S094|S102|S219,2023-07-24T22:48:50,work_context,0,,,
H01162,U0233,C245,I003,F018,O095,S011|S060|S102|S150|S227,2023-07-25T02:29:41,supply_context,0,,,
H05072,U1015,C257,I006,F010,O052,S017|S044|S063|S098|S111|S133|S166,2023-07-25T02:55:35,skill_context,0,,,
H04692,U0939,C220,I006,F002,O011,S038|S039|S078|S086|S116|S169|S185|S238,2023-07-25T03:00:12,work_context,1,Distribution,Downstream,Path_C
H01302,U0261,C152,I019,F010,O051,S023|S029|S049|S076|S107,2023-07-25T04:47:28,supply_context,1,Retail,Midstream,Path_L
H01687,U0338,C073,I001,F008,O043,S009|S014|S067|S144|S202|S210|S239|S171,2023-07-25T05:33:30,skill_context,0,,,
H06097,U1220,C068,I006,F016,O083,S062|S154|S160|S167|S195|S209|S224,2023-07-25T07:21:07,supply_context,1,Logistics,Downstream,Path_C
H00992,U0199,C212,I016,F006,O031,S079|S153|S172|S202|S209,2023-07-25T08:12:55,supply_context,1,Manufacturing,Downstream,Path_C
H00602,U0121,C056,I008,F009,O048,S011|S062|S114|S137|S239,2023-07-25T08:45:16,supply_context,0,,,
H04762,U0953,C268,I002,F012,O064,S002|S030|S040|S064|S093|S154,2023-07-25T09:31:30,collaboration_context,1,Supplier Management,Downstream,Path_B
H06227,U1246,C171,I018,F006,O031,S043|S070|S091|S095|S146,2023-07-25T11:08:53,collaboration_context,0,,,
H05542,U1109,C075,I011,F002,O009,S075|S085|S110|S156|S168|S235|S095,2023-07-25T11:16:12,supply_context,0,,,
H06927,U1386,C117,I021,F004,O020,S014|S018|S114|S144|S153|S164,2023-07-25T12:24:47,skill_context,1,Retail,Midstream,Path_E
H04172,U0835,C196,I016,F014,O074,S015|S019|S034|S060|S113|S172|S235|S237,2023-07-25T14:12:06,work_context,0,,,
H05322,U1065,C294,I015,F015,O077,S001|S007|S073|S165|S167|S181|S190,2023-07-25T16:42:40,skill_context,1,Procurement,Midstream,Path_G
H05527,U1106,C297,I023,F011,O055,S020|S031|S033|S058|S074|S136,2023-07-25T18:34:19,skill_context,0,,,
H04382,U0877,C198,I002,F013,O069,S046|S084|S098|S104|S105|S137|S201|S216,2023-07-25T19:05:00,supply_context,0,,,
H06792,U1359,C223,I012,F009,O047,S040|S112|S159|S176|S202|S229,2023-07-25T19:56:02,work_context,0,,,
H00842,U0169,C040,I007,F016,O085,S009|S050|S073|S120|S131|S138|S149|S219,2023-07-25T20:26:01,collaboration_context,0,,,
H04297,U0860,C168,I023,F001,O006,S024|S064|S086|S106|S148|S169|S193|S203,2023-07-25T20:30:36,supply_context,1,Supplier Management,Midstream,Path_I
H04117,U0824,C071,I012,F015,O079,S118|S134|S186|S203|S231,2023-07-25T20:38:48,skill_context,0,,,
H00647,U0130,C310,I016,F017,O088,S084|S117|S119|S149|S169|S187|S112,2023-07-25T20:47:51,work_context,1,Manufacturing,Downstream,Path_I
H06772,U1355,C271,I018,F016,O082,S110|S130|S155|S176|S239|S186,2023-07-25T20:50:48,collaboration_context,1,Distribution,Downstream,Path_F
H00037,U0008,C282,I017,F005,O024,S019|S190|S206|S228|S230,2023-07-25T23:34:17,skill_context,1,Logistics,Midstream,Path_F
H05112,U1023,C193,I002,F015,O078,S024|S037|S041|S202|S207|S231|S081,2023-07-26T00:39:39,skill_context,1,Retail,Downstream,Path_K
H01702,U0341,C141,I019,F001,O005,S021|S035|S073|S132|S138|S163|S172|S228,2023-07-26T00:55:03,collaboration_context,1,Supplier Management,Downstream,Path_E
H03812,U0763,C140,I022,F016,O081,S047|S067|S086|S163|S172|S180|S233|S239,2023-07-26T02:15:38,supply_context,1,Procurement,Upstream,Path_J
H01977,U0396,C055,I023,F014,O072,S003|S087|S089|S119|S160|S176|S191|S232,2023-07-26T02:54:43,supply_context,0,,,
H02557,U0512,C039,I023,F003,O016,S018|S032|S038|S042|S061|S144|S168|S211,2023-07-26T03:46:29,work_context,1,Manufacturing,Downstream,Path_I
H06067,U1214,C034,I009,F004,O020,S030|S035|S065|S133|S194|S196|S214|S234,2023-07-26T06:36:11,collaboration_context,0,,,
H00772,U0155,C185,I021,F017,O088,S010|S031|S146|S186|S216|S238,2023-07-26T07:10:34,work_context,1,SCM,Upstream,Path_L
H05962,U1193,C300,I002,F010,O053,S001|S032|S066|S155|S195|S059,2023-07-26T08:02:33,work_context,1,Supplier Management,Downstream,Path_F
H00727,U0146,C224,I004,F012,O061,S073|S075|S104|S112|S133|S155|S218,2023-07-26T09:34:31,supply_context,0,,,
H06942,U1389,C053,I019,F016,O084,S006|S026|S049|S156|S162|S225|S226,2023-07-26T11:36:41,skill_context,1,Supplier Management,Midstream,Path_C
H05877,U1176,C049,I006,F014,O075,S016|S036|S153|S206|S212|S239,2023-07-26T13:28:52,collaboration_context,0,,,
H05462,U1093,C131,I018,F004,O022,S088|S090|S113|S125|S186|S189|S228|S235,2023-07-26T14:32:10,supply_context,0,,,
H01052,U0211,C130,I014,F008,O042,S027|S064|S119|S194|S214,2023-07-26T16:19:58,supply_context,1,Manufacturing,Upstream,Path_J
H06052,U1211,C292,I017,F017,O087,S005|S092|S094|S105|S111|S148|S197,2023-07-26T17:15:44,work_context,0,,,
H02372,U0475,C207,I008,F002,O010,S001|S024|S103|S120|S144|S178,2023-07-26T17:52:50,work_context,0,,,
H05337,U1068,C185,I021,F016,O085,S008|S035|S122|S165|S184,2023-07-26T17:58:59,work_context,1,Logistics,Midstream,Path_J
H05262,U1053,C302,I007,F007,O033,S030|S059|S111|S136|S158|S200|S221,2023-07-26T19:38:36,work_context,0,,,
H00247,U0050,C085,I023,F008,O042,S012|S037|S061|S089|S120|S185,2023-07-26T22:08:53,skill_context,1,Distribution,Midstream,Path_G
H01897,U0380,C211,I004,F005,O024,S042|S056|S080|S134|S188|S191|S203|S209,2023-07-26T22:39:45,skill_context,1,Procurement,Upstream,Path_H
H06002,U1201,C148,I005,F018,O092,S065|S080|S128|S160|S191|S194|S211|S237,2023-07-27T00:56:41,collaboration_context,1,Procurement,Upstream,Path_D
H02187,U0438,C177,I005,F001,O005,S002|S130|S138|S230|S239,2023-07-27T01:18:15,skill_context,1,SCM,Midstream,Path_C
H04937,U0988,C312,I022,F018,O093,S006|S022|S063|S081|S108|S140|S189|S212,2023-07-27T01:20:00,supply_context,0,,,
H02202,U0441,C175,I008,F007,O033,S019|S076|S109|S130|S174,2023-07-27T03:36:31,work_context,1,Manufacturing,Downstream,Path_D
H05697,U1140,C299,I015,F003,O014,S061|S078|S144|S147|S167|S203,2023-07-27T03:42:10,skill_context,1,Retail,Upstream,Path_B
H04712,U0943,C139,I008,F017,O090,S009|S028|S082|S132|S142|S161|S213|S233,2023-07-27T04:00:46,skill_context,1,Distribution,Upstream,Path_D
H01387,U0278,C100,I005,F013,O068,S020|S071|S087|S104|S191|S199|S040,2023-07-27T04:23:35,skill_context,0,,,
H00632,U0127,C279,I021,F004,O021,S090|S098|S173|S191|S194|S195|S210|S225,2023-07-27T04:52:05,skill_context,0,,,
H02382,U0477,C255,I011,F009,O046,S001|S005|S028|S120|S152|S183,2023-07-27T05:24:33,supply_context,0,,,
H01272,U0255,C149,I009,F007,O038,S027|S032|S076|S152|S190|S194|S221|S232,2023-07-27T05:26:10,collaboration_context,0,,,
H05902,U1181,C141,I019,F016,O085,S027|S048|S055|S071|S079|S084|S145|S147,2023-07-27T05:45:38,supply_context,0,,,
H00537,U0108,C265,I014,F011,O056,S016|S053|S066|S115|S119|S136|S167|S224,2023-07-27T05:57:14,skill_context,0,,,
H06852,U1371,C255,I011,F006,O032,S070|S113|S145|S205|S239,2023-07-27T06:08:47,supply_context,0,,,
H06967,U1394,C027,I021,F009,O044,S015|S017|S035|S079|S130|S162|S194|S203,2023-07-27T06:27:09,skill_context,0,,,
H02687,U0538,C243,I008,F004,O019,S104|S107|S119|S123|S180|S204|S217,2023-07-27T06:52:09,work_context,0,,,
H06932,U1387,C163,I002,F011,O056,S027|S044|S090|S142|S193|S038|S146|S009,2023-07-27T07:54:00,collaboration_context,0,,,
H02437,U0488,C063,I003,F010,O054,S025|S040|S089|S145|S159|S219|S221|S191,2023-07-27T08:06:47,skill_context,0,,,
H05242,U1049,C236,I023,F005,O027,S007|S008|S012|S090|S113|S191|S214,2023-07-27T08:42:47,collaboration_context,1,Manufacturing,Downstream,Path_L
H00877,U0176,C151,I020,F002,O009,S059|S063|S105|S110|S147|S187,2023-07-27T09:10:29,supply_context,0,,,
H00252,U0051,C099,I020,F006,O030,S063|S084|S092|S134|S173,2023-07-27T09:27:15,collaboration_context,1,Logistics,Downstream,Path_L
H02742,U0549,C181,I012,F015,O080,S014|S045|S061|S069|S133|S180|S198,2023-07-27T09:51:13,supply_context,1,Logistics,Midstream,Path_C
H05167,U1034,C071,I012,F014,O074,S018|S084|S185|S190|S221,2023-07-27T09:58:34,skill_context,1,Manufacturing,Downstream,Path_F
H02282,U0457,C182,I011,F017,O091,S001|S052|S057|S082|S094|S124|S171|S189,2023-07-27T10:22:40,supply_context,0,,,
H06317,U1264,C313,I015,F002,O010,S109|S120|S131|S158|S237,2023-07-27T10:55:14,skill_context,0,,,
H02832,U0567,C100,I005,F011,O057,S029|S056|S070|S127|S131|S226,2023-07-27T12:44:59,collaboration_context,1,Manufacturing,Midstream,Path_I
H02082,U0417,C003,I003,F017,O089,S001|S026|S062|S092|S119|S128|S153|S231,2023-07-27T13:10:56,skill_context,1,Supplier Management,Upstream,Path_G
H02147,U0430,C087,I011,F004,O020,S009|S011|S029|S056|S069|S196|S203,2023-07-27T13:37:45,collaboration_context,0,,,
H00427,U0086,C047,I012,F010,O050,S026|S031|S036|S047|S167|S213|S006,2023-07-27T14:56:29,skill_context,0,,,
H02007,U0402,C010,I001,F013,O067,S064|S094|S183|S187|S238,2023-07-27T15:25:34,work_context,1,Retail,Downstream,Path_J
H01062,U0213,C058,I020,F001,O005,S002|S016|S083|S094|S107|S127|S158|S173,2023-07-27T15:51:38,work_context,0,,,
H02087,U0418,C267,I008,F013,O070,S008|S025|S028|S039|S057|S150|S156|S215,2023-07-27T18:25:02,skill_context,1,Supplier Management,Upstream,Path_G
H02457,U0492,C107,I006,F011,O058,S097|S102|S136|S160|S162|S193|S222|S231,2023-07-27T18:43:26,work_context,0,,,
H06207,U1242,C091,I015,F001,O001,S033|S059|S089|S123|S150|S228,2023-07-27T21:26:05,supply_context,0,,,
H00977,U0196,C261,I022,F012,O063,S042|S068|S084|S102|S120|S135|S163|S199,2023-07-27T21:37:48,work_context,1,Logistics,Upstream,Path_F
H00012,U0003,C048,I005,F016,O086,S014|S047|S051|S080|S111|S113|S140|S239,2023-07-27T22:13:31,work_context,0,,,
H02417,U0484,C068,I006,F009,O045,S026|S052|S058|S065|S151|S165|S210,2023-07-28T00:07:24,collaboration_context,0,,,
H03597,U0720,C007,I017,F012,O063,S067|S090|S131|S159|S163|S048,2023-07-28T00:22:11,collaboration_context,0,,,
H03062,U0613,C062,I010,F001,O006,S015|S030|S033|S047|S099|S100|S209|S219,2023-07-28T01:55:40,collaboration_context,0,,,
H00292,U0059,C230,I002,F018,O096,S014|S130|S177|S205|S210,2023-07-28T04:23:23,supply_context,0,,,
H02367,U0474,C118,I013,F014,O072,S033|S064|S079|S167|S183|S204|S205|S143,2023-07-28T05:06:28,skill_context,0,,,
H01942,U0389,C286,I009,F003,O012,S093|S112|S126|S180|S199|S203|S205|S231,2023-07-28T09:29:03,collaboration_context,0,,,
H03397,U0680,C198,I002,F009,O046,S099|S108|S156|S159|S200|S208|S231,2023-07-28T10:40:56,skill_context,0,,,
H04342,U0869,C178,I022,F008,O040,S055|S097|S101|S236|S237|S027,2023-07-28T12:03:53,supply_context,1,Logistics,Downstream,Path_C
H05567,U1114,C052,I013,F011,O056,S033|S041|S049|S200|S219,2023-07-28T13:28:15,work_context,0,,,
H02092,U0419,C018,I020,F006,O028,S013|S022|S062|S094|S099|S171|S178,2023-07-28T15:15:15,work_context,0,,,
H00027,U0006,C176,I007,F009,O048,S017|S077|S083|S088|S131|S231,2023-07-28T15:46:55,collaboration_context,1,Manufacturing,Midstream,Path_F
H04677,U0936,C127,I004,F001,O006,S002|S009|S019|S052|S072|S194|S223|S041,2023-07-28T16:11:27,skill_context,1,SCM,Downstream,Path_C
H06867,U1374,C165,I017,F004,O020,S007|S034|S040|S168|S206,2023-07-28T17:05:02,work_context,0,,,
H00932,U0187,C061,I006,F012,O062,S060|S064|S116|S148|S152|S156|S186|S202,2023-07-28T17:22:28,supply_context,0,,,
H02787,U0558,C053,I019,F012,O061,S057|S073|S218|S220|S239|S167,2023-07-28T18:28:34,work_context,0,,,
H00707,U0142,C128,I011,F011,O056,S021|S047|S053|S076|S100|S170|S212|S234,2023-07-28T19:57:10,work_context,1,SCM,Midstream,Path_D
H02122,U0425,C162,I001,F009,O048,S013|S014|S045|S101|S107,2023-07-28T23:23:10,work_context,1,Retail,Upstream,Path_A
H00617,U0124,C075,I011,F016,O085,S020|S039|S048|S075|S120|S180|S207,2023-07-28T23:29:45,collaboration_context,0,,,
H00442,U0089,C257,I006,F003,O016,S006|S030|S077|S128|S191|S230|S237|S134,2023-08-01T00:52:27,work_context,1,Logistics,Upstream,Path_I
H01957,U0392,C174,I005,F010,O050,S019|S080|S085|S096|S111|S124|S219,2023-08-01T04:01:58,collaboration_context,1,Procurement,Upstream,Path_J
H00542,U0109,C044,I017,F015,O079,S008|S010|S028|S125|S210|S214,2023-08-01T05:03:11,skill_context,0,,,
H03607,U0722,C306,I018,F014,O074,S009|S033|S034|S093|S102|S234,2023-08-01T05:07:39,collaboration_context,1,Logistics,Upstream,Path_I
H02837,U0568,C088,I009,F010,O049,S020|S077|S098|S220|S221|S238|S057,2023-08-01T06:09:01,collaboration_context,0,,,
H06762,U1353,C310,I016,F001,O002,S028|S124|S162|S207|S231|S238|S232,2023-08-01T08:15:28,skill_context,1,Distribution,Midstream,Path_C
H06222,U1245,C068,I006,F004,O022,S071|S119|S125|S135|S211,2023-08-01T08:38:52,work_context,1,Manufacturing,Upstream,Path_E
H00312,U0063,C005,I018,F002,O007,S014|S078|S112|S140|S170|S194|S209|S210,2023-08-01T10:05:13,skill_context,1,SCM,Midstream,Path_D
H03652,U0731,C223,I012,F006,O030,S050|S075|S089|S108|S122|S123|S145|S151,2023-08-01T10:06:51,skill_context,0,,,
H02427,U0486,C249,I018,F016,O081,S006|S071|S074|S106|S181|S228,2023-08-01T10:36:14,skill_context,0,,,
H05032,U1007,C039,I023,F002,O011,S067|S068|S131|S194|S204|S232|S223,2023-08-01T11:48:38,work_context,1,Retail,Midstream,Path_G
H02537,U0508,C159,I002,F006,O029,S014|S037|S103|S136|S174,2023-08-01T14:48:32,work_context,0,,,
H00042,U0009,C037,I009,F003,O014,S006|S016|S017|S067|S072|S166|S174|S209,2023-08-01T16:04:45,supply_context,0,,,
H01827,U0366,C244,I022,F011,O057,S057|S058|S070|S079|S123|S205|S224,2023-08-01T17:17:58,skill_context,1,Manufacturing,Midstream,Path_D
H00067,U0014,C195,I007,F010,O052,S027|S031|S084|S144|S148|S153|S204|S225,2023-08-01T17:24:30,collaboration_context,0,,,
H03507,U0702,C183,I006,F017,O090,S068|S144|S153|S193|S201|S133,2023-08-01T18:57:00,collaboration_context,1,Logistics,Downstream,Path_H
H02977,U0596,C037,I009,F015,O079,S013|S016|S025|S118|S120|S142|S200|S234,2023-08-01T18:58:03,collaboration_context,0,,,
H05887,U1178,C062,I010,F015,O080,S003|S047|S051|S128|S159|S171|S160,2023-08-01T19:16:50,supply_context,1,Retail,Upstream,Path_G
H00177,U0036,C263,I011,F004,O020,S006|S043|S132|S180|S234|S114,2023-08-01T19:58:41,supply_context,0,,,
H05472,U1095,C019,I018,F010,O053,S015|S032|S094|S120|S121|S158,2023-08-01T20:44:01,work_context,0,,,
H05922,U1185,C220,I006,F009,O047,S021|S063|S076|S110|S171|S174|S209|S219,2023-08-01T21:37:27,skill_context,0,,,
H01772,U0355,C009,I003,F012,O060,S059|S173|S177|S227|S228|S233,2023-08-01T22:00:04,collaboration_context,0,,,
H05127,U1026,C223,I012,F005,O023,S076|S140|S186|S191|S194|S215|S221,2023-08-01T22:06:57,supply_context,0,,,
H02802,U0561,C013,I015,F015,O079,S001|S010|S131|S148|S211|S217|S220|S228,2023-08-01T23:45:43,work_context,1,Distribution,Downstream,Path_L
H06397,U1280,C057,I023,F007,O034,S008|S010|S021|S030|S097|S131|S217|S237,2023-08-02T00:37:44,collaboration_context,0,,,
H05247,U1050,C072,I010,F013,O067,S001|S006|S016|S150|S216|S097,2023-08-02T01:28:22,supply_context,0,,,
H02052,U0411,C071,I012,F014,O074,S092|S155|S160|S167|S214,2023-08-02T02:32:35,work_context,1,SCM,Midstream,Path_I
H04322,U0865,C208,I009,F003,O015,S007|S067|S076|S157|S179|S181|S232,2023-08-02T02:55:09,skill_context,0,,,
H01377,U0276,C251,I004,F003,O015,S091|S148|S150|S178|S200,2023-08-02T03:29:14,skill_context,1,Retail,Midstream,Path_D
H06917,U1384,C057,I023,F016,O081,S024|S092|S104|S109|S150|S155,2023-08-02T06:52:47,collaboration_context,0,,,
H04192,U0839,C253,I021,F016,O081,S020|S034|S040|S055|S154|S214,2023-08-02T07:48:42,skill_context,1,Logistics,Midstream,Path_A
H04417,U0884,C051,I019,F010,O050,S004|S017|S116|S120|S179,2023-08-02T07:49:15,work_context,0,,,
H06367,U1274,C237,I016,F017,O091,S032|S037|S066|S177|S227|S116,2023-08-02T08:50:56,supply_context,1,Procurement,Upstream,Path_J
H04977,U0996,C107,I006,F012,O063,S057|S059|S073|S183|S184|S220,2023-08-02T10:04:08,work_context,0,,,
H02647,U0530,C150,I001,F013,O067,S020|S036|S045|S076|S109|S172|S183|S073,2023-08-02T12:09:19,collaboration_context,0,,,
H03152,U0631,C023,I015,F008,O039,S022|S087|S099|S168|S169|S224|S227,2023-08-02T14:41:33,supply_context,0,,,
H00607,U0122,C023,I015,F004,O018,S004|S138|S144|S167|S211|S218|S238,2023-08-02T14:53:02,work_context,1,Manufacturing,Upstream,Path_H
H06252,U1251,C310,I016,F017,O087,S043|S114|S155|S166|S179|S187,2023-08-02T17:24:25,supply_context,1,Distribution,Upstream,Path_C
H03922,U0785,C316,I013,F011,O059,S108|S158|S174|S211|S217|S234,2023-08-02T17:38:07,skill_context,0,,,
H01007,U0202,C030,I020,F008,O043,S005|S056|S191|S220|S232,2023-08-02T17:50:49,supply_context,1,Procurement,Upstream,Path_A
H06127,U1226,C223,I012,F018,O093,S022|S060|S082|S120|S131|S143|S160|S179,2023-08-02T18:09:17,skill_context,1,Distribution,Downstream,Path_J
H01877,U0376,C025,I014,F001,O004,S022|S031|S092|S093|S172|S187,2023-08-02T18:52:00,work_context,1,Logistics,Downstream,Path_E
H03667,U0734,C286,I009,F017,O091,S008|S070|S102|S209|S233|S009,2023-08-02T19:33:55,collaboration_context,0,,,
H02447,U0490,C075,I011,F011,O057,S017|S081|S125|S138|S213|S215,2023-08-02T20:38:58,skill_context,0,,,
H02402,U0481,C100,I005,F001,O006,S034|S035|S044|S047|S074|S087|S132|S187,2023-08-02T21:17:15,work_context,0,,,
H01147,U0230,C272,I024,F015,O079,S028|S032|S041|S081|S164,2023-08-02T22:30:27,work_context,1,Retail,Downstream,Path_F
H04757,U0952,C113,I004,F006,O029,S033|S054|S059|S145|S148|S152|S206,2023-08-02T23:04:53,collaboration_context,0,,,
H06957,U1392,C178,I022,F008,O039,S032|S154|S158|S168|S193,2023-08-03T05:53:39,supply_context,1,Logistics,Midstream,Path_L
H01557,U0312,C201,I014,F012,O063,S022|S024|S086|S103|S114|S236,2023-08-03T06:11:11,work_context,0,,,
H01762,U0353,C153,I023,F007,O034,S009|S013|S032|S034|S094|S123,2023-08-03T06:51:58,skill_context,0,,,
H03942,U0789,C084,I014,F010,O051,S077|S087|S089|S099|S168|S170|S192,2023-08-03T07:06:01,supply_context,0,,,
H02517,U0504,C071,I012,F010,O049,S012|S045|S053|S078|S095|S131|S151|S161,2023-08-03T07:06:58,collaboration_context,0,,,
H05192,U1039,C107,I006,F003,O014,S048|S081|S089|S194|S204,2023-08-03T07:24:54,supply_context,0,,,
H04837,U0968,C130,I014,F002,O011,S020|S023|S118|S124|S164|S235|S236,2023-08-03T08:29:00,work_context,1,Supplier Management,Midstream,Path_H
H02247,U0450,C179,I015,F016,O082,S011|S022|S139|S165|S177|S238,2023-08-03T09:05:56,collaboration_context,0,,,
H03537,U0708,C203,I002,F003,O015,S002|S023|S096|S188|S239|S165,2023-08-03T09:20:33,supply_context,0,,,
H00527,U0106,C092,I001,F012,O060,S083|S131|S139|S147|S171|S174,2023-08-03T10:54:23,work_context,1,Procurement,Midstream,Path_B
H05917,U1184,C085,I023,F002,O010,S047|S085|S091|S142|S171,2023-08-03T11:07:18,collaboration_context,1,Logistics,Downstream,Path_L
H04287,U0858,C116,I013,F003,O013,S009|S036|S063|S083|S095|S161,2023-08-03T12:11:23,skill_context,1,SCM,Midstream,Path_L
H00817,U0164,C171,I018,F008,O042,S036|S040|S041|S087|S141|S159|S204,2023-08-03T16:37:16,work_context,0,,,
H05627,U1126,C058,I020,F006,O031,S029|S051|S117|S171|S187,2023-08-03T16:46:08,work_context,1,Logistics,Upstream,Path_G
H06567,U1314,C040,I007,F008,O039,S006|S033|S075|S162|S198,2023-08-03T17:49:09,collaboration_context,0,,,
H01157,U0232,C249,I018,F005,O024,S056|S070|S079|S132|S148|S155|S193|S236,2023-08-03T18:31:54,supply_context,1,Supplier Management,Midstream,Path_J
H03342,U0669,C108,I024,F001,O005,S019|S020|S034|S051|S064|S229|S236|S057,2023-08-03T19:08:36,collaboration_context,1,Distribution,Midstream,Path_A
H00342,U0069,C147,I008,F010,O052,S006|S057|S063|S067|S076|S129|S164|S236,2023-08-03T19:35:19,work_context,0,,,
H04652,U0931,C277,I010,F013,O070,S026|S046|S068|S091|S108|S140|S188,2023-08-03T20:58:28,work_context,1,SCM,Upstream,Path_B
H05592,U1119,C162,I001,F008,O041,S010|S012|S160|S173|S181|S187|S198|S206,2023-08-04T01:06:11,skill_context,0,,,
H01317,U0264,C317,I002,F011,O058,S011|S063|S102|S189|S215|S126,2023-08-04T02:42:36,supply_context,0,,,
H06212,U1243,C302,I007,F004,O021,S013|S110|S143|S173|S192|S196|S237|S122,2023-08-04T02:46:30,supply_context,0,,,
H02262,U0453,C147,I008,F007,O033,S012|S094|S133|S186|S201|S232|S095,2023-08-04T02:47:06,supply_context,0,,,
H00567,U0114,C115,I017,F014,O072,S001|S008|S009|S038|S131|S150|S153|S237,2023-08-04T04:10:48,work_context,0,,,
H02127,U0426,C035,I013,F006,O029,S098|S102|S120|S138|S145|S185|S194|S034,2023-08-04T07:09:35,skill_context,1,Manufacturing,Downstream,Path_J
H00172,U0035,C160,I005,F007,O036,S057|S107|S218|S220|S233|S235,2023-08-04T07:50:23,skill_context,1,Distribution,Upstream,Path_L
H04282,U0857,C231,I015,F008,O042,S011|S028|S040|S077|S098|S111|S150,2023-08-04T08:17:36,collaboration_context,1,Logistics,Midstream,Path_D
H05522,U1105,C120,I017,F018,O095,S017|S060|S065|S071|S092|S113|S233|S237,2023-08-04T10:54:14,supply_context,0,,,
H03532,U0707,C125,I007,F008,O043,S004|S005|S055|S059|S136|S149|S225,2023-08-04T11:43:41,work_context,1,SCM,Upstream,Path_D
H02232,U0447,C016,I006,F006,O028,S003|S028|S030|S069|S160|S227,2023-08-04T12:06:43,supply_context,0,,,
H06187,U1238,C026,I012,F006,O032,S017|S029|S039|S075|S136|S210,2023-08-04T12:33:48,work_context,0,,,
H06072,U1215,C039,I023,F011,O055,S031|S065|S080|S095|S124,2023-08-04T12:53:26,skill_context,0,,,
H02312,U0463,C107,I006,F005,O027,S001|S073|S090|S128|S149|S236,2023-08-04T14:45:57,supply_context,0,,,
H04337,U0868,C189,I013,F008,O042,S143|S144|S151|S192|S238,2023-08-04T14:50:26,work_context,0,,,
H01367,U0274,C202,I022,F016,O081,S011|S033|S082|S103|S152|S162,2023-08-04T15:17:13,collaboration_context,0,,,
H04062,U0813,C101,I007,F018,O096,S034|S049|S083|S087|S130|S143|S187,2023-08-04T15:55:17,work_context,1,Logistics,Midstream,Path_K
H06147,U1230,C280,I020,F017,O089,S007|S150|S165|S174|S206|S217|S234,2023-08-04T17:19:53,skill_context,1,Manufacturing,Upstream,Path_A
H01392,U0279,C062,I010,F001,O003,S013|S014|S091|S094|S121|S125|S132|S197,2023-08-04T20:33:38,work_context,1,SCM,Midstream,Path_K
H02387,U0478,C201,I014,F001,O002,S008|S086|S094|S109|S207|S239|S091,2023-08-04T21:35:11,supply_context,1,Retail,Upstream,Path_L
H03357,U0672,C303,I008,F014,O075,S038|S051|S111|S129|S152|S158|S168|S195,2023-08-04T22:29:22,collaboration_context,1,Procurement,Downstream,Path_C
H06027,U1206,C269,I019,F011,O055,S012|S037|S042|S050|S122|S179|S194|S220,2023-08-05T01:12:51,supply_context,0,,,
H01357,U0272,C050,I013,F011,O056,S015|S054|S138|S148|S154|S191|S208,2023-08-05T01:32:26,skill_context,0,,,
H02927,U0586,C196,I016,F013,O066,S068|S069|S216|S223|S234,2023-08-05T03:14:55,work_context,1,Supplier Management,Midstream,Path_A
H06537,U1308,C249,I018,F014,O072,S032|S041|S049|S170|S206,2023-08-05T03:40:59,supply_context,0,,,
H02732,U0547,C237,I016,F016,O081,S021|S049|S078|S115|S192|S019,2023-08-05T03:43:02,skill_context,0,,,
H03837,U0768,C291,I024,F010,O051,S014|S122|S138|S199|S215,2023-08-05T03:45:54,skill_context,0,,,
H05947,U1190,C213,I020,F017,O089,S064|S081|S127|S188|S194|S221,2023-08-05T04:31:01,supply_context,1,Retail,Midstream,Path_B
H06282,U1257,C250,I012,F008,O042,S036|S089|S102|S121|S159|S180|S194|S222,2023-08-05T05:01:15,skill_context,1,Supplier Management,Downstream,Path_A
H02017,U0404,C306,I018,F013,O066,S111|S118|S174|S203|S218,2023-08-05T05:18:31,work_context,0,,,
H01277,U0256,C024,I001,F018,O096,S083|S118|S126|S169|S211,2023-08-05T06:44:54,collaboration_context,1,Procurement,Midstream,Path_I
H06662,U1333,C049,I006,F012,O063,S041|S091|S203|S210|S221|S226,2023-08-05T07:48:11,collaboration_context,0,,,
H00562,U0113,C241,I013,F013,O065,S043|S060|S108|S132|S170|S214|S235|S236,2023-08-05T09:12:42,work_context,0,,,
H02932,U0587,C110,I003,F016,O084,S087|S094|S114|S121|S130|S136|S163|S067,2023-08-05T09:56:04,work_context,0,,,
H05517,U1104,C297,I023,F001,O005,S005|S030|S044|S045|S065|S123|S178|S205,2023-08-05T10:05:34,skill_context,1,Retail,Downstream,Path_J
H00547,U0110,C274,I017,F006,O030,S001|S009|S104|S126|S209|S212,2023-08-05T10:26:56,collaboration_context,0,,,
H01812,U0363,C066,I021,F014,O071,S078|S143|S188|S226|S235|S098,2023-08-05T12:46:09,work_context,0,,,
H00367,U0074,C187,I002,F018,O092,S050|S095|S107|S216|S221,2023-08-05T13:15:16,skill_context,0,,,
H01837,U0368,C138,I021,F007,O036,S062|S080|S085|S145|S156|S173|S174|S239,2023-08-05T14:37:40,work_context,1,Retail,Midstream,Path_I
H05702,U1141,C153,I023,F007,O033,S045|S080|S105|S130|S133|S184,2023-08-05T15:30:08,work_context,1,Manufacturing,Downstream,Path_G
H00007,U0002,C137,I013,F001,O006,S025|S062|S084|S099|S180|S198|S194,2023-08-05T15:35:37,collaboration_context,0,,,
H01452,U0291,C036,I011,F016,O085,S002|S018|S096|S126|S141|S217|S232,2023-08-05T16:01:33,work_context,0,,,
H06587,U1318,C092,I001,F006,O031,S067|S072|S074|S080|S142|S161|S213|S225,2023-08-05T17:23:24,skill_context,0,,,
H00057,U0012,C251,I004,F013,O068,S031|S073|S148|S191|S220|S222|S044,2023-08-05T18:28:01,skill_context,0,,,
H00672,U0135,C045,I009,F016,O082,S001|S005|S035|S037|S049|S097|S150|S227,2023-08-05T22:31:43,collaboration_context,0,,,
H00132,U0027,C176,I007,F010,O053,S050|S057|S059|S071|S081|S146|S182|S236,2023-08-05T22:44:53,work_context,1,Manufacturing,Downstream,Path_F
H04162,U0833,C008,I015,F012,O061,S035|S081|S145|S150|S154|S170|S214|S236,2023-08-05T22:59:47,work_context,0,,,
H05327,U1066,C130,I014,F014,O073,S001|S049|S097|S101|S175|S179|S196|S228,2023-08-06T00:10:45,skill_context,0,,,
H06972,U1395,C082,I015,F006,O030,S001|S046|S096|S155|S186,2023-08-06T01:26:11,skill_context,0,,,
H06692,U1339,C181,I012,F012,O064,S009|S013|S036|S124|S172|S184|S210|S229,2023-08-06T02:16:41,work_context,1,SCM,Midstream,Path_B
H05352,U1071,C176,I007,F018,O094,S015|S022|S044|S055|S149|S152|S186,2023-08-06T02:47:50,skill_context,1,Logistics,Downstream,Path_I
H00962,U0193,C257,I006,F015,O080,S100|S117|S134|S186|S211,2023-08-06T04:08:06,skill_context,0,,,
H01932,U0387,C223,I012,F005,O026,S004|S034|S067|S145|S198|S206|S011|S097,2023-08-06T04:41:41,supply_context,1,Retail,Midstream,Path_I
H03137,U0628,C264,I021,F010,O053,S040|S126|S134|S136|S148|S164|S210|S239,2023-08-06T04:42:30,work_context,0,,,
H01707,U0342,C289,I018,F007,O038,S035|S087|S136|S140|S164|S047,2023-08-06T05:39:40,supply_context,0,,,
H05862,U1173,C241,I013,F015,O080,S081|S106|S114|S140|S191|S206,2023-08-06T05:43:21,skill_context,1,Manufacturing,Upstream,Path_C
H00147,U0030,C222,I003,F014,O071,S099|S107|S123|S169|S170|S222|S031,2023-08-06T06:07:53,work_context,1,Manufacturing,Midstream,Path_K
H03572,U0715,C254,I022,F007,O037,S019|S037|S071|S161|S173|S225,2023-08-06T08:17:58,supply_context,0,,,
H07002,U1401,C015,I001,F014,O075,S086|S127|S151|S171|S201|S214,2023-08-06T08:21:46,work_context,0,,,
H02117,U0424,C307,I023,F018,O093,S120|S129|S133|S221|S229,2023-08-06T11:17:00,skill_context,1,Distribution,Upstream,Path_K
H03297,U0660,C215,I020,F006,O028,S025|S100|S123|S130|S168|S179|S190|S234,2023-08-06T11:52:38,supply_context,1,Procurement,Midstream,Path_K
H01177,U0236,C059,I014,F006,O031,S063|S065|S124|S130|S134|S143|S149,2023-08-06T13:10:56,skill_context,0,,,
H06892,U1379,C226,I008,F011,O056,S002|S010|S128|S194|S213|S240,2023-08-06T14:32:33,skill_context,0,,,
H03997,U0800,C038,I006,F012,O062,S020|S077|S097|S195|S209|S211,2023-08-06T14:58:05,collaboration_context,0,,,
H05107,U1022,C066,I021,F010,O052,S044|S062|S072|S073|S143|S184,2023-08-06T15:18:19,skill_context,0,,,
H00782,U0157,C006,I023,F015,O079,S010|S015|S049|S129|S146|S162|S196|S212,2023-08-06T16:02:05,work_context,0,,,
H00462,U0093,C194,I010,F007,O037,S034|S064|S093|S098|S204|S207,2023-08-06T16:03:30,collaboration_context,0,,,
H04997,U1000,C050,I013,F009,O044,S027|S040|S084|S144|S151|S189|S222|S234,2023-08-06T17:29:20,skill_context,0,,,
H04097,U0820,C189,I013,F003,O012,S060|S087|S091|S127|S146,2023-08-06T19:33:17,skill_context,0,,,
H05207,U1042,C229,I019,F006,O028,S031|S033|S085|S101|S103|S206|S215,2023-08-06T19:43:49,supply_context,1,SCM,Downstream,Path_G
H01032,U0207,C054,I004,F017,O090,S060|S063|S068|S138|S177|S181|S226,2023-08-06T22:03:15,skill_context,0,,,
H06522,U1305,C158,I014,F005,O025,S054|S109|S122|S147|S158|S179,2023-08-07T03:19:14,work_context,0,,,
H03257,U0652,C088,I009,F008,O041,S004|S100|S145|S183|S232|S009|S135,2023-08-07T06:02:28,supply_context,1,Logistics,Downstream,Path_K
H03797,U0760,C091,I015,F006,O028,S029|S037|S160|S181|S220|S119,2023-08-07T06:25:59,skill_context,1,Supplier Management,Midstream,Path_J
H01137,U0228,C067,I002,F018,O093,S021|S047|S054|S078|S146|S177|S162,2023-08-07T07:18:35,skill_context,1,Distribution,Downstream,Path_E
H03057,U0612,C087,I011,F009,O044,S043|S093|S115|S231|S240,2023-08-07T10:03:02,work_context,0,,,
H04812,U0963,C062,I010,F016,O081,S017|S061|S113|S158|S191|S193|S237|S181,2023-08-07T10:14:22,work_context,0,,,
H03762,U0753,C063,I003,F010,O053,S011|S026|S068|S135|S206|S225|S227|S239,2023-08-07T10:45:53,collaboration_context,1,Distribution,Upstream,Path_H
H05022,U1005,C173,I016,F007,O037,S018|S053|S064|S072|S085|S098|S165,2023-08-07T12:42:18,collaboration_context,0,,,
H02642,U0529,C136,I023,F010,O049,S049|S053|S091|S146|S175|S219,2023-08-07T13:49:32,work_context,0,,,
H06167,U1234,C246,I024,F013,O067,S002|S132|S213|S215|S216|S224,2023-08-07T14:15:28,collaboration_context,0,,,
H05307,U1062,C304,I020,F014,O075,S071|S090|S099|S203|S215,2023-08-07T15:12:08,supply_context,1,Logistics,Downstream,Path_H
H03707,U0742,C262,I003,F005,O025,S006|S018|S118|S121|S122|S229|S237|S108,2023-08-07T16:43:57,collaboration_context,1,SCM,Upstream,Path_C
H03742,U0749,C044,I017,F001,O002,S007|S012|S088|S111|S113|S207|S225,2023-08-07T18:12:50,collaboration_context,0,,,
H01497,U0300,C046,I001,F008,O043,S065|S083|S113|S125|S133|S155|S166|S054,2023-08-07T19:02:14,collaboration_context,0,,,
H01337,U0268,C163,I002,F013,O070,S019|S039|S192|S199|S220|S230,2023-08-07T19:32:02,collaboration_context,0,,,
H05607,U1122,C040,I007,F001,O005,S096|S100|S155|S171|S239|S146,2023-08-07T20:51:34,skill_context,0,,,
H06667,U1334,C015,I001,F007,O038,S006|S020|S040|S127|S132|S146|S175|S062,2023-08-07T20:51:44,collaboration_context,0,,,
H06462,U1293,C247,I003,F010,O049,S056|S079|S092|S101|S179|S187|S227|S058,2023-08-07T21:00:10,skill_context,1,Procurement,Downstream,Path_F
H03262,U0653,C203,I002,F004,O017,S024|S075|S099|S139|S144|S161|S142,2023-08-07T21:32:28,work_context,0,,,
H04217,U0844,C227,I019,F007,O038,S023|S028|S030|S055|S093|S096|S122|S177,2023-08-07T22:57:13,skill_context,1,Logistics,Upstream,Path_H
H06457,U1292,C187,I002,F013,O066,S075|S089|S108|S147|S203|S225,2023-08-07T23:14:07,collaboration_context,0,,,
H02957,U0592,C105,I005,F005,O027,S002|S028|S031|S155|S168|S196|S219,2023-08-07T23:50:11,skill_context,0,,,
H01017,U0204,C277,I010,F003,O016,S031|S034|S077|S118|S206|S210|S219,2023-08-08T01:01:14,work_context,0,,,
H00002,U0001,C001,I003,F003,O012,S033|S043|S095|S107|S155|S199|S220|S233,2023-08-08T01:07:04,skill_context,0,,,
H05287,U1058,C301,I007,F017,O091,S081|S129|S138|S145|S159|S210|S211,2023-08-08T01:09:30,work_context,0,,,
H05452,U1091,C222,I003,F001,O006,S004|S024|S053|S087|S167|S203|S217,2023-08-08T02:34:00,skill_context,0,,,
H05202,U1041,C297,I023,F003,O014,S052|S053|S119|S124|S150|S232,2023-08-08T03:01:45,supply_context,1,Retail,Midstream,Path_A
H02357,U0472,C222,I003,F003,O014,S002|S113|S160|S187|S229|S183,2023-08-08T04:41:01,work_context,1,Procurement,Upstream,Path_E
H03157,U0632,C168,I023,F013,O066,S003|S011|S056|S222|S230,2023-08-08T05:02:47,supply_context,0,,,
H05102,U1021,C095,I012,F006,O028,S011|S068|S108|S110|S174|S103,2023-08-08T06:05:46,skill_context,0,,,
H04227,U0846,C198,I002,F010,O051,S043|S085|S158|S163|S230,2023-08-08T07:10:47,work_context,0,,,
H00472,U0095,C217,I007,F005,O025,S017|S044|S075|S088|S098|S106|S156|S217,2023-08-08T07:27:19,skill_context,0,,,
H04242,U0849,C212,I016,F009,O044,S025|S053|S123|S196|S221|S224|S225,2023-08-08T09:34:18,work_context,0,,,
H02307,U0462,C236,I023,F001,O003,S063|S101|S137|S148|S233,2023-08-08T09:44:32,skill_context,0,,,
H00937,U0188,C215,I020,F012,O063,S055|S056|S057|S149|S207|S225|S232,2023-08-08T09:59:33,work_context,1,SCM,Downstream,Path_C
H02002,U0401,C083,I024,F014,O073,S057|S059|S061|S099|S147|S179|S219|S226,2023-08-08T10:30:47,supply_context,1,Manufacturing,Upstream,Path_J
H05187,U1038,C256,I018,F018,O094,S044|S045|S076|S173|S188|S198|S223|S239,2023-08-08T10:40:33,collaboration_context,0,,,
H02757,U0552,C161,I009,F016,O084,S018|S041|S075|S160|S192|S217|S219|S004,2023-08-08T11:05:51,work_context,0,,,
H03327,U0666,C093,I002,F017,O088,S040|S109|S147|S157|S160|S185|S198|S209,2023-08-08T11:59:29,supply_context,0,,,
H04572,U0915,C275,I008,F015,O077,S013|S055|S133|S158|S199,2023-08-08T13:31:36,collaboration_context,1,Retail,Midstream,Path_D
H06372,U1275,C037,I009,F017,O088,S021|S026|S056|S073|S130|S171|S222,2023-08-08T13:37:18,supply_context,1,SCM,Downstream,Path_K
H00102,U0021,C174,I005,F005,O023,S001|S014|S047|S161|S163|S197,2023-08-08T15:15:08,collaboration_context,0,,,
H00892,U0179,C266,I016,F002,O009,S002|S004|S061|S094|S107|S153|S228,2023-08-08T17:12:07,work_context,1,Logistics,Downstream,Path_A
H00597,U0120,C048,I005,F014,O075,S034|S076|S092|S102|S142|S197|S218,2023-08-08T17:36:22,work_context,1,Logistics,Midstream,Path_D
H02882,U0577,C015,I001,F015,O080,S033|S077|S090|S103|S155|S156|S221|S225,2023-08-08T17:41:23,skill_context,0,,,
H04732,U0947,C270,I003,F008,O040,S002|S006|S054|S055|S177|S236,2023-08-08T17:42:48,collaboration_context,0,,,
H03722,U0745,C167,I002,F010,O051,S003|S017|S073|S088|S114|S147,2023-08-08T18:21:52,supply_context,0,,,
H04347,U0870,C020,I004,F006,O031,S040|S057|S062|S065|S159|S191,2023-08-08T18:56:27,supply_context,1,SCM,Downstream,Path_E
H03487,U0698,C099,I020,F015,O076,S029|S035|S060|S190|S213,2023-08-08T19:56:05,supply_context,1,Retail,Midstream,Path_E
H05427,U1086,C214,I022,F011,O056,S033|S060|S078|S086|S127|S130,2023-08-08T21:07:39,collaboration_context,1,SCM,Midstream,Path_D
H06767,U1354,C160,I005,F001,O005,S038|S044|S137|S200|S215|S224|S240|S010,2023-08-08T21:15:01,work_context,0,,,
H06502,U1301,C106,I021,F016,O082,S004|S031|S097|S125|S126|S135|S147|S157,2023-08-08T21:16:37,supply_context,1,SCM,Downstream,Path_F
H03252,U0651,C168,I023,F004,O020,S028|S044|S047|S108|S171|S182|S199|S209,2023-08-08T22:03:58,supply_context,1,Supplier Management,Downstream,Path_L
H04332,U0867,C049,I006,F017,O090,S004|S014|S030|S153|S190|S192|S193,2023-08-08T23:02:20,work_context,0,,,
H06042,U1209,C141,I019,F011,O056,S022|S027|S077|S112|S152|S204,2023-08-09T02:01:37,skill_context,1,Supplier Management,Downstream,Path_J
H04962,U0993,C151,I020,F006,O031,S013|S023|S065|S124|S130|S170|S181|S224,2023-08-09T03:54:13,work_context,0,,,
H04187,U0838,C014,I007,F006,O030,S062|S096|S108|S150|S198|S207|S213|S219,2023-08-09T04:22:56,supply_context,0,,,
H00762,U0153,C172,I010,F015,O080,S032|S110|S113|S122|S127|S173|S194|S229,2023-08-09T06:25:34,supply_context,0,,,
H02172,U0435,C161,I009,F007,O034,S005|S010|S037|S121|S137|S180|S216|S239,2023-08-09T07:04:44,collaboration_context,0,,,
H00822,U0165,C298,I012,F016,O084,S027|S043|S066|S070|S077|S144|S183|S184,2023-08-09T11:09:54,supply_context,1,Distribution,Upstream,Path_E
H04197,U0840,C234,I015,F003,O013,S015|S016|S144|S188|S214,2023-08-09T12:31:24,collaboration_context,0,,,
H04047,U0810,C298,I012,F002,O008,S008|S015|S046|S058|S059|S068|S142|S146,2023-08-09T13:20:20,skill_context,0,,,
H04247,U0850,C261,I022,F005,O026,S008|S011|S038|S135|S184|S110,2023-08-09T16:26:41,collaboration_context,0,,,
H06982,U1397,C274,I017,F016,O082,S009|S077|S088|S122|S198|S199|S072,2023-08-09T17:00:12,supply_context,1,SCM,Midstream,Path_I
H03772,U0755,C007,I017,F017,O089,S039|S051|S111|S122|S136|S219|S229|S230,2023-08-09T17:04:46,skill_context,0,,,
H06377,U1276,C110,I003,F015,O078,S001|S023|S039|S054|S074|S194,2023-08-09T17:19:01,supply_context,0,,,
H06512,U1303,C107,I006,F009,O047,S079|S168|S180|S184|S211|S220|S225|S209,2023-08-09T19:50:40,work_context,1,Supplier Management,Midstream,Path_I
H01607,U0322,C223,I012,F010,O052,S001|S028|S119|S167|S168|S189|S171,2023-08-09T20:41:28,skill_context,0,,,
H05797,U1160,C003,I003,F014,O074,S019|S059|S115|S132|S159|S161|S230,2023-08-09T23:09:49,work_context,1,Manufacturing,Midstream,Path_E
H02782,U0557,C097,I007,F006,O031,S023|S035|S062|S117|S211,2023-08-09T23:31:17,collaboration_context,0,,,
H03747,U0750,C083,I024,F004,O020,S072|S073|S128|S136|S137|S171|S173,2023-08-10T00:15:55,supply_context,0,,,
H01542,U0309,C006,I023,F009,O045,S015|S019|S035|S070|S129|S155|S230|S240,2023-08-10T00:50:38,supply_context,1,Distribution,Midstream,Path_A
H06907,U1382,C314,I022,F004,O017,S006|S107|S167|S188|S203|S235,2023-08-10T02:03:04,collaboration_context,1,Supplier Management,Downstream,Path_F
H01742,U0349,C146,I017,F015,O079,S056|S143|S165|S167|S197|S228,2023-08-10T02:34:19,skill_context,1,Retail,Upstream,Path_B
H02597,U0520,C104,I024,F006,O032,S027|S051|S052|S137|S182|S194|S234,2023-08-10T03:26:13,work_context,1,Retail,Downstream,Path_K
H02217,U0444,C262,I003,F009,O048,S022|S040|S053|S065|S094|S217|S229|S068,2023-08-10T07:11:46,collaboration_context,1,Supplier Management,Midstream,Path_A
H01757,U0352,C258,I010,F003,O016,S036|S050|S055|S129|S148|S155|S132,2023-08-10T07:47:31,collaboration_context,1,Logistics,Downstream,Path_B
H04582,U0917,C143,I014,F013,O070,S009|S013|S032|S068|S087|S137|S207|S235,2023-08-10T08:22:36,skill_context,1,Retail,Downstream,Path_E
H05772,U1155,C165,I017,F015,O080,S031|S045|S048|S070|S118|S186|S125,2023-08-10T09:26:07,work_context,0,,,
H06642,U1329,C253,I021,F010,O054,S015|S021|S041|S104|S131|S151|S156|S175,2023-08-10T10:03:52,supply_context,0,,,
H05767,U1154,C022,I010,F004,O022,S101|S112|S119|S152|S183|S234,2023-08-10T12:03:20,collaboration_context,1,Manufacturing,Downstream,Path_I
H00372,U0075,C109,I014,F008,O041,S055|S074|S112|S117|S121|S139,2023-08-10T14:04:34,supply_context,0,,,
H02827,U0566,C057,I023,F004,O019,S038|S079|S120|S122|S176|S229,2023-08-10T14:15:41,collaboration_context,0,,,
H01482,U0297,C301,I007,F018,O096,S032|S072|S102|S103|S107|S159|S224|S230,2023-08-10T15:01:41,work_context,1,Manufacturing,Midstream,Path_K
H02712,U0543,C194,I010,F011,O057,S022|S048|S050|S105|S226|S192,2023-08-10T15:06:29,skill_context,1,SCM,Midstream,Path_H
H03267,U0654,C219,I024,F010,O050,S057|S148|S163|S199|S218|S234,2023-08-10T15:37:38,skill_context,0,,,
H03792,U0759,C161,I009,F001,O002,S010|S012|S116|S200|S216|S221|S097|S095,2023-08-10T16:35:34,collaboration_context,0,,,
H01712,U0343,C190,I023,F014,O072,S092|S094|S116|S163|S180|S213|S229,2023-08-10T17:08:04,skill_context,1,Distribution,Downstream,Path_D
H06192,U1239,C133,I021,F004,O022,S002|S040|S053|S062|S077|S109|S206|S230,2023-08-10T17:10:54,collaboration_context,0,,,
H04257,U0852,C042,I020,F009,O047,S017|S069|S133|S168|S221,2023-08-10T17:34:56,skill_context,0,,,
H04077,U0816,C151,I020,F012,O063,S060|S063|S088|S100|S177|S187|S207|S220,2023-08-10T18:10:14,skill_context,1,SCM,Midstream,Path_K
H06737,U1348,C129,I014,F009,O047,S065|S088|S090|S095|S168|S204|S212,2023-08-10T18:27:00,skill_context,1,Supplier Management,Upstream,Path_C
H02747,U0550,C026,I012,F004,O017,S021|S033|S092|S099|S136|S176,2023-08-10T21:34:23,supply_context,0,,,
H03862,U0773,C021,I006,F013,O068,S057|S058|S118|S122|S127|S153|S170,2023-08-10T22:01:24,skill_context,0,,,
H03947,U0790,C235,I009,F004,O022,S014|S040|S070|S075|S196|S208,2023-08-10T22:04:37,skill_context,0,,,
H05507,U1102,C154,I022,F017,O090,S008|S024|S073|S075|S092|S183|S184|S222,2023-08-11T00:35:19,collaboration_context,1,Procurement,Midstream,Path_C
H04602,U0921,C081,I007,F012,O064,S079|S150|S156|S158|S170|S197|S222,2023-08-11T01:34:14,skill_context,0,,,
H00412,U0083,C250,I012,F005,O024,S049|S107|S111|S131|S204|S210,2023-08-11T02:00:10,supply_context,0,,,
H00532,U0107,C159,I002,F017,O087,S028|S128|S192|S222|S224,2023-08-11T03:47:26,work_context,0,,,
H00122,U0025,C198,I002,F016,O086,S026|S029|S031|S038|S141|S175|S185|S224,2023-08-11T04:05:52,work_context,1,Manufacturing,Midstream,Path_G
H06022,U1205,C271,I018,F011,O058,S009|S037|S098|S114|S176|S200|S220|S221,2023-08-11T04:27:13,supply_context,0,,,
H06392,U1279,C014,I007,F005,O024,S029|S046|S065|S094|S192|S194|S235,2023-08-11T04:39:09,supply_context,0,,,
H06697,U1340,C207,I008,F013,O066,S037|S078|S084|S095|S146|S166|S199|S236,2023-08-11T04:56:32,supply_context,1,Retail,Midstream,Path_I
H04362,U0873,C042,I020,F005,O023,S016|S024|S068|S128|S160|S167|S181|S185,2023-08-11T05:36:18,collaboration_context,0,,,
H06882,U1377,C107,I006,F008,O042,S053|S068|S082|S105|S185|S198,2023-08-11T06:01:56,work_context,1,Procurement,Downstream,Path_D
H06102,U1221,C298,I012,F018,O092,S008|S056|S141|S150|S163|S178|S199|S202,2023-08-11T07:25:55,supply_context,0,,,
H03887,U0778,C004,I004,F006,O030,S030|S103|S164|S181|S224|S011,2023-08-11T08:32:58,supply_context,0,,,
H04007,U0802,C021,I006,F011,O057,S011|S020|S034|S041|S044|S075|S086|S165,2023-08-11T08:56:10,collaboration_context,0,,,
H01632,U0327,C313,I015,F007,O036,S017|S057|S096|S127|S146|S196,2023-08-11T09:31:01,work_context,0,,,
H06847,U1370,C090,I003,F014,O072,S010|S074|S077|S089|S145|S229,2023-08-11T09:57:25,work_context,1,SCM,Upstream,Path_K
H05422,U1085,C240,I002,F013,O068,S025|S060|S077|S091|S103|S122|S126|S137,2023-08-11T15:09:00,supply_context,0,,,
H01737,U0348,C088,I009,F004,O021,S023|S033|S049|S060|S144|S196|S214|S230,2023-08-11T15:36:02,work_context,0,,,
H02797,U0560,C299,I015,F005,O025,S001|S017|S046|S054|S090|S131|S076,2023-08-11T16:34:00,skill_context,0,,,
H04152,U0831,C016,I006,F002,O009,S015|S017|S034|S035|S075|S124|S211,2023-08-11T17:52:18,supply_context,1,Supplier Management,Midstream,Path_H
H02892,U0579,C211,I004,F003,O012,S034|S057|S065|S131|S132|S106,2023-08-11T18:10:23,skill_context,1,Manufacturing,Midstream,Path_E
H03482,U0697,C201,I014,F013,O065,S012|S133|S147|S148|S156|S225,2023-08-11T18:27:27,collaboration_context,0,,,
H06057,U1212,C197,I007,F016,O082,S008|S010|S037|S099|S120|S130|S159|S197,2023-08-11T18:32:32,supply_context,0,,,
H00827,U0166,C141,I019,F012,O063,S030|S045|S077|S091|S096|S180|S181|S202,2023-08-11T19:06:11,collaboration_context,1,Procurement,Midstream,Path_B
H01182,U0237,C140,I022,F005,O023,S023|S055|S059|S064|S133|S141,2023-08-11T20:18:44,work_context,1,Retail,Upstream,Path_K
H01332,U0267,C063,I003,F006,O029,S042|S107|S112|S119|S121|S217,2023-08-11T20:50:01,skill_context,0,,,
H02737,U0548,C247,I003,F008,O042,S009|S039|S106|S107|S126|S196|S212,2023-08-11T21:51:26,collaboration_context,1,Retail,Midstream,Path_C
H06112,U1223,C214,I022,F003,O014,S008|S032|S100|S123|S125|S141|S144,2023-08-11T22:26:05,supply_context,0,,,
H00717,U0144,C207,I008,F001,O003,S029|S039|S050|S107|S140|S165|S177|S196,2023-08-11T22:29:11,skill_context,0,,,
H02502,U0501,C278,I004,F005,O023,S001|S029|S039|S042|S085|S101|S208,2023-08-11T23:57:34,collaboration_context,0,,,
H05647,U1130,C028,I018,F012,O062,S008|S050|S083|S098|S240,2023-08-12T01:09:30,skill_context,1,Logistics,Downstream,Path_E
H04547,U0910,C092,I001,F013,O068,S016|S064|S100|S156|S165|S223|S068,2023-08-12T01:43:59,collaboration_context,0,,,
H05357,U1072,C214,I022,F001,O003,S047|S063|S125|S187|S195|S200,2023-08-12T02:16:44,collaboration_context,1,Logistics,Midstream,Path_F
H01192,U0239,C069,I015,F011,O058,S043|S053|S112|S162|S163|S230|S234|S123,2023-08-12T04:33:41,skill_context,1,Manufacturing,Upstream,Path_I
H00502,U0101,C159,I002,F017,O090,S007|S047|S059|S069|S133|S145|S180,2023-08-12T05:05:36,work_context,0,,,
H02667,U0534,C256,I018,F007,O037,S010|S041|S051|S054|S131|S146|S203|S222,2023-08-12T05:44:35,collaboration_context,1,Distribution,Downstream,Path_E
H03872,U0775,C300,I002,F017,O087,S080|S083|S111|S115|S155|S226,2023-08-12T07:15:24,skill_context,1,SCM,Midstream,Path_K
H04017,U0804,C296,I011,F017,O087,S041|S049|S087|S133|S151|S162|S225,2023-08-12T08:03:39,skill_context,0,,,
H06612,U1323,C012,I005,F010,O054,S024|S085|S086|S166|S204|S235,2023-08-12T08:20:42,supply_context,1,SCM,Downstream,Path_K
H05027,U1006,C095,I012,F013,O066,S103|S113|S186|S223|S225|S138|S232,2023-08-12T10:07:02,skill_context,1,Retail,Midstream,Path_F
H00612,U0123,C126,I016,F003,O012,S015|S073|S098|S112|S137|S140|S182,2023-08-12T11:38:57,collaboration_context,1,Procurement,Downstream,Path_G
H03732,U0747,C061,I006,F006,O028,S048|S173|S180|S205|S225|S237,2023-08-12T12:37:18,work_context,0,,,
H02612,U0523,C082,I015,F004,O018,S095|S101|S127|S137|S180|S197,2023-08-12T14:10:26,work_context,0,,,
H01472,U0295,C287,I016,F015,O076,S078|S093|S115|S172|S232,2023-08-12T16:03:16,work_context,1,Distribution,Upstream,Path_B
H01892,U0379,C030,I020,F017,O091,S064|S119|S133|S163|S230,2023-08-12T17:14:45,work_context,0,,,
H00317,U0064,C164,I012,F008,O043,S045|S068|S150|S152|S169|S189|S191,2023-08-12T18:54:46,supply_context,0,,,
H02332,U0467,C236,I023,F009,O044,S041|S068|S107|S149|S180|S215|S224,2023-08-12T20:06:17,skill_context,1,Procurement,Midstream,Path_D
H01227,U0246,C021,I006,F018,O092,S020|S049|S063|S091|S114|S122|S229,2023-08-12T20:43:52,work_context,0,,,
H04387,U0878,C201,I014,F001,O003,S018|S051|S098|S125|S213,2023-08-12T20:57:11,supply_context,1,Procurement,Midstream,Path_D
H01982,U0397,C101,I007,F007,O036,S007|S011|S030|S101|S175,2023-08-12T21:15:47,work_context,1,Logistics,Midstream,Path_A
H06477,U1296,C177,I005,F005,O023,S031|S074|S113|S171|S172|S209,2023-08-12T21:20:29,supply_context,0,,,
H00862,U0173,C124,I001,F007,O034,S049|S074|S111|S178|S203|S234,2023-08-12T22:11:29,supply_context,1,Retail,Downstream,Path_C
H03717,U0744,C031,I003,F002,O011,S010|S017|S049|S075|S084|S165|S206|S237,2023-08-12T22:56:06,collaboration_context,1,Manufacturing,Upstream,Path_B
H04087,U0818,C075,I011,F007,O037,S030|S043|S111|S120|S141|S157|S177|S219,2023-08-12T23:57:39,work_context,1,Procurement,Upstream,Path_F
H00902,U0181,C060,I011,F008,O041,S004|S007|S054|S091|S102|S156|S222,2023-08-13T02:23:24,collaboration_context,0,,,
H05577,U1116,C127,I004,F006,O030,S018|S109|S129|S168|S169|S094,2023-08-13T04:39:15,skill_context,0,,,
H05747,U1150,C315,I003,F012,O061,S017|S067|S092|S135|S165|S191|S206|S207,2023-08-13T06:54:59,supply_context,1,Manufacturing,Downstream,Path_H
H06752,U1351,C176,I007,F015,O078,S056|S062|S096|S180|S184|S197|S199|S238,2023-08-13T09:08:14,collaboration_context,0,,,
H05042,U1009,C304,I020,F011,O055,S011|S037|S107|S175|S212|S216|S233|S237,2023-08-13T09:13:04,supply_context,0,,,
H04532,U0907,C194,I010,F005,O026,S032|S062|S092|S126|S134|S156|S175|S201,2023-08-13T11:55:14,collaboration_context,0,,,
H04797,U0960,C014,I007,F018,O095,S013|S034|S081|S127|S136|S150|S195,2023-08-13T12:11:34,collaboration_context,0,,,
H00522,U0105,C149,I009,F002,O008,S033|S042|S075|S076|S142|S154|S221|S227,2023-08-13T12:31:38,skill_context,0,,,
H03472,U0695,C008,I015,F012,O064,S006|S103|S117|S123|S165|S176,2023-08-13T13:22:47,collaboration_context,0,,,
H05667,U1134,C296,I011,F013,O069,S149|S151|S153|S203|S237,2023-08-13T16:44:44,collaboration_context,0,,,
H01907,U0382,C316,I013,F004,O021,S020|S022|S084|S093|S135|S202|S236,2023-08-13T17:55:52,collaboration_context,0,,,
H02287,U0458,C296,I011,F014,O073,S093|S112|S131|S200|S231|S165,2023-08-13T19:06:03,collaboration_context,1,Distribution,Downstream,Path_A
H00852,U0171,C104,I024,F007,O036,S026|S037|S051|S169|S208|S209|S232|S237,2023-08-13T19:23:40,collaboration_context,1,SCM,Upstream,Path_L
H02292,U0459,C120,I017,F017,O090,S019|S126|S162|S184|S185,2023-08-13T20:21:03,skill_context,0,,,
H02982,U0597,C090,I003,F010,O052,S012|S027|S028|S043|S091|S140|S221,2023-08-13T22:09:58,skill_context,1,Distribution,Upstream,Path_L
H00267,U0054,C175,I008,F007,O034,S064|S069|S090|S140|S232,2023-08-13T22:32:31,collaboration_context,0,,,
H03587,U0718,C169,I011,F011,O059,S014|S048|S059|S061|S162|S203|S232,2023-08-13T22:39:27,skill_context,1,Retail,Midstream,Path_I
H00987,U0198,C193,I002,F017,O090,S021|S035|S114|S156|S235,2023-08-13T23:29:41,work_context,0,,,
H02997,U0600,C131,I018,F014,O074,S084|S090|S121|S158|S194,2023-08-14T02:22:04,supply_context,0,,,
H06277,U1256,C254,I022,F011,O055,S002|S003|S023|S074|S081|S084|S086|S142,2023-08-14T03:47:44,collaboration_context,0,,,
H06672,U1335,C103,I011,F011,O057,S022|S064|S088|S185|S212,2023-08-14T04:29:15,supply_context,0,,,
H04127,U0826,C204,I016,F018,O092,S039|S084|S105|S184|S224,2023-08-14T05:52:14,work_context,0,,,
H01427,U0286,C309,I020,F015,O080,S101|S136|S143|S159|S178|S009,2023-08-14T07:19:29,collaboration_context,0,,,
H05392,U1079,C286,I009,F010,O052,S003|S021|S070|S158|S208|S211|S217,2023-08-14T07:25:54,supply_context,1,Distribution,Downstream,Path_F
H01462,U0293,C226,I008,F008,O041,S010|S088|S103|S126|S235,2023-08-14T09:00:15,collaboration_context,1,Manufacturing,Downstream,Path_D
H01437,U0288,C236,I023,F013,O070,S029|S090|S103|S151|S173|S210|S227,2023-08-14T09:19:32,supply_context,0,,,
H05317,U1064,C064,I005,F016,O086,S009|S022|S027|S032|S069|S130|S162|S187,2023-08-14T10:38:35,collaboration_context,0,,,
H02777,U0556,C228,I008,F001,O005,S040|S087|S128|S158|S183|S190|S201|S191,2023-08-14T11:01:16,skill_context,0,,,
H03892,U0779,C231,I015,F002,O011,S002|S007|S082|S113|S117|S132|S166,2023-08-14T11:48:00,work_context,0,,,
H01692,U0339,C133,I021,F015,O076,S004|S060|S116|S125|S170,2023-08-14T12:03:34,supply_context,1,Procurement,Midstream,Path_C
H06312,U1263,C050,I013,F017,O091,S008|S049|S127|S128|S159|S199,2023-08-14T12:29:50,work_context,0,,,
H03067,U0614,C014,I007,F013,O066,S035|S058|S155|S161|S175|S199|S200|S162,2023-08-14T13:04:30,collaboration_context,0,,,
H01012,U0203,C301,I007,F018,O094,S023|S025|S130|S167|S197,2023-08-14T13:24:46,collaboration_context,0,,,
H03807,U0762,C072,I010,F015,O079,S007|S025|S030|S068|S099,2023-08-14T14:18:23,skill_context,0,,,
H00737,U0148,C134,I005,F015,O079,S062|S091|S102|S113|S122,2023-08-14T16:27:37,skill_context,0,,,
H04587,U0918,C100,I005,F004,O019,S008|S014|S068|S127|S170|S189,2023-08-14T18:01:48,skill_context,0,,,
H05002,U1001,C173,I016,F009,O047,S017|S022|S040|S067|S075|S096|S103|S109,2023-08-14T18:09:48,work_context,0,,,
H05537,U1108,C034,I009,F015,O077,S002|S072|S089|S106|S121|S201|S153,2023-08-14T19:08:52,skill_context,0,,,
H04742,U0949,C086,I010,F011,O056,S128|S162|S175|S192|S218|S233,2023-08-14T22:49:55,supply_context,0,,,
H00262,U0053,C093,I002,F011,O055,S023|S097|S105|S179|S189|S212|S226|S113,2023-08-14T23:34:23,work_context,1,SCM,Upstream,Path_H
H03817,U0764,C279,I021,F004,O018,S090|S106|S111|S119|S130|S231|S240,2023-08-14T23:54:39,skill_context,0,,,
H04907,U0982,C104,I024,F015,O078,S026|S040|S075|S119|S145|S184,2023-08-15T02:06:12,collaboration_context,1,Distribution,Midstream,Path_L
H06122,U1225,C292,I017,F009,O046,S082|S086|S103|S139|S153|S075,2023-08-15T02:35:19,work_context,0,,,
H04317,U0864,C170,I013,F009,O046,S053|S136|S153|S201|S207,2023-08-15T04:35:32,supply_context,0,,,
H05377,U1076,C238,I004,F012,O063,S017|S032|S044|S064|S065|S117|S118|S148,2023-08-15T05:23:15,work_context,1,Procurement,Midstream,Path_L
H05237,U1048,C208,I009,F010,O050,S071|S075|S078|S155|S174|S203,2023-08-15T05:55:54,skill_context,0,,,
H02657,U0532,C167,I002,F010,O052,S011|S022|S031|S051|S058|S147|S212|S225,2023-08-15T08:59:19,work_context,1,Retail,Upstream,Path_F
H03102,U0621,C237,I016,F011,O055,S053|S057|S116|S148|S209|S218,2023-08-15T12:20:55,work_context,0,,,
H01372,U0275,C143,I014,F009,O046,S006|S067|S083|S087|S108|S174|S192|S206,2023-08-15T14:49:26,skill_context,0,,,
H00192,U0039,C168,I023,F008,O040,S003|S120|S121|S171|S182|S207|S223|S233,2023-08-15T17:08:40,collaboration_context,1,Retail,Upstream,Path_D
H00587,U0118,C252,I024,F001,O006,S055|S142|S144|S170|S187|S195|S206,2023-08-15T18:35:04,work_context,0,,,
H03857,U0772,C183,I006,F009,O044,S069|S165|S193|S199|S219|S232|S238,2023-08-15T18:53:24,work_context,0,,,
H06422,U1285,C204,I016,F006,O031,S013|S042|S071|S096|S097|S117|S142|S236,2023-08-15T19:21:47,work_context,0,,,
H01752,U0351,C267,I008,F018,O093,S033|S068|S102|S168|S182|S226|S233,2023-08-15T19:25:17,supply_context,0,,,
H02267,U0454,C288,I014,F016,O081,S025|S056|S070|S071|S100|S113|S125|S186,2023-08-15T19:49:18,work_context,0,,,
H04917,U0984,C006,I023,F004,O021,S050|S056|S074|S079|S081|S118|S164|S188,2023-08-15T20:48:22,supply_context,0,,,
H03642,U0729,C029,I003,F009,O046,S005|S027|S044|S058|S094|S131|S136|S141,2023-08-15T22:17:44,supply_context,0,,,
H03522,U0705,C001,I003,F010,O053,S026|S047|S124|S146|S192|S125,2023-08-15T22:35:43,skill_context,0,,,
H02707,U0542,C130,I014,F007,O038,S033|S037|S077|S081|S181|S196,2023-08-16T00:15:50,skill_context,1,SCM,Midstream,Path_C
H01792,U0359,C222,I003,F014,O073,S050|S065|S098|S130|S213|S240,2023-08-16T00:25:08,collaboration_context,0,,,
H05687,U1138,C157,I001,F009,O044,S006|S064|S083|S139|S186|S188|S200|S035,2023-08-16T00:32:37,supply_context,1,Supplier Management,Downstream,Path_D
H00272,U0055,C051,I019,F001,O004,S106|S126|S141|S144|S179|S202|S217,2023-08-16T01:32:37,supply_context,0,,,
H01217,U0244,C139,I008,F009,O047,S004|S007|S012|S018|S101|S216,2023-08-16T03:15:32,collaboration_context,0,,,
H04042,U0809,C312,I022,F005,O025,S008|S012|S035|S094|S178|S014|S188|S057,2023-08-16T05:31:49,work_context,0,,,
H04697,U0940,C169,I011,F001,O006,S031|S058|S126|S191|S197|S203|S138,2023-08-16T06:26:32,skill_context,0,,,
H02817,U0564,C054,I004,F014,O073,S054|S088|S090|S137|S140|S156|S163,2023-08-16T07:18:55,skill_context,1,SCM,Upstream,Path_C
H04372,U0875,C088,I009,F016,O083,S025|S030|S063|S103|S105|S113|S132|S159,2023-08-16T09:28:16,collaboration_context,1,Supplier Management,Midstream,Path_K
H01612,U0323,C282,I017,F013,O069,S049|S050|S051|S113|S183,2023-08-16T09:53:18,skill_context,0,,,
H03162,U0633,C082,I015,F010,O053,S059|S075|S083|S200|S208|S011,2023-08-16T10:25:08,supply_context,0,,,
H00052,U0011,C207,I008,F010,O054,S002|S015|S028|S038|S067|S199|S213|S224,2023-08-16T10:37:41,supply_context,1,Procurement,Downstream,Path_J
H00872,U0175,C078,I009,F001,O002,S002|S058|S102|S111|S173|S174|S191|S118,2023-08-16T11:08:35,supply_context,1,Supplier Management,Downstream,Path_J
H05092,U1019,C216,I010,F003,O015,S042|S063|S102|S114|S151|S176,2023-08-16T13:43:24,skill_context,0,,,
H04607,U0922,C299,I015,F013,O066,S015|S038|S058|S063|S103|S106|S193|S012,2023-08-16T13:48:09,supply_context,1,Logistics,Midstream,Path_E
H00197,U0040,C166,I018,F010,O052,S042|S053|S088|S091|S230,2023-08-16T14:13:53,supply_context,0,,,
H05737,U1148,C068,I006,F015,O080,S060|S137|S166|S179|S207|S229|S234|S235,2023-08-16T14:25:47,collaboration_context,0,,,
H04132,U0827,C153,I023,F010,O053,S037|S061|S081|S110|S224|S226|S005,2023-08-16T14:58:54,work_context,1,Supplier Management,Midstream,Path_D
H06857,U1372,C192,I010,F006,O028,S052|S163|S188|S211|S222|S240,2023-08-16T15:39:32,supply_context,0,,,
H01097,U0220,C136,I023,F012,O062,S003|S058|S135|S151|S162|S215|S220,2023-08-16T17:54:02,supply_context,0,,,
H02242,U0449,C005,I018,F003,O012,S001|S026|S112|S187|S200|S217|S226,2023-08-16T18:12:08,work_context,0,,,
H00467,U0094,C314,I022,F007,O038,S042|S050|S076|S111|S177|S232,2023-08-16T19:04:31,skill_context,1,SCM,Midstream,Path_J
H04642,U0929,C241,I013,F005,O026,S024|S042|S070|S101|S103|S224|S182|S002,2023-08-16T21:25:17,supply_context,0,,,
H05417,U1084,C243,I008,F013,O068,S044|S132|S192|S217|S224,2023-08-16T21:46:49,supply_context,0,,,
H06657,U1332,C261,I022,F015,O076,S070|S091|S112|S150|S155|S177|S218|S222,2023-08-16T22:08:24,supply_context,0,,,
H02407,U0482,C075,I011,F011,O058,S004|S017|S029|S064|S152|S173|S176,2023-08-16T22:21:53,supply_context,0,,,
H02907,U0582,C060,I011,F017,O087,S012|S034|S069|S088|S123|S175,2023-08-17T00:05:17,skill_context,1,Manufacturing,Upstream,Path_I
H01917,U0384,C133,I021,F008,O041,S004|S010|S068|S186|S207,2023-08-17T00:06:17,supply_context,1,Supplier Management,Midstream,Path_H
H02572,U0515,C014,I007,F014,O073,S003|S025|S165|S175|S213,2023-08-17T00:09:33,work_context,0,,,
H06817,U1364,C065,I004,F006,O028,S017|S019|S084|S099|S121|S192|S193,2023-08-17T00:51:24,skill_context,0,,,
H04437,U0888,C034,I009,F017,O090,S003|S039|S101|S134|S165|S008|S120,2023-08-17T00:56:23,supply_context,1,Distribution,Downstream,Path_I
H03182,U0637,C170,I013,F018,O092,S012|S132|S139|S140|S200|S213|S222,2023-08-17T01:24:46,skill_context,0,,,
H03992,U0799,C185,I021,F016,O081,S026|S033|S072|S108|S171|S229|S153,2023-08-17T02:21:52,supply_context,0,,,
H04777,U0956,C126,I016,F017,O090,S091|S101|S113|S126|S134|S198|S223,2023-08-17T02:27:39,supply_context,0,,,
H06807,U1362,C001,I003,F014,O072,S065|S087|S143|S200|S205,2023-08-17T02:29:45,skill_context,0,,,
H05037,U1008,C067,I002,F012,O060,S018|S027|S037|S047|S089|S164|S187,2023-08-17T02:46:54,collaboration_context,0,,,
H05637,U1128,C112,I008,F002,O007,S035|S061|S112|S126|S209|S238,2023-08-17T03:35:39,supply_context,0,,,
H05852,U1171,C244,I022,F013,O069,S004|S054|S074|S096|S117|S213|S226,2023-08-17T04:08:16,work_context,0,,,
H05977,U1196,C126,I016,F008,O039,S049|S074|S100|S145|S158|S194|S199|S235,2023-08-17T04:33:07,skill_context,1,Distribution,Downstream,Path_I
H00557,U0112,C268,I002,F016,O085,S024|S033|S118|S130|S157|S170|S187|S238,2023-08-17T06:22:51,skill_context,1,Manufacturing,Upstream,Path_G
H03592,U0719,C125,I007,F012,O063,S011|S014|S019|S052|S064|S110|S138|S228,2023-08-17T06:48:13,collaboration_context,0,,,
H02672,U0535,C192,I010,F014,O075,S031|S037|S061|S082|S116,2023-08-17T06:52:20,supply_context,0,,,
H02952,U0591,C128,I011,F006,O031,S056|S062|S078|S181|S199|S208|S232|S043,2023-08-17T07:03:44,supply_context,0,,,
H02152,U0431,C007,I017,F004,O017,S014|S091|S102|S150|S156|S160|S235,2023-08-17T07:28:42,supply_context,0,,,
H03987,U0798,C227,I019,F013,O070,S036|S132|S140|S166|S173|S114,2023-08-17T07:48:33,collaboration_context,0,,,
H01187,U0238,C170,I013,F007,O037,S011|S051|S103|S108|S126|S154|S196,2023-08-17T08:40:24,supply_context,1,Retail,Midstream,Path_E
H01672,U0335,C094,I006,F005,O026,S025|S036|S092|S099|S158|S164|S188|S216,2023-08-17T08:40:31,collaboration_context,1,SCM,Midstream,Path_F
H03042,U0609,C165,I017,F011,O058,S088|S157|S161|S180|S224,2023-08-17T10:22:45,skill_context,0,,,
H04487,U0898,C311,I018,F012,O064,S028|S033|S071|S119|S128|S186|S227,2023-08-17T10:40:34,work_context,0,,,
H00232,U0047,C249,I018,F013,O070,S043|S084|S107|S126|S147|S185|S194,2023-08-17T10:48:54,collaboration_context,0,,,
H06267,U1254,C315,I003,F007,O037,S036|S053|S064|S109|S127|S188|S196,2023-08-17T11:29:37,skill_context,0,,,
H04927,U0986,C069,I015,F016,O085,S022|S030|S094|S110|S169|S188|S195|S216,2023-08-17T12:18:29,supply_context,0,,,
H03882,U0777,C237,I016,F008,O043,S025|S056|S098|S155|S165|S221|S225|S064,2023-08-17T12:42:59,work_context,1,SCM,Upstream,Path_L
H04557,U0912,C248,I020,F016,O086,S008|S052|S085|S218|S238,2023-08-17T12:55:47,work_context,0,,,
H03307,U0662,C101,I007,F014,O072,S052|S060|S096|S133|S164|S225|S237,2023-08-17T13:06:20,supply_context,0,,,
H05822,U1165,C232,I016,F005,O025,S066|S072|S085|S116|S123|S126|S209|S218,2023-08-17T13:25:26,skill_context,0,,,
H02662,U0533,C095,I012,F015,O079,S030|S050|S061|S078|S202,2023-08-17T13:55:24,work_context,0,,,
H00907,U0182,C221,I019,F017,O089,S018|S042|S079|S161|S174|S197|S212,2023-08-17T14:08:08,collaboration_context,1,Procurement,Midstream,Path_D
H01822,U0365,C177,I005,F011,O059,S015|S028|S070|S120|S171|S181|S191|S221,2023-08-17T15:39:38,collaboration_context,0,,,
H03002,U0601,C254,I022,F001,O004,S043|S093|S117|S156|S176|S199,2023-08-17T16:10:31,collaboration_context,0,,,
H01797,U0360,C211,I004,F013,O065,S028|S088|S104|S108|S158,2023-08-17T16:44:24,work_context,0,,,
H05512,U1103,C279,I021,F008,O040,S027|S052|S083|S087|S130|S171|S235|S103,2023-08-17T16:52:25,skill_context,0,,,
H04472,U0895,C093,I002,F009,O047,S008|S013|S066|S115|S186|S211,2023-08-17T16:54:17,supply_context,0,,,
H00257,U0052,C247,I003,F011,O057,S025|S076|S109|S170|S182|S210|S236,2023-08-17T17:34:26,supply_context,0,,,
H05827,U1166,C024,I001,F005,O025,S016|S123|S134|S160|S198|S224|S083,2023-08-17T21:16:11,collaboration_context,0,,,
H06322,U1265,C197,I007,F005,O023,S090|S104|S112|S189|S228|S163,2023-08-17T22:04:15,collaboration_context,0,,,
H04897,U0980,C161,I009,F013,O065,S020|S085|S109|S171|S174,2023-08-17T22:55:21,supply_context,1,Logistics,Downstream,Path_K
H04137,U0828,C156,I005,F008,O042,S055|S100|S126|S155|S166|S192|S210|S212,2023-08-17T23:53:47,collaboration_context,1,Retail,Midstream,Path_D
H05152,U1031,C315,I003,F007,O035,S013|S038|S114|S122|S127|S154|S184|S195,2023-08-18T03:20:26,collaboration_context,1,Supplier Management,Upstream,Path_D
H04207,U0842,C316,I013,F010,O052,S005|S008|S020|S028|S045|S061|S125,2023-08-18T05:57:14,supply_context,0,,,
H02492,U0499,C202,I022,F010,O050,S059|S071|S133|S191|S198|S202|S221|S096,2023-08-18T06:32:00,collaboration_context,1,Logistics,Upstream,Path_C
H01832,U0367,C022,I010,F007,O033,S063|S103|S143|S154|S173|S176|S223|S046,2023-08-18T08:14:57,skill_context,1,Distribution,Downstream,Path_C
H03927,U0786,C197,I007,F015,O077,S035|S037|S064|S112|S165|S222|S226,2023-08-18T08:56:44,skill_context,1,Supplier Management,Downstream,Path_I
H04477,U0896,C127,I004,F012,O062,S063|S071|S160|S161|S221|S233,2023-08-18T09:05:39,work_context,0,,,
H03937,U0788,C289,I018,F011,O055,S003|S044|S100|S127|S182|S227|S233,2023-08-18T09:38:28,collaboration_context,1,Manufacturing,Midstream,Path_E
H01577,U0316,C267,I008,F002,O010,S088|S111|S161|S206|S218,2023-08-18T10:32:20,supply_context,0,,,
H04462,U0893,C122,I015,F001,O005,S022|S076|S079|S081|S111|S166|S212|S008,2023-08-18T12:24:21,skill_context,1,Procurement,Midstream,Path_H
H01362,U0273,C024,I001,F017,O091,S069|S091|S118|S124|S147|S157|S220|S238,2023-08-18T12:26:31,skill_context,0,,,
H01962,U0393,C093,I002,F009,O045,S006|S022|S092|S112|S139|S221|S137,2023-08-18T12:30:49,collaboration_context,0,,,
H00492,U0099,C018,I020,F008,O042,S001|S040|S044|S069|S072|S080|S085|S143,2023-08-18T13:22:22,skill_context,0,,,
H01447,U0290,C018,I020,F001,O001,S060|S061|S125|S181|S216,2023-08-18T14:46:22,work_context,0,,,
H01582,U0317,C029,I003,F014,O071,S081|S121|S146|S172|S198|S227|S001,2023-08-18T15:48:06,supply_context,1,Manufacturing,Upstream,Path_D
H01142,U0229,C235,I009,F015,O079,S054|S077|S088|S125|S232,2023-08-18T15:49:02,work_context,1,Distribution,Downstream,Path_K
H04237,U0848,C201,I014,F018,O096,S083|S145|S174|S179|S224,2023-08-18T16:07:56,supply_context,0,,,
H05082,U1017,C075,I011,F008,O040,S007|S010|S044|S086|S174|S079,2023-08-18T17:33:04,supply_context,1,Manufacturing,Midstream,Path_D
H00237,U0048,C037,I009,F006,O029,S011|S084|S142|S178|S222|S235,2023-08-18T19:10:12,supply_context,1,SCM,Upstream,Path_A
H04872,U0975,C045,I009,F001,O006,S039|S050|S072|S154|S204|S206|S221,2023-08-18T20:10:41,work_context,0,,,
H05447,U1090,C010,I001,F017,O087,S064|S081|S126|S175|S237,2023-08-18T20:31:39,work_context,0,,,
H06407,U1282,C106,I021,F001,O002,S077|S085|S094|S098|S206|S229,2023-08-18T21:16:41,skill_context,1,Distribution,Midstream,Path_A
H05612,U1123,C071,I012,F011,O057,S002|S035|S063|S170|S175,2023-08-18T22:39:04,supply_context,0,,,
H01627,U0326,C158,I014,F007,O035,S011|S051|S056|S062|S066|S100|S182,2023-08-18T23:45:42,supply_context,0,,,
H02727,U0546,C093,I002,F013,O065,S040|S047|S069|S101|S106|S164|S175|S231,2023-08-19T00:01:31,skill_context,1,Logistics,Upstream,Path_D
H04612,U0923,C165,I017,F016,O085,S023|S105|S173|S213|S226|S221,2023-08-19T00:16:10,collaboration_context,0,,,
H04577,U0916,C003,I003,F007,O035,S002|S037|S059|S157|S161|S162|S210|S234,2023-08-19T02:19:49,supply_context,0,,,
H00687,U0138,C135,I017,F001,O004,S023|S087|S096|S118|S153|S190,2023-08-19T02:20:00,collaboration_context,0,,,
H01747,U0350,C063,I003,F017,O091,S011|S045|S159|S189|S204|S234,2023-08-19T02:24:58,work_context,0,,,
H06632,U1327,C178,I022,F005,O026,S071|S148|S193|S202|S232,2023-08-19T04:47:33,work_context,0,,,
H05552,U1111,C002,I013,F018,O095,S011|S130|S194|S219|S227|S109|S232,2023-08-19T06:06:58,work_context,1,Manufacturing,Downstream,Path_B
H03562,U0713,C112,I008,F010,O052,S119|S165|S178|S186|S225,2023-08-19T06:08:09,work_context,1,Retail,Upstream,Path_I
H01027,U0206,C211,I004,F001,O003,S043|S060|S067|S090|S101|S225|S234|S237,2023-08-19T06:43:04,skill_context,0,,,
H05482,U1097,C257,I006,F012,O061,S120|S160|S167|S179|S190|S220,2023-08-19T07:05:24,collaboration_context,0,,,
H03767,U0754,C095,I012,F015,O077,S011|S072|S078|S110|S122|S159|S191|S050,2023-08-19T07:17:32,collaboration_context,0,,,
H01852,U0371,C306,I018,F012,O061,S017|S028|S148|S152|S165|S204|S230,2023-08-19T07:18:43,collaboration_context,0,,,
H00277,U0056,C028,I018,F014,O071,S052|S074|S140|S146|S168,2023-08-19T09:11:17,supply_context,0,,,
H00837,U0168,C054,I004,F007,O036,S017|S053|S068|S110|S172|S030,2023-08-19T09:29:04,work_context,0,,,
H03072,U0615,C062,I010,F005,O024,S006|S042|S045|S125|S186|S214|S234,2023-08-19T10:42:09,collaboration_context,0,,,
H00677,U0136,C145,I012,F010,O053,S009|S032|S047|S073|S095|S131|S207,2023-08-19T11:22:42,work_context,0,,,
H01807,U0362,C052,I013,F015,O078,S002|S006|S050|S109|S212,2023-08-19T11:35:25,work_context,0,,,
H03132,U0627,C028,I018,F002,O011,S005|S020|S075|S148|S182|S186|S215,2023-08-19T13:27:59,supply_context,1,Retail,Midstream,Path_J
H03387,U0678,C152,I019,F007,O035,S034|S045|S065|S087|S155|S157|S212,2023-08-19T14:22:56,skill_context,1,Manufacturing,Downstream,Path_L
H02637,U0528,C264,I021,F008,O039,S002|S007|S028|S073|S147|S180|S205|S141,2023-08-19T18:41:59,work_context,0,,,
H00702,U0141,C183,I006,F005,O023,S032|S043|S064|S086|S154|S171|S108,2023-08-19T20:25:35,work_context,0,,,
H04177,U0836,C240,I002,F012,O063,S006|S020|S055|S100|S231,2023-08-19T20:59:18,supply_context,1,Logistics,Midstream,Path_E
H02897,U0580,C104,I024,F011,O057,S008|S036|S058|S064|S156|S181|S183,2023-08-19T22:37:28,skill_context,1,Supplier Management,Downstream,Path_I
H05442,U1089,C109,I014,F011,O057,S007|S069|S073|S097|S156|S200,2023-08-19T23:44:26,collaboration_context,1,Supplier Management,Upstream,Path_I
H03047,U0610,C210,I024,F016,O086,S026|S126|S185|S198|S206,2023-08-20T00:31:26,work_context,0,,,
H05182,U1037,C024,I001,F008,O040,S093|S094|S097|S128|S139|S182|S222,2023-08-20T00:34:50,collaboration_context,1,Logistics,Midstream,Path_A
H00397,U0080,C091,I015,F018,O094,S038|S039|S053|S067|S071|S190|S213|S231,2023-08-20T01:36:23,work_context,1,Procurement,Downstream,Path_I
H03462,U0693,C309,I020,F007,O037,S043|S121|S130|S163|S193|S231|S038,2023-08-20T04:10:42,work_context,0,,,
H00487,U0098,C159,I002,F004,O021,S030|S056|S102|S162|S173|S217|S223,2023-08-20T05:32:18,skill_context,0,,,
H00722,U0145,C288,I014,F002,O007,S026|S069|S074|S112|S130|S173|S082,2023-08-20T07:05:18,skill_context,1,Supplier Management,Midstream,Path_E
H04862,U0973,C043,I019,F009,O046,S123|S149|S152|S180|S200|S223,2023-08-20T07:19:05,work_context,0,,,
H00332,U0067,C298,I012,F013,O067,S006|S035|S075|S086|S199,2023-08-20T10:36:34,supply_context,0,,,
H06802,U1361,C313,I015,F001,O006,S032|S133|S162|S212|S228|S035,2023-08-20T14:23:26,supply_context,0,,,
H06332,U1267,C215,I020,F014,O072,S003|S023|S026|S074|S166|S215|S229|S056,2023-08-20T14:49:42,skill_context,1,Manufacturing,Midstream,Path_H
H06497,U1300,C212,I016,F017,O090,S033|S036|S049|S122|S149|S185,2023-08-20T16:18:21,work_context,0,,,
H01872,U0375,C162,I001,F002,O011,S009|S025|S140|S159|S190|S171,2023-08-20T17:15:32,work_context,0,,,
H03657,U0732,C227,I019,F018,O092,S020|S062|S102|S143|S223|S177,2023-08-20T17:38:05,work_context,0,,,
H03612,U0723,C279,I021,F015,O077,S048|S128|S163|S186|S209,2023-08-20T18:04:18,skill_context,1,Procurement,Midstream,Path_G
H02377,U0476,C046,I001,F002,O010,S001|S028|S095|S111|S144|S210|S233,2023-08-20T19:17:17,supply_context,1,Procurement,Upstream,Path_J
H00482,U0097,C043,I019,F006,O031,S006|S044|S067|S073|S103|S164|S223|S133,2023-08-20T19:33:06,work_context,0,,,
H06787,U1358,C159,I002,F011,O056,S027|S076|S098|S116|S147|S192|S130,2023-08-20T20:26:21,collaboration_context,0,,,
H04302,U0861,C274,I017,F004,O017,S007|S084|S091|S120|S139|S151|S211|S082,2023-08-20T21:25:14,supply_context,1,Retail,Downstream,Path_E
H01232,U0247,C257,I006,F018,O092,S064|S071|S074|S079|S152|S173|S112,2023-08-20T21:38:40,skill_context,1,Supplier Management,Upstream,Path_B
H02807,U0562,C093,I002,F016,O081,S005|S024|S119|S190|S225|S059,2023-08-20T23:05:13,collaboration_context,1,Procurement,Downstream,Path_L
H06652,U1331,C216,I010,F001,O003,S003|S017|S018|S068|S182|S225|S229|S236,2023-08-20T23:50:06,supply_context,0,,,
H01222,U0245,C030,I020,F012,O061,S013|S016|S028|S032|S148|S160|S238|S004,2023-08-21T00:09:03,collaboration_context,0,,,
H06432,U1287,C282,I017,F002,O009,S008|S057|S100|S117|S133,2023-08-21T02:10:57,skill_context,1,Distribution,Upstream,Path_J
H01527,U0306,C030,I020,F015,O079,S030|S066|S075|S077|S095|S148|S172|S003,2023-08-21T02:26:18,skill_context,0,,,
H00092,U0019,C224,I004,F001,O003,S015|S088|S128|S181|S223|S002,2023-08-21T03:47:21,collaboration_context,1,Manufacturing,Midstream,Path_K
H06482,U1297,C076,I024,F001,O001,S013|S052|S176|S187|S189|S211|S223,2023-08-21T04:15:57,collaboration_context,0,,,
H02197,U0440,C291,I024,F011,O058,S070|S080|S084|S095|S118|S132|S236,2023-08-21T04:39:59,skill_context,1,SCM,Downstream,Path_J
H01237,U0248,C142,I010,F014,O074,S048|S068|S085|S170|S188|S203|S223|S239,2023-08-21T05:18:19,work_context,0,,,
H01562,U0313,C049,I006,F012,O061,S028|S067|S119|S127|S149|S173|S193|S204,2023-08-21T05:53:26,skill_context,0,,,
H04312,U0863,C026,I012,F009,O047,S100|S115|S136|S180|S203,2023-08-21T07:26:01,collaboration_context,0,,,
H02487,U0498,C045,I009,F009,O044,S007|S022|S034|S101|S169|S173,2023-08-21T09:44:32,collaboration_context,1,Distribution,Upstream,Path_D
H03147,U0630,C137,I013,F013,O069,S105|S144|S148|S163|S206|S220|S164,2023-08-21T09:53:24,collaboration_context,1,SCM,Upstream,Path_C
H03197,U0640,C303,I008,F013,O066,S054|S154|S194|S200|S236,2023-08-21T10:32:14,skill_context,0,,,
H03337,U0668,C297,I023,F011,O058,S006|S009|S021|S069|S104|S118|S122,2023-08-21T10:33:01,skill_context,0,,,
H03247,U0650,C268,I002,F009,O047,S038|S061|S079|S130|S218,2023-08-21T10:58:20,work_context,1,Manufacturing,Upstream,Path_G
H01352,U0271,C061,I006,F010,O049,S027|S040|S044|S100|S121|S237,2023-08-21T11:19:46,skill_context,1,Procurement,Downstream,Path_E
H01912,U0383,C058,I020,F011,O057,S093|S131|S142|S146|S173,2023-08-21T11:28:27,skill_context,0,,,
H03332,U0667,C228,I008,F006,O029,S053|S069|S124|S146|S147|S158|S211|S224,2023-08-21T11:49:40,collaboration_context,0,,,
H06087,U1218,C113,I004,F005,O023,S059|S109|S113|S169|S190|S195|S205,2023-08-21T12:12:20,supply_context,0,,,
H01592,U0319,C232,I016,F003,O016,S128|S158|S216|S219|S233,2023-08-21T12:16:50,work_context,1,Procurement,Midstream,Path_A
H03022,U0605,C314,I022,F004,O022,S003|S047|S064|S066|S079|S123|S138|S155,2023-08-21T12:28:00,collaboration_context,0,,,
H00407,U0082,C042,I020,F004,O022,S007|S010|S100|S107|S164,2023-08-21T13:57:17,collaboration_context,1,Procurement,Downstream,Path_A
H01087,U0218,C271,I018,F012,O063,S015|S042|S055|S069|S078|S083|S146|S159,2023-08-21T14:54:18,work_context,1,Procurement,Upstream,Path_F
H02937,U0588,C111,I011,F005,O026,S031|S054|S057|S091|S093|S128|S129|S196,2023-08-21T16:49:32,supply_context,0,,,
H02877,U0576,C087,I011,F013,O067,S037|S047|S058|S061|S082|S217,2023-08-21T17:41:46,work_context,1,Logistics,Upstream,Path_J
H01662,U0333,C301,I007,F003,O014,S045|S060|S129|S139|S162|S200|S219|S198,2023-08-21T17:46:09,work_context,1,Manufacturing,Upstream,Path_A
H00107,U0022,C083,I024,F008,O042,S002|S051|S089|S162|S174|S198|S200,2023-08-21T17:54:01,skill_context,1,Distribution,Downstream,Path_J
H01297,U0260,C076,I024,F006,O028,S006|S037|S110|S130|S134|S187|S072,2023-08-21T22:05:15,work_context,0,,,
H05397,U1080,C244,I022,F007,O037,S125|S144|S160|S171|S178|S148,2023-08-21T22:07:43,work_context,1,Manufacturing,Midstream,Path_E
H00282,U0057,C228,I008,F015,O078,S001|S019|S044|S092|S093|S144|S195|S233,2023-08-22T01:01:10,supply_context,1,Supplier Management,Midstream,Path_H
H06992,U1399,C121,I001,F013,O068,S002|S068|S106|S149|S211|S225,2023-08-22T01:23:38,collaboration_context,1,SCM,Upstream,Path_B
H03842,U0769,C066,I021,F007,O033,S016|S040|S074|S172|S239,2023-08-22T02:36:49,collaboration_context,1,Distribution,Downstream,Path_J
H03282,U0657,C316,I013,F004,O020,S030|S076|S109|S152|S174|S228,2023-08-22T05:10:25,collaboration_context,1,SCM,Downstream,Path_E
H04167,U0834,C265,I014,F013,O068,S026|S052|S095|S186|S191|S229,2023-08-22T06:07:03,collaboration_context,1,Procurement,Upstream,Path_E
H00222,U0045,C316,I013,F018,O096,S031|S039|S066|S094|S099|S105|S204|S207,2023-08-22T06:14:53,collaboration_context,1,Logistics,Midstream,Path_I
H00137,U0028,C218,I021,F010,O052,S052|S072|S175|S177|S211,2023-08-22T07:12:59,work_context,1,Supplier Management,Downstream,Path_D
H02567,U0514,C193,I002,F014,O075,S075|S082|S095|S164|S178|S194,2023-08-22T08:53:08,supply_context,0,,,
H03362,U0673,C011,I004,F004,O022,S026|S081|S105|S142|S153|S159|S200|S231,2023-08-22T10:07:54,work_context,0,,,
H03467,U0694,C247,I003,F011,O058,S078|S086|S092|S129|S153|S182|S231|S235,2023-08-22T10:38:58,work_context,0,,,
H03912,U0783,C029,I003,F012,O060,S014|S057|S100|S136|S146|S155,2023-08-22T10:47:10,skill_context,0,,,
H00582,U0117,C176,I007,F010,O054,S042|S104|S146|S179|S203|S210|S216|S218,2023-08-22T10:56:08,collaboration_context,1,SCM,Downstream,Path_C
H02627,U0526,C076,I024,F010,O049,S019|S021|S083|S110|S148|S156|S185,2023-08-22T11:43:01,work_context,0,,,
H00072,U0015,C289,I018,F017,O087,S008|S118|S125|S127|S139,2023-08-22T15:31:45,supply_context,0,,,
H02857,U0572,C075,I011,F010,O053,S079|S106|S153|S172|S187|S205|S227,2023-08-22T15:37:18,supply_context,1,Distribution,Downstream,Path_D
H00957,U0192,C005,I018,F011,O057,S011|S074|S125|S148|S186,2023-08-22T15:39:28,skill_context,1,Procurement,Downstream,Path_A
H01207,U0242,C311,I018,F003,O014,S005|S030|S062|S066|S108,2023-08-22T15:45:58,work_context,1,Logistics,Midstream,Path_C
H05342,U1069,C296,I011,F016,O082,S033|S085|S089|S137|S158|S218|S153,2023-08-22T16:19:43,supply_context,0,,,
H05147,U1030,C133,I021,F004,O020,S105|S117|S128|S132|S182|S183|S239|S198,2023-08-22T17:15:01,skill_context,1,Retail,Downstream,Path_J
H03122,U0625,C311,I018,F003,O013,S001|S031|S076|S077|S093|S214|S002,2023-08-22T17:31:12,collaboration_context,0,,,
H00402,U0081,C146,I017,F015,O077,S018|S054|S108|S166|S175|S194|S204|S236,2023-08-22T17:55:08,collaboration_context,0,,,
H03227,U0646,C298,I012,F005,O025,S054|S065|S076|S123|S183|S187|S059,2023-08-22T18:02:18,skill_context,1,SCM,Downstream,Path_L
H01882,U0377,C076,I024,F013,O067,S005|S091|S126|S141|S179|S055,2023-08-22T19:32:22,work_context,1,Procurement,Midstream,Path_B
H00922,U0185,C142,I010,F012,O064,S048|S064|S116|S123|S161|S165,2023-08-22T21:25:58,collaboration_context,0,,,
H03967,U0794,C199,I021,F010,O052,S024|S032|S170|S209|S233,2023-08-22T22:29:43,work_context,1,Logistics,Downstream,Path_B
H01247,U0250,C211,I004,F005,O026,S033|S047|S117|S129|S209,2023-08-22T22:50:59,skill_context,0,,,
H02987,U0598,C174,I005,F014,O072,S097|S100|S109|S112|S194|S214,2023-08-22T22:52:58,collaboration_context,1,Supplier Management,Midstream,Path_E
H01922,U0385,C054,I004,F013,O065,S020|S070|S169|S186|S240,2023-08-22T23:13:26,supply_context,0,,,
H00812,U0163,C207,I008,F007,O034,S026|S092|S110|S132|S158|S164|S214|S215,2023-08-22T23:50:54,work_context,1,Procurement,Upstream,Path_B
H01647,U0330,C218,I021,F018,O094,S005|S043|S056|S085|S119|S168|S193|S204,2023-08-23T01:20:23,work_context,0,,,
H01507,U0302,C171,I018,F012,O064,S023|S047|S053|S071|S090|S154|S182|S185,2023-08-23T01:27:15,work_context,1,Distribution,Downstream,Path_C
H02497,U0500,C144,I006,F017,O091,S016|S055|S077|S125|S146|S205,2023-08-23T03:21:48,collaboration_context,0,,,
H04442,U0889,C103,I011,F014,O071,S002|S036|S046|S133|S164|S188|S208,2023-08-23T03:52:01,skill_context,1,Procurement,Upstream,Path_C
H02347,U0470,C172,I010,F014,O072,S098|S099|S123|S184|S207,2023-08-23T07:29:47,collaboration_context,0,,,
H00287,U0058,C222,I003,F004,O017,S034|S074|S075|S089|S197,2023-08-23T07:38:31,collaboration_context,0,,,
H01412,U0283,C144,I006,F002,O009,S034|S079|S087|S098|S111|S136|S168|S195,2023-08-23T08:25:51,skill_context,0,,,
H04067,U0814,C213,I020,F003,O013,S060|S085|S128|S135|S162|S218,2023-08-23T11:22:20,work_context,1,SCM,Upstream,Path_L
H00927,U0186,C049,I006,F013,O067,S078|S092|S209|S216|S224|S184|S069,2023-08-23T11:55:50,skill_context,0,,,
H01417,U0284,C164,I012,F012,O063,S030|S034|S055|S083|S101|S103,2023-08-23T15:30:24,work_context,1,Supplier Management,Midstream,Path_I
H06417,U1284,C198,I002,F010,O052,S004|S028|S039|S078|S083|S108|S196,2023-08-23T15:34:34,supply_context,0,,,
H01112,U0223,C060,I011,F014,O073,S039|S167|S190|S192|S217|S159,2023-08-23T16:05:16,collaboration_context,0,,,
H04527,U0906,C211,I004,F015,O078,S038|S075|S118|S144|S155|S166|S173|S206,2023-08-23T16:48:11,collaboration_context,0,,,
H03242,U0649,C153,I023,F003,O014,S024|S087|S133|S145|S152|S211|S216,2023-08-23T17:17:18,work_context,0,,,
H02412,U0483,C159,I002,F003,O013,S026|S082|S171|S209|S224,2023-08-23T18:06:47,supply_context,0,,,
H06197,U1240,C038,I006,F010,O052,S020|S067|S080|S093|S184|S213|S239|S040,2023-08-23T18:40:19,collaboration_context,1,Manufacturing,Midstream,Path_L
H05547,U1110,C077,I019,F001,O003,S091|S094|S145|S147|S151,2023-08-23T21:11:39,collaboration_context,0,,,
H03317,U0664,C202,I022,F011,O056,S011|S060|S094|S117|S154|S159|S182|S223,2023-08-23T22:47:27,work_context,0,,,
H04717,U0944,C132,I019,F007,O035,S011|S055|S128|S154|S171|S238,2023-08-24T00:12:09,supply_context,1,SCM,Downstream,Path_B
H04957,U0992,C235,I009,F002,O007,S037|S047|S080|S105|S142|S167|S178,2023-08-24T02:04:03,collaboration_context,1,Retail,Upstream,Path_H
H05897,U1180,C288,I014,F002,O009,S011|S037|S043|S047|S066|S086|S195|S235,2023-08-24T02:55:56,skill_context,0,,,
H02037,U0408,C012,I005,F001,O006,S001|S004|S073|S096|S137|S148|S201,2023-08-24T04:01:16,supply_context,1,SCM,Upstream,Path_K
H02027,U0406,C175,I008,F015,O080,S004|S111|S130|S135|S185|S202,2023-08-24T05:28:47,skill_context,1,Procurement,Midstream,Path_C
H03452,U0691,C178,I022,F015,O077,S025|S182|S202|S215|S220|S227|S225,2023-08-24T06:44:03,supply_context,0,,,
H02587,U0518,C204,I016,F001,O003,S062|S067|S083|S096|S139|S153|S163|S187,2023-08-24T06:53:26,collaboration_context,1,SCM,Midstream,Path_K
H03877,U0776,C113,I004,F012,O063,S047|S102|S114|S153|S211|S216|S235|S041,2023-08-24T07:10:30,collaboration_context,0,,,
H01602,U0321,C051,I019,F002,O010,S070|S081|S122|S165|S191|S206,2023-08-24T07:51:05,supply_context,0,,,
H02822,U0565,C150,I001,F018,O093,S015|S028|S091|S094|S108|S216|S235|S212,2023-08-24T07:51:37,work_context,1,Supplier Management,Downstream,Path_J
H03907,U0782,C250,I012,F012,O064,S011|S025|S038|S091|S098|S183,2023-08-24T10:47:53,supply_context,1,Manufacturing,Upstream,Path_B
H02812,U0563,C103,I011,F008,O040,S038|S055|S125|S167|S208|S221|S230,2023-08-24T10:58:47,collaboration_context,0,,,
H00082,U0017,C061,I006,F011,O058,S027|S054|S066|S136|S175|S176|S213,2023-08-24T12:04:52,skill_context,0,,,
H06012,U1203,C024,I001,F007,O038,S001|S058|S149|S154|S176|S186|S240|S164,2023-08-24T12:17:50,skill_context,0,,,
H05802,U1161,C024,I001,F013,O067,S020|S033|S139|S158|S171,2023-08-24T13:11:52,supply_context,1,Distribution,Downstream,Path_J
H04622,U0925,C135,I017,F006,O030,S002|S018|S135|S148|S150|S199|S206|S098,2023-08-24T13:14:13,skill_context,0,,,
H03237,U0648,C045,I009,F010,O049,S033|S066|S088|S134|S199|S203,2023-08-24T14:14:36,skill_context,0,,,
H02067,U0414,C273,I005,F003,O013,S054|S131|S137|S141|S145|S161|S218|S237,2023-08-24T14:42:36,work_context,0,,,
H05137,U1028,C200,I004,F017,O089,S119|S123|S192|S215|S225|S227|S081,2023-08-24T15:38:14,work_context,1,Retail,Midstream,Path_J
H06062,U1213,C044,I017,F010,O053,S004|S019|S100|S146|S148|S186,2023-08-24T16:43:45,supply_context,0,,,
H04617,U0924,C079,I021,F014,O074,S037|S039|S069|S119|S147,2023-08-24T17:12:23,work_context,0,,,
H06842,U1369,C047,I012,F016,O085,S087|S103|S124|S151|S154|S162|S178|S206,2023-08-24T18:42:50,work_context,1,Logistics,Midstream,Path_K
H00182,U0037,C087,I011,F013,O067,S003|S030|S043|S081|S129|S132|S141|S216,2023-08-24T18:49:45,skill_context,0,,,
H02552,U0511,C101,I007,F006,O029,S011|S018|S045|S075|S088|S122|S133,2023-08-24T21:47:31,skill_context,0,,,
H04747,U0950,C167,I002,F009,O044,S051|S115|S126|S138|S170,2023-08-24T22:22:04,supply_context,0,,,
H00377,U0076,C155,I005,F005,O025,S056|S119|S207|S210|S235|S157,2023-08-24T23:45:03,skill_context,1,Logistics,Midstream,Path_L
H04457,U0892,C286,I009,F015,O076,S024|S080|S087|S140|S185|S205,2023-08-25T00:02:44,skill_context,0,,,
H02867,U0574,C005,I018,F009,O045,S065|S083|S123|S187|S210|S221,2023-08-25T00:29:41,skill_context,0,,,
H03142,U0629,C299,I015,F001,O004,S076|S095|S146|S213|S216|S225|S091,2023-08-25T01:13:58,work_context,0,,,
H04252,U0851,C154,I022,F002,O009,S004|S020|S046|S171|S187|S227,2023-08-25T01:58:40,skill_context,1,Distribution,Upstream,Path_J
H02767,U0554,C028,I018,F016,O083,S081|S094|S106|S165|S173|S226|S175,2023-08-25T02:10:47,skill_context,1,Retail,Upstream,Path_D
H00777,U0156,C155,I005,F011,O059,S045|S076|S084|S168|S175|S237|S161,2023-08-25T02:14:15,work_context,0,,,
H03127,U0626,C013,I015,F010,O053,S038|S049|S109|S128|S179|S223|S224,2023-08-25T03:43:08,collaboration_context,1,Procurement,Upstream,Path_J
H02112,U0423,C012,I005,F002,O009,S005|S106|S120|S160|S205|S070|S229,2023-08-25T04:35:14,collaboration_context,0,,,
H02397,U0480,C103,I011,F006,O028,S025|S080|S115|S184|S211|S164,2023-08-25T05:06:52,skill_context,1,Retail,Upstream,Path_H
H01197,U0240,C039,I023,F009,O047,S022|S090|S136|S184|S214|S231,2023-08-25T05:21:42,skill_context,1,Supplier Management,Downstream,Path_I
H01952,U0391,C293,I001,F015,O079,S008|S018|S107|S154|S164|S203|S239,2023-08-25T05:25:52,work_context,1,Procurement,Midstream,Path_K
H04112,U0823,C118,I013,F007,O036,S063|S077|S127|S169|S191|S227,2023-08-25T08:02:54,work_context,0,,,
H06527,U1306,C028,I018,F018,O096,S071|S128|S144|S162|S200|S234|S157,2023-08-25T08:37:50,work_context,1,Retail,Downstream,Path_F
H01467,U0294,C314,I022,F013,O068,S052|S073|S147|S158|S186,2023-08-25T10:20:35,skill_context,0,,,
H01402,U0281,C221,I019,F014,O071,S046|S095|S119|S172|S186|S079,2023-08-25T10:23:51,work_context,1,Manufacturing,Upstream,Path_B
H02257,U0452,C268,I002,F013,O067,S106|S146|S165|S172|S174|S175|S177|S201,2023-08-25T13:10:02,collaboration_context,0,,,
H02167,U0434,C120,I017,F002,O011,S011|S022|S040|S194|S220|S223,2023-08-25T13:32:24,skill_context,1,SCM,Downstream,Path_A
H06547,U1310,C291,I024,F011,O058,S036|S047|S090|S096|S163|S169,2023-08-25T15:09:49,work_context,0,,,
H06242,U1249,C181,I012,F014,O071,S030|S069|S121|S151|S177|S183|S204|S221,2023-08-25T15:45:22,work_context,0,,,
H01257,U0252,C127,I004,F006,O029,S024|S054|S085|S105|S115|S193|S194|S226,2023-08-25T16:03:09,work_context,1,Supplier Management,Downstream,Path_F
H03232,U0647,C040,I007,F017,O089,S011|S076|S080|S117|S151|S198|S223|S237,2023-08-25T16:09:13,work_context,0,,,
H05967,U1194,C002,I013,F001,O002,S011|S036|S097|S140|S155|S191|S004,2023-08-25T17:23:12,work_context,0,,,
H05622,U1125,C162,I001,F013,O068,S016|S080|S129|S139|S228,2023-08-25T18:31:21,work_context,0,,,
H03787,U0758,C210,I024,F008,O042,S065|S087|S153|S198|S214|S234,2023-08-25T18:50:06,work_context,0,,,
H05272,U1055,C203,I002,F003,O012,S015|S047|S059|S071|S087|S128|S159,2023-08-25T19:06:55,skill_context,1,Retail,Upstream,Path_K
H04857,U0972,C252,I024,F018,O095,S029|S070|S076|S085|S126|S160|S217,2023-08-25T19:41:49,skill_context,0,,,
H05077,U1016,C272,I024,F014,O073,S110|S184|S198|S211|S226,2023-08-25T20:06:18,collaboration_context,0,,,
H01722,U0345,C278,I004,F010,O053,S016|S025|S035|S056|S081|S177|S117,2023-08-25T20:17:37,collaboration_context,0,,,
H03117,U0624,C143,I014,F006,O031,S080|S130|S168|S209|S223,2023-08-25T21:20:27,skill_context,0,,,
H05212,U1043,C081,I007,F006,O031,S022|S059|S089|S108|S210|S222,2023-08-25T21:22:30,skill_context,0,,,
H03207,U0642,C242,I022,F015,O080,S004|S024|S084|S094|S122|S171|S172|S179,2023-08-25T22:13:27,work_context,1,Retail,Midstream,Path_E
H04707,U0942,C138,I021,F004,O022,S078|S087|S097|S110|S142|S169|S209,2023-08-25T23:44:01,collaboration_context,1,Manufacturing,Upstream,Path_J
H00882,U0177,C078,I009,F013,O069,S030|S038|S075|S083|S096|S219,2023-08-26T01:07:21,skill_context,1,Logistics,Midstream,Path_J
H03432,U0687,C243,I008,F004,O018,S007|S014|S020|S123|S124|S181|S188|S205,2023-08-26T02:04:00,skill_context,0,,,
H05017,U1004,C102,I009,F006,O032,S049|S064|S069|S073|S125|S135|S165|S197,2023-08-26T02:55:53,work_context,0,,,
H03417,U0684,C107,I006,F006,O031,S011|S050|S066|S099|S135|S157|S166|S221,2023-08-26T03:16:54,work_context,0,,,
H00732,U0147,C138,I021,F018,O093,S037|S091|S096|S101|S139|S147|S208|S238,2023-08-26T03:37:46,collaboration_context,0,,,
H03637,U0728,C127,I004,F010,O052,S015|S062|S064|S065|S072|S167|S185|S131,2023-08-26T03:42:17,collaboration_context,1,Distribution,Upstream,Path_D
H05692,U1139,C207,I008,F017,O089,S047|S057|S118|S126|S155|S167,2023-08-26T03:59:01,supply_context,1,Supplier Management,Midstream,Path_J
H00627,U0126,C034,I009,F007,O037,S056|S068|S072|S101|S127|S143|S177|S234,2023-08-26T04:57:41,work_context,1,Logistics,Upstream,Path_H
H00972,U0195,C093,I002,F016,O086,S070|S099|S176|S196|S197|S222,2023-08-26T08:08:24,work_context,0,,,
H02337,U0468,C246,I024,F007,O034,S060|S114|S124|S196|S220|S225,2023-08-26T08:19:32,collaboration_context,1,Logistics,Midstream,Path_J
H01252,U0251,C044,I017,F007,O035,S008|S082|S091|S116|S122|S144|S151|S177,2023-08-26T08:49:11,work_context,1,Manufacturing,Upstream,Path_B
H05142,U1029,C221,I019,F006,O030,S082|S093|S100|S110|S134|S143|S195|S235,2023-08-26T10:57:34,supply_context,0,,,
H02057,U0412,C217,I007,F011,O059,S065|S087|S120|S163|S199|S061,2023-08-26T13:12:02,skill_context,0,,,
H01307,U0262,C136,I023,F008,O041,S029|S076|S092|S121|S141|S152|S208|S072,2023-08-26T13:19:38,supply_context,0,,,
H01382,U0277,C221,I019,F002,O009,S004|S024|S034|S050|S109|S146|S187|S233,2023-08-26T13:36:54,skill_context,0,,,
H04262,U0853,C141,I019,F014,O074,S040|S064|S086|S089|S104|S173|S181,2023-08-26T13:42:23,work_context,0,,,
H01667,U0334,C139,I008,F001,O006,S008|S011|S020|S062|S111|S202|S232|S236,2023-08-26T13:53:49,supply_context,1,Distribution,Midstream,Path_H
H05132,U1027,C046,I001,F006,O032,S020|S129|S199|S213|S225|S228,2023-08-26T15:01:35,work_context,0,,,
H04667,U0934,C103,I011,F011,O056,S004|S025|S057|S065|S176|S206,2023-08-26T15:56:29,collaboration_context,0,,,
H06777,U1356,C045,I009,F005,O024,S093|S122|S134|S175|S204|S012,2023-08-26T15:57:03,collaboration_context,0,,,
H05252,U1051,C186,I001,F001,O005,S031|S033|S042|S184|S188|S041,2023-08-26T16:15:17,supply_context,1,Logistics,Downstream,Path_B
H01057,U0212,C157,I001,F001,O006,S006|S035|S144|S153|S193|S220|S161,2023-08-26T17:23:52,work_context,0,,,
H01517,U0304,C088,I009,F017,O090,S005|S056|S057|S170|S202|S213,2023-08-26T18:40:31,supply_context,0,,,
H05062,U1013,C190,I023,F012,O064,S019|S022|S031|S122|S142|S183|S195,2023-08-26T19:22:42,supply_context,0,,,
H05652,U1131,C204,I016,F015,O079,S006|S016|S063|S086|S143|S168,2023-08-26T20:02:20,work_context,1,Supplier Management,Upstream,Path_G
H03172,U0635,C160,I005,F008,O041,S084|S121|S133|S167|S214|S217|S233,2023-08-26T20:07:20,collaboration_context,1,Manufacturing,Midstream,Path_A
H02137,U0428,C157,I001,F015,O077,S032|S057|S078|S092|S213|S217|S226,2023-08-26T22:37:24,skill_context,1,Retail,Downstream,Path_K
H05642,U1129,C067,I002,F014,O072,S058|S064|S135|S138|S189|S192,2023-08-27T01:35:53,supply_context,0,,,
H06507,U1302,C041,I016,F009,O045,S029|S042|S116|S135|S147,2023-08-27T02:03:32,work_context,0,,,
H03202,U0641,C311,I018,F006,O031,S094|S097|S153|S154|S205|S219|S229|S232,2023-08-27T02:07:34,skill_context,0,,,
H00572,U0115,C275,I008,F015,O080,S089|S097|S104|S110|S131|S164|S194,2023-08-27T02:14:23,skill_context,0,,,
H05972,U1195,C200,I004,F011,O057,S028|S084|S106|S123|S156|S208,2023-08-27T03:40:55,supply_context,0,,,
H00712,U0143,C276,I010,F012,O061,S033|S104|S122|S161|S165|S178|S209|S222,2023-08-27T06:47:36,work_context,0,,,
H00577,U0116,C234,I015,F009,O048,S031|S056|S087|S136|S143|S173|S195,2023-08-27T08:14:40,collaboration_context,0,,,
H06307,U1262,C103,I011,F017,O088,S007|S023|S031|S080|S133|S145|S116,2023-08-27T09:38:43,work_context,0,,,
H04887,U0978,C162,I001,F013,O070,S010|S057|S078|S097|S145|S147|S204,2023-08-27T10:41:22,work_context,0,,,
H00302,U0061,C011,I004,F011,O055,S011|S018|S026|S063|S079|S143|S177|S203,2023-08-27T11:46:52,collaboration_context,0,,,
H05662,U1133,C032,I011,F006,O031,S027|S066|S086|S113|S122|S161|S180|S212,2023-08-27T13:46:54,skill_context,1,SCM,Upstream,Path_K
H02967,U0594,C024,I001,F012,O064,S004|S005|S119|S168|S207,2023-08-27T13:59:05,collaboration_context,0,,,
H01287,U0258,C234,I015,F017,O087,S025|S078|S082|S100|S117|S122|S201|S224,2023-08-27T14:56:58,collaboration_context,0,,,
H03367,U0674,C217,I007,F001,O006,S047|S095|S109|S130|S153|S121,2023-08-27T15:09:09,collaboration_context,0,,,
H02327,U0466,C267,I008,F007,O034,S013|S042|S087|S168|S218,2023-08-27T15:41:31,work_context,1,Distribution,Downstream,Path_H
H04982,U0997,C281,I008,F009,O047,S027|S035|S098|S144|S219|S004,2023-08-27T15:42:53,supply_context,1,Distribution,Midstream,Path_I
H03867,U0774,C204,I016,F007,O037,S064|S109|S122|S174|S188,2023-08-27T16:23:56,supply_context,0,,,
H03617,U0724,C215,I020,F002,O011,S004|S039|S117|S139|S193,2023-08-27T16:47:12,skill_context,0,,,
H02277,U0456,C213,I020,F015,O079,S033|S103|S104|S122|S144|S205,2023-08-27T18:28:18,skill_context,0,,,
H02652,U0531,C166,I018,F010,O053,S047|S129|S167|S186|S200|S206|S231,2023-08-27T18:58:04,collaboration_context,0,,,
H04772,U0955,C279,I021,F014,O074,S017|S020|S069|S090|S107|S119|S148|S170,2023-08-27T19:25:30,collaboration_context,0,,,
H04267,U0854,C088,I009,F017,O089,S007|S083|S106|S196|S206|S238|S148,2023-08-27T20:26:33,collaboration_context,0,,,
H02947,U0590,C221,I019,F001,O002,S038|S041|S046|S093|S100|S107|S193,2023-08-27T20:26:36,supply_context,1,Distribution,Midstream,Path_C
H03752,U0751,C284,I016,F011,O057,S039|S047|S103|S105|S129|S194|S209,2023-08-27T20:36:01,supply_context,0,,,
H00682,U0137,C185,I021,F006,O029,S092|S103|S118|S129|S157|S184|S216|S031,2023-08-27T22:33:13,skill_context,0,,,
H04987,U0998,C240,I002,F018,O095,S041|S063|S105|S111|S220|S236|S240|S060,2023-08-27T22:43:30,skill_context,1,Procurement,Midstream,Path_C
H01082,U0217,C140,I022,F017,O088,S081|S084|S112|S124|S171|S194|S199|S201,2023-08-27T23:20:27,collaboration_context,1,Logistics,Downstream,Path_K
H00162,U0033,C145,I012,F018,O096,S001|S023|S034|S140|S156|S062,2023-08-28T02:40:16,work_context,0,,,
H03112,U0623,C248,I020,F017,O090,S005|S041|S064|S118|S128|S189|S207,2023-08-28T03:28:34,skill_context,0,,,
H06107,U1222,C097,I007,F018,O095,S001|S032|S054|S056|S073|S096|S163,2023-08-28T07:05:05,supply_context,0,,,
H04807,U0962,C220,I006,F012,O064,S009|S071|S142|S151|S171|S202|S209,2023-08-28T08:04:50,skill_context,0,,,
H03377,U0676,C099,I020,F006,O030,S042|S045|S074|S142|S169|S204|S218|S240,2023-08-28T09:22:48,collaboration_context,0,,,
H01037,U0208,C258,I010,F002,O010,S048|S098|S112|S127|S151|S158|S179|S215,2023-08-28T10:32:46,collaboration_context,1,Distribution,Midstream,Path_I
H06782,U1357,C235,I009,F014,O072,S030|S034|S085|S149|S178|S234|S202,2023-08-28T10:57:12,collaboration_context,1,Supplier Management,Midstream,Path_C
H05727,U1146,C180,I005,F006,O032,S033|S075|S079|S114|S117|S177|S216,2023-08-28T12:53:18,supply_context,1,Distribution,Midstream,Path_K
H04327,U0866,C318,I017,F002,O007,S032|S071|S072|S078|S095,2023-08-28T13:21:58,work_context,0,,,
H06742,U1349,C052,I013,F005,O024,S077|S085|S117|S145|S164|S200|S211|S224,2023-08-28T14:05:17,skill_context,0,,,
H01152,U0231,C305,I018,F016,O085,S018|S121|S122|S153|S162|S172|S183|S191,2023-08-28T18:32:21,skill_context,0,,,
H00667,U0134,C187,I002,F006,O030,S035|S053|S063|S091|S092|S104|S142|S193,2023-08-28T18:57:50,collaboration_context,0,,,
H04122,U0825,C109,I014,F003,O013,S054|S064|S112|S122|S150|S192|S206|S231,2023-08-28T19:10:39,supply_context,0,,,
H00767,U0154,C052,I013,F018,O096,S067|S121|S164|S170|S194|S222,2023-08-28T19:59:35,work_context,0,,,
H06877,U1376,C076,I024,F018,O092,S020|S077|S135|S167|S180|S199|S201|S044,2023-08-28T20:14:59,collaboration_context,0,,,
H06607,U1322,C035,I013,F004,O021,S020|S032|S112|S113|S132|S188|S203|S204,2023-08-28T20:50:55,skill_context,0,,,
H03917,U0784,C077,I019,F012,O061,S003|S021|S063|S161|S189|S212|S236,2023-08-28T21:00:39,collaboration_context,0,,,
H04157,U0832,C059,I014,F002,O009,S055|S151|S155|S172|S240,2023-08-28T21:05:06,work_context,0,,,
H00077,U0016,C186,I001,F009,O046,S103|S110|S153|S169|S177|S186|S192|S216,2023-08-28T21:47:29,collaboration_context,0,,,
H06172,U1235,C053,I019,F012,O062,S012|S028|S036|S056|S076|S081|S110|S122,2023-08-28T22:48:00,supply_context,1,Procurement,Downstream,Path_C
H05957,U1192,C158,I014,F002,O007,S014|S049|S115|S144|S168|S187|S222,2023-08-28T23:51:05,collaboration_context,0,,,
H06153,U1231,C034,I009,F017,O091,S049|S064|S103|S121|S126|S180|S202|S215,2024-01-01T01:37:06,supply_context,1,SCM,Downstream,Path_B
H02758,U0552,C161,I009,F016,O084,S018|S041|S075|S160|S192|S217|S219|S004,2024-01-01T01:42:20,collaboration_context,0,,,
H01663,U0333,C301,I007,F003,O014,S045|S060|S129|S139|S162|S200|S219|S198,2024-01-01T03:25:58,supply_context,0,,,
H06323,U1265,C197,I007,F005,O023,S090|S104|S112|S189|S228|S163|S129,2024-01-01T03:30:57,supply_context,0,,,
H00438,U0088,C199,I021,F003,O012,S083|S088|S098|S114|S140|S161,2024-01-01T03:45:00,skill_context,0,,,
H01433,U0287,C155,I005,F007,O034,S057|S065|S098|S137|S164|S168|S171|S227,2024-01-01T05:27:33,supply_context,1,Retail,Upstream,Path_A
H03233,U0647,C014,I007,F017,O090,S011|S076|S080|S117|S151|S198|S223|S237,2024-01-01T05:32:44,skill_context,0,,,
H04628,U0926,C040,I007,F005,O024,S047|S073|S077|S215|S228|S236|S052,2024-01-01T06:31:25,supply_context,1,SCM,Downstream,Path_D
H04483,U0897,C133,I021,F016,O085,S013|S101|S113|S153|S168|S197|S198|S203,2024-01-01T06:46:20,supply_context,1,Supplier Management,Upstream,Path_I
H00263,U0053,C093,I002,F017,O090,S023|S097|S105|S179|S189|S212|S226|S113,2024-01-01T06:54:01,work_context,1,SCM,Upstream,Path_H
H03733,U0747,C061,I006,F006,O028,S048|S173|S180|S205|S225|S237,2024-01-01T08:08:16,work_context,1,Retail,Midstream,Path_E
H05713,U1143,C016,I006,F004,O017,S083|S086|S094|S105|S239,2024-01-01T09:58:41,collaboration_context,0,,,
H02918,U0584,C245,I003,F005,O026,S006|S028|S046|S175|S186|S211|S236|S195,2024-01-01T10:36:48,work_context,1,Manufacturing,Upstream,Path_B
H05738,U1148,C203,I002,F015,O080,S060|S137|S166|S179|S207|S229|S234|S235,2024-01-01T12:38:11,collaboration_context,1,Logistics,Downstream,Path_A
H05308,U1062,C304,I020,F014,O075,S071|S090|S099|S203|S215,2024-01-01T12:44:56,work_context,0,,,
H02938,U0588,C111,I011,F005,O026,S031|S054|S057|S091|S093|S128|S129|S196,2024-01-01T14:13:33,work_context,0,,,
H06988,U1398,C149,I009,F013,O069,S028|S056|S159|S199|S207|S212|S236|S184,2024-01-01T15:07:26,work_context,0,,,
H06173,U1235,C053,I019,F012,O062,S012|S028|S036|S056|S076|S081|S110|S122,2024-01-01T16:59:07,collaboration_context,1,Procurement,Downstream,Path_C
H02998,U0600,C131,I018,F014,O074,S084|S090|S121|S158|S194,2024-01-01T17:15:22,work_context,0,,,
H02458,U0492,C107,I006,F011,O058,S097|S102|S136|S160|S162|S193|S222|S231,2024-01-01T17:21:43,collaboration_context,1,Retail,Upstream,Path_E
H06533,U1307,C085,I023,F010,O054,S014|S086|S093|S121|S171|S194|S196,2024-01-01T17:23:01,collaboration_context,0,,,
H02993,U0599,C016,I006,F015,O080,S010|S014|S029|S031|S121|S127,2024-01-01T19:47:32,supply_context,0,,,
H03258,U0652,C088,I009,F008,O041,S004|S100|S145|S183|S232|S009|S135|S227,2024-01-01T20:35:53,skill_context,1,Logistics,Downstream,Path_K
H04233,U0847,C117,I021,F005,O026,S013|S082|S155|S156|S233|S073,2024-01-01T21:18:52,collaboration_context,0,,,
H03168,U0634,C127,I004,F009,O048,S033|S090|S144|S164|S197|S240,2024-01-01T21:23:18,skill_context,0,,,
H04533,U0907,C072,I010,F001,O002,S032|S062|S092|S126|S134|S156|S175|S201,2024-01-01T23:34:42,supply_context,0,,,
H05413,U1083,C282,I017,F014,O074,S032|S083|S106|S112|S131|S136|S146|S162,2024-01-02T00:13:34,collaboration_context,0,,,
H03108,U0622,C267,I008,F012,O064,S039|S061|S068|S107|S204|S227|S231|S012,2024-01-02T00:26:45,collaboration_context,0,,,
H04248,U0850,C261,I022,F005,O026,S008|S011|S038|S135|S184|S110,2024-01-02T01:26:28,supply_context,1,Retail,Upstream,Path_L
H01368,U0274,C202,I022,F016,O081,S011|S033|S082|S103|S152|S162,2024-01-02T01:47:58,skill_context,0,,,
H03798,U0760,C294,I015,F012,O063,S029|S037|S160|S181|S220|S119,2024-01-02T03:21:40,work_context,0,,,
H06703,U1341,C063,I003,F015,O078,S083|S124|S137|S167|S223|S064|S063,2024-01-02T06:21:43,work_context,0,,,
H04098,U0820,C189,I013,F003,O012,S060|S087|S091|S127|S146,2024-01-02T07:34:04,work_context,0,,,
H03248,U0650,C268,I002,F009,O047,S038|S061|S079|S130|S218,2024-01-02T08:37:33,supply_context,0,,,
H01908,U0382,C316,I013,F004,O021,S020|S022|S084|S093|S135|S202|S236|S039,2024-01-02T08:52:54,supply_context,0,,,
H03278,U0656,C026,I012,F018,O095,S053|S064|S112|S127|S190|S219|S145,2024-01-02T09:01:19,supply_context,0,,,
H01068,U0214,C275,I008,F001,O002,S016|S023|S088|S121|S146|S150|S154|S158,2024-01-02T09:26:46,collaboration_context,1,Logistics,Upstream,Path_J
H03288,U0658,C168,I023,F008,O039,S082|S092|S094|S102|S219,2024-01-02T09:55:15,collaboration_context,0,,,
H03453,U0691,C178,I022,F016,O082,S025|S182|S202|S215|S220|S227|S225,2024-01-02T09:59:20,skill_context,0,,,
H01873,U0375,C162,I001,F002,O011,S009|S025|S140|S159|S190|S171,2024-01-02T10:01:15,collaboration_context,0,,,
H00698,U0140,C084,I014,F002,O010,S021|S089|S106|S116|S143|S154|S228,2024-01-02T17:58:13,collaboration_context,0,,,
H06113,U1223,C214,I022,F003,O014,S008|S032|S100|S123|S125|S141|S144|S162,2024-01-02T20:38:51,work_context,1,Supplier Management,Upstream,Path_K
H00378,U0076,C155,I005,F005,O025,S056|S119|S207|S210|S235|S157,2024-01-02T21:07:02,supply_context,0,,,
H02218,U0444,C262,I003,F009,O048,S022|S040|S053|S065|S094|S217|S229|S068,2024-01-02T21:24:49,work_context,0,,,
H00168,U0034,C081,I007,F014,O071,S087|S117|S179|S203|S240,2024-01-02T23:25:15,skill_context,0,,,
H02978,U0596,C037,I009,F015,O079,S013|S016|S025|S118|S120|S142|S200|S234,2024-01-03T00:34:49,collaboration_context,0,,,
H05348,U1070,C164,I012,F015,O080,S007|S020|S034|S041|S119,2024-01-03T00:45:51,work_context,1,Procurement,Midstream,Path_E
H06833,U1367,C297,I023,F002,O011,S042|S069|S118|S131|S154|S158|S210|S231,2024-01-03T00:55:22,collaboration_context,0,,,
H02738,U0548,C001,I003,F008,O042,S009|S039|S106|S107|S126|S196|S212,2024-01-03T01:18:03,collaboration_context,0,,,
H06028,U1206,C269,I019,F011,O055,S012|S037|S042|S050|S122|S179|S194|S220,2024-01-03T02:14:30,skill_context,1,Procurement,Midstream,Path_E
H01838,U0368,C138,I021,F014,O073,S062|S080|S085|S145|S156|S173|S174|S239,2024-01-03T03:51:29,collaboration_context,1,Retail,Midstream,Path_I
H01748,U0350,C107,I006,F017,O091,S011|S045|S159|S189|S204|S234,2024-01-03T04:05:44,supply_context,1,SCM,Midstream,Path_E
H03163,U0633,C082,I015,F005,O024,S059|S075|S083|S200|S208|S011,2024-01-03T04:06:13,work_context,0,,,
H01833,U0367,C122,I015,F007,O033,S063|S103|S143|S154|S173|S176|S223|S046,2024-01-03T05:50:36,work_context,0,,,
H04948,U0990,C224,I004,F015,O079,S063|S090|S113|S184|S196|S226|S234|S153,2024-01-03T07:48:25,skill_context,1,Logistics,Downstream,Path_H
H00503,U0101,C144,I006,F006,O032,S007|S047|S059|S069|S133|S145|S180,2024-01-03T08:34:38,collaboration_context,1,Retail,Upstream,Path_G
H01608,U0322,C017,I012,F003,O016,S001|S028|S119|S167|S168|S189|S171,2024-01-03T09:15:42,work_context,0,,,
H05038,U1008,C067,I002,F008,O039,S018|S027|S037|S047|S089|S164|S187,2024-01-03T09:17:54,collaboration_context,0,,,
H03118,U0624,C143,I014,F006,O031,S080|S130|S168|S209|S223|S050,2024-01-03T09:20:55,supply_context,0,,,
H01643,U0329,C131,I018,F003,O013,S022|S059|S163|S188|S239|S114,2024-01-03T09:59:19,collaboration_context,0,,,
H04653,U0931,C277,I010,F013,O070,S026|S046|S068|S091|S108|S140|S188,2024-01-03T10:14:01,work_context,0,,,
H00803,U0161,C101,I007,F007,O037,S005|S065|S112|S120|S141|S185|S218|S026,2024-01-03T10:55:09,work_context,0,,,
H06253,U1251,C173,I016,F017,O091,S043|S114|S155|S166|S179|S187,2024-01-03T12:36:48,supply_context,1,Distribution,Upstream,Path_C
H03003,U0601,C254,I022,F001,O004,S043|S093|S117|S156|S176|S199,2024-01-03T13:21:31,skill_context,0,,,
H03818,U0764,C133,I021,F018,O096,S090|S106|S111|S119|S130|S231|S240|S067,2024-01-03T13:23:38,work_context,1,Manufacturing,Midstream,Path_L
H00583,U0117,C176,I007,F010,O054,S042|S104|S146|S179|S203|S210|S216|S218,2024-01-03T14:08:35,collaboration_context,0,,,
H03473,U0695,C231,I015,F001,O006,S006|S103|S117|S123|S165|S176,2024-01-03T14:52:35,skill_context,1,Logistics,Midstream,Path_C
H05533,U1107,C007,I017,F011,O059,S014|S027|S113|S133|S170|S171|S182|S198,2024-01-03T17:16:34,collaboration_context,1,Logistics,Midstream,Path_J
H02393,U0479,C288,I014,F002,O011,S110|S116|S121|S131|S161|S172|S199,2024-01-03T17:20:39,skill_context,0,,,
H02183,U0437,C126,I016,F012,O063,S018|S097|S120|S162|S189|S168|S041|S100,2024-01-03T20:24:52,collaboration_context,1,Distribution,Midstream,Path_J
H01328,U0266,C274,I017,F015,O079,S004|S036|S042|S049|S113|S153|S177|S236,2024-01-03T23:50:44,supply_context,0,,,
H00573,U0115,C275,I008,F015,O080,S089|S097|S104|S110|S131|S164|S194,2024-01-04T02:06:36,skill_context,0,,,
H02568,U0514,C193,I002,F014,O075,S075|S082|S095|S164|S178|S194,2024-01-04T07:33:57,skill_context,0,,,
H03383,U0677,C001,I003,F015,O080,S033|S039|S178|S186|S225,2024-01-04T07:54:39,skill_context,0,,,
H05553,U1111,C024,I001,F001,O001,S011|S130|S194|S219|S227|S109|S232,2024-01-04T08:07:55,collaboration_context,1,Manufacturing,Downstream,Path_B
H03588,U0718,C169,I011,F011,O059,S014|S048|S059|S061|S162|S203|S232,2024-01-04T08:47:46,skill_context,0,,,
H06013,U1203,C092,I001,F008,O043,S001|S058|S149|S154|S176|S186|S240|S164,2024-01-04T09:17:24,supply_context,0,,,
H02983,U0597,C009,I003,F010,O051,S012|S027|S028|S043|S091|S140|S221|S021,2024-01-04T09:20:22,supply_context,1,Distribution,Upstream,Path_L
H00088,U0018,C142,I010,F005,O024,S017|S035|S058|S100|S115|S140|S165|S187,2024-01-04T10:55:19,supply_context,0,,,
H06793,U1359,C223,I012,F009,O047,S040|S112|S159|S176|S202|S229,2024-01-04T11:07:48,collaboration_context,0,,,
H04658,U0932,C040,I007,F017,O089,S070|S093|S114|S179|S203|S222|S120,2024-01-04T11:59:44,work_context,1,Distribution,Downstream,Path_D
H05263,U1053,C302,I007,F007,O033,S030|S059|S111|S136|S158|S200|S221|S149,2024-01-04T12:31:15,collaboration_context,0,,,
H02148,U0430,C087,I011,F004,O020,S009|S011|S029|S056|S069|S196|S203,2024-01-04T12:33:01,supply_context,1,Manufacturing,Downstream,Path_C
H03193,U0639,C218,I021,F011,O059,S026|S057|S190|S196|S239|S076,2024-01-04T12:54:33,skill_context,0,,,
H05503,U1101,C279,I021,F003,O016,S006|S041|S072|S090|S105|S124|S203|S189,2024-01-04T14:01:14,collaboration_context,0,,,
H02073,U0415,C315,I003,F018,O094,S037|S094|S102|S142|S178|S212|S213|S226,2024-01-04T15:25:30,work_context,1,SCM,Midstream,Path_B
H01953,U0391,C293,I001,F015,O079,S008|S018|S107|S154|S164|S203|S239,2024-01-04T16:26:27,supply_context,1,Procurement,Midstream,Path_K
H00883,U0177,C078,I009,F013,O070,S030|S038|S075|S083|S096|S219|S091|S152,2024-01-04T16:41:19,skill_context,0,,,
H01878,U0376,C025,I014,F001,O004,S022|S031|S092|S093|S172|S187|S105|S170,2024-01-04T17:58:52,skill_context,0,,,
H03303,U0661,C214,I022,F015,O076,S054|S083|S176|S195|S212|S224,2024-01-04T18:26:28,supply_context,1,SCM,Upstream,Path_I
H06603,U1321,C303,I008,F004,O019,S075|S106|S129|S160|S168|S234|S172,2024-01-04T19:05:40,work_context,1,Procurement,Midstream,Path_K
H03978,U0796,C104,I024,F013,O067,S025|S039|S196|S204|S225|S135,2024-01-04T19:44:02,skill_context,0,,,
H00773,U0155,C185,I021,F017,O088,S010|S031|S146|S186|S216|S238|S114,2024-01-04T20:22:34,supply_context,0,,,
H06018,U1204,C158,I014,F018,O094,S008|S018|S037|S074|S122|S046|S152,2024-01-04T23:06:17,work_context,1,Supplier Management,Midstream,Path_K
H01693,U0339,C185,I021,F017,O088,S004|S060|S116|S125|S170|S210,2024-01-05T00:02:26,skill_context,0,,,
H03873,U0775,C300,I002,F017,O087,S080|S083|S111|S115|S155|S226,2024-01-05T00:16:02,work_context,1,SCM,Midstream,Path_K
H06328,U1266,C254,I022,F015,O079,S041|S093|S098|S108|S167|S196|S207|S214,2024-01-05T00:36:30,collaboration_context,0,,,
H04288,U0858,C116,I013,F003,O013,S009|S036|S063|S083|S095|S161,2024-01-05T00:44:31,skill_context,0,,,
H00488,U0098,C159,I002,F004,O021,S030|S056|S102|S162|S173|S217|S223,2024-01-05T01:09:03,skill_context,1,Logistics,Upstream,Path_G
H00358,U0072,C260,I019,F012,O060,S021|S033|S065|S074|S116|S119|S183|S114,2024-01-05T02:02:13,collaboration_context,1,Manufacturing,Downstream,Path_K
H05648,U1130,C028,I018,F012,O062,S008|S050|S083|S098|S240,2024-01-05T04:50:08,supply_context,0,,,
H00048,U0010,C010,I001,F007,O036,S020|S059|S099|S191|S232|S147,2024-01-05T04:56:36,skill_context,0,,,
H02723,U0545,C113,I004,F002,O009,S063|S070|S085|S094|S143,2024-01-05T05:30:14,work_context,0,,,
H02813,U0563,C103,I011,F008,O040,S038|S055|S125|S167|S208|S221|S230,2024-01-05T07:56:22,work_context,1,Distribution,Midstream,Path_F
H05358,U1072,C214,I022,F001,O003,S047|S063|S125|S187|S195|S200,2024-01-05T08:01:07,skill_context,1,Logistics,Midstream,Path_F
H04058,U0812,C266,I016,F012,O064,S065|S069|S074|S082|S085|S136|S187,2024-01-05T08:44:44,skill_context,0,,,
H01138,U0228,C067,I002,F018,O093,S021|S047|S054|S078|S146|S177|S162,2024-01-05T08:58:09,work_context,1,Distribution,Downstream,Path_E
H04108,U0822,C136,I023,F006,O028,S021|S034|S049|S067|S109|S131|S168|S201,2024-01-05T08:59:59,work_context,0,,,
H02538,U0508,C159,I002,F006,O029,S014|S037|S103|S136|S174,2024-01-05T09:49:00,collaboration_context,0,,,
H01153,U0231,C305,I018,F016,O085,S018|S121|S122|S153|S162|S172|S183|S191,2024-01-05T11:15:36,skill_context,0,,,
H02383,U0477,C255,I011,F009,O046,S001|S005|S028|S120|S152|S183,2024-01-05T12:20:51,supply_context,0,,,
H00918,U0184,C156,I005,F008,O043,S058|S070|S124|S134|S138|S163|S168|S027,2024-01-05T12:38:44,collaboration_context,1,Manufacturing,Upstream,Path_F
H05448,U1090,C010,I001,F017,O087,S064|S081|S126|S175|S237,2024-01-05T14:06:54,collaboration_context,0,,,
H06118,U1224,C108,I024,F001,O004,S034|S039|S047|S144|S157|S183|S202|S234,2024-01-05T15:43:16,supply_context,1,Distribution,Downstream,Path_D
H06813,U1363,C310,I016,F010,O051,S021|S067|S083|S094|S103|S116|S139|S184,2024-01-05T16:31:15,work_context,0,,,
H00943,U0189,C150,I001,F012,O061,S099|S139|S162|S206|S218|S240,2024-01-05T16:40:45,skill_context,0,,,
H02313,U0463,C049,I006,F005,O027,S001|S073|S090|S128|S149|S236,2024-01-05T17:49:51,supply_context,0,,,
H05703,U1141,C136,I023,F013,O068,S045|S080|S105|S130|S133|S184,2024-01-05T19:51:34,work_context,1,Manufacturing,Downstream,Path_G
H04578,U0916,C003,I003,F007,O035,S002|S037|S059|S157|S161|S162|S210|S234,2024-01-05T20:28:10,supply_context,1,Manufacturing,Upstream,Path_K
H07018,U1404,C185,I021,F013,O070,S058|S116|S121|S138|S158|S049,2024-01-05T21:20:50,skill_context,0,,,
H01043,U0209,C032,I011,F008,O039,S008|S116|S143|S196|S237|S209,2024-01-05T21:24:51,skill_context,1,Distribution,Upstream,Path_H
H05403,U1081,C088,I009,F017,O091,S038|S059|S063|S070|S093|S115|S208|S213,2024-01-05T21:49:56,work_context,0,,,
H01798,U0360,C211,I004,F013,O065,S028|S088|S104|S108|S158|S091,2024-01-05T23:33:01,work_context,0,,,
H05813,U1163,C029,I003,F003,O012,S040|S045|S054|S064|S128|S111,2024-01-06T00:09:57,work_context,1,Procurement,Midstream,Path_L
H04363,U0873,C042,I020,F005,O023,S016|S024|S068|S128|S160|S167|S181|S185,2024-01-06T01:01:34,supply_context,0,,,
H00863,U0173,C124,I001,F014,O075,S049|S074|S111|S178|S203|S234,2024-01-06T02:14:52,collaboration_context,0,,,
H06518,U1304,C126,I016,F005,O025,S010|S050|S059|S151|S167|S236,2024-01-06T03:18:38,skill_context,1,Manufacturing,Upstream,Path_C
H06413,U1283,C226,I008,F008,O043,S056|S111|S152|S154|S229|S001|S062|S215,2024-01-06T03:54:08,collaboration_context,0,,,
H02368,U0474,C190,I023,F015,O077,S033|S064|S079|S167|S183|S204|S205|S143,2024-01-06T04:31:39,collaboration_context,0,,,
H01948,U0390,C316,I013,F006,O032,S034|S043|S199|S209|S217|S020|S068,2024-01-06T06:22:36,skill_context,1,Procurement,Midstream,Path_A
H02103,U0421,C137,I013,F003,O014,S013|S056|S069|S102|S150|S163|S207|S238,2024-01-06T08:23:14,supply_context,1,Retail,Midstream,Path_H
H05678,U1136,C278,I004,F018,O093,S016|S022|S031|S047|S053|S151|S214,2024-01-06T08:57:10,supply_context,1,SCM,Upstream,Path_D
H01968,U0394,C088,I009,F011,O056,S017|S052|S078|S082|S154,2024-01-06T09:42:36,skill_context,1,Manufacturing,Midstream,Path_H
H00723,U0145,C288,I014,F002,O010,S026|S069|S074|S112|S130|S173|S082,2024-01-06T10:04:54,supply_context,0,,,
H02348,U0470,C172,I010,F014,O072,S098|S099|S123|S184|S207,2024-01-06T13:10:09,work_context,0,,,
H01668,U0334,C139,I008,F014,O073,S008|S011|S020|S062|S111|S202|S232|S236,2024-01-06T14:33:40,collaboration_context,1,Distribution,Midstream,Path_H
H06853,U1371,C255,I011,F006,O032,S070|S113|S145|S205|S239,2024-01-06T16:03:32,supply_context,0,,,
H04063,U0813,C101,I007,F018,O096,S034|S049|S083|S087|S130|S143|S187,2024-01-06T17:20:15,collaboration_context,0,,,
H04338,U0868,C050,I013,F008,O042,S143|S144|S151|S192|S238|S043,2024-01-06T17:44:05,skill_context,0,,,
H06548,U1310,C291,I024,F011,O058,S036|S047|S090|S096|S163|S169,2024-01-06T18:54:05,skill_context,1,Supplier Management,Upstream,Path_F
H00138,U0028,C218,I021,F010,O052,S052|S072|S175|S177|S211,2024-01-06T20:13:44,work_context,0,,,
H05883,U1177,C245,I003,F007,O036,S049|S073|S108|S114|S140|S159|S184|S195,2024-01-06T20:17:04,collaboration_context,0,,,
H06373,U1275,C161,I009,F017,O088,S021|S026|S056|S073|S130|S171|S222,2024-01-06T20:27:28,collaboration_context,0,,,
H03173,U0635,C160,I005,F008,O041,S084|S121|S133|S167|S214|S217|S233,2024-01-06T20:27:53,supply_context,0,,,
H04763,U0953,C268,I002,F012,O064,S002|S030|S040|S064|S093|S154,2024-01-06T21:30:44,skill_context,0,,,
H02603,U0521,C014,I007,F018,O095,S001|S016|S022|S088|S093|S158|S189,2024-01-06T23:07:31,skill_context,1,Logistics,Upstream,Path_E
H03223,U0645,C259,I009,F012,O061,S014|S020|S071|S083|S119,2024-01-06T23:43:13,work_context,1,SCM,Upstream,Path_I
H01148,U0230,C272,I024,F015,O079,S028|S032|S041|S081|S164,2024-01-07T00:32:07,supply_context,1,Retail,Downstream,Path_F
H05633,U1127,C040,I007,F013,O069,S049|S053|S093|S124|S160|S229|S068|S238,2024-01-07T02:42:25,supply_context,1,Supplier Management,Downstream,Path_B
H03018,U0604,C133,I021,F012,O063,S054|S071|S141|S147|S156|S163|S213|S134,2024-01-07T03:01:29,collaboration_context,1,Procurement,Downstream,Path_F
H01463,U0293,C226,I008,F008,O041,S010|S088|S103|S126|S235,2024-01-07T03:16:42,collaboration_context,1,Manufacturing,Downstream,Path_D
H05623,U1125,C162,I001,F013,O068,S016|S080|S129|S139|S228,2024-01-07T04:32:06,work_context,0,,,
H06008,U1202,C101,I007,F018,O093,S003|S022|S030|S144|S147|S096,2024-01-07T05:19:53,work_context,1,Distribution,Upstream,Path_D
H03448,U0690,C233,I006,F014,O071,S025|S027|S055|S071|S083|S174|S202|S205,2024-01-07T07:11:46,supply_context,0,,,
H05833,U1167,C139,I008,F010,O054,S021|S029|S039|S080|S099|S199|S222|S224,2024-01-07T09:19:57,skill_context,1,SCM,Downstream,Path_F
H05073,U1015,C257,I006,F010,O052,S017|S044|S063|S098|S111|S133|S166,2024-01-07T10:19:58,work_context,0,,,
H01123,U0225,C229,I019,F002,O011,S002|S039|S043|S070|S128|S178|S202|S088,2024-01-07T10:55:09,work_context,0,,,
H02968,U0594,C024,I001,F012,O064,S004|S005|S119|S168|S207,2024-01-07T12:04:17,skill_context,1,Distribution,Upstream,Path_G
H00428,U0086,C047,I012,F010,O050,S026|S031|S036|S047|S167|S213|S006,2024-01-07T12:13:50,work_context,1,Manufacturing,Downstream,Path_A
H06973,U1395,C082,I015,F006,O030,S001|S046|S096|S155|S186,2024-01-07T12:14:03,supply_context,0,,,
H02278,U0456,C213,I020,F015,O079,S033|S103|S104|S122|S144|S205,2024-01-07T12:29:41,work_context,1,Manufacturing,Midstream,Path_H
H02928,U0586,C196,I016,F013,O066,S068|S069|S216|S223|S234,2024-01-07T14:19:31,collaboration_context,1,Supplier Management,Midstream,Path_A
H04683,U0937,C020,I004,F005,O023,S010|S024|S043|S103|S104|S231|S235|S209,2024-01-07T15:10:48,supply_context,0,,,
H06708,U1342,C033,I024,F017,O090,S009|S025|S091|S153|S160|S174,2024-01-07T16:21:41,supply_context,0,,,
H04598,U0920,C297,I023,F010,O054,S049|S081|S101|S114|S132|S170|S194|S236,2024-01-07T16:21:46,supply_context,0,,,
H03153,U0631,C023,I015,F008,O039,S022|S087|S099|S168|S169|S224|S227,2024-01-07T16:24:59,work_context,1,Procurement,Upstream,Path_A
H00633,U0127,C218,I021,F004,O018,S090|S098|S173|S191|S194|S195|S210|S225,2024-01-07T16:36:18,supply_context,0,,,
H00873,U0175,C269,I019,F001,O002,S002|S058|S102|S111|S173|S174|S191|S118,2024-01-07T17:25:01,supply_context,0,,,
H05208,U1042,C209,I019,F005,O023,S031|S033|S085|S101|S103|S206|S215,2024-01-07T18:55:18,work_context,1,SCM,Downstream,Path_G
H05958,U1192,C158,I014,F002,O007,S014|S049|S115|S144|S168|S187|S222,2024-01-07T20:32:41,collaboration_context,0,,,
H03103,U0621,C158,I014,F011,O056,S053|S057|S116|S148|S209|S218,2024-01-07T21:30:56,collaboration_context,1,Retail,Midstream,Path_H
H04278,U0856,C102,I009,F015,O079,S017|S018|S060|S066|S080|S095|S131|S138,2024-01-07T21:50:33,supply_context,1,Manufacturing,Midstream,Path_E
H00613,U0123,C212,I016,F003,O012,S015|S073|S098|S112|S137|S140|S182|S224,2024-01-07T21:56:29,collaboration_context,1,Procurement,Downstream,Path_G
H03218,U0644,C143,I014,F008,O040,S111|S133|S153|S173|S178|S028|S239,2024-01-08T02:09:03,supply_context,1,Manufacturing,Downstream,Path_L
H06213,U1243,C302,I007,F004,O021,S013|S110|S143|S173|S192|S196|S237|S122,2024-01-08T02:17:44,skill_context,1,Retail,Midstream,Path_G
H03648,U0730,C223,I012,F001,O004,S061|S103|S131|S134|S154|S169|S238,2024-01-08T02:25:53,skill_context,1,Procurement,Downstream,Path_A
H02208,U0442,C300,I002,F018,O092,S039|S050|S157|S199|S210|S166,2024-01-08T02:36:41,collaboration_context,1,Procurement,Downstream,Path_B
H02593,U0519,C087,I011,F009,O045,S038|S106|S143|S168|S174|S180|S061,2024-01-08T03:51:32,collaboration_context,0,,,
H02503,U0501,C278,I004,F005,O023,S001|S029|S039|S042|S085|S101|S208,2024-01-08T05:32:33,supply_context,0,,,
H02833,U0567,C100,I005,F011,O057,S029|S056|S070|S127|S131|S226,2024-01-08T08:30:27,collaboration_context,1,Manufacturing,Midstream,Path_I
H04498,U0900,C119,I013,F017,O088,S089|S146|S175|S180|S209,2024-01-08T08:30:43,supply_context,1,SCM,Midstream,Path_B
H04123,U0825,C109,I014,F003,O013,S054|S064|S112|S122|S150|S192|S206|S231,2024-01-08T08:58:12,skill_context,1,Distribution,Downstream,Path_C
H00998,U0200,C016,I006,F013,O067,S075|S107|S125|S137|S147|S179|S212,2024-01-08T10:18:56,supply_context,0,,,
H00703,U0141,C183,I006,F005,O023,S032|S043|S064|S086|S154|S171|S108,2024-01-08T13:00:03,collaboration_context,0,,,
H02848,U0570,C276,I010,F010,O053,S087|S152|S181|S185|S190|S207|S183,2024-01-08T13:47:40,collaboration_context,1,Procurement,Downstream,Path_H
H00093,U0019,C224,I004,F001,O001,S015|S088|S128|S181|S223|S002,2024-01-08T13:53:01,supply_context,0,,,
H04198,U0840,C234,I015,F003,O013,S015|S016|S144|S188|S214,2024-01-08T14:10:20,collaboration_context,1,Logistics,Midstream,Path_K
H01743,U0349,C146,I017,F015,O079,S056|S143|S165|S167|S197|S228,2024-01-08T15:09:00,supply_context,1,Retail,Upstream,Path_B
H01278,U0256,C024,I001,F017,O091,S083|S118|S126|S169|S211,2024-01-08T15:10:35,work_context,0,,,
H02008,U0402,C121,I001,F010,O052,S064|S094|S183|S187|S238|S158|S111,2024-01-08T17:17:24,skill_context,0,,,
H03963,U0793,C243,I008,F006,O029,S005|S059|S067|S098|S099|S120|S121|S184,2024-01-08T19:11:40,work_context,0,,,
H04228,U0846,C198,I002,F010,O051,S043|S085|S158|S163|S230|S019,2024-01-08T19:56:04,collaboration_context,0,,,
H03033,U0607,C145,I012,F018,O092,S034|S071|S076|S099|S108|S117,2024-01-08T20:42:36,collaboration_context,0,,,
H05618,U1124,C043,I019,F008,O041,S073|S125|S145|S146|S167|S029,2024-01-08T21:36:51,collaboration_context,1,SCM,Midstream,Path_G
H05768,U1154,C022,I010,F004,O022,S101|S112|S119|S152|S183|S234,2024-01-08T22:50:23,skill_context,0,,,
H02438,U0488,C063,I003,F010,O054,S025|S040|S089|S145|S159|S219|S221|S191,2024-01-08T23:08:31,skill_context,0,,,
H01868,U0374,C257,I006,F017,O087,S009|S031|S043|S087|S113|S175,2024-01-09T00:16:28,collaboration_context,0,,,
H06448,U1290,C258,I010,F012,O063,S018|S059|S071|S086|S095|S124|S238,2024-01-09T00:47:17,skill_context,0,,,
H03423,U0685,C246,I024,F018,O093,S015|S018|S027|S048|S092|S207|S116,2024-01-09T02:29:19,supply_context,0,,,
H06653,U1331,C216,I010,F001,O003,S003|S017|S018|S068|S182|S225|S229|S236,2024-01-09T03:24:02,skill_context,1,SCM,Downstream,Path_A
H00213,U0043,C072,I010,F016,O084,S024|S082|S100|S176|S178|S202|S240|S160,2024-01-09T06:00:33,work_context,0,,,
H02308,U0462,C236,I023,F001,O003,S063|S101|S137|S148|S233,2024-01-09T06:44:41,supply_context,1,Retail,Upstream,Path_C
H02358,U0472,C222,I003,F003,O014,S002|S113|S160|S187|S229|S183|S194,2024-01-09T07:29:10,collaboration_context,0,,,
H01053,U0211,C130,I014,F008,O042,S027|S064|S119|S194|S214,2024-01-09T07:37:12,skill_context,1,Manufacturing,Upstream,Path_J
H03838,U0768,C291,I024,F010,O053,S014|S122|S138|S199|S215,2024-01-09T07:50:09,collaboration_context,1,Supplier Management,Upstream,Path_I
H00728,U0146,C224,I004,F012,O061,S073|S075|S104|S112|S133|S155|S218,2024-01-09T07:52:51,collaboration_context,0,,,
H06263,U1253,C096,I017,F005,O025,S032|S046|S089|S131|S181|S223|S230|S133,2024-01-09T08:06:40,supply_context,0,,,
H02528,U0506,C089,I007,F011,O057,S012|S054|S097|S141|S231|S077,2024-01-09T09:09:50,work_context,0,,,
H02243,U0449,C005,I018,F003,O012,S001|S026|S112|S187|S200|S217|S226|S048,2024-01-09T09:18:25,skill_context,0,,,
H03773,U0755,C282,I017,F017,O088,S039|S051|S111|S122|S136|S219|S229|S230,2024-01-09T11:04:58,work_context,0,,,
H06418,U1284,C198,I002,F010,O053,S004|S028|S039|S078|S083|S108|S196,2024-01-09T12:12:44,collaboration_context,1,Procurement,Downstream,Path_J
H01058,U0212,C157,I001,F001,O006,S006|S035|S144|S153|S193|S220|S161,2024-01-09T12:20:39,supply_context,1,Procurement,Downstream,Path_H
H02508,U0502,C099,I020,F014,O073,S023|S025|S034|S059|S071|S080|S113|S201,2024-01-09T15:28:24,supply_context,0,,,
H06143,U1229,C252,I024,F014,O071,S054|S119|S189|S195|S198|S199|S130|S050,2024-01-09T15:29:48,supply_context,0,,,
H00483,U0097,C043,I019,F006,O031,S006|S044|S067|S073|S103|S164|S223|S133,2024-01-09T15:32:32,skill_context,1,SCM,Upstream,Path_I
H00003,U0001,C040,I007,F003,O013,S033|S043|S095|S107|S155|S199|S220|S233,2024-01-09T17:03:42,supply_context,0,,,
H03458,U0692,C180,I005,F001,O001,S015|S024|S028|S077|S096|S187|S195|S234,2024-01-09T18:05:12,collaboration_context,1,Distribution,Midstream,Path_A
H01933,U0387,C223,I012,F005,O026,S004|S034|S067|S145|S198|S206|S011|S097,2024-01-09T19:44:47,skill_context,0,,,
H02963,U0593,C020,I004,F006,O032,S007|S048|S058|S117|S136|S190,2024-01-09T19:57:10,supply_context,0,,,
H02488,U0498,C286,I009,F009,O044,S007|S022|S034|S101|S169|S173,2024-01-09T22:38:54,collaboration_context,1,Distribution,Upstream,Path_D
H05483,U1097,C257,I006,F012,O061,S120|S160|S167|S179|S190|S220,2024-01-09T23:07:59,skill_context,0,,,
H04668,U0934,C103,I011,F011,O056,S004|S025|S057|S065|S176|S206|S217,2024-01-10T01:08:56,collaboration_context,0,,,
H03043,U0609,C165,I017,F011,O058,S088|S157|S161|S180|S224|S238,2024-01-10T01:57:49,skill_context,1,Procurement,Midstream,Path_I
H04913,U0983,C007,I017,F015,O079,S115|S132|S155|S163|S195|S233|S024,2024-01-10T02:08:48,supply_context,0,,,
H04558,U0912,C248,I020,F016,O086,S008|S052|S085|S218|S238,2024-01-10T02:50:50,skill_context,0,,,
H06608,U1322,C035,I013,F004,O021,S020|S032|S112|S113|S132|S188|S203|S204,2024-01-10T04:31:40,skill_context,0,,,
H04398,U0880,C220,I006,F014,O073,S036|S085|S091|S102|S226|S170|S139,2024-01-10T05:10:06,supply_context,1,Procurement,Upstream,Path_C
H01093,U0219,C012,I005,F011,O058,S002|S026|S031|S078|S082|S201|S203|S040,2024-01-10T05:27:18,supply_context,1,Logistics,Upstream,Path_I
H01563,U0313,C049,I006,F012,O061,S028|S067|S119|S127|S149|S173|S193|S204,2024-01-10T06:39:07,skill_context,0,,,
H06468,U1294,C097,I007,F013,O070,S078|S084|S086|S154|S170,2024-01-10T07:03:11,collaboration_context,1,Manufacturing,Upstream,Path_I
H06968,U1394,C027,I021,F018,O092,S015|S017|S035|S079|S130|S162|S194|S203,2024-01-10T07:20:07,skill_context,0,,,
H02318,U0464,C079,I021,F010,O051,S004|S033|S130|S156|S166|S169|S180|S227,2024-01-10T08:39:01,collaboration_context,0,,,
H06203,U1241,C141,I019,F001,O004,S102|S123|S161|S189|S215|S198,2024-01-10T09:25:49,collaboration_context,1,Logistics,Downstream,Path_H
H03533,U0707,C125,I007,F008,O043,S004|S005|S055|S059|S136|S149|S225|S099,2024-01-10T10:03:28,supply_context,0,,,
H05118,U1024,C047,I012,F013,O069,S034|S049|S053|S104|S196,2024-01-10T10:10:14,skill_context,0,,,
H01533,U0307,C169,I011,F003,O013,S068|S085|S093|S101|S134|S156|S217|S223,2024-01-10T10:15:09,work_context,0,,,
H05278,U1056,C190,I023,F017,O088,S013|S109|S111|S152|S156|S187,2024-01-10T11:02:23,skill_context,0,,,
H02598,U0520,C104,I024,F006,O032,S027|S051|S052|S137|S182|S194|S234|S207,2024-01-10T11:16:48,work_context,1,Retail,Downstream,Path_K
H02973,U0595,C264,I021,F001,O005,S082|S093|S110|S125|S129|S180|S103,2024-01-10T11:20:52,collaboration_context,1,Manufacturing,Midstream,Path_K
H02878,U0576,C087,I011,F013,O067,S037|S047|S058|S061|S082|S217,2024-01-10T11:28:24,work_context,1,Logistics,Upstream,Path_J
H05708,U1142,C257,I006,F012,O060,S029|S059|S060|S062|S145|S146|S183|S224,2024-01-10T12:11:56,supply_context,0,,,
H01558,U0312,C201,I014,F012,O063,S022|S024|S086|S103|S114|S236,2024-01-10T12:36:31,skill_context,0,,,
H05528,U1106,C297,I023,F011,O055,S020|S031|S033|S058|S074|S136,2024-01-10T12:47:00,work_context,1,Supplier Management,Upstream,Path_F
H03228,U0646,C298,I012,F004,O018,S054|S065|S076|S123|S183|S187|S059,2024-01-10T13:02:08,collaboration_context,0,,,
H04818,U0964,C289,I018,F013,O068,S009|S013|S074|S122|S129|S173|S188|S230,2024-01-10T13:10:06,supply_context,0,,,
H01918,U0384,C133,I021,F008,O041,S004|S010|S068|S186|S207,2024-01-10T16:23:27,supply_context,0,,,
H00598,U0120,C080,I024,F014,O075,S034|S076|S092|S102|S142|S197|S218|S236,2024-01-10T16:25:57,collaboration_context,0,,,
H00523,U0105,C149,I009,F002,O008,S033|S042|S075|S076|S142|S154|S221|S227,2024-01-10T16:39:52,supply_context,0,,,
H00818,U0164,C171,I018,F008,O042,S036|S040|S041|S087|S141|S159|S204,2024-01-10T18:13:49,supply_context,1,Manufacturing,Downstream,Path_D
H06313,U1263,C050,I013,F017,O091,S008|S049|S127|S128|S159|S199,2024-01-11T04:47:36,skill_context,1,Logistics,Upstream,Path_I
H01478,U0296,C106,I021,F002,O010,S035|S038|S080|S104|S133|S136|S222|S229,2024-01-11T05:05:57,skill_context,0,,,
H06258,U1252,C144,I006,F004,O020,S003|S013|S046|S101|S202|S228|S233|S234,2024-01-11T06:01:03,supply_context,0,,,
H06233,U1247,C154,I022,F015,O077,S020|S028|S046|S075|S112|S126|S164|S194,2024-01-11T08:31:33,collaboration_context,1,Retail,Midstream,Path_K
H02403,U0481,C160,I005,F018,O095,S034|S035|S044|S047|S074|S087|S132|S187,2024-01-11T09:07:53,work_context,1,Distribution,Midstream,Path_L
H02473,U0495,C067,I002,F016,O084,S027|S046|S152|S162|S166|S170|S232|S008,2024-01-11T09:43:27,supply_context,1,Logistics,Downstream,Path_C
H00338,U0068,C217,I007,F014,O072,S004|S009|S042|S140|S188|S216|S227|S052,2024-01-11T10:41:13,collaboration_context,0,,,
H00068,U0014,C142,I010,F010,O052,S027|S031|S084|S144|S148|S153|S204|S225,2024-01-11T10:46:52,collaboration_context,0,,,
H00363,U0073,C302,I007,F013,O066,S044|S058|S103|S112|S123|S127|S148|S165,2024-01-11T11:56:16,work_context,0,,,
H03083,U0617,C176,I007,F016,O081,S018|S024|S089|S110|S141|S187|S202,2024-01-11T13:45:25,collaboration_context,0,,,
H03878,U0776,C113,I004,F014,O074,S047|S102|S114|S153|S211|S216|S235|S041,2024-01-11T14:10:38,skill_context,1,Logistics,Downstream,Path_B
H03613,U0723,C279,I021,F015,O077,S048|S128|S163|S186|S209|S109,2024-01-11T14:20:33,collaboration_context,0,,,
H02653,U0531,C166,I018,F010,O053,S047|S129|S167|S186|S200|S206|S231,2024-01-11T15:10:24,skill_context,0,,,
H02883,U0577,C015,I001,F012,O062,S033|S077|S090|S103|S155|S156|S221|S225,2024-01-11T16:53:22,work_context,1,Procurement,Upstream,Path_E
H00983,U0197,C158,I014,F011,O055,S042|S043|S053|S071|S119|S158|S221|S229,2024-01-11T16:56:44,skill_context,0,,,
H05428,U1086,C214,I022,F011,O056,S033|S060|S078|S086|S127|S130,2024-01-11T17:14:06,work_context,1,SCM,Midstream,Path_D
H00288,U0058,C222,I003,F004,O017,S034|S074|S075|S089|S197,2024-01-11T19:19:33,skill_context,1,Manufacturing,Midstream,Path_F
H06093,U1219,C072,I010,F008,O041,S018|S090|S148|S161|S171|S017|S095,2024-01-11T21:33:45,skill_context,0,,,
H03803,U0761,C305,I018,F010,O054,S006|S024|S071|S181|S208|S033,2024-01-11T21:41:34,collaboration_context,0,,,
H02643,U0529,C136,I023,F010,O049,S049|S053|S091|S146|S175|S219|S023,2024-01-11T22:15:45,supply_context,1,SCM,Downstream,Path_I
H06268,U1254,C315,I003,F007,O037,S036|S053|S064|S109|S127|S188|S196|S238,2024-01-12T00:22:36,supply_context,0,,,
H01288,U0258,C234,I015,F017,O087,S025|S078|S082|S100|S117|S122|S201|S224,2024-01-12T01:08:35,work_context,1,Manufacturing,Upstream,Path_F
H04273,U0855,C211,I004,F005,O024,S025|S050|S065|S100|S144|S190|S233|S060,2024-01-12T02:06:39,collaboration_context,0,,,
H01163,U0233,C245,I003,F018,O092,S011|S060|S102|S150|S227,2024-01-12T02:20:34,work_context,1,Retail,Downstream,Path_B
H05653,U1131,C204,I016,F015,O079,S006|S016|S063|S086|S143|S168,2024-01-12T02:33:42,supply_context,0,,,
H03198,U0640,C303,I008,F013,O066,S054|S154|S194|S200|S236,2024-01-12T03:19:16,collaboration_context,0,,,
H01583,U0317,C029,I003,F014,O071,S081|S121|S146|S172|S198|S227|S001|S079,2024-01-12T09:32:59,supply_context,0,,,
H04438,U0888,C034,I009,F017,O090,S003|S039|S101|S134|S165|S008|S120,2024-01-12T09:50:02,skill_context,0,,,
H02743,U0549,C145,I012,F010,O049,S014|S045|S061|S069|S133|S180|S198,2024-01-12T10:39:33,skill_context,0,,,
H02373,U0475,C207,I008,F002,O010,S001|S024|S103|S120|S144|S178|S099|S073,2024-01-12T10:46:09,collaboration_context,1,Retail,Midstream,Path_B
H00783,U0157,C006,I023,F015,O079,S010|S015|S049|S129|S146|S162|S196|S212,2024-01-12T10:49:45,skill_context,0,,,
H04933,U0987,C098,I012,F007,O037,S041|S084|S111|S126|S151|S156|S222|S235,2024-01-12T11:27:23,work_context,1,Distribution,Downstream,Path_E
H02158,U0432,C027,I021,F017,O089,S046|S054|S165|S170|S187|S230|S144,2024-01-12T12:06:46,supply_context,0,,,
H04718,U0944,C132,I019,F007,O035,S011|S055|S128|S154|S171|S238|S010,2024-01-12T12:22:05,supply_context,0,,,
H00148,U0030,C222,I003,F014,O072,S099|S107|S123|S169|S170|S222|S031,2024-01-12T12:45:14,skill_context,0,,,
H03463,U0693,C309,I020,F007,O037,S043|S121|S130|S163|S193|S231|S038,2024-01-12T14:47:19,skill_context,0,,,
H04883,U0977,C194,I010,F014,O072,S065|S068|S110|S160|S195|S196|S197|S199,2024-01-12T15:05:50,collaboration_context,0,,,
H01003,U0201,C181,I012,F007,O034,S018|S037|S059|S108|S175|S208|S214|S236,2024-01-12T15:40:44,supply_context,0,,,
H02533,U0507,C218,I021,F012,O063,S095|S197|S216|S222|S230,2024-01-12T16:23:22,skill_context,1,Manufacturing,Midstream,Path_F
H05333,U1067,C289,I018,F014,O073,S004|S027|S056|S061|S177|S178|S182|S194,2024-01-12T18:43:10,collaboration_context,0,,,
H00843,U0169,C040,I007,F016,O085,S009|S050|S073|S120|S131|S138|S149|S219,2024-01-12T18:53:34,work_context,0,,,
H03918,U0784,C221,I019,F012,O062,S003|S021|S063|S161|S189|S212|S236,2024-01-12T22:08:31,supply_context,1,Supplier Management,Upstream,Path_G
H02093,U0419,C018,I020,F006,O028,S013|S022|S062|S094|S099|S171|S178,2024-01-12T22:47:32,skill_context,0,,,
H05383,U1077,C033,I024,F011,O057,S021|S027|S091|S179|S215|S239,2024-01-13T01:24:47,supply_context,0,,,
H05353,U1071,C176,I007,F018,O094,S015|S022|S044|S055|S149|S152|S186,2024-01-13T02:01:03,supply_context,1,Logistics,Downstream,Path_I
H03133,U0627,C005,I018,F002,O007,S005|S020|S075|S148|S182|S186|S215,2024-01-13T02:02:01,supply_context,1,Retail,Midstream,Path_J
H01553,U0311,C222,I003,F003,O014,S028|S051|S111|S169|S208,2024-01-13T03:00:49,supply_context,1,SCM,Downstream,Path_F
H03828,U0766,C233,I006,F015,O079,S009|S015|S018|S022|S047|S171|S194|S196,2024-01-13T04:01:17,supply_context,1,SCM,Midstream,Path_F
H04298,U0860,C168,I023,F001,O006,S024|S064|S086|S106|S148|S169|S193|S203,2024-01-13T04:43:57,skill_context,0,,,
H00953,U0191,C284,I016,F016,O085,S016|S019|S048|S049|S173|S180|S229|S055,2024-01-13T05:32:36,skill_context,0,,,
H00368,U0074,C187,I002,F018,O092,S050|S095|S107|S216|S221|S020|S091,2024-01-13T06:23:09,collaboration_context,0,,,
H00353,U0071,C216,I010,F016,O085,S071|S120|S175|S194|S219,2024-01-13T10:29:53,supply_context,0,,,
H06283,U1257,C250,I012,F008,O042,S036|S089|S102|S121|S159|S180|S194|S222,2024-01-13T11:19:10,work_context,1,Supplier Management,Downstream,Path_A
H05393,U1079,C102,I009,F003,O015,S003|S021|S070|S158|S208|S211|S217|S084,2024-01-13T12:26:32,skill_context,0,,,
H02868,U0574,C005,I018,F009,O045,S065|S083|S123|S187|S210|S221,2024-01-13T12:49:33,skill_context,1,SCM,Midstream,Path_I
H05318,U1064,C064,I005,F016,O086,S009|S022|S027|S032|S069|S130|S162|S187,2024-01-13T14:14:15,supply_context,0,,,
H06648,U1330,C146,I017,F003,O016,S068|S092|S109|S115|S132|S146|S147|S238,2024-01-13T14:52:01,skill_context,0,,,
H02083,U0417,C003,I003,F017,O089,S001|S026|S062|S092|S119|S128|S153|S231,2024-01-13T15:19:06,supply_context,0,,,
H06388,U1278,C168,I023,F015,O079,S014|S057|S074|S105|S145|S186|S190|S217,2024-01-13T16:34:06,work_context,0,,,
H06348,U1270,C055,I023,F010,O049,S001|S024|S046|S079|S081|S110|S112|S160,2024-01-13T19:55:37,supply_context,0,,,
H06038,U1208,C308,I012,F010,O049,S021|S025|S077|S149|S181|S197|S217|S218,2024-01-13T20:36:21,collaboration_context,0,,,
H04093,U0819,C027,I021,F007,O033,S018|S027|S049|S114|S134|S139|S181,2024-01-13T20:51:53,supply_context,0,,,
H00848,U0170,C096,I017,F003,O014,S044|S057|S152|S204|S211,2024-01-14T01:21:44,skill_context,1,Procurement,Downstream,Path_G
H05033,U1007,C055,I023,F007,O033,S067|S068|S131|S194|S204|S232|S223,2024-01-14T02:52:10,work_context,1,Retail,Midstream,Path_G
H03638,U0728,C127,I004,F005,O023,S015|S062|S064|S065|S072|S167|S185|S131,2024-01-14T04:56:28,supply_context,1,Distribution,Upstream,Path_D
H04333,U0867,C049,I006,F017,O090,S004|S014|S030|S153|S190|S192|S193|S240,2024-01-14T06:14:46,supply_context,0,,,
H02003,U0401,C265,I014,F006,O032,S057|S059|S061|S099|S147|S179|S219|S226,2024-01-14T06:24:49,skill_context,1,Manufacturing,Upstream,Path_J
H00268,U0054,C175,I008,F007,O036,S064|S069|S090|S140|S232|S191,2024-01-14T06:36:07,skill_context,0,,,
H05148,U1030,C133,I021,F004,O017,S105|S117|S128|S132|S182|S183|S239|S198,2024-01-14T08:26:16,work_context,0,,,
H04253,U0851,C154,I022,F002,O009,S004|S020|S046|S171|S187|S227,2024-01-14T09:18:28,work_context,0,,,
H06938,U1388,C231,I015,F008,O040,S056|S095|S103|S158|S210|S214|S237|S065,2024-01-14T09:34:16,collaboration_context,1,Manufacturing,Downstream,Path_J
H04468,U0894,C199,I021,F018,O095,S018|S090|S173|S181|S194|S219,2024-01-14T09:35:12,collaboration_context,1,Manufacturing,Midstream,Path_A
H06883,U1377,C107,I006,F008,O040,S053|S068|S082|S105|S185|S198,2024-01-14T10:44:02,skill_context,0,,,
H06893,U1379,C226,I008,F011,O056,S002|S010|S128|S194|S213|S240,2024-01-14T11:25:12,supply_context,0,,,
H01788,U0358,C112,I008,F012,O063,S048|S097|S173|S177|S193|S209|S212|S169,2024-01-14T12:08:23,skill_context,0,,,
H01543,U0309,C006,I023,F009,O045,S015|S019|S035|S070|S129|S155|S230|S240,2024-01-14T12:12:31,skill_context,0,,,
H03008,U0602,C079,I021,F010,O049,S077|S108|S130|S156|S159|S174|S180,2024-01-14T14:09:48,work_context,0,,,
H06108,U1222,C097,I007,F018,O095,S001|S032|S054|S056|S073|S096|S163,2024-01-14T14:39:34,skill_context,1,Manufacturing,Midstream,Path_L
H03073,U0615,C062,I010,F005,O024,S006|S042|S045|S125|S186|S214|S234,2024-01-14T14:47:57,collaboration_context,0,,,
H05473,U1095,C019,I018,F010,O053,S015|S032|S094|S120|S121|S158|S231,2024-01-14T14:50:12,work_context,0,,,
H04323,U0865,C208,I009,F003,O015,S007|S067|S076|S157|S179|S181|S232,2024-01-14T16:01:25,collaboration_context,0,,,
H03693,U0739,C135,I017,F007,O033,S006|S019|S080|S187|S208|S236|S210,2024-01-14T16:10:50,collaboration_context,0,,,
H05773,U1155,C165,I017,F017,O089,S031|S045|S048|S070|S118|S186|S125,2024-01-14T17:18:48,supply_context,0,,,
H05243,U1049,C236,I023,F005,O027,S007|S008|S012|S090|S113|S191|S214|S178,2024-01-14T17:31:32,supply_context,1,Manufacturing,Downstream,Path_L
H06478,U1296,C177,I005,F005,O023,S031|S074|S113|S171|S172|S209|S190|S143,2024-01-14T18:09:20,supply_context,0,,,
H00253,U0051,C099,I020,F001,O003,S063|S084|S092|S134|S173|S189,2024-01-14T18:12:32,collaboration_context,1,Logistics,Downstream,Path_L
H02728,U0546,C093,I002,F013,O065,S040|S047|S069|S101|S106|S164|S175|S231,2024-01-14T19:53:24,work_context,1,Logistics,Upstream,Path_D
H02673,U0535,C192,I010,F014,O075,S031|S037|S061|S082|S116,2024-01-14T20:52:33,collaboration_context,1,Procurement,Downstream,Path_B
H04128,U0826,C204,I016,F018,O092,S039|S084|S105|S184|S224,2024-01-14T22:04:57,collaboration_context,0,,,
H00108,U0022,C083,I024,F008,O042,S002|S051|S089|S162|S174|S198|S200,2024-01-14T23:20:44,supply_context,1,Distribution,Downstream,Path_J
H05603,U1121,C097,I007,F007,O033,S041|S111|S203|S210|S212,2024-01-14T23:43:14,work_context,0,,,
H06933,U1387,C159,I002,F011,O056,S027|S044|S090|S142|S193|S038|S146|S009,2024-01-15T05:30:03,work_context,0,,,
H00518,U0104,C275,I008,F007,O034,S066|S099|S122|S132|S230,2024-01-15T06:32:01,skill_context,0,,,
H02548,U0510,C313,I015,F002,O007,S033|S041|S059|S077|S109|S162|S165|S168,2024-01-15T06:45:37,skill_context,0,,,
H00298,U0060,C222,I003,F012,O062,S064|S083|S087|S111|S125|S113,2024-01-15T07:16:56,supply_context,0,,,
H06928,U1386,C117,I021,F004,O022,S014|S018|S114|S144|S153|S164|S081,2024-01-15T08:03:38,supply_context,1,Retail,Midstream,Path_E
H02413,U0483,C159,I002,F003,O013,S026|S082|S171|S209|S224,2024-01-15T08:23:04,skill_context,0,,,
H03528,U0706,C281,I008,F011,O058,S070|S098|S112|S129|S176|S186,2024-01-15T08:24:32,supply_context,1,Supplier Management,Downstream,Path_E
H05718,U1144,C163,I002,F018,O094,S005|S024|S065|S073|S109|S175|S217|S099,2024-01-15T08:26:01,work_context,0,,,
H06318,U1264,C313,I015,F002,O010,S109|S120|S131|S158|S237,2024-01-15T08:27:41,supply_context,1,Distribution,Midstream,Path_C
H03898,U0780,C028,I018,F008,O043,S012|S050|S070|S126|S139|S147|S158|S212,2024-01-15T09:12:40,collaboration_context,0,,,
H01778,U0356,C051,I019,F014,O075,S024|S072|S076|S087|S196|S213|S229,2024-01-15T10:21:03,supply_context,0,,,
H01523,U0305,C270,I003,F006,O030,S031|S035|S129|S156|S189|S196,2024-01-15T12:11:29,skill_context,1,Logistics,Midstream,Path_C
H02933,U0587,C110,I003,F016,O084,S087|S094|S114|S121|S130|S136|S163|S067,2024-01-15T12:49:54,skill_context,1,Procurement,Upstream,Path_H
H00468,U0094,C314,I022,F007,O038,S042|S050|S076|S111|S177|S232,2024-01-15T13:30:07,skill_context,0,,,
H01588,U0318,C243,I008,F016,O084,S006|S072|S078|S131|S160|S206|S218|S094,2024-01-15T14:15:57,work_context,1,SCM,Upstream,Path_D
H03373,U0675,C276,I010,F007,O038,S021|S038|S107|S115|S175|S184|S205|S217,2024-01-15T14:17:33,skill_context,0,,,
H04453,U0891,C231,I015,F008,O040,S002|S044|S054|S060|S071|S175|S230,2024-01-15T15:45:28,collaboration_context,0,,,
H04388,U0878,C201,I014,F001,O003,S018|S051|S098|S125|S213,2024-01-15T15:45:30,work_context,0,,,
H02128,U0426,C035,I013,F006,O029,S098|S102|S120|S138|S145|S185|S194|S034,2024-01-15T16:46:22,work_context,1,Manufacturing,Downstream,Path_J
H01168,U0234,C026,I012,F013,O065,S019|S029|S037|S040|S068|S113|S136,2024-01-15T16:52:55,skill_context,1,Logistics,Midstream,Path_C
H06338,U1268,C307,I023,F012,O064,S048|S118|S130|S188|S204|S214,2024-01-15T17:33:26,supply_context,1,SCM,Upstream,Path_F
H03698,U0740,C161,I009,F002,O008,S068|S081|S108|S126|S179|S221|S224|S200,2024-01-15T17:46:00,skill_context,0,,,
H05398,U1080,C244,I022,F007,O037,S125|S144|S160|S171|S178|S148,2024-01-15T19:33:06,skill_context,1,Manufacturing,Midstream,Path_E
H01098,U0220,C136,I023,F012,O063,S003|S058|S135|S151|S162|S215|S220,2024-01-15T19:58:37,supply_context,1,SCM,Midstream,Path_J
H05058,U1012,C125,I007,F016,O081,S010|S023|S033|S110|S151|S234|S158|S065,2024-01-15T20:06:10,supply_context,0,,,
H00408,U0082,C151,I020,F004,O022,S007|S010|S100|S107|S164,2024-01-15T20:20:25,work_context,0,,,
H03573,U0715,C254,I022,F008,O041,S019|S037|S071|S161|S173|S225,2024-01-15T20:47:38,collaboration_context,0,,,
H04738,U0948,C224,I004,F017,O089,S030|S040|S172|S187|S188|S198|S238,2024-01-15T22:15:40,collaboration_context,0,,,
H03203,U0641,C311,I018,F006,O031,S094|S097|S153|S154|S205|S219|S229|S232,2024-01-15T23:37:20,skill_context,0,,,
H00888,U0178,C094,I006,F014,O072,S007|S026|S047|S059|S088|S126|S216|S240,2024-01-16T01:08:44,collaboration_context,0,,,
H01818,U0364,C188,I009,F016,O082,S087|S119|S125|S163|S181,2024-01-16T01:46:25,work_context,0,,,
H05608,U1122,C040,I007,F001,O006,S096|S100|S155|S171|S239|S146|S196|S231,2024-01-16T07:04:45,skill_context,0,,,
H00493,U0099,C018,I020,F008,O042,S001|S040|S044|S069|S072|S080|S085|S143,2024-01-16T08:02:33,collaboration_context,0,,,
H03433,U0687,C243,I008,F004,O018,S007|S014|S020|S123|S124|S181|S188|S205,2024-01-16T08:50:02,skill_context,0,,,
H02763,U0553,C311,I018,F011,O059,S006|S013|S052|S099|S169|S184|S216|S221,2024-01-16T10:33:35,supply_context,1,Procurement,Upstream,Path_K
H05328,U1066,C130,I014,F014,O073,S001|S049|S097|S101|S175|S179|S196|S228,2024-01-16T13:23:26,work_context,0,,,
H03368,U0674,C217,I007,F001,O006,S047|S095|S109|S130|S153|S121,2024-01-16T14:03:21,supply_context,0,,,
H06803,U1361,C313,I015,F001,O006,S032|S133|S162|S212|S228|S035,2024-01-16T14:11:57,skill_context,1,Distribution,Upstream,Path_C
H03783,U0757,C013,I015,F006,O029,S005|S021|S041|S067|S087|S118|S158|S219,2024-01-16T15:01:11,work_context,1,Supplier Management,Downstream,Path_H
H06293,U1259,C065,I004,F015,O078,S020|S046|S069|S075|S108|S117|S157|S177,2024-01-16T15:03:27,supply_context,0,,,
H03863,U0773,C021,I006,F013,O068,S057|S058|S118|S122|S127|S153|S170|S037,2024-01-16T15:18:28,skill_context,1,SCM,Upstream,Path_F
H03353,U0671,C079,I021,F007,O036,S054|S063|S100|S126|S176|S186|S235|S239,2024-01-16T16:01:07,collaboration_context,0,,,
H01023,U0205,C291,I024,F004,O019,S073|S080|S120|S130|S142|S145|S177|S202,2024-01-16T17:03:16,collaboration_context,0,,,
H06673,U1335,C103,I011,F011,O057,S022|S064|S088|S185|S212,2024-01-16T17:59:45,supply_context,1,Retail,Midstream,Path_E
H06493,U1299,C240,I002,F004,O018,S024|S112|S135|S153|S169|S065,2024-01-16T19:22:57,work_context,1,Distribution,Midstream,Path_I
H05828,U1166,C024,I001,F005,O025,S016|S123|S134|S160|S198|S224|S083,2024-01-16T20:37:40,supply_context,0,,,
H06308,U1262,C103,I011,F017,O088,S007|S023|S031|S080|S133|S145|S116|S186,2024-01-16T21:26:34,skill_context,1,Distribution,Downstream,Path_K
H03023,U0605,C140,I022,F010,O050,S003|S047|S064|S066|S079|S123|S138|S155,2024-01-16T21:32:58,skill_context,0,,,
H01903,U0381,C046,I001,F001,O005,S002|S082|S090|S139|S142|S228|S230|S233,2024-01-16T23:32:22,supply_context,0,,,
H03593,U0719,C308,I012,F013,O068,S011|S014|S019|S052|S064|S110|S138|S228,2024-01-17T01:41:21,supply_context,0,,,
H06788,U1358,C159,I002,F011,O056,S027|S076|S098|S116|S147|S192|S130,2024-01-17T02:55:51,work_context,1,Supplier Management,Downstream,Path_I
H05138,U1028,C200,I004,F017,O089,S119|S123|S192|S215|S225|S227|S081|S091,2024-01-17T03:01:03,supply_context,0,,,
H04303,U0861,C274,I017,F004,O017,S007|S084|S091|S120|S139|S151|S211|S082,2024-01-17T04:40:00,collaboration_context,1,Retail,Downstream,Path_E
H06993,U1399,C121,I001,F013,O068,S002|S068|S106|S149|S211|S225,2024-01-17T05:52:11,collaboration_context,0,,,
H05203,U1041,C023,I015,F007,O037,S052|S053|S119|S124|S150|S232|S135,2024-01-17T08:19:07,supply_context,1,Retail,Midstream,Path_A
H04713,U0943,C139,I008,F010,O051,S009|S028|S082|S132|S142|S161|S213|S233,2024-01-17T08:35:15,skill_context,0,,,
H00853,U0171,C104,I024,F007,O036,S026|S037|S051|S169|S208|S209|S232|S237,2024-01-17T09:25:53,collaboration_context,0,,,
H06713,U1343,C153,I023,F015,O080,S034|S066|S071|S148|S152|S229|S231|S048,2024-01-17T10:12:21,collaboration_context,1,Manufacturing,Downstream,Path_E
H00603,U0121,C056,I008,F009,O046,S011|S062|S114|S137|S239,2024-01-17T11:48:51,supply_context,0,,,
H03543,U0709,C112,I008,F010,O050,S068|S077|S079|S155|S175|S202|S229|S237,2024-01-17T12:54:16,collaboration_context,0,,,
H00273,U0055,C051,I019,F001,O003,S106|S126|S141|S144|S179|S202|S217,2024-01-17T12:57:31,skill_context,0,,,
H06978,U1396,C264,I021,F017,O089,S002|S042|S051|S079|S117|S118|S209|S211,2024-01-17T12:58:02,collaboration_context,1,SCM,Midstream,Path_C
H01343,U0269,C158,I014,F014,O073,S008|S064|S086|S126|S145|S153|S213,2024-01-17T14:05:30,work_context,0,,,
H02958,U0592,C105,I005,F005,O026,S002|S028|S031|S155|S168|S196|S219,2024-01-17T15:34:10,collaboration_context,1,Manufacturing,Midstream,Path_A
H02463,U0493,C050,I013,F008,O041,S009|S018|S068|S070|S077|S147|S175|S218,2024-01-17T15:35:02,work_context,1,Supplier Management,Downstream,Path_F
H01193,U0239,C069,I015,F011,O058,S043|S053|S112|S162|S163|S230|S234|S123,2024-01-17T16:13:32,work_context,0,,,
H02608,U0522,C290,I023,F013,O065,S008|S037|S076|S088|S143|S160|S163|S228,2024-01-17T17:40:51,skill_context,1,Logistics,Upstream,Path_D
H00323,U0065,C023,I015,F018,O093,S009|S013|S063|S079|S087|S088|S123|S170,2024-01-17T18:06:20,work_context,1,Manufacturing,Midstream,Path_K
H00663,U0133,C091,I015,F012,O062,S019|S068|S069|S105|S165|S171|S029,2024-01-17T18:28:54,skill_context,0,,,
H01758,U0352,C258,I010,F003,O013,S036|S050|S055|S129|S148|S155|S132,2024-01-17T18:40:45,collaboration_context,1,Logistics,Downstream,Path_B
H05868,U1174,C192,I010,F002,O009,S065|S076|S109|S191|S208|S240|S183|S224,2024-01-17T20:09:04,supply_context,0,,,
H02238,U0448,C142,I010,F015,O079,S003|S014|S021|S182|S218|S096,2024-01-17T20:15:31,work_context,0,,,
H02493,U0499,C154,I022,F010,O052,S059|S071|S133|S191|S198|S202|S221|S096,2024-01-17T20:21:09,skill_context,0,,,
H00058,U0012,C251,I004,F010,O049,S031|S073|S148|S191|S220|S222|S044,2024-01-17T23:01:24,skill_context,1,Procurement,Downstream,Path_L
H02378,U0476,C046,I001,F002,O010,S001|S028|S095|S111|S144|S210|S233,2024-01-17T23:39:40,work_context,1,Procurement,Upstream,Path_J
H03503,U0701,C120,I017,F006,O029,S001|S044|S115|S119|S127|S137|S149|S156,2024-01-18T00:04:23,collaboration_context,0,,,
H06733,U1347,C051,I019,F004,O020,S031|S099|S129|S166|S186|S192|S231,2024-01-18T00:32:24,work_context,0,,,
H03128,U0626,C013,I015,F010,O053,S038|S049|S109|S128|S179|S223|S224,2024-01-18T01:01:36,work_context,0,,,
H00153,U0031,C227,I019,F004,O018,S026|S059|S069|S070|S082|S134|S135|S232,2024-01-18T01:09:12,supply_context,1,Logistics,Midstream,Path_H
H02583,U0517,C138,I021,F012,O060,S055|S127|S172|S185|S217|S020,2024-01-18T01:37:15,collaboration_context,0,,,
H04793,U0959,C163,I002,F007,O038,S021|S037|S053|S110|S155,2024-01-18T01:55:43,work_context,0,,,
H03923,U0785,C316,I013,F011,O059,S108|S158|S174|S211|S217|S234,2024-01-18T02:34:47,skill_context,0,,,
H06908,U1382,C314,I022,F004,O018,S006|S107|S167|S188|S203|S235,2024-01-18T03:03:49,skill_context,1,Supplier Management,Downstream,Path_F
H01438,U0288,C236,I023,F013,O070,S029|S090|S103|S151|S173|S210|S227,2024-01-18T03:07:50,work_context,0,,,
H05198,U1040,C066,I021,F001,O004,S005|S014|S021|S028|S094|S140|S159|S164,2024-01-18T05:23:31,collaboration_context,0,,,
H01033,U0207,C251,I004,F017,O090,S060|S063|S068|S138|S177|S181|S226,2024-01-18T08:43:38,work_context,0,,,
H00398,U0080,C091,I015,F018,O094,S038|S039|S053|S067|S071|S190|S213|S231,2024-01-18T12:11:19,supply_context,0,,,
H01218,U0244,C139,I008,F009,O047,S004|S007|S012|S018|S101|S216|S235,2024-01-18T13:13:12,work_context,0,,,
H05978,U1196,C196,I016,F008,O040,S049|S074|S100|S145|S158|S194|S199|S235,2024-01-18T16:05:22,skill_context,0,,,
H00223,U0045,C316,I013,F018,O096,S031|S039|S066|S094|S099|S105|S204|S207,2024-01-18T16:08:08,supply_context,0,,,
H02713,U0543,C194,I010,F011,O057,S022|S048|S050|S105|S226|S192,2024-01-18T16:47:06,work_context,1,SCM,Midstream,Path_H
H02253,U0451,C304,I020,F012,O060,S010|S025|S123|S136|S151|S166|S154,2024-01-18T17:35:00,supply_context,0,,,
H00948,U0190,C048,I005,F017,O088,S077|S085|S116|S143|S158|S166,2024-01-18T17:41:16,collaboration_context,1,Supplier Management,Downstream,Path_A
H01143,U0229,C235,I009,F015,O079,S054|S077|S088|S125|S232,2024-01-18T20:15:12,collaboration_context,0,,,
H04753,U0951,C158,I014,F012,O061,S007|S015|S029|S162|S181|S193|S218|S019,2024-01-18T21:45:54,skill_context,1,SCM,Downstream,Path_E
H05723,U1145,C203,I002,F009,O047,S123|S128|S141|S209|S217|S229,2024-01-18T22:43:55,work_context,1,SCM,Upstream,Path_J
H06178,U1236,C122,I015,F014,O073,S019|S024|S032|S043|S048|S071|S205|S228,2024-01-19T03:43:54,supply_context,1,SCM,Midstream,Path_F
H00858,U0172,C170,I013,F002,O010,S037|S043|S046|S063|S066|S088,2024-01-19T04:10:33,collaboration_context,0,,,
H05283,U1057,C254,I022,F001,O001,S015|S111|S129|S131|S164|S240|S091,2024-01-19T04:36:42,skill_context,0,,,
H03553,U0711,C224,I004,F016,O081,S034|S058|S062|S103|S115|S188|S198,2024-01-19T04:48:10,work_context,0,,,
H04118,U0824,C071,I012,F014,O075,S118|S134|S186|S203|S231|S129,2024-01-19T04:50:49,skill_context,1,Logistics,Upstream,Path_A
H05193,U1039,C107,I006,F003,O013,S048|S081|S089|S194|S204,2024-01-19T06:41:03,skill_context,0,,,
H07003,U1401,C234,I015,F014,O075,S086|S127|S151|S171|S201|S214,2024-01-19T08:49:23,skill_context,0,,,
H03858,U0772,C183,I006,F009,O044,S069|S165|S193|S199|S219|S232|S238,2024-01-19T09:47:22,work_context,1,Procurement,Midstream,Path_H
H05968,U1194,C002,I013,F001,O002,S011|S036|S097|S140|S155|S191|S004,2024-01-19T10:28:05,skill_context,1,Distribution,Upstream,Path_L
H00578,U0116,C234,I015,F009,O044,S031|S056|S087|S136|S143|S173|S195,2024-01-19T11:22:59,work_context,1,Retail,Downstream,Path_A
H03483,U0697,C201,I014,F013,O068,S012|S133|S147|S148|S156|S225,2024-01-19T11:28:47,collaboration_context,1,Logistics,Downstream,Path_E
H06868,U1374,C165,I017,F004,O020,S007|S034|S040|S168|S206|S039,2024-01-19T14:30:35,work_context,1,Supplier Management,Midstream,Path_A
H02223,U0445,C183,I006,F012,O061,S039|S041|S120|S128|S164|S172|S196|S211,2024-01-19T15:53:21,supply_context,0,,,
H03563,U0713,C112,I008,F010,O052,S119|S165|S178|S186|S225|S078,2024-01-19T15:53:30,collaboration_context,1,Retail,Upstream,Path_I
H06043,U1209,C141,I019,F011,O056,S022|S027|S077|S112|S152|S204|S146,2024-01-19T16:55:32,skill_context,0,,,
H01108,U0222,C038,I006,F008,O042,S026|S027|S063|S099|S118|S122|S158|S171,2024-01-19T17:53:24,skill_context,0,,,
H05863,U1173,C277,I010,F010,O049,S081|S106|S114|S140|S191|S206,2024-01-19T18:35:35,collaboration_context,1,Manufacturing,Upstream,Path_C
H04593,U0919,C013,I015,F018,O096,S011|S015|S033|S052|S070|S078|S182,2024-01-19T18:36:14,work_context,0,,,
H02058,U0412,C217,I007,F011,O059,S065|S087|S120|S163|S199|S061|S038,2024-01-19T19:02:27,supply_context,0,,,
H02783,U0557,C014,I007,F015,O077,S023|S035|S062|S117|S211,2024-01-19T19:21:13,supply_context,1,SCM,Upstream,Path_B
H06693,U1339,C181,I012,F012,O064,S009|S013|S036|S124|S172|S184|S210|S229,2024-01-19T20:00:57,collaboration_context,1,SCM,Midstream,Path_B
H05453,U1091,C266,I016,F001,O001,S004|S024|S053|S087|S167|S203|S217,2024-01-19T21:20:04,work_context,0,,,
H03998,U0800,C038,I006,F012,O062,S020|S077|S097|S195|S209|S211|S032,2024-01-19T23:29:14,work_context,0,,,
H00073,U0015,C289,I018,F017,O087,S008|S118|S125|S127|S139,2024-01-19T23:30:40,supply_context,1,Retail,Upstream,Path_J
H03488,U0698,C099,I020,F015,O076,S029|S035|S060|S190|S213,2024-01-20T00:30:24,skill_context,1,Retail,Midstream,Path_E
H03523,U0705,C222,I003,F018,O096,S026|S047|S124|S146|S192|S125,2024-01-20T02:16:06,collaboration_context,0,,,
H06763,U1353,C074,I016,F001,O001,S028|S124|S162|S207|S231|S238|S232,2024-01-20T02:40:18,skill_context,1,Distribution,Midstream,Path_C
H04458,U0892,C286,I009,F015,O076,S024|S080|S087|S140|S185|S205,2024-01-20T02:44:27,skill_context,0,,,
H02483,U0497,C149,I009,F001,O002,S019|S038|S076|S119|S159|S202|S229,2024-01-20T05:43:17,work_context,0,,,
H04033,U0807,C265,I014,F005,O024,S029|S066|S116|S157|S206|S175,2024-01-20T07:53:30,collaboration_context,0,,,
H00828,U0166,C141,I019,F012,O063,S030|S045|S077|S091|S096|S180|S181|S202,2024-01-20T08:27:00,skill_context,1,Procurement,Midstream,Path_B
H05368,U1074,C033,I024,F008,O042,S094|S142|S191|S194|S231|S060,2024-01-20T11:49:17,work_context,0,,,
H06353,U1271,C209,I019,F001,O002,S006|S153|S190|S191|S238|S044,2024-01-20T11:59:58,skill_context,1,Logistics,Midstream,Path_K
H03298,U0660,C215,I020,F006,O028,S025|S100|S123|S130|S168|S179|S190|S234,2024-01-20T12:46:20,collaboration_context,0,,,
H05963,U1193,C300,I002,F010,O053,S001|S032|S066|S155|S195|S059,2024-01-20T17:03:19,collaboration_context,0,,,
H03778,U0756,C222,I003,F011,O057,S060|S062|S145|S190|S224,2024-01-20T18:34:49,work_context,0,,,
H04928,U0986,C122,I015,F016,O083,S022|S030|S094|S110|S169|S188|S195|S216,2024-01-20T19:36:17,work_context,0,,,
H00988,U0198,C193,I002,F017,O090,S021|S035|S114|S156|S235,2024-01-20T20:17:36,skill_context,0,,,
H00963,U0193,C257,I006,F015,O080,S100|S117|S134|S186|S211,2024-01-20T20:42:45,collaboration_context,0,,,
H03263,U0653,C203,I002,F004,O017,S024|S075|S099|S139|S144|S161|S142,2024-01-20T20:43:08,work_context,0,,,
H00563,U0113,C241,I013,F004,O017,S043|S060|S108|S132|S170|S214|S235|S236,2024-01-20T20:45:45,supply_context,0,,,
H00238,U0048,C037,I009,F002,O010,S011|S084|S142|S178|S222|S235,2024-01-20T21:35:30,supply_context,0,,,
H01943,U0389,C286,I009,F003,O012,S093|S112|S126|S180|S199|S203|S205|S231,2024-01-20T21:38:23,collaboration_context,0,,,
H03843,U0769,C066,I021,F007,O033,S016|S040|S074|S172|S239,2024-01-20T23:06:17,supply_context,0,,,
H06183,U1237,C006,I023,F002,O009,S008|S025|S116|S159|S221,2024-01-21T00:48:59,skill_context,1,Procurement,Midstream,Path_K
H04328,U0866,C318,I017,F002,O007,S032|S071|S072|S078|S095,2024-01-21T01:38:37,work_context,0,,,
H05763,U1153,C146,I017,F001,O002,S026|S053|S086|S107|S153|S166|S170,2024-01-21T02:52:15,supply_context,1,Distribution,Upstream,Path_L
H06573,U1315,C102,I009,F016,O082,S013|S110|S115|S138|S148|S158,2024-01-21T03:03:37,skill_context,0,,,
H02018,U0404,C289,I018,F013,O070,S111|S118|S174|S203|S218,2024-01-21T03:17:51,supply_context,1,Manufacturing,Downstream,Path_B
H05543,U1109,C075,I011,F002,O009,S075|S085|S110|S156|S168|S235|S095,2024-01-21T04:26:58,skill_context,0,,,
H00413,U0083,C250,I012,F005,O024,S049|S107|S111|S131|S204|S210|S102,2024-01-21T04:46:40,collaboration_context,0,,,
H01828,U0366,C062,I010,F011,O057,S057|S058|S070|S079|S123|S205|S224|S190,2024-01-21T06:44:02,work_context,0,,,
H04678,U0936,C127,I004,F001,O006,S002|S009|S019|S052|S072|S194|S223|S041,2024-01-21T07:56:19,skill_context,1,SCM,Downstream,Path_C
H02613,U0523,C082,I015,F011,O058,S095|S101|S127|S137|S180|S197,2024-01-21T08:07:40,skill_context,1,SCM,Upstream,Path_E
H00373,U0075,C175,I008,F008,O041,S055|S074|S112|S117|S121|S139,2024-01-21T08:51:56,skill_context,0,,,
H01548,U0310,C100,I005,F001,O001,S048|S076|S092|S107|S144|S154|S210|S239,2024-01-21T08:55:45,skill_context,1,Logistics,Downstream,Path_I
H04503,U0901,C219,I024,F013,O067,S056|S072|S079|S161|S164|S166|S179|S231,2024-01-21T09:27:27,work_context,0,,,
H03058,U0612,C087,I011,F009,O044,S043|S093|S115|S231|S240|S084,2024-01-21T09:29:14,supply_context,0,,,
H02323,U0465,C263,I011,F014,O071,S094|S155|S189|S195|S202|S043|S098,2024-01-21T13:21:25,supply_context,0,,,
H04043,U0809,C312,I022,F005,O025,S008|S012|S035|S094|S178|S014|S188|S057,2024-01-21T13:37:11,skill_context,0,,,
H06288,U1258,C015,I001,F001,O001,S013|S086|S088|S144|S182|S191|S204,2024-01-21T14:17:57,work_context,0,,,
H03418,U0684,C107,I006,F006,O031,S011|S050|S066|S099|S135|S157|S166|S221,2024-01-21T14:40:27,skill_context,0,,,
H03748,U0750,C219,I024,F004,O020,S072|S073|S128|S136|S137|S171|S173,2024-01-21T14:47:27,collaboration_context,1,Supplier Management,Midstream,Path_C
H00708,U0142,C128,I011,F011,O056,S021|S047|S053|S076|S100|S170|S212|S234,2024-01-21T17:33:51,supply_context,1,SCM,Midstream,Path_D
H00248,U0050,C039,I023,F008,O043,S012|S037|S061|S089|S120|S185|S229,2024-01-21T18:01:32,supply_context,0,,,
H04743,U0949,C086,I010,F011,O056,S128|S162|S175|S192|S218|S233,2024-01-21T18:44:11,collaboration_context,0,,,
H01413,U0283,C144,I006,F002,O009,S034|S079|S087|S098|S111|S136|S168|S195,2024-01-21T18:46:07,collaboration_context,0,,,
H05513,U1103,C279,I021,F008,O040,S027|S052|S083|S087|S130|S171|S235|S103,2024-01-21T18:50:08,supply_context,0,,,
H06623,U1325,C180,I005,F013,O067,S063|S066|S077|S093|S100|S146|S204|S214,2024-01-21T18:50:36,work_context,0,,,
H05778,U1156,C047,I012,F015,O077,S007|S019|S083|S136|S169|S002,2024-01-21T19:12:45,supply_context,0,,,
H03468,U0694,C003,I003,F001,O005,S078|S086|S092|S129|S153|S182|S231|S235,2024-01-21T20:27:17,supply_context,1,Distribution,Upstream,Path_H
H06278,U1256,C254,I022,F011,O055,S002|S003|S023|S074|S081|S084|S086|S142,2024-01-21T22:58:08,supply_context,1,Supplier Management,Downstream,Path_E
H05163,U1033,C233,I006,F007,O034,S039|S059|S068|S102|S135,2024-01-22T00:14:31,work_context,1,Retail,Downstream,Path_E
H03903,U0781,C318,I017,F007,O038,S004|S040|S106|S121|S156|S166|S181|S034,2024-01-22T01:55:30,work_context,1,Procurement,Midstream,Path_G
H00898,U0180,C249,I018,F014,O071,S004|S056|S065|S076|S120|S177|S220|S227,2024-01-22T02:27:08,supply_context,0,,,
H02153,U0431,C007,I017,F004,O017,S014|S091|S102|S150|S156|S160|S235,2024-01-22T08:53:42,supply_context,1,Supplier Management,Downstream,Path_J
H05638,U1128,C112,I008,F002,O007,S035|S061|S112|S126|S209|S238,2024-01-22T09:22:41,supply_context,1,Retail,Downstream,Path_K
H05748,U1150,C315,I003,F012,O061,S017|S067|S092|S135|S165|S191|S206|S207,2024-01-22T09:32:13,collaboration_context,0,,,
H05338,U1068,C185,I021,F013,O069,S008|S035|S122|S165|S184,2024-01-22T10:13:10,collaboration_context,1,Logistics,Midstream,Path_J
H01823,U0365,C177,I005,F017,O091,S015|S028|S070|S120|S171|S181|S191|S221,2024-01-22T10:21:05,supply_context,0,,,
H05438,U1088,C102,I009,F013,O068,S008|S012|S113|S140|S186|S195|S197|S199,2024-01-22T10:26:38,skill_context,0,,,
H04013,U0803,C063,I003,F004,O020,S018|S054|S067|S089|S187,2024-01-22T10:32:29,supply_context,1,Distribution,Midstream,Path_B
H05298,U1060,C169,I011,F010,O053,S037|S062|S065|S132|S181|S193|S207|S061,2024-01-22T11:29:52,skill_context,0,,,
H00593,U0119,C106,I021,F012,O063,S010|S119|S129|S189|S223|S240,2024-01-22T13:32:34,skill_context,1,Manufacturing,Midstream,Path_D
H02013,U0403,C026,I012,F011,O058,S041|S087|S095|S111|S112|S150|S225|S003,2024-01-22T17:48:02,collaboration_context,0,,,
H06878,U1376,C076,I024,F018,O092,S020|S077|S135|S167|S180|S199|S201|S044,2024-01-22T18:50:08,supply_context,1,Logistics,Upstream,Path_G
H01383,U0277,C221,I019,F002,O009,S004|S024|S034|S050|S109|S146|S187|S233,2024-01-22T19:01:24,work_context,1,Distribution,Midstream,Path_J
H04133,U0827,C153,I023,F010,O053,S037|S061|S081|S110|S224|S226|S005|S181,2024-01-22T19:50:22,collaboration_context,1,Supplier Management,Midstream,Path_D
H04833,U0967,C095,I012,F017,O090,S010|S030|S063|S072|S141|S235|S126,2024-01-22T21:52:43,collaboration_context,1,Distribution,Upstream,Path_G
H01198,U0240,C039,I023,F009,O047,S022|S090|S136|S184|S214|S231|S146,2024-01-22T22:26:05,supply_context,0,,,
H02343,U0469,C211,I004,F006,O028,S034|S055|S080|S106|S124|S195|S198|S225,2024-01-22T22:31:07,work_context,0,,,
H02143,U0429,C101,I007,F018,O095,S020|S088|S131|S133|S172|S176|S231,2024-01-22T22:42:35,work_context,0,,,
H05843,U1169,C213,I020,F002,O007,S057|S063|S105|S127|S128|S145|S140,2024-01-22T23:00:02,supply_context,1,Procurement,Downstream,Path_K
H03833,U0767,C242,I022,F007,O038,S052|S056|S083|S114|S135|S207,2024-01-22T23:15:46,supply_context,0,,,
H00798,U0160,C107,I006,F001,O006,S026|S112|S123|S201|S220|S157,2024-01-22T23:37:57,supply_context,0,,,
H06128,U1226,C095,I012,F018,O093,S022|S060|S082|S120|S131|S143|S160|S179,2024-01-23T00:58:13,skill_context,0,,,
H02668,U0534,C256,I018,F018,O096,S010|S041|S051|S054|S131|S146|S203|S222,2024-01-23T02:14:39,collaboration_context,1,Distribution,Downstream,Path_E
H02858,U0572,C075,I011,F010,O053,S079|S106|S153|S172|S187|S205|S227,2024-01-23T02:29:26,supply_context,0,,,
H02703,U0541,C021,I006,F008,O043,S013|S015|S059|S094|S120|S134|S177|S211,2024-01-23T02:48:19,skill_context,0,,,
H00433,U0087,C246,I024,F009,O045,S094|S097|S136|S148|S219|S210|S070,2024-01-23T03:03:09,collaboration_context,0,,,
H04203,U0841,C048,I005,F013,O068,S001|S054|S102|S109|S113|S200|S216|S227,2024-01-23T03:22:41,work_context,0,,,
H04608,U0922,C298,I012,F006,O030,S015|S038|S058|S063|S103|S106|S193|S012,2024-01-23T03:56:15,skill_context,0,,,
H04553,U0911,C014,I007,F011,O058,S064|S085|S157|S195|S203|S207,2024-01-23T05:54:09,skill_context,1,Supplier Management,Upstream,Path_J
H00643,U0129,C315,I003,F014,O072,S063|S067|S068|S082|S088|S115|S036,2024-01-23T06:52:01,skill_context,0,,,
H00218,U0044,C116,I013,F003,O015,S025|S078|S107|S123|S201,2024-01-23T08:13:56,skill_context,0,,,
H03583,U0717,C039,I023,F003,O016,S009|S019|S025|S115|S123|S140|S142|S175,2024-01-23T08:17:46,supply_context,0,,,
H05268,U1054,C083,I024,F014,O071,S039|S042|S053|S068|S072|S104|S164|S208,2024-01-23T08:34:12,skill_context,1,Distribution,Midstream,Path_F
H06553,U1311,C283,I010,F004,O021,S025|S070|S072|S088|S174|S191,2024-01-23T08:53:37,work_context,0,,,
H04368,U0874,C261,I022,F003,O014,S005|S022|S121|S157|S160|S163|S216|S231,2024-01-23T10:56:45,skill_context,0,,,
H06463,U1293,C247,I003,F010,O049,S056|S079|S092|S101|S179|S187|S227|S058,2024-01-23T10:59:34,collaboration_context,0,,,
H06698,U1340,C207,I008,F013,O066,S037|S078|S084|S095|S146|S166|S199|S236,2024-01-23T11:10:48,skill_context,0,,,
H04638,U0928,C156,I005,F008,O040,S013|S060|S084|S132|S133|S167,2024-01-23T11:31:02,collaboration_context,1,Logistics,Upstream,Path_H
H03053,U0611,C095,I012,F011,O059,S033|S057|S075|S191|S219|S013|S063|S197,2024-01-23T12:53:33,work_context,1,SCM,Upstream,Path_E
H01208,U0242,C311,I018,F003,O014,S005|S030|S062|S066|S108|S144,2024-01-23T13:44:49,work_context,1,Logistics,Midstream,Path_C
H06363,U1273,C235,I009,F007,O034,S019|S125|S140|S158|S208|S214|S231|S234,2024-01-23T15:20:37,supply_context,1,Retail,Upstream,Path_H
H01408,U0282,C289,I018,F012,O060,S061|S065|S097|S188|S232|S058|S122,2024-01-23T15:59:05,skill_context,1,Distribution,Midstream,Path_F
H03608,U0722,C028,I018,F014,O074,S009|S033|S034|S093|S102|S234,2024-01-23T18:11:11,work_context,0,,,
H01683,U0337,C184,I001,F004,O021,S013|S041|S062|S149|S188|S110,2024-01-23T21:23:49,work_context,1,Manufacturing,Midstream,Path_J
H01768,U0354,C307,I023,F012,O062,S038|S083|S093|S117|S172|S193|S205,2024-01-23T21:26:08,work_context,1,SCM,Upstream,Path_L
H05443,U1089,C109,I014,F011,O057,S007|S069|S073|S097|S156|S200,2024-01-23T21:50:15,supply_context,1,Supplier Management,Upstream,Path_I
H00588,U0118,C252,I024,F001,O006,S055|S142|S144|S170|S187|S195|S206,2024-01-23T22:27:21,work_context,0,,,
H04748,U0950,C167,I002,F017,O089,S051|S115|S126|S138|S170,2024-01-23T22:44:17,supply_context,1,Distribution,Midstream,Path_I
H02688,U0538,C243,I008,F004,O018,S104|S107|S119|S123|S180|S204|S217,2024-01-23T23:11:25,supply_context,0,,,
H01458,U0292,C089,I007,F011,O055,S001|S030|S050|S054|S063|S109|S128|S141,2024-01-23T23:41:46,supply_context,0,,,
H04103,U0821,C305,I018,F012,O062,S043|S104|S124|S131|S192|S195|S203|S217,2024-01-23T23:54:38,work_context,1,Retail,Downstream,Path_C
H02793,U0559,C177,I005,F003,O014,S019|S044|S073|S132|S208|S171,2024-01-24T00:19:58,collaboration_context,1,Procurement,Upstream,Path_C
H06858,U1372,C192,I010,F006,O028,S052|S163|S188|S211|S222|S240|S113,2024-01-24T02:46:53,collaboration_context,0,,,
H05078,U1016,C108,I024,F014,O074,S110|S184|S198|S211|S226,2024-01-24T04:10:54,skill_context,0,,,
H00258,U0052,C247,I003,F011,O057,S025|S076|S109|S170|S182|S210|S236,2024-01-24T04:21:35,skill_context,1,Supplier Management,Upstream,Path_F
H00533,U0107,C159,I002,F017,O087,S028|S128|S192|S222|S224,2024-01-24T07:29:01,collaboration_context,1,Procurement,Midstream,Path_D
H06563,U1313,C142,I010,F005,O027,S012|S026|S030|S052|S065|S137|S174|S127,2024-01-24T07:54:47,work_context,1,SCM,Midstream,Path_F
H00688,U0138,C135,I017,F001,O004,S023|S087|S096|S118|S153|S190|S169,2024-01-24T08:12:00,supply_context,0,,,
H04073,U0815,C080,I024,F001,O001,S001|S049|S058|S061|S153|S177|S188,2024-01-24T09:48:30,skill_context,0,,,
H02433,U0487,C313,I015,F006,O031,S001|S025|S100|S142|S146|S187|S191|S192,2024-01-24T10:00:13,collaboration_context,0,,,
H03028,U0606,C082,I015,F004,O017,S002|S004|S042|S117|S141|S185,2024-01-24T10:52:42,work_context,0,,,
H01593,U0319,C173,I016,F007,O035,S128|S158|S216|S219|S233,2024-01-24T13:35:05,collaboration_context,0,,,
H01313,U0263,C303,I008,F001,O002,S024|S112|S173|S174|S176|S195|S231|S022,2024-01-24T13:57:40,collaboration_context,0,,,
H04633,U0927,C228,I008,F009,O046,S068|S071|S081|S184|S185|S213|S225|S192,2024-01-24T14:15:58,collaboration_context,0,,,
H01703,U0341,C141,I019,F001,O005,S021|S035|S073|S132|S138|S163|S172|S228,2024-01-24T14:22:18,work_context,0,,,
H06953,U1391,C231,I015,F006,O028,S037|S086|S088|S090|S098|S172,2024-01-24T14:47:37,work_context,0,,,
H06778,U1356,C045,I009,F005,O024,S093|S122|S134|S175|S204|S012,2024-01-24T15:35:16,skill_context,0,,,
H00308,U0062,C276,I010,F002,O007,S077|S120|S125|S128|S162|S217|S220|S233,2024-01-24T15:46:54,supply_context,0,,,
H01228,U0246,C021,I006,F018,O092,S020|S049|S063|S091|S114|S122|S229,2024-01-24T18:45:21,work_context,1,Procurement,Midstream,Path_E
H04223,U0845,C171,I018,F007,O038,S014|S024|S058|S067|S130,2024-01-24T19:43:08,supply_context,0,,,
H01688,U0338,C073,I001,F008,O043,S009|S014|S067|S144|S202|S210|S239|S171,2024-01-24T20:04:42,work_context,0,,,
H06428,U1286,C068,I006,F004,O021,S028|S045|S071|S102|S135|S164|S202|S222,2024-01-24T20:54:29,collaboration_context,0,,,
H00043,U0009,C037,I009,F003,O014,S006|S016|S017|S067|S072|S166|S174|S209,2024-01-24T21:09:52,work_context,0,,,
H00738,U0148,C134,I005,F015,O079,S062|S091|S102|S113|S122|S221,2024-01-24T22:17:11,skill_context,0,,,
H00403,U0081,C146,I017,F015,O077,S018|S054|S108|S166|S175|S194|S204|S236,2024-01-24T23:15:49,collaboration_context,0,,,
H05873,U1175,C305,I018,F007,O037,S017|S038|S041|S120|S171|S174,2024-01-24T23:28:53,work_context,0,,,
H05488,U1098,C068,I006,F003,O014,S053|S098|S102|S120|S174|S209|S226|S057,2024-01-25T00:25:39,collaboration_context,0,,,
H04708,U0942,C138,I021,F004,O022,S078|S087|S097|S110|S142|S169|S209,2024-01-25T01:37:24,collaboration_context,1,Manufacturing,Upstream,Path_J
H01973,U0395,C012,I005,F016,O081,S007|S009|S101|S124|S130|S158|S174|S220,2024-01-25T02:18:09,skill_context,0,,,
H00868,U0174,C247,I003,F008,O040,S009|S038|S065|S073|S107|S162|S238,2024-01-25T02:34:14,work_context,1,Retail,Downstream,Path_E
H05943,U1189,C102,I009,F013,O068,S007|S045|S093|S135|S186|S196|S208|S235,2024-01-25T02:52:57,supply_context,0,,,
H04783,U0957,C018,I020,F017,O087,S025|S026|S060|S067|S085|S151,2024-01-25T03:38:28,skill_context,1,Procurement,Upstream,Path_H
H03708,U0742,C262,I003,F005,O024,S006|S018|S118|S121|S122|S229|S237|S108,2024-01-25T05:23:17,supply_context,0,,,
H01988,U0398,C083,I024,F013,O067,S027|S030|S083|S085|S092|S185,2024-01-25T05:23:34,skill_context,0,,,
H03408,U0682,C242,I022,F008,O042,S007|S065|S095|S140|S142|S211|S130,2024-01-25T06:05:33,skill_context,0,,,
H01678,U0336,C295,I004,F007,O038,S173|S187|S206|S214|S218|S235|S120|S182,2024-01-25T06:13:57,supply_context,0,,,
H03928,U0786,C197,I007,F015,O077,S035|S037|S064|S112|S165|S222|S226|S168,2024-01-25T06:37:17,supply_context,0,,,
H03308,U0662,C101,I007,F014,O072,S052|S060|S096|S133|S164|S225|S237,2024-01-25T08:19:35,collaboration_context,1,Supplier Management,Downstream,Path_C
H06758,U1352,C050,I013,F015,O078,S042|S062|S128|S160|S192|S214|S223,2024-01-25T08:47:52,supply_context,0,,,
H00053,U0011,C207,I008,F010,O054,S002|S015|S028|S038|S067|S199|S213|S224,2024-01-25T09:19:29,collaboration_context,0,,,
H02693,U0539,C302,I007,F008,O039,S047|S055|S079|S156|S172|S184|S192|S187,2024-01-25T10:11:31,supply_context,0,,,
H04158,U0832,C059,I014,F002,O009,S055|S151|S155|S172|S240,2024-01-25T10:14:26,work_context,0,,,
H04873,U0975,C045,I009,F001,O003,S039|S050|S072|S154|S204|S206|S221,2024-01-25T10:28:20,skill_context,1,Manufacturing,Midstream,Path_K
H03333,U0667,C228,I008,F006,O029,S053|S069|S124|S146|S147|S158|S211|S224,2024-01-25T10:35:03,work_context,0,,,
H01398,U0280,C227,I019,F008,O040,S046|S121|S132|S184|S234,2024-01-25T12:23:17,supply_context,0,,,
H04513,U0903,C121,I001,F010,O050,S122|S124|S136|S206|S209|S190,2024-01-25T12:46:24,collaboration_context,1,Supplier Management,Downstream,Path_G
H06638,U1328,C222,I003,F018,O096,S073|S078|S122|S195|S214,2024-01-25T13:47:14,collaboration_context,0,,,
H01938,U0388,C017,I012,F013,O070,S002|S038|S055|S070|S115|S120|S182,2024-01-25T15:28:10,supply_context,1,Retail,Midstream,Path_I
H04088,U0818,C075,I011,F007,O037,S030|S043|S111|S120|S141|S157|S177|S219,2024-01-25T15:51:45,work_context,1,Procurement,Upstream,Path_F
H02658,U0532,C167,I002,F010,O052,S011|S022|S031|S051|S058|S147|S212|S225,2024-01-25T15:58:23,collaboration_context,1,Retail,Upstream,Path_F
H03633,U0727,C119,I013,F001,O002,S011|S029|S081|S119|S122|S181|S213|S228,2024-01-25T16:09:11,supply_context,0,,,
H05188,U1038,C256,I018,F018,O094,S044|S045|S076|S173|S188|S198|S223|S239,2024-01-25T16:46:40,skill_context,0,,,
H05988,U1198,C219,I024,F006,O030,S142|S178|S179|S190|S217|S101,2024-01-25T16:58:50,collaboration_context,0,,,
H01063,U0213,C058,I020,F001,O005,S002|S016|S083|S094|S107|S127|S158|S173,2024-01-25T18:25:07,skill_context,0,,,
H03243,U0649,C153,I023,F003,O014,S024|S087|S133|S145|S152|S211|S216,2024-01-25T19:13:06,work_context,1,SCM,Downstream,Path_G
H01718,U0344,C088,I009,F003,O012,S007|S048|S101|S128|S231|S234,2024-01-25T19:15:46,work_context,0,,,
H01803,U0361,C057,I023,F018,O096,S034|S086|S120|S153|S160|S162|S224|S234,2024-01-25T19:52:35,work_context,0,,,
H00393,U0079,C174,I005,F014,O071,S009|S027|S127|S172|S201,2024-01-25T20:24:48,work_context,1,Supplier Management,Upstream,Path_L
H03438,U0688,C050,I013,F015,O079,S003|S040|S068|S076|S113|S161|S178|S208,2024-01-25T20:41:02,skill_context,1,Retail,Midstream,Path_I
H04153,U0831,C016,I006,F002,O009,S015|S017|S034|S035|S075|S124|S211|S144,2024-01-25T21:46:11,skill_context,0,,,
H04963,U0993,C028,I018,F006,O031,S013|S023|S065|S124|S130|S170|S181|S224,2024-01-25T22:17:38,skill_context,0,,,
H05183,U1037,C024,I001,F008,O040,S093|S094|S097|S128|S139|S182|S222,2024-01-25T22:32:31,work_context,0,,,
H06368,U1274,C212,I016,F006,O028,S032|S037|S066|S177|S227|S116,2024-01-25T22:38:07,skill_context,0,,,
H06243,U1249,C181,I012,F014,O071,S030|S069|S121|S151|S177|S183|S204|S221,2024-01-25T22:39:27,skill_context,0,,,
H06618,U1324,C115,I017,F009,O047,S027|S030|S109|S137|S178|S199|S055|S145,2024-01-25T22:58:17,supply_context,0,,,
H03853,U0771,C250,I012,F002,O008,S027|S051|S062|S079|S129|S156|S170,2024-01-26T01:01:16,supply_context,1,SCM,Upstream,Path_G
H01483,U0297,C301,I007,F018,O096,S032|S072|S102|S103|S107|S159|S224|S230,2024-01-26T01:01:37,supply_context,0,,,
H02863,U0573,C004,I004,F013,O066,S025|S085|S086|S154|S181,2024-01-26T01:16:21,skill_context,1,Logistics,Midstream,Path_C
H02708,U0542,C151,I020,F004,O020,S033|S037|S077|S081|S181|S196,2024-01-26T01:55:46,supply_context,1,SCM,Midstream,Path_C
H02838,U0568,C045,I009,F010,O051,S020|S077|S098|S220|S221|S238|S057,2024-01-26T04:10:55,supply_context,0,,,
H04663,U0933,C126,I016,F002,O011,S048|S068|S141|S171|S172,2024-01-26T05:55:59,skill_context,1,Manufacturing,Downstream,Path_H
H02328,U0466,C267,I008,F007,O034,S013|S042|S087|S168|S218,2024-01-26T06:29:04,collaboration_context,1,Distribution,Downstream,Path_H
H05378,U1076,C238,I004,F012,O063,S017|S032|S044|S064|S065|S117|S118|S148,2024-01-26T07:19:48,skill_context,0,,,
H03093,U0619,C115,I017,F018,O095,S014|S016|S027|S079|S206|S233,2024-01-26T07:20:34,skill_context,0,,,
H02173,U0435,C161,I009,F007,O034,S005|S010|S037|S121|S137|S180|S216|S239,2024-01-26T07:35:02,collaboration_context,1,Retail,Downstream,Path_G
H04428,U0886,C132,I019,F007,O036,S032|S054|S087|S163|S174|S175|S209,2024-01-26T07:41:57,work_context,1,Procurement,Downstream,Path_J
H04648,U0930,C046,I001,F017,O091,S032|S044|S096|S145|S166,2024-01-26T09:03:06,skill_context,0,,,
H00823,U0165,C298,I012,F016,O084,S027|S043|S066|S070|S077|S144|S183|S184,2024-01-26T09:05:33,work_context,0,,,
H02698,U0540,C059,I014,F006,O029,S061|S120|S156|S161|S189|S205|S217|S240,2024-01-26T10:43:39,work_context,1,Supplier Management,Downstream,Path_C
H01353,U0271,C061,I006,F010,O054,S027|S040|S044|S100|S121|S237,2024-01-26T11:44:04,collaboration_context,1,Procurement,Downstream,Path_E
H00538,U0108,C114,I014,F011,O059,S016|S053|S066|S115|S119|S136|S167|S224,2024-01-26T12:38:42,supply_context,0,,,
H02098,U0420,C312,I022,F014,O071,S070|S119|S152|S216|S226|S177,2024-01-26T12:39:16,skill_context,0,,,
H02273,U0455,C218,I021,F014,O073,S046|S069|S079|S212|S214|S210,2024-01-26T15:07:16,supply_context,0,,,
H03348,U0670,C139,I008,F016,O084,S031|S068|S074|S109|S154|S076,2024-01-26T15:13:41,supply_context,1,Supplier Management,Downstream,Path_D
H01078,U0216,C184,I001,F004,O019,S021|S024|S112|S128|S158|S176|S067|S022,2024-01-26T17:46:19,collaboration_context,1,Retail,Midstream,Path_J
H00788,U0158,C018,I020,F013,O069,S020|S056|S083|S128|S134|S174|S228|S044,2024-01-26T19:45:28,supply_context,1,Retail,Upstream,Path_B
H06298,U1260,C286,I009,F016,O085,S077|S126|S132|S184|S185,2024-01-26T20:15:34,supply_context,0,,,
H00158,U0032,C309,I020,F014,O074,S113|S120|S130|S180|S228,2024-01-26T21:17:44,collaboration_context,1,Distribution,Midstream,Path_J
H05698,U1140,C299,I015,F003,O014,S061|S078|S144|S147|S167|S203,2024-01-26T21:23:12,work_context,0,,,
H04353,U0871,C293,I001,F006,O029,S004|S051|S124|S174|S194|S041,2024-01-26T23:27:24,work_context,1,Supplier Management,Downstream,Path_C
H01898,U0380,C211,I004,F005,O024,S042|S056|S080|S134|S188|S191|S203|S209,2024-01-26T23:55:47,work_context,1,Procurement,Upstream,Path_H
H03068,U0614,C014,I007,F013,O066,S035|S058|S155|S161|S175|S199|S200|S162,2024-01-27T00:27:08,skill_context,0,,,
H06488,U1298,C042,I020,F014,O074,S011|S016|S020|S035|S039|S135|S163,2024-01-27T00:30:20,collaboration_context,1,Logistics,Midstream,Path_K
H06433,U1287,C146,I017,F005,O026,S008|S057|S100|S117|S133,2024-01-27T00:58:05,supply_context,1,Distribution,Upstream,Path_J
H01998,U0400,C313,I015,F008,O042,S092|S115|S145|S176|S181|S184,2024-01-27T01:27:42,work_context,0,,,
H05238,U1048,C208,I009,F015,O078,S071|S075|S078|S155|S174|S203,2024-01-27T02:23:29,collaboration_context,1,Distribution,Downstream,Path_K
H03618,U0724,C030,I020,F002,O007,S004|S039|S117|S139|S193,2024-01-27T02:34:33,skill_context,0,,,
H02513,U0503,C058,I020,F016,O081,S036|S056|S061|S109|S117|S125|S203|S220,2024-01-27T02:34:45,collaboration_context,0,,,
H05013,U1003,C201,I014,F003,O012,S048|S080|S118|S121|S219,2024-01-27T03:35:52,skill_context,0,,,
H06458,U1292,C187,I002,F013,O066,S075|S089|S108|S147|S203|S225,2024-01-27T04:23:26,collaboration_context,0,,,
H06273,U1255,C262,I003,F009,O044,S012|S031|S046|S062|S099|S143|S164|S180,2024-01-27T06:52:28,collaboration_context,1,Supplier Management,Upstream,Path_B
H01213,U0243,C180,I005,F002,O011,S014|S036|S102|S130|S168|S185|S203,2024-01-27T08:01:39,skill_context,1,Procurement,Upstream,Path_F
H01083,U0217,C140,I022,F017,O088,S081|S084|S112|S124|S171|S194|S199|S201,2024-01-27T08:35:56,skill_context,0,,,
H02188,U0438,C177,I005,F001,O005,S002|S130|S138|S230|S239,2024-01-27T10:21:22,skill_context,1,SCM,Midstream,Path_C
H04418,U0884,C051,I019,F010,O050,S004|S017|S116|S120|S179,2024-01-27T14:41:41,supply_context,0,,,
H02628,U0526,C076,I024,F010,O049,S019|S021|S083|S110|S148|S156|S185,2024-01-27T15:01:27,work_context,1,Distribution,Midstream,Path_F
H02498,U0500,C144,I006,F017,O091,S016|S055|S077|S125|S146|S205,2024-01-27T15:22:14,skill_context,0,,,
H00628,U0126,C034,I009,F003,O016,S056|S068|S072|S101|S127|S143|S177|S234,2024-01-27T15:50:57,supply_context,1,Logistics,Upstream,Path_H
H04008,U0802,C021,I006,F011,O055,S011|S020|S034|S041|S044|S075|S086|S165,2024-01-27T17:04:52,skill_context,0,,,
H00313,U0063,C005,I018,F002,O007,S014|S078|S112|S140|S170|S194|S209|S210,2024-01-27T19:17:16,skill_context,1,SCM,Midstream,Path_D
H04038,U0808,C314,I022,F016,O084,S004|S011|S027|S126|S132|S182|S216|S236,2024-01-27T20:34:51,supply_context,1,Logistics,Upstream,Path_A
H01858,U0372,C301,I007,F008,O042,S002|S018|S026|S110|S151|S219,2024-01-27T22:24:13,work_context,0,,,
H00958,U0192,C005,I018,F011,O057,S011|S074|S125|S148|S186|S110,2024-01-28T00:12:40,work_context,0,,,
H03718,U0744,C031,I003,F002,O011,S010|S017|S049|S075|S084|S165|S206|S237,2024-01-28T00:31:57,supply_context,0,,,
H01113,U0223,C060,I011,F014,O073,S039|S167|S190|S192|S217|S159,2024-01-28T02:37:28,skill_context,1,Manufacturing,Upstream,Path_L
H05878,U1176,C220,I006,F014,O071,S016|S036|S153|S206|S212|S239,2024-01-28T05:48:05,work_context,0,,,
H05923,U1185,C220,I006,F009,O047,S021|S063|S076|S110|S171|S174|S209|S219,2024-01-28T05:48:58,supply_context,0,,,
H04048,U0810,C298,I012,F002,O008,S008|S015|S046|S058|S059|S068|S142|S146,2024-01-28T06:13:09,skill_context,0,,,
H04803,U0961,C313,I015,F005,O026,S026|S032|S053|S110|S153|S210|S043|S079,2024-01-28T07:04:16,skill_context,0,,,
H00143,U0029,C087,I011,F017,O088,S014|S031|S034|S063|S082|S137|S229|S234,2024-01-28T09:04:11,skill_context,1,Logistics,Downstream,Path_K
H02038,U0408,C012,I005,F001,O003,S001|S004|S073|S096|S137|S148|S201,2024-01-28T10:01:14,supply_context,1,SCM,Upstream,Path_K
H04343,U0869,C178,I022,F008,O040,S055|S097|S101|S236|S237|S027|S208,2024-01-28T10:47:36,supply_context,1,Logistics,Downstream,Path_C
H00548,U0110,C274,I017,F006,O030,S001|S009|S104|S126|S209|S212|S187|S163,2024-01-28T10:51:22,supply_context,0,,,
H01388,U0278,C100,I005,F013,O070,S020|S071|S087|S104|S191|S199|S040,2024-01-28T10:52:03,collaboration_context,0,,,
H00608,U0122,C023,I015,F004,O019,S004|S138|S144|S167|S211|S218|S238,2024-01-28T11:23:32,work_context,1,Manufacturing,Upstream,Path_H
H06333,U1267,C215,I020,F014,O072,S003|S023|S026|S074|S166|S215|S229|S056,2024-01-28T14:13:32,supply_context,0,,,
H02543,U0509,C215,I020,F010,O051,S041|S046|S111|S116|S159|S192|S217|S031,2024-01-28T15:23:21,work_context,0,,,
H06053,U1211,C044,I017,F017,O087,S005|S092|S094|S105|S111|S148|S197,2024-01-28T17:02:58,skill_context,0,,,
H00243,U0049,C090,I003,F017,O091,S009|S032|S158|S176|S183|S192|S193,2024-01-28T17:25:13,supply_context,0,,,
H00118,U0024,C310,I016,F005,O026,S054|S096|S122|S223|S239,2024-01-28T18:56:20,supply_context,0,,,
H06808,U1362,C001,I003,F014,O072,S065|S087|S143|S200|S205|S098,2024-01-28T19:12:32,collaboration_context,1,Distribution,Midstream,Path_D
H02748,U0550,C095,I012,F004,O017,S021|S033|S092|S099|S136|S176,2024-01-28T19:42:37,supply_context,0,,,
H00423,U0085,C245,I003,F016,O083,S005|S110|S148|S178|S212,2024-01-28T20:14:21,collaboration_context,0,,,
H02233,U0447,C167,I002,F015,O076,S003|S028|S030|S069|S160|S227|S131,2024-01-28T22:33:03,skill_context,1,Procurement,Upstream,Path_C
H03493,U0699,C253,I021,F016,O081,S026|S050|S054|S072|S134|S124,2024-01-28T22:49:59,skill_context,0,,,
H06223,U1245,C068,I006,F004,O022,S071|S119|S125|S135|S211|S210,2024-01-28T23:21:38,work_context,0,,,
H03883,U0777,C237,I016,F008,O043,S025|S056|S098|S155|S165|S221|S225|S064,2024-02-01T00:59:38,supply_context,1,SCM,Upstream,Path_L
H01133,U0227,C122,I015,F011,O057,S116|S147|S217|S226|S232|S230|S131,2024-02-01T01:07:24,supply_context,1,SCM,Downstream,Path_J
H01118,U0224,C033,I024,F018,O096,S040|S122|S139|S148|S216,2024-02-01T01:44:15,collaboration_context,0,,,
H04993,U0999,C248,I020,F017,O087,S005|S033|S060|S061|S133|S141|S192|S196,2024-02-01T01:54:52,supply_context,1,Retail,Upstream,Path_I
H02268,U0454,C288,I014,F016,O081,S025|S056|S070|S071|S100|S113|S125|S186,2024-02-01T03:22:09,collaboration_context,1,Procurement,Upstream,Path_A
H05793,U1159,C307,I023,F017,O089,S003|S034|S063|S095|S109|S187|S198,2024-02-01T04:28:20,work_context,1,Retail,Upstream,Path_K
H01263,U0253,C023,I015,F016,O081,S070|S074|S085|S139|S218|S221,2024-02-01T04:51:43,work_context,1,Distribution,Upstream,Path_F
H03933,U0787,C144,I006,F007,O038,S010|S033|S044|S054|S074|S077|S090|S210,2024-02-01T06:05:51,supply_context,0,,,
H00668,U0134,C268,I002,F006,O030,S035|S053|S063|S091|S092|S104|S142|S193,2024-02-01T06:07:33,skill_context,1,Supplier Management,Midstream,Path_D
H06403,U1281,C312,I022,F005,O024,S057|S074|S083|S116|S233,2024-02-01T07:54:49,collaboration_context,1,Manufacturing,Upstream,Path_K
H05888,U1178,C062,I010,F015,O080,S003|S047|S051|S128|S159|S171|S160|S011,2024-02-01T11:51:10,collaboration_context,0,,,
H05303,U1061,C043,I019,F005,O026,S003|S014|S094|S193|S208|S238|S029,2024-02-01T12:08:44,work_context,1,Logistics,Midstream,Path_D
H05953,U1191,C308,I012,F013,O067,S023|S038|S074|S126|S152|S229|S232|S138,2024-02-01T13:39:30,work_context,0,,,
H05518,U1104,C297,I023,F001,O005,S005|S030|S044|S045|S065|S123|S178|S205,2024-02-01T14:30:38,supply_context,0,,,
H00103,U0021,C174,I005,F005,O023,S001|S014|S047|S161|S163|S197,2024-02-01T15:30:09,collaboration_context,0,,,
H02213,U0443,C095,I012,F007,O036,S078|S102|S151|S168|S231|S240,2024-02-01T16:46:26,work_context,1,SCM,Upstream,Path_I
H00183,U0037,C087,I011,F003,O012,S003|S030|S043|S081|S129|S132|S141|S216,2024-02-01T17:59:38,collaboration_context,0,,,
H04778,U0956,C126,I016,F017,O090,S091|S101|S113|S126|S134|S198|S223,2024-02-01T23:04:45,supply_context,1,Retail,Upstream,Path_A
H05023,U1005,C173,I016,F007,O037,S018|S053|S064|S072|S085|S098|S165,2024-02-02T00:28:55,supply_context,0,,,
H02248,U0450,C069,I015,F016,O081,S011|S022|S139|S165|S177|S238,2024-02-02T03:06:20,supply_context,0,,,
H04623,U0925,C044,I017,F006,O030,S002|S018|S135|S148|S150|S199|S206|S098,2024-02-02T03:50:10,skill_context,0,,,
H01378,U0276,C054,I004,F003,O015,S091|S148|S150|S178|S200|S051,2024-02-02T03:58:58,work_context,0,,,
H00838,U0168,C004,I004,F007,O037,S017|S053|S068|S110|S172|S030,2024-02-02T04:29:07,work_context,0,,,
H04823,U0965,C219,I024,F010,O050,S004|S077|S087|S088|S138,2024-02-02T05:10:20,supply_context,0,,,
H06398,U1280,C057,I023,F007,O037,S008|S010|S021|S030|S097|S131|S217|S237,2024-02-02T06:30:05,collaboration_context,1,SCM,Upstream,Path_L
H04238,U0848,C287,I016,F002,O009,S083|S145|S174|S179|S224,2024-02-02T08:17:43,work_context,0,,,
H03728,U0746,C317,I002,F018,O096,S007|S044|S045|S109|S149|S200|S223|S224,2024-02-02T09:33:34,supply_context,1,Logistics,Upstream,Path_J
H00673,U0135,C078,I009,F016,O084,S001|S005|S035|S037|S049|S097|S150|S227,2024-02-02T10:13:15,skill_context,1,Procurement,Upstream,Path_G
H04918,U0984,C006,I023,F004,O021,S050|S056|S074|S079|S081|S118|S164|S188,2024-02-02T10:40:13,skill_context,1,Procurement,Downstream,Path_D
H06898,U1380,C297,I023,F001,O003,S033|S043|S059|S067|S069|S088|S212|S226,2024-02-02T11:54:26,skill_context,1,Distribution,Downstream,Path_A
H01538,U0308,C275,I008,F003,O012,S028|S092|S116|S135|S171|S198|S212,2024-02-02T12:56:55,collaboration_context,1,SCM,Downstream,Path_B
H03658,U0732,C227,I019,F018,O092,S020|S062|S102|S143|S223|S177|S158,2024-02-02T13:45:55,skill_context,1,Retail,Midstream,Path_G
H04768,U0954,C031,I003,F003,O015,S001|S049|S060|S078|S187|S138,2024-02-02T14:03:32,work_context,1,Supplier Management,Downstream,Path_J
H05913,U1183,C020,I004,F017,O087,S002|S084|S135|S170|S177|S198|S208|S185,2024-02-02T15:08:19,skill_context,1,Logistics,Upstream,Path_E
H05588,U1118,C125,I007,F013,O069,S034|S050|S078|S118|S123|S152|S178|S210,2024-02-02T15:54:01,supply_context,1,SCM,Midstream,Path_I
H05173,U1035,C180,I005,F011,O059,S011|S024|S032|S056|S117|S122|S192|S236,2024-02-02T18:22:13,supply_context,1,SCM,Midstream,Path_K
H04978,U0996,C107,I006,F012,O063,S057|S059|S073|S183|S184|S220,2024-02-02T23:19:36,supply_context,0,,,
H03723,U0745,C167,I002,F007,O035,S003|S017|S073|S088|S114|S147|S040,2024-02-02T23:55:21,collaboration_context,0,,,
H00768,U0154,C137,I013,F018,O096,S067|S121|S164|S170|S194|S222,2024-02-03T00:11:41,collaboration_context,1,SCM,Downstream,Path_L
H06103,U1221,C298,I012,F018,O093,S008|S056|S141|S150|S163|S178|S199|S202,2024-02-03T03:19:58,skill_context,0,,,
H02028,U0406,C175,I008,F015,O080,S004|S111|S130|S135|S185|S202,2024-02-03T04:19:36,work_context,1,Procurement,Midstream,Path_C
H01273,U0255,C149,I009,F007,O038,S027|S032|S076|S152|S190|S194|S221|S232,2024-02-03T04:48:04,collaboration_context,0,,,
H06408,U1282,C106,I021,F001,O002,S077|S085|S094|S098|S206|S229,2024-02-03T05:38:34,supply_context,0,,,
H01488,U0298,C238,I004,F007,O035,S007|S020|S132|S175|S240,2024-02-03T07:48:01,supply_context,1,Manufacturing,Midstream,Path_I
H03428,U0686,C120,I017,F005,O025,S008|S037|S053|S060|S161|S185|S221|S147,2024-02-03T08:02:41,collaboration_context,1,Procurement,Midstream,Path_H
H01318,U0264,C317,I002,F011,O058,S011|S063|S102|S189|S215|S126|S133,2024-02-03T08:41:43,collaboration_context,0,,,
H02893,U0579,C054,I004,F003,O012,S034|S057|S065|S131|S132|S106,2024-02-03T11:40:50,collaboration_context,0,,,
H00453,U0091,C210,I024,F013,O067,S039|S050|S131|S222|S228|S133,2024-02-03T12:04:37,collaboration_context,1,Procurement,Upstream,Path_F
H05063,U1013,C190,I023,F012,O064,S019|S022|S031|S122|S142|S183|S195,2024-02-03T12:06:08,work_context,1,Distribution,Downstream,Path_C
H02303,U0461,C203,I002,F008,O040,S004|S036|S051|S120|S140|S151|S219|S231,2024-02-03T12:33:05,skill_context,1,Retail,Downstream,Path_G
H06303,U1261,C096,I017,F017,O088,S041|S052|S095|S113|S178|S194|S206|S216,2024-02-03T13:26:13,skill_context,0,,,
H05598,U1120,C214,I022,F005,O023,S008|S073|S127|S192|S196|S218,2024-02-03T14:34:23,supply_context,0,,,
H03568,U0714,C273,I005,F001,O001,S034|S047|S077|S094|S124|S127|S209|S117,2024-02-03T14:40:11,supply_context,1,Supplier Management,Midstream,Path_E
H05848,U1170,C170,I013,F002,O008,S032|S140|S154|S160|S188,2024-02-03T15:03:42,supply_context,1,SCM,Upstream,Path_D
H01103,U0221,C171,I018,F011,O055,S021|S036|S054|S103|S106|S148|S206|S184,2024-02-03T15:36:37,skill_context,1,SCM,Upstream,Path_L
H03793,U0759,C161,I009,F001,O002,S010|S012|S116|S200|S216|S221|S097|S095,2024-02-03T16:40:09,skill_context,1,Manufacturing,Midstream,Path_H
H03973,U0795,C264,I021,F011,O055,S016|S049|S127|S150|S173|S188|S213,2024-02-03T16:44:49,skill_context,0,,,
H05388,U1078,C281,I008,F014,O073,S012|S050|S070|S088|S113|S132|S200|S216,2024-02-03T17:17:21,collaboration_context,0,,,
H03358,U0672,C243,I008,F014,O072,S038|S051|S111|S129|S152|S158|S168|S195,2024-02-03T17:38:44,collaboration_context,0,,,
H04868,U0974,C085,I023,F018,O095,S003|S004|S143|S206|S237,2024-02-03T21:21:47,collaboration_context,1,Supplier Management,Midstream,Path_E
H04828,U0966,C084,I014,F014,O074,S003|S046|S078|S125|S204|S205|S202,2024-02-03T23:13:41,skill_context,1,Logistics,Downstream,Path_F
H06378,U1276,C110,I003,F015,O078,S001|S023|S039|S054|S074|S194,2024-02-03T23:38:04,collaboration_context,0,,,
H03413,U0683,C011,I004,F016,O084,S102|S145|S146|S148|S184|S202|S134,2024-02-04T00:14:11,skill_context,0,,,
H06023,U1205,C019,I018,F002,O011,S009|S037|S098|S114|S176|S200|S220|S221,2024-02-04T00:16:23,skill_context,1,Retail,Upstream,Path_A
H06738,U1348,C129,I014,F009,O047,S065|S088|S090|S095|S168|S204|S212,2024-02-04T01:40:56,supply_context,0,,,
H04383,U0877,C187,I002,F003,O013,S046|S084|S098|S104|S105|S137|S201|S216,2024-02-04T02:18:53,supply_context,0,,,
H04183,U0837,C037,I009,F001,O004,S021|S056|S105|S148|S177|S233|S234|S238,2024-02-04T03:01:54,skill_context,1,Logistics,Downstream,Path_G
H06838,U1368,C274,I017,F005,O025,S004|S014|S091|S099|S105|S136|S145|S199,2024-02-04T03:26:44,work_context,1,Retail,Downstream,Path_K
H03113,U0623,C248,I020,F017,O088,S005|S041|S064|S118|S128|S189|S207,2024-02-04T04:41:44,work_context,0,,,
H02953,U0591,C128,I011,F009,O047,S056|S062|S078|S181|S199|S208|S232|S043,2024-02-04T04:51:56,work_context,1,Manufacturing,Midstream,Path_L
H06658,U1332,C261,I022,F015,O076,S070|S091|S112|S150|S155|S177|S218|S222,2024-02-04T05:01:53,collaboration_context,0,,,
H05178,U1036,C156,I005,F009,O045,S109|S117|S145|S151|S215,2024-02-04T05:43:03,skill_context,1,Retail,Midstream,Path_A
H05273,U1055,C300,I002,F011,O056,S015|S047|S059|S071|S087|S128|S159,2024-02-04T06:47:09,collaboration_context,0,,,
H06393,U1279,C217,I007,F005,O025,S029|S046|S065|S094|S192|S194|S235,2024-02-04T08:32:16,skill_context,0,,,
H02063,U0413,C135,I017,F008,O040,S049|S059|S061|S084|S090|S124|S160|S214,2024-02-04T08:50:14,work_context,0,,,
H01008,U0202,C058,I020,F008,O040,S005|S056|S191|S220|S232|S147,2024-02-04T10:41:04,collaboration_context,1,Procurement,Upstream,Path_A
H02338,U0468,C246,I024,F007,O034,S060|S114|S124|S196|S220|S225,2024-02-04T10:59:15,supply_context,0,,,
H04173,U0835,C074,I016,F014,O074,S015|S019|S034|S060|S113|S172|S235|S237,2024-02-04T11:55:31,collaboration_context,1,Distribution,Downstream,Path_E
H03988,U0798,C141,I019,F013,O067,S036|S132|S140|S166|S173|S114,2024-02-04T11:58:55,work_context,1,SCM,Upstream,Path_B
H05143,U1029,C221,I019,F006,O030,S082|S093|S100|S110|S134|S143|S195|S235,2024-02-04T12:16:48,collaboration_context,0,,,
H02888,U0578,C066,I021,F016,O086,S032|S038|S042|S060|S080|S095|S140|S217,2024-02-04T12:50:04,skill_context,1,SCM,Upstream,Path_K
H05933,U1187,C060,I011,F004,O020,S005|S022|S046|S083|S120|S184|S239,2024-02-04T12:57:43,skill_context,0,,,
H03763,U0753,C063,I003,F010,O053,S011|S026|S068|S135|S206|S225|S227|S239,2024-02-04T13:08:35,skill_context,1,Distribution,Upstream,Path_H
H02118,U0424,C307,I023,F018,O093,S120|S129|S133|S221|S229,2024-02-04T13:12:24,work_context,1,Distribution,Upstream,Path_K
H06058,U1212,C197,I007,F016,O082,S008|S010|S037|S099|S120|S130|S159|S197,2024-02-04T14:01:18,supply_context,0,,,
H06828,U1366,C022,I010,F004,O020,S050|S069|S132|S211|S237,2024-02-04T16:26:39,work_context,0,,,
H01308,U0262,C136,I023,F008,O041,S029|S076|S092|S121|S141|S152|S208|S072,2024-02-04T16:32:02,supply_context,0,,,
H01518,U0304,C088,I009,F017,O087,S005|S056|S057|S170|S202|S213,2024-02-04T17:39:30,work_context,0,,,
H05133,U1027,C046,I001,F006,O032,S020|S129|S199|S213|S225|S228,2024-02-04T17:43:12,collaboration_context,0,,,
H03913,U0783,C029,I003,F012,O060,S014|S057|S100|S136|S146|S155,2024-02-04T18:43:40,skill_context,0,,,
H03808,U0762,C072,I010,F015,O079,S007|S025|S030|S068|S099,2024-02-04T19:47:29,skill_context,0,,,
H05493,U1099,C101,I007,F002,O008,S041|S080|S081|S137|S152|S181|S183,2024-02-04T21:32:03,supply_context,0,,,
H04843,U0969,C309,I020,F015,O076,S019|S056|S076|S097|S117|S200|S222,2024-02-04T21:53:23,skill_context,0,,,
H00038,U0008,C282,I017,F005,O024,S019|S190|S206|S228|S230|S109,2024-02-05T00:35:28,supply_context,0,,,
H04313,U0863,C026,I012,F009,O047,S100|S115|S136|S180|S203,2024-02-05T01:03:45,skill_context,0,,,
H06578,U1316,C063,I003,F003,O013,S008|S043|S107|S122|S165|S195|S218|S053,2024-02-05T02:37:16,supply_context,0,,,
H06798,U1360,C288,I014,F017,O090,S026|S054|S100|S123|S134|S191,2024-02-05T04:38:21,skill_context,1,Manufacturing,Downstream,Path_J
H02873,U0575,C222,I003,F003,O014,S050|S072|S152|S177|S222|S168,2024-02-05T07:12:06,skill_context,0,,,
H04523,U0905,C122,I015,F005,O023,S030|S044|S071|S096|S130|S212,2024-02-05T07:22:18,skill_context,1,Logistics,Upstream,Path_I
H03188,U0638,C043,I019,F015,O079,S044|S188|S214|S217|S231,2024-02-05T08:22:15,collaboration_context,0,,,
H01613,U0323,C282,I017,F013,O069,S049|S050|S051|S113|S183,2024-02-05T08:23:24,work_context,1,Logistics,Midstream,Path_L
H02133,U0427,C008,I015,F017,O089,S044|S071|S091|S166|S174|S192|S221|S096,2024-02-05T08:35:44,skill_context,1,Logistics,Upstream,Path_E
H02518,U0504,C098,I012,F016,O083,S012|S045|S053|S078|S095|S131|S151|S161,2024-02-05T10:58:43,collaboration_context,1,Distribution,Upstream,Path_A
H05558,U1112,C033,I024,F014,O071,S015|S022|S031|S064|S085|S163|S216|S104,2024-02-05T11:08:43,work_context,0,,,
H04148,U0830,C262,I003,F016,O083,S103|S114|S120|S142|S153|S202|S207,2024-02-05T12:03:00,supply_context,1,Procurement,Downstream,Path_C
H00778,U0156,C155,I005,F011,O059,S045|S076|S084|S168|S175|S237|S161,2024-02-05T12:27:51,collaboration_context,1,Manufacturing,Midstream,Path_I
H00008,U0002,C137,I013,F001,O006,S025|S062|S084|S099|S180|S198|S194|S228,2024-02-05T13:39:08,skill_context,1,Manufacturing,Upstream,Path_F
H02563,U0513,C101,I007,F009,O044,S081|S109|S128|S151|S188|S199|S230|S214,2024-02-05T13:56:16,work_context,1,Distribution,Upstream,Path_F
H00283,U0057,C228,I008,F015,O078,S001|S019|S044|S092|S093|S144|S195|S233,2024-02-05T17:29:03,collaboration_context,0,,,
H03403,U0681,C206,I014,F007,O033,S003|S023|S046|S098|S108|S128|S137|S183,2024-02-05T17:53:43,supply_context,0,,,
H03283,U0657,C316,I013,F004,O020,S030|S076|S109|S152|S174|S228|S166,2024-02-05T18:36:31,supply_context,0,,,
H04208,U0842,C316,I013,F005,O025,S005|S008|S020|S028|S045|S061|S125,2024-02-05T18:38:18,collaboration_context,1,Distribution,Downstream,Path_D
H01448,U0290,C018,I020,F001,O001,S060|S061|S125|S181|S216|S108,2024-02-05T18:56:02,supply_context,1,Supplier Management,Upstream,Path_A
H02068,U0414,C105,I005,F003,O013,S054|S131|S137|S141|S145|S161|S218|S237,2024-02-05T20:51:13,skill_context,0,,,
H01698,U0340,C309,I020,F018,O092,S023|S064|S133|S194|S225,2024-02-05T22:00:15,collaboration_context,0,,,
H04258,U0852,C042,I020,F009,O048,S017|S069|S133|S168|S221|S016|S211,2024-02-05T22:08:43,collaboration_context,1,Retail,Downstream,Path_J
H00623,U0125,C206,I014,F016,O083,S078|S090|S186|S187|S210|S218|S236,2024-02-05T23:46:55,work_context,1,SCM,Upstream,Path_A
H05898,U1180,C288,I014,F014,O073,S011|S037|S043|S047|S066|S086|S195|S235,2024-02-06T01:08:59,skill_context,1,Procurement,Upstream,Path_B
H02398,U0480,C075,I011,F006,O028,S025|S080|S115|S184|S211|S164|S100|S081,2024-02-06T02:38:41,skill_context,0,,,
H02043,U0409,C014,I007,F003,O014,S009|S062|S094|S097|S166|S184|S195|S224,2024-02-06T04:48:42,collaboration_context,1,SCM,Midstream,Path_A
H04358,U0872,C282,I017,F015,O079,S018|S043|S085|S166|S169|S170|S185|S232,2024-02-06T07:03:13,work_context,0,,,
H05233,U1047,C122,I015,F018,O095,S010|S025|S037|S047|S136|S224,2024-02-06T07:28:19,supply_context,0,,,
H03158,U0632,C307,I023,F013,O070,S003|S011|S056|S222|S230,2024-02-06T10:01:30,collaboration_context,0,,,
H01793,U0359,C222,I003,F014,O073,S050|S065|S098|S130|S213|S240|S111,2024-02-06T10:33:35,work_context,0,,,
H02923,U0585,C303,I008,F008,O041,S005|S029|S046|S048|S066|S113|S195,2024-02-06T11:44:23,skill_context,0,,,
H00458,U0092,C173,I016,F006,O030,S027|S080|S128|S140|S156|S182|S085|S162,2024-02-06T12:22:46,supply_context,1,Logistics,Upstream,Path_I
H00718,U0144,C207,I008,F002,O009,S029|S039|S050|S107|S140|S165|S177|S196,2024-02-06T12:53:32,skill_context,0,,,
H03313,U0663,C318,I017,F017,O091,S028|S030|S041|S053|S147|S196|S208|S138,2024-02-06T13:55:58,work_context,1,SCM,Upstream,Path_K
H06773,U1355,C271,I018,F016,O082,S110|S130|S155|S176|S239|S186,2024-02-06T14:23:16,supply_context,1,Distribution,Downstream,Path_F
H01623,U0325,C037,I009,F017,O089,S059|S072|S075|S093|S140|S048,2024-02-06T14:54:41,supply_context,0,,,
H06498,U1300,C212,I016,F015,O080,S033|S036|S049|S122|S149|S185,2024-02-06T15:32:57,supply_context,0,,,
H03013,U0603,C058,I020,F010,O054,S001|S060|S097|S119|S225,2024-02-06T16:04:38,supply_context,0,,,
H01073,U0215,C261,I022,F016,O082,S057|S074|S118|S158|S202|S211|S217,2024-02-06T16:38:37,supply_context,1,Logistics,Midstream,Path_H
H05008,U1002,C229,I019,F016,O086,S011|S016|S047|S065|S140,2024-02-06T17:01:58,collaboration_context,0,,,
H00113,U0023,C258,I010,F008,O041,S032|S039|S059|S097|S098|S156|S232,2024-02-06T18:05:21,collaboration_context,1,Retail,Midstream,Path_I
H01808,U0362,C052,I013,F015,O078,S002|S006|S050|S109|S212,2024-02-06T18:49:13,skill_context,0,,,
H05983,U1197,C050,I013,F013,O069,S024|S050|S065|S137|S199|S228,2024-02-06T20:10:48,work_context,0,,,
H05088,U1018,C112,I008,F003,O016,S030|S149|S160|S202|S228,2024-02-06T23:12:51,supply_context,0,,,
H02523,U0505,C067,I002,F009,O046,S031|S054|S067|S070|S087|S102|S199|S213,2024-02-07T00:09:34,supply_context,0,,,
H04053,U0811,C288,I014,F008,O040,S005|S018|S023|S043|S084|S114|S140|S218,2024-02-07T00:21:19,skill_context,0,,,
H06668,U1334,C162,I001,F007,O037,S006|S020|S040|S127|S132|S146|S175|S062,2024-02-07T02:59:48,collaboration_context,1,Supplier Management,Downstream,Path_B
H06848,U1370,C090,I003,F014,O072,S010|S074|S077|S089|S145|S229,2024-02-07T03:20:16,skill_context,0,,,
H01393,U0279,C062,I010,F001,O003,S013|S014|S091|S094|S121|S125|S132|S197,2024-02-07T04:35:35,work_context,0,,,
H02178,U0436,C124,I001,F013,O065,S026|S055|S087|S138|S151|S201|S213|S223,2024-02-07T05:38:55,skill_context,1,Retail,Upstream,Path_J
H03388,U0678,C152,I019,F007,O035,S034|S045|S065|S087|S155|S157|S212,2024-02-07T07:44:15,supply_context,0,,,
H05993,U1199,C224,I004,F012,O062,S015|S017|S059|S060|S176,2024-02-07T08:05:31,collaboration_context,0,,,
H01983,U0397,C144,I006,F007,O036,S007|S011|S030|S101|S175,2024-02-07T08:24:26,skill_context,1,Logistics,Midstream,Path_A
H02733,U0547,C237,I016,F018,O093,S021|S049|S078|S115|S192|S019|S103,2024-02-07T11:00:40,work_context,0,,,
H01323,U0265,C246,I024,F007,O033,S003|S022|S077|S158|S201|S225|S145|S160,2024-02-07T11:03:42,supply_context,0,,,
H04508,U0902,C033,I024,F018,O092,S014|S096|S147|S152|S169|S174|S201|S212,2024-02-07T13:15:47,work_context,0,,,
H05468,U1094,C046,I001,F009,O044,S072|S085|S096|S104|S178|S182|S202|S222,2024-02-07T13:57:16,work_context,1,Manufacturing,Midstream,Path_A
H00018,U0004,C055,I023,F011,O057,S013|S024|S026|S028|S110|S149|S177,2024-02-07T16:30:07,supply_context,1,Distribution,Downstream,Path_K
H05788,U1158,C037,I009,F015,O076,S012|S013|S118|S119|S121|S218|S220|S227,2024-02-07T17:18:46,skill_context,1,SCM,Downstream,Path_G
H02818,U0564,C054,I004,F014,O073,S054|S088|S090|S137|S140|S156|S163,2024-02-07T17:31:36,skill_context,0,,,
H00178,U0036,C263,I011,F009,O046,S006|S043|S132|S180|S234|S114,2024-02-07T18:12:50,work_context,1,Retail,Upstream,Path_F
H02033,U0407,C315,I003,F003,O013,S111|S125|S126|S177|S228|S231|S238,2024-02-07T18:17:27,supply_context,0,,,
H06628,U1326,C209,I019,F001,O005,S007|S029|S089|S118|S191|S225|S239|S138,2024-02-07T19:14:45,skill_context,0,,,
H01738,U0348,C088,I009,F004,O021,S023|S033|S049|S060|S144|S196|S214|S230,2024-02-07T19:28:51,collaboration_context,0,,,
H00278,U0056,C028,I018,F014,O071,S052|S074|S140|S146|S168,2024-02-07T21:15:02,collaboration_context,1,Logistics,Downstream,Path_D
H04618,U0924,C079,I021,F014,O074,S037|S039|S069|S119|S147,2024-02-07T21:47:34,work_context,0,,,
H04218,U0844,C227,I019,F015,O079,S023|S028|S030|S055|S093|S096|S122|S177,2024-02-07T22:23:26,work_context,0,,,
H04723,U0945,C005,I018,F017,O089,S038|S070|S201|S204|S228,2024-02-08T00:39:27,collaboration_context,1,Procurement,Upstream,Path_E
H05628,U1126,C058,I020,F006,O031,S029|S051|S117|S171|S187,2024-02-08T01:03:09,collaboration_context,0,,,
H03848,U0770,C173,I016,F006,O031,S010|S026|S045|S067|S141|S146|S228|S240,2024-02-08T01:47:38,collaboration_context,1,Distribution,Upstream,Path_B
H00558,U0112,C268,I002,F016,O085,S024|S033|S118|S130|S157|S170|S187|S238,2024-02-08T01:56:06,skill_context,1,Manufacturing,Upstream,Path_G
H01468,U0294,C214,I022,F013,O067,S052|S073|S147|S158|S186,2024-02-08T02:20:00,collaboration_context,1,Manufacturing,Downstream,Path_F
H06678,U1336,C107,I006,F006,O028,S020|S031|S057|S058|S059|S066|S117|S148,2024-02-08T02:36:57,work_context,1,Manufacturing,Downstream,Path_J
H06873,U1375,C053,I019,F001,O004,S050|S098|S120|S129|S150|S152|S176|S188,2024-02-08T02:38:25,collaboration_context,0,,,
H01648,U0330,C253,I021,F018,O094,S005|S043|S056|S085|S119|S168|S193|S204,2024-02-08T02:48:06,collaboration_context,1,Retail,Midstream,Path_K
H01573,U0315,C076,I024,F005,O027,S079|S113|S120|S130|S159|S171|S217,2024-02-08T04:58:28,supply_context,1,Procurement,Downstream,Path_I
H06238,U1248,C015,I001,F001,O002,S026|S027|S048|S095|S172|S180|S239|S107,2024-02-08T05:45:14,work_context,1,Procurement,Upstream,Path_F
H03323,U0665,C223,I012,F015,O080,S041|S055|S082|S098|S119|S162|S109|S074,2024-02-08T07:21:06,skill_context,1,SCM,Downstream,Path_I
H00908,U0182,C132,I019,F017,O090,S018|S042|S079|S161|S174|S197|S212,2024-02-08T08:25:40,work_context,0,,,
H00758,U0152,C286,I009,F002,O011,S004|S037|S080|S119|S177|S198|S128|S022,2024-02-08T14:10:59,collaboration_context,0,,,
H02853,U0571,C154,I022,F003,O013,S030|S168|S180|S199|S228,2024-02-08T15:52:28,skill_context,0,,,
H03578,U0716,C035,I013,F006,O032,S031|S039|S060|S064|S088|S115|S137|S163,2024-02-08T16:38:24,skill_context,1,Distribution,Downstream,Path_H
H00568,U0114,C115,I017,F014,O072,S001|S008|S009|S038|S131|S150|S153|S237,2024-02-08T17:24:40,work_context,1,Retail,Midstream,Path_J
H01963,U0393,C150,I001,F009,O044,S006|S022|S092|S112|S139|S221|S137|S131,2024-02-08T18:04:24,skill_context,1,Manufacturing,Downstream,Path_H
H00973,U0195,C093,I002,F016,O086,S070|S099|S176|S196|S197|S222|S139|S212,2024-02-08T19:27:03,collaboration_context,0,,,
H06073,U1215,C039,I023,F015,O076,S031|S065|S080|S095|S124,2024-02-08T20:01:00,skill_context,0,,,
H01923,U0385,C054,I004,F013,O065,S020|S070|S169|S186|S240,2024-02-08T22:19:38,work_context,1,SCM,Downstream,Path_G
H01188,U0238,C170,I013,F007,O037,S011|S051|S103|S108|S126|S154|S196|S236,2024-02-08T23:10:58,skill_context,0,,,
H01348,U0270,C186,I001,F018,O096,S073|S096|S103|S163|S192|S236|S240,2024-02-08T23:12:22,skill_context,0,,,
H04888,U0978,C162,I001,F013,O070,S010|S057|S078|S097|S145|S147|S204|S190,2024-02-08T23:55:12,collaboration_context,0,,,
H06688,U1338,C074,I016,F007,O034,S028|S032|S043|S045|S081|S123|S135|S139,2024-02-09T00:19:30,work_context,0,,,
H02418,U0484,C068,I006,F010,O053,S026|S052|S058|S065|S151|S165|S210,2024-02-09T01:09:11,collaboration_context,0,,,
H01528,U0306,C030,I020,F015,O079,S030|S066|S075|S077|S095|S148|S172|S003,2024-02-09T01:42:47,collaboration_context,0,,,
H05973,U1195,C200,I004,F011,O057,S028|S084|S106|S123|S156|S208,2024-02-09T02:15:50,skill_context,0,,,
H05743,U1149,C020,I004,F006,O031,S015|S025|S064|S068|S070|S077|S180|S206,2024-02-09T04:35:37,work_context,0,,,
H03968,U0794,C199,I021,F010,O052,S024|S032|S170|S209|S233,2024-02-09T04:44:16,skill_context,1,Logistics,Downstream,Path_B
H05018,U1004,C102,I009,F006,O032,S049|S064|S069|S073|S125|S135|S165|S197,2024-02-09T04:45:18,skill_context,0,,,
H02453,U0491,C134,I005,F008,O040,S001|S010|S039|S044|S128|S138|S192|S215,2024-02-09T05:48:34,supply_context,0,,,
H00173,U0035,C068,I006,F014,O073,S057|S107|S218|S220|S233|S235,2024-02-09T06:55:09,supply_context,0,,,
H06643,U1329,C253,I021,F010,O054,S015|S021|S041|S104|S131|S151|S156|S175,2024-02-09T08:07:27,work_context,0,,,
H00808,U0162,C125,I007,F001,O005,S054|S057|S061|S084|S092|S141|S144,2024-02-09T08:19:00,supply_context,0,,,
H04758,U0952,C113,I004,F006,O032,S033|S054|S059|S145|S148|S152|S206,2024-02-09T08:22:50,collaboration_context,0,,,
H05663,U1133,C032,I011,F006,O031,S027|S066|S086|S113|S122|S161|S180|S212,2024-02-09T09:48:30,supply_context,1,SCM,Upstream,Path_K
H05213,U1043,C081,I007,F006,O031,S022|S059|S089|S108|S210|S222,2024-02-09T13:44:45,collaboration_context,0,,,
H02443,U0489,C260,I019,F001,O006,S043|S053|S081|S086|S116|S228|S235,2024-02-09T14:54:44,supply_context,0,,,
H00903,U0181,C182,I011,F015,O080,S004|S007|S054|S091|S102|S156|S222,2024-02-09T16:57:27,skill_context,0,,,
H01423,U0285,C101,I007,F017,O087,S016|S038|S050|S054|S180|S230,2024-02-09T17:05:52,collaboration_context,0,,,
H02478,U0496,C070,I017,F013,O068,S023|S146|S158|S209|S212|S217|S240,2024-02-09T17:06:13,collaboration_context,0,,,
H02663,U0533,C140,I022,F015,O080,S030|S050|S061|S078|S202,2024-02-09T18:01:09,work_context,0,,,
H03948,U0790,C235,I009,F004,O022,S014|S040|S070|S075|S196|S208,2024-02-09T18:16:58,work_context,0,,,
H03508,U0702,C183,I006,F017,O090,S068|S144|S153|S193|S201|S133,2024-02-09T19:15:43,work_context,0,,,
H06083,U1217,C044,I017,F018,O093,S018|S040|S044|S048|S063|S113|S149|S232,2024-02-09T19:44:21,skill_context,1,Logistics,Upstream,Path_J
H03443,U0689,C133,I021,F015,O076,S007|S052|S069|S105|S109|S144|S210,2024-02-09T19:55:08,supply_context,0,,,
H03598,U0720,C007,I017,F012,O063,S067|S090|S131|S159|S163|S048|S116,2024-02-09T20:13:51,collaboration_context,0,,,
H00683,U0137,C185,I021,F006,O029,S092|S103|S118|S129|S157|S184|S216|S031,2024-02-09T21:51:15,work_context,0,,,
H02263,U0453,C147,I008,F017,O088,S012|S094|S133|S186|S201|S232|S095|S156,2024-02-09T22:19:35,supply_context,1,Logistics,Upstream,Path_C
H01038,U0208,C258,I010,F002,O010,S048|S098|S112|S127|S151|S158|S179|S215,2024-02-09T23:29:30,work_context,0,,,
H05253,U1051,C182,I011,F001,O003,S031|S033|S042|S184|S188|S041,2024-02-09T23:46:53,work_context,1,Logistics,Downstream,Path_B
H06443,U1289,C096,I017,F012,O064,S007|S008|S016|S038|S063|S138|S238,2024-02-10T01:15:21,supply_context,0,,,
H05053,U1011,C241,I013,F003,O016,S024|S071|S085|S096|S141|S221|S225|S236,2024-02-10T01:31:05,collaboration_context,1,SCM,Midstream,Path_F
H02898,U0580,C104,I024,F011,O057,S008|S036|S058|S064|S156|S181|S183,2024-02-10T02:06:05,skill_context,1,Supplier Management,Downstream,Path_I
H06913,U1383,C307,I023,F012,O064,S012|S021|S098|S158|S173|S201,2024-02-10T02:20:56,supply_context,0,,,
H06133,U1227,C231,I015,F016,O081,S019|S035|S115|S153|S160|S161|S183|S214,2024-02-10T03:54:01,work_context,0,,,
H06168,U1234,C246,I024,F013,O067,S002|S132|S213|S215|S216|S224|S021,2024-02-10T04:52:54,work_context,0,,,
H05908,U1182,C100,I005,F017,O090,S079|S080|S088|S110|S114|S221|S156|S062,2024-02-10T04:54:55,skill_context,0,,,
H01233,U0247,C094,I006,F018,O095,S064|S071|S074|S079|S152|S173|S112,2024-02-10T05:48:04,skill_context,0,,,
H06958,U1392,C178,I022,F008,O043,S032|S154|S158|S168|S193|S012,2024-02-10T08:10:33,skill_context,1,Logistics,Midstream,Path_L
H00233,U0047,C249,I018,F013,O070,S043|S084|S107|S126|S147|S185|S194|S054,2024-02-10T10:15:42,collaboration_context,0,,,
H04178,U0836,C240,I002,F012,O063,S006|S020|S055|S100|S231,2024-02-10T11:40:25,skill_context,1,Logistics,Midstream,Path_E
H04728,U0946,C202,I022,F017,O091,S012|S050|S090|S108|S162|S239,2024-02-10T11:42:35,supply_context,0,,,
H06633,U1327,C202,I022,F018,O095,S071|S148|S193|S202|S232,2024-02-10T14:50:45,skill_context,1,Manufacturing,Midstream,Path_H
H00343,U0069,C147,I008,F010,O052,S006|S057|S063|S067|S076|S129|S164|S236,2024-02-10T15:30:10,work_context,1,Supplier Management,Midstream,Path_J
H00383,U0077,C202,I022,F006,O029,S008|S018|S034|S058|S059|S071|S197|S207,2024-02-10T15:38:21,supply_context,1,Logistics,Midstream,Path_J
H04188,U0838,C062,I010,F006,O032,S062|S096|S108|S150|S198|S207|S213|S219,2024-02-10T15:58:21,supply_context,1,Logistics,Midstream,Path_J
H04018,U0804,C087,I011,F017,O088,S041|S049|S087|S133|S151|S162|S225|S198,2024-02-10T16:10:14,skill_context,1,Retail,Downstream,Path_A
H06583,U1317,C267,I008,F008,O041,S064|S079|S155|S195|S232|S005,2024-02-10T16:28:07,skill_context,1,SCM,Midstream,Path_G
H01733,U0347,C311,I018,F011,O055,S051|S106|S145|S165|S183|S233,2024-02-10T16:49:20,collaboration_context,0,,,
H02633,U0527,C267,I008,F005,O023,S028|S043|S112|S119|S165|S197|S206,2024-02-10T17:14:11,supply_context,1,Procurement,Midstream,Path_L
H02283,U0457,C182,I011,F017,O091,S001|S052|S057|S082|S094|S124|S171|S189,2024-02-10T18:13:33,collaboration_context,0,,,
H02623,U0525,C104,I024,F003,O016,S049|S072|S098|S141|S157|S162,2024-02-10T19:00:49,skill_context,0,,,
H06208,U1242,C091,I015,F001,O001,S033|S059|S089|S123|S150|S228|S233|S170,2024-02-10T20:35:53,work_context,0,,,
H01443,U0289,C180,I005,F010,O052,S059|S071|S135|S166|S201|S227|S171|S072,2024-02-10T21:19:54,collaboration_context,0,,,
H03888,U0778,C004,I004,F006,O030,S030|S103|S164|S181|S224|S011,2024-02-10T21:25:44,work_context,0,,,
H02573,U0515,C195,I007,F014,O074,S003|S025|S165|S175|S213,2024-02-10T21:27:00,work_context,0,,,
H04698,U0940,C169,I011,F001,O006,S031|S058|S126|S191|S197|S203|S138|S193,2024-02-10T21:54:37,work_context,0,,,
H06343,U1269,C208,I009,F006,O028,S035|S104|S112|S135|S177|S192|S083|S229,2024-02-10T21:57:19,collaboration_context,1,Procurement,Upstream,Path_H
H00188,U0038,C017,I012,F013,O067,S125|S145|S150|S185|S195|S214,2024-02-10T22:40:53,collaboration_context,0,,,
H00328,U0066,C236,I023,F011,O058,S124|S132|S154|S155|S208|S216|S219|S236,2024-02-10T23:31:21,skill_context,0,,,
H03378,U0676,C099,I020,F006,O030,S042|S045|S074|S142|S169|S204|S218|S240,2024-02-10T23:56:36,skill_context,0,,,
H06888,U1378,C110,I003,F016,O083,S037|S059|S062|S084|S099|S155|S209|S221,2024-02-11T00:14:43,collaboration_context,0,,,
H05153,U1031,C315,I003,F007,O035,S013|S038|S114|S122|S127|S154|S184|S195,2024-02-11T00:54:16,skill_context,1,Supplier Management,Upstream,Path_D
H04583,U0917,C143,I014,F013,O070,S009|S013|S032|S068|S087|S137|S207|S235,2024-02-11T01:06:34,work_context,1,Retail,Downstream,Path_E
H06743,U1349,C189,I013,F005,O024,S077|S085|S117|S145|S164|S200|S211|S224,2024-02-11T01:32:50,skill_context,1,Distribution,Downstream,Path_I
H04488,U0898,C131,I018,F012,O062,S028|S033|S071|S119|S128|S186|S227,2024-02-11T01:53:35,collaboration_context,1,Retail,Midstream,Path_K
H04798,U0960,C197,I007,F018,O094,S013|S034|S081|S127|S136|S150|S195|S061,2024-02-11T03:14:36,collaboration_context,1,Retail,Midstream,Path_E
H05293,U1059,C187,I002,F013,O068,S017|S068|S113|S138|S202,2024-02-11T03:40:09,supply_context,0,,,
H04243,U0849,C212,I016,F009,O044,S025|S053|S123|S196|S221|S224|S225,2024-02-11T05:01:57,skill_context,0,,,
H05858,U1172,C210,I024,F018,O094,S047|S088|S097|S115|S150|S199,2024-02-11T05:11:42,skill_context,0,,,
H01513,U0303,C134,I005,F010,O051,S069|S085|S129|S145|S147|S160|S201,2024-02-11T05:56:46,work_context,0,,,
H01958,U0392,C174,I005,F010,O050,S019|S080|S085|S096|S111|S124|S219,2024-02-11T05:58:15,work_context,1,Procurement,Upstream,Path_J
H06088,U1218,C113,I004,F005,O023,S059|S109|S113|S169|S190|S195|S205,2024-02-11T06:04:16,collaboration_context,0,,,
H01653,U0331,C077,I019,F013,O067,S140|S146|S164|S168|S204,2024-02-11T06:05:22,skill_context,0,,,
H00203,U0041,C146,I017,F012,O063,S017|S074|S080|S099|S114|S182|S201,2024-02-11T06:25:17,supply_context,1,Logistics,Upstream,Path_I
H02408,U0482,C215,I020,F011,O058,S004|S017|S029|S064|S152|S173|S176,2024-02-11T07:36:50,skill_context,1,Procurement,Upstream,Path_I
H01183,U0237,C140,I022,F005,O023,S023|S055|S059|S064|S133|S141,2024-02-11T10:41:49,work_context,1,Retail,Upstream,Path_K
H06943,U1389,C053,I019,F016,O084,S006|S026|S049|S156|S162|S225|S226,2024-02-11T10:57:01,collaboration_context,1,Supplier Management,Midstream,Path_C
H05223,U1045,C048,I005,F018,O092,S022|S069|S095|S130|S138|S156|S186|S234,2024-02-11T11:47:08,skill_context,1,SCM,Downstream,Path_I
H00443,U0089,C257,I006,F003,O016,S006|S030|S077|S128|S191|S230|S237|S134,2024-02-11T12:43:09,collaboration_context,0,,,
H01708,U0342,C289,I018,F011,O055,S035|S087|S136|S140|S164|S047,2024-02-11T13:21:59,supply_context,0,,,
H00878,U0176,C151,I020,F002,O009,S059|S063|S105|S110|S147|S187|S199,2024-02-11T14:46:37,skill_context,1,Supplier Management,Upstream,Path_C
H01498,U0300,C121,I001,F010,O050,S065|S083|S113|S125|S133|S155|S166|S054,2024-02-11T14:49:06,collaboration_context,1,SCM,Upstream,Path_D
H04813,U0963,C062,I010,F016,O081,S017|S061|S113|S158|S191|S193|S237|S181,2024-02-11T15:03:34,skill_context,1,Logistics,Downstream,Path_D
H02078,U0416,C060,I011,F011,O055,S032|S057|S061|S104|S140|S052,2024-02-11T15:10:33,supply_context,0,,,
H06163,U1233,C289,I018,F004,O021,S046|S049|S072|S192|S233|S237,2024-02-11T18:09:55,collaboration_context,0,,,
H00463,U0093,C194,I010,F007,O037,S034|S064|S093|S098|S204|S207|S018,2024-02-11T22:05:28,work_context,0,,,
H01173,U0235,C224,I004,F014,O072,S007|S076|S122|S126|S127|S168|S201,2024-02-11T22:56:53,work_context,0,,,
H05838,U1168,C073,I001,F009,O044,S028|S105|S113|S117|S131,2024-02-11T23:34:48,collaboration_context,1,Procurement,Upstream,Path_I
H02988,U0598,C174,I005,F014,O072,S097|S100|S109|S112|S194|S214|S133,2024-02-11T23:49:51,collaboration_context,0,,,
H05893,U1179,C021,I006,F012,O060,S026|S044|S114|S141|S211|S018,2024-02-12T02:05:35,work_context,0,,,
H00933,U0187,C107,I006,F012,O062,S060|S064|S116|S148|S152|S156|S186|S202,2024-02-12T02:22:19,supply_context,1,Distribution,Upstream,Path_G
H05998,U1200,C171,I018,F002,O008,S009|S117|S126|S140|S141|S179,2024-02-12T03:11:38,collaboration_context,1,SCM,Downstream,Path_F
H02808,U0562,C093,I002,F016,O086,S005|S024|S119|S190|S225|S059,2024-02-12T03:17:39,supply_context,0,,,
H04493,U0899,C175,I008,F017,O091,S054|S113|S157|S179|S193|S118|S202,2024-02-12T04:39:55,skill_context,0,,,
H03993,U0799,C185,I021,F016,O081,S026|S033|S072|S108|S171|S229|S153|S039,2024-02-12T04:56:58,supply_context,0,,,
H00763,U0153,C172,I010,F015,O080,S032|S110|S113|S122|S127|S173|S194|S229,2024-02-12T07:20:40,work_context,0,,,
H03338,U0668,C236,I023,F010,O051,S006|S009|S021|S069|S104|S118|S122,2024-02-12T07:56:34,collaboration_context,0,,,
H06753,U1351,C081,I007,F015,O078,S056|S062|S096|S180|S184|S197|S199|S238,2024-02-12T08:41:25,collaboration_context,0,,,
H05103,U1021,C095,I012,F006,O028,S011|S068|S108|S110|S174|S103|S132,2024-02-12T09:03:03,supply_context,1,Logistics,Midstream,Path_G
H04113,U0823,C118,I013,F007,O036,S063|S077|S127|S169|S191|S227,2024-02-12T10:14:24,work_context,1,SCM,Midstream,Path_F
H02168,U0434,C120,I017,F002,O011,S011|S022|S040|S194|S220|S223,2024-02-12T10:18:38,work_context,1,SCM,Downstream,Path_A
H06823,U1365,C265,I014,F015,O077,S040|S055|S060|S072|S141|S053,2024-02-12T10:51:10,skill_context,0,,,
H02913,U0583,C118,I013,F010,O051,S035|S041|S053|S163|S168|S231|S236|S125,2024-02-12T12:27:42,supply_context,1,Distribution,Upstream,Path_I
H01883,U0377,C252,I024,F013,O068,S005|S091|S126|S141|S179|S055,2024-02-12T12:33:01,collaboration_context,1,Procurement,Midstream,Path_B
H03958,U0792,C019,I018,F012,O062,S004|S014|S036|S067|S120|S166|S184|S225,2024-02-12T13:34:26,collaboration_context,1,Retail,Midstream,Path_K
H01298,U0260,C213,I020,F011,O058,S006|S037|S110|S130|S134|S187|S072,2024-02-12T13:42:52,skill_context,1,Manufacturing,Downstream,Path_H
H01893,U0379,C030,I020,F003,O016,S064|S119|S133|S163|S230,2024-02-12T14:52:23,skill_context,0,,,
H03548,U0710,C126,I016,F012,O063,S022|S051|S073|S074|S197|S220,2024-02-12T16:15:33,work_context,1,Procurement,Midstream,Path_K
H01578,U0316,C267,I008,F002,O010,S088|S111|S161|S206|S218,2024-02-12T17:40:36,collaboration_context,0,,,
H01363,U0273,C106,I021,F017,O089,S069|S091|S118|S124|S147|S157|S220|S238,2024-02-12T23:26:27,collaboration_context,0,,,
H04413,U0883,C221,I019,F003,O014,S060|S064|S125|S171|S191,2024-02-12T23:46:26,supply_context,1,Supplier Management,Downstream,Path_J
H03643,U0729,C029,I003,F009,O046,S005|S027|S044|S058|S094|S131|S136|S141,2024-02-13T03:20:41,skill_context,1,Distribution,Upstream,Path_C
H03628,U0726,C015,I001,F008,O041,S010|S024|S026|S036|S071|S117|S197,2024-02-13T03:35:04,work_context,0,,,
H03238,U0648,C045,I009,F010,O049,S033|S066|S088|S134|S199|S203,2024-02-13T04:51:44,work_context,0,,,
H04023,U0805,C035,I013,F012,O062,S100|S107|S155|S206|S223|S227|S129,2024-02-13T06:43:38,work_context,0,,,
H00198,U0040,C166,I018,F010,O052,S042|S053|S088|S091|S230|S156,2024-02-13T07:27:08,work_context,0,,,
H04703,U0941,C133,I021,F014,O072,S062|S096|S108|S110|S194|S123|S028,2024-02-13T07:57:36,supply_context,0,,,
H05463,U1093,C131,I018,F004,O018,S088|S090|S113|S125|S186|S189|S228|S235,2024-02-13T09:03:30,supply_context,0,,,
H03038,U0608,C147,I008,F015,O076,S032|S044|S173|S175|S186|S193|S208|S235,2024-02-13T09:12:09,supply_context,0,,,
H01913,U0383,C305,I018,F018,O095,S093|S131|S142|S146|S173,2024-02-13T10:25:01,supply_context,1,Manufacturing,Upstream,Path_D
H01843,U0369,C088,I009,F012,O060,S082|S097|S121|S147|S170|S191|S223|S225,2024-02-13T11:12:51,work_context,0,,,
H03363,U0673,C011,I004,F004,O022,S026|S081|S105|S142|S153|S159|S200|S231,2024-02-13T12:21:31,work_context,0,,,
H05003,U1001,C212,I016,F009,O044,S017|S022|S040|S067|S075|S096|S103|S109,2024-02-13T12:52:01,work_context,1,Logistics,Downstream,Path_G
H05548,U1110,C077,I019,F001,O003,S091|S094|S145|S147|S151|S173|S114,2024-02-13T14:00:04,supply_context,0,,,
H00743,U0149,C163,I002,F013,O067,S040|S076|S095|S124|S154|S203|S111|S055,2024-02-13T14:04:43,skill_context,0,,,
H06843,U1369,C047,I012,F016,O085,S087|S103|S124|S151|S154|S162|S178|S206,2024-02-13T14:19:07,work_context,0,,,
H02448,U0490,C075,I011,F011,O057,S017|S081|S125|S138|S213|S215,2024-02-13T14:20:15,collaboration_context,0,,,
H04848,U0970,C154,I022,F003,O013,S008|S017|S026|S087|S102|S131|S238|S201,2024-02-13T14:38:24,supply_context,0,,,
H03213,U0643,C018,I020,F007,O034,S012|S035|S073|S091|S188|S201|S210,2024-02-13T15:49:51,collaboration_context,0,,,
H03738,U0748,C270,I003,F016,O082,S034|S058|S105|S149|S215|S157|S114,2024-02-13T15:51:27,work_context,0,,,
H05128,U1026,C223,I012,F005,O025,S076|S140|S186|S191|S194|S215|S221,2024-02-13T19:01:03,collaboration_context,0,,,
H03813,U0763,C140,I022,F016,O081,S047|S067|S086|S163|S172|S180|S233|S239,2024-02-13T21:16:50,skill_context,0,,,
H05563,U1113,C282,I017,F002,O007,S047|S075|S109|S200|S229,2024-02-13T21:46:28,work_context,1,Procurement,Downstream,Path_E
H04283,U0857,C231,I015,F008,O042,S011|S028|S040|S077|S098|S111|S150,2024-02-13T21:54:37,skill_context,1,Logistics,Midstream,Path_D
H04028,U0806,C039,I023,F018,O095,S015|S121|S195|S200|S235,2024-02-13T22:00:46,collaboration_context,0,,,
H00303,U0061,C113,I004,F011,O055,S011|S018|S026|S063|S079|S143|S177|S203,2024-02-14T01:33:18,collaboration_context,1,Procurement,Downstream,Path_C
H03908,U0782,C017,I012,F012,O063,S011|S025|S038|S091|S098|S183,2024-02-14T03:08:24,skill_context,0,,,
H05418,U1084,C243,I008,F013,O068,S044|S132|S192|S217|S224,2024-02-14T03:10:11,supply_context,0,,,
H00388,U0078,C278,I004,F008,O039,S009|S066|S080|S131|S132,2024-02-14T05:39:33,supply_context,0,,,
H05068,U1014,C267,I008,F016,O081,S022|S062|S110|S155|S162|S185|S216|S010,2024-02-14T05:54:55,skill_context,1,Distribution,Downstream,Path_B
H03208,U0642,C242,I022,F002,O007,S004|S024|S084|S094|S122|S171|S172|S179,2024-02-14T06:11:58,supply_context,0,,,
H01088,U0218,C271,I018,F012,O063,S015|S042|S055|S069|S078|S083|S146|S159,2024-02-14T07:19:17,supply_context,0,,,
H04693,U0939,C220,I006,F002,O011,S038|S039|S078|S086|S116|S169|S185|S238,2024-02-14T08:30:40,skill_context,0,,,
H02423,U0485,C169,I011,F017,O087,S012|S048|S055|S081|S119|S132|S182|S236,2024-02-14T08:51:54,work_context,0,,,
H04773,U0955,C279,I021,F014,O074,S017|S020|S069|S090|S107|S119|S148|S170,2024-02-14T11:55:12,skill_context,0,,,
H02203,U0441,C175,I008,F007,O033,S019|S076|S109|S130|S174,2024-02-14T12:52:36,supply_context,0,,,
H04908,U0982,C104,I024,F015,O078,S026|S040|S075|S119|S145|S184,2024-02-14T12:55:11,collaboration_context,0,,,
H05818,U1164,C245,I003,F015,O080,S012|S037|S048|S111|S158,2024-02-14T15:15:48,collaboration_context,0,,,
H06588,U1318,C092,I001,F006,O031,S067|S072|S074|S080|S142|S161|S213|S225,2024-02-14T19:48:02,supply_context,0,,,
H05248,U1050,C072,I010,F013,O067,S001|S006|S016|S150|S216|S097|S167,2024-02-14T20:14:45,collaboration_context,0,,,
H01333,U0267,C063,I003,F006,O029,S042|S107|S112|S119|S121|S217|S019,2024-02-14T21:14:35,supply_context,1,Retail,Downstream,Path_J
H05363,U1073,C137,I013,F011,O057,S038|S127|S193|S203|S229|S101|S147,2024-02-14T21:26:16,collaboration_context,0,,,
H01258,U0252,C127,I004,F006,O029,S024|S054|S085|S105|S115|S193|S194|S226,2024-02-14T21:45:09,skill_context,0,,,
H01373,U0275,C143,I014,F001,O002,S006|S067|S083|S087|S108|S174|S192|S206,2024-02-14T22:32:59,skill_context,0,,,
H04938,U0988,C312,I022,F018,O093,S006|S022|S063|S081|S108|S140|S189|S212,2024-02-14T22:55:07,work_context,0,,,
H03983,U0797,C006,I023,F003,O016,S020|S144|S159|S191|S208|S101,2024-02-14T23:25:49,collaboration_context,0,,,
H04318,U0864,C292,I017,F009,O048,S053|S136|S153|S201|S207,2024-02-15T01:54:05,collaboration_context,1,Retail,Upstream,Path_J
H05613,U1123,C071,I012,F011,O057,S002|S035|S063|S170|S175,2024-02-15T04:29:43,work_context,0,,,
H02843,U0569,C223,I012,F018,O095,S097|S104|S144|S170|S171,2024-02-15T05:03:51,collaboration_context,0,,,
H04403,U0881,C019,I018,F003,O012,S012|S020|S080|S126|S150|S201|S143,2024-02-15T05:39:32,collaboration_context,0,,,
H00648,U0130,C310,I016,F003,O013,S084|S117|S119|S149|S169|S187|S112,2024-02-15T06:17:49,work_context,0,,,
H05048,U1010,C045,I009,F007,O037,S014|S136|S144|S155|S206|S224|S179|S004,2024-02-15T06:31:39,supply_context,0,,,
H00293,U0059,C230,I002,F018,O096,S014|S130|S177|S205|S210|S222|S200,2024-02-15T08:38:15,collaboration_context,1,Distribution,Upstream,Path_D
H00128,U0026,C304,I020,F015,O079,S046|S060|S081|S124|S160|S190|S208,2024-02-15T08:44:32,work_context,0,,,
H03943,U0789,C084,I014,F010,O051,S077|S087|S089|S099|S168|S170|S192,2024-02-15T10:05:17,collaboration_context,0,,,
H00968,U0194,C195,I007,F010,O054,S071|S083|S090|S099|S119,2024-02-15T11:40:17,supply_context,0,,,
H06523,U1305,C158,I014,F005,O025,S054|S109|S122|S147|S158|S179,2024-02-15T12:15:08,skill_context,0,,,
H04898,U0980,C259,I009,F013,O067,S020|S085|S109|S171|S174,2024-02-15T13:14:48,supply_context,0,,,
H02588,U0518,C204,I016,F001,O002,S062|S067|S083|S096|S139|S153|S163|S187,2024-02-15T13:21:04,collaboration_context,0,,,
H01713,U0343,C190,I023,F014,O072,S092|S094|S116|S163|S180|S213|S229,2024-02-15T13:38:27,supply_context,0,,,
H04378,U0876,C220,I006,F017,O088,S023|S073|S156|S167|S169|S239,2024-02-15T14:19:44,skill_context,0,,,
H02138,U0428,C024,I001,F012,O064,S032|S057|S078|S092|S213|S217|S226,2024-02-15T15:47:55,work_context,0,,,
H02778,U0556,C228,I008,F001,O005,S040|S087|S128|S158|S183|S190|S201|S191,2024-02-15T15:59:51,collaboration_context,1,Manufacturing,Midstream,Path_C
H03743,U0749,C044,I017,F001,O002,S007|S012|S088|S111|S113|S207|S225,2024-02-15T16:57:51,skill_context,1,Retail,Downstream,Path_A
H02198,U0440,C291,I024,F011,O058,S070|S080|S084|S095|S118|S132|S236,2024-02-15T17:03:34,supply_context,0,,,
H00733,U0147,C199,I021,F018,O093,S037|S091|S096|S101|S139|S147|S208|S238,2024-02-15T17:44:34,skill_context,1,Supplier Management,Downstream,Path_G
H04788,U0958,C016,I006,F005,O023,S014|S016|S082|S214|S217|S238|S018,2024-02-15T17:51:45,work_context,0,,,
H06503,U1301,C106,I021,F016,O082,S004|S031|S097|S125|S126|S135|S147|S157,2024-02-15T21:40:46,skill_context,0,,,
H05658,U1132,C205,I006,F001,O001,S024|S071|S081|S108|S139|S140|S152|S185,2024-02-15T22:38:31,collaboration_context,0,,,
H00938,U0188,C215,I020,F012,O064,S055|S056|S057|S149|S207|S225|S232,2024-02-15T23:00:18,work_context,0,,,
H03768,U0754,C218,I021,F015,O078,S011|S072|S078|S110|S122|S159|S191|S050,2024-02-15T23:16:32,skill_context,0,,,
H04543,U0909,C274,I017,F009,O046,S009|S062|S143|S144|S150|S185|S205|S227,2024-02-15T23:18:49,collaboration_context,1,Supplier Management,Midstream,Path_L
H03293,U0659,C104,I024,F003,O016,S048|S090|S105|S137|S230|S129,2024-02-15T23:32:55,supply_context,1,Supplier Management,Upstream,Path_L
H04613,U0923,C165,I017,F016,O081,S023|S105|S173|S213|S226|S221,2024-02-16T00:30:09,skill_context,0,,,
H01303,U0261,C152,I019,F008,O043,S023|S029|S049|S076|S107,2024-02-16T02:15:40,supply_context,0,,,
H06903,U1381,C299,I015,F002,O010,S023|S064|S155|S202|S234|S148,2024-02-16T02:18:52,collaboration_context,1,Retail,Midstream,Path_E
H04958,U0992,C235,I009,F002,O007,S037|S047|S080|S105|S142|S167|S178|S024,2024-02-16T02:58:17,work_context,0,,,
H05853,U1171,C244,I022,F013,O068,S004|S054|S074|S096|S117|S213|S226|S209,2024-02-16T07:05:50,work_context,1,SCM,Midstream,Path_G
H01638,U0328,C097,I007,F006,O030,S102|S140|S202|S214|S221|S036|S191|S178,2024-02-16T07:40:50,work_context,0,,,
H04603,U0921,C081,I007,F012,O064,S079|S150|S156|S158|S170|S197|S222,2024-02-16T08:59:52,supply_context,0,,,
H03078,U0616,C048,I005,F012,O060,S086|S088|S089|S103|S185|S193,2024-02-16T10:14:09,supply_context,0,,,
H02773,U0555,C037,I009,F007,O037,S039|S098|S118|S155|S182|S223|S239,2024-02-16T10:41:47,collaboration_context,0,,,
H05433,U1087,C023,I015,F005,O023,S013|S127|S175|S187|S198|S222,2024-02-16T11:38:24,work_context,1,Procurement,Downstream,Path_F
H05693,U1139,C112,I008,F014,O072,S047|S057|S118|S126|S155|S167,2024-02-16T11:55:31,work_context,0,,,
H04808,U0962,C220,I006,F012,O064,S009|S071|S142|S151|S171|S202|S209|S022,2024-02-16T12:08:04,supply_context,0,,,
H01018,U0204,C277,I010,F003,O016,S031|S034|S077|S118|S206|S210|S219|S075,2024-02-16T12:15:38,skill_context,0,,,
H01293,U0259,C246,I024,F016,O081,S060|S070|S112|S159|S197|S207,2024-02-16T12:57:18,work_context,0,,,
H05218,U1044,C053,I019,F001,O006,S028|S082|S164|S177|S189|S237|S143,2024-02-16T14:00:22,supply_context,0,,,
H01783,U0357,C199,I021,F014,O073,S020|S022|S046|S071|S112|S153|S180|S230,2024-02-16T14:38:58,collaboration_context,0,,,
H02943,U0589,C160,I005,F007,O038,S009|S021|S142|S192|S196|S201|S024|S089,2024-02-16T15:29:55,collaboration_context,0,,,
H06718,U1344,C071,I012,F010,O053,S004|S060|S076|S089|S148|S186|S202|S068,2024-02-16T15:29:58,collaboration_context,1,Procurement,Midstream,Path_F
H05098,U1020,C043,I019,F008,O043,S082|S084|S099|S143|S157,2024-02-16T18:27:10,supply_context,0,,,
H01223,U0245,C030,I020,F012,O061,S013|S016|S028|S032|S148|S160|S238|S004,2024-02-16T18:33:48,collaboration_context,0,,,
H04308,U0862,C092,I001,F002,O007,S033|S048|S082|S125|S224,2024-02-16T22:05:17,supply_context,0,,,
H02023,U0405,C109,I014,F005,O027,S017|S025|S045|S135|S144|S208,2024-02-17T02:55:10,work_context,1,Supplier Management,Upstream,Path_C
H04998,U1000,C050,I013,F009,O044,S027|S040|S084|S144|S151|S189|S222|S234,2024-02-17T03:37:36,skill_context,1,Distribution,Upstream,Path_F
H05258,U1052,C123,I022,F013,O067,S007|S028|S096|S149|S205,2024-02-17T03:41:12,work_context,1,Manufacturing,Downstream,Path_L
H00208,U0042,C195,I007,F003,O012,S033|S050|S100|S105|S131|S165|S022,2024-02-17T04:14:12,supply_context,1,Procurement,Upstream,Path_A
H06783,U1357,C161,I009,F014,O075,S030|S034|S085|S149|S178|S234|S202|S151,2024-02-17T05:22:22,collaboration_context,1,Supplier Management,Midstream,Path_C
H04953,U0991,C279,I021,F016,O083,S051|S066|S070|S078|S201|S205,2024-02-17T06:48:47,work_context,0,,,
H01128,U0226,C294,I015,F012,O062,S025|S047|S054|S095|S123|S150|S160|S198,2024-02-17T08:04:00,skill_context,0,,,
H04988,U0998,C240,I002,F018,O095,S041|S063|S105|S111|S220|S236|S240|S060,2024-02-17T08:12:41,collaboration_context,1,Procurement,Midstream,Path_C
H00228,U0046,C226,I008,F013,O067,S011|S051|S063|S135|S217,2024-02-17T08:36:52,collaboration_context,0,,,
H06863,U1373,C271,I018,F008,O041,S001|S030|S096|S197|S207|S117,2024-02-17T09:20:24,supply_context,0,,,
H05373,U1075,C128,I011,F010,O049,S026|S038|S061|S108|S109|S133|S177|S222,2024-02-17T09:45:26,supply_context,1,Procurement,Midstream,Path_G
H06723,U1345,C163,I002,F003,O014,S007|S028|S045|S047|S094|S221|S189|S123,2024-02-17T09:53:29,collaboration_context,0,,,
H02803,U0561,C013,I015,F015,O079,S001|S010|S131|S148|S211|S217|S220|S228,2024-02-17T10:05:11,work_context,0,,,
H06663,U1333,C068,I006,F012,O063,S041|S091|S203|S210|S221|S226,2024-02-17T10:42:49,skill_context,0,,,
H06923,U1385,C143,I014,F015,O076,S008|S014|S052|S059|S087|S111|S169|S196,2024-02-17T10:45:23,collaboration_context,0,,,
H04528,U0906,C229,I019,F015,O076,S038|S075|S118|S144|S155|S166|S173|S206,2024-02-17T14:27:01,collaboration_context,1,Procurement,Upstream,Path_F
H04563,U0913,C271,I018,F016,O082,S020|S073|S124|S169|S206|S220,2024-02-17T16:23:27,supply_context,1,Supplier Management,Downstream,Path_F
H01928,U0386,C078,I009,F018,O092,S056|S064|S065|S088|S104|S120|S165|S201,2024-02-17T16:37:03,work_context,1,Retail,Downstream,Path_E
H02108,U0422,C195,I007,F018,O094,S006|S055|S076|S079|S154|S171|S239|S177,2024-02-17T16:40:40,collaboration_context,1,Retail,Downstream,Path_J
H05043,U1009,C304,I020,F011,O055,S011|S037|S107|S175|S212|S216|S233|S237,2024-02-17T17:16:27,collaboration_context,0,,,
H03678,U0736,C206,I014,F012,O061,S037|S038|S051|S078|S206|S215,2024-02-17T17:24:05,collaboration_context,0,,,
H03673,U0735,C051,I019,F003,O014,S011|S033|S068|S117|S147,2024-02-17T18:07:56,collaboration_context,1,Logistics,Upstream,Path_A
H02113,U0423,C174,I005,F002,O008,S005|S106|S120|S160|S205|S070|S229,2024-02-17T19:49:43,skill_context,0,,,
H03538,U0708,C067,I002,F006,O031,S002|S023|S096|S188|S239|S165,2024-02-17T21:57:17,skill_context,0,,,
H03328,U0666,C093,I002,F017,O088,S040|S109|S147|S157|S160|S185|S198|S209,2024-02-17T22:57:37,skill_context,1,Supplier Management,Midstream,Path_L
H01158,U0232,C306,I018,F005,O024,S056|S070|S079|S132|S148|S155|S193|S236,2024-02-18T00:13:19,work_context,0,,,
H04193,U0839,C253,I021,F010,O049,S020|S034|S040|S055|S154|S214|S049,2024-02-18T01:33:02,supply_context,0,,,
H00133,U0027,C176,I007,F010,O053,S050|S057|S059|S071|S081|S146|S182|S236,2024-02-18T02:44:38,skill_context,0,,,
H06148,U1230,C280,I020,F017,O089,S007|S150|S165|S174|S206|S217|S234,2024-02-18T03:06:31,supply_context,1,Manufacturing,Upstream,Path_A
H01763,U0353,C230,I002,F002,O010,S009|S013|S032|S034|S094|S123,2024-02-18T03:17:49,supply_context,0,,,
H02828,U0566,C057,I023,F004,O019,S038|S079|S120|S122|S176|S229,2024-02-18T03:38:25,work_context,0,,,
H06158,U1232,C228,I008,F008,O041,S015|S032|S063|S089|S139|S173|S217,2024-02-18T03:43:48,skill_context,0,,,
H00658,U0132,C294,I015,F017,O088,S015|S052|S074|S094|S103|S132|S170|S238,2024-02-18T04:15:15,collaboration_context,0,,,
H00793,U0159,C223,I012,F012,O063,S029|S093|S143|S177|S209|S231|S235,2024-02-18T05:14:12,supply_context,1,Logistics,Midstream,Path_L
H00913,U0183,C132,I019,F001,O002,S021|S031|S125|S204|S227|S005|S066,2024-02-18T05:36:40,collaboration_context,0,,,
H07013,U1403,C077,I019,F018,O095,S021|S046|S071|S194|S202|S213|S235|S236,2024-02-18T06:17:28,work_context,0,,,
H04923,U0985,C308,I012,F009,O045,S011|S043|S058|S133|S182|S205|S234,2024-02-18T07:13:33,skill_context,1,Manufacturing,Midstream,Path_A
H05798,U1160,C110,I003,F014,O075,S019|S059|S115|S132|S159|S161|S230,2024-02-18T07:14:02,skill_context,1,Manufacturing,Midstream,Path_E
H06983,U1397,C274,I017,F016,O082,S009|S077|S088|S122|S198|S199|S072|S123,2024-02-18T07:37:56,work_context,0,,,
H00553,U0111,C273,I005,F011,O058,S033|S034|S064|S095|S168|S209,2024-02-18T07:47:33,skill_context,1,Supplier Management,Downstream,Path_G
H01013,U0203,C301,I007,F012,O062,S023|S025|S130|S167|S197|S087,2024-02-18T08:00:30,collaboration_context,0,,,
H06483,U1297,C076,I024,F001,O003,S013|S052|S176|S187|S189|S211|S223|S090,2024-02-18T09:39:27,collaboration_context,1,Logistics,Upstream,Path_C
H03183,U0637,C170,I013,F018,O092,S012|S132|S139|S140|S200|S213|S222,2024-02-18T10:08:38,collaboration_context,0,,,
H06538,U1308,C249,I018,F014,O072,S032|S041|S049|S170|S206,2024-02-18T10:34:27,work_context,0,,,
H00418,U0084,C078,I009,F011,O059,S066|S075|S089|S090|S103|S147|S196,2024-02-18T11:25:31,supply_context,0,,,
H05343,U1069,C296,I011,F016,O082,S033|S085|S089|S137|S158|S218|S153,2024-02-18T12:28:54,supply_context,1,Retail,Midstream,Path_D
H04373,U0875,C088,I009,F016,O083,S025|S030|S063|S103|S105|S113|S132|S159,2024-02-18T12:29:25,supply_context,0,,,
H01633,U0327,C299,I015,F007,O035,S017|S057|S096|S127|S146|S196|S119,2024-02-18T12:36:27,work_context,1,SCM,Midstream,Path_B
H04078,U0816,C004,I004,F012,O061,S060|S063|S088|S100|S177|S187|S207|S220,2024-02-18T13:12:33,work_context,0,,,
H03603,U0721,C241,I013,F013,O065,S039|S048|S050|S073|S079|S185|S208|S214,2024-02-18T14:18:46,supply_context,1,SCM,Downstream,Path_K
H03823,U0765,C028,I018,F010,O050,S028|S131|S143|S191|S212|S024,2024-02-18T16:28:45,collaboration_context,1,Distribution,Upstream,Path_K
H04973,U0995,C028,I018,F003,O014,S026|S061|S157|S199|S211|S237,2024-02-18T16:30:03,supply_context,1,Procurement,Downstream,Path_D
H01338,U0268,C163,I002,F013,O070,S019|S039|S192|S199|S220|S230|S110,2024-02-18T16:47:09,work_context,1,Manufacturing,Upstream,Path_K
H04138,U0828,C156,I005,F008,O043,S055|S100|S126|S155|S166|S192|S210|S212,2024-02-18T17:55:41,skill_context,1,Retail,Midstream,Path_D
H03758,U0752,C219,I024,F018,O092,S004|S064|S081|S111|S181|S218|S174|S078,2024-02-18T18:08:20,skill_context,0,,,
H05728,U1146,C160,I005,F006,O032,S033|S075|S079|S114|S117|S177|S216,2024-02-18T18:24:01,work_context,1,Distribution,Midstream,Path_K
H04518,U0904,C002,I013,F004,O020,S034|S110|S128|S138|S155,2024-02-18T19:00:34,work_context,1,Distribution,Midstream,Path_A
H00033,U0007,C318,I017,F014,O072,S002|S010|S136|S147|S164|S215|S224|S231,2024-02-18T20:33:21,collaboration_context,0,,,
H04083,U0817,C235,I009,F004,O017,S033|S034|S038|S093|S108|S124|S127|S238,2024-02-18T21:21:33,collaboration_context,1,Procurement,Upstream,Path_C
H03318,U0664,C202,I022,F011,O056,S011|S060|S094|S117|S154|S159|S182|S223,2024-02-18T21:28:40,work_context,0,,,
H00513,U0103,C096,I017,F009,O044,S024|S027|S032|S056|S088|S124|S233,2024-02-18T22:44:15,supply_context,0,,,
H05228,U1046,C182,I011,F009,O045,S055|S095|S104|S109|S159,2024-02-18T22:48:06,collaboration_context,1,Procurement,Upstream,Path_A
H00193,U0039,C136,I023,F008,O043,S003|S120|S121|S171|S182|S207|S223|S233,2024-02-19T00:07:05,work_context,0,,,
H01358,U0272,C050,I013,F011,O056,S015|S054|S138|S148|S154|S191|S208|S010,2024-02-19T01:57:04,supply_context,0,,,
H02428,U0486,C249,I018,F016,O081,S006|S071|S074|S106|S181|S228|S139|S220,2024-02-19T02:34:48,collaboration_context,0,,,
H06818,U1364,C065,I004,F006,O028,S017|S019|S084|S099|S121|S192|S193,2024-02-19T03:45:24,skill_context,0,,,
H05668,U1134,C296,I011,F013,O069,S149|S151|S153|S203|S237,2024-02-19T05:50:45,collaboration_context,0,,,
H03178,U0636,C206,I014,F012,O062,S088|S092|S096|S106|S109|S127|S181|S236,2024-02-19T06:09:30,supply_context,1,Retail,Downstream,Path_A
H02258,U0452,C268,I002,F016,O081,S106|S146|S165|S172|S174|S175|S177|S201,2024-02-19T07:19:31,work_context,0,,,
H00528,U0106,C092,I001,F012,O060,S083|S131|S139|S147|S171|S174|S173|S213,2024-02-19T07:47:46,collaboration_context,1,Procurement,Midstream,Path_B
H04588,U0918,C100,I005,F010,O053,S008|S014|S068|S127|S170|S189,2024-02-19T09:04:58,collaboration_context,0,,,
H03753,U0751,C284,I016,F011,O057,S039|S047|S103|S105|S129|S194|S209,2024-02-19T09:52:28,skill_context,1,Logistics,Midstream,Path_H
H03498,U0700,C058,I020,F001,O002,S023|S028|S036|S067|S106|S118|S141|S219,2024-02-19T10:12:54,work_context,1,Supplier Management,Downstream,Path_H
H06138,U1228,C165,I017,F010,O054,S029|S067|S107|S142|S188|S200|S202|S106,2024-02-19T11:40:45,work_context,0,,,
H04893,U0979,C103,I011,F015,O080,S019|S126|S135|S182|S212|S213|S218|S219,2024-02-19T11:48:09,supply_context,0,,,
H06683,U1337,C034,I009,F009,O044,S035|S044|S061|S110|S134|S144|S164|S192,2024-02-19T11:57:53,supply_context,1,Logistics,Upstream,Path_C
H02553,U0511,C176,I007,F006,O030,S011|S018|S045|S075|S088|S122|S133,2024-02-19T13:15:14,work_context,0,,,
H02823,U0565,C150,I001,F018,O093,S015|S028|S091|S094|S108|S216|S235|S212,2024-02-19T14:21:14,collaboration_context,0,,,
H04568,U0914,C007,I017,F008,O041,S004|S059|S063|S114|S119|S163|S192|S127,2024-02-19T15:10:37,skill_context,0,,,
H05408,U1082,C227,I019,F007,O034,S007|S045|S110|S177|S188|S195|S235,2024-02-19T16:53:16,supply_context,0,,,
H04643,U0929,C241,I013,F005,O026,S024|S042|S070|S101|S103|S224|S182|S002,2024-02-19T17:39:32,work_context,1,Procurement,Upstream,Path_K
H06003,U1201,C100,I005,F018,O096,S065|S080|S128|S160|S191|S194|S211|S237,2024-02-19T18:09:11,collaboration_context,1,Procurement,Upstream,Path_D
H03668,U0734,C286,I009,F017,O091,S008|S070|S102|S209|S233|S009|S073,2024-02-19T20:40:41,supply_context,1,Retail,Downstream,Path_H
H02638,U0528,C264,I021,F008,O042,S002|S007|S028|S073|S147|S180|S205|S141,2024-02-19T20:59:51,skill_context,1,Retail,Upstream,Path_D
H04733,U0947,C270,I003,F008,O040,S002|S006|S054|S055|S177|S236,2024-02-19T21:50:50,skill_context,1,SCM,Downstream,Path_C
H03558,U0712,C220,I006,F015,O077,S025|S052|S084|S091|S113|S122|S239,2024-02-19T22:15:55,work_context,0,,,
H04473,U0895,C093,I002,F009,O047,S008|S013|S066|S115|S186|S211|S172,2024-02-19T22:57:28,work_context,1,Logistics,Midstream,Path_G
H04853,U0971,C313,I015,F016,O083,S031|S032|S067|S070|S097|S146|S164|S207,2024-02-19T23:24:12,skill_context,1,Logistics,Upstream,Path_K
H02088,U0418,C297,I023,F013,O068,S008|S025|S028|S039|S057|S150|S156|S215,2024-02-19T23:38:35,skill_context,0,,,
H02903,U0581,C173,I016,F002,O008,S009|S019|S069|S110|S132|S158|S170|S194,2024-02-20T01:37:54,work_context,1,Retail,Downstream,Path_G
H06068,U1214,C034,I009,F004,O020,S030|S035|S065|S133|S194|S196|S214|S234,2024-02-20T03:59:54,collaboration_context,0,,,
H04463,U0893,C122,I015,F001,O005,S022|S076|S079|S081|S111|S166|S212|S008,2024-02-20T04:47:35,supply_context,0,,,
H00318,U0064,C145,I012,F008,O043,S045|S068|S150|S152|S169|S189|S191,2024-02-20T06:34:53,collaboration_context,1,Distribution,Midstream,Path_H
H01178,U0236,C125,I007,F006,O030,S063|S065|S124|S130|S134|S143|S149,2024-02-20T07:26:30,skill_context,0,,,
H06188,U1238,C291,I024,F006,O032,S017|S029|S039|S075|S136|S210,2024-02-20T08:24:02,work_context,0,,,
H05498,U1100,C228,I008,F003,O013,S030|S069|S083|S095|S116|S177|S199|S208,2024-02-20T09:39:15,work_context,0,,,
H05113,U1023,C193,I002,F015,O078,S024|S037|S041|S202|S207|S231|S081|S187,2024-02-20T09:51:40,skill_context,0,,,
H05758,U1152,C117,I021,F001,O006,S014|S078|S135|S161|S188|S198|S236|S182,2024-02-20T10:04:00,collaboration_context,1,Supplier Management,Downstream,Path_A
H00748,U0150,C158,I014,F018,O096,S030|S082|S115|S117|S165|S207|S220|S233,2024-02-20T10:06:26,work_context,1,SCM,Downstream,Path_K
H03098,U0620,C318,I017,F010,O054,S010|S048|S122|S129|S141|S154|S158|S188,2024-02-20T10:36:33,work_context,1,Supplier Management,Downstream,Path_F
H00893,U0179,C266,I016,F002,O009,S002|S004|S061|S094|S107|S153|S228,2024-02-20T11:23:10,collaboration_context,0,,,
H00928,U0186,C049,I006,F013,O067,S078|S092|S209|S216|S224|S184|S069,2024-02-20T12:55:55,supply_context,0,,,
H05783,U1157,C190,I023,F014,O071,S051|S061|S081|S131|S148|S168|S122|S012,2024-02-20T13:30:37,collaboration_context,1,Procurement,Downstream,Path_B
H03393,U0679,C240,I002,F018,O094,S001|S072|S108|S109|S168|S220|S083,2024-02-20T14:07:34,collaboration_context,0,,,
H01753,U0351,C267,I008,F018,O093,S033|S068|S102|S168|S182|S226|S233,2024-02-20T14:28:04,work_context,0,,,
H00078,U0016,C124,I001,F017,O091,S103|S110|S153|S169|S177|S186|S192|S216,2024-02-20T14:31:09,supply_context,1,Logistics,Upstream,Path_F
H03343,U0669,C108,I024,F001,O004,S019|S020|S034|S051|S064|S229|S236|S057,2024-02-20T14:38:21,supply_context,1,Distribution,Midstream,Path_A
H06728,U1346,C159,I002,F001,O006,S035|S083|S126|S128|S134|S167|S183,2024-02-20T15:03:32,skill_context,1,Distribution,Upstream,Path_E
H05323,U1065,C082,I015,F015,O077,S001|S007|S073|S165|S167|S181|S190|S189,2024-02-20T18:00:01,supply_context,0,,,
H00333,U0067,C298,I012,F013,O070,S006|S035|S075|S086|S199,2024-02-20T18:06:15,collaboration_context,0,,,
H04573,U0915,C275,I008,F015,O077,S013|S055|S133|S158|S199,2024-02-20T20:21:11,work_context,0,,,
H02363,U0473,C147,I008,F015,O080,S020|S159|S203|S214|S230,2024-02-20T21:40:24,work_context,1,SCM,Midstream,Path_F
H05948,U1190,C213,I020,F017,O089,S064|S081|S127|S188|S194|S221,2024-02-21T00:14:08,work_context,0,,,
H00448,U0090,C074,I016,F018,O096,S038|S068|S076|S080|S127|S138|S198|S239,2024-02-21T01:04:50,collaboration_context,1,Distribution,Upstream,Path_H
H06048,U1210,C055,I023,F003,O012,S035|S041|S080|S081|S113|S231,2024-02-21T02:01:21,collaboration_context,0,,,
H03663,U0733,C051,I019,F003,O012,S029|S063|S098|S208|S209|S234|S212|S224,2024-02-21T03:56:50,skill_context,1,SCM,Downstream,Path_A
H07008,U1402,C048,I005,F001,O005,S010|S084|S093|S130|S186|S187|S183|S081,2024-02-21T05:58:05,collaboration_context,0,,,
H00028,U0006,C176,I007,F009,O048,S017|S077|S083|S088|S131|S231,2024-02-21T06:01:56,skill_context,0,,,
H04968,U0994,C024,I001,F016,O083,S099|S120|S127|S179|S193|S225,2024-02-21T07:04:55,work_context,0,,,
H00993,U0199,C212,I016,F006,O031,S079|S153|S172|S202|S209|S008,2024-02-21T07:43:43,collaboration_context,0,,,
H05288,U1058,C301,I007,F017,O091,S081|S129|S138|S145|S159|S210|S211|S170,2024-02-21T08:26:31,skill_context,0,,,
H05508,U1102,C154,I022,F017,O090,S008|S024|S073|S075|S092|S183|S184|S222,2024-02-21T10:26:03,skill_context,0,,,
H01863,U0373,C016,I006,F008,O041,S029|S050|S052|S072|S082|S098|S202|S230,2024-02-21T11:11:56,collaboration_context,1,SCM,Upstream,Path_H
H03623,U0725,C285,I024,F013,O065,S005|S134|S144|S160|S179|S207|S215|S233,2024-02-21T11:34:47,skill_context,1,Logistics,Midstream,Path_A
H01048,U0210,C198,I002,F014,O075,S051|S093|S105|S134|S199|S219|S102|S052,2024-02-21T11:36:04,collaboration_context,1,Logistics,Midstream,Path_C
H03788,U0758,C210,I024,F008,O042,S065|S087|S153|S198|S214|S234|S143|S145,2024-02-21T11:36:35,skill_context,1,Supplier Management,Upstream,Path_E
H06358,U1272,C313,I015,F018,O095,S138|S156|S189|S202|S231,2024-02-21T13:19:08,supply_context,0,,,
H00348,U0070,C266,I016,F011,O058,S062|S147|S166|S192|S207|S083,2024-02-21T14:53:35,work_context,0,,,
H00618,U0124,C075,I011,F016,O085,S020|S039|S048|S075|S120|S180|S207,2024-02-21T16:49:29,collaboration_context,1,Retail,Upstream,Path_C
H00678,U0136,C284,I016,F010,O053,S009|S032|S047|S073|S095|S131|S207|S205,2024-02-21T17:40:08,collaboration_context,1,Distribution,Midstream,Path_L
H04858,U0972,C252,I024,F018,O095,S029|S070|S076|S085|S126|S160|S217,2024-02-21T18:58:06,skill_context,0,,,
H00638,U0128,C128,I011,F011,O058,S061|S113|S173|S191|S230|S214,2024-02-21T19:03:36,work_context,0,,,
H03893,U0779,C231,I015,F002,O011,S002|S007|S082|S113|S117|S132|S166,2024-02-21T21:07:07,skill_context,1,Procurement,Upstream,Path_H
H01493,U0299,C290,I023,F002,O009,S006|S040|S043|S062|S109|S120|S131|S215,2024-02-21T22:24:55,collaboration_context,1,Distribution,Upstream,Path_F
H01618,U0324,C111,I011,F012,O063,S013|S065|S083|S095|S111|S127|S143|S218,2024-02-21T22:25:10,supply_context,1,Supplier Management,Upstream,Path_L
H05733,U1147,C230,I002,F016,O085,S013|S021|S037|S044|S047|S194|S230|S227,2024-02-21T22:43:32,skill_context,0,,,
H03273,U0655,C060,I011,F018,O094,S038|S086|S096|S126|S134|S230|S234|S164,2024-02-22T00:11:12,collaboration_context,1,Logistics,Downstream,Path_C
H01428,U0286,C309,I020,F015,O080,S101|S136|S143|S159|S178|S009,2024-02-22T00:24:18,supply_context,0,,,
H00653,U0131,C165,I017,F001,O002,S024|S029|S131|S134|S157,2024-02-22T01:06:19,skill_context,0,,,
H06513,U1303,C107,I006,F009,O047,S079|S168|S180|S184|S211|S220|S225|S209,2024-02-22T01:17:37,supply_context,0,,,
H04003,U0801,C207,I008,F008,O040,S006|S095|S096|S110|S130|S226|S222|S036,2024-02-22T03:22:44,supply_context,0,,,
H06438,U1288,C209,I019,F014,O072,S056|S083|S087|S119|S146|S240,2024-02-22T03:28:45,work_context,0,,,
H03713,U0743,C103,I011,F015,O079,S046|S100|S120|S143|S165|S175|S190|S204,2024-02-22T03:33:49,work_context,1,Retail,Downstream,Path_G
H00473,U0095,C217,I007,F005,O025,S017|S044|S075|S088|S098|S106|S156|S217,2024-02-22T03:48:51,supply_context,0,,,
H04448,U0890,C128,I011,F010,O050,S005|S024|S098|S109|S112|S157|S166|S208,2024-02-22T04:21:37,work_context,1,Distribution,Midstream,Path_J
H03513,U0703,C038,I006,F013,O065,S041|S047|S066|S067|S199,2024-02-22T05:25:43,work_context,1,Procurement,Downstream,Path_C
H03148,U0630,C137,I013,F013,O069,S105|S144|S148|S163|S206|S220|S164,2024-02-22T05:41:48,collaboration_context,0,,,
H02948,U0590,C221,I019,F001,O002,S038|S041|S046|S093|S100|S107|S193|S129,2024-02-22T05:48:10,work_context,0,,,
H03088,U0618,C310,I016,F015,O076,S014|S037|S066|S076|S189|S219|S070|S139,2024-02-22T06:06:50,supply_context,0,,,
H05578,U1116,C127,I004,F006,O030,S018|S109|S129|S168|S169|S094|S121,2024-02-22T06:37:39,work_context,0,,,
H01993,U0399,C114,I014,F002,O008,S039|S067|S073|S172|S214,2024-02-22T07:07:19,skill_context,1,Manufacturing,Midstream,Path_F
H01243,U0249,C017,I012,F018,O096,S093|S102|S103|S133|S187|S188,2024-02-22T07:54:29,collaboration_context,1,SCM,Downstream,Path_E
H04068,U0814,C058,I020,F003,O016,S060|S085|S128|S135|S162|S218,2024-02-22T08:30:38,skill_context,1,SCM,Upstream,Path_L
H03688,U0738,C180,I005,F008,O039,S030|S067|S098|S181|S239|S069,2024-02-22T08:38:38,work_context,1,Logistics,Midstream,Path_I
H05028,U1006,C095,I012,F013,O070,S103|S113|S186|S223|S225|S138|S232,2024-02-22T08:43:56,collaboration_context,0,,,
H05753,U1151,C121,I001,F014,O071,S004|S006|S016|S019|S123|S229|S025,2024-02-22T09:04:00,supply_context,0,,,
H01728,U0346,C021,I006,F013,O069,S072|S086|S134|S142|S144|S019,2024-02-22T10:54:00,collaboration_context,1,Distribution,Downstream,Path_D
H04408,U0882,C124,I001,F002,O011,S100|S101|S162|S217|S227|S193,2024-02-22T12:07:15,work_context,0,,,
H05123,U1025,C076,I024,F017,O090,S036|S045|S119|S149|S177|S196|S081|S041,2024-02-22T13:05:50,work_context,0,,,
H02288,U0458,C296,I011,F011,O057,S093|S112|S131|S200|S231|S165,2024-02-22T14:27:05,work_context,0,,,
H01658,U0332,C294,I015,F010,O051,S022|S038|S044|S087|S106|S164|S229|S053,2024-02-22T14:33:46,supply_context,0,,,
H00098,U0020,C098,I012,F009,O046,S026|S048|S054|S169|S191|S196|S233|S115,2024-02-22T15:03:57,work_context,0,,,
H00978,U0196,C261,I022,F012,O063,S042|S068|S084|S102|S120|S135|S163|S199,2024-02-22T16:22:57,skill_context,1,Logistics,Upstream,Path_F
H05568,U1114,C052,I013,F011,O056,S033|S041|S049|S200|S219,2024-02-22T16:41:38,skill_context,1,SCM,Downstream,Path_D
H01508,U0302,C171,I018,F012,O064,S023|S047|S053|S071|S090|S154|S182|S185,2024-02-22T16:46:15,supply_context,0,,,
H03123,U0625,C311,I018,F011,O059,S001|S031|S076|S077|S093|S214|S002,2024-02-22T16:59:50,skill_context,1,Logistics,Midstream,Path_I
H00013,U0003,C048,I005,F016,O086,S014|S047|S051|S080|S111|S113|S140|S239,2024-02-22T17:09:24,skill_context,1,Supplier Management,Midstream,Path_K
H05643,U1129,C187,I002,F004,O019,S058|S064|S135|S138|S189|S192,2024-02-22T17:25:16,collaboration_context,1,Distribution,Midstream,Path_J
H05683,U1137,C089,I007,F013,O066,S071|S087|S121|S146|S192|S223,2024-02-22T18:17:29,work_context,0,,,
H04393,U0879,C243,I008,F009,O046,S038|S071|S098|S172|S200|S219,2024-02-22T21:23:07,skill_context,1,Retail,Upstream,Path_I
H06543,U1309,C262,I003,F009,O046,S055|S084|S087|S124|S141|S159|S204|S238,2024-02-22T22:43:42,skill_context,1,SCM,Downstream,Path_A
H04688,U0938,C301,I007,F002,O007,S018|S051|S089|S125|S225,2024-02-22T23:42:02,skill_context,1,Procurement,Downstream,Path_L
H04548,U0910,C092,I001,F004,O019,S016|S064|S100|S156|S165|S223|S068|S101,2024-02-23T00:33:21,supply_context,0,,,
H04168,U0834,C265,I014,F013,O068,S026|S052|S095|S186|S191|S229,2024-02-23T03:00:23,skill_context,1,Procurement,Upstream,Path_E
H01773,U0355,C315,I003,F012,O063,S059|S173|S177|S227|S228|S233|S036,2024-02-23T05:24:32,collaboration_context,1,Manufacturing,Downstream,Path_A
H00753,U0151,C160,I005,F017,O087,S007|S022|S146|S179|S220,2024-02-23T05:25:49,work_context,1,Logistics,Downstream,Path_K
H01853,U0371,C306,I018,F012,O061,S017|S028|S148|S152|S165|S204|S230,2024-02-23T05:53:28,collaboration_context,0,,,
H06598,U1320,C024,I001,F008,O042,S006|S047|S084|S143|S171|S184|S240,2024-02-23T06:15:14,supply_context,1,Manufacturing,Downstream,Path_E
H04478,U0896,C127,I004,F012,O062,S063|S071|S160|S161|S221|S233,2024-02-23T09:44:30,work_context,0,,,
H06063,U1213,C044,I017,F010,O053,S004|S019|S100|S146|S148|S186,2024-02-23T10:05:59,work_context,1,Retail,Upstream,Path_B
H00478,U0096,C183,I006,F003,O013,S049|S075|S108|S111|S132|S179|S219,2024-02-23T10:30:04,skill_context,0,,,
H01978,U0396,C055,I023,F014,O072,S003|S087|S089|S119|S160|S176|S191|S232,2024-02-23T11:22:27,skill_context,1,Supplier Management,Downstream,Path_F
H02578,U0516,C304,I020,F008,O041,S001|S074|S144|S199|S204|S212|S128|S041,2024-02-23T11:56:26,collaboration_context,1,Logistics,Midstream,Path_D
H03703,U0741,C183,I006,F001,O004,S044|S085|S160|S167|S178|S222|S236|S018,2024-02-23T13:19:59,supply_context,0,,,
H06558,U1312,C182,I011,F008,O041,S038|S081|S093|S136|S201|S239|S073|S062,2024-02-23T14:53:18,skill_context,1,Retail,Midstream,Path_B
H06383,U1277,C036,I011,F003,O015,S055|S137|S160|S168|S178|S196|S238|S198,2024-02-23T15:29:28,work_context,0,,,
H06228,U1246,C171,I018,F006,O028,S043|S070|S091|S095|S146,2024-02-23T16:44:53,work_context,1,SCM,Downstream,Path_C
H06248,U1250,C178,I022,F005,O027,S028|S082|S094|S097|S134|S213|S163,2024-02-23T16:52:22,skill_context,0,,,
H05478,U1096,C305,I018,F002,O007,S010|S080|S085|S167|S209|S231|S207,2024-02-23T17:00:05,supply_context,1,Retail,Upstream,Path_A
H05423,U1085,C240,I002,F013,O068,S025|S060|S077|S091|S103|S122|S126|S137,2024-02-23T17:40:08,work_context,0,,,
H04433,U0887,C030,I020,F010,O050,S029|S034|S063|S070|S086|S160|S207|S227,2024-02-23T19:43:56,work_context,1,SCM,Downstream,Path_A
H06748,U1350,C183,I006,F001,O001,S006|S070|S089|S094|S100|S144|S149|S156,2024-02-23T21:03:23,work_context,1,Logistics,Upstream,Path_D
H04263,U0853,C229,I019,F014,O071,S040|S064|S086|S089|S104|S173|S181|S033,2024-02-23T21:22:58,supply_context,0,,,
H01268,U0254,C017,I012,F001,O002,S007|S009|S017|S095|S139|S175|S193,2024-02-23T23:34:06,skill_context,0,,,
H01813,U0363,C066,I021,F014,O071,S078|S143|S188|S226|S235|S098,2024-02-24T01:09:44,work_context,0,,,
H02298,U0460,C149,I009,F005,O027,S006|S101|S145|S192|S196|S216|S064|S221,2024-02-24T01:43:25,supply_context,1,Supplier Management,Midstream,Path_A
H05523,U1105,C120,I017,F018,O095,S017|S060|S065|S071|S092|S113|S233|S237,2024-02-24T04:28:44,work_context,1,Manufacturing,Upstream,Path_E
H03253,U0651,C168,I023,F004,O020,S028|S044|S047|S108|S171|S182|S199|S209,2024-02-24T04:41:26,skill_context,1,Supplier Management,Downstream,Path_L
H01028,U0206,C211,I004,F001,O005,S043|S060|S067|S090|S101|S225|S234|S237,2024-02-24T04:54:09,collaboration_context,0,,,
H06193,U1239,C027,I021,F004,O019,S002|S040|S053|S062|S077|S109|S206|S230,2024-02-24T05:29:19,collaboration_context,0,,,
H06453,U1291,C120,I017,F005,O023,S007|S088|S151|S199|S215|S221,2024-02-24T05:30:55,work_context,1,Distribution,Midstream,Path_H
H05803,U1161,C024,I001,F013,O067,S020|S033|S139|S158|S171,2024-02-24T05:50:38,work_context,1,Distribution,Downstream,Path_J
H03518,U0704,C230,I002,F013,O068,S038|S044|S122|S160|S189|S207,2024-02-24T05:59:40,skill_context,1,Retail,Downstream,Path_H
H02228,U0446,C190,I023,F015,O080,S068|S087|S116|S205|S224,2024-02-24T06:17:17,supply_context,0,,,
H00508,U0102,C253,I021,F008,O040,S023|S042|S083|S147|S167|S189|S231|S235,2024-02-24T06:45:23,supply_context,1,Logistics,Upstream,Path_A
H06768,U1354,C160,I005,F001,O005,S038|S044|S137|S200|S215|S224|S240|S010,2024-02-24T07:46:27,work_context,0,,,
H03938,U0788,C289,I018,F011,O055,S003|S044|S100|S127|S182|S227|S233,2024-02-24T08:01:12,supply_context,1,Manufacturing,Midstream,Path_E
H05093,U1019,C216,I010,F003,O015,S042|S063|S102|S114|S151|S176,2024-02-24T08:20:26,supply_context,1,Logistics,Downstream,Path_L
H02798,U0560,C299,I015,F005,O025,S001|S017|S046|S054|S090|S131|S076,2024-02-24T08:35:20,skill_context,0,,,
H01628,U0326,C206,I014,F009,O046,S011|S051|S056|S062|S066|S100|S182|S070,2024-02-24T09:22:13,skill_context,1,Procurement,Downstream,Path_F
H06998,U1400,C013,I015,F015,O077,S024|S125|S149|S162|S171,2024-02-24T09:44:04,work_context,0,,,
H02753,U0551,C192,I010,F001,O002,S013|S015|S097|S106|S120|S160|S206|S221,2024-02-24T10:21:59,work_context,1,Manufacturing,Upstream,Path_I
H00833,U0167,C264,I021,F008,O042,S056|S131|S154|S161|S185|S197|S235|S165,2024-02-24T10:49:00,supply_context,1,Supplier Management,Downstream,Path_L
H03063,U0613,C198,I002,F001,O004,S015|S030|S033|S047|S099|S100|S209|S219,2024-02-24T11:19:08,supply_context,0,,,
H01503,U0301,C065,I004,F012,O063,S121|S135|S158|S187|S225|S232|S235|S185,2024-02-24T13:23:07,work_context,1,Procurement,Upstream,Path_E
H02718,U0544,C288,I014,F004,O020,S005|S011|S038|S087|S121|S165|S168|S199,2024-02-24T13:52:50,skill_context,0,,,
H05928,U1186,C278,I004,F013,O065,S007|S041|S116|S132|S180|S221|S231,2024-02-24T13:57:04,supply_context,0,,,
H00123,U0025,C198,I002,F008,O041,S026|S029|S031|S038|S141|S175|S185|S224,2024-02-24T14:18:28,work_context,1,Manufacturing,Midstream,Path_G
H06033,U1207,C287,I016,F003,O013,S021|S035|S052|S139|S212|S225|S100,2024-02-24T14:59:27,collaboration_context,1,Procurement,Midstream,Path_J
H05458,U1092,C023,I015,F006,O032,S026|S043|S067|S168|S194|S230|S120,2024-02-24T15:09:06,supply_context,0,,,
H03398,U0680,C198,I002,F010,O049,S099|S108|S156|S159|S200|S208|S231,2024-02-24T16:06:35,supply_context,0,,,
H04943,U0989,C258,I010,F016,O083,S023|S038|S083|S116|S144|S162|S191|S239,2024-02-24T16:32:19,collaboration_context,1,Manufacturing,Downstream,Path_H
H05573,U1115,C019,I018,F018,O094,S025|S037|S114|S146|S151|S234,2024-02-24T16:39:13,collaboration_context,1,Procurement,Downstream,Path_H
H06613,U1323,C012,I005,F010,O054,S024|S085|S086|S166|S204|S235|S073,2024-02-24T17:28:59,skill_context,1,SCM,Downstream,Path_K
H04673,U0935,C081,I007,F004,O018,S033|S084|S099|S111|S162|S168|S199|S225,2024-02-24T18:58:20,supply_context,0,,,
H06918,U1384,C057,I023,F016,O081,S024|S092|S104|S109|S150|S155|S205,2024-02-24T19:04:51,skill_context,1,Supplier Management,Midstream,Path_H
H06198,U1240,C038,I006,F010,O052,S020|S067|S080|S093|S184|S213|S239|S040,2024-02-24T19:09:14,work_context,1,Manufacturing,Midstream,Path_L
H02388,U0478,C201,I014,F001,O002,S008|S086|S094|S109|S207|S239|S091,2024-02-24T20:29:12,skill_context,0,,,
H01453,U0291,C036,I011,F016,O085,S002|S018|S096|S126|S141|S217|S232|S181,2024-02-24T21:54:18,skill_context,1,Procurement,Upstream,Path_G
H06963,U1393,C251,I004,F003,O012,S029|S056|S082|S092|S192|S231,2024-02-24T22:10:01,collaboration_context,0,,,
H02333,U0467,C297,I023,F003,O012,S041|S068|S107|S149|S180|S215|S224,2024-02-24T22:18:51,skill_context,0,,,
H06218,U1244,C145,I012,F010,O052,S059|S064|S067|S073|S081|S187|S191|S197,2024-02-24T23:37:33,skill_context,0,,,
H02193,U0439,C158,I014,F012,O063,S043|S046|S127|S161|S173|S186|S207,2024-02-24T23:38:01,supply_context,1,Procurement,Midstream,Path_H
H03143,U0629,C313,I015,F004,O018,S076|S095|S146|S213|S216|S225|S091|S065,2024-02-25T00:03:24,work_context,0,,,
H06123,U1225,C292,I017,F009,O046,S082|S086|S103|S139|S153|S075,2024-02-25T00:20:02,supply_context,1,Manufacturing,Upstream,Path_D
H00693,U0139,C057,I023,F014,O073,S014|S026|S031|S076|S082|S095|S157|S222,2024-02-25T01:10:41,supply_context,0,,,
H05538,U1108,C235,I009,F015,O080,S002|S072|S089|S106|S121|S201|S153,2024-02-25T01:22:46,supply_context,0,,,
H06528,U1306,C028,I018,F018,O096,S071|S128|S144|S162|S200|S234|S157|S108,2024-02-25T02:22:36,supply_context,1,Retail,Downstream,Path_F
H04293,U0859,C122,I015,F008,O042,S018|S024|S122|S126|S190|S199,2024-02-25T03:52:08,collaboration_context,1,Logistics,Downstream,Path_D
H05823,U1165,C232,I016,F005,O025,S066|S072|S085|S116|S123|S126|S209|S218,2024-02-25T04:29:24,skill_context,0,,,
H01888,U0378,C289,I018,F014,O072,S050|S099|S108|S122|S128|S170|S189|S192,2024-02-25T05:57:29,supply_context,0,,,
H06508,U1302,C041,I016,F015,O080,S029|S042|S116|S135|S147,2024-02-25T06:05:36,collaboration_context,0,,,
H05108,U1022,C066,I021,F010,O052,S044|S062|S072|S073|S143|S184|S164|S228,2024-02-25T08:03:48,collaboration_context,1,SCM,Upstream,Path_B
H05583,U1117,C263,I011,F018,O093,S063|S066|S106|S150|S163|S214,2024-02-25T08:41:53,supply_context,1,Manufacturing,Midstream,Path_I
H04143,U0829,C064,I005,F009,O048,S034|S072|S128|S140|S194|S135|S190,2024-02-25T11:56:43,supply_context,1,Procurement,Downstream,Path_F
H01253,U0251,C044,I017,F007,O035,S008|S082|S091|S116|S122|S144|S151|S177,2024-02-25T11:58:36,work_context,0,,,
H05313,U1063,C296,I011,F017,O088,S054|S058|S166|S178|S206,2024-02-25T13:31:23,collaboration_context,1,Manufacturing,Downstream,Path_G
H01568,U0314,C171,I018,F007,O035,S066|S085|S102|S105|S114|S210,2024-02-25T14:02:25,work_context,1,Manufacturing,Midstream,Path_E
H03268,U0654,C219,I024,F010,O050,S057|S148|S163|S199|S218|S234,2024-02-25T15:24:35,collaboration_context,0,,,
H02353,U0471,C304,I020,F002,O009,S053|S060|S103|S175|S213|S210|S020,2024-02-25T16:34:07,supply_context,1,Logistics,Midstream,Path_A
H06473,U1295,C250,I012,F001,O006,S021|S031|S038|S076|S080|S129|S161|S198,2024-02-25T16:44:35,supply_context,1,SCM,Midstream,Path_E
H02768,U0554,C311,I018,F014,O075,S081|S094|S106|S165|S173|S226|S175,2024-02-25T17:18:06,work_context,0,,,
H00498,U0100,C168,I023,F002,O007,S042|S135|S156|S160|S170|S232,2024-02-25T21:03:44,work_context,0,,,
H00543,U0109,C165,I017,F006,O031,S008|S010|S028|S125|S210|S214,2024-02-25T21:16:14,skill_context,0,,,
H04348,U0870,C020,I004,F006,O031,S040|S057|S062|S065|S159|S191|S069|S110,2024-02-25T22:35:57,collaboration_context,0,,,
H01603,U0321,C051,I019,F002,O010,S070|S081|S122|S165|S191|S206,2024-02-25T23:55:21,supply_context,0,,,
H02123,U0425,C162,I001,F009,O048,S013|S014|S045|S101|S107,2024-02-26T06:00:39,skill_context,1,Retail,Upstream,Path_A
H01848,U0370,C094,I006,F008,O041,S011|S019|S053|S085|S091|S109|S206|S197,2024-02-26T09:09:15,collaboration_context,0,,,
H04443,U0889,C103,I011,F014,O071,S002|S036|S046|S133|S164|S188|S208|S011,2024-02-26T09:26:04,work_context,0,,,
H04863,U0973,C051,I019,F007,O038,S123|S149|S152|S180|S200|S223,2024-02-26T09:26:41,collaboration_context,1,Procurement,Upstream,Path_E
H00923,U0185,C216,I010,F013,O065,S048|S064|S116|S123|S161|S165|S206,2024-02-26T10:24:44,skill_context,0,,,
H01723,U0345,C278,I004,F010,O053,S016|S025|S035|S056|S081|S177|S117|S120,2024-02-26T10:27:59,collaboration_context,0,,,
H03683,U0737,C163,I002,F003,O012,S037|S041|S065|S098|S136|S172|S174|S208,2024-02-26T11:18:35,skill_context,1,Manufacturing,Upstream,Path_B
H04268,U0854,C088,I009,F017,O089,S007|S083|S106|S196|S206|S238|S148|S145,2024-02-26T12:54:49,skill_context,1,Distribution,Midstream,Path_J
H06593,U1319,C030,I020,F008,O042,S008|S020|S118|S144|S147|S211|S234|S107,2024-02-26T13:00:20,collaboration_context,0,,,
H02468,U0494,C287,I016,F017,O090,S054|S055|S067|S088|S132|S086,2024-02-26T13:19:39,collaboration_context,1,Procurement,Midstream,Path_E
H03653,U0731,C145,I012,F006,O032,S050|S075|S089|S108|S122|S123|S145|S151,2024-02-26T13:27:45,skill_context,1,Procurement,Downstream,Path_B
H05688,U1138,C157,I001,F009,O044,S006|S064|S083|S139|S186|S188|S200|S035,2024-02-26T13:58:41,skill_context,1,Supplier Management,Downstream,Path_D
H05158,U1032,C204,I016,F013,O066,S025|S063|S070|S105|S118|S156|S189,2024-02-26T14:41:23,supply_context,0,,,
H01673,U0335,C068,I006,F005,O026,S025|S036|S092|S099|S158|S164|S188|S216,2024-02-26T14:48:16,supply_context,1,SCM,Midstream,Path_F
H06098,U1220,C068,I006,F008,O043,S062|S154|S160|S167|S195|S209|S224,2024-02-26T15:18:07,supply_context,0,,,
H03048,U0610,C210,I024,F016,O086,S026|S126|S185|S198|S206|S236|S237,2024-02-26T15:33:24,work_context,0,,,
H01403,U0281,C221,I019,F014,O071,S046|S095|S119|S172|S186|S079,2024-02-26T15:47:28,supply_context,0,,,
H06078,U1216,C033,I024,F005,O024,S040|S136|S155|S168|S192|S230,2024-02-26T17:18:48,work_context,0,,,
H02648,U0530,C150,I001,F013,O065,S020|S036|S045|S076|S109|S172|S183|S073,2024-02-26T19:18:06,collaboration_context,0,,,
H00083,U0017,C061,I006,F015,O077,S027|S054|S066|S136|S175|S176|S213|S193,2024-02-26T20:17:53,skill_context,0,,,
H04423,U0885,C082,I015,F010,O053,S072|S144|S175|S214|S238|S239|S007,2024-02-26T20:40:00,work_context,0,,,
H04878,U0976,C259,I009,F012,O064,S004|S101|S113|S120|S140|S166|S204,2024-02-27T01:17:37,work_context,0,,,
H04538,U0908,C046,I001,F001,O003,S137|S160|S176|S202|S232,2024-02-27T01:26:20,supply_context,0,,,
H01248,U0250,C211,I004,F005,O023,S033|S047|S117|S129|S209,2024-02-27T01:27:00,skill_context,1,Distribution,Downstream,Path_H
H05593,U1119,C162,I001,F008,O039,S010|S012|S160|S173|S181|S187|S198|S206,2024-02-27T01:53:59,skill_context,0,,,
H00023,U0005,C105,I005,F015,O080,S031|S090|S094|S113|S140|S189|S190|S223,2024-02-27T03:23:47,skill_context,0,,,
H04163,U0833,C179,I015,F012,O061,S035|S081|S145|S150|S154|S170|S214|S236,2024-02-27T03:40:00,skill_context,1,Logistics,Midstream,Path_G
H02618,U0524,C105,I005,F013,O065,S040|S106|S108|S114|S133|S159|S101|S041,2024-02-27T04:20:33,supply_context,0,,,
H05168,U1034,C071,I012,F018,O092,S018|S084|S185|S190|S221|S004,2024-02-27T04:41:05,supply_context,1,Manufacturing,Downstream,Path_F
H05938,U1188,C284,I016,F001,O001,S008|S035|S118|S135|S173|S177|S182|S200,2024-02-27T08:49:32,collaboration_context,0,,,
H00713,U0143,C086,I010,F012,O061,S033|S104|S122|S161|S165|S178|S209|S222,2024-02-27T10:02:01,supply_context,0,,,
H01238,U0248,C192,I010,F014,O071,S048|S068|S085|S170|S188|S203|S223|S239,2024-02-27T11:23:56,supply_context,1,Distribution,Downstream,Path_L
H03138,U0628,C264,I021,F010,O053,S040|S126|S134|S136|S148|S164|S210|S239,2024-02-27T11:33:31,work_context,0,,,
H05673,U1135,C199,I021,F012,O061,S028|S032|S061|S075|S105|S213|S129,2024-02-27T11:58:57,supply_context,0,,,
H03478,U0696,C171,I018,F017,O090,S035|S052|S066|S135|S192|S097,2024-02-27T13:40:03,work_context,0,,,
H06568,U1314,C040,I007,F008,O039,S006|S033|S075|S162|S198,2024-02-27T14:33:43,collaboration_context,1,Retail,Downstream,Path_E
H02163,U0433,C130,I014,F018,O096,S061|S098|S146|S167|S178,2024-02-27T14:44:34,collaboration_context,0,,,
H00163,U0033,C145,I012,F018,O096,S001|S023|S034|S140|S156|S062,2024-02-27T14:48:58,collaboration_context,1,Supplier Management,Upstream,Path_F
H02788,U0558,C053,I019,F012,O061,S057|S073|S218|S220|S239|S167|S236,2024-02-27T16:06:59,collaboration_context,1,SCM,Downstream,Path_F
H02908,U0582,C060,I011,F017,O087,S012|S034|S069|S088|S123|S175,2024-02-27T17:34:26,collaboration_context,1,Manufacturing,Upstream,Path_I
H02048,U0410,C291,I024,F009,O046,S004|S057|S058|S079|S085|S193|S207|S233,2024-02-27T18:37:14,work_context,0,,,
H05808,U1162,C167,I002,F018,O094,S018|S072|S094|S116|S146|S168|S209|S223,2024-02-27T19:06:55,supply_context,1,Procurement,Downstream,Path_H
H02683,U0537,C221,I019,F016,O081,S019|S069|S098|S127|S169|S189|S198,2024-02-27T19:24:33,skill_context,1,Manufacturing,Midstream,Path_F
H04213,U0843,C195,I007,F017,O090,S036|S105|S106|S107|S117|S193,2024-02-27T20:19:36,supply_context,1,Retail,Midstream,Path_A
H01283,U0257,C075,I011,F002,O010,S063|S081|S090|S102|S111|S134|S204,2024-02-27T20:21:55,skill_context,1,Supplier Management,Midstream,Path_K
H02678,U0536,C017,I012,F004,O022,S042|S078|S144|S205|S213|S190,2024-02-27T23:13:32,supply_context,0,,,
H00063,U0013,C053,I019,F014,O073,S038|S050|S068|S075|S205|S212,2024-02-27T23:30:40,supply_context,0,,,
H05903,U1181,C141,I019,F016,O085,S027|S048|S055|S071|S079|S084|S145|S147,2024-02-27T23:33:36,collaboration_context,0,,,
H02558,U0512,C039,I023,F017,O091,S018|S032|S038|S042|S061|S144|S168|S211,2024-02-28T05:29:39,skill_context,0,,,
H01598,U0320,C186,I001,F005,O023,S072|S146|S159|S212|S225|S238|S006|S182,2024-02-28T09:09:46,skill_context,1,Retail,Downstream,Path_J
H01203,U0241,C141,I019,F017,O090,S029|S041|S129|S149|S173,2024-02-28T09:12:29,collaboration_context,0,,,
H05083,U1017,C075,I011,F008,O040,S007|S010|S044|S086|S174|S079|S231,2024-02-28T10:22:25,skill_context,1,Manufacturing,Midstream,Path_D
H02293,U0459,C120,I017,F017,O090,S019|S126|S162|S184|S185,2024-02-28T11:02:13,work_context,1,Distribution,Midstream,Path_K
H01473,U0295,C287,I016,F015,O076,S078|S093|S115|S172|S232,2024-02-28T11:38:19,supply_context,1,Distribution,Upstream,Path_B
H06423,U1285,C204,I016,F006,O031,S013|S042|S071|S096|S097|S117|S142|S236,2024-02-28T12:34:46,work_context,1,Procurement,Downstream,Path_D
H04903,U0981,C167,I002,F014,O071,S019|S076|S141|S158|S191|S068|S149,2024-02-28T12:41:23,collaboration_context,1,SCM,Downstream,Path_B
H06948,U1390,C015,I001,F007,O034,S002|S073|S101|S123|S133|S142|S206|S233,2024-02-28T13:12:27,collaboration_context,1,Supplier Management,Downstream,Path_K
H03868,U0774,C059,I014,F005,O027,S064|S109|S122|S174|S188,2024-02-28T15:22:33,supply_context,0,,,
H00813,U0163,C207,I008,F007,O034,S026|S092|S110|S132|S158|S164|S214|S215,2024-02-28T15:22:51,skill_context,0,,,
H04838,U0968,C130,I014,F002,O011,S020|S023|S118|S124|S164|S235|S236|S214,2024-02-28T18:23:10,supply_context,0,,,
H01418,U0284,C164,I012,F012,O063,S030|S034|S055|S083|S101|S103|S104,2024-02-28T20:05:53,work_context,0,,,
H03953,U0791,C001,I003,F013,O065,S012|S112|S123|S177|S198|S222|S233|S159,2024-02-28T20:50:09,collaboration_context,0,,,
H02053,U0411,C095,I012,F014,O074,S092|S155|S160|S167|S214,2024-02-28T23:38:42,collaboration_context,0,,,
H05918,U1184,C136,I023,F004,O017,S047|S085|S091|S142|S171,2024-02-28T23:49:38,supply_context,0,,,
H04983,U0997,C281,I008,F009,O047,S027|S035|S098|S144|S219|S004,2024-02-28T23:50:38,work_context,0,,,
H03964,U0793,C243,I008,F006,O029,S005|S059|S067|S098|S099|S120|S121|S184,2024-07-01T00:23:34,work_context,1,Procurement,Upstream,Path_H
H00659,U0132,C299,I015,F007,O037,S015|S052|S074|S094|S103|S132|S170|S238,2024-07-01T02:47:29,work_context,0,,,
H02324,U0465,C263,I011,F014,O071,S094|S155|S189|S195|S202|S043|S098,2024-07-01T02:58:40,supply_context,0,,,
H01074,U0215,C261,I022,F016,O082,S057|S074|S118|S158|S202|S211|S217,2024-07-01T03:58:11,work_context,0,,,
H01519,U0304,C088,I009,F017,O087,S005|S056|S057|S170|S202|S213,2024-07-01T04:09:56,collaboration_context,1,Logistics,Downstream,Path_K
H04959,U0992,C235,I009,F002,O007,S037|S047|S080|S105|S142|S167|S178|S024,2024-07-01T04:46:09,skill_context,1,Retail,Upstream,Path_H
H01364,U0273,C106,I021,F017,O089,S069|S091|S118|S124|S147|S157|S220|S238,2024-07-01T06:37:36,supply_context,1,Manufacturing,Midstream,Path_G
H00069,U0014,C022,I010,F010,O053,S027|S031|S084|S144|S148|S153|S204|S225,2024-07-01T06:49:37,supply_context,0,,,
H04029,U0806,C190,I023,F018,O094,S015|S121|S195|S200|S235,2024-07-01T07:35:52,collaboration_context,0,,,
H03454,U0691,C225,I022,F016,O086,S025|S182|S202|S215|S220|S227|S225|S066,2024-07-01T07:42:50,work_context,0,,,
H03489,U0698,C251,I004,F015,O076,S029|S035|S060|S190|S213,2024-07-01T07:45:29,work_context,0,,,
H01949,U0390,C316,I013,F006,O032,S034|S043|S199|S209|S217|S020|S068,2024-07-01T07:50:37,work_context,1,Procurement,Midstream,Path_A
H06754,U1351,C081,I007,F015,O078,S056|S062|S096|S180|S184|S197|S199|S238,2024-07-01T08:21:51,skill_context,1,Retail,Upstream,Path_C
H00539,U0108,C154,I022,F011,O058,S016|S053|S066|S115|S119|S136|S167|S224,2024-07-01T08:34:09,collaboration_context,0,,,
H02834,U0567,C100,I005,F011,O057,S029|S056|S070|S127|S131|S226,2024-07-01T08:38:43,collaboration_context,1,Manufacturing,Midstream,Path_I
H02204,U0441,C175,I008,F007,O033,S019|S076|S109|S130|S174,2024-07-01T08:46:34,work_context,1,Manufacturing,Downstream,Path_D
H03844,U0769,C167,I002,F007,O035,S016|S040|S074|S172|S239,2024-07-01T08:46:59,work_context,1,Distribution,Downstream,Path_J
H03219,U0644,C084,I014,F008,O040,S111|S133|S153|S173|S178|S028|S239,2024-07-01T09:21:15,collaboration_context,0,,,
H02584,U0517,C106,I021,F012,O061,S055|S127|S172|S185|S217|S020,2024-07-01T13:38:30,skill_context,0,,,
H01419,U0284,C026,I012,F012,O063,S030|S034|S055|S083|S101|S103|S104|S006,2024-07-01T14:40:02,work_context,1,Supplier Management,Midstream,Path_I
H04094,U0819,C027,I021,F007,O036,S018|S027|S049|S114|S134|S139|S181,2024-07-01T18:33:19,supply_context,1,Supplier Management,Upstream,Path_G
H04274,U0855,C278,I004,F005,O024,S025|S050|S065|S100|S144|S190|S233|S060,2024-07-01T18:43:19,supply_context,0,,,
H01469,U0294,C214,I022,F009,O046,S052|S073|S147|S158|S186,2024-07-01T19:55:10,supply_context,0,,,
H06279,U1256,C254,I022,F011,O055,S002|S003|S023|S074|S081|S084|S086|S142,2024-07-01T20:10:08,work_context,1,Supplier Management,Downstream,Path_E
H03014,U0603,C058,I020,F010,O054,S001|S060|S097|S119|S225,2024-07-01T20:34:41,collaboration_context,1,Procurement,Downstream,Path_G
H06399,U1280,C057,I023,F007,O037,S008|S010|S021|S030|S097|S131|S217|S237,2024-07-01T22:16:20,supply_context,0,,,
H03914,U0783,C270,I003,F012,O060,S014|S057|S100|S136|S146|S155,2024-07-01T23:35:38,collaboration_context,0,,,
H02684,U0537,C221,I019,F016,O081,S019|S069|S098|S127|S169|S189|S198|S156,2024-07-02T00:57:48,collaboration_context,0,,,
H06479,U1296,C177,I005,F005,O023,S031|S074|S113|S171|S172|S209|S190|S143,2024-07-02T02:41:58,supply_context,1,SCM,Downstream,Path_I
H00324,U0065,C023,I015,F018,O093,S009|S013|S063|S079|S087|S088|S123|S170,2024-07-02T03:36:33,skill_context,0,,,
H02994,U0599,C068,I006,F015,O080,S010|S014|S029|S031|S121|S127,2024-07-02T04:28:00,skill_context,1,Logistics,Downstream,Path_B
H02724,U0545,C113,I004,F002,O009,S063|S070|S085|S094|S143,2024-07-02T05:35:26,skill_context,1,SCM,Midstream,Path_J
H02934,U0587,C110,I003,F016,O084,S087|S094|S114|S121|S130|S136|S163|S067,2024-07-02T05:38:45,collaboration_context,1,Procurement,Upstream,Path_H
H03294,U0659,C104,I024,F003,O013,S048|S090|S105|S137|S230|S129,2024-07-02T06:25:13,collaboration_context,1,Supplier Management,Upstream,Path_L
H06834,U1367,C297,I023,F002,O011,S042|S069|S118|S131|S154|S158|S210|S231,2024-07-02T07:41:02,work_context,0,,,
H06319,U1264,C082,I015,F002,O010,S109|S120|S131|S158|S237,2024-07-02T07:53:45,collaboration_context,1,Distribution,Midstream,Path_C
H05114,U1023,C193,I002,F015,O076,S024|S037|S041|S202|S207|S231|S081|S187,2024-07-02T09:42:51,skill_context,0,,,
H02359,U0472,C270,I003,F003,O012,S002|S113|S160|S187|S229|S183|S194|S060,2024-07-02T10:35:47,skill_context,1,Procurement,Upstream,Path_E
H00204,U0041,C146,I017,F012,O063,S017|S074|S080|S099|S114|S182|S201,2024-07-02T13:33:42,work_context,0,,,
H02289,U0458,C296,I011,F011,O057,S093|S112|S131|S200|S231|S165|S149,2024-07-02T14:12:40,supply_context,0,,,
H06569,U1314,C040,I007,F008,O039,S006|S033|S075|S162|S198,2024-07-02T14:14:46,supply_context,0,,,
H01779,U0356,C051,I019,F014,O075,S024|S072|S076|S087|S196|S213|S229,2024-07-02T15:47:34,work_context,0,,,
H04834,U0967,C095,I012,F017,O088,S010|S030|S063|S072|S141|S235|S126,2024-07-02T16:35:48,work_context,1,Distribution,Upstream,Path_G
H01514,U0303,C134,I005,F012,O064,S069|S085|S129|S145|S147|S160|S201,2024-07-02T16:54:22,collaboration_context,0,,,
H05419,U1084,C243,I008,F011,O059,S044|S132|S192|S217|S224|S077,2024-07-02T18:43:56,collaboration_context,1,SCM,Downstream,Path_I
H02609,U0522,C290,I023,F013,O065,S008|S037|S076|S088|S143|S160|S163|S228,2024-07-02T20:32:50,work_context,0,,,
H05844,U1169,C158,I014,F012,O064,S057|S063|S105|S127|S128|S145|S140,2024-07-02T20:35:13,supply_context,0,,,
H02419,U0484,C068,I006,F010,O053,S026|S052|S058|S065|S151|S165|S210,2024-07-02T21:16:33,work_context,1,Procurement,Downstream,Path_H
H00994,U0199,C212,I016,F006,O031,S079|S153|S172|S202|S209|S008,2024-07-02T21:38:51,collaboration_context,1,Manufacturing,Downstream,Path_C
H05849,U1170,C170,I013,F002,O008,S032|S140|S154|S160|S188,2024-07-02T21:51:49,work_context,1,SCM,Upstream,Path_D
H03884,U0777,C237,I016,F008,O043,S025|S056|S098|S155|S165|S221|S225|S064,2024-07-02T22:03:25,supply_context,1,SCM,Upstream,Path_L
H03539,U0708,C067,I002,F006,O031,S002|S023|S096|S188|S239|S165,2024-07-02T22:42:09,collaboration_context,0,,,
H01664,U0333,C301,I007,F003,O014,S045|S060|S129|S139|S162|S200|S219|S198,2024-07-02T23:17:27,skill_context,0,,,
H03484,U0697,C166,I018,F013,O065,S012|S133|S147|S148|S156|S225,2024-07-02T23:22:58,supply_context,1,Logistics,Downstream,Path_E
H00874,U0175,C269,I019,F013,O070,S002|S058|S102|S111|S173|S174|S191|S118,2024-07-03T00:28:49,supply_context,0,,,
H04929,U0986,C122,I015,F016,O083,S022|S030|S094|S110|S169|S188|S195|S216,2024-07-03T01:26:21,collaboration_context,1,Distribution,Upstream,Path_I
H04999,U1000,C050,I013,F009,O044,S027|S040|S084|S144|S151|S189|S222|S234,2024-07-03T01:57:05,work_context,0,,,
H01159,U0232,C306,I018,F005,O024,S056|S070|S079|S132|S148|S155|S193|S236,2024-07-03T03:16:39,skill_context,0,,,
H05149,U1030,C133,I021,F004,O017,S105|S117|S128|S132|S182|S183|S239|S198,2024-07-03T03:20:59,supply_context,1,Retail,Downstream,Path_J
H01394,U0279,C062,I010,F001,O003,S013|S014|S091|S094|S121|S125|S132|S197,2024-07-03T03:25:59,supply_context,0,,,
H04314,U0863,C026,I012,F009,O047,S100|S115|S136|S180|S203,2024-07-03T06:34:32,collaboration_context,1,Supplier Management,Upstream,Path_D
H03414,U0683,C011,I004,F016,O084,S102|S145|S146|S148|S184|S202|S134,2024-07-03T07:32:21,work_context,0,,,
H03684,U0737,C163,I002,F003,O012,S037|S041|S065|S098|S136|S172|S174|S208,2024-07-03T08:32:30,skill_context,0,,,
H02524,U0505,C230,I002,F009,O047,S031|S054|S067|S070|S087|S102|S199|S213,2024-07-03T09:47:15,collaboration_context,0,,,
H06364,U1273,C235,I009,F007,O034,S019|S125|S140|S158|S208|S214|S231|S234,2024-07-03T10:58:11,work_context,1,Retail,Upstream,Path_H
H01044,U0209,C032,I011,F008,O040,S008|S116|S143|S196|S237|S209,2024-07-03T11:12:26,work_context,0,,,
H03614,U0723,C019,I018,F015,O077,S048|S128|S163|S186|S209|S109|S024,2024-07-03T11:16:04,work_context,1,Procurement,Midstream,Path_G
H03394,U0679,C240,I002,F018,O094,S001|S072|S108|S109|S168|S220|S083,2024-07-03T11:59:24,work_context,0,,,
H02049,U0410,C291,I024,F009,O046,S004|S057|S058|S079|S085|S193|S207|S233,2024-07-03T12:47:52,supply_context,1,Procurement,Midstream,Path_F
H01294,U0259,C246,I024,F016,O081,S060|S070|S112|S159|S197|S207,2024-07-03T12:48:10,skill_context,0,,,
H04444,U0889,C169,I011,F004,O022,S002|S036|S046|S133|S164|S188|S208|S011,2024-07-03T15:23:32,supply_context,1,Procurement,Upstream,Path_C
H00289,U0058,C222,I003,F004,O017,S034|S074|S075|S089|S197|S156,2024-07-03T16:53:47,skill_context,1,Manufacturing,Midstream,Path_F
H06774,U1355,C271,I018,F016,O082,S110|S130|S155|S176|S239|S186,2024-07-03T17:03:56,collaboration_context,1,Distribution,Downstream,Path_F
H03314,U0663,C318,I017,F017,O091,S028|S030|S041|S053|S147|S196|S208|S138,2024-07-03T17:16:57,supply_context,0,,,
H01744,U0349,C146,I017,F015,O079,S056|S143|S165|S167|S197|S228,2024-07-03T18:50:01,supply_context,1,Retail,Upstream,Path_B
H05604,U1121,C097,I007,F007,O033,S041|S111|S203|S210|S212|S240,2024-07-03T20:14:45,skill_context,0,,,
H00519,U0104,C275,I008,F007,O034,S066|S099|S122|S132|S230|S167,2024-07-03T23:22:51,skill_context,0,,,
H06914,U1383,C136,I023,F001,O001,S012|S021|S098|S158|S173|S201,2024-07-04T00:03:43,skill_context,0,,,
H06139,U1228,C165,I017,F010,O054,S029|S067|S107|S142|S188|S200|S202|S106,2024-07-04T01:04:40,work_context,1,Distribution,Upstream,Path_B
H01224,U0245,C030,I020,F012,O063,S013|S016|S028|S032|S148|S160|S238|S004,2024-07-04T01:06:06,collaboration_context,0,,,
H06449,U1290,C258,I010,F012,O063,S018|S059|S071|S086|S095|S124|S238,2024-07-04T01:43:50,skill_context,0,,,
H05714,U1143,C072,I010,F004,O021,S083|S086|S094|S105|S239,2024-07-04T01:54:23,supply_context,0,,,
H02914,U0583,C118,I013,F010,O051,S035|S041|S053|S163|S168|S231|S236|S125,2024-07-04T02:07:29,collaboration_context,1,Distribution,Upstream,Path_I
H03119,U0624,C175,I008,F006,O030,S080|S130|S168|S209|S223|S050|S009,2024-07-04T02:44:21,skill_context,0,,,
H05469,U1094,C046,I001,F009,O044,S072|S085|S096|S104|S178|S182|S202|S222,2024-07-04T04:31:02,skill_context,0,,,
H05414,U1083,C282,I017,F014,O074,S032|S083|S106|S112|S131|S136|S146|S162,2024-07-04T04:58:18,work_context,1,Distribution,Midstream,Path_F
H03409,U0682,C242,I022,F008,O042,S007|S065|S095|S140|S142|S211|S130,2024-07-04T05:00:40,work_context,0,,,
H00419,U0084,C078,I009,F011,O059,S066|S075|S089|S090|S103|S147|S196,2024-07-04T05:06:52,skill_context,1,SCM,Downstream,Path_A
H04289,U0858,C116,I013,F003,O013,S009|S036|S063|S083|S095|S161|S057,2024-07-04T06:06:15,supply_context,1,SCM,Midstream,Path_L
H05659,U1132,C049,I006,F014,O071,S024|S071|S081|S108|S139|S140|S152|S185,2024-07-04T06:55:12,work_context,1,SCM,Midstream,Path_D
H00099,U0020,C098,I012,F009,O046,S026|S048|S054|S169|S191|S196|S233|S115,2024-07-04T08:00:04,collaboration_context,0,,,
H01104,U0221,C171,I018,F014,O072,S021|S036|S054|S103|S106|S148|S206|S184,2024-07-04T08:43:07,supply_context,0,,,
H05209,U1042,C209,I019,F005,O027,S031|S033|S085|S101|S103|S206|S215,2024-07-04T10:46:37,work_context,0,,,
H02564,U0513,C258,I010,F003,O016,S081|S109|S128|S151|S188|S199|S230|S214,2024-07-04T10:46:48,skill_context,0,,,
H01379,U0276,C054,I004,F003,O015,S091|S148|S150|S178|S200|S051,2024-07-04T10:48:14,skill_context,1,Retail,Midstream,Path_D
H05884,U1177,C315,I003,F007,O036,S049|S073|S108|S114|S140|S159|S184|S195,2024-07-04T11:42:20,skill_context,0,,,
H04409,U0882,C124,I001,F010,O050,S100|S101|S162|S217|S227|S193,2024-07-04T11:46:34,work_context,0,,,
H03774,U0755,C044,I017,F006,O029,S039|S051|S111|S122|S136|S219|S229|S230,2024-07-04T12:07:13,collaboration_context,0,,,
H00489,U0098,C159,I002,F004,O021,S030|S056|S102|S162|S173|S217|S223,2024-07-04T12:11:18,skill_context,1,Logistics,Upstream,Path_G
H01689,U0338,C073,I001,F008,O043,S009|S014|S067|S144|S202|S210|S239|S171,2024-07-04T14:02:43,skill_context,0,,,
H02044,U0409,C014,I007,F011,O059,S009|S062|S094|S097|S166|S184|S195|S224,2024-07-04T16:18:26,work_context,0,,,
H05474,U1095,C019,I018,F010,O053,S015|S032|S094|S120|S121|S158|S231|S080,2024-07-04T16:28:58,collaboration_context,0,,,
H06259,U1252,C144,I006,F004,O020,S003|S013|S046|S101|S202|S228|S233|S234,2024-07-04T16:29:28,supply_context,0,,,
H04044,U0809,C312,I022,F012,O063,S008|S012|S035|S094|S178|S014|S188|S057,2024-07-04T16:41:49,work_context,0,,,
H06034,U1207,C287,I016,F003,O013,S021|S035|S052|S139|S212|S225|S100|S040,2024-07-04T18:08:41,collaboration_context,1,Procurement,Midstream,Path_J
H02739,U0548,C001,I003,F008,O039,S009|S039|S106|S107|S126|S196|S212|S198,2024-07-04T18:25:21,supply_context,0,,,
H00034,U0007,C318,I017,F014,O072,S002|S010|S136|S147|S164|S215|S224|S231,2024-07-04T18:36:27,skill_context,0,,,
H05354,U1071,C176,I007,F018,O094,S015|S022|S044|S055|S149|S152|S186,2024-07-04T19:36:11,skill_context,0,,,
H02939,U0588,C111,I011,F005,O024,S031|S054|S057|S091|S093|S128|S129|S196,2024-07-04T22:01:29,collaboration_context,0,,,
H06254,U1251,C173,I016,F017,O091,S043|S114|S155|S166|S179|S187,2024-07-04T23:51:04,skill_context,0,,,
H05824,U1165,C232,I016,F005,O025,S066|S072|S085|S116|S123|S126|S209|S218,2024-07-05T00:29:10,skill_context,0,,,
H01899,U0380,C211,I004,F005,O024,S042|S056|S080|S134|S188|S191|S203|S209,2024-07-05T01:03:33,skill_context,0,,,
H05254,U1051,C182,I011,F001,O003,S031|S033|S042|S184|S188|S041|S108,2024-07-05T01:42:57,supply_context,0,,,
H03929,U0786,C197,I007,F015,O077,S035|S037|S064|S112|S165|S222|S226|S168,2024-07-05T03:21:39,work_context,1,Supplier Management,Downstream,Path_I
H03619,U0724,C030,I020,F002,O007,S004|S039|S117|S139|S193,2024-07-05T04:53:53,skill_context,1,Logistics,Upstream,Path_G
H05169,U1034,C071,I012,F018,O092,S018|S084|S185|S190|S221|S004,2024-07-05T05:22:50,work_context,0,,,
H01944,U0389,C286,I009,F003,O012,S093|S112|S126|S180|S199|S203|S205|S231,2024-07-05T06:01:28,skill_context,1,Supplier Management,Upstream,Path_I
H06219,U1244,C145,I012,F010,O052,S059|S064|S067|S073|S081|S187|S191|S197,2024-07-05T06:17:56,supply_context,0,,,
H04239,U0848,C287,I016,F002,O009,S083|S145|S174|S179|S224,2024-07-05T06:43:29,collaboration_context,0,,,
H02294,U0459,C146,I017,F017,O089,S019|S126|S162|S184|S185,2024-07-05T08:00:26,collaboration_context,1,Distribution,Midstream,Path_K
H04209,U0842,C316,I013,F005,O025,S005|S008|S020|S028|S045|S061|S125|S077,2024-07-05T08:26:37,supply_context,0,,,
H03209,U0642,C242,I022,F002,O007,S004|S024|S084|S094|S122|S171|S172|S179,2024-07-05T08:45:05,supply_context,0,,,
H03504,U0701,C165,I017,F013,O069,S001|S044|S115|S119|S127|S137|S149|S156,2024-07-05T09:10:32,skill_context,1,Supplier Management,Midstream,Path_D
H02244,U0449,C005,I018,F003,O012,S001|S026|S112|S187|S200|S217|S226|S048,2024-07-05T10:57:24,supply_context,1,Supplier Management,Midstream,Path_G
H05989,U1198,C219,I024,F006,O029,S142|S178|S179|S190|S217|S101,2024-07-05T11:49:00,collaboration_context,1,SCM,Midstream,Path_K
H04539,U0908,C046,I001,F001,O003,S137|S160|S176|S202|S232,2024-07-05T11:51:44,supply_context,0,,,
H00604,U0121,C056,I008,F009,O046,S011|S062|S114|S137|S239,2024-07-05T12:32:29,collaboration_context,1,Manufacturing,Downstream,Path_F
H00354,U0071,C001,I003,F016,O085,S071|S120|S175|S194|S219,2024-07-05T12:36:39,collaboration_context,1,Retail,Midstream,Path_K
H03969,U0794,C220,I006,F010,O050,S024|S032|S170|S209|S233|S005,2024-07-05T14:38:29,collaboration_context,0,,,
H02209,U0442,C300,I002,F018,O092,S039|S050|S157|S199|S210|S166,2024-07-05T15:20:48,supply_context,0,,,
H01404,U0281,C221,I019,F014,O071,S046|S095|S119|S172|S186|S079,2024-07-05T15:28:37,collaboration_context,0,,,
H04904,U0981,C167,I002,F014,O071,S019|S076|S141|S158|S191|S068|S149,2024-07-05T16:13:07,collaboration_context,1,SCM,Downstream,Path_B
H05834,U1167,C139,I008,F010,O054,S021|S029|S039|S080|S099|S199|S222|S224,2024-07-05T16:52:22,supply_context,1,SCM,Downstream,Path_F
H06469,U1294,C097,I007,F013,O070,S078|S084|S086|S154|S170,2024-07-05T17:30:27,collaboration_context,0,,,
H06634,U1327,C202,I022,F018,O095,S071|S148|S193|S202|S232,2024-07-05T17:57:29,collaboration_context,1,Manufacturing,Midstream,Path_H
H01549,U0310,C100,I005,F001,O001,S048|S076|S092|S107|S144|S154|S210|S239,2024-07-05T18:23:35,supply_context,1,Logistics,Downstream,Path_I
H01649,U0330,C253,I021,F018,O092,S005|S043|S056|S085|S119|S168|S193|S204,2024-07-05T18:32:51,supply_context,1,Retail,Midstream,Path_K
H00799,U0160,C107,I006,F001,O006,S026|S112|S123|S201|S220|S157|S092,2024-07-05T23:10:13,skill_context,0,,,
H01144,U0229,C078,I009,F015,O078,S054|S077|S088|S125|S232,2024-07-06T00:26:26,collaboration_context,0,,,
H02644,U0529,C136,I023,F010,O049,S049|S053|S091|S146|S175|S219|S023|S227,2024-07-06T01:28:04,supply_context,0,,,
H04319,U0864,C292,I017,F009,O048,S053|S136|S153|S201|S207|S109|S033,2024-07-06T02:18:38,skill_context,0,,,
H03214,U0643,C018,I020,F007,O034,S012|S035|S073|S091|S188|S201|S210,2024-07-06T02:38:08,work_context,0,,,
H01234,U0247,C094,I006,F018,O095,S064|S071|S074|S079|S152|S173|S112|S067,2024-07-06T03:07:04,work_context,1,Supplier Management,Upstream,Path_B
H01299,U0260,C213,I020,F011,O058,S006|S037|S110|S130|S134|S187|S072|S019,2024-07-06T04:06:52,supply_context,1,Manufacturing,Downstream,Path_H
H03764,U0753,C262,I003,F010,O053,S011|S026|S068|S135|S206|S225|S227|S239,2024-07-06T05:22:46,supply_context,0,,,
H01539,U0308,C175,I008,F001,O004,S028|S092|S116|S135|S171|S198|S212,2024-07-06T05:51:25,collaboration_context,0,,,
H04369,U0874,C261,I022,F003,O014,S005|S022|S121|S157|S160|S163|S216|S231,2024-07-06T06:22:36,work_context,0,,,
H00794,U0159,C223,I012,F012,O063,S029|S093|S143|S177|S209|S231|S235,2024-07-06T06:29:25,supply_context,1,Logistics,Midstream,Path_L
H04629,U0926,C097,I007,F002,O009,S047|S073|S077|S215|S228|S236|S052,2024-07-06T07:29:27,work_context,1,SCM,Downstream,Path_D
H06864,U1373,C271,I018,F008,O041,S001|S030|S096|S197|S207|S117,2024-07-06T09:10:34,supply_context,0,,,
H03779,U0756,C222,I003,F011,O057,S060|S062|S145|S190|S224,2024-07-06T09:18:02,skill_context,1,Logistics,Upstream,Path_B
H06284,U1257,C298,I012,F009,O048,S036|S089|S102|S121|S159|S180|S194|S222,2024-07-06T09:52:31,work_context,0,,,
H05459,U1092,C023,I015,F006,O032,S026|S043|S067|S168|S194|S230|S120|S094,2024-07-06T10:38:15,supply_context,1,Retail,Midstream,Path_I
H01154,U0231,C166,I018,F010,O050,S018|S121|S122|S153|S162|S172|S183|S191,2024-07-06T11:36:49,collaboration_context,0,,,
H06669,U1334,C162,I001,F007,O037,S006|S020|S040|S127|S132|S146|S175|S062,2024-07-06T11:53:03,supply_context,0,,,
H06714,U1343,C153,I023,F014,O074,S034|S066|S071|S148|S152|S229|S231|S048,2024-07-06T12:51:43,collaboration_context,0,,,
H06959,U1392,C178,I022,F008,O043,S032|S154|S158|S168|S193|S012|S108,2024-07-06T12:56:54,skill_context,0,,,
H00624,U0125,C206,I014,F010,O054,S078|S090|S186|S187|S210|S218|S236,2024-07-06T13:06:26,supply_context,0,,,
H04494,U0899,C175,I008,F006,O030,S054|S113|S157|S179|S193|S118|S202,2024-07-06T13:15:08,skill_context,0,,,
H05914,U1183,C020,I004,F017,O087,S002|S084|S135|S170|S177|S198|S208|S185,2024-07-06T13:16:48,work_context,0,,,
H00774,U0155,C185,I021,F017,O088,S010|S031|S146|S186|S216|S238|S114,2024-07-06T13:47:01,collaboration_context,0,,,
H00899,U0180,C028,I018,F014,O074,S004|S056|S065|S076|S120|S177|S220|S227,2024-07-06T14:33:54,work_context,0,,,
H06464,U1293,C247,I003,F010,O049,S056|S079|S092|S101|S179|S187|S227|S058,2024-07-06T15:10:40,supply_context,0,,,
H02394,U0479,C059,I014,F002,O011,S110|S116|S121|S131|S161|S172|S199|S096,2024-07-06T15:11:07,collaboration_context,0,,,
H01634,U0327,C299,I015,F007,O035,S017|S057|S096|S127|S146|S196|S119,2024-07-06T15:27:16,skill_context,0,,,
H05624,U1125,C162,I001,F013,O068,S016|S080|S129|S139|S228,2024-07-06T16:58:48,collaboration_context,1,Manufacturing,Midstream,Path_I
H00439,U0088,C199,I021,F003,O015,S083|S088|S098|S114|S140|S161,2024-07-06T18:27:06,work_context,0,,,
H05154,U1031,C315,I003,F007,O035,S013|S038|S114|S122|S127|S154|S184|S195,2024-07-06T19:31:34,collaboration_context,1,Supplier Management,Upstream,Path_D
H03154,U0631,C013,I015,F008,O041,S022|S087|S099|S168|S169|S224|S227,2024-07-06T19:37:01,collaboration_context,1,Procurement,Upstream,Path_A
H02029,U0406,C226,I008,F015,O076,S004|S111|S130|S135|S185|S202|S210,2024-07-06T19:55:47,supply_context,0,,,
H04269,U0854,C088,I009,F017,O089,S007|S083|S106|S196|S206|S238|S148|S145,2024-07-06T20:10:51,supply_context,0,,,
H00454,U0091,C104,I024,F013,O067,S039|S050|S131|S222|S228|S133,2024-07-06T21:22:36,supply_context,1,Procurement,Upstream,Path_F
H04034,U0807,C025,I014,F004,O022,S029|S066|S116|S157|S206|S175,2024-07-06T22:12:29,skill_context,1,Logistics,Midstream,Path_B
H04564,U0913,C271,I018,F016,O082,S020|S073|S124|S169|S206|S220|S056,2024-07-06T22:29:20,work_context,0,,,
H04619,U0924,C079,I021,F014,O074,S037|S039|S069|S119|S147,2024-07-06T23:09:41,skill_context,0,,,
H06899,U1380,C297,I023,F001,O003,S033|S043|S059|S067|S069|S088|S212|S226,2024-07-06T23:29:35,supply_context,1,Distribution,Downstream,Path_A
H03889,U0778,C004,I004,F006,O030,S030|S103|S164|S181|S224|S011,2024-07-07T00:31:26,skill_context,0,,,
H05104,U1021,C095,I012,F006,O032,S011|S068|S108|S110|S174|S103|S132|S203,2024-07-07T02:44:09,skill_context,0,,,
H00914,U0183,C132,I019,F001,O001,S021|S031|S125|S204|S227|S005|S066,2024-07-07T03:51:25,supply_context,0,,,
H04259,U0852,C042,I020,F009,O048,S017|S069|S133|S168|S221|S016|S211|S102,2024-07-07T06:22:41,supply_context,1,Retail,Downstream,Path_J
H06979,U1396,C264,I021,F017,O089,S002|S042|S051|S079|S117|S118|S209|S211,2024-07-07T07:28:00,skill_context,1,SCM,Midstream,Path_C
H02874,U0575,C222,I003,F003,O014,S050|S072|S152|S177|S222|S168,2024-07-07T07:42:06,skill_context,1,Distribution,Upstream,Path_B
H06114,U1223,C214,I022,F003,O014,S008|S032|S100|S123|S125|S141|S144|S162,2024-07-07T08:26:27,supply_context,0,,,
H01864,U0373,C061,I006,F006,O031,S029|S050|S052|S072|S082|S098|S202|S230,2024-07-07T08:34:37,collaboration_context,0,,,
H05444,U1089,C109,I014,F011,O057,S007|S069|S073|S097|S156|S200,2024-07-07T08:55:10,collaboration_context,1,Supplier Management,Upstream,Path_I
H01584,U0317,C029,I003,F014,O071,S081|S121|S146|S172|S198|S227|S001|S079,2024-07-07T09:45:16,supply_context,1,Manufacturing,Upstream,Path_D
H05014,U1003,C201,I014,F003,O012,S048|S080|S118|S121|S219,2024-07-07T11:54:17,skill_context,0,,,
H06389,U1278,C209,I019,F015,O077,S014|S057|S074|S105|S145|S186|S190|S217,2024-07-07T12:39:37,skill_context,0,,,
H06129,U1226,C095,I012,F018,O093,S022|S060|S082|S120|S131|S143|S160|S179,2024-07-07T13:20:56,supply_context,1,Distribution,Downstream,Path_J
H00699,U0140,C084,I014,F002,O010,S021|S089|S106|S116|S143|S154|S228|S038,2024-07-07T13:44:18,work_context,0,,,
H04994,U0999,C248,I020,F002,O010,S005|S033|S060|S061|S133|S141|S192|S196,2024-07-07T14:28:27,collaboration_context,0,,,
H06649,U1330,C146,I017,F003,O016,S068|S092|S109|S115|S132|S146|S147|S238,2024-07-07T14:31:03,supply_context,1,Supplier Management,Upstream,Path_I
H00399,U0080,C091,I015,F018,O094,S038|S039|S053|S067|S071|S190|S213|S231,2024-07-07T15:00:17,supply_context,0,,,
H02079,U0416,C060,I011,F011,O055,S032|S057|S061|S104|S140|S052,2024-07-07T16:59:00,work_context,0,,,
H03634,U0727,C119,I013,F001,O002,S011|S029|S081|S119|S122|S181|S213|S228,2024-07-07T17:01:03,skill_context,0,,,
H00334,U0067,C298,I012,F013,O070,S006|S035|S075|S086|S199|S230|S032,2024-07-07T17:17:17,collaboration_context,0,,,
H04079,U0816,C004,I004,F012,O061,S060|S063|S088|S100|S177|S187|S207|S220,2024-07-07T18:55:38,work_context,1,SCM,Midstream,Path_K
H00029,U0006,C176,I007,F009,O048,S017|S077|S083|S088|S131|S231,2024-07-08T01:19:32,work_context,1,Manufacturing,Midstream,Path_F
H02199,U0440,C291,I024,F011,O058,S070|S080|S084|S095|S118|S132|S236|S217,2024-07-08T01:26:24,work_context,0,,,
H01639,U0328,C097,I007,F006,O030,S102|S140|S202|S214|S221|S036|S191|S178,2024-07-08T02:23:39,work_context,0,,,
H01994,U0399,C114,I014,F002,O008,S039|S067|S073|S172|S214,2024-07-08T02:35:42,collaboration_context,0,,,
H04234,U0847,C200,I004,F012,O061,S013|S082|S155|S156|S233|S073,2024-07-08T04:47:35,collaboration_context,0,,,
H06329,U1266,C254,I022,F015,O079,S041|S093|S098|S108|S167|S196|S207|S214,2024-07-08T04:56:40,skill_context,0,,,
H02614,U0523,C082,I015,F011,O058,S095|S101|S127|S137|S180|S197|S005,2024-07-08T05:23:48,work_context,0,,,
H00084,U0017,C061,I006,F015,O077,S027|S054|S066|S136|S175|S176|S213|S193,2024-07-08T06:34:14,collaboration_context,1,Procurement,Upstream,Path_E
H01794,U0359,C222,I003,F004,O020,S050|S065|S098|S130|S213|S240|S111|S109,2024-07-08T06:49:15,skill_context,0,,,
H05944,U1189,C102,I009,F013,O068,S007|S045|S093|S135|S186|S196|S208|S235,2024-07-08T06:51:09,skill_context,0,,,
H05404,U1081,C088,I009,F009,O048,S038|S059|S063|S070|S093|S115|S208|S213,2024-07-08T06:56:59,collaboration_context,0,,,
H05519,U1104,C297,I023,F001,O005,S005|S030|S044|S045|S065|S123|S178|S205,2024-07-08T09:44:23,skill_context,0,,,
H01449,U0290,C018,I020,F004,O021,S060|S061|S125|S181|S216|S108,2024-07-08T10:05:42,skill_context,1,Supplier Management,Upstream,Path_A
H04854,U0971,C313,I015,F016,O083,S031|S032|S067|S070|S097|S146|S164|S207,2024-07-08T10:07:23,skill_context,0,,,
H02799,U0560,C299,I015,F005,O025,S001|S017|S046|S054|S090|S131|S076,2024-07-08T11:43:30,supply_context,1,Manufacturing,Upstream,Path_J
H01264,U0253,C023,I015,F016,O081,S070|S074|S085|S139|S218|S221|S115,2024-07-08T14:42:51,work_context,0,,,
H02954,U0591,C128,I011,F009,O047,S056|S062|S078|S181|S199|S208|S232|S043,2024-07-08T14:46:20,collaboration_context,1,Manufacturing,Midstream,Path_L
H01119,U0224,C033,I024,F018,O096,S040|S122|S139|S148|S216|S030,2024-07-08T15:22:01,supply_context,1,SCM,Midstream,Path_E
H03899,U0780,C028,I018,F008,O043,S012|S050|S070|S126|S139|S147|S158|S212,2024-07-08T15:41:38,skill_context,1,Distribution,Upstream,Path_I
H04149,U0830,C315,I003,F007,O036,S103|S114|S120|S142|S153|S202|S207|S203,2024-07-08T15:47:31,collaboration_context,0,,,
H02599,U0520,C104,I024,F011,O058,S027|S051|S052|S137|S182|S194|S234|S207,2024-07-08T19:04:10,skill_context,1,Retail,Downstream,Path_K
H05614,U1123,C071,I012,F011,O057,S002|S035|S063|S170|S175,2024-07-08T20:35:36,work_context,0,,,
H04024,U0805,C241,I013,F012,O062,S100|S107|S155|S206|S223|S227|S129|S105,2024-07-08T20:45:19,skill_context,0,,,
H02819,U0564,C054,I004,F014,O073,S054|S088|S090|S137|S140|S156|S163,2024-07-08T20:48:12,supply_context,0,,,
H03019,U0604,C133,I021,F012,O063,S054|S071|S141|S147|S156|S163|S213|S134,2024-07-08T21:29:11,collaboration_context,1,Procurement,Downstream,Path_F
H01579,U0316,C243,I008,F003,O012,S088|S111|S161|S206|S218|S103,2024-07-08T22:43:49,work_context,0,,,
H04849,U0970,C154,I022,F003,O013,S008|S017|S026|S087|S102|S131|S238|S201,2024-07-08T23:05:34,collaboration_context,1,Retail,Upstream,Path_H
H03804,U0761,C305,I018,F010,O054,S006|S024|S071|S181|S208|S033,2024-07-08T23:28:34,collaboration_context,0,,,
H01399,U0280,C227,I019,F008,O040,S046|S121|S132|S184|S234,2024-07-08T23:33:29,skill_context,0,,,
H00869,U0174,C247,I003,F008,O040,S009|S038|S065|S073|S107|S162|S238,2024-07-08T23:52:21,skill_context,0,,,
H05399,U1080,C244,I022,F007,O037,S125|S144|S160|S171|S178|S148|S209,2024-07-09T00:39:38,work_context,1,Manufacturing,Midstream,Path_E
H01259,U0252,C127,I004,F006,O029,S024|S054|S085|S105|S115|S193|S194|S226,2024-07-09T03:24:04,skill_context,0,,,
H04789,U0958,C233,I006,F005,O027,S014|S016|S082|S214|S217|S238|S018|S209,2024-07-09T04:00:13,skill_context,0,,,
H02784,U0557,C014,I007,F011,O055,S023|S035|S062|S117|S211,2024-07-09T04:29:44,work_context,1,SCM,Upstream,Path_B
H01354,U0271,C061,I006,F010,O054,S027|S040|S044|S100|S121|S237|S115,2024-07-09T04:37:01,collaboration_context,1,Procurement,Downstream,Path_E
H02549,U0510,C313,I015,F002,O007,S033|S041|S059|S077|S109|S162|S165|S168,2024-07-09T04:38:14,collaboration_context,0,,,
H01019,U0204,C277,I010,F003,O016,S031|S034|S077|S118|S206|S210|S219|S075,2024-07-09T06:12:18,work_context,1,Distribution,Upstream,Path_E
H05524,U1105,C120,I017,F018,O095,S017|S060|S065|S071|S092|S113|S233|S237,2024-07-09T07:18:33,collaboration_context,0,,,
H05669,U1134,C296,I011,F013,O070,S149|S151|S153|S203|S237,2024-07-09T07:56:27,skill_context,1,Supplier Management,Midstream,Path_A
H05909,U1182,C100,I005,F017,O090,S079|S080|S088|S110|S114|S221|S156|S062,2024-07-09T09:40:42,skill_context,1,Procurement,Upstream,Path_J
H00729,U0146,C224,I004,F012,O061,S073|S075|S104|S112|S133|S155|S218,2024-07-09T11:07:53,work_context,0,,,
H03974,U0795,C264,I021,F011,O055,S016|S049|S127|S150|S173|S188|S213,2024-07-09T12:20:11,skill_context,1,Supplier Management,Midstream,Path_K
H01034,U0207,C318,I017,F017,O090,S060|S063|S068|S138|S177|S181|S226,2024-07-09T12:42:50,skill_context,1,Retail,Midstream,Path_B
H05899,U1180,C096,I017,F008,O040,S011|S037|S043|S047|S066|S086|S195|S235,2024-07-09T13:34:45,supply_context,0,,,
H04309,U0862,C092,I001,F002,O007,S033|S048|S082|S125|S224,2024-07-09T14:16:27,skill_context,1,Retail,Midstream,Path_A
H05129,U1026,C223,I012,F005,O025,S076|S140|S186|S191|S194|S215|S221,2024-07-09T14:30:21,work_context,0,,,
H00649,U0130,C310,I016,F003,O013,S084|S117|S119|S149|S169|S187|S112|S200,2024-07-09T15:10:39,skill_context,0,,,
H03924,U0785,C316,I013,F011,O059,S108|S158|S174|S211|S217|S234,2024-07-09T15:37:09,collaboration_context,1,Logistics,Upstream,Path_C
H06149,U1230,C280,I020,F017,O089,S007|S150|S165|S174|S206|S217|S234,2024-07-09T15:47:09,skill_context,1,Manufacturing,Upstream,Path_A
H06344,U1269,C208,I009,F006,O028,S035|S104|S112|S135|S177|S192|S083|S229,2024-07-09T15:47:10,skill_context,0,,,
H05554,U1111,C024,I001,F001,O001,S011|S130|S194|S219|S227|S109|S232,2024-07-09T17:12:28,supply_context,1,Manufacturing,Downstream,Path_B
H01334,U0267,C009,I003,F006,O029,S042|S107|S112|S119|S121|S217|S019|S116,2024-07-09T17:45:09,collaboration_context,0,,,
H04134,U0827,C020,I004,F010,O052,S037|S061|S081|S110|S224|S226|S005|S181,2024-07-09T18:38:20,work_context,0,,,
H00414,U0083,C250,I012,F005,O024,S049|S107|S111|S131|S204|S210|S102|S020,2024-07-09T19:18:34,collaboration_context,0,,,
H00619,U0124,C296,I011,F007,O037,S020|S039|S048|S075|S120|S180|S207,2024-07-09T19:37:01,skill_context,0,,,
H02989,U0598,C174,I005,F014,O072,S097|S100|S109|S112|S194|S214|S133,2024-07-09T20:18:52,collaboration_context,0,,,
H04659,U0932,C302,I007,F002,O008,S070|S093|S114|S179|S203|S222|S120,2024-07-09T20:43:34,collaboration_context,0,,,
H02514,U0503,C058,I020,F016,O081,S036|S056|S061|S109|S117|S125|S203|S220,2024-07-09T21:03:26,supply_context,1,Supplier Management,Midstream,Path_K
H05429,U1086,C214,I022,F011,O056,S033|S060|S078|S086|S127|S130,2024-07-09T21:38:55,work_context,1,SCM,Midstream,Path_D
H04299,U0860,C168,I023,F001,O002,S024|S064|S086|S106|S148|S169|S193|S203,2024-07-09T22:41:17,skill_context,0,,,
H00739,U0148,C134,I005,F015,O079,S062|S091|S102|S113|S122|S221,2024-07-10T01:06:55,work_context,1,Procurement,Upstream,Path_G
H02054,U0411,C095,I012,F014,O074,S092|S155|S160|S167|S214,2024-07-10T01:12:59,collaboration_context,1,SCM,Midstream,Path_I
H01344,U0269,C201,I014,F014,O074,S008|S064|S086|S126|S145|S153|S213,2024-07-10T02:57:42,supply_context,1,SCM,Downstream,Path_D
H00579,U0116,C234,I015,F009,O047,S031|S056|S087|S136|S143|S173|S195,2024-07-10T03:24:01,skill_context,1,Retail,Downstream,Path_A
H02459,U0492,C107,I006,F011,O058,S097|S102|S136|S160|S162|S193|S222|S231,2024-07-10T04:14:40,skill_context,0,,,
H00834,U0167,C264,I021,F008,O042,S056|S131|S154|S161|S185|S197|S235|S165,2024-07-10T05:32:14,supply_context,0,,,
H00829,U0166,C141,I019,F012,O063,S030|S045|S077|S091|S096|S180|S181|S202,2024-07-10T05:36:19,work_context,0,,,
H03009,U0602,C027,I021,F014,O071,S077|S108|S130|S156|S159|S174|S180,2024-07-10T05:56:19,skill_context,0,,,
H06144,U1229,C252,I024,F014,O071,S054|S119|S189|S195|S198|S199|S130|S050,2024-07-10T06:07:40,supply_context,1,Procurement,Midstream,Path_D
H02124,U0425,C073,I001,F009,O048,S013|S014|S045|S101|S107,2024-07-10T06:45:12,supply_context,0,,,
H00404,U0081,C146,I017,F015,O079,S018|S054|S108|S166|S175|S194|S204|S236,2024-07-10T07:06:36,skill_context,1,Retail,Midstream,Path_G
H04479,U0896,C127,I004,F012,O062,S063|S071|S160|S161|S221|S233,2024-07-10T07:07:05,skill_context,1,Supplier Management,Upstream,Path_B
H03049,U0610,C033,I024,F016,O086,S026|S126|S185|S198|S206|S236|S237,2024-07-10T07:41:57,supply_context,1,Manufacturing,Downstream,Path_L
H03244,U0649,C168,I023,F013,O069,S024|S087|S133|S145|S152|S211|S216,2024-07-10T09:02:09,skill_context,1,SCM,Downstream,Path_G
H03374,U0675,C192,I010,F003,O013,S021|S038|S107|S115|S175|S184|S205|S217,2024-07-10T09:50:24,skill_context,0,,,
H05464,U1093,C239,I013,F004,O019,S088|S090|S113|S125|S186|S189|S228|S235,2024-07-10T10:51:26,supply_context,0,,,
H06574,U1315,C102,I009,F016,O082,S013|S110|S115|S138|S148|S158|S043,2024-07-10T11:30:42,skill_context,0,,,
H05224,U1045,C048,I005,F018,O092,S022|S069|S095|S130|S138|S156|S186|S234,2024-07-10T11:50:37,supply_context,1,SCM,Downstream,Path_I
H01304,U0261,C152,I019,F008,O043,S023|S029|S049|S076|S107,2024-07-10T12:00:33,supply_context,1,Retail,Midstream,Path_L
H06814,U1363,C310,I016,F010,O050,S021|S067|S083|S094|S103|S116|S139|S184,2024-07-10T13:34:44,skill_context,0,,,
H03474,U0695,C025,I014,F001,O003,S006|S103|S117|S123|S165|S176,2024-07-10T13:55:10,supply_context,0,,,
H00379,U0076,C155,I005,F005,O027,S056|S119|S207|S210|S235|S157,2024-07-10T14:19:32,collaboration_context,0,,,
H05294,U1059,C187,I002,F013,O068,S017|S068|S113|S138|S202|S172,2024-07-10T14:24:59,skill_context,1,Retail,Upstream,Path_K
H03959,U0792,C019,I018,F012,O062,S004|S014|S036|S067|S120|S166|S184|S225,2024-07-10T15:00:10,collaboration_context,1,Retail,Midstream,Path_K
H03594,U0719,C223,I012,F013,O070,S011|S014|S019|S052|S064|S110|S138|S228,2024-07-10T16:42:31,collaboration_context,0,,,
H05494,U1099,C101,I007,F002,O008,S041|S080|S081|S137|S152|S181|S183,2024-07-10T17:53:13,skill_context,0,,,
H01284,U0257,C075,I011,F002,O010,S063|S081|S090|S102|S111|S134|S204,2024-07-10T18:18:03,supply_context,0,,,
H05064,U1013,C190,I023,F012,O064,S019|S022|S031|S122|S142|S183|S195,2024-07-10T20:04:22,work_context,0,,,
H03229,U0646,C298,I012,F004,O018,S054|S065|S076|S123|S183|S187|S059|S097,2024-07-10T20:27:49,supply_context,0,,,
H03744,U0749,C115,I017,F007,O038,S007|S012|S088|S111|S113|S207|S225,2024-07-10T21:17:50,work_context,0,,,
H01714,U0343,C057,I023,F009,O046,S092|S094|S116|S163|S180|S213|S229,2024-07-10T22:14:50,work_context,1,Distribution,Downstream,Path_D
H04074,U0815,C080,I024,F001,O001,S001|S049|S058|S061|S153|S177|S188,2024-07-10T22:58:06,supply_context,0,,,
H06379,U1276,C110,I003,F015,O078,S001|S023|S039|S054|S074|S194|S008,2024-07-11T00:03:02,work_context,0,,,
H04814,U0963,C062,I010,F016,O081,S017|S061|S113|S158|S191|S193|S237|S181,2024-07-11T01:02:49,skill_context,0,,,
H02069,U0414,C105,I005,F003,O013,S054|S131|S137|S141|S145|S161|S218|S237,2024-07-11T04:56:36,supply_context,0,,,
H04944,U0989,C194,I010,F016,O086,S023|S038|S083|S116|S144|S162|S191|S239,2024-07-11T05:08:16,supply_context,0,,,
H01979,U0396,C055,I023,F014,O072,S003|S087|S089|S119|S160|S176|S191|S232,2024-07-11T05:24:00,collaboration_context,0,,,
H03599,U0720,C007,I017,F012,O063,S067|S090|S131|S159|S163|S048|S116,2024-07-11T06:40:14,work_context,1,Distribution,Upstream,Path_A
H04424,U0885,C082,I015,F010,O053,S072|S144|S175|S214|S238|S239|S007,2024-07-11T09:16:45,collaboration_context,0,,,
H06679,U1336,C107,I006,F006,O031,S020|S031|S057|S058|S059|S066|S117|S148,2024-07-11T10:38:31,supply_context,0,,,
H04354,U0871,C293,I001,F006,O029,S004|S051|S124|S174|S194|S041,2024-07-11T11:33:16,skill_context,0,,,
H01169,U0234,C026,I012,F013,O065,S019|S029|S037|S040|S068|S113|S136,2024-07-11T12:30:38,skill_context,1,Logistics,Midstream,Path_C
H01934,U0387,C164,I012,F005,O024,S004|S034|S067|S145|S198|S206|S011|S097,2024-07-11T13:28:38,work_context,1,Retail,Midstream,Path_I
H06444,U1289,C096,I017,F012,O064,S007|S008|S016|S038|S063|S138|S238,2024-07-11T14:59:44,collaboration_context,0,,,
H00169,U0034,C081,I007,F014,O071,S087|S117|S179|S203|S240,2024-07-11T15:34:43,collaboration_context,0,,,
H01014,U0203,C301,I007,F012,O062,S023|S025|S130|S167|S197|S087,2024-07-11T15:46:42,work_context,1,SCM,Midstream,Path_F
H04784,U0957,C018,I020,F017,O087,S025|S026|S060|S067|S085|S151,2024-07-11T16:40:30,skill_context,0,,,
H05839,U1168,C185,I021,F009,O044,S028|S105|S113|S117|S131,2024-07-11T16:45:55,collaboration_context,0,,,
H06904,U1381,C299,I015,F002,O010,S023|S064|S155|S202|S234|S148,2024-07-11T18:38:09,work_context,1,Retail,Midstream,Path_E
H01424,U0285,C101,I007,F017,O087,S016|S038|S050|S054|S180|S230,2024-07-11T20:05:35,work_context,0,,,
H02479,U0496,C070,I017,F013,O068,S023|S146|S158|S209|S212|S217|S240,2024-07-11T20:16:27,collaboration_context,1,Retail,Downstream,Path_F
H02829,U0566,C307,I023,F010,O049,S038|S079|S120|S122|S176|S229,2024-07-11T20:20:36,skill_context,0,,,
H05219,U1044,C053,I019,F001,O006,S028|S082|S164|S177|S189|S237|S143,2024-07-11T20:48:14,supply_context,1,Distribution,Midstream,Path_C
H00059,U0012,C251,I004,F013,O070,S031|S073|S148|S191|S220|S222|S044,2024-07-11T21:58:14,skill_context,1,Procurement,Downstream,Path_L
H03524,U0705,C222,I003,F018,O096,S026|S047|S124|S146|S192|S125|S048,2024-07-11T23:50:53,collaboration_context,1,Supplier Management,Downstream,Path_I
H04499,U0900,C119,I013,F017,O088,S089|S146|S175|S180|S209|S082,2024-07-12T02:37:00,collaboration_context,0,,,
H06729,U1346,C159,I002,F001,O006,S035|S083|S126|S128|S134|S167|S183,2024-07-12T03:52:11,work_context,0,,,
H06889,U1378,C110,I003,F016,O083,S037|S059|S062|S084|S099|S155|S209|S221,2024-07-12T03:52:28,collaboration_context,0,,,
H02669,U0534,C256,I018,F018,O096,S010|S041|S051|S054|S131|S146|S203|S222,2024-07-12T05:30:47,collaboration_context,0,,,
H04714,U0943,C139,I008,F010,O051,S009|S028|S082|S132|S142|S161|S213|S233,2024-07-12T08:43:30,collaboration_context,0,,,
H04329,U0866,C318,I017,F002,O011,S032|S071|S072|S078|S095,2024-07-12T09:23:59,skill_context,1,Distribution,Midstream,Path_B
H06854,U1371,C295,I004,F001,O004,S070|S113|S145|S205|S239,2024-07-12T11:04:00,supply_context,0,,,
H03544,U0709,C112,I008,F010,O050,S068|S077|S079|S155|S175|S202|S229|S237,2024-07-12T14:34:27,supply_context,0,,,
H00669,U0134,C268,I002,F006,O030,S035|S053|S063|S091|S092|S104|S142|S193,2024-07-12T15:37:20,collaboration_context,1,Supplier Management,Midstream,Path_D
H01079,U0216,C184,I001,F004,O019,S021|S024|S112|S128|S158|S176|S067|S022,2024-07-12T16:43:12,supply_context,0,,,
H03129,U0626,C008,I015,F010,O050,S038|S049|S109|S128|S179|S223|S224,2024-07-12T19:09:03,collaboration_context,0,,,
H01049,U0210,C198,I002,F014,O075,S051|S093|S105|S134|S199|S219|S102|S052,2024-07-12T19:58:51,skill_context,0,,,
H03849,U0770,C173,I016,F006,O031,S010|S026|S045|S067|S141|S146|S228|S240,2024-07-12T20:20:31,work_context,1,Distribution,Upstream,Path_B
H00159,U0032,C309,I020,F014,O074,S113|S120|S130|S180|S228|S178,2024-07-12T20:28:16,work_context,0,,,
H03444,U0689,C133,I021,F015,O076,S007|S052|S069|S105|S109|S144|S210,2024-07-12T21:58:57,collaboration_context,0,,,
H04484,U0897,C133,I021,F016,O085,S013|S101|S113|S153|S168|S197|S198|S203,2024-07-12T22:13:41,collaboration_context,0,,,
H01554,U0311,C009,I003,F008,O041,S028|S051|S111|S169|S208,2024-07-12T22:34:47,collaboration_context,0,,,
H03339,U0668,C153,I023,F010,O050,S006|S009|S021|S069|S104|S118|S122,2024-07-12T23:27:20,supply_context,1,Logistics,Midstream,Path_A
H06354,U1271,C209,I019,F001,O002,S006|S153|S190|S191|S238|S044|S192,2024-07-12T23:29:29,work_context,0,,,
H05629,U1126,C058,I020,F006,O031,S029|S051|S117|S171|S187,2024-07-13T01:20:34,supply_context,1,Logistics,Upstream,Path_G
H03719,U0744,C031,I003,F002,O011,S010|S017|S049|S075|S084|S165|S206|S237,2024-07-13T02:00:50,work_context,0,,,
H03754,U0751,C284,I016,F011,O057,S039|S047|S103|S105|S129|S194|S209,2024-07-13T02:10:06,skill_context,0,,,
H01374,U0275,C143,I014,F001,O002,S006|S067|S083|S087|S108|S174|S192|S206,2024-07-13T02:12:16,skill_context,0,,,
H02654,U0531,C166,I018,F010,O050,S047|S129|S167|S186|S200|S206|S231|S149,2024-07-13T02:20:28,work_context,0,,,
H02469,U0494,C287,I016,F017,O090,S054|S055|S067|S088|S132|S086|S139|S018,2024-07-13T05:35:10,work_context,0,,,
H02674,U0535,C192,I010,F014,O075,S031|S037|S061|S082|S116,2024-07-13T06:51:13,work_context,1,Procurement,Downstream,Path_B
H05139,U1028,C200,I004,F017,O089,S119|S123|S192|S215|S225|S227|S081|S091,2024-07-13T07:14:10,work_context,1,Retail,Midstream,Path_J
H05764,U1153,C146,I017,F001,O002,S026|S053|S086|S107|S153|S166|S170,2024-07-13T08:44:38,collaboration_context,1,Distribution,Upstream,Path_L
H06214,U1243,C014,I007,F004,O021,S013|S110|S143|S173|S192|S196|S237|S122,2024-07-13T08:51:50,supply_context,0,,,
H05359,U1072,C214,I022,F001,O003,S047|S063|S125|S187|S195|S200,2024-07-13T09:26:15,work_context,1,Logistics,Midstream,Path_F
H03789,U0758,C210,I024,F008,O042,S065|S087|S153|S198|S214|S234|S143|S145,2024-07-13T10:07:34,supply_context,0,,,
H06759,U1352,C050,I013,F015,O078,S042|S062|S128|S160|S192|S214|S223|S222,2024-07-13T11:33:34,work_context,0,,,
H03099,U0620,C318,I017,F010,O054,S010|S048|S122|S129|S141|S154|S158|S188,2024-07-13T14:14:08,collaboration_context,0,,,
H02484,U0497,C149,I009,F001,O002,S019|S038|S076|S119|S159|S202|S229,2024-07-13T14:25:10,collaboration_context,1,SCM,Downstream,Path_B
H02369,U0474,C190,I023,F015,O077,S033|S064|S079|S167|S183|S204|S205|S143,2024-07-13T14:54:19,skill_context,0,,,
H00804,U0161,C081,I007,F007,O037,S005|S065|S112|S120|S141|S185|S218|S026,2024-07-13T15:04:13,supply_context,1,Distribution,Downstream,Path_J
H03224,U0645,C259,I009,F012,O061,S014|S020|S071|S083|S119,2024-07-13T17:31:57,collaboration_context,1,SCM,Upstream,Path_I
H00594,U0119,C260,I019,F012,O062,S010|S119|S129|S189|S223|S240|S059,2024-07-13T18:46:18,skill_context,0,,,
H05754,U1151,C121,I001,F014,O071,S004|S006|S016|S019|S123|S229|S025,2024-07-13T19:56:04,skill_context,0,,,
H01939,U0388,C026,I012,F013,O069,S002|S038|S055|S070|S115|S120|S182|S202,2024-07-13T23:00:48,collaboration_context,0,,,
H06619,U1324,C115,I017,F009,O047,S027|S030|S109|S137|S178|S199|S055|S145,2024-07-14T03:12:15,collaboration_context,0,,,
H02769,U0554,C260,I019,F014,O073,S081|S094|S106|S165|S173|S226|S175,2024-07-14T05:09:37,work_context,1,Retail,Upstream,Path_D
H02964,U0593,C020,I004,F006,O029,S007|S048|S058|S117|S136|S190,2024-07-14T07:15:47,supply_context,0,,,
H03904,U0781,C318,I017,F007,O038,S004|S040|S106|S121|S156|S166|S181|S034,2024-07-14T07:24:35,supply_context,1,Procurement,Midstream,Path_G
H06384,U1277,C036,I011,F003,O015,S055|S137|S160|S168|S178|S196|S238|S198,2024-07-14T07:37:28,work_context,0,,,
H01709,U0342,C289,I018,F011,O055,S035|S087|S136|S140|S164|S047,2024-07-14T07:51:06,supply_context,0,,,
H06699,U1340,C303,I008,F007,O038,S037|S078|S084|S095|S146|S166|S199|S236,2024-07-14T09:02:46,collaboration_context,0,,,
H00664,U0133,C176,I007,F005,O026,S019|S068|S069|S105|S165|S171|S029|S060,2024-07-14T10:07:21,work_context,0,,,
H00859,U0172,C002,I013,F002,O011,S037|S043|S046|S063|S066|S088,2024-07-14T10:45:45,skill_context,1,Logistics,Upstream,Path_K
H02434,U0487,C313,I015,F006,O030,S001|S025|S100|S142|S146|S187|S191|S192,2024-07-14T10:54:59,supply_context,0,,,
H04219,U0844,C141,I019,F013,O065,S023|S028|S030|S055|S093|S096|S122|S177,2024-07-14T11:08:54,supply_context,0,,,
H01109,U0222,C038,I006,F008,O042,S026|S027|S063|S099|S118|S122|S158|S171,2024-07-14T14:52:04,collaboration_context,1,Retail,Upstream,Path_F
H00129,U0026,C304,I020,F015,O079,S046|S060|S081|S124|S160|S190|S208,2024-07-14T15:15:45,skill_context,1,Distribution,Downstream,Path_C
H00124,U0025,C198,I002,F008,O041,S026|S029|S031|S038|S141|S175|S185|S224,2024-07-14T16:03:48,collaboration_context,0,,,
H00409,U0082,C270,I003,F013,O069,S007|S010|S100|S107|S164,2024-07-14T16:17:48,supply_context,0,,,
H06024,U1205,C019,I018,F002,O011,S009|S037|S098|S114|S176|S200|S220|S221,2024-07-14T22:57:06,supply_context,0,,,
H04769,U0954,C187,I002,F003,O013,S001|S049|S060|S078|S187|S138,2024-07-15T01:08:32,supply_context,1,Supplier Management,Downstream,Path_J
H04744,U0949,C086,I010,F011,O056,S128|S162|S175|S192|S218|S233,2024-07-15T02:10:18,work_context,0,,,
H02869,U0574,C166,I018,F009,O045,S065|S083|S123|S187|S210|S221,2024-07-15T03:53:05,work_context,0,,,
H04599,U0920,C297,I023,F010,O054,S049|S081|S101|S114|S132|S170|S194|S236,2024-07-15T04:37:29,collaboration_context,1,Manufacturing,Upstream,Path_F
H04504,U0901,C219,I024,F013,O067,S056|S072|S079|S161|S164|S166|S179|S231,2024-07-15T05:31:50,work_context,0,,,
H00694,U0139,C057,I023,F014,O073,S014|S026|S031|S076|S082|S095|S157|S222,2024-07-15T05:49:30,supply_context,0,,,
H01614,U0323,C282,I017,F013,O069,S049|S050|S051|S113|S183,2024-07-15T06:15:46,work_context,1,Logistics,Midstream,Path_L
H02619,U0524,C105,I005,F013,O065,S040|S106|S108|S114|S133|S159|S101|S041,2024-07-15T06:53:26,work_context,0,,,
H06989,U1398,C309,I020,F018,O095,S028|S056|S159|S199|S207|S212|S236|S184,2024-07-15T08:02:47,collaboration_context,0,,,
H00144,U0029,C087,I011,F017,O088,S014|S031|S034|S063|S082|S137|S229|S234,2024-07-15T08:55:28,collaboration_context,0,,,
H04129,U0826,C204,I016,F018,O092,S039|S084|S105|S184|S224,2024-07-15T09:26:07,supply_context,1,Supplier Management,Upstream,Path_E
H02344,U0469,C211,I004,F006,O028,S034|S055|S080|S106|S124|S195|S198|S225,2024-07-15T12:06:52,work_context,0,,,
H01439,U0288,C039,I023,F008,O042,S029|S090|S103|S151|S173|S210|S227,2024-07-15T12:08:18,supply_context,0,,,
H00079,U0016,C124,I001,F017,O091,S103|S110|S153|S169|S177|S186|S192|S216,2024-07-15T12:15:07,skill_context,0,,,
H02389,U0478,C201,I014,F001,O002,S008|S086|S094|S109|S207|S239|S091,2024-07-15T13:27:59,collaboration_context,0,,,
H03174,U0635,C160,I005,F008,O041,S084|S121|S133|S167|S214|S217|S233,2024-07-15T16:06:35,collaboration_context,1,Manufacturing,Midstream,Path_A
H00074,U0015,C289,I018,F017,O087,S008|S118|S125|S127|S139,2024-07-15T16:24:08,skill_context,0,,,
H02579,U0516,C304,I020,F008,O041,S001|S074|S144|S199|S204|S212|S128|S041,2024-07-15T17:47:03,collaboration_context,0,,,
H04909,U0982,C104,I024,F015,O078,S026|S040|S075|S119|S145|S184|S191|S087,2024-07-15T18:00:01,supply_context,1,Distribution,Midstream,Path_L
H01289,U0258,C234,I015,F017,O087,S025|S078|S082|S100|S117|S122|S201|S224,2024-07-15T18:18:11,supply_context,0,,,
H01219,U0244,C139,I008,F006,O030,S004|S007|S012|S018|S101|S216|S235,2024-07-15T19:15:37,skill_context,0,,,
H06124,U1225,C292,I017,F009,O046,S082|S086|S103|S139|S153|S075,2024-07-15T20:17:35,collaboration_context,1,Manufacturing,Upstream,Path_D
H03829,U0766,C233,I006,F015,O079,S009|S015|S018|S022|S047|S171|S194|S196,2024-07-15T21:03:38,collaboration_context,1,SCM,Midstream,Path_F
H02949,U0590,C221,I019,F001,O001,S038|S041|S046|S093|S100|S107|S193|S129,2024-07-15T21:56:36,skill_context,0,,,
H01799,U0360,C251,I004,F013,O065,S028|S088|S104|S108|S158|S091,2024-07-15T22:01:41,supply_context,0,,,
H03054,U0611,C095,I012,F011,O059,S033|S057|S075|S191|S219|S013|S063|S197,2024-07-15T22:18:18,work_context,0,,,
H03189,U0638,C221,I019,F015,O076,S044|S188|S214|S217|S231,2024-07-16T00:47:19,work_context,0,,,
H06209,U1242,C091,I015,F003,O012,S033|S059|S089|S123|S150|S228|S233|S170,2024-07-16T01:47:25,supply_context,0,,,
H01604,U0321,C229,I019,F002,O010,S070|S081|S122|S165|S191|S206,2024-07-16T02:24:28,collaboration_context,1,SCM,Midstream,Path_D
H02064,U0413,C135,I017,F008,O040,S049|S059|S061|S084|S090|S124|S160|S214,2024-07-16T02:29:14,skill_context,0,,,
H01669,U0334,C139,I008,F014,O073,S008|S011|S020|S062|S111|S202|S232|S236,2024-07-16T02:39:46,supply_context,0,,,
H05794,U1159,C307,I023,F017,O089,S003|S034|S063|S095|S109|S187|S198|S069,2024-07-16T03:32:46,skill_context,1,Retail,Upstream,Path_K
H04569,U0914,C007,I017,F008,O041,S004|S059|S063|S114|S119|S163|S192|S127,2024-07-16T04:19:50,work_context,1,SCM,Downstream,Path_C
H03184,U0637,C170,I013,F018,O096,S012|S132|S139|S140|S200|S213|S222,2024-07-16T05:36:56,work_context,0,,,
H04964,U0993,C289,I018,F006,O031,S013|S023|S065|S124|S130|S170|S181|S224,2024-07-16T06:50:39,skill_context,0,,,
H00684,U0137,C185,I021,F006,O029,S092|S103|S118|S129|S157|S184|S216|S031,2024-07-16T07:13:29,supply_context,1,Manufacturing,Upstream,Path_E
H01654,U0331,C077,I019,F013,O067,S140|S146|S164|S168|S204,2024-07-16T07:15:07,collaboration_context,1,Retail,Upstream,Path_J
H02424,U0485,C169,I011,F017,O087,S012|S048|S055|S081|S119|S132|S182|S236,2024-07-16T08:09:07,collaboration_context,0,,,
H03994,U0799,C185,I021,F016,O081,S026|S033|S072|S108|S171|S229|S153|S039,2024-07-16T08:20:43,work_context,0,,,
H02109,U0422,C195,I007,F018,O094,S006|S055|S076|S079|S154|S171|S239|S177,2024-07-16T08:27:42,work_context,0,,,
H01489,U0298,C238,I004,F007,O035,S007|S020|S132|S175|S240|S176,2024-07-16T08:28:24,work_context,0,,,
H04559,U0912,C248,I020,F016,O086,S008|S052|S085|S218|S238,2024-07-16T09:00:22,supply_context,0,,,
H02539,U0508,C193,I002,F006,O029,S014|S037|S103|S136|S174,2024-07-16T09:38:15,supply_context,1,Logistics,Midstream,Path_I
H02409,U0482,C215,I020,F011,O058,S004|S017|S029|S064|S152|S173|S176,2024-07-16T11:16:02,work_context,0,,,
H04419,U0884,C051,I019,F005,O027,S004|S017|S116|S120|S179,2024-07-16T12:05:28,supply_context,0,,,
H05599,U1120,C214,I022,F005,O023,S008|S073|S127|S192|S196|S218|S168,2024-07-16T14:40:28,skill_context,1,Supplier Management,Midstream,Path_H
H04799,U0960,C197,I007,F018,O094,S013|S034|S081|S127|S136|S150|S195|S061,2024-07-16T14:59:37,skill_context,0,,,
H01984,U0397,C144,I006,F007,O036,S007|S011|S030|S101|S175,2024-07-16T16:00:19,skill_context,0,,,
H05189,U1038,C289,I018,F018,O092,S044|S045|S076|S173|S188|S198|S223|S239,2024-07-16T17:22:00,supply_context,1,Logistics,Downstream,Path_E
H01929,U0386,C078,I009,F018,O092,S056|S064|S065|S088|S104|S120|S165|S201,2024-07-16T17:44:28,collaboration_context,0,,,
H02119,U0424,C284,I016,F018,O093,S120|S129|S133|S221|S229,2024-07-16T18:07:47,skill_context,0,,,
H01674,U0335,C068,I006,F005,O026,S025|S036|S092|S099|S158|S164|S188|S216,2024-07-16T18:26:57,skill_context,0,,,
H06504,U1301,C185,I021,F016,O085,S004|S031|S097|S125|S126|S135|S147|S157,2024-07-16T19:30:49,collaboration_context,0,,,
H00959,U0192,C005,I018,F011,O057,S011|S074|S125|S148|S186|S110|S094,2024-07-16T19:30:57,work_context,1,Procurement,Downstream,Path_A
H00779,U0156,C155,I005,F011,O059,S045|S076|S084|S168|S175|S237|S161,2024-07-17T00:20:02,collaboration_context,1,Manufacturing,Midstream,Path_I
H02284,U0457,C182,I011,F017,O090,S001|S052|S057|S082|S094|S124|S171|S189,2024-07-17T01:45:49,supply_context,1,Supplier Management,Upstream,Path_J
H03574,U0715,C254,I022,F008,O041,S019|S037|S071|S161|S173|S225,2024-07-17T03:57:41,work_context,0,,,
H01764,U0353,C187,I002,F002,O010,S009|S013|S032|S034|S094|S123,2024-07-17T05:25:33,supply_context,0,,,
H02399,U0480,C075,I011,F009,O048,S025|S080|S115|S184|S211|S164|S100|S081,2024-07-17T05:28:40,work_context,0,,,
H05904,U1181,C141,I019,F016,O085,S027|S048|S055|S071|S079|S084|S145|S147,2024-07-17T06:12:45,supply_context,1,Retail,Downstream,Path_C
H06424,U1285,C204,I016,F006,O031,S013|S042|S071|S096|S097|S117|S142|S236,2024-07-17T06:22:32,skill_context,1,Procurement,Downstream,Path_D
H04394,U0879,C243,I008,F009,O046,S038|S071|S098|S172|S200|S219|S103,2024-07-17T07:05:09,supply_context,0,,,
H03819,U0764,C264,I021,F002,O008,S090|S106|S111|S119|S130|S231|S240|S067,2024-07-17T09:07:34,supply_context,1,Manufacturing,Midstream,Path_L
H00474,U0095,C217,I007,F005,O025,S017|S044|S075|S088|S098|S106|S156|S217,2024-07-17T09:26:48,supply_context,0,,,
H01954,U0391,C121,I001,F015,O079,S008|S018|S107|S154|S164|S203|S239,2024-07-17T10:08:48,supply_context,0,,,
H03124,U0625,C311,I018,F011,O059,S001|S031|S076|S077|S093|S214|S002,2024-07-17T11:23:25,work_context,1,Logistics,Midstream,Path_I
H06314,U1263,C050,I013,F017,O088,S008|S049|S127|S128|S159|S199,2024-07-17T14:36:49,collaboration_context,0,,,
H02159,U0432,C027,I021,F017,O088,S046|S054|S165|S170|S187|S230|S144|S002,2024-07-17T14:57:52,skill_context,1,Distribution,Midstream,Path_F
H00484,U0097,C260,I019,F007,O034,S006|S044|S067|S073|S103|S164|S223|S133,2024-07-17T15:30:45,work_context,0,,,
H06194,U1239,C279,I021,F014,O075,S002|S040|S053|S062|S077|S109|S206|S230,2024-07-17T18:18:19,skill_context,1,Logistics,Downstream,Path_K
H06824,U1365,C265,I014,F015,O077,S040|S055|S060|S072|S141|S053,2024-07-17T19:54:58,collaboration_context,0,,,
H01229,U0246,C021,I006,F018,O092,S020|S049|S063|S091|S114|S122|S229,2024-07-17T21:06:17,collaboration_context,0,,,
H06664,U1333,C068,I006,F012,O063,S041|S091|S203|S210|S221|S226,2024-07-17T21:29:24,collaboration_context,0,,,
H03034,U0607,C145,I012,F018,O092,S034|S071|S076|S099|S108|S117,2024-07-17T23:04:25,skill_context,0,,,
H03674,U0735,C051,I019,F003,O014,S011|S033|S068|S117|S147,2024-07-18T00:27:10,work_context,1,Logistics,Upstream,Path_A
H02904,U0581,C173,I016,F002,O008,S009|S019|S069|S110|S132|S158|S170|S194,2024-07-18T01:17:24,skill_context,0,,,
H06609,U1322,C316,I013,F004,O022,S020|S032|S112|S113|S132|S188|S203|S204,2024-07-18T03:35:29,work_context,0,,,
H02594,U0519,C087,I011,F009,O044,S038|S106|S143|S168|S174|S180|S061|S053,2024-07-18T04:53:08,work_context,0,,,
H05809,U1162,C167,I002,F018,O094,S018|S072|S094|S116|S146|S168|S209|S223,2024-07-18T06:22:23,skill_context,0,,,
H03439,U0688,C050,I013,F015,O079,S003|S040|S068|S076|S113|S161|S178|S208,2024-07-18T07:32:58,skill_context,0,,,
H02844,U0569,C223,I012,F018,O092,S097|S104|S144|S170|S171,2024-07-18T07:45:45,supply_context,0,,,
H01279,U0256,C052,I013,F010,O054,S083|S118|S126|S169|S211,2024-07-18T08:50:34,supply_context,1,Procurement,Midstream,Path_I
H03299,U0660,C073,I001,F006,O031,S025|S100|S123|S130|S168|S179|S190|S234,2024-07-18T10:40:21,work_context,1,Procurement,Midstream,Path_K
H04229,U0846,C198,I002,F010,O051,S043|S085|S158|S163|S230|S019,2024-07-18T11:37:08,supply_context,0,,,
H00789,U0158,C018,I020,F013,O069,S020|S056|S083|S128|S134|S174|S228|S044,2024-07-18T17:02:13,supply_context,1,Retail,Upstream,Path_B
H06789,U1358,C159,I002,F011,O056,S027|S076|S098|S116|S147|S192|S130|S065,2024-07-18T18:04:50,work_context,1,Supplier Management,Downstream,Path_I
H00304,U0061,C004,I004,F015,O078,S011|S018|S026|S063|S079|S143|S177|S203,2024-07-18T19:31:10,work_context,0,,,
H03029,U0606,C082,I015,F004,O017,S002|S004|S042|S117|S141|S185|S114,2024-07-18T19:39:42,collaboration_context,0,,,
H04534,U0907,C072,I010,F001,O002,S032|S062|S092|S126|S134|S156|S175|S201,2024-07-18T20:58:27,collaboration_context,1,Logistics,Downstream,Path_L
H01494,U0299,C290,I023,F002,O009,S006|S040|S043|S062|S109|S120|S131|S215,2024-07-18T23:36:07,collaboration_context,0,,,
H04334,U0867,C049,I006,F017,O090,S004|S014|S030|S153|S190|S192|S193|S240,2024-07-18T23:38:15,supply_context,0,,,
H04704,U0941,C133,I021,F014,O072,S062|S096|S108|S110|S194|S123|S028,2024-07-19T00:15:10,skill_context,0,,,
H02664,U0533,C312,I022,F015,O080,S030|S050|S061|S078|S202|S126|S119,2024-07-19T01:12:17,work_context,1,Supplier Management,Upstream,Path_E
H02574,U0515,C097,I007,F014,O073,S003|S025|S165|S175|S213,2024-07-19T01:41:14,work_context,0,,,
H01274,U0255,C149,I009,F007,O038,S027|S032|S076|S152|S190|S194|S221|S232,2024-07-19T02:12:22,skill_context,0,,,
H00449,U0090,C074,I016,F018,O093,S038|S068|S076|S080|S127|S138|S198|S239,2024-07-19T03:26:54,supply_context,1,Distribution,Upstream,Path_H
H04004,U0801,C207,I008,F008,O041,S006|S095|S096|S110|S130|S226|S222|S036,2024-07-19T03:56:52,skill_context,1,Logistics,Downstream,Path_J
H01179,U0236,C125,I007,F006,O030,S063|S065|S124|S130|S134|S143|S149,2024-07-19T03:57:12,collaboration_context,0,,,
H03114,U0623,C248,I020,F017,O088,S005|S041|S064|S118|S128|S189|S207,2024-07-19T04:11:11,work_context,0,,,
H05644,U1129,C187,I002,F004,O019,S058|S064|S135|S138|S189|S192|S126,2024-07-19T05:28:24,skill_context,1,Distribution,Midstream,Path_J
H01694,U0339,C185,I021,F017,O088,S004|S060|S116|S125|S170|S210,2024-07-19T06:55:13,skill_context,1,Procurement,Midstream,Path_C
H06324,U1265,C302,I007,F005,O023,S090|S104|S112|S189|S228|S163|S129,2024-07-19T08:03:54,skill_context,1,Procurement,Midstream,Path_G
H06974,U1395,C082,I015,F006,O030,S001|S046|S096|S155|S186,2024-07-19T08:40:09,work_context,1,Retail,Downstream,Path_K
H06799,U1360,C158,I014,F017,O091,S026|S054|S100|S123|S134|S191|S076,2024-07-19T09:30:49,skill_context,0,,,
H06879,U1376,C076,I024,F018,O092,S020|S077|S135|S167|S180|S199|S201|S044,2024-07-19T09:59:00,collaboration_context,0,,,
H01124,U0225,C227,I019,F002,O011,S002|S039|S043|S070|S128|S178|S202|S088,2024-07-19T10:08:50,supply_context,1,Supplier Management,Upstream,Path_C
H06084,U1217,C044,I017,F018,O093,S018|S040|S044|S048|S063|S113|S149|S232,2024-07-19T11:41:14,work_context,0,,,
H05879,U1176,C158,I014,F014,O074,S016|S036|S153|S206|S212|S239,2024-07-19T13:28:47,supply_context,1,Retail,Upstream,Path_B
H05579,U1116,C127,I004,F015,O078,S018|S109|S129|S168|S169|S094|S121,2024-07-19T14:47:27,supply_context,0,,,
H04694,U0939,C220,I006,F002,O011,S038|S039|S078|S086|S116|S169|S185|S238,2024-07-19T15:46:55,skill_context,0,,,
H05319,U1064,C064,I005,F016,O086,S009|S022|S027|S032|S069|S130|S162|S187,2024-07-19T15:50:46,work_context,0,,,
H06109,U1222,C097,I007,F018,O095,S001|S032|S054|S056|S073|S096|S163,2024-07-19T17:40:24,supply_context,1,Manufacturing,Midstream,Path_L
H02384,U0477,C255,I011,F009,O046,S001|S005|S028|S120|S152|S183,2024-07-19T18:21:09,skill_context,0,,,
H06844,U1369,C047,I012,F016,O085,S087|S103|S124|S151|S154|S162|S178|S206,2024-07-19T18:23:01,collaboration_context,0,,,
H06044,U1209,C132,I019,F011,O056,S022|S027|S077|S112|S152|S204|S146,2024-07-19T19:30:09,supply_context,0,,,
H06334,U1267,C215,I020,F014,O072,S003|S023|S026|S074|S166|S215|S229|S056,2024-07-19T20:09:15,supply_context,1,Manufacturing,Midstream,Path_H
H01589,U0318,C056,I008,F016,O084,S006|S072|S078|S131|S160|S206|S218|S094,2024-07-19T20:15:10,skill_context,0,,,
H04759,U0952,C113,I004,F008,O042,S033|S054|S059|S145|S148|S152|S206,2024-07-19T20:36:31,work_context,0,,,
H02714,U0543,C194,I010,F011,O057,S022|S048|S050|S105|S226|S192|S066,2024-07-19T21:26:08,supply_context,1,SCM,Midstream,Path_H
H06654,U1331,C216,I010,F001,O003,S003|S017|S018|S068|S182|S225|S229|S236,2024-07-19T21:44:10,collaboration_context,0,,,
H03669,U0734,C102,I009,F017,O091,S008|S070|S102|S209|S233|S009|S073,2024-07-19T22:48:25,skill_context,1,Retail,Downstream,Path_H
H07009,U1402,C048,I005,F001,O005,S010|S084|S093|S130|S186|S187|S183|S081,2024-07-19T23:46:51,collaboration_context,0,,,
H04649,U0930,C157,I001,F017,O091,S032|S044|S096|S145|S166,2024-07-19T23:51:46,skill_context,0,,,
H04089,U0818,C075,I011,F007,O037,S030|S043|S111|S120|S141|S157|S177|S219,2024-07-20T01:14:42,supply_context,1,Procurement,Upstream,Path_F
H05029,U1006,C298,I012,F005,O027,S103|S113|S186|S223|S225|S138|S232,2024-07-20T02:24:25,work_context,0,,,
H03364,U0673,C011,I004,F004,O018,S026|S081|S105|S142|S153|S159|S200|S231,2024-07-20T02:58:23,supply_context,0,,,
H02189,U0438,C156,I005,F004,O021,S002|S130|S138|S230|S239,2024-07-20T03:09:15,skill_context,0,,,
H04949,U0990,C238,I004,F011,O057,S063|S090|S113|S184|S196|S226|S234|S153,2024-07-20T04:25:15,work_context,1,Logistics,Downstream,Path_H
H04594,U0919,C294,I015,F018,O093,S011|S015|S033|S052|S070|S078|S182,2024-07-20T04:29:25,skill_context,1,Procurement,Downstream,Path_E
H06554,U1311,C283,I010,F006,O028,S025|S070|S072|S088|S174|S191,2024-07-20T05:59:13,work_context,0,,,
H03839,U0768,C291,I024,F010,O053,S014|S122|S138|S199|S215,2024-07-20T06:12:42,work_context,0,,,
H02334,U0467,C297,I023,F003,O012,S041|S068|S107|S149|S180|S215|S224,2024-07-20T06:15:04,work_context,1,Procurement,Midstream,Path_D
H00064,U0013,C053,I019,F014,O073,S038|S050|S068|S075|S205|S212,2024-07-20T06:25:51,skill_context,1,Retail,Midstream,Path_B
H03729,U0746,C317,I002,F018,O096,S007|S044|S045|S109|S149|S200|S223|S224,2024-07-20T06:34:15,work_context,0,,,
H02814,U0563,C103,I011,F008,O039,S038|S055|S125|S167|S208|S221|S230,2024-07-20T06:49:41,skill_context,0,,,
H00274,U0055,C051,I019,F005,O023,S106|S126|S141|S144|S179|S202|S217,2024-07-20T07:30:36,work_context,0,,,
H01879,U0376,C025,I014,F001,O004,S022|S031|S092|S093|S172|S187|S105|S170,2024-07-20T08:26:39,supply_context,0,,,
H03234,U0647,C014,I007,F017,O090,S011|S076|S080|S117|S151|S198|S223|S237,2024-07-20T12:26:01,skill_context,0,,,
H06434,U1287,C146,I017,F005,O026,S008|S057|S100|S117|S133,2024-07-20T12:54:02,work_context,1,Distribution,Upstream,Path_J
H05019,U1004,C102,I009,F006,O032,S049|S064|S069|S073|S125|S135|S165|S197,2024-07-20T13:19:42,collaboration_context,0,,,
H02269,U0454,C201,I014,F010,O054,S025|S056|S070|S071|S100|S113|S125|S186,2024-07-20T13:25:24,supply_context,1,Procurement,Upstream,Path_A
H05094,U1019,C216,I010,F003,O015,S042|S063|S102|S114|S151|S176,2024-07-20T14:43:57,collaboration_context,0,,,
H04544,U0909,C274,I017,F009,O046,S009|S062|S143|S144|S150|S185|S205|S227,2024-07-20T15:37:19,skill_context,0,,,
H02759,U0552,C161,I009,F016,O084,S018|S041|S075|S160|S192|S217|S219|S004,2024-07-20T17:09:38,skill_context,1,Logistics,Downstream,Path_G
H04824,U0965,C219,I024,F010,O050,S004|S077|S087|S088|S138|S040|S188,2024-07-20T17:36:28,skill_context,0,,,
H00814,U0163,C207,I008,F007,O034,S026|S092|S110|S132|S158|S164|S214|S215,2024-07-20T18:24:21,skill_context,0,,,
H05674,U1135,C199,I021,F012,O061,S028|S032|S061|S075|S105|S213|S129,2024-07-20T20:07:15,skill_context,1,SCM,Downstream,Path_H
H00174,U0035,C068,I006,F014,O073,S057|S107|S218|S220|S233|S235|S015|S197,2024-07-20T20:15:13,skill_context,0,,,
H00559,U0112,C268,I002,F016,O085,S024|S033|S118|S130|S157|S170|S187|S238,2024-07-20T21:09:27,skill_context,1,Manufacturing,Upstream,Path_G
H04674,U0935,C081,I007,F004,O018,S033|S084|S099|S111|S162|S168|S199|S225,2024-07-20T22:04:08,supply_context,0,,,
H02979,U0596,C067,I002,F015,O079,S013|S016|S025|S118|S120|S142|S200|S234,2024-07-20T22:51:45,collaboration_context,0,,,
H06004,U1201,C100,I005,F018,O096,S065|S080|S128|S160|S191|S194|S211|S237,2024-07-21T00:56:16,supply_context,0,,,
H04839,U0968,C288,I014,F002,O007,S020|S023|S118|S124|S164|S235|S236|S214,2024-07-21T02:11:57,collaboration_context,1,Supplier Management,Midstream,Path_H
H03939,U0788,C289,I018,F011,O055,S003|S044|S100|S127|S182|S227|S233,2024-07-21T03:46:22,skill_context,0,,,
H02699,U0540,C059,I014,F006,O029,S061|S120|S156|S161|S189|S205|S217|S240,2024-07-21T04:17:06,supply_context,1,Supplier Management,Downstream,Path_C
H03659,U0732,C227,I019,F018,O092,S020|S062|S102|S143|S223|S177|S158,2024-07-21T04:22:20,collaboration_context,1,Retail,Midstream,Path_G
H04349,U0870,C020,I004,F013,O065,S040|S057|S062|S065|S159|S191|S069|S110,2024-07-21T05:10:06,collaboration_context,0,,,
H05529,U1106,C297,I023,F011,O057,S020|S031|S033|S058|S074|S136|S183,2024-07-21T06:42:27,supply_context,1,Supplier Management,Upstream,Path_F
H01889,U0378,C289,I018,F014,O074,S050|S099|S108|S122|S128|S170|S189|S192,2024-07-21T07:13:59,supply_context,1,Distribution,Downstream,Path_K
H00469,U0094,C314,I022,F007,O038,S042|S050|S076|S111|S177|S232|S088,2024-07-21T10:29:10,supply_context,1,SCM,Midstream,Path_J
H02709,U0542,C151,I020,F004,O021,S033|S037|S077|S081|S181|S196|S039,2024-07-21T10:58:28,collaboration_context,0,,,
H05304,U1061,C043,I019,F005,O026,S003|S014|S094|S193|S208|S238|S029|S216,2024-07-21T12:01:25,skill_context,0,,,
H00714,U0143,C086,I010,F012,O061,S033|S104|S122|S161|S165|S178|S209|S222,2024-07-21T12:56:52,skill_context,0,,,
H02094,U0419,C018,I020,F006,O028,S013|S022|S062|S094|S099|S171|S178,2024-07-21T13:40:06,skill_context,1,SCM,Upstream,Path_A
H05314,U1063,C296,I011,F017,O088,S054|S058|S166|S178|S206|S125,2024-07-21T13:57:13,collaboration_context,1,Manufacturing,Downstream,Path_G
H00194,U0039,C136,I023,F008,O043,S003|S120|S121|S171|S182|S207|S223|S233,2024-07-21T14:43:49,skill_context,0,,,
H05949,U1190,C151,I020,F017,O091,S064|S081|S127|S188|S194|S221|S067,2024-07-21T15:30:57,collaboration_context,0,,,
H03609,U0722,C028,I018,F014,O074,S009|S033|S034|S093|S102|S234|S018,2024-07-21T16:49:09,skill_context,0,,,
H02039,U0408,C291,I024,F001,O006,S001|S004|S073|S096|S137|S148|S201,2024-07-21T18:40:53,collaboration_context,0,,,
H01369,U0274,C237,I016,F016,O082,S011|S033|S082|S103|S152|S162,2024-07-21T18:50:24,skill_context,1,Logistics,Midstream,Path_D
H03799,U0760,C294,I015,F012,O063,S029|S037|S160|S181|S220|S119|S048,2024-07-21T19:42:29,supply_context,0,,,
H01974,U0395,C012,I005,F016,O081,S007|S009|S101|S124|S130|S158|S174|S220,2024-07-21T19:59:43,skill_context,1,Procurement,Upstream,Path_H
H01659,U0332,C294,I015,F010,O051,S022|S038|S044|S087|S106|S164|S229|S053,2024-07-21T21:22:25,collaboration_context,1,Supplier Management,Downstream,Path_B
H04889,U0978,C281,I008,F013,O070,S010|S057|S078|S097|S145|S147|S204|S190,2024-07-21T21:47:46,supply_context,0,,,
H01699,U0340,C309,I020,F018,O092,S023|S064|S133|S194|S225,2024-07-21T22:36:12,collaboration_context,1,Distribution,Downstream,Path_H
H05609,U1122,C040,I007,F001,O006,S096|S100|S155|S171|S239|S146|S196|S231,2024-07-22T00:23:45,supply_context,1,Distribution,Upstream,Path_D
H02184,U0437,C192,I010,F012,O061,S018|S097|S120|S162|S189|S168|S041|S100,2024-07-22T00:43:58,work_context,1,Distribution,Midstream,Path_J
H00549,U0110,C274,I017,F006,O030,S001|S009|S104|S126|S209|S212|S187|S163,2024-07-22T01:21:18,skill_context,0,,,
H04154,U0831,C016,I006,F002,O009,S015|S017|S034|S035|S075|S124|S211|S144,2024-07-22T02:09:45,supply_context,0,,,
H00534,U0107,C159,I002,F017,O087,S028|S128|S192|S222|S224|S132,2024-07-22T02:25:36,skill_context,1,Procurement,Midstream,Path_D
H04969,U0994,C024,I001,F016,O083,S099|S120|S127|S179|S193|S225,2024-07-22T04:10:00,collaboration_context,0,,,
H03689,U0738,C180,I005,F008,O039,S030|S067|S098|S181|S239|S069,2024-07-22T04:45:20,work_context,0,,,
H00464,U0093,C194,I010,F007,O037,S034|S064|S093|S098|S204|S207|S018,2024-07-22T05:27:54,collaboration_context,0,,,
H05364,U1073,C137,I013,F011,O057,S038|S127|S193|S203|S229|S101|S147,2024-07-22T05:52:51,work_context,1,Distribution,Upstream,Path_D
H06544,U1309,C063,I003,F009,O048,S055|S084|S087|S124|S141|S159|S204|S238,2024-07-22T06:12:40,skill_context,0,,,
H04084,U0817,C235,I009,F004,O017,S033|S034|S038|S093|S108|S124|S127|S238,2024-07-22T06:49:26,collaboration_context,1,Procurement,Upstream,Path_C
H03084,U0617,C176,I007,F016,O084,S018|S024|S089|S110|S141|S187|S202,2024-07-22T07:24:44,supply_context,0,,,
H06614,U1323,C012,I005,F010,O054,S024|S085|S086|S166|S204|S235|S073|S233,2024-07-22T08:10:45,work_context,1,SCM,Downstream,Path_K
H05994,U1199,C224,I004,F012,O062,S015|S017|S059|S060|S176,2024-07-22T12:19:26,supply_context,0,,,
H03739,U0748,C270,I003,F016,O082,S034|S058|S105|S149|S215|S157|S114|S095,2024-07-22T12:44:17,skill_context,1,Distribution,Upstream,Path_L
H05229,U1046,C036,I011,F009,O045,S055|S095|S104|S109|S159,2024-07-22T12:52:22,supply_context,1,Procurement,Upstream,Path_A
H04519,U0904,C246,I024,F004,O020,S034|S110|S128|S138|S155,2024-07-22T13:20:14,skill_context,0,,,
H03704,U0741,C233,I006,F002,O011,S044|S085|S160|S167|S178|S222|S236|S018,2024-07-22T13:30:04,work_context,1,Logistics,Upstream,Path_K
H02974,U0595,C264,I021,F001,O005,S082|S093|S110|S125|S129|S180|S103|S149,2024-07-22T15:04:23,work_context,1,Manufacturing,Midstream,Path_K
H05939,U1188,C284,I016,F001,O001,S008|S035|S118|S135|S173|S177|S182|S200,2024-07-22T16:02:55,collaboration_context,0,,,
H00254,U0051,C099,I020,F001,O003,S063|S084|S092|S134|S173|S189,2024-07-22T16:27:58,collaboration_context,0,,,
H02329,U0466,C267,I008,F007,O034,S013|S042|S087|S168|S218,2024-07-22T16:57:07,skill_context,1,Distribution,Downstream,Path_H
H06309,U1262,C103,I011,F008,O042,S007|S023|S031|S080|S133|S145|S116|S186,2024-07-22T17:02:21,skill_context,1,Distribution,Downstream,Path_K
H01534,U0307,C213,I020,F003,O013,S068|S085|S093|S101|S134|S156|S217|S223,2024-07-22T18:46:16,supply_context,1,Manufacturing,Upstream,Path_A
H05324,U1065,C082,I015,F015,O077,S001|S007|S073|S165|S167|S181|S190|S189,2024-07-22T19:07:18,skill_context,1,Procurement,Midstream,Path_G
H05289,U1058,C162,I001,F017,O089,S081|S129|S138|S145|S159|S210|S211|S170,2024-07-22T19:14:30,supply_context,0,,,
H03279,U0656,C026,I012,F018,O095,S053|S064|S112|S127|S190|S219|S145,2024-07-22T19:55:27,collaboration_context,1,Manufacturing,Upstream,Path_H
H05174,U1035,C174,I005,F015,O077,S011|S024|S032|S056|S117|S122|S192|S236,2024-07-22T20:06:22,supply_context,0,,,
H01679,U0336,C295,I004,F007,O038,S173|S187|S206|S214|S218|S235|S120|S182,2024-07-22T20:35:54,collaboration_context,0,,,
H02319,U0464,C185,I021,F002,O010,S004|S033|S130|S156|S166|S169|S180|S227,2024-07-22T21:07:51,supply_context,1,Retail,Midstream,Path_E
H03059,U0612,C087,I011,F009,O044,S043|S093|S115|S231|S240|S084|S018,2024-07-22T22:10:28,collaboration_context,0,,,
H05479,U1096,C305,I018,F002,O007,S010|S080|S085|S167|S209|S231|S207|S217,2024-07-23T00:47:58,supply_context,0,,,
H05369,U1074,C033,I024,F008,O042,S094|S142|S191|S194|S231|S060,2024-07-23T02:02:28,skill_context,0,,,
H04399,U0880,C220,I006,F014,O073,S036|S085|S091|S102|S226|S170|S139|S208,2024-07-23T03:27:29,work_context,0,,,
H03529,U0706,C281,I008,F011,O058,S070|S098|S112|S129|S176|S186,2024-07-23T03:48:44,work_context,0,,,
H06594,U1319,C030,I020,F008,O042,S008|S020|S118|S144|S147|S211|S234|S107,2024-07-23T04:04:51,collaboration_context,0,,,
H06769,U1354,C160,I005,F001,O005,S038|S044|S137|S200|S215|S224|S240|S010,2024-07-23T04:32:46,supply_context,0,,,
H01829,U0366,C022,I010,F011,O056,S057|S058|S070|S079|S123|S205|S224|S190,2024-07-23T04:45:06,work_context,0,,,
H01774,U0355,C225,I022,F010,O052,S059|S173|S177|S227|S228|S233|S036|S107,2024-07-23T05:01:24,collaboration_context,0,,,
H00954,U0191,C284,I016,F016,O085,S016|S019|S048|S049|S173|S180|S229|S055,2024-07-23T05:53:00,work_context,0,,,
H04439,U0888,C034,I009,F017,O090,S003|S039|S101|S134|S165|S008|S120,2024-07-23T06:38:40,collaboration_context,1,Distribution,Downstream,Path_I
H01824,U0365,C318,I017,F017,O091,S015|S028|S070|S120|S171|S181|S191|S221,2024-07-23T07:15:21,work_context,1,Supplier Management,Downstream,Path_I
H01769,U0354,C307,I023,F012,O062,S038|S083|S093|S117|S172|S193|S205,2024-07-23T07:17:02,work_context,0,,,
H01834,U0367,C122,I015,F007,O033,S063|S103|S143|S154|S173|S176|S223|S046,2024-07-23T07:58:47,collaboration_context,1,Distribution,Downstream,Path_C
H00674,U0135,C078,I009,F016,O082,S001|S005|S035|S037|S049|S097|S150|S227,2024-07-23T08:50:31,skill_context,0,,,
H06169,U1234,C246,I024,F013,O066,S002|S132|S213|S215|S216|S224|S021|S029,2024-07-23T11:36:42,collaboration_context,0,,,
H03349,U0670,C139,I008,F016,O084,S031|S068|S074|S109|S154|S076,2024-07-23T11:42:28,supply_context,0,,,
H01684,U0337,C233,I006,F018,O092,S013|S041|S062|S149|S188|S110|S214,2024-07-23T13:27:41,collaboration_context,1,Manufacturing,Midstream,Path_J
H02604,U0521,C302,I007,F018,O093,S001|S016|S022|S088|S093|S158|S189|S025,2024-07-23T14:44:09,skill_context,0,,,
H03204,U0641,C311,I018,F006,O031,S094|S097|S153|S154|S205|S219|S229|S232,2024-07-23T16:58:02,skill_context,0,,,
H05769,U1154,C022,I010,F004,O022,S101|S112|S119|S152|S183|S234,2024-07-23T17:04:00,work_context,0,,,
H06794,U1359,C223,I012,F009,O047,S040|S112|S159|S176|S202|S229,2024-07-23T17:42:54,skill_context,0,,,
H02849,U0570,C218,I021,F009,O047,S087|S152|S181|S185|S190|S207|S183,2024-07-23T17:56:37,skill_context,1,Procurement,Downstream,Path_H
H00764,U0153,C086,I010,F015,O078,S032|S110|S113|S122|S127|S173|S194|S229,2024-07-23T19:48:54,work_context,0,,,
H06599,U1320,C024,I001,F008,O042,S006|S047|S084|S143|S171|S184|S240,2024-07-23T20:43:01,supply_context,0,,,
H06894,U1379,C147,I008,F011,O057,S002|S010|S128|S194|S213|S240,2024-07-23T22:13:24,supply_context,0,,,
H01739,U0348,C045,I009,F004,O021,S023|S033|S049|S060|S144|S196|S214|S230,2024-07-23T22:36:15,collaboration_context,1,Distribution,Midstream,Path_H
H04689,U0938,C176,I007,F005,O027,S018|S051|S089|S125|S225,2024-07-24T01:01:04,collaboration_context,1,Procurement,Downstream,Path_L
H05439,U1088,C049,I006,F006,O029,S008|S012|S113|S140|S186|S195|S197|S199,2024-07-24T01:57:25,supply_context,0,,,
H06294,U1259,C065,I004,F015,O078,S020|S046|S069|S075|S108|S117|S157|S177,2024-07-24T02:08:01,supply_context,0,,,
H04404,U0881,C271,I018,F003,O012,S012|S020|S080|S126|S150|S201|S143,2024-07-24T02:59:05,supply_context,0,,,
H06104,U1221,C298,I012,F018,O093,S008|S056|S141|S150|S163|S178|S199|S202,2024-07-24T04:50:09,supply_context,1,Procurement,Midstream,Path_G
H06874,U1375,C053,I019,F001,O004,S050|S098|S120|S129|S150|S152|S176|S188,2024-07-24T08:06:12,collaboration_context,1,SCM,Upstream,Path_F
H05819,U1164,C245,I003,F015,O080,S012|S037|S048|S111|S158,2024-07-24T09:10:18,skill_context,0,,,
H00979,U0196,C261,I022,F012,O063,S042|S068|S084|S102|S120|S135|S163|S199,2024-07-24T09:14:20,work_context,0,,,
H04194,U0839,C253,I021,F010,O049,S020|S034|S040|S055|S154|S214|S049|S169,2024-07-24T09:14:35,work_context,0,,,
H00139,U0028,C218,I021,F018,O095,S052|S072|S175|S177|S211,2024-07-24T10:03:35,supply_context,0,,,
H04199,U0840,C091,I015,F009,O047,S015|S016|S144|S188|S214,2024-07-24T11:29:34,supply_context,0,,,
H03934,U0787,C144,I006,F007,O038,S010|S033|S044|S054|S074|S077|S090|S210,2024-07-24T12:02:46,collaboration_context,1,Retail,Downstream,Path_H
H04049,U0810,C298,I012,F005,O026,S008|S015|S046|S058|S059|S068|S142|S146,2024-07-24T12:32:31,work_context,1,Manufacturing,Midstream,Path_J
H02014,U0403,C026,I012,F011,O059,S041|S087|S095|S111|S112|S150|S225|S003,2024-07-24T13:03:53,collaboration_context,1,Logistics,Midstream,Path_C
H02309,U0462,C307,I023,F001,O006,S063|S101|S137|S148|S233,2024-07-24T16:35:49,collaboration_context,1,Retail,Upstream,Path_C
H05144,U1029,C221,I019,F003,O014,S082|S093|S100|S110|S134|S143|S195|S235,2024-07-24T16:50:01,skill_context,1,Manufacturing,Upstream,Path_F
H05719,U1144,C193,I002,F018,O094,S005|S024|S065|S073|S109|S175|S217|S099,2024-07-24T17:17:39,skill_context,1,Manufacturing,Upstream,Path_A
H00364,U0073,C302,I007,F013,O068,S044|S058|S103|S112|S123|S127|S148|S165,2024-07-24T17:42:41,skill_context,1,Procurement,Midstream,Path_J
H02009,U0402,C121,I001,F010,O052,S064|S094|S183|S187|S238|S158|S111|S164,2024-07-24T17:44:03,work_context,1,Retail,Downstream,Path_J
H00284,U0057,C152,I019,F015,O076,S001|S019|S044|S092|S093|S144|S195|S233,2024-07-24T19:51:07,work_context,1,Supplier Management,Midstream,Path_H
H07004,U1401,C234,I015,F014,O075,S086|S127|S151|S171|S201|S214|S031,2024-07-24T20:04:19,work_context,0,,,
H05854,U1171,C244,I022,F013,O069,S004|S054|S074|S096|S117|S213|S226|S209,2024-07-24T22:11:35,collaboration_context,0,,,
H00234,U0047,C028,I018,F013,O070,S043|S084|S107|S126|S147|S185|S194|S054,2024-07-24T23:06:14,supply_context,1,Manufacturing,Upstream,Path_B
H02454,U0491,C077,I019,F008,O043,S001|S010|S039|S044|S128|S138|S192|S215,2024-07-25T00:34:54,supply_context,0,,,
H02719,U0544,C213,I020,F004,O019,S005|S011|S038|S087|S121|S165|S168|S199,2024-07-25T03:54:10,collaboration_context,1,Procurement,Midstream,Path_B
H01619,U0324,C120,I017,F012,O063,S013|S065|S083|S095|S111|S127|S143|S218,2024-07-25T05:15:26,work_context,0,,,
H01704,U0341,C051,I019,F018,O092,S021|S035|S073|S132|S138|S163|S172|S228,2024-07-25T07:36:33,supply_context,0,,,
H06839,U1368,C274,I017,F005,O025,S004|S014|S091|S099|S105|S136|S145|S199,2024-07-25T08:25:30,collaboration_context,0,,,
H02894,U0579,C054,I004,F003,O012,S034|S057|S065|S131|S132|S106,2024-07-25T08:31:46,collaboration_context,0,,,
H04589,U0918,C100,I005,F010,O053,S008|S014|S068|S127|S170|S189,2024-07-25T09:41:02,collaboration_context,0,,,
H01804,U0361,C055,I023,F018,O093,S034|S086|S120|S153|S160|S162|S224|S234,2024-07-25T11:38:44,supply_context,1,Logistics,Downstream,Path_K
H01209,U0242,C311,I018,F001,O006,S005|S030|S062|S066|S108|S144,2024-07-25T16:11:06,work_context,1,Logistics,Midstream,Path_C
H03604,U0721,C241,I013,F013,O065,S039|S048|S050|S073|S079|S185|S208|S214,2024-07-25T17:01:34,supply_context,1,SCM,Downstream,Path_K
H03874,U0775,C259,I009,F017,O090,S080|S083|S111|S115|S155|S226,2024-07-25T17:03:39,work_context,1,SCM,Midstream,Path_K
H00614,U0123,C195,I007,F003,O012,S015|S073|S098|S112|S137|S140|S182|S224,2024-07-25T22:05:14,work_context,1,Procurement,Downstream,Path_G
H00734,U0147,C199,I021,F018,O093,S037|S091|S096|S101|S139|S147|S208|S238,2024-07-25T22:24:20,supply_context,1,Supplier Management,Downstream,Path_G
H04754,U0951,C158,I014,F012,O061,S007|S015|S029|S162|S181|S193|S218|S019,2024-07-25T22:32:20,collaboration_context,0,,,
H06494,U1299,C240,I002,F004,O018,S024|S112|S135|S153|S169|S065|S007,2024-07-25T22:51:53,supply_context,1,Distribution,Midstream,Path_I
H06269,U1254,C315,I003,F007,O037,S036|S053|S064|S109|S127|S188|S196|S238,2024-07-26T00:09:58,work_context,1,Distribution,Midstream,Path_K
H03949,U0790,C125,I007,F004,O022,S014|S040|S070|S075|S196|S208,2024-07-26T00:34:38,work_context,1,Distribution,Midstream,Path_F
H03429,U0686,C120,I017,F005,O027,S008|S037|S053|S060|S161|S185|S221|S147,2024-07-26T00:53:26,collaboration_context,1,Procurement,Midstream,Path_H
H04669,U0934,C225,I022,F011,O058,S004|S025|S057|S065|S176|S206|S217|S160,2024-07-26T01:31:29,work_context,1,Manufacturing,Downstream,Path_G
H06639,U1328,C222,I003,F018,O094,S073|S078|S122|S195|S214|S170,2024-07-26T02:24:57,work_context,0,,,
H00584,U0117,C176,I007,F010,O054,S042|S104|S146|S179|S203|S210|S216|S218,2024-07-26T02:27:28,collaboration_context,0,,,
H06234,U1247,C004,I004,F004,O019,S020|S028|S046|S075|S112|S126|S164|S194,2024-07-26T02:32:17,supply_context,1,Retail,Midstream,Path_K
H00434,U0087,C246,I024,F005,O025,S094|S097|S136|S148|S219|S210|S070,2024-07-26T03:39:16,work_context,0,,,
H03784,U0757,C013,I015,F006,O032,S005|S021|S041|S067|S087|S118|S158|S219,2024-07-26T03:47:37,work_context,1,Supplier Management,Downstream,Path_H
H03629,U0726,C015,I001,F008,O039,S010|S024|S026|S036|S071|S117|S197|S083,2024-07-26T04:11:19,collaboration_context,0,,,
H00244,U0049,C315,I003,F017,O087,S009|S032|S158|S176|S183|S192|S193,2024-07-26T06:22:51,skill_context,1,Distribution,Upstream,Path_D
H05954,U1191,C308,I012,F013,O067,S023|S038|S074|S126|S152|S229|S232|S138,2024-07-26T06:38:18,collaboration_context,0,,,
H01099,U0220,C013,I015,F012,O062,S003|S058|S135|S151|S162|S215|S220,2024-07-26T08:13:51,supply_context,1,SCM,Midstream,Path_J
H06984,U1397,C274,I017,F016,O086,S009|S077|S088|S122|S198|S199|S072|S123,2024-07-26T08:47:40,work_context,1,SCM,Midstream,Path_I
H00224,U0045,C316,I013,F018,O096,S031|S039|S066|S094|S099|S105|S204|S207,2024-07-26T08:57:21,supply_context,0,,,
H04884,U0977,C022,I010,F014,O073,S065|S068|S110|S160|S195|S196|S197|S199,2024-07-26T09:32:35,collaboration_context,0,,,
H06054,U1211,C044,I017,F017,O087,S005|S092|S094|S105|S111|S148|S197,2024-07-26T10:07:41,supply_context,0,,,
H05109,U1022,C066,I021,F010,O052,S044|S062|S072|S073|S143|S184|S164|S228,2024-07-26T10:26:02,work_context,0,,,
H05069,U1014,C267,I008,F016,O083,S022|S062|S110|S155|S162|S185|S216|S010,2024-07-26T10:59:16,skill_context,1,Distribution,Downstream,Path_B
H00504,U0101,C144,I006,F006,O032,S007|S047|S059|S069|S133|S145|S180|S082,2024-07-26T12:07:30,supply_context,1,Retail,Upstream,Path_G
H02734,U0547,C237,I016,F018,O093,S021|S049|S078|S115|S192|S019|S103,2024-07-26T12:09:20,collaboration_context,0,,,
H06159,U1232,C228,I008,F008,O041,S015|S032|S063|S089|S139|S173|S217|S128,2024-07-26T13:03:19,supply_context,0,,,
H04429,U0886,C132,I019,F007,O036,S032|S054|S087|S163|S174|S175|S209,2024-07-26T14:27:39,collaboration_context,1,Procurement,Downstream,Path_J
H00024,U0005,C105,I005,F015,O080,S031|S090|S094|S113|S140|S189|S190|S223,2024-07-26T15:34:37,collaboration_context,0,,,
H04979,U0996,C107,I006,F014,O073,S057|S059|S073|S183|S184|S220,2024-07-26T15:57:01,work_context,0,,,
H01199,U0240,C057,I023,F009,O044,S022|S090|S136|S184|S214|S231|S146|S147,2024-07-26T16:01:15,collaboration_context,0,,,
H01999,U0400,C118,I013,F006,O028,S092|S115|S145|S176|S181|S184,2024-07-26T18:07:46,supply_context,0,,,
H04609,U0922,C298,I012,F006,O030,S015|S038|S058|S063|S103|S106|S193|S012,2024-07-26T19:37:47,collaboration_context,0,,,
H04739,U0948,C224,I004,F017,O089,S030|S040|S172|S187|S188|S198|S238,2024-07-26T20:01:52,supply_context,1,Logistics,Downstream,Path_E
H00754,U0151,C102,I009,F017,O088,S007|S022|S146|S179|S220,2024-07-26T20:20:58,skill_context,0,,,
H02589,U0518,C204,I016,F001,O002,S062|S067|S083|S096|S139|S153|S163|S187,2024-07-26T23:11:28,collaboration_context,0,,,
H00019,U0004,C055,I023,F011,O057,S013|S024|S026|S028|S110|S149|S177,2024-07-26T23:43:52,work_context,0,,,
H00384,U0077,C202,I022,F006,O031,S008|S018|S034|S058|S059|S071|S197|S207,2024-07-27T00:29:16,skill_context,0,,,
H00114,U0023,C258,I010,F002,O007,S032|S039|S059|S097|S098|S156|S232,2024-07-27T01:53:36,work_context,1,Retail,Midstream,Path_I
H05329,U1066,C050,I013,F008,O039,S001|S049|S097|S101|S175|S179|S196|S228,2024-07-27T04:31:45,skill_context,0,,,
H04109,U0822,C136,I023,F006,O028,S021|S034|S049|S067|S109|S131|S168|S201,2024-07-27T04:47:25,work_context,1,Retail,Upstream,Path_J
H01569,U0314,C171,I018,F007,O035,S066|S085|S102|S105|S114|S210|S039,2024-07-27T05:32:55,skill_context,0,,,
H02704,U0541,C257,I006,F008,O039,S013|S015|S059|S094|S120|S134|S177|S211,2024-07-27T08:31:45,work_context,0,,,
H05789,U1158,C037,I009,F015,O076,S012|S013|S118|S119|S121|S218|S220|S227,2024-07-27T08:42:26,supply_context,1,SCM,Downstream,Path_G
H02089,U0418,C297,I023,F013,O068,S008|S025|S028|S039|S057|S150|S156|S215,2024-07-27T09:41:57,collaboration_context,0,,,
H05739,U1148,C203,I002,F015,O080,S060|S137|S166|S179|S207|S229|S234|S235,2024-07-27T10:21:42,supply_context,0,,,
H00689,U0138,C090,I003,F001,O006,S023|S087|S096|S118|S153|S190|S169,2024-07-27T11:24:03,supply_context,1,Procurement,Upstream,Path_D
H06404,U1281,C312,I022,F005,O024,S057|S074|S083|S116|S233,2024-07-27T12:00:29,supply_context,0,,,
H06199,U1240,C038,I006,F010,O052,S020|S067|S080|S093|S184|S213|S239|S040,2024-07-27T12:27:14,work_context,0,,,
H01964,U0393,C073,I001,F009,O048,S006|S022|S092|S112|S139|S221|S137|S131,2024-07-27T14:09:12,work_context,1,Manufacturing,Downstream,Path_H
H06134,U1227,C231,I015,F007,O037,S019|S035|S115|S153|S160|S161|S183|S214,2024-07-27T15:57:59,skill_context,0,,,
H04284,U0857,C213,I020,F003,O012,S011|S028|S040|S077|S098|S111|S150,2024-07-27T16:37:40,skill_context,0,,,
H05204,U1041,C023,I015,F007,O037,S052|S053|S119|S124|S150|S232|S135,2024-07-27T16:50:29,supply_context,0,,,
H05344,U1069,C296,I011,F016,O082,S033|S085|S089|S137|S158|S218|S153|S065,2024-07-27T17:09:49,supply_context,0,,,
H03289,U0658,C168,I023,F008,O039,S082|S092|S094|S102|S219,2024-07-27T18:12:58,skill_context,1,Distribution,Midstream,Path_D
H03284,U0657,C316,I013,F004,O018,S030|S076|S109|S152|S174|S228|S166,2024-07-27T19:00:34,supply_context,1,SCM,Downstream,Path_E
H03269,U0654,C219,I024,F010,O050,S057|S148|S163|S199|S218|S234|S141|S018,2024-07-27T22:21:41,supply_context,0,,,
H00319,U0064,C145,I012,F008,O043,S045|S068|S150|S152|S169|S189|S191,2024-07-27T22:29:17,supply_context,1,Distribution,Midstream,Path_H
H04709,U0942,C138,I021,F009,O044,S078|S087|S097|S110|S142|S169|S209,2024-07-28T00:33:40,supply_context,0,,,
H01454,U0291,C036,I011,F016,O085,S002|S018|S096|S126|S141|S217|S232|S181,2024-07-28T01:52:18,skill_context,0,,,
H03499,U0700,C058,I020,F001,O002,S023|S028|S036|S067|S106|S118|S141|S219,2024-07-28T02:34:55,collaboration_context,1,Supplier Management,Downstream,Path_H
H01244,U0249,C017,I012,F018,O096,S093|S102|S103|S133|S187|S188,2024-07-28T02:42:14,skill_context,0,,,
H01269,U0254,C017,I012,F001,O002,S007|S009|S017|S095|S139|S175|S193,2024-07-28T03:10:00,work_context,1,Distribution,Upstream,Path_F
H04304,U0861,C035,I013,F013,O066,S007|S084|S091|S120|S139|S151|S211|S082,2024-07-28T04:59:06,supply_context,1,Retail,Downstream,Path_E
H05869,U1174,C192,I010,F002,O009,S065|S076|S109|S191|S208|S240|S183|S224,2024-07-28T05:37:32,collaboration_context,0,,,
H05274,U1055,C300,I002,F011,O056,S015|S047|S059|S071|S087|S128|S159,2024-07-28T06:04:00,work_context,0,,,
H01329,U0266,C274,I017,F015,O080,S004|S036|S042|S049|S113|S153|S177|S236,2024-07-28T06:35:12,work_context,1,Distribution,Upstream,Path_J
H05039,U1008,C067,I002,F008,O039,S018|S027|S037|S047|S089|S164|S187|S080,2024-07-28T06:57:16,work_context,1,SCM,Downstream,Path_A
H04384,U0877,C187,I002,F003,O015,S046|S084|S098|S104|S105|S137|S201|S216,2024-07-28T06:58:10,work_context,0,,,
H04879,U0976,C259,I009,F012,O064,S004|S101|S113|S120|S140|S166|S204,2024-07-28T07:07:58,work_context,0,,,
H03434,U0687,C243,I008,F004,O018,S007|S014|S020|S123|S124|S181|S188|S205,2024-07-28T07:48:42,collaboration_context,0,,,
H05569,U1114,C052,I013,F011,O056,S033|S041|S049|S200|S219,2024-07-28T08:18:33,work_context,0,,,
H06869,U1374,C146,I017,F004,O020,S007|S034|S040|S168|S206|S039,2024-07-28T09:08:48,work_context,0,,,
H04774,U0955,C185,I021,F014,O074,S017|S020|S069|S090|S107|S119|S148|S170,2024-07-28T09:31:48,skill_context,0,,,
H05024,U1005,C173,I016,F007,O037,S018|S053|S064|S072|S085|S098|S165,2024-07-28T10:12:58,work_context,0,,,
H03159,U0632,C307,I023,F013,O070,S003|S011|S056|S222|S230,2024-07-28T11:38:25,work_context,1,SCM,Midstream,Path_H
H03694,U0739,C274,I017,F007,O038,S006|S019|S080|S187|S208|S236|S210|S145,2024-07-28T12:28:28,skill_context,0,,,
H06009,U1202,C101,I007,F018,O093,S003|S022|S030|S144|S147|S096,2024-07-28T12:56:23,work_context,1,Distribution,Upstream,Path_D
H03554,U0711,C224,I004,F016,O081,S034|S058|S062|S103|S115|S188|S198|S184,2024-07-28T13:57:10,skill_context,0,,,
H01969,U0394,C088,I009,F011,O056,S017|S052|S078|S082|S154,2024-07-28T14:24:59,work_context,1,Manufacturing,Midstream,Path_H
H00864,U0173,C124,I001,F014,O075,S049|S074|S111|S178|S203|S234,2024-07-28T16:29:25,work_context,0,,,
H05689,U1138,C157,I001,F009,O044,S006|S064|S083|S139|S186|S188|S200|S035,2024-07-28T16:49:19,skill_context,1,Supplier Management,Downstream,Path_D
H03724,U0745,C167,I002,F007,O035,S003|S017|S073|S088|S114|S147|S040,2024-07-28T19:39:09,collaboration_context,0,,,
H02504,U0501,C278,I004,F005,O023,S001|S029|S039|S042|S085|S101|S208,2024-07-28T19:54:42,supply_context,1,Distribution,Upstream,Path_K
H06484,U1297,C076,I024,F001,O003,S013|S052|S176|S187|S189|S211|S223|S090,2024-07-28T21:39:24,skill_context,0,,,
H00239,U0048,C037,I009,F002,O010,S011|S084|S142|S178|S222|S235|S017,2024-08-01T02:47:02,work_context,0,,,
H03654,U0731,C250,I012,F012,O064,S050|S075|S089|S108|S122|S123|S145|S151,2024-08-01T03:31:52,supply_context,0,,,
H02794,U0559,C177,I005,F003,O014,S019|S044|S073|S132|S208|S171|S026,2024-08-01T05:42:37,supply_context,0,,,
H01359,U0272,C050,I013,F011,O056,S015|S054|S138|S148|S154|S191|S208|S010,2024-08-01T06:20:04,work_context,0,,,
H01174,U0235,C224,I004,F014,O072,S007|S076|S122|S126|S127|S168|S201|S059,2024-08-01T07:10:32,supply_context,0,,,
H02554,U0511,C176,I007,F006,O030,S011|S018|S045|S075|S088|S122|S133|S240,2024-08-01T09:21:07,supply_context,1,SCM,Midstream,Path_E
H02559,U0512,C039,I023,F017,O091,S018|S032|S038|S042|S061|S144|S168|S211,2024-08-01T12:11:44,supply_context,0,,,
H05084,U1017,C075,I011,F002,O007,S007|S010|S044|S086|S174|S079|S231,2024-08-01T14:06:58,supply_context,0,,,
H03134,U0627,C005,I018,F002,O007,S005|S020|S075|S148|S182|S186|S215,2024-08-01T14:17:04,collaboration_context,0,,,
H02229,U0446,C190,I023,F015,O080,S068|S087|S116|S205|S224,2024-08-01T14:48:08,collaboration_context,1,Procurement,Upstream,Path_D
H05239,U1048,C208,I009,F015,O078,S071|S075|S078|S155|S174|S203,2024-08-01T15:08:28,work_context,0,,,
H02909,U0582,C060,I011,F009,O045,S012|S034|S069|S088|S123|S175|S230|S098,2024-08-01T17:50:39,skill_context,1,Manufacturing,Upstream,Path_I
H02529,U0506,C089,I007,F017,O088,S012|S054|S097|S141|S231|S077|S031,2024-08-01T18:15:36,supply_context,1,Retail,Upstream,Path_K
H06509,U1302,C173,I016,F015,O080,S029|S042|S116|S135|S147|S109,2024-08-01T19:19:47,supply_context,1,Supplier Management,Upstream,Path_G
H02779,U0556,C228,I008,F001,O005,S040|S087|S128|S158|S183|S190|S201|S191,2024-08-01T19:33:25,collaboration_context,0,,,
H05574,U1115,C019,I018,F018,O094,S025|S037|S114|S146|S151|S234,2024-08-01T19:58:30,supply_context,1,Procurement,Downstream,Path_H
H03794,U0759,C161,I009,F001,O003,S010|S012|S116|S200|S216|S221|S097|S095,2024-08-01T20:04:18,supply_context,0,,,
H05779,U1156,C047,I012,F015,O077,S007|S019|S083|S136|S169|S002,2024-08-01T22:14:24,skill_context,1,Procurement,Midstream,Path_I
H05999,U1200,C271,I018,F002,O010,S009|S117|S126|S140|S141|S179|S030,2024-08-01T22:28:57,supply_context,1,SCM,Downstream,Path_F
H05349,U1070,C164,I012,F015,O079,S007|S020|S034|S041|S119|S081|S167,2024-08-02T04:46:06,skill_context,1,Procurement,Midstream,Path_E
H05649,U1130,C028,I018,F012,O062,S008|S050|S083|S098|S240|S039|S035|S113,2024-08-02T06:04:40,supply_context,0,,,
H06744,U1349,C239,I013,F005,O027,S077|S085|S117|S145|S164|S200|S211|S224,2024-08-02T06:41:38,supply_context,1,Distribution,Downstream,Path_I
H05309,U1062,C304,I020,F014,O075,S071|S090|S099|S203|S215|S198,2024-08-02T11:28:54,supply_context,1,Logistics,Downstream,Path_H
H06529,U1306,C028,I018,F018,O096,S071|S128|S144|S162|S200|S234|S157|S108,2024-08-02T12:41:33,supply_context,1,Retail,Downstream,Path_F
H00424,U0085,C031,I003,F016,O083,S005|S110|S148|S178|S212,2024-08-02T13:25:00,skill_context,0,,,
H02404,U0481,C160,I005,F018,O095,S034|S035|S044|S047|S074|S087|S132|S187,2024-08-02T13:55:05,work_context,0,,,
H02749,U0550,C145,I012,F004,O018,S021|S033|S092|S099|S136|S176,2024-08-02T14:57:27,collaboration_context,1,Logistics,Midstream,Path_B
H06539,U1308,C249,I018,F014,O072,S032|S041|S049|S170|S206,2024-08-02T15:38:05,skill_context,0,,,
H04489,U0898,C131,I018,F012,O060,S028|S033|S071|S119|S128|S186|S227|S062,2024-08-02T16:27:14,skill_context,0,,,
H05009,U1002,C229,I019,F016,O086,S011|S016|S047|S065|S140,2024-08-02T20:12:19,skill_context,1,Supplier Management,Downstream,Path_F
H03749,U0750,C219,I024,F004,O018,S072|S073|S128|S136|S137|S171|S173,2024-08-02T20:41:36,work_context,0,,,
H00849,U0170,C096,I017,F003,O014,S044|S057|S152|S204|S211,2024-08-02T20:50:06,work_context,0,,,
H04654,U0931,C283,I010,F008,O039,S026|S046|S068|S091|S108|S140|S188,2024-08-02T21:48:40,supply_context,1,SCM,Upstream,Path_B
H04179,U0836,C240,I002,F012,O063,S006|S020|S055|S100|S231,2024-08-02T22:34:21,collaboration_context,0,,,
H05874,U1175,C305,I018,F007,O037,S017|S038|S041|S120|S171|S174,2024-08-02T23:09:44,collaboration_context,1,SCM,Downstream,Path_K
H04039,U0808,C177,I005,F016,O084,S004|S011|S027|S126|S132|S182|S216|S236,2024-08-02T23:39:55,work_context,1,Logistics,Upstream,Path_A
H05684,U1137,C089,I007,F013,O066,S071|S087|S121|S146|S192|S223,2024-08-02T23:43:56,work_context,0,,,
H02729,U0546,C268,I002,F013,O065,S040|S047|S069|S101|S106|S164|S175|S231,2024-08-03T00:18:02,supply_context,0,,,
H01599,U0320,C186,I001,F005,O023,S072|S146|S159|S212|S225|S238|S006|S182,2024-08-03T07:13:31,work_context,0,,,
H01444,U0289,C180,I005,F010,O052,S059|S071|S135|S166|S201|S227|S171|S072,2024-08-03T07:30:53,skill_context,0,,,
H03179,U0636,C016,I006,F012,O062,S088|S092|S096|S106|S109|S127|S181|S236,2024-08-03T09:10:20,supply_context,1,Retail,Downstream,Path_A
H03979,U0796,C104,I024,F013,O067,S025|S039|S196|S204|S225|S135|S198,2024-08-03T09:25:34,skill_context,1,Supplier Management,Downstream,Path_B
H03824,U0765,C028,I018,F010,O050,S028|S131|S143|S191|S212|S024,2024-08-03T10:08:17,collaboration_context,1,Distribution,Upstream,Path_K
H04019,U0804,C087,I011,F017,O088,S041|S049|S087|S133|S151|S162|S225|S198,2024-08-03T11:25:09,collaboration_context,1,Retail,Downstream,Path_A
H01754,U0351,C267,I008,F018,O093,S033|S068|S102|S168|S182|S226|S233,2024-08-03T12:01:55,supply_context,1,Manufacturing,Upstream,Path_K
H04729,U0946,C202,I022,F017,O091,S012|S050|S090|S108|S162|S239,2024-08-03T12:14:18,work_context,0,,,
H03274,U0655,C060,I011,F018,O094,S038|S086|S096|S126|S134|S230|S234|S164,2024-08-03T12:29:30,collaboration_context,1,Logistics,Downstream,Path_C
H05734,U1147,C230,I002,F016,O085,S013|S021|S037|S044|S047|S194|S230|S227,2024-08-03T14:55:06,work_context,0,,,
H03199,U0640,C056,I008,F010,O051,S054|S154|S194|S200|S236,2024-08-03T15:44:51,skill_context,0,,,
H00004,U0001,C302,I007,F003,O013,S033|S043|S095|S107|S155|S199|S220|S233,2024-08-03T17:10:02,skill_context,0,,,
H03319,U0664,C202,I022,F011,O056,S011|S060|S094|S117|S154|S159|S182|S223,2024-08-03T17:24:16,supply_context,0,,,
H04719,U0944,C132,I019,F007,O035,S011|S055|S128|S154|S171|S238|S010,2024-08-03T17:26:11,supply_context,0,,,
H00494,U0099,C018,I020,F008,O043,S001|S040|S044|S069|S072|S080|S085|S143,2024-08-03T17:45:47,collaboration_context,0,,,
H02234,U0447,C167,I002,F015,O076,S003|S028|S030|S069|S160|S227|S131,2024-08-03T18:32:30,supply_context,0,,,
H06994,U1399,C121,I001,F013,O068,S002|S068|S106|S149|S211|S225,2024-08-03T19:23:27,collaboration_context,0,,,
H02634,U0527,C267,I008,F005,O023,S028|S043|S112|S119|S165|S197|S206,2024-08-04T02:05:36,collaboration_context,0,,,
H06809,U1362,C001,I003,F014,O072,S065|S087|S143|S200|S205|S098|S171,2024-08-04T03:09:24,work_context,0,,,
H03259,U0652,C018,I020,F008,O043,S004|S100|S145|S183|S232|S009|S135|S227,2024-08-04T03:37:56,work_context,0,,,
H04184,U0837,C149,I009,F004,O020,S021|S056|S105|S148|S177|S233|S234|S238,2024-08-04T03:52:56,work_context,0,,,
H04054,U0811,C288,I014,F008,O040,S005|S018|S023|S043|S084|S114|S140|S218,2024-08-04T04:13:25,skill_context,0,,,
H00089,U0018,C142,I010,F007,O038,S017|S035|S058|S100|S115|S140|S165|S187,2024-08-04T04:32:10,work_context,0,,,
H06394,U1279,C217,I007,F005,O025,S029|S046|S065|S094|S192|S194|S235,2024-08-04T05:53:52,supply_context,1,Supplier Management,Upstream,Path_J
H03344,U0669,C108,I024,F001,O004,S019|S020|S034|S051|S064|S229|S236|S057,2024-08-04T07:43:01,skill_context,0,,,
H00014,U0003,C048,I005,F016,O086,S014|S047|S051|S080|S111|S113|S140|S239,2024-08-04T08:18:11,collaboration_context,0,,,
H01904,U0381,C092,I001,F001,O005,S002|S082|S090|S139|S142|S228|S230|S233,2024-08-04T08:31:33,skill_context,1,Retail,Downstream,Path_L
H04169,U0834,C172,I010,F013,O069,S026|S052|S095|S186|S191|S229,2024-08-04T10:39:53,skill_context,1,Procurement,Upstream,Path_E
H06624,U1325,C180,I005,F013,O067,S063|S066|S077|S093|S100|S146|S204|S214,2024-08-04T11:06:11,collaboration_context,1,Retail,Downstream,Path_G
H05729,U1146,C160,I005,F006,O029,S033|S075|S079|S114|S117|S177|S216,2024-08-04T12:10:34,skill_context,0,,,
H00929,U0186,C049,I006,F013,O067,S078|S092|S209|S216|S224|S184|S069,2024-08-04T14:28:47,supply_context,0,,,
H01874,U0375,C015,I001,F002,O009,S009|S025|S140|S159|S190|S171|S183,2024-08-04T15:18:00,supply_context,0,,,
H02649,U0530,C150,I001,F013,O065,S020|S036|S045|S076|S109|S172|S183|S073,2024-08-04T15:28:18,work_context,0,,,
H04749,U0950,C167,I002,F017,O089,S051|S115|S126|S138|S170|S204,2024-08-04T15:45:06,supply_context,0,,,
H02279,U0456,C077,I019,F015,O079,S033|S103|S104|S122|S144|S205,2024-08-04T15:54:10,collaboration_context,1,Manufacturing,Midstream,Path_H
H00329,U0066,C236,I023,F011,O058,S124|S132|S154|S155|S208|S216|S219|S236,2024-08-04T16:06:46,work_context,0,,,
H00009,U0002,C137,I013,F001,O005,S025|S062|S084|S099|S180|S198|S194|S228,2024-08-04T16:52:38,supply_context,1,Manufacturing,Upstream,Path_F
H04974,U0995,C032,I011,F003,O014,S026|S061|S157|S199|S211|S237,2024-08-04T18:00:04,work_context,0,,,
H01029,U0206,C211,I004,F017,O091,S043|S060|S067|S090|S101|S225|S234|S237,2024-08-04T19:14:04,skill_context,1,Procurement,Upstream,Path_L
H03419,U0684,C038,I006,F006,O031,S011|S050|S066|S099|S135|S157|S166|S221,2024-08-04T19:17:57,collaboration_context,0,,,
H02169,U0434,C070,I017,F002,O011,S011|S022|S040|S194|S220|S223|S049|S218,2024-08-04T20:19:35,supply_context,0,,,
H05394,U1079,C102,I009,F003,O015,S003|S021|S070|S158|S208|S211|S217|S084,2024-08-04T20:59:00,collaboration_context,1,Distribution,Downstream,Path_F
H01249,U0250,C211,I004,F005,O023,S033|S047|S117|S129|S209,2024-08-04T22:02:24,collaboration_context,0,,,
H06584,U1317,C171,I018,F008,O043,S064|S079|S155|S195|S232|S005,2024-08-04T22:42:15,supply_context,1,SCM,Midstream,Path_G
H00389,U0078,C278,I004,F008,O039,S009|S066|S080|S131|S132,2024-08-04T23:05:27,supply_context,1,Retail,Upstream,Path_A
H05959,U1192,C158,I014,F002,O007,S014|S049|S115|S144|S168|S187|S222,2024-08-05T00:15:21,work_context,1,Manufacturing,Upstream,Path_I
H03514,U0703,C038,I006,F013,O065,S041|S047|S066|S067|S199,2024-08-05T00:35:49,skill_context,0,,,
H04279,U0856,C102,I009,F015,O079,S017|S018|S060|S066|S080|S095|S131|S138,2024-08-05T00:57:44,supply_context,0,,,
H02414,U0483,C159,I002,F003,O015,S026|S082|S171|S209|S224,2024-08-05T01:31:34,collaboration_context,1,SCM,Upstream,Path_B
H01059,U0212,C157,I001,F001,O004,S006|S035|S144|S153|S193|S220|S161,2024-08-05T01:55:21,skill_context,1,Procurement,Downstream,Path_H
H02929,U0586,C196,I016,F013,O066,S068|S069|S216|S223|S234,2024-08-05T05:15:42,collaboration_context,1,Supplier Management,Midstream,Path_A
H02179,U0436,C124,I001,F013,O065,S026|S055|S087|S138|S151|S201|S213|S223,2024-08-05T09:22:01,work_context,0,,,
H04604,U0921,C078,I009,F015,O080,S079|S150|S156|S158|S170|S197|S222,2024-08-05T13:23:54,supply_context,1,Manufacturing,Upstream,Path_L
H05059,U1012,C125,I007,F018,O096,S010|S023|S033|S110|S151|S234|S158|S065,2024-08-05T14:03:29,skill_context,0,,,
H01479,U0296,C106,I021,F002,O010,S035|S038|S080|S104|S133|S136|S222|S229,2024-08-05T14:53:00,skill_context,0,,,
H06099,U1220,C068,I006,F008,O043,S062|S154|S160|S167|S195|S209|S224|S183,2024-08-05T16:35:06,collaboration_context,0,,,
H02924,U0585,C207,I008,F008,O041,S005|S029|S046|S048|S066|S113|S195,2024-08-05T17:01:00,skill_context,0,,,
H00199,U0040,C249,I018,F016,O082,S042|S053|S088|S091|S230|S156|S169,2024-08-05T17:24:14,collaboration_context,0,,,
H02349,U0470,C172,I010,F016,O085,S098|S099|S123|S184|S207|S204,2024-08-05T18:27:52,skill_context,0,,,
H01474,U0295,C287,I016,F007,O033,S078|S093|S115|S172|S232,2024-08-05T19:30:25,collaboration_context,1,Distribution,Upstream,Path_B
H01809,U0362,C052,I013,F015,O078,S002|S006|S050|S109|S212,2024-08-05T20:53:39,skill_context,0,,,
H06629,U1326,C209,I019,F011,O056,S007|S029|S089|S118|S191|S225|S239|S138,2024-08-05T21:31:28,supply_context,0,,,
H05799,U1160,C110,I003,F014,O075,S019|S059|S115|S132|S159|S161|S230|S066,2024-08-05T22:14:38,supply_context,0,,,
H00249,U0050,C039,I023,F008,O043,S012|S037|S061|S089|S120|S185|S229|S060,2024-08-05T23:44:21,skill_context,0,,,
H05379,U1076,C165,I017,F012,O061,S017|S032|S044|S064|S065|S117|S118|S148,2024-08-06T00:04:56,supply_context,0,,,
H04454,U0891,C231,I015,F008,O040,S002|S044|S054|S060|S071|S175|S230,2024-08-06T01:22:10,skill_context,0,,,
H04829,U0966,C084,I014,F014,O074,S003|S046|S078|S125|S204|S205|S202,2024-08-06T02:15:43,skill_context,1,Logistics,Downstream,Path_F
H04899,U0980,C259,I009,F013,O067,S020|S085|S109|S171|S174,2024-08-06T02:56:49,work_context,0,,,
H05334,U1067,C289,I018,F014,O073,S004|S027|S056|S061|S177|S178|S182|S194,2024-08-06T03:28:33,collaboration_context,0,,,
H00344,U0069,C147,I008,F003,O013,S006|S057|S063|S067|S076|S129|S164|S236,2024-08-06T05:03:52,work_context,1,Supplier Management,Midstream,Path_J
H00589,U0118,C236,I023,F001,O004,S055|S142|S144|S170|S187|S195|S206,2024-08-06T05:10:13,supply_context,0,,,
H03589,U0718,C169,I011,F011,O059,S014|S048|S059|S061|S162|S203|S232|S022,2024-08-06T05:27:13,supply_context,0,,,
H00654,U0131,C165,I017,F001,O002,S024|S029|S131|S134|S157|S223,2024-08-06T05:59:31,collaboration_context,1,Manufacturing,Upstream,Path_J
H06644,U1329,C253,I021,F010,O054,S015|S021|S041|S104|S131|S151|S156|S175,2024-08-06T06:12:45,skill_context,0,,,
H02274,U0455,C218,I021,F015,O079,S046|S069|S079|S212|S214|S210,2024-08-06T07:17:37,skill_context,0,,,
H06909,U1382,C314,I022,F004,O018,S006|S107|S167|S188|S203|S235,2024-08-06T08:06:00,skill_context,0,,,
H00094,U0019,C224,I004,F001,O001,S015|S088|S128|S181|S223|S002|S189,2024-08-06T08:18:08,skill_context,1,Manufacturing,Midstream,Path_K
H04174,U0835,C287,I016,F014,O074,S015|S019|S034|S060|S113|S172|S235|S237,2024-08-06T09:22:04,work_context,1,Distribution,Downstream,Path_E
H03759,U0752,C225,I022,F018,O092,S004|S064|S081|S111|S181|S218|S174|S078,2024-08-06T10:44:20,supply_context,0,,,
H05814,U1163,C029,I003,F003,O014,S040|S045|S054|S064|S128|S111|S008|S225,2024-08-06T11:46:36,collaboration_context,0,,,
H03464,U0693,C315,I003,F007,O037,S043|S121|S130|S163|S193|S231|S038,2024-08-06T12:10:39,work_context,1,Retail,Upstream,Path_D
H00459,U0092,C173,I016,F006,O030,S027|S080|S128|S140|S156|S182|S085|S162,2024-08-06T12:49:18,work_context,0,,,
H02354,U0471,C304,I020,F002,O009,S053|S060|S103|S175|S213|S210|S020,2024-08-06T13:30:05,collaboration_context,0,,,
H00109,U0022,C116,I013,F010,O054,S002|S051|S089|S162|S174|S198|S200,2024-08-06T15:32:17,skill_context,1,Distribution,Downstream,Path_J
H00044,U0009,C037,I009,F003,O014,S006|S016|S017|S067|S072|S166|S174|S209,2024-08-06T18:39:28,skill_context,0,,,
H03379,U0676,C099,I020,F006,O030,S042|S045|S074|S142|S169|S204|S218|S240,2024-08-06T19:20:56,collaboration_context,1,Manufacturing,Midstream,Path_G
H06204,U1241,C141,I019,F001,O002,S102|S123|S161|S189|S215|S198|S160,2024-08-06T21:30:29,work_context,0,,,
H00359,U0072,C077,I019,F008,O040,S021|S033|S065|S074|S116|S119|S183|S114,2024-08-06T22:12:49,skill_context,1,Manufacturing,Downstream,Path_K
H00184,U0037,C087,I011,F003,O012,S003|S030|S043|S081|S129|S132|S141|S216,2024-08-06T23:00:44,work_context,1,Procurement,Downstream,Path_H
H05234,U1047,C309,I020,F018,O092,S010|S025|S037|S047|S136|S224|S157,2024-08-07T01:54:33,collaboration_context,1,Retail,Midstream,Path_C
H01414,U0283,C144,I006,F002,O009,S034|S079|S087|S098|S111|S136|S168|S195,2024-08-07T03:12:28,supply_context,1,Logistics,Downstream,Path_E
H05544,U1109,C182,I011,F002,O007,S075|S085|S110|S156|S168|S235|S095|S061,2024-08-07T03:19:34,collaboration_context,0,,,
H01499,U0300,C121,I001,F010,O050,S065|S083|S113|S125|S133|S155|S166|S054,2024-08-07T03:19:55,supply_context,0,,,
H03814,U0763,C140,I022,F016,O081,S047|S067|S086|S163|S172|S180|S233|S239,2024-08-07T04:26:23,work_context,1,Procurement,Upstream,Path_J
H01759,U0352,C258,I010,F003,O013,S036|S050|S055|S129|S148|S155|S132,2024-08-07T04:58:06,supply_context,0,,,
H05249,U1050,C072,I010,F013,O067,S001|S006|S016|S150|S216|S097|S167|S188,2024-08-07T09:12:58,work_context,1,Logistics,Upstream,Path_A
H05034,U1007,C055,I023,F007,O033,S067|S068|S131|S194|S204|S232|S223,2024-08-07T09:29:55,supply_context,0,,,
H01819,U0364,C078,I009,F016,O084,S087|S119|S125|S163|S181|S070,2024-08-07T09:32:47,collaboration_context,1,SCM,Midstream,Path_G
H06289,U1258,C015,I001,F001,O001,S013|S086|S088|S144|S182|S191|S204,2024-08-07T10:01:04,supply_context,1,Procurement,Upstream,Path_D
H02984,U0597,C009,I003,F010,O051,S012|S027|S028|S043|S091|S140|S221|S021,2024-08-07T11:08:34,supply_context,1,Distribution,Upstream,Path_L
H04449,U0890,C128,I011,F010,O050,S005|S024|S098|S109|S112|S157|S166|S208,2024-08-07T11:09:15,work_context,0,,,
H03984,U0797,C297,I023,F005,O023,S020|S144|S159|S191|S208|S101|S053|S165,2024-08-07T11:37:29,skill_context,0,,,
H05534,U1107,C007,I017,F011,O056,S014|S027|S113|S133|S170|S171|S182|S198,2024-08-07T11:57:15,supply_context,1,Logistics,Midstream,Path_J
H05724,U1145,C203,I002,F009,O047,S123|S128|S141|S209|S217|S229,2024-08-07T13:22:18,collaboration_context,1,SCM,Upstream,Path_J
H00884,U0177,C078,I009,F013,O070,S030|S038|S075|S083|S096|S219|S091|S152,2024-08-07T14:18:12,skill_context,1,Logistics,Midstream,Path_J
H03079,U0616,C100,I005,F012,O062,S086|S088|S089|S103|S185|S193|S121|S013,2024-08-07T15:09:11,collaboration_context,0,,,
H04919,U0984,C197,I007,F004,O021,S050|S056|S074|S079|S081|S118|S164|S188,2024-08-07T15:37:44,collaboration_context,0,,,
H00574,U0115,C202,I022,F004,O022,S089|S097|S104|S110|S131|S164|S194,2024-08-07T15:52:18,collaboration_context,1,Supplier Management,Midstream,Path_J
H02629,U0526,C219,I024,F010,O054,S019|S021|S083|S110|S148|S156|S185,2024-08-07T16:43:22,skill_context,1,Distribution,Midstream,Path_F
H05264,U1053,C302,I007,F007,O033,S030|S059|S111|S136|S158|S200|S221|S149,2024-08-07T16:47:12,supply_context,0,,,
H06819,U1364,C065,I004,F006,O028,S017|S019|S084|S099|S121|S192|S193,2024-08-07T17:06:40,work_context,0,,,
H02264,U0453,C147,I008,F017,O088,S012|S094|S133|S186|S201|S232|S095|S156,2024-08-07T17:36:12,supply_context,0,,,
H06589,U1318,C162,I001,F006,O032,S067|S072|S074|S080|S142|S161|S213|S225,2024-08-07T18:06:43,work_context,1,Manufacturing,Upstream,Path_C
H04584,U0917,C143,I014,F013,O070,S009|S013|S032|S068|S087|S137|S207|S235,2024-08-07T20:03:18,work_context,0,,,
H06339,U1268,C307,I023,F012,O064,S048|S118|S130|S188|S204|S214,2024-08-07T20:18:37,skill_context,1,SCM,Upstream,Path_F
H00544,U0109,C070,I017,F006,O032,S008|S010|S028|S125|S210|S214,2024-08-07T21:37:19,work_context,1,SCM,Downstream,Path_D
H05559,U1112,C108,I024,F014,O075,S015|S022|S031|S064|S085|S163|S216|S104,2024-08-07T22:55:08,skill_context,1,Supplier Management,Midstream,Path_L
H05509,U1102,C154,I022,F017,O090,S008|S024|S073|S075|S092|S183|S184|S222,2024-08-07T23:09:57,supply_context,0,,,
H06409,U1282,C106,I021,F018,O092,S077|S085|S094|S098|S206|S229|S021,2024-08-07T23:41:01,skill_context,0,,,
H00759,U0152,C286,I009,F002,O011,S004|S037|S080|S119|S177|S198|S128|S022,2024-08-08T00:41:32,supply_context,1,Logistics,Upstream,Path_I
H03534,U0707,C057,I023,F008,O043,S004|S005|S055|S059|S136|S149|S225|S099,2024-08-08T01:22:43,supply_context,0,,,
H05704,U1141,C136,I023,F013,O068,S045|S080|S105|S130|S133|S184,2024-08-08T05:06:03,collaboration_context,0,,,
H04464,U0893,C156,I005,F016,O081,S022|S076|S079|S081|S111|S166|S212|S008,2024-08-08T06:32:26,supply_context,0,,,
H05099,U1020,C043,I019,F008,O041,S082|S084|S099|S143|S157|S105,2024-08-08T06:46:48,supply_context,0,,,
H03239,U0648,C280,I020,F010,O049,S033|S066|S088|S134|S199|S203|S036,2024-08-08T08:32:21,skill_context,0,,,
H03404,U0681,C206,I014,F007,O033,S003|S023|S046|S098|S108|S128|S137|S183,2024-08-08T09:25:10,work_context,1,Retail,Upstream,Path_H
H02114,U0423,C174,I005,F002,O007,S005|S106|S120|S160|S205|S070|S229|S058,2024-08-08T09:32:13,supply_context,0,,,
H05929,U1186,C278,I004,F013,O065,S007|S041|S116|S132|S180|S221|S231|S118,2024-08-08T10:28:52,supply_context,1,Retail,Midstream,Path_D
H03709,U0742,C262,I003,F005,O024,S006|S018|S118|S121|S122|S229|S237|S108,2024-08-08T11:34:17,skill_context,0,,,
H00134,U0027,C176,I007,F010,O053,S050|S057|S059|S071|S081|S146|S182|S236,2024-08-08T12:27:03,work_context,1,Manufacturing,Downstream,Path_F
H01869,U0374,C205,I006,F012,O061,S009|S031|S043|S087|S113|S175,2024-08-08T12:51:32,collaboration_context,1,Procurement,Downstream,Path_E
H03894,U0779,C231,I015,F002,O011,S002|S007|S082|S113|S117|S132|S166,2024-08-08T15:13:00,skill_context,0,,,
H00374,U0075,C175,I008,F008,O041,S055|S074|S112|S117|S121|S139,2024-08-08T16:32:22,skill_context,1,SCM,Midstream,Path_D
H05384,U1077,C033,I024,F011,O057,S021|S027|S091|S179|S215|S239|S131,2024-08-08T17:14:33,work_context,1,Logistics,Downstream,Path_H
H04734,U0947,C029,I003,F011,O056,S002|S006|S054|S055|S177|S236,2024-08-08T17:25:34,supply_context,1,SCM,Downstream,Path_C
H02864,U0573,C004,I004,F013,O066,S025|S085|S086|S154|S181,2024-08-08T17:31:47,work_context,1,Logistics,Midstream,Path_C
H02059,U0412,C217,I007,F011,O059,S065|S087|S120|S163|S199|S061|S038|S026,2024-08-08T17:53:51,work_context,1,Supplier Management,Midstream,Path_B
H05339,U1068,C185,I021,F013,O065,S008|S035|S122|S165|S184|S232,2024-08-08T19:28:38,supply_context,0,,,
H03944,U0789,C206,I014,F010,O051,S077|S087|S089|S099|S168|S170|S192,2024-08-08T20:21:02,skill_context,0,,,
H05434,U1087,C023,I015,F005,O023,S013|S127|S175|S187|S198|S222,2024-08-08T20:30:59,supply_context,0,,,
H00749,U0150,C158,I014,F018,O096,S030|S082|S115|S117|S165|S207|S220|S233,2024-08-08T21:09:36,skill_context,1,SCM,Downstream,Path_K
H02679,U0536,C017,I012,F004,O022,S042|S078|S144|S205|S213|S190,2024-08-08T22:12:45,supply_context,0,,,
H04099,U0820,C189,I013,F003,O012,S060|S087|S091|S127|S146|S168,2024-08-08T22:37:23,supply_context,1,SCM,Upstream,Path_E
H05184,U1037,C024,I001,F008,O040,S093|S094|S097|S128|S139|S182|S222,2024-08-08T22:57:23,skill_context,1,Logistics,Midstream,Path_A
H05759,U1152,C117,I021,F001,O006,S014|S078|S135|S161|S188|S198|S236|S182,2024-08-08T23:02:12,collaboration_context,1,Supplier Management,Downstream,Path_A
H02019,U0404,C289,I018,F013,O070,S111|S118|S174|S203|S218,2024-08-08T23:27:03,skill_context,1,Manufacturing,Downstream,Path_B
H04664,U0933,C126,I016,F002,O011,S048|S068|S141|S171|S172|S150,2024-08-09T00:29:12,work_context,0,,,
H01009,U0202,C058,I020,F008,O042,S005|S056|S191|S220|S232|S147|S120,2024-08-09T00:31:55,supply_context,0,,,
H04764,U0953,C268,I002,F012,O060,S002|S030|S040|S064|S093|S154,2024-08-09T00:56:12,collaboration_context,0,,,
H05694,U1139,C056,I008,F016,O083,S047|S057|S118|S126|S155|S167,2024-08-09T01:36:53,work_context,1,Supplier Management,Midstream,Path_J
H04624,U0925,C044,I017,F006,O030,S002|S018|S135|S148|S150|S199|S206|S098,2024-08-09T02:45:43,collaboration_context,0,,,
H06969,U1394,C027,I021,F018,O092,S015|S017|S035|S079|S130|S162|S194|S203,2024-08-09T07:19:02,collaboration_context,0,,,
H01409,U0282,C289,I018,F012,O060,S061|S065|S097|S188|S232|S058|S122,2024-08-09T07:20:46,supply_context,0,,,
H03509,U0702,C183,I006,F017,O090,S068|S144|S153|S193|S201|S133|S048,2024-08-09T07:21:24,supply_context,0,,,
H03459,U0692,C180,I005,F001,O001,S015|S024|S028|S077|S096|S187|S195|S234,2024-08-09T08:03:42,work_context,1,Distribution,Midstream,Path_A
H03334,U0667,C228,I008,F006,O032,S053|S069|S124|S146|S147|S158|S211|S224,2024-08-09T08:27:01,supply_context,0,,,
H05804,U1161,C024,I001,F013,O070,S020|S033|S139|S158|S171,2024-08-09T09:50:10,collaboration_context,1,Distribution,Downstream,Path_J
H02004,U0401,C265,I014,F006,O028,S057|S059|S061|S099|S147|S179|S219|S226,2024-08-09T10:07:03,skill_context,1,Manufacturing,Upstream,Path_J
H04549,U0910,C092,I001,F004,O017,S016|S064|S100|S156|S165|S223|S068|S101,2024-08-09T10:16:06,supply_context,1,Procurement,Downstream,Path_B
H05984,U1197,C050,I013,F013,O069,S024|S050|S065|S137|S199|S228,2024-08-09T10:30:43,skill_context,1,Logistics,Upstream,Path_K
H07019,U1404,C185,I021,F013,O070,S058|S116|S121|S138|S158|S049,2024-08-09T12:17:02,work_context,0,,,
H00039,U0008,C282,I017,F005,O024,S019|S190|S206|S228|S230|S109|S105,2024-08-09T12:48:27,skill_context,0,,,
H05774,U1155,C165,I017,F017,O089,S031|S045|S048|S070|S118|S186|S125,2024-08-09T12:50:09,skill_context,1,Logistics,Upstream,Path_C
H01629,U0326,C117,I021,F009,O048,S011|S051|S056|S062|S066|S100|S182|S070,2024-08-09T13:37:17,supply_context,1,Procurement,Downstream,Path_F
H04509,U0902,C033,I024,F018,O092,S014|S096|S147|S152|S169|S174|S201|S212,2024-08-09T14:10:20,work_context,1,SCM,Upstream,Path_I
H06489,U1298,C042,I020,F014,O071,S011|S016|S020|S035|S039|S135|S163,2024-08-09T14:51:23,skill_context,0,,,
H06419,U1284,C198,I002,F010,O053,S004|S028|S039|S078|S083|S108|S196,2024-08-09T15:57:26,skill_context,0,,,
H01134,U0227,C069,I015,F011,O058,S116|S147|S217|S226|S232|S230|S131,2024-08-09T16:27:58,work_context,0,,,
H02889,U0578,C279,I021,F016,O081,S032|S038|S042|S060|S080|S095|S140|S217,2024-08-09T19:23:14,skill_context,1,SCM,Upstream,Path_K
H00369,U0074,C187,I002,F018,O092,S050|S095|S107|S216|S221|S020|S091|S047,2024-08-09T19:29:30,supply_context,1,Logistics,Downstream,Path_J
H06374,U1275,C161,I009,F003,O012,S021|S026|S056|S073|S130|S171|S222|S069,2024-08-10T00:07:20,skill_context,0,,,
H01574,U0315,C076,I024,F005,O027,S079|S113|S120|S130|S159|S171|S217|S134,2024-08-10T00:15:27,work_context,0,,,
H00769,U0154,C118,I013,F018,O094,S067|S121|S164|S170|S194|S222,2024-08-10T02:40:17,work_context,0,,,
H05409,U1082,C051,I019,F007,O037,S007|S045|S110|S177|S188|S195|S235,2024-08-10T03:49:30,skill_context,1,SCM,Upstream,Path_G
H05539,U1108,C235,I009,F015,O080,S002|S072|S089|S106|S121|S201|S153|S109,2024-08-10T04:25:18,skill_context,0,,,
H04069,U0814,C058,I020,F003,O016,S060|S085|S128|S135|S162|S218|S100,2024-08-10T05:21:14,collaboration_context,0,,,
H02824,U0565,C084,I014,F018,O092,S015|S028|S091|S094|S108|S216|S235|S212,2024-08-10T06:23:15,skill_context,0,,,
H00809,U0162,C125,I007,F001,O005,S054|S057|S061|S084|S092|S141|S144,2024-08-10T06:56:27,skill_context,0,,,
H06514,U1303,C016,I006,F009,O047,S079|S168|S180|S184|S211|S220|S225|S209,2024-08-10T07:21:57,collaboration_context,0,,,
H03354,U0671,C079,I021,F007,O036,S054|S063|S100|S126|S176|S186|S235|S239,2024-08-10T09:02:07,skill_context,1,Retail,Downstream,Path_I
H05699,U1140,C299,I015,F003,O014,S061|S078|S144|S147|S167|S203|S074,2024-08-10T12:38:10,collaboration_context,1,Retail,Upstream,Path_B
H03249,U0650,C248,I020,F009,O047,S038|S061|S079|S130|S218|S133,2024-08-10T12:49:29,collaboration_context,1,Manufacturing,Upstream,Path_G
H02624,U0525,C285,I024,F003,O016,S049|S072|S098|S141|S157|S162,2024-08-10T13:03:02,collaboration_context,0,,,
H02499,U0500,C049,I006,F002,O010,S016|S055|S077|S125|S146|S205|S206,2024-08-10T15:34:22,work_context,0,,,
H05424,U1085,C240,I002,F011,O058,S025|S060|S077|S091|S103|S122|S126|S137,2024-08-10T15:44:25,collaboration_context,1,Logistics,Upstream,Path_I
H01429,U0286,C309,I020,F015,O077,S101|S136|S143|S159|S178|S009,2024-08-10T17:33:45,supply_context,0,,,
H00719,U0144,C207,I008,F002,O009,S029|S039|S050|S107|S140|S165|S177|S196,2024-08-10T18:08:24,skill_context,1,Manufacturing,Downstream,Path_J
H01844,U0369,C088,I009,F012,O060,S082|S097|S121|S147|S170|S191|S223|S225,2024-08-10T19:37:24,skill_context,0,,,
H06174,U1235,C053,I019,F012,O062,S012|S028|S036|S056|S076|S081|S110|S122,2024-08-10T19:46:19,work_context,1,Procurement,Downstream,Path_C
H06049,U1210,C055,I023,F003,O012,S035|S041|S080|S081|S113|S231,2024-08-10T20:22:36,collaboration_context,1,Procurement,Midstream,Path_B
H02299,U0460,C149,I009,F005,O027,S006|S101|S145|S192|S196|S216|S064|S221,2024-08-10T22:10:24,work_context,1,Supplier Management,Midstream,Path_A
H02839,U0568,C045,I009,F010,O051,S020|S077|S098|S220|S221|S238|S057,2024-08-11T00:24:16,collaboration_context,0,,,
H03999,U0800,C038,I006,F012,O062,S020|S077|S097|S195|S209|S211|S032,2024-08-11T01:19:35,work_context,0,,,
H06884,U1377,C107,I006,F008,O040,S053|S068|S082|S105|S185|S198|S192|S224,2024-08-11T01:42:26,skill_context,1,Procurement,Downstream,Path_D
H06734,U1347,C269,I019,F004,O020,S031|S099|S129|S166|S186|S192|S231,2024-08-11T04:43:28,skill_context,1,Supplier Management,Upstream,Path_D
H04114,U0823,C118,I013,F007,O036,S063|S077|S127|S169|S191|S227,2024-08-11T05:02:38,work_context,1,SCM,Midstream,Path_F
H00634,U0127,C199,I021,F004,O022,S090|S098|S173|S191|S194|S195|S210|S225,2024-08-11T05:52:08,collaboration_context,1,Retail,Downstream,Path_K
H02639,U0528,C218,I021,F008,O039,S002|S007|S028|S073|S147|S180|S205|S141,2024-08-11T06:23:44,supply_context,1,Retail,Upstream,Path_D
H03624,U0725,C285,I024,F013,O065,S005|S134|S144|S160|S179|S207|S215|S233,2024-08-11T07:20:27,work_context,1,Logistics,Midstream,Path_A
H04214,U0843,C081,I007,F017,O090,S036|S105|S106|S107|S117|S193,2024-08-11T07:26:52,skill_context,0,,,
H00784,U0157,C006,I023,F015,O079,S010|S015|S049|S129|S146|S162|S196|S212,2024-08-11T12:29:11,collaboration_context,1,Distribution,Midstream,Path_H
H03069,U0614,C014,I007,F013,O066,S035|S058|S155|S161|S175|S199|S200|S162,2024-08-11T12:57:42,supply_context,0,,,
H01319,U0264,C317,I002,F011,O055,S011|S063|S102|S189|S215|S126|S133,2024-08-11T13:18:07,work_context,1,SCM,Upstream,Path_G
H00919,U0184,C156,I005,F008,O043,S058|S070|S124|S134|S138|S163|S168|S027,2024-08-11T13:32:17,skill_context,0,,,
H02134,U0427,C008,I015,F017,O089,S044|S071|S091|S166|S174|S192|S221|S096,2024-08-11T13:56:38,supply_context,0,,,
H03064,U0613,C198,I002,F001,O005,S015|S030|S033|S047|S099|S100|S209|S219,2024-08-11T14:45:54,collaboration_context,0,,,
H05514,U1103,C279,I021,F008,O040,S027|S052|S083|S087|S130|S171|S235|S103,2024-08-11T17:21:40,supply_context,0,,,
H04844,U0969,C058,I020,F015,O080,S019|S056|S076|S097|S117|S200|S222|S154,2024-08-11T17:29:15,supply_context,0,,,
H05964,U1193,C211,I004,F010,O051,S001|S032|S066|S155|S195|S059|S154,2024-08-11T17:57:18,skill_context,0,,,
H06459,U1292,C187,I002,F013,O069,S075|S089|S108|S147|S203|S225,2024-08-11T17:59:37,skill_context,0,,,
H04224,U0845,C171,I018,F007,O038,S014|S024|S058|S067|S130,2024-08-11T18:58:12,supply_context,0,,,
H04204,U0841,C048,I005,F013,O068,S001|S054|S102|S109|S113|S200|S216|S227,2024-08-11T19:40:04,supply_context,1,SCM,Upstream,Path_I
H02969,U0594,C024,I001,F012,O064,S004|S005|S119|S168|S207,2024-08-11T19:46:04,collaboration_context,1,Distribution,Upstream,Path_G
H06299,U1260,C102,I009,F016,O084,S077|S126|S132|S184|S185|S084,2024-08-11T19:53:55,collaboration_context,0,,,
H03679,U0736,C206,I014,F012,O061,S037|S038|S051|S078|S206|S215|S233,2024-08-11T20:45:52,skill_context,0,,,
H06944,U1389,C077,I019,F016,O084,S006|S026|S049|S156|S162|S225|S226|S039,2024-08-11T22:03:26,work_context,0,,,
H01729,U0346,C021,I006,F013,O069,S072|S086|S134|S142|S144|S019,2024-08-11T22:12:39,work_context,1,Distribution,Downstream,Path_D
H04254,U0851,C154,I022,F002,O009,S004|S020|S046|S171|S187|S227,2024-08-11T22:13:52,supply_context,0,,,
H04924,U0985,C308,I012,F003,O012,S011|S043|S058|S133|S182|S205|S234|S090,2024-08-11T22:40:29,work_context,0,,,
H01989,U0398,C083,I024,F013,O067,S027|S030|S083|S085|S092|S185,2024-08-11T23:40:43,skill_context,0,,,
H04064,U0813,C101,I007,F018,O093,S034|S049|S083|S087|S130|S143|S187|S072,2024-08-12T00:09:01,work_context,0,,,
H02429,U0486,C249,I018,F016,O081,S006|S071|S074|S106|S181|S228|S139|S220,2024-08-12T00:30:49,supply_context,0,,,
H03024,U0605,C242,I022,F010,O050,S003|S047|S064|S066|S079|S123|S138|S155,2024-08-12T02:13:16,work_context,1,Supplier Management,Downstream,Path_G
H02809,U0562,C093,I002,F016,O086,S005|S024|S119|S190|S225|S059,2024-08-12T06:43:40,supply_context,0,,,
H00154,U0031,C227,I019,F018,O092,S026|S059|S069|S070|S082|S134|S135|S232,2024-08-12T06:48:28,collaboration_context,0,,,
H00164,U0033,C145,I012,F018,O096,S001|S023|S034|S140|S156|S062,2024-08-12T09:48:33,supply_context,1,Supplier Management,Upstream,Path_F
H03809,U0762,C172,I010,F014,O075,S007|S025|S030|S068|S099|S049|S220,2024-08-12T11:10:42,work_context,1,Manufacturing,Midstream,Path_H
H05049,U1010,C045,I009,F007,O037,S014|S136|S144|S155|S206|S224|S179|S004,2024-08-12T11:11:00,collaboration_context,0,,,
H01529,U0306,C030,I020,F015,O079,S030|S066|S075|S077|S095|S148|S172|S003,2024-08-12T12:15:08,collaboration_context,0,,,
H06014,U1203,C132,I019,F008,O042,S001|S058|S149|S154|S176|S186|S240|S164,2024-08-12T12:48:07,supply_context,0,,,
H05164,U1033,C233,I006,F007,O038,S039|S059|S068|S102|S135,2024-08-12T16:08:23,skill_context,0,,,
H03649,U0730,C164,I012,F017,O091,S061|S103|S131|S134|S154|S169|S238,2024-08-12T16:25:50,work_context,0,,,
H05594,U1119,C162,I001,F008,O039,S010|S012|S160|S173|S181|S187|S198|S206,2024-08-12T18:04:02,work_context,1,Procurement,Upstream,Path_F
H00964,U0193,C257,I006,F015,O080,S100|S117|S134|S186|S211,2024-08-12T19:13:58,supply_context,1,Logistics,Downstream,Path_J
H00949,U0190,C048,I005,F017,O088,S077|S085|S116|S143|S158|S166,2024-08-12T20:30:32,collaboration_context,0,,,
H01389,U0278,C174,I005,F013,O070,S020|S071|S087|S104|S191|S199|S040,2024-08-12T22:28:43,skill_context,0,,,
H06229,U1246,C171,I018,F006,O028,S043|S070|S091|S095|S146|S015,2024-08-12T23:01:11,collaboration_context,0,,,
H01459,U0292,C089,I007,F011,O055,S001|S030|S050|S054|S063|S109|S128|S141,2024-08-13T00:21:44,collaboration_context,1,SCM,Downstream,Path_H
H01484,U0297,C301,I007,F018,O096,S032|S072|S102|S103|S107|S159|S224|S230,2024-08-13T01:50:50,supply_context,0,,,
H00299,U0060,C222,I003,F004,O018,S064|S083|S087|S111|S125|S113|S047,2024-08-13T02:14:35,supply_context,0,,,
H05919,U1184,C136,I023,F004,O017,S047|S085|S091|S142|S171,2024-08-13T02:21:55,supply_context,0,,,
H06564,U1313,C072,I010,F008,O040,S012|S026|S030|S052|S065|S137|S174|S127,2024-08-13T03:36:45,work_context,0,,,
H05744,U1149,C211,I004,F003,O013,S015|S025|S064|S068|S070|S077|S180|S206,2024-08-13T04:20:35,collaboration_context,0,,,
H03954,U0791,C247,I003,F013,O065,S012|S112|S123|S177|S198|S222|S233|S159,2024-08-13T04:25:56,work_context,1,Retail,Upstream,Path_B
H01504,U0301,C065,I004,F012,O063,S121|S135|S158|S187|S225|S232|S235|S185,2024-08-13T06:06:09,work_context,0,,,
H02494,U0499,C154,I022,F010,O052,S059|S071|S133|S191|S198|S202|S221|S096,2024-08-13T06:20:39,work_context,0,,,
H01924,U0385,C054,I004,F013,O065,S020|S070|S169|S186|S240,2024-08-13T06:44:35,supply_context,1,SCM,Downstream,Path_G
H00429,U0086,C250,I012,F008,O039,S026|S031|S036|S047|S167|S213|S006,2024-08-13T07:47:15,supply_context,0,,,
H06764,U1353,C074,I016,F001,O001,S028|S124|S162|S207|S231|S238|S232|S192,2024-08-13T07:49:58,collaboration_context,1,Distribution,Midstream,Path_C
H00939,U0188,C215,I020,F012,O064,S055|S056|S057|S149|S207|S225|S232,2024-08-13T07:52:13,collaboration_context,1,SCM,Downstream,Path_C
H01859,U0372,C301,I007,F008,O042,S002|S018|S026|S110|S151|S219,2024-08-13T08:22:31,collaboration_context,0,,,
H00179,U0036,C263,I011,F009,O046,S006|S043|S132|S180|S234|S114,2024-08-13T08:35:43,collaboration_context,0,,,
H00219,U0044,C052,I013,F003,O012,S025|S078|S107|S123|S201,2024-08-13T09:07:38,work_context,1,Procurement,Upstream,Path_L
H04524,U0905,C122,I015,F005,O023,S030|S044|S071|S096|S130|S212|S026,2024-08-13T10:10:44,skill_context,1,Logistics,Upstream,Path_I
H01339,U0268,C163,I002,F013,O070,S019|S039|S192|S199|S220|S230|S110,2024-08-13T12:49:01,work_context,1,Manufacturing,Upstream,Path_K
H03359,U0672,C243,I008,F014,O072,S038|S051|S111|S129|S152|S158|S168|S195,2024-08-13T12:59:55,skill_context,1,Procurement,Downstream,Path_C
H00639,U0128,C022,I010,F011,O058,S061|S113|S173|S191|S230|S214,2024-08-13T15:45:44,skill_context,1,Retail,Downstream,Path_C
H05864,U1173,C277,I010,F011,O059,S081|S106|S114|S140|S191|S206,2024-08-13T16:04:21,supply_context,0,,,
H06039,U1208,C145,I012,F010,O054,S021|S025|S077|S149|S181|S197|S217|S218,2024-08-13T17:51:19,supply_context,1,Manufacturing,Downstream,Path_F
H03304,U0661,C214,I022,F015,O076,S054|S083|S176|S195|S212|S224|S014,2024-08-13T18:00:39,collaboration_context,0,,,
H04804,U0961,C313,I015,F005,O023,S026|S032|S053|S110|S153|S210|S043|S079,2024-08-13T18:33:14,collaboration_context,0,,,
H05934,U1187,C103,I011,F004,O020,S005|S022|S046|S083|S120|S184|S239|S214,2024-08-13T20:46:18,skill_context,0,,,
H00524,U0105,C149,I009,F002,O008,S033|S042|S075|S076|S142|S154|S221|S227,2024-08-13T23:42:24,skill_context,1,Logistics,Downstream,Path_E
H06829,U1366,C022,I010,F004,O020,S050|S069|S132|S211|S237,2024-08-13T23:51:56,supply_context,0,,,
H05589,U1118,C125,I007,F013,O069,S034|S050|S078|S118|S123|S152|S178|S210,2024-08-14T00:03:04,skill_context,0,,,
H03424,U0685,C141,I019,F018,O094,S015|S018|S027|S048|S092|S207|S116|S112,2024-08-14T00:15:58,collaboration_context,0,,,
H01084,U0217,C140,I022,F017,O088,S081|S084|S112|S124|S171|S194|S199|S201,2024-08-14T01:30:45,supply_context,1,Logistics,Downstream,Path_K
H04014,U0803,C063,I003,F004,O020,S018|S054|S067|S089|S187,2024-08-14T02:06:27,collaboration_context,0,,,
H05564,U1113,C318,I017,F013,O069,S047|S075|S109|S200|S229,2024-08-14T04:02:42,work_context,1,Procurement,Downstream,Path_E
H01464,U0293,C226,I008,F008,O041,S010|S088|S103|S126|S235,2024-08-14T04:18:40,skill_context,1,Manufacturing,Downstream,Path_D
H01139,U0228,C159,I002,F018,O095,S021|S047|S054|S078|S146|S177|S162|S077,2024-08-14T04:34:04,work_context,0,,,
H01849,U0370,C094,I006,F008,O041,S011|S019|S053|S085|S091|S109|S206|S197,2024-08-14T05:30:06,skill_context,1,Retail,Midstream,Path_H
H02249,U0450,C234,I015,F016,O086,S011|S022|S139|S165|S177|S238,2024-08-14T05:48:46,skill_context,0,,,
H03044,U0609,C165,I017,F011,O058,S088|S157|S161|S180|S224|S238,2024-08-14T06:30:51,supply_context,0,,,
H01959,U0392,C174,I005,F010,O050,S019|S080|S085|S096|S111|S124|S219,2024-08-14T06:37:07,work_context,1,Procurement,Upstream,Path_J
H03074,U0615,C062,I010,F005,O024,S006|S042|S045|S125|S186|S214|S234,2024-08-14T08:26:38,skill_context,1,Manufacturing,Upstream,Path_B
H04684,U0937,C020,I004,F005,O023,S010|S024|S043|S103|S104|S231|S235|S209,2024-08-14T10:06:26,collaboration_context,0,,,
H01054,U0211,C130,I014,F008,O042,S027|S064|S119|S194|S214|S184,2024-08-14T11:47:06,work_context,0,,,
H04159,U0832,C023,I015,F002,O010,S055|S151|S155|S172|S240,2024-08-14T12:10:03,supply_context,0,,,
H00969,U0194,C195,I007,F010,O054,S071|S083|S090|S099|S119|S236,2024-08-14T12:44:56,supply_context,0,,,
H05489,U1098,C068,I006,F003,O014,S053|S098|S102|S120|S174|S209|S226|S057,2024-08-14T12:54:19,supply_context,1,Logistics,Midstream,Path_J
H04574,U0915,C275,I008,F015,O077,S013|S055|S133|S158|S199|S062,2024-08-14T12:55:23,skill_context,0,,,
H05119,U1024,C040,I007,F013,O066,S034|S049|S053|S104|S196,2024-08-14T14:15:33,skill_context,1,Manufacturing,Midstream,Path_F
H02129,U0426,C035,I013,F006,O029,S098|S102|S120|S138|S145|S185|S194|S034,2024-08-14T14:38:16,skill_context,1,Manufacturing,Downstream,Path_J
H00479,U0096,C183,I006,F003,O013,S049|S075|S108|S111|S132|S179|S219,2024-08-14T15:45:04,work_context,0,,,
H03559,U0712,C220,I006,F015,O077,S025|S052|S084|S091|S113|S122|S239,2024-08-14T16:26:48,work_context,0,,,
H03389,U0678,C152,I019,F007,O035,S034|S045|S065|S087|S155|S157|S212,2024-08-14T17:57:57,collaboration_context,0,,,
H01324,U0265,C007,I017,F017,O089,S003|S022|S077|S158|S201|S225|S145|S160,2024-08-14T18:16:53,work_context,1,SCM,Downstream,Path_G
H01129,U0226,C008,I015,F005,O027,S025|S047|S054|S095|S123|S150|S160|S198,2024-08-14T18:33:37,work_context,0,,,
H03139,U0628,C264,I021,F010,O053,S040|S126|S134|S136|S148|S164|S210|S239,2024-08-14T18:53:14,collaboration_context,1,Logistics,Midstream,Path_K
H03194,U0639,C218,I021,F011,O059,S026|S057|S190|S196|S239|S076,2024-08-14T18:57:31,supply_context,0,,,
H02219,U0444,C262,I003,F009,O048,S022|S040|S053|S065|S094|S217|S229|S068,2024-08-14T19:06:21,supply_context,1,Supplier Management,Midstream,Path_A
H01854,U0371,C306,I018,F013,O070,S017|S028|S148|S152|S165|S204|S230,2024-08-14T19:09:08,skill_context,0,,,
H06369,U1274,C212,I016,F006,O028,S032|S037|S066|S177|S227|S116,2024-08-14T19:14:19,work_context,1,Procurement,Upstream,Path_J
H04634,U0927,C303,I008,F006,O028,S068|S071|S081|S184|S185|S213|S225|S192,2024-08-14T19:42:44,work_context,0,,,
H06179,U1236,C122,I015,F014,O073,S019|S024|S032|S043|S048|S071|S205|S228,2024-08-14T20:58:55,skill_context,1,SCM,Midstream,Path_F
H03309,U0662,C197,I007,F010,O053,S052|S060|S096|S133|S164|S225|S237,2024-08-14T21:00:27,collaboration_context,0,,,
H05159,U1032,C104,I024,F013,O066,S025|S063|S070|S105|S118|S156|S189|S148,2024-08-14T21:17:21,supply_context,0,,,
H01644,U0329,C131,I018,F003,O013,S022|S059|S163|S188|S239|S114,2024-08-14T23:38:49,skill_context,1,Retail,Midstream,Path_F
H03449,U0690,C233,I006,F014,O071,S025|S027|S055|S071|S083|S174|S202|S205,2024-08-14T23:47:03,work_context,1,Logistics,Upstream,Path_G
H06029,U1206,C229,I019,F011,O055,S012|S037|S042|S050|S122|S179|S194|S220,2024-08-15T04:26:38,collaboration_context,1,Procurement,Midstream,Path_E
H04859,U0972,C252,I024,F018,O095,S029|S070|S076|S085|S126|S160|S217,2024-08-15T06:18:44,supply_context,1,Procurement,Upstream,Path_L
H01189,U0238,C170,I013,F007,O037,S011|S051|S103|S108|S126|S154|S196|S236,2024-08-15T08:32:22,skill_context,0,,,
H02034,U0407,C315,I003,F003,O013,S111|S125|S126|S177|S228|S231|S238|S074,2024-08-15T11:27:37,work_context,0,,,
H05749,U1150,C173,I016,F004,O021,S017|S067|S092|S135|S165|S191|S206|S207,2024-08-15T11:53:45,collaboration_context,0,,,
H06859,U1372,C192,I010,F006,O028,S052|S163|S188|S211|S222|S240|S113,2024-08-15T14:02:18,work_context,0,,,
H06534,U1307,C085,I023,F010,O054,S014|S086|S093|S121|S171|S194|S196|S146,2024-08-15T14:04:03,supply_context,1,Manufacturing,Midstream,Path_H
H05664,U1133,C032,I011,F006,O031,S027|S066|S086|S113|S122|S161|S180|S212,2024-08-15T14:31:39,collaboration_context,0,,,
H05454,U1091,C035,I013,F014,O072,S004|S024|S053|S087|S167|S203|S217,2024-08-15T15:53:35,skill_context,1,Distribution,Midstream,Path_H
H00989,U0198,C193,I002,F017,O090,S021|S035|S114|S156|S235,2024-08-15T16:28:20,work_context,1,SCM,Upstream,Path_K
H00944,U0189,C150,I001,F012,O061,S099|S139|S162|S206|S218|S240,2024-08-15T17:24:12,collaboration_context,0,,,
H03864,U0773,C021,I006,F013,O068,S057|S058|S118|S122|S127|S153|S170|S037,2024-08-15T18:35:40,skill_context,0,,,
H02449,U0490,C075,I011,F011,O057,S017|S081|S125|S138|S213|S215,2024-08-15T19:26:00,work_context,0,,,
H04139,U0828,C156,I005,F010,O052,S055|S100|S126|S155|S166|S192|S210|S212,2024-08-16T01:45:12,collaboration_context,1,Retail,Midstream,Path_D
H01069,U0214,C275,I008,F001,O002,S016|S023|S088|S121|S146|S150|S154|S158,2024-08-16T03:05:54,collaboration_context,1,Logistics,Upstream,Path_J
H03859,U0772,C183,I006,F009,O046,S069|S165|S193|S199|S219|S232|S238|S116,2024-08-16T03:13:01,supply_context,0,,,
H06704,U1341,C063,I003,F015,O078,S083|S124|S137|S167|S223|S064|S063|S114,2024-08-16T03:51:10,skill_context,1,Retail,Midstream,Path_L
H04144,U0829,C064,I005,F003,O012,S034|S072|S128|S140|S194|S135|S190,2024-08-16T04:00:35,supply_context,1,Procurement,Downstream,Path_F
H02174,U0435,C161,I009,F007,O033,S005|S010|S037|S121|S137|S180|S216|S239,2024-08-16T04:01:31,supply_context,0,,,
H03329,U0666,C093,I002,F017,O088,S040|S109|S147|S157|S160|S185|S198|S209,2024-08-16T04:24:47,work_context,1,Supplier Management,Midstream,Path_L
H05449,U1090,C010,I001,F017,O087,S064|S081|S126|S175|S237,2024-08-16T04:51:29,supply_context,1,Procurement,Midstream,Path_C
H03734,U0747,C038,I006,F008,O042,S048|S173|S180|S205|S225|S237,2024-08-16T04:55:48,supply_context,1,Retail,Midstream,Path_E
H06724,U1345,C163,I002,F003,O014,S007|S028|S045|S047|S094|S221|S189|S123,2024-08-16T06:46:39,collaboration_context,0,,,
H04324,U0865,C208,I009,F003,O015,S007|S067|S076|S157|S179|S181|S232,2024-08-16T07:42:32,collaboration_context,0,,,
H05134,U1027,C046,I001,F006,O032,S020|S129|S199|S213|S225|S228,2024-08-16T08:46:08,work_context,0,,,
H02254,U0451,C304,I020,F012,O060,S010|S025|S123|S136|S151|S166|S154|S125,2024-08-16T09:02:20,supply_context,1,Distribution,Midstream,Path_G
H02509,U0502,C099,I020,F014,O073,S023|S025|S034|S059|S071|S080|S113|S201,2024-08-16T09:41:53,work_context,0,,,
H01559,U0312,C201,I014,F012,O063,S022|S024|S086|S103|S114|S236|S118,2024-08-16T10:06:07,supply_context,0,,,
H00894,U0179,C266,I016,F002,O009,S002|S004|S061|S094|S107|S153|S228,2024-08-16T11:17:29,supply_context,0,,,
H06059,U1212,C197,I007,F016,O082,S008|S010|S037|S099|S120|S130|S159|S197,2024-08-16T11:32:41,collaboration_context,0,,,
H03519,U0704,C230,I002,F013,O068,S038|S044|S122|S160|S189|S207,2024-08-16T11:41:36,collaboration_context,1,Retail,Downstream,Path_H
H01039,U0208,C086,I010,F002,O010,S048|S098|S112|S127|S151|S158|S179|S215,2024-08-16T12:37:44,work_context,1,Distribution,Midstream,Path_I
H05124,U1025,C272,I024,F002,O008,S036|S045|S119|S149|S177|S196|S081|S041,2024-08-16T12:59:20,collaboration_context,1,Distribution,Downstream,Path_F
H06439,U1288,C132,I019,F014,O073,S056|S083|S087|S119|S146|S240,2024-08-16T13:01:45,supply_context,0,,,
H04639,U0928,C156,I005,F008,O040,S013|S060|S084|S132|S133|S167,2024-08-16T14:39:35,collaboration_context,1,Logistics,Upstream,Path_H
H03579,U0716,C035,I013,F006,O032,S031|S039|S060|S064|S088|S115|S137|S163,2024-08-16T16:27:32,supply_context,0,,,
H02694,U0539,C302,I007,F008,O039,S047|S055|S079|S156|S172|S184|S192|S187,2024-08-16T18:51:45,skill_context,1,Distribution,Upstream,Path_K
H06094,U1219,C072,I010,F008,O041,S018|S090|S148|S161|S171|S017|S095,2024-08-16T19:02:18,collaboration_context,0,,,
H02744,U0549,C145,I012,F010,O049,S014|S045|S061|S069|S133|S180|S198,2024-08-16T20:58:35,skill_context,0,,,
H00724,U0145,C206,I014,F002,O011,S026|S069|S074|S112|S130|S173|S082,2024-08-16T21:08:08,skill_context,0,,,
H06119,U1224,C108,I024,F011,O055,S034|S039|S047|S144|S157|S183|S202|S234,2024-08-16T21:28:07,collaboration_context,1,Distribution,Downstream,Path_D
H04989,U0998,C302,I007,F002,O008,S041|S063|S105|S111|S220|S236|S240|S060,2024-08-16T23:12:05,work_context,1,Procurement,Midstream,Path_C
H06019,U1204,C158,I014,F003,O016,S008|S018|S037|S074|S122|S046|S152,2024-08-16T23:29:22,skill_context,1,Supplier Management,Midstream,Path_K
H00309,U0062,C276,I010,F002,O007,S077|S120|S125|S128|S162|S217|S220|S233,2024-08-17T01:31:33,supply_context,1,Supplier Management,Upstream,Path_G
H03039,U0608,C112,I008,F015,O079,S032|S044|S173|S175|S186|S193|S208|S235,2024-08-17T02:40:41,work_context,1,Retail,Downstream,Path_I
H02099,U0420,C312,I022,F014,O071,S070|S119|S152|S216|S226|S177,2024-08-17T04:09:07,work_context,1,Distribution,Upstream,Path_I
H04249,U0850,C261,I022,F005,O023,S008|S011|S038|S135|S184|S110|S217|S051,2024-08-17T05:26:09,collaboration_context,1,Retail,Upstream,Path_L
H06474,U1295,C250,I012,F001,O005,S021|S031|S038|S076|S080|S129|S161|S198,2024-08-17T07:27:48,supply_context,1,SCM,Midstream,Path_E
H03384,U0677,C009,I003,F005,O025,S033|S039|S178|S186|S225|S108,2024-08-17T08:14:37,supply_context,1,Supplier Management,Downstream,Path_J
H02144,U0429,C101,I007,F018,O095,S020|S088|S131|S133|S172|S176|S231|S204,2024-08-17T08:37:35,skill_context,0,,,
H06274,U1255,C262,I003,F009,O045,S012|S031|S046|S062|S099|S143|S164|S180,2024-08-17T09:10:40,work_context,0,,,
H02569,U0514,C193,I002,F014,O075,S075|S082|S095|S164|S178|S194|S132,2024-08-17T09:52:00,work_context,1,Distribution,Downstream,Path_E
H05199,U1040,C279,I021,F001,O004,S005|S014|S021|S028|S094|S140|S159|S164,2024-08-17T11:15:13,supply_context,0,,,
H05089,U1018,C267,I008,F006,O030,S030|S149|S160|S202|S228|S151|S076,2024-08-17T11:27:50,work_context,0,,,
H04614,U0923,C165,I017,F016,O081,S023|S105|S173|S213|S226|S221|S100,2024-08-17T12:10:39,collaboration_context,0,,,
H06304,U1261,C045,I009,F018,O093,S041|S052|S095|S113|S178|S194|S206|S216,2024-08-17T13:39:20,work_context,0,,,
H01434,U0287,C155,I005,F007,O034,S057|S065|S098|S137|S164|S168|S171|S227,2024-08-17T13:48:43,supply_context,0,,,
H03144,U0629,C313,I015,F004,O022,S076|S095|S146|S213|S216|S225|S091|S065,2024-08-17T14:27:09,collaboration_context,0,,,
H05269,U1054,C083,I024,F014,O071,S039|S042|S053|S068|S072|S104|S164|S208,2024-08-17T14:34:41,collaboration_context,0,,,
H02164,U0433,C130,I014,F018,O096,S061|S098|S146|S167|S178|S005,2024-08-17T15:52:24,work_context,1,Manufacturing,Midstream,Path_A
H04954,U0991,C129,I014,F017,O090,S051|S066|S070|S078|S201|S205|S167,2024-08-17T16:34:14,work_context,1,Retail,Upstream,Path_A
H00824,U0165,C298,I012,F016,O086,S027|S043|S066|S070|S077|S144|S183|S184,2024-08-17T16:44:32,supply_context,0,,,
H04469,U0894,C064,I005,F018,O092,S018|S090|S173|S181|S194|S219|S107|S026,2024-08-17T16:51:29,work_context,0,,,
H00499,U0100,C168,I023,F018,O096,S042|S135|S156|S160|S170|S232,2024-08-17T17:14:06,skill_context,0,,,
H02854,U0571,C154,I022,F003,O013,S030|S168|S180|S199|S228,2024-08-17T20:27:24,work_context,0,,,
H02444,U0489,C260,I019,F001,O006,S043|S053|S081|S086|S116|S228|S235|S231,2024-08-17T20:42:29,collaboration_context,0,,,
H05859,U1172,C252,I024,F018,O094,S047|S088|S097|S115|S150|S199,2024-08-17T20:56:25,skill_context,0,,,
H05259,U1052,C123,I022,F013,O067,S007|S028|S096|S149|S205,2024-08-17T20:56:55,skill_context,0,,,
H04124,U0825,C109,I014,F003,O013,S054|S064|S112|S122|S150|S192|S206|S231,2024-08-17T23:02:30,supply_context,0,,,
H05584,U1117,C182,I011,F010,O051,S063|S066|S106|S150|S163|S214,2024-08-17T23:35:07,skill_context,1,Manufacturing,Midstream,Path_I
H01239,U0248,C192,I010,F014,O075,S048|S068|S085|S170|S188|S203|S223|S239,2024-08-18T00:37:01,collaboration_context,0,,,
H03469,U0694,C003,I003,F001,O005,S078|S086|S092|S129|S153|S182|S231|S235,2024-08-18T02:34:57,collaboration_context,1,Distribution,Upstream,Path_H
H01814,U0363,C106,I021,F003,O016,S078|S143|S188|S226|S235|S098,2024-08-18T03:16:42,collaboration_context,0,,,
H04514,U0903,C121,I001,F010,O050,S122|S124|S136|S206|S209|S190|S120,2024-08-18T04:47:41,skill_context,0,,,
H02149,U0430,C087,I011,F004,O020,S009|S011|S029|S056|S069|S196|S203,2024-08-18T04:59:21,skill_context,1,Manufacturing,Downstream,Path_C
H00609,U0122,C023,I015,F004,O019,S004|S138|S144|S167|S211|S218|S238,2024-08-18T05:14:43,work_context,0,,,
H02544,U0509,C215,I020,F010,O051,S041|S046|S111|S116|S159|S192|S217|S031,2024-08-18T07:38:58,supply_context,0,,,
H01384,U0277,C221,I019,F002,O011,S004|S024|S034|S050|S109|S146|S187|S233,2024-08-18T07:58:56,collaboration_context,0,,,
H06719,U1344,C071,I012,F010,O053,S004|S060|S076|S089|S148|S186|S202|S068,2024-08-18T08:04:27,skill_context,0,,,
H06684,U1337,C034,I009,F009,O048,S035|S044|S061|S110|S134|S144|S164|S192,2024-08-18T09:31:15,supply_context,0,,,
H03834,U0767,C242,I022,F007,O038,S052|S056|S083|S114|S135|S207,2024-08-18T09:57:05,collaboration_context,0,,,
H01624,U0325,C037,I009,F017,O089,S059|S072|S075|S093|S140|S048,2024-08-18T10:44:16,collaboration_context,1,Manufacturing,Midstream,Path_L
H00349,U0070,C266,I016,F011,O058,S062|S147|S166|S192|S207|S083|S119,2024-08-18T11:30:34,supply_context,0,,,
H06749,U1350,C183,I006,F001,O001,S006|S070|S089|S094|S100|S144|S149|S156,2024-08-18T11:48:42,work_context,0,,,
H03879,U0776,C113,I004,F014,O074,S047|S102|S114|S153|S211|S216|S235|S041,2024-08-18T12:24:30,collaboration_context,0,,,
H06069,U1214,C099,I020,F012,O063,S030|S035|S065|S133|S194|S196|S214|S234,2024-08-18T12:45:45,collaboration_context,0,,,
H04779,U0956,C126,I016,F017,O090,S091|S101|S113|S126|S134|S198|S223,2024-08-18T13:04:59,collaboration_context,0,,,
H04164,U0833,C179,I015,F012,O062,S035|S081|S145|S150|S154|S170|S214|S236,2024-08-18T13:54:29,supply_context,0,,,
H05079,U1016,C108,I024,F014,O074,S110|S184|S198|S211|S226,2024-08-18T13:58:25,supply_context,0,,,
H03324,U0665,C223,I012,F015,O076,S041|S055|S082|S098|S119|S162|S109|S074,2024-08-18T14:31:26,collaboration_context,1,SCM,Downstream,Path_I
H05284,U1057,C254,I022,F001,O001,S015|S111|S129|S131|S164|S240|S091,2024-08-18T15:25:58,skill_context,0,,,
H03569,U0714,C273,I005,F001,O001,S034|S047|S077|S094|S124|S127|S209|S117,2024-08-18T18:05:27,collaboration_context,0,,,
H03664,U0733,C051,I019,F003,O012,S029|S063|S098|S208|S209|S234|S212|S224,2024-08-18T19:28:12,collaboration_context,0,,,
H02754,U0551,C192,I010,F001,O002,S013|S015|S097|S106|S120|S160|S206|S221,2024-08-18T20:23:48,work_context,0,,,
H02489,U0498,C286,I009,F009,O044,S007|S022|S034|S101|S169|S173,2024-08-18T20:58:34,skill_context,0,,,
H01184,U0237,C140,I022,F005,O023,S023|S055|S059|S064|S133|S141,2024-08-18T21:11:13,skill_context,0,,,
H06919,U1384,C057,I023,F016,O086,S024|S092|S104|S109|S150|S155|S205,2024-08-18T22:06:59,skill_context,0,,,
H01734,U0347,C311,I018,F011,O055,S051|S106|S145|S165|S183|S233,2024-08-18T22:49:37,skill_context,1,Retail,Midstream,Path_E
H00599,U0120,C080,I024,F014,O075,S034|S076|S092|S102|S142|S197|S218|S236,2024-08-18T23:58:32,collaboration_context,0,,,
H01884,U0377,C252,I024,F013,O068,S005|S091|S126|S141|S179|S055,2024-08-19T00:24:24,work_context,1,Procurement,Midstream,Path_B
H02339,U0468,C246,I024,F007,O036,S060|S114|S124|S196|S220|S225|S158,2024-08-19T00:34:30,collaboration_context,0,,,
H03644,U0729,C029,I003,F009,O046,S005|S027|S044|S058|S094|S131|S136|S141,2024-08-19T00:54:24,skill_context,1,Distribution,Upstream,Path_C
H05784,U1157,C190,I023,F004,O019,S051|S061|S081|S131|S148|S168|S122|S012,2024-08-19T03:10:48,skill_context,1,Procurement,Downstream,Path_B
H06249,U1250,C178,I022,F005,O027,S028|S082|S094|S097|S134|S213|S163,2024-08-19T04:39:05,work_context,1,Manufacturing,Midstream,Path_B
H00879,U0176,C151,I020,F009,O047,S059|S063|S105|S110|S147|S187|S199|S233,2024-08-19T06:14:43,collaboration_context,0,,,
H04414,U0883,C051,I019,F003,O013,S060|S064|S125|S171|S191,2024-08-19T06:54:12,skill_context,1,Supplier Management,Downstream,Path_J
H00149,U0030,C222,I003,F014,O072,S099|S107|S123|S169|S170|S222|S031,2024-08-19T07:43:16,skill_context,0,,,
H02999,U0600,C005,I018,F014,O073,S084|S090|S121|S158|S194|S041|S053|S136,2024-08-19T08:05:15,collaboration_context,0,,,
H00984,U0197,C158,I014,F011,O055,S042|S043|S053|S071|S119|S158|S221|S229,2024-08-19T08:09:05,skill_context,1,Supplier Management,Upstream,Path_J
H05499,U1100,C228,I008,F003,O013,S030|S069|S083|S095|S116|S177|S199|S208,2024-08-19T08:28:47,work_context,1,Supplier Management,Downstream,Path_G
H06849,U1370,C090,I003,F014,O073,S010|S074|S077|S089|S145|S229,2024-08-19T09:31:17,supply_context,1,SCM,Upstream,Path_K
H01254,U0251,C044,I017,F007,O035,S008|S082|S091|S116|S122|S144|S151|S177,2024-08-19T10:17:02,supply_context,0,,,
H01309,U0262,C136,I023,F008,O041,S029|S076|S092|S121|S141|S152|S208|S072,2024-08-19T13:26:37,skill_context,1,Manufacturing,Downstream,Path_B
H04059,U0812,C016,I006,F012,O061,S065|S069|S074|S082|S085|S136|S187,2024-08-19T13:58:16,supply_context,0,,,
H00564,U0113,C241,I013,F004,O017,S043|S060|S108|S132|S170|S214|S235|S236,2024-08-19T14:06:40,skill_context,0,,,
H02374,U0475,C207,I008,F002,O008,S001|S024|S103|S120|S144|S178|S099|S073,2024-08-19T14:09:37,skill_context,1,Retail,Midstream,Path_B
H06579,U1316,C262,I003,F016,O083,S008|S043|S107|S122|S165|S195|S218|S053,2024-08-19T14:39:40,supply_context,0,,,
H05044,U1009,C018,I020,F004,O017,S011|S037|S107|S175|S212|S216|S233|S237,2024-08-19T16:22:02,work_context,0,,,
H02959,U0592,C279,I021,F018,O095,S002|S028|S031|S155|S168|S196|S219,2024-08-19T17:55:50,skill_context,0,,,
H02804,U0561,C013,I015,F015,O079,S001|S010|S131|S148|S211|S217|S220|S228,2024-08-19T18:43:19,work_context,0,,,
H04474,U0895,C093,I002,F009,O047,S008|S013|S066|S115|S186|S211|S172,2024-08-19T22:17:31,work_context,0,,,
H01839,U0368,C138,I021,F014,O073,S062|S080|S085|S145|S156|S173|S174|S239,2024-08-19T22:17:45,skill_context,0,,,
H00514,U0103,C292,I017,F011,O056,S024|S027|S032|S056|S088|S124|S233,2024-08-19T23:03:06,work_context,0,,,
H03399,U0680,C198,I002,F010,O049,S099|S108|S156|S159|S200|S208|S231,2024-08-20T00:20:53,supply_context,0,,,
H01724,U0345,C278,I004,F010,O053,S016|S025|S035|S056|S081|S177|S117|S120,2024-08-20T01:05:52,supply_context,0,,,
H06779,U1356,C045,I009,F005,O024,S093|S122|S134|S175|S204|S012|S018,2024-08-20T03:23:50,supply_context,1,Distribution,Downstream,Path_L
H00889,U0178,C094,I006,F014,O072,S007|S026|S047|S059|S088|S126|S216|S240,2024-08-20T05:24:27,collaboration_context,0,,,
H00819,U0164,C171,I018,F008,O042,S036|S040|S041|S087|S141|S159|S204|S053,2024-08-20T05:25:43,collaboration_context,0,,,
H00444,U0089,C111,I011,F008,O041,S006|S030|S077|S128|S191|S230|S237|S134,2024-08-20T05:53:29,work_context,0,,,
H00189,U0038,C223,I012,F016,O084,S125|S145|S150|S185|S195|S214,2024-08-20T06:20:29,supply_context,0,,,
H06079,U1216,C033,I024,F002,O009,S040|S136|S155|S168|S192|S230,2024-08-20T06:28:29,supply_context,0,,,
H02074,U0415,C315,I003,F006,O031,S037|S094|S102|S142|S178|S212|S213|S226,2024-08-20T07:35:24,collaboration_context,0,,,
H05634,U1127,C014,I007,F013,O070,S049|S053|S093|S124|S160|S229|S068|S238,2024-08-20T08:36:00,skill_context,1,Supplier Management,Downstream,Path_B
H05194,U1039,C107,I006,F003,O013,S048|S081|S089|S194|S204,2024-08-20T08:51:41,supply_context,0,,,
H03919,U0784,C221,I019,F012,O062,S003|S021|S063|S161|S189|S212|S236,2024-08-20T10:18:56,supply_context,0,,,
H05679,U1136,C278,I004,F018,O093,S016|S022|S031|S047|S053|S151|S214,2024-08-20T11:00:06,collaboration_context,1,SCM,Upstream,Path_D
H04984,U0997,C243,I008,F009,O044,S027|S035|S098|S144|S219|S004|S232,2024-08-20T11:18:05,supply_context,0,,,
H02024,U0405,C109,I014,F005,O027,S017|S025|S045|S135|S144|S208,2024-08-20T12:04:58,work_context,0,,,
H02789,U0558,C053,I019,F012,O061,S057|S073|S218|S220|S239|S167|S236,2024-08-20T12:12:53,collaboration_context,1,SCM,Downstream,Path_F
H06359,U1272,C313,I015,F018,O095,S138|S156|S189|S202|S231,2024-08-20T12:40:00,collaboration_context,1,SCM,Upstream,Path_C
H03584,U0717,C039,I023,F003,O016,S009|S019|S025|S115|S123|S140|S142|S175,2024-08-20T14:33:03,collaboration_context,1,Procurement,Downstream,Path_K
H01594,U0319,C068,I006,F007,O035,S128|S158|S216|S219|S233,2024-08-20T15:01:01,supply_context,0,,,
H06804,U1361,C013,I015,F001,O002,S032|S133|S162|S212|S228|S035,2024-08-20T15:05:07,collaboration_context,1,Distribution,Upstream,Path_C
H03169,U0634,C114,I014,F014,O073,S033|S090|S144|S164|S197|S240|S011,2024-08-20T15:30:05,work_context,1,Logistics,Upstream,Path_B
H02774,U0555,C037,I009,F007,O037,S039|S098|S118|S155|S182|S223|S239,2024-08-20T16:43:41,collaboration_context,0,,,
H02439,U0488,C063,I003,F015,O077,S025|S040|S089|S145|S159|S219|S221|S191,2024-08-20T16:48:40,supply_context,0,,,
H06954,U1391,C231,I015,F006,O028,S037|S086|S088|S090|S098|S172,2024-08-20T17:31:34,collaboration_context,0,,,
H00054,U0011,C207,I008,F009,O045,S002|S015|S028|S038|S067|S199|S213|S224,2024-08-20T18:16:01,supply_context,1,Procurement,Downstream,Path_J
H00904,U0181,C182,I011,F015,O080,S004|S007|S054|S091|S102|S156|S222|S217,2024-08-20T20:53:34,supply_context,0,,,
H02214,U0443,C095,I012,F007,O036,S078|S102|S151|S168|S231|S240,2024-08-21T00:08:50,supply_context,1,SCM,Upstream,Path_I
H06924,U1385,C143,I014,F015,O076,S008|S014|S052|S059|S087|S111|S169|S196,2024-08-21T00:15:01,collaboration_context,0,,,
H05484,U1097,C257,I006,F012,O061,S120|S160|S167|S179|S190|S220,2024-08-21T00:25:52,work_context,0,,,
H02919,U0584,C063,I003,F005,O027,S006|S028|S046|S175|S186|S211|S236|S195,2024-08-21T00:32:44,work_context,1,Manufacturing,Upstream,Path_B
H06694,U1339,C181,I012,F012,O064,S009|S013|S036|S124|S172|S184|S210|S229,2024-08-21T04:12:43,work_context,1,SCM,Midstream,Path_B
H05549,U1110,C221,I019,F001,O004,S091|S094|S145|S147|S151|S173|S114|S083,2024-08-21T04:17:52,supply_context,1,Retail,Midstream,Path_G
H01004,U0201,C181,I012,F006,O029,S018|S037|S059|S108|S175|S208|S214|S236,2024-08-21T07:37:10,work_context,0,,,
H02659,U0532,C203,I002,F010,O053,S011|S022|S031|S051|S058|S147|S212|S225,2024-08-21T07:48:57,skill_context,0,,,
H02519,U0504,C098,I012,F016,O083,S012|S045|S053|S078|S095|S131|S151|S161,2024-08-21T08:49:16,work_context,0,,,
H02154,U0431,C044,I017,F009,O046,S014|S091|S102|S150|S156|S160|S235|S057,2024-08-21T09:47:41,work_context,0,,,
H05969,U1194,C002,I013,F001,O002,S011|S036|S097|S140|S155|S191|S004|S132,2024-08-21T11:11:44,skill_context,0,,,
H06189,U1238,C291,I024,F006,O032,S017|S029|S039|S075|S136|S210,2024-08-21T11:31:41,skill_context,1,Manufacturing,Upstream,Path_I
H00974,U0195,C093,I002,F016,O086,S070|S099|S176|S196|S197|S222|S139|S212,2024-08-21T12:10:13,supply_context,1,Manufacturing,Downstream,Path_L
H00049,U0010,C157,I001,F015,O079,S020|S059|S099|S191|S232|S147|S090|S213,2024-08-21T14:09:20,collaboration_context,1,Supplier Management,Midstream,Path_L
H05639,U1128,C112,I008,F002,O007,S035|S061|S112|S126|S209|S238|S062,2024-08-21T16:35:37,collaboration_context,1,Retail,Downstream,Path_K
H04359,U0872,C282,I017,F002,O010,S018|S043|S085|S166|S169|S170|S185|S232,2024-08-21T16:43:37,collaboration_context,0,,,
H00554,U0111,C273,I005,F008,O040,S033|S034|S064|S095|S168|S209|S186,2024-08-21T17:49:36,collaboration_context,1,Supplier Management,Downstream,Path_G
H01214,U0243,C180,I005,F007,O038,S014|S036|S102|S130|S168|S185|S203|S127,2024-08-21T18:24:24,collaboration_context,0,,,
H03089,U0618,C310,I016,F015,O076,S014|S037|S066|S076|S189|S219|S070|S139,2024-08-21T19:41:56,collaboration_context,0,,,
H00999,U0200,C016,I006,F015,O076,S075|S107|S125|S137|S147|S179|S212|S192,2024-08-21T21:09:34,skill_context,0,,,
H05244,U1049,C236,I023,F005,O027,S007|S008|S012|S090|S113|S191|S214|S178,2024-08-22T00:08:05,skill_context,0,,,
H01914,U0383,C019,I018,F018,O094,S093|S131|S142|S146|S173,2024-08-22T00:17:20,collaboration_context,1,Manufacturing,Upstream,Path_D
H00279,U0056,C028,I018,F014,O071,S052|S074|S140|S146|S168,2024-08-22T00:18:58,collaboration_context,0,,,
H00394,U0079,C087,I011,F009,O048,S009|S027|S127|S172|S201,2024-08-22T00:44:03,work_context,0,,,
H05299,U1060,C169,I011,F010,O053,S037|S062|S065|S132|S181|S193|S207|S061,2024-08-22T01:03:23,work_context,1,Retail,Downstream,Path_B
H02259,U0452,C076,I024,F016,O081,S106|S146|S165|S172|S174|S175|S177|S201,2024-08-22T01:03:30,skill_context,1,Logistics,Midstream,Path_I
H01314,U0263,C207,I008,F013,O067,S024|S112|S173|S174|S176|S195|S231|S022,2024-08-22T01:18:09,work_context,1,Supplier Management,Upstream,Path_D
H06074,U1215,C039,I023,F015,O076,S031|S065|S080|S095|S124,2024-08-22T01:49:22,work_context,0,,,
H04914,U0983,C007,I017,F015,O079,S115|S132|S155|S163|S195|S233|S024,2024-08-22T02:56:57,collaboration_context,1,Logistics,Upstream,Path_F
H03769,U0754,C218,I021,F013,O065,S011|S072|S078|S110|S122|S159|S191|S050,2024-08-22T03:46:24,supply_context,0,,,
H04339,U0868,C050,I013,F008,O042,S143|S144|S151|S192|S238|S043,2024-08-22T04:37:28,skill_context,0,,,
H05004,U1001,C212,I016,F009,O044,S017|S022|S040|S067|S075|S096|S103|S109,2024-08-22T05:12:30,skill_context,0,,,
H06949,U1390,C015,I001,F007,O034,S002|S073|S101|S123|S133|S142|S206|S233,2024-08-22T05:29:54,supply_context,0,,,
H02764,U0553,C311,I018,F011,O059,S006|S013|S052|S099|S169|S184|S216|S221,2024-08-22T06:01:40,work_context,1,Procurement,Upstream,Path_K
H01024,U0205,C291,I024,F004,O019,S073|S080|S120|S130|S142|S145|S177|S202,2024-08-22T06:13:24,skill_context,0,,,
H03854,U0771,C250,I012,F002,O008,S027|S051|S062|S079|S129|S156|S170,2024-08-22T07:24:45,work_context,1,SCM,Upstream,Path_G
H06934,U1387,C159,I002,F011,O056,S027|S044|S090|S142|S193|S038|S146|S009,2024-08-22T09:21:59,collaboration_context,1,SCM,Upstream,Path_H
H04119,U0824,C071,I012,F014,O075,S118|S134|S186|S203|S231|S129|S176,2024-08-22T09:35:35,supply_context,1,Logistics,Upstream,Path_A
H02224,U0445,C183,I006,F012,O061,S039|S041|S120|S128|S164|S172|S196|S211,2024-08-22T09:55:09,work_context,1,Retail,Midstream,Path_G
H05504,U1101,C123,I022,F008,O042,S006|S041|S072|S090|S105|S124|S203|S189,2024-08-22T10:11:09,skill_context,0,,,
H06499,U1300,C212,I016,F015,O080,S033|S036|S049|S122|S149|S185,2024-08-22T10:47:40,supply_context,0,,,
H00339,U0068,C217,I007,F014,O072,S004|S009|S042|S140|S188|S216|S227|S052,2024-08-22T11:21:26,collaboration_context,1,SCM,Midstream,Path_H
H04244,U0849,C212,I016,F009,O044,S025|S053|S123|S196|S221|S224|S225,2024-08-22T12:36:59,skill_context,1,Manufacturing,Midstream,Path_A
H06524,U1305,C158,I014,F005,O025,S054|S109|S122|S147|S158|S179,2024-08-22T13:56:48,skill_context,1,SCM,Upstream,Path_A
H01719,U0344,C088,I009,F003,O012,S007|S048|S101|S128|S231|S234,2024-08-22T14:50:38,supply_context,0,,,
H02379,U0476,C046,I001,F002,O010,S001|S028|S095|S111|S144|S210|S233|S193,2024-08-22T15:27:13,skill_context,1,Procurement,Upstream,Path_J
H02104,U0421,C050,I013,F003,O015,S013|S056|S069|S102|S150|S163|S207|S238,2024-08-22T16:57:35,work_context,0,,,
H03549,U0710,C126,I016,F012,O063,S022|S051|S073|S074|S197|S220,2024-08-22T17:11:52,supply_context,0,,,
H04864,U0973,C051,I019,F007,O038,S123|S149|S152|S180|S200|S223|S016|S116,2024-08-22T17:12:20,work_context,0,,,
H06244,U1249,C202,I022,F014,O073,S030|S069|S121|S151|S177|S183|S204|S221,2024-08-22T17:49:11,collaboration_context,1,Retail,Midstream,Path_L
H03639,U0728,C127,I004,F005,O023,S015|S062|S064|S065|S072|S167|S185|S131,2024-08-22T18:56:24,skill_context,0,,,
H00509,U0102,C253,I021,F008,O040,S023|S042|S083|S147|S167|S189|S231|S235,2024-08-22T19:29:15,skill_context,0,,,
H06999,U1400,C013,I015,F015,O077,S024|S125|S149|S162|S171,2024-08-22T19:59:12,supply_context,1,Logistics,Upstream,Path_L
H06689,U1338,C074,I016,F002,O008,S028|S032|S043|S045|S081|S123|S135|S139,2024-08-22T20:48:21,collaboration_context,0,,,
H03094,U0619,C135,I017,F015,O078,S014|S016|S027|S079|S206|S233,2024-08-22T21:09:51,supply_context,0,,,
H03369,U0674,C188,I009,F001,O003,S047|S095|S109|S130|S153|S121,2024-08-22T21:13:08,work_context,1,Retail,Upstream,Path_B
H03479,U0696,C171,I018,F017,O090,S035|S052|S066|S135|S192|S097,2024-08-22T23:03:55,supply_context,0,,,
H03254,U0651,C168,I023,F004,O022,S028|S044|S047|S108|S171|S182|S199|S209,2024-08-22T23:32:32,work_context,1,Supplier Management,Downstream,Path_L
H06674,U1335,C103,I011,F011,O057,S022|S064|S088|S185|S212|S140|S073,2024-08-22T23:56:41,skill_context,0,,,
H04459,U0892,C286,I009,F015,O076,S024|S080|S087|S140|S185|S205|S114,2024-08-23T01:30:19,collaboration_context,1,Distribution,Upstream,Path_H
H04104,U0821,C305,I018,F012,O061,S043|S104|S124|S131|S192|S195|S203|S217,2024-08-23T03:07:29,collaboration_context,1,Retail,Downstream,Path_C
H02364,U0473,C147,I008,F013,O069,S020|S159|S203|S214|S230|S093,2024-08-23T03:09:37,work_context,1,SCM,Midstream,Path_F
H01919,U0384,C133,I021,F011,O059,S004|S010|S068|S186|S207,2024-08-23T04:32:40,skill_context,1,Supplier Management,Midstream,Path_H
H02689,U0538,C243,I008,F014,O074,S104|S107|S119|S123|S180|S204|S217|S205,2024-08-23T04:53:53,work_context,1,Manufacturing,Midstream,Path_B
H05654,U1131,C191,I020,F009,O048,S006|S016|S063|S086|S143|S168,2024-08-23T06:14:34,collaboration_context,1,Supplier Management,Upstream,Path_G
H06184,U1237,C006,I023,F002,O009,S008|S025|S116|S159|S221,2024-08-23T06:33:54,supply_context,0,,,
H00229,U0046,C226,I008,F013,O067,S011|S051|S063|S135|S217|S177,2024-08-23T07:13:36,supply_context,0,,,
H01524,U0305,C270,I003,F006,O030,S031|S035|S129|S156|S189|S196,2024-08-23T07:58:01,collaboration_context,1,Logistics,Midstream,Path_C
H04434,U0887,C030,I020,F010,O050,S029|S034|S063|S070|S086|S160|S207|S227,2024-08-23T11:16:27,skill_context,1,SCM,Downstream,Path_A
H02859,U0572,C075,I011,F010,O049,S079|S106|S153|S172|S187|S205|S227|S207,2024-08-23T12:12:08,supply_context,0,,,
H00644,U0129,C262,I003,F002,O009,S063|S067|S068|S082|S088|S115|S036|S123,2024-08-23T12:19:34,work_context,1,Supplier Management,Downstream,Path_H
H05619,U1124,C043,I019,F008,O041,S073|S125|S145|S146|S167|S029|S023,2024-08-23T12:58:02,collaboration_context,0,,,
H06709,U1342,C033,I024,F017,O090,S009|S025|S091|S153|S160|S174,2024-08-23T13:05:04,collaboration_context,1,Logistics,Downstream,Path_E
H05374,U1075,C128,I011,F016,O084,S026|S038|S061|S108|S109|S133|S177|S222,2024-08-23T13:29:06,work_context,0,,,
H04554,U0911,C217,I007,F011,O055,S064|S085|S157|S195|S203|S207,2024-08-23T14:36:10,collaboration_context,0,,,
H00934,U0187,C107,I006,F012,O062,S060|S064|S116|S148|S152|S156|S186|S202,2024-08-23T15:04:56,work_context,1,Distribution,Upstream,Path_G
H01089,U0218,C311,I018,F012,O063,S015|S042|S055|S069|S078|S083|S146|S159,2024-08-23T16:17:17,supply_context,0,,,
H06604,U1321,C303,I008,F004,O019,S075|S106|S129|S160|S168|S234|S172|S027,2024-08-23T16:30:53,collaboration_context,1,Procurement,Midstream,Path_K
H00264,U0053,C093,I002,F017,O091,S023|S097|S105|S179|S189|S212|S226|S113,2024-08-23T17:14:38,skill_context,0,,,
H00844,U0169,C040,I007,F016,O085,S009|S050|S073|S120|S131|S138|S149|S219,2024-08-23T18:55:23,skill_context,0,,,
H01114,U0223,C060,I011,F014,O073,S039|S167|S190|S192|S217|S159,2024-08-23T19:22:27,collaboration_context,0,,,
H00294,U0059,C230,I002,F018,O096,S014|S130|S177|S205|S210|S222|S200|S079,2024-08-23T20:10:11,supply_context,0,,,
H05279,U1056,C190,I023,F018,O094,S013|S109|S111|S152|S156|S187,2024-08-23T20:19:23,work_context,0,,,
H06349,U1270,C055,I023,F010,O049,S001|S024|S046|S079|S081|S110|S112|S160,2024-08-23T20:50:15,collaboration_context,1,SCM,Downstream,Path_K
H00679,U0136,C284,I016,F010,O053,S009|S032|S047|S073|S095|S131|S207|S205,2024-08-24T01:32:37,supply_context,1,Distribution,Midstream,Path_L
H04869,U0974,C055,I023,F018,O095,S003|S004|S143|S206|S237,2024-08-24T01:52:55,supply_context,1,Supplier Management,Midstream,Path_E
H00269,U0054,C175,I008,F007,O036,S064|S069|S090|S140|S232|S191,2024-08-24T02:17:51,skill_context,0,,,
H05054,U1011,C241,I013,F003,O016,S024|S071|S085|S096|S141|S221|S225|S236,2024-08-24T02:30:27,work_context,0,,,
H01204,U0241,C141,I019,F017,O090,S029|S041|S129|S149|S173,2024-08-24T03:11:23,supply_context,0,,,
H00119,U0024,C310,I016,F005,O026,S054|S096|S122|S223|S239|S088|S060,2024-08-24T03:33:43,skill_context,1,Procurement,Upstream,Path_D
H02879,U0576,C036,I011,F013,O067,S037|S047|S058|S061|S082|S217,2024-08-24T03:56:11,supply_context,1,Logistics,Upstream,Path_J
H06064,U1213,C044,I017,F016,O082,S004|S019|S100|S146|S148|S186,2024-08-24T03:56:34,collaboration_context,0,,,
H02084,U0417,C003,I003,F017,O089,S001|S026|S062|S092|S119|S128|S153|S231,2024-08-24T04:08:33,supply_context,0,,,
H04579,U0916,C003,I003,F007,O035,S002|S037|S059|S157|S161|S162|S210|S234,2024-08-24T05:15:34,collaboration_context,1,Manufacturing,Upstream,Path_K
H00104,U0021,C185,I021,F005,O025,S001|S014|S047|S161|S163|S197,2024-08-24T05:47:39,collaboration_context,0,,,
H04264,U0853,C043,I019,F014,O074,S040|S064|S086|S089|S104|S173|S181|S033,2024-08-24T06:54:06,skill_context,0,,,
H00569,U0114,C115,I017,F017,O088,S001|S008|S009|S038|S131|S150|S153|S237,2024-08-24T07:12:07,work_context,0,,,
H00924,U0185,C216,I010,F013,O065,S048|S064|S116|S123|S161|S165|S206,2024-08-24T08:56:51,work_context,0,,,
H01784,U0357,C199,I021,F014,O073,S020|S022|S046|S071|S112|S153|S180|S230,2024-08-24T09:02:57,collaboration_context,0,,,
H04939,U0988,C202,I022,F018,O094,S006|S022|S063|S081|S108|S140|S189|S212,2024-08-24T13:55:47,work_context,0,,,
H06429,U1286,C068,I006,F004,O021,S028|S045|S071|S102|S135|S164|S202|S222,2024-08-24T14:07:06,work_context,0,,,
H04819,U0964,C223,I012,F013,O068,S009|S013|S074|S122|S129|S173|S188|S230,2024-08-24T15:37:01,collaboration_context,0,,,
H05889,U1178,C062,I010,F015,O080,S003|S047|S051|S128|S159|S171|S160|S011,2024-08-24T17:42:54,collaboration_context,0,,,
H04894,U0979,C263,I011,F015,O080,S019|S126|S135|S182|S212|S213|S218|S219,2024-08-24T18:10:52,skill_context,1,Procurement,Upstream,Path_I
H04374,U0875,C088,I009,F016,O082,S025|S030|S063|S103|S105|S113|S132|S159,2024-08-24T20:34:07,skill_context,0,,,
H06659,U1332,C261,I022,F015,O076,S070|S091|S112|S150|S155|S177|S218|S222,2024-08-24T21:05:43,collaboration_context,1,Retail,Downstream,Path_G
H04009,U0802,C021,I006,F011,O055,S011|S020|S034|S041|S044|S075|S086|S165,2024-08-24T21:43:43,supply_context,0,,,
H01149,U0230,C291,I024,F015,O077,S028|S032|S041|S081|S164,2024-08-24T21:57:53,work_context,1,Retail,Downstream,Path_F
H06964,U1393,C211,I004,F003,O012,S029|S056|S082|S092|S192|S231,2024-08-24T22:24:06,work_context,0,,,
H05214,U1043,C014,I007,F006,O031,S022|S059|S089|S108|S210|S222,2024-08-24T22:48:23,collaboration_context,1,Retail,Downstream,Path_A
H02464,U0493,C035,I013,F008,O040,S009|S018|S068|S070|S077|S147|S175|S218,2024-08-25T00:37:25,supply_context,1,Supplier Management,Downstream,Path_F
H03714,U0743,C103,I011,F015,O079,S046|S100|S120|S143|S165|S175|S190|S204,2024-08-25T01:57:05,work_context,0,,,
H04794,U0959,C163,I002,F007,O038,S021|S037|S053|S110|S155|S154|S135,2024-08-25T02:36:41,collaboration_context,1,Manufacturing,Midstream,Path_D
H05894,U1179,C021,I006,F012,O060,S026|S044|S114|S141|S211|S018|S231,2024-08-25T02:54:39,supply_context,1,Distribution,Downstream,Path_E
H04699,U0940,C281,I008,F006,O030,S031|S058|S126|S191|S197|S203|S138|S193,2024-08-25T03:07:40,work_context,1,Procurement,Downstream,Path_C
H06454,U1291,C120,I017,F005,O023,S007|S088|S151|S199|S215|S221,2024-08-25T04:42:36,skill_context,0,,,
H06164,U1233,C289,I018,F011,O057,S046|S049|S072|S192|S233|S237,2024-08-25T04:55:07,work_context,0,,,
H03869,U0774,C059,I014,F005,O027,S064|S109|S122|S174|S188,2024-08-25T08:08:18,supply_context,0,,,
H02534,U0507,C218,I021,F012,O063,S095|S197|S216|S222|S230,2024-08-25T09:56:24,work_context,1,Manufacturing,Midstream,Path_F
H00854,U0171,C104,I024,F007,O036,S026|S037|S051|S169|S208|S209|S232|S237,2024-08-25T10:54:03,collaboration_context,0,,,
H01164,U0233,C245,I003,F018,O092,S011|S060|S102|S150|S227,2024-08-25T11:16:46,collaboration_context,0,,,
H01749,U0350,C107,I006,F017,O091,S011|S045|S159|S189|S204|S234,2024-08-25T13:12:52,supply_context,1,SCM,Midstream,Path_E
H02314,U0463,C049,I006,F005,O027,S001|S073|S090|S128|S149|S236,2024-08-25T13:17:14,supply_context,0,,,
H05924,U1185,C107,I006,F009,O047,S021|S063|S076|S110|S171|S174|S209|S219,2024-08-25T14:31:31,supply_context,1,Distribution,Midstream,Path_D
H02194,U0439,C143,I014,F012,O063,S043|S046|S127|S161|S173|S186|S207,2024-08-25T15:34:53,collaboration_context,1,Procurement,Midstream,Path_H
H06739,U1348,C129,I014,F009,O047,S065|S088|S090|S095|S168|S204|S212,2024-08-25T15:37:04,collaboration_context,0,,,
H04379,U0876,C220,I006,F017,O088,S023|S073|S156|S167|S169|S239,2024-08-25T15:48:25,supply_context,0,,,
H05074,U1015,C068,I006,F002,O007,S017|S044|S063|S098|S111|S133|S166,2024-08-25T17:53:45,work_context,1,Manufacturing,Downstream,Path_I
H06224,U1245,C068,I006,F004,O022,S071|S119|S125|S135|S211|S210,2024-08-25T17:55:24,work_context,0,,,
H03494,U0699,C253,I021,F016,O081,S026|S050|S054|S072|S134|S124,2024-08-25T18:06:20,collaboration_context,0,,,
H00314,U0063,C005,I018,F015,O077,S014|S078|S112|S140|S170|S194|S209|S210,2024-08-25T19:31:21,collaboration_context,1,SCM,Midstream,Path_D
H03909,U0782,C017,I012,F012,O063,S011|S025|S038|S091|S098|S183,2024-08-25T22:02:40,supply_context,0,,,
H06784,U1357,C161,I009,F014,O075,S030|S034|S085|S149|S178|S234|S202|S151,2024-08-25T22:04:35,skill_context,1,Supplier Management,Midstream,Path_C
H04934,U0987,C308,I012,F007,O035,S041|S084|S111|S126|S151|S156|S222|S235,2024-08-26T02:03:25,collaboration_context,1,Distribution,Downstream,Path_E
H06089,U1218,C127,I004,F005,O023,S059|S109|S113|S169|S190|S195|S205|S216,2024-08-26T02:29:39,collaboration_context,0,,,
H00214,U0043,C216,I010,F015,O076,S024|S082|S100|S176|S178|S202|S240|S160,2024-08-26T02:44:58,skill_context,0,,,
H03989,U0798,C141,I019,F013,O067,S036|S132|S140|S166|S173|S114|S116|S167,2024-08-26T04:11:13,skill_context,0,,,
H01094,U0219,C012,I005,F011,O059,S002|S026|S031|S078|S082|S201|S203|S040,2024-08-26T04:12:40,collaboration_context,1,Logistics,Upstream,Path_I
H07014,U1403,C077,I019,F018,O095,S021|S046|S071|S194|S202|S213|S235|S236,2024-08-26T07:32:15,work_context,1,SCM,Midstream,Path_D
H04344,U0869,C178,I022,F008,O040,S055|S097|S101|S236|S237|S027|S208,2024-08-26T07:40:09,supply_context,0,,,
H01894,U0379,C167,I002,F006,O031,S064|S119|S133|S163|S230|S056,2024-08-26T07:48:32,work_context,1,Supplier Management,Upstream,Path_L
H06414,U1283,C226,I008,F008,O043,S056|S111|S152|S154|S229|S001|S062|S215,2024-08-26T09:29:24,work_context,1,Procurement,Upstream,Path_F
H00529,U0106,C157,I001,F018,O093,S083|S131|S139|S147|S171|S174|S173|S213,2024-08-26T10:26:58,collaboration_context,0,,,
H05709,U1142,C148,I005,F012,O063,S029|S059|S060|S062|S145|S146|S183|S224,2024-08-26T11:19:56,skill_context,0,,,
H02139,U0428,C024,I001,F012,O064,S032|S057|S078|S092|S213|S217|S226,2024-08-26T12:43:44,collaboration_context,0,,,
H03149,U0630,C061,I006,F013,O066,S105|S144|S148|S163|S206|S220|S164|S078,2024-08-26T12:44:10,collaboration_context,0,,,
H00209,U0042,C301,I007,F003,O012,S033|S050|S100|S105|S131|S165|S022,2024-08-26T13:26:09,collaboration_context,0,,,
H05974,U1195,C200,I004,F011,O057,S028|S084|S106|S123|S156|S208|S104,2024-08-26T14:38:44,supply_context,1,Manufacturing,Midstream,Path_C
H02944,U0589,C160,I005,F007,O034,S009|S021|S142|S192|S196|S201|S024|S089,2024-08-26T14:59:52,collaboration_context,0,,,
H00909,U0182,C027,I021,F009,O048,S018|S042|S079|S161|S174|S197|S212,2024-08-26T15:35:19,collaboration_context,0,,,
H04679,U0936,C054,I004,F004,O019,S002|S009|S019|S052|S072|S194|S223|S041,2024-08-26T16:46:55,supply_context,0,,,
H03004,U0601,C254,I022,F001,O004,S043|S093|S117|S156|S176|S199,2024-08-26T17:10:53,skill_context,0,,,
H00839,U0168,C004,I004,F007,O037,S017|S053|S068|S110|S172|S030|S237,2024-08-26T19:11:25,work_context,1,SCM,Upstream,Path_L
H04364,U0873,C042,I020,F005,O023,S016|S024|S068|S128|S160|S167|S181|S185,2024-08-26T21:12:07,collaboration_context,1,Manufacturing,Midstream,Path_B
H03109,U0622,C243,I008,F007,O034,S039|S061|S068|S107|S204|S227|S231|S012,2024-08-26T21:50:20,work_context,0,,,
H03264,U0653,C203,I002,F004,O019,S024|S075|S099|S139|S144|S161|S142,2024-08-26T22:24:05,collaboration_context,1,Distribution,Upstream,Path_I
H00744,U0149,C163,I002,F013,O067,S040|S076|S095|S124|S154|S203|S111|S055,2024-08-26T23:14:26,supply_context,0,,,
H04294,U0859,C122,I015,F002,O010,S018|S024|S122|S126|S190|S199|S226|S203,2024-08-26T23:18:21,supply_context,0,,,
H00259,U0052,C247,I003,F011,O057,S025|S076|S109|S170|S182|S210|S236,2024-08-27T00:38:59,collaboration_context,0,,,
H01564,U0313,C220,I006,F001,O002,S028|S067|S119|S127|S149|S173|S193|S204,2024-08-27T01:56:08,work_context,0,,,
H01194,U0239,C013,I015,F011,O056,S043|S053|S112|S162|S163|S230|S234|S123,2024-08-27T02:34:33,collaboration_context,0,,,
H02884,U0577,C015,I001,F012,O062,S033|S077|S090|S103|S155|S156|S221|S225,2024-08-27T02:39:03,collaboration_context,0,,,
H04189,U0838,C062,I010,F006,O032,S062|S096|S108|S150|S198|S207|S213|S219,2024-08-27T05:52:02,work_context,1,Logistics,Midstream,Path_J
H03699,U0740,C161,I009,F002,O008,S068|S081|S108|S126|S179|S221|S224|S200,2024-08-27T07:37:48,skill_context,1,SCM,Midstream,Path_F
H03164,U0633,C082,I015,F005,O024,S059|S075|S083|S200|S208|S011|S057,2024-08-27T07:46:03,work_context,0,,,
H04529,U0906,C229,I019,F015,O076,S038|S075|S118|S144|S155|S166|S173|S206,2024-08-27T10:09:39,supply_context,1,Procurement,Upstream,Path_F
H06559,U1312,C182,I011,F008,O041,S038|S081|S093|S136|S201|S239|S073|S062,2024-08-27T12:21:10,skill_context,1,Retail,Midstream,Path_B
H00709,U0142,C074,I016,F011,O059,S021|S047|S053|S076|S100|S170|S212|S234,2024-08-27T12:59:08,supply_context,1,SCM,Midstream,Path_D
H03104,U0621,C158,I014,F011,O056,S053|S057|S116|S148|S209|S218|S069,2024-08-27T15:26:59,collaboration_context,1,Retail,Midstream,Path_H
H03564,U0713,C112,I008,F010,O052,S119|S165|S178|S186|S225|S078,2024-08-27T15:51:44,supply_context,0,,,
H06239,U1248,C015,I001,F001,O006,S026|S027|S048|S095|S172|S180|S239|S107,2024-08-27T16:40:46,work_context,0,,,
H05979,U1196,C196,I016,F008,O040,S049|S074|S100|S145|S158|S194|S199|S235,2024-08-27T19:00:42,supply_context,0,,,
H04724,U0945,C005,I018,F017,O089,S038|S070|S201|S204|S228|S128,2024-08-27T20:45:27,supply_context,1,Procurement,Upstream,Path_E
H04389,U0878,C201,I014,F001,O003,S018|S051|S098|S125|S213,2024-08-27T21:11:53,collaboration_context,0,,,
H05829,U1166,C024,I001,F005,O027,S016|S123|S134|S160|S198|S224|S083|S119,2024-08-27T22:57:38,work_context,0,,,
H00629,U0126,C034,I009,F003,O016,S056|S068|S072|S101|S127|S143|S177|S234,2024-08-27T23:17:38,collaboration_context,1,Logistics,Upstream,Path_H
H06154,U1231,C027,I021,F017,O089,S049|S064|S103|S121|S126|S180|S202|S215,2024-08-27T23:21:38,supply_context,0,,,
H06264,U1253,C096,I017,F005,O025,S032|S046|S089|S131|S181|S223|S230|S133,2024-08-28T02:44:15,skill_context,0,,,
H06549,U1310,C246,I024,F011,O056,S036|S047|S090|S096|S163|S169,2024-08-28T04:08:43,supply_context,1,Supplier Management,Upstream,Path_F
H01349,U0270,C186,I001,F018,O096,S073|S096|S103|S163|S192|S236|S240|S217,2024-08-28T06:55:46,collaboration_context,0,,,
H02474,U0495,C067,I002,F016,O084,S027|S046|S152|S162|S166|S170|S232|S008,2024-08-28T07:37:44,supply_context,0,,,
H00704,U0141,C183,I006,F005,O025,S032|S043|S064|S086|S154|S171|S108|S031,2024-08-28T09:12:34,collaboration_context,1,Procurement,Midstream,Path_I
H04809,U0962,C220,I006,F012,O064,S009|S071|S142|S151|S171|S202|S209|S022,2024-08-28T09:49:28,work_context,1,Logistics,Midstream,Path_K
H02304,U0461,C193,I002,F006,O029,S004|S036|S051|S120|S140|S151|S219|S231,2024-08-28T10:23:38,work_context,0,,,
H04644,U0929,C241,I013,F005,O026,S024|S042|S070|S101|S103|S224|S182|S002,2024-08-28T10:32:09,supply_context,0,,,
H01609,U0322,C017,I012,F018,O094,S001|S028|S119|S167|S168|S189|S171,2024-08-28T11:56:14,collaboration_context,1,Retail,Midstream,Path_K
H01789,U0358,C175,I008,F012,O062,S048|S097|S173|S177|S193|S209|S212|S169,2024-08-28T12:01:59,skill_context,0,,,
H05389,U1078,C281,I008,F014,O073,S012|S050|S070|S088|S113|S132|S200|S216,2024-08-28T13:03:47,work_context,0,,,
H01544,U0309,C218,I021,F018,O094,S015|S019|S035|S070|S129|S155|S230|S240,2024-08-28T15:34:13,collaboration_context,0,,,
H06519,U1304,C191,I020,F009,O046,S010|S050|S059|S151|S167|S236,2024-08-28T16:35:04,skill_context,1,Manufacturing,Upstream,Path_C
H02239,U0448,C142,I010,F015,O078,S003|S014|S021|S182|S218|S096|S187|S027,2024-08-28T17:22:43,collaboration_context,0,,,
H06929,U1386,C117,I021,F004,O022,S014|S018|S114|S144|S153|S164|S081,2024-08-28T17:38:03,work_context,0,,,
H06939,U1388,C231,I015,F008,O040,S056|S095|S103|S158|S210|S214|S237|S065,2024-08-28T18:00:24,skill_context,1,Manufacturing,Downstream,Path_J
H05179,U1036,C156,I005,F009,O044,S109|S117|S145|S151|S215,2024-08-28T18:19:20,work_context,0,,,
H01909,U0382,C316,I013,F004,O021,S020|S022|S084|S093|S135|S202|S236|S039,2024-08-28T19:00:15,supply_context,0,,,
H02899,U0580,C104,I024,F016,O081,S008|S036|S058|S064|S156|S181|S183,2024-08-28T19:29:50,supply_context,0,,,
H01064,U0213,C030,I020,F001,O003,S002|S016|S083|S094|S107|S127|S158|S173,2024-08-28T20:43:31,work_context,1,Retail,Upstream,Path_C
H04874,U0975,C045,I009,F001,O003,S039|S050|S072|S154|S204|S206|S221|S188,2024-08-28T21:07:40,work_context,1,Manufacturing,Midstream,Path_K
H01509,U0302,C171,I018,F012,O064,S023|S047|S053|S071|S090|S154|S182|S185,2024-08-28T23:05:23,supply_context,0,,,
H03790,U0758,C210,I024,F008,O042,S065|S087|S153|S198|S214|S234|S143|S145,2025-01-01T00:18:29,supply_context,0,,,
H02475,U0495,C067,I002,F016,O084,S027|S046|S152|S162|S166|S170|S232|S008,2025-01-01T00:54:11,work_context,1,Logistics,Downstream,Path_C
H00745,U0149,C163,I002,F013,O067,S040|S076|S095|S124|S154|S203|S111|S055,2025-01-01T01:56:17,skill_context,0,,,
H01075,U0215,C261,I022,F016,O082,S057|S074|S118|S158|S202|S211|S217,2025-01-01T02:41:24,collaboration_context,1,Logistics,Midstream,Path_H
H01500,U0300,C121,I001,F010,O050,S065|S083|S113|S125|S133|S155|S166|S054,2025-01-01T02:59:06,supply_context,0,,,
H01385,U0277,C221,I019,F002,O011,S004|S024|S034|S050|S109|S146|S187|S233,2025-01-01T02:59:38,skill_context,1,Distribution,Midstream,Path_J
H00515,U0103,C292,I017,F011,O056,S024|S027|S032|S056|S088|S124|S233|S196,2025-01-01T03:14:58,skill_context,0,,,
H00195,U0039,C136,I023,F008,O043,S003|S120|S121|S171|S182|S207|S223|S233,2025-01-01T03:54:10,skill_context,0,,,
H07000,U1400,C013,I015,F015,O077,S024|S125|S149|S162|S171|S100|S132|S006,2025-01-01T04:24:10,supply_context,1,Logistics,Upstream,Path_L
H06125,U1225,C292,I017,F009,O046,S082|S086|S103|S139|S153|S075,2025-01-01T05:31:16,work_context,1,Manufacturing,Upstream,Path_D
H04925,U0985,C308,I012,F003,O012,S011|S043|S058|S133|S182|S205|S234|S090,2025-01-01T06:36:34,skill_context,1,Manufacturing,Midstream,Path_A
H06250,U1250,C178,I022,F005,O027,S028|S082|S094|S097|S134|S213|S163,2025-01-01T06:53:22,work_context,0,,,
H01600,U0320,C186,I001,F005,O023,S072|S146|S159|S212|S225|S238|S006|S182,2025-01-01T06:54:22,supply_context,0,,,
H04115,U0823,C118,I013,F007,O036,S063|S077|S127|S169|S191|S227,2025-01-01T07:03:03,supply_context,0,,,
H05390,U1078,C281,I008,F014,O073,S012|S050|S070|S088|S113|S132|S200|S216,2025-01-01T07:21:54,supply_context,1,SCM,Midstream,Path_G
H03920,U0784,C221,I019,F012,O062,S003|S021|S063|S161|S189|S212|S236,2025-01-01T08:59:56,work_context,0,,,
H01725,U0345,C278,I004,F010,O053,S016|S025|S035|S056|S081|S177|S117|S120,2025-01-01T11:48:08,skill_context,0,,,
H02095,U0419,C018,I020,F006,O028,S013|S022|S062|S094|S099|S171|S178,2025-01-01T12:07:44,supply_context,1,SCM,Upstream,Path_A
H05330,U1066,C050,I013,F008,O039,S001|S049|S097|S101|S175|S179|S196|S228,2025-01-01T12:51:38,supply_context,1,Logistics,Downstream,Path_J
H02225,U0445,C183,I006,F012,O061,S039|S041|S120|S128|S164|S172|S196|S211,2025-01-01T13:28:29,work_context,0,,,
H06410,U1282,C106,I021,F018,O092,S077|S085|S094|S098|S206|S229|S021|S026,2025-01-01T13:56:24,work_context,1,Distribution,Midstream,Path_A
H00700,U0140,C084,I014,F002,O010,S021|S089|S106|S116|S143|S154|S228|S038,2025-01-01T14:08:01,skill_context,1,Retail,Upstream,Path_A
H05225,U1045,C048,I005,F018,O092,S022|S069|S095|S130|S138|S156|S186|S234,2025-01-01T14:22:59,supply_context,1,SCM,Downstream,Path_I
H06770,U1354,C160,I005,F001,O005,S038|S044|S137|S200|S215|S224|S240|S010,2025-01-01T14:24:59,supply_context,1,Logistics,Midstream,Path_G
H06235,U1247,C004,I004,F004,O019,S020|S028|S046|S075|S112|S126|S164|S194,2025-01-01T16:14:58,supply_context,1,Retail,Midstream,Path_K
H00780,U0156,C155,I005,F011,O059,S045|S076|S084|S168|S175|S237|S161|S022,2025-01-01T17:24:40,supply_context,1,Manufacturing,Midstream,Path_I
H06615,U1323,C012,I005,F010,O054,S024|S085|S086|S166|S204|S235|S073|S233,2025-01-01T19:11:22,work_context,1,SCM,Downstream,Path_K
H03280,U0656,C026,I012,F018,O095,S053|S064|S112|S127|S190|S219|S145|S007,2025-01-01T19:49:51,work_context,0,,,
H06860,U1372,C192,I010,F006,O028,S052|S163|S188|S211|S222|S240|S113|S059,2025-01-01T20:08:30,collaboration_context,0,,,
H05675,U1135,C090,I003,F009,O047,S028|S032|S061|S075|S105|S213|S129,2025-01-01T20:35:55,skill_context,0,,,
H03605,U0721,C241,I013,F013,O068,S039|S048|S050|S073|S079|S185|S208|S214,2025-01-01T21:00:40,work_context,0,,,
H04765,U0953,C268,I002,F012,O060,S002|S030|S040|S064|S093|S154|S178,2025-01-01T22:08:01,supply_context,0,,,
H04175,U0835,C287,I016,F014,O074,S015|S019|S034|S060|S113|S172|S235|S237,2025-01-01T23:10:25,skill_context,0,,,
H06160,U1232,C228,I008,F008,O041,S015|S032|S063|S089|S139|S173|S217|S128,2025-01-01T23:49:38,work_context,0,,,
H05130,U1026,C206,I014,F005,O025,S076|S140|S186|S191|S194|S215|S221|S185,2025-01-02T00:24:46,collaboration_context,1,SCM,Upstream,Path_K
H05770,U1154,C022,I010,F004,O022,S101|S112|S119|S152|S183|S234,2025-01-02T00:30:57,skill_context,0,,,
H05380,U1076,C165,I017,F012,O061,S017|S032|S044|S064|S065|S117|S118|S148,2025-01-02T01:33:48,collaboration_context,0,,,
H05350,U1070,C164,I012,F015,O079,S007|S020|S034|S041|S119|S081|S167|S169,2025-01-02T02:23:59,supply_context,0,,,
H01130,U0226,C008,I015,F005,O027,S025|S047|S054|S095|S123|S150|S160|S198,2025-01-02T04:00:11,skill_context,0,,,
H01195,U0239,C013,I015,F011,O056,S043|S053|S112|S162|S163|S230|S234|S123,2025-01-02T04:19:25,supply_context,0,,,
H00175,U0035,C068,I006,F014,O073,S057|S107|S218|S220|S233|S235|S015|S197,2025-01-02T06:12:54,collaboration_context,1,Distribution,Upstream,Path_L
H00490,U0098,C159,I002,F004,O021,S030|S056|S102|S162|S173|S217|S223,2025-01-02T07:48:47,collaboration_context,0,,,
H00860,U0172,C002,I013,F002,O011,S037|S043|S046|S063|S066|S088,2025-01-02T08:25:00,skill_context,0,,,
H01165,U0233,C245,I003,F018,O092,S011|S060|S102|S150|S227,2025-01-02T09:30:10,supply_context,0,,,
H03615,U0723,C019,I018,F015,O077,S048|S128|S163|S186|S209|S109|S024,2025-01-02T10:00:42,work_context,0,,,
H03745,U0749,C115,I017,F007,O038,S007|S012|S088|S111|S113|S207|S225,2025-01-02T10:11:55,collaboration_context,1,Retail,Downstream,Path_A
H00900,U0180,C028,I018,F014,O074,S004|S056|S065|S076|S120|S177|S220|S227,2025-01-02T11:32:56,collaboration_context,0,,,
H03060,U0612,C087,I011,F009,O044,S043|S093|S115|S231|S240|S084|S018,2025-01-02T12:52:20,skill_context,1,Procurement,Midstream,Path_L
H03515,U0703,C038,I006,F013,O065,S041|S047|S066|S067|S199|S216,2025-01-02T15:12:43,collaboration_context,1,Procurement,Downstream,Path_C
H01000,U0200,C016,I006,F015,O076,S075|S107|S125|S137|S147|S179|S212|S192,2025-01-02T15:49:30,work_context,0,,,
H04750,U0950,C167,I002,F017,O089,S051|S115|S126|S138|S170|S204,2025-01-02T19:47:33,work_context,0,,,
H04805,U0961,C313,I015,F005,O023,S026|S032|S053|S110|S153|S210|S043|S079,2025-01-02T20:44:38,collaboration_context,1,SCM,Midstream,Path_L
H05595,U1119,C162,I001,F008,O039,S010|S012|S160|S173|S181|S187|S198|S206,2025-01-02T21:24:14,collaboration_context,0,,,
H01895,U0379,C163,I002,F006,O031,S064|S119|S133|S163|S230|S056|S111,2025-01-02T21:47:14,supply_context,0,,,
H01810,U0362,C052,I013,F015,O078,S002|S006|S050|S109|S212,2025-01-02T22:41:39,work_context,0,,,
H02955,U0591,C128,I011,F009,O047,S056|S062|S078|S181|S199|S208|S232|S043,2025-01-03T01:03:04,supply_context,1,Manufacturing,Midstream,Path_L
H03255,U0651,C168,I023,F004,O022,S028|S044|S047|S108|S171|S182|S199|S209,2025-01-03T01:48:51,supply_context,1,Supplier Management,Downstream,Path_L
H01750,U0350,C107,I006,F017,O091,S011|S045|S159|S189|S204|S234,2025-01-03T01:56:34,supply_context,0,,,
H01865,U0373,C061,I006,F006,O031,S029|S050|S052|S072|S082|S098|S202|S230,2025-01-03T03:09:57,supply_context,1,SCM,Upstream,Path_H
H03825,U0765,C028,I018,F010,O050,S028|S131|S143|S191|S212|S024,2025-01-03T04:20:44,skill_context,1,Distribution,Upstream,Path_K
H04990,U0998,C302,I007,F002,O008,S041|S063|S105|S111|S220|S236|S240|S060,2025-01-03T04:48:32,skill_context,0,,,
H06555,U1311,C192,I010,F006,O028,S025|S070|S072|S088|S174|S191|S062,2025-01-03T05:46:00,skill_context,0,,,
H04500,U0900,C119,I013,F017,O089,S089|S146|S175|S180|S209|S082,2025-01-03T05:56:50,skill_context,0,,,
H01175,U0235,C224,I004,F014,O072,S007|S076|S122|S126|S127|S168|S201|S059,2025-01-03T06:13:04,collaboration_context,0,,,
H04460,U0892,C286,I009,F014,O073,S024|S080|S087|S140|S185|S205|S114,2025-01-03T07:12:37,collaboration_context,0,,,
H03370,U0674,C188,I009,F001,O003,S047|S095|S109|S130|S153|S121,2025-01-03T07:54:15,work_context,0,,,
H01410,U0282,C289,I018,F012,O060,S061|S065|S097|S188|S232|S058|S122,2025-01-03T09:22:30,collaboration_context,1,Distribution,Midstream,Path_F
H06110,U1222,C097,I007,F018,O095,S001|S032|S054|S056|S073|S096|S163,2025-01-03T11:50:03,skill_context,0,,,
H03855,U0771,C250,I012,F002,O008,S027|S051|S062|S079|S129|S156|S170,2025-01-03T13:37:18,supply_context,0,,,
H05530,U1106,C297,I023,F011,O057,S020|S031|S033|S058|S074|S136|S183,2025-01-03T13:52:01,work_context,0,,,
H01020,U0204,C277,I010,F003,O016,S031|S034|S077|S118|S206|S210|S219|S075,2025-01-03T14:14:55,supply_context,0,,,
H01405,U0281,C221,I019,F014,O071,S046|S095|S119|S172|S186|S079,2025-01-03T15:10:40,work_context,1,Manufacturing,Upstream,Path_B
H06890,U1378,C110,I003,F016,O083,S037|S059|S062|S084|S099|S155|S209|S221,2025-01-03T15:34:33,collaboration_context,1,Retail,Upstream,Path_B
H00315,U0063,C005,I018,F015,O077,S014|S078|S112|S140|S170|S194|S209|S210,2025-01-03T15:52:46,collaboration_context,0,,,
H03990,U0798,C141,I019,F013,O067,S036|S132|S140|S166|S173|S114|S116|S167,2025-01-03T17:54:26,work_context,1,SCM,Upstream,Path_B
H05685,U1137,C089,I007,F013,O066,S071|S087|S121|S146|S192|S223,2025-01-03T17:58:49,supply_context,0,,,
H05050,U1010,C045,I009,F007,O037,S014|S136|S144|S155|S206|S224|S179|S004,2025-01-03T18:38:06,collaboration_context,1,Distribution,Upstream,Path_A
H01445,U0289,C180,I005,F010,O052,S059|S071|S135|S166|S201|S227|S171|S072,2025-01-03T20:14:38,work_context,0,,,
H01880,U0376,C025,I014,F001,O004,S022|S031|S092|S093|S172|S187|S105|S170,2025-01-03T20:28:41,work_context,0,,,
H00670,U0134,C268,I002,F006,O030,S035|S053|S063|S091|S092|S104|S142|S193,2025-01-03T23:57:09,collaboration_context,1,Supplier Management,Midstream,Path_D
H04150,U0830,C315,I003,F007,O036,S103|S114|S120|S142|S153|S202|S207|S203,2025-01-04T00:05:41,work_context,0,,,
H03490,U0698,C251,I004,F015,O076,S029|S035|S060|S190|S213,2025-01-04T00:16:19,skill_context,0,,,
H02975,U0595,C264,I021,F001,O005,S082|S093|S110|S125|S129|S180|S103|S149,2025-01-04T00:38:07,skill_context,0,,,
H04265,U0853,C043,I019,F014,O074,S040|S064|S086|S089|S104|S173|S181|S033,2025-01-04T02:52:23,work_context,0,,,
H06670,U1334,C162,I001,F007,O037,S006|S020|S040|S127|S132|S146|S175|S062,2025-01-04T03:16:17,collaboration_context,1,Supplier Management,Downstream,Path_B
H06245,U1249,C202,I022,F014,O073,S030|S069|S121|S151|S177|S183|S204|S221,2025-01-04T03:33:15,collaboration_context,1,Retail,Midstream,Path_L
H02155,U0431,C044,I017,F009,O046,S014|S091|S102|S150|S156|S160|S235|S057,2025-01-04T04:09:27,collaboration_context,1,Supplier Management,Downstream,Path_J
H03090,U0618,C310,I016,F015,O076,S014|S037|S066|S076|S189|S219|S070|S139,2025-01-04T04:16:43,collaboration_context,1,Retail,Upstream,Path_D
H03030,U0606,C082,I015,F004,O017,S002|S004|S042|S117|S141|S185|S114,2025-01-04T05:01:25,skill_context,0,,,
H01425,U0285,C101,I007,F017,O087,S016|S038|S050|S054|S180|S230,2025-01-04T05:22:58,work_context,1,SCM,Midstream,Path_F
H06350,U1270,C055,I023,F010,O049,S001|S024|S046|S079|S081|S110|S112|S160,2025-01-04T05:55:36,work_context,0,,,
H04950,U0990,C238,I004,F011,O057,S063|S090|S113|S184|S196|S226|S234|S153,2025-01-04T06:17:02,work_context,1,Logistics,Downstream,Path_H
H04955,U0991,C129,I014,F017,O090,S051|S066|S070|S078|S201|S205|S167|S217,2025-01-04T06:52:54,work_context,0,,,
H04910,U0982,C104,I024,F015,O078,S026|S040|S075|S119|S145|S184|S191|S087,2025-01-04T07:30:47,work_context,0,,,
H02020,U0404,C289,I018,F013,O070,S111|S118|S174|S203|S218,2025-01-04T08:17:12,skill_context,1,Manufacturing,Downstream,Path_B
H00170,U0034,C081,I007,F014,O071,S087|S117|S179|S203|S240,2025-01-04T08:35:02,skill_context,0,,,
H06105,U1221,C298,I012,F018,O093,S008|S056|S141|S150|S163|S178|S199|S202,2025-01-04T09:48:02,supply_context,1,Procurement,Midstream,Path_G
H00940,U0188,C215,I020,F012,O064,S055|S056|S057|S149|S207|S225|S232,2025-01-04T10:52:04,collaboration_context,0,,,
H06950,U1390,C015,I001,F007,O034,S002|S073|S101|S123|S133|S142|S206|S233,2025-01-04T12:52:23,supply_context,0,,,
H02950,U0590,C221,I019,F001,O001,S038|S041|S046|S093|S100|S107|S193|S129,2025-01-04T15:07:26,skill_context,1,Distribution,Midstream,Path_C
H02605,U0521,C302,I007,F018,O093,S001|S016|S022|S088|S093|S158|S189|S025,2025-01-04T15:59:38,supply_context,1,Logistics,Upstream,Path_E
H03290,U0658,C168,I023,F008,O039,S082|S092|S094|S102|S219,2025-01-04T16:16:26,skill_context,0,,,
H03245,U0649,C168,I023,F013,O069,S024|S087|S133|S145|S152|S211|S216,2025-01-04T17:41:29,collaboration_context,0,,,
H04560,U0912,C248,I020,F016,O086,S008|S052|S085|S218|S238|S156,2025-01-04T18:28:32,skill_context,1,SCM,Midstream,Path_H
H06485,U1297,C076,I024,F001,O003,S013|S052|S176|S187|S189|S211|S223|S090,2025-01-04T19:20:36,collaboration_context,0,,,
H05780,U1156,C047,I012,F015,O077,S007|S019|S083|S136|S169|S002|S080|S166,2025-01-04T20:01:00,collaboration_context,0,,,
H04475,U0895,C093,I002,F009,O047,S008|S013|S066|S115|S186|S211|S172|S028,2025-01-04T21:37:03,work_context,0,,,
H05765,U1153,C146,I017,F001,O002,S026|S053|S086|S107|S153|S166|S170|S148,2025-01-04T22:45:55,supply_context,0,,,
H04935,U0987,C308,I012,F007,O035,S041|S084|S111|S126|S151|S156|S222|S235,2025-01-04T23:37:52,supply_context,0,,,
H01400,U0280,C227,I019,F008,O040,S046|S121|S132|S184|S234,2025-01-04T23:59:19,collaboration_context,1,SCM,Midstream,Path_G
H07005,U1401,C234,I015,F014,O075,S086|S127|S151|S171|S201|S214|S031,2025-01-05T01:21:37,skill_context,0,,,
H06010,U1202,C101,I007,F018,O093,S003|S022|S030|S144|S147|S096,2025-01-05T01:54:05,work_context,0,,,
H02060,U0412,C217,I007,F011,O059,S065|S087|S120|S163|S199|S061|S038|S026,2025-01-05T02:11:59,supply_context,1,Supplier Management,Midstream,Path_B
H03065,U0613,C198,I002,F001,O005,S015|S030|S033|S047|S099|S100|S209|S219,2025-01-05T02:23:19,supply_context,0,,,
H04630,U0926,C097,I007,F002,O009,S047|S073|S077|S215|S228|S236|S052,2025-01-05T03:05:18,work_context,0,,,
H00865,U0173,C124,I001,F014,O075,S049|S074|S111|S178|S203|S234,2025-01-05T04:33:33,skill_context,0,,,
H04365,U0873,C042,I020,F005,O023,S016|S024|S068|S128|S160|S167|S181|S185,2025-01-05T06:00:45,collaboration_context,0,,,
H02935,U0587,C110,I003,F016,O084,S087|S094|S114|S121|S130|S136|S163|S067,2025-01-05T07:06:21,collaboration_context,0,,,
H00205,U0041,C146,I017,F012,O063,S017|S074|S080|S099|S114|S182|S201,2025-01-05T08:18:59,supply_context,1,Logistics,Upstream,Path_I
H02505,U0501,C278,I004,F005,O023,S001|S029|S039|S042|S085|S101|S208,2025-01-05T08:49:25,supply_context,0,,,
H03830,U0766,C233,I006,F015,O079,S009|S015|S018|S022|S047|S171|S194|S196,2025-01-05T15:41:44,collaboration_context,0,,,
H04360,U0872,C282,I017,F002,O010,S018|S043|S085|S166|S169|S170|S185|S232,2025-01-05T16:19:39,work_context,1,Supplier Management,Midstream,Path_J
H00925,U0185,C216,I010,F013,O065,S048|S064|S116|S123|S161|S165|S206,2025-01-05T17:48:10,skill_context,1,Logistics,Upstream,Path_F
H06935,U1387,C159,I002,F011,O056,S027|S044|S090|S142|S193|S038|S146|S009,2025-01-05T19:46:37,work_context,0,,,
H05200,U1040,C279,I021,F001,O004,S005|S014|S021|S028|S094|S140|S159|S164,2025-01-05T21:28:26,work_context,0,,,
H02540,U0508,C193,I002,F006,O029,S014|S037|S103|S136|S174|S045,2025-01-06T01:03:26,work_context,0,,,
H02800,U0560,C299,I015,F005,O025,S001|S017|S046|S054|S090|S131|S076|S145,2025-01-06T01:53:39,work_context,0,,,
H04165,U0833,C179,I015,F012,O062,S035|S081|S145|S150|S154|S170|S214|S236,2025-01-06T02:06:45,work_context,0,,,
H03110,U0622,C243,I008,F007,O034,S039|S061|S068|S107|S204|S227|S231|S012,2025-01-06T02:14:31,skill_context,0,,,
H06170,U1234,C246,I024,F013,O066,S002|S132|S213|S215|S216|S224|S021|S029,2025-01-06T02:30:41,collaboration_context,1,Logistics,Midstream,Path_F
H04510,U0902,C033,I024,F018,O092,S014|S096|S147|S152|S169|S174|S201|S212,2025-01-06T02:36:33,collaboration_context,1,SCM,Upstream,Path_I
H06640,U1328,C222,I003,F018,O094,S073|S078|S122|S195|S214|S170|S075,2025-01-06T03:05:21,work_context,0,,,
H05300,U1060,C169,I011,F010,O053,S037|S062|S065|S132|S181|S193|S207|S061,2025-01-06T03:22:48,skill_context,1,Retail,Downstream,Path_B
H02275,U0455,C218,I021,F017,O088,S046|S069|S079|S212|S214|S210|S101,2025-01-06T03:35:33,supply_context,1,Retail,Upstream,Path_D
H01485,U0297,C301,I007,F018,O096,S032|S072|S102|S103|S107|S159|S224|S230,2025-01-06T04:05:54,supply_context,0,,,
H02420,U0484,C068,I006,F010,O053,S026|S052|S058|S065|S151|S165|S210,2025-01-06T04:43:12,collaboration_context,1,Procurement,Downstream,Path_H
H05440,U1088,C049,I006,F006,O029,S008|S012|S113|S140|S186|S195|S197|S199,2025-01-06T04:50:14,work_context,1,Manufacturing,Midstream,Path_E
H03935,U0787,C144,I006,F007,O038,S010|S033|S044|S054|S074|S077|S090|S210,2025-01-06T05:18:38,collaboration_context,0,,,
H00650,U0130,C310,I016,F003,O013,S084|S117|S119|S149|S169|S187|S112|S200,2025-01-06T07:23:40,skill_context,0,,,
H05575,U1115,C019,I018,F018,O094,S025|S037|S114|S146|S151|S234|S184,2025-01-06T07:53:52,work_context,0,,,
H02820,U0564,C054,I004,F014,O073,S054|S088|S090|S137|S140|S156|S163|S190,2025-01-06T09:46:33,work_context,0,,,
H03055,U0611,C095,I012,F011,O059,S033|S057|S075|S191|S219|S013|S063|S197,2025-01-06T11:13:18,skill_context,0,,,
H00960,U0192,C305,I018,F011,O055,S011|S074|S125|S148|S186|S110|S094,2025-01-06T12:22:53,work_context,0,,,
H01435,U0287,C155,I005,F007,O034,S057|S065|S098|S137|S164|S168|S171|S227,2025-01-06T13:08:35,collaboration_context,0,,,
H06980,U1396,C264,I021,F017,O089,S002|S042|S051|S079|S117|S118|S209|S211,2025-01-06T13:46:52,work_context,0,,,
H05735,U1147,C230,I002,F016,O085,S013|S021|S037|S044|S047|S194|S230|S227,2025-01-06T18:11:17,skill_context,1,Procurement,Midstream,Path_J
H03670,U0734,C102,I009,F017,O091,S008|S070|S102|S209|S233|S009|S073,2025-01-06T19:00:58,supply_context,0,,,
H04010,U0802,C021,I006,F011,O055,S011|S020|S034|S041|S044|S075|S086|S165,2025-01-06T19:01:34,collaboration_context,1,Procurement,Downstream,Path_H
H04205,U0841,C048,I005,F013,O068,S001|S054|S102|S109|S113|S200|S216|S227,2025-01-06T19:23:20,skill_context,0,,,
H05180,U1036,C156,I005,F009,O044,S109|S117|S145|S151|S215,2025-01-06T20:06:40,collaboration_context,0,,,
H05255,U1051,C182,I011,F001,O003,S031|S033|S042|S184|S188|S041|S108,2025-01-06T21:26:24,skill_context,0,,,
H00330,U0066,C236,I023,F011,O058,S124|S132|S154|S155|S208|S216|S219|S236,2025-01-06T21:47:10,supply_context,1,Logistics,Upstream,Path_E
H06580,U1316,C262,I003,F016,O083,S008|S043|S107|S122|S165|S195|S218|S053,2025-01-06T22:15:11,skill_context,0,,,
H00750,U0150,C158,I014,F018,O096,S030|S082|S115|S117|S165|S207|S220|S233,2025-01-06T22:45:21,work_context,0,,,
H04745,U0949,C086,I010,F011,O056,S128|S162|S175|S192|S218|S233,2025-01-07T01:24:19,supply_context,0,,,
H06830,U1366,C022,I010,F004,O020,S050|S069|S132|S211|S237|S093|S091,2025-01-07T01:38:59,collaboration_context,0,,,
H04915,U0983,C115,I017,F017,O091,S115|S132|S155|S163|S195|S233|S024,2025-01-07T02:22:32,work_context,0,,,
H01150,U0230,C291,I024,F015,O077,S028|S032|S041|S081|S164,2025-01-07T04:29:35,work_context,0,,,
H05750,U1150,C173,I016,F004,O021,S017|S067|S092|S135|S165|S191|S206|S207,2025-01-07T05:52:25,work_context,1,Manufacturing,Downstream,Path_H
H01935,U0387,C164,I012,F005,O024,S004|S034|S067|S145|S198|S206|S011|S097,2025-01-07T06:44:56,supply_context,0,,,
H04505,U0901,C219,I024,F013,O067,S056|S072|S079|S161|S164|S166|S179|S231,2025-01-07T07:26:16,skill_context,0,,,
H00885,U0177,C078,I009,F013,O070,S030|S038|S075|S083|S096|S219|S091|S152,2025-01-07T07:27:27,collaboration_context,1,Logistics,Midstream,Path_J
H06440,U1288,C132,I019,F014,O073,S056|S083|S087|S119|S146|S240,2025-01-07T10:53:02,skill_context,0,,,
H04570,U0914,C007,I017,F008,O041,S004|S059|S063|S114|S119|S163|S192|S127,2025-01-07T11:30:53,collaboration_context,1,SCM,Downstream,Path_C
H01095,U0219,C012,I005,F011,O059,S002|S026|S031|S078|S082|S201|S203|S040,2025-01-07T11:36:30,work_context,1,Logistics,Upstream,Path_I
H06750,U1350,C183,I006,F001,O001,S006|S070|S089|S094|S100|S144|S149|S156,2025-01-07T11:44:56,work_context,1,Logistics,Upstream,Path_D
H02715,U0543,C194,I010,F011,O057,S022|S048|S050|S105|S226|S192|S066,2025-01-07T12:12:07,skill_context,0,,,
H04315,U0863,C026,I012,F009,O047,S100|S115|S136|S180|S203,2025-01-07T12:32:02,work_context,0,,,
H03225,U0645,C259,I009,F012,O061,S014|S020|S071|S083|S119,2025-01-07T12:33:55,supply_context,0,,,
H06660,U1332,C261,I022,F015,O076,S070|S091|S112|S150|S155|S177|S218|S222,2025-01-07T13:27:36,supply_context,0,,,
H00660,U0132,C299,I015,F007,O037,S015|S052|S074|S094|S103|S132|S170|S238,2025-01-07T13:50:26,supply_context,0,,,
H00835,U0167,C264,I021,F008,O042,S056|S131|S154|S161|S185|S197|S235|S165,2025-01-07T15:48:30,skill_context,0,,,
H01325,U0265,C007,I017,F017,O089,S003|S022|S077|S158|S201|S225|S145|S160,2025-01-07T16:08:27,collaboration_context,0,,,
H02595,U0519,C087,I011,F009,O044,S038|S106|S143|S168|S174|S180|S061|S053,2025-01-07T16:45:15,skill_context,1,Logistics,Midstream,Path_I
H02795,U0559,C177,I005,F003,O014,S019|S044|S073|S132|S208|S171|S026,2025-01-07T19:08:08,supply_context,0,,,
H03455,U0691,C225,I022,F016,O086,S025|S182|S202|S215|S220|S227|S225|S066,2025-01-07T21:00:09,supply_context,1,Retail,Upstream,Path_I
H04130,U0826,C204,I016,F018,O092,S039|S084|S105|S184|S224,2025-01-07T23:12:06,supply_context,0,,,
H00565,U0113,C241,I013,F004,O017,S043|S060|S108|S132|S170|S214|S235|S236,2025-01-08T01:11:00,collaboration_context,1,Retail,Downstream,Path_F
H00025,U0005,C105,I005,F015,O080,S031|S090|S094|S113|S140|S189|S190|S223,2025-01-08T01:50:50,collaboration_context,0,,,
H04725,U0945,C005,I018,F017,O089,S038|S070|S201|S204|S228|S128,2025-01-08T02:04:19,skill_context,0,,,
H05470,U1094,C046,I001,F009,O045,S072|S085|S096|S104|S178|S182|S202|S222,2025-01-08T02:30:12,work_context,0,,,
H06425,U1285,C204,I016,F006,O031,S013|S042|S071|S096|S097|S117|S142|S236,2025-01-08T03:07:07,skill_context,0,,,
H04215,U0843,C081,I007,F017,O090,S036|S105|S106|S107|S117|S193,2025-01-08T03:17:44,supply_context,0,,,
H01855,U0371,C306,I018,F013,O070,S017|S028|S148|S152|S165|S204|S230,2025-01-08T03:39:39,work_context,1,Logistics,Upstream,Path_C
H00035,U0007,C318,I017,F014,O072,S002|S010|S136|S147|S164|S215|S224|S231,2025-01-08T03:43:20,supply_context,1,Retail,Midstream,Path_B
H00355,U0071,C001,I003,F016,O085,S071|S120|S175|S194|S219,2025-01-08T04:28:07,work_context,1,Retail,Midstream,Path_K
H05615,U1123,C071,I012,F004,O020,S002|S035|S063|S170|S175|S217|S191,2025-01-08T09:10:31,work_context,0,,,
H03230,U0646,C298,I012,F004,O018,S054|S065|S076|S123|S183|S187|S059|S097,2025-01-08T09:36:30,work_context,1,SCM,Downstream,Path_L
H02390,U0478,C201,I014,F001,O002,S008|S086|S094|S109|S207|S239|S091,2025-01-08T11:32:14,collaboration_context,0,,,
H05975,U1195,C200,I004,F011,O057,S028|S084|S106|S123|S156|S208|S104,2025-01-08T12:26:38,skill_context,0,,,
H06135,U1227,C231,I015,F007,O037,S019|S035|S115|S153|S160|S161|S183|S214,2025-01-08T12:29:40,work_context,0,,,
H06665,U1333,C068,I006,F012,O063,S041|S091|S203|S210|S221|S226,2025-01-08T15:46:41,skill_context,1,Supplier Management,Upstream,Path_F
H02150,U0430,C087,I011,F004,O020,S009|S011|S029|S056|S069|S196|S203,2025-01-08T16:35:27,work_context,0,,,
H07015,U1403,C077,I019,F018,O095,S021|S046|S071|S194|S202|S213|S235|S236,2025-01-08T17:02:21,collaboration_context,1,SCM,Midstream,Path_D
H02915,U0583,C118,I013,F011,O059,S035|S041|S053|S163|S168|S231|S236|S125,2025-01-08T18:07:03,collaboration_context,1,Distribution,Upstream,Path_I
H03640,U0728,C127,I004,F005,O023,S015|S062|S064|S065|S072|S167|S185|S131,2025-01-08T19:11:14,skill_context,0,,,
H03475,U0695,C025,I014,F001,O003,S006|S103|S117|S123|S165|S176,2025-01-08T19:54:34,skill_context,1,Logistics,Midstream,Path_C
H06870,U1374,C146,I017,F004,O020,S007|S034|S040|S168|S206|S039,2025-01-08T21:49:26,supply_context,0,,,
H06530,U1306,C028,I018,F018,O096,S071|S128|S144|S162|S200|S234|S157|S108,2025-01-08T21:54:25,work_context,0,,,
H06415,U1283,C226,I008,F008,O043,S056|S111|S152|S154|S229|S001|S062|S215,2025-01-08T23:35:36,supply_context,1,Procurement,Upstream,Path_F
H02615,U0523,C082,I015,F011,O058,S095|S101|S127|S137|S180|S197|S005,2025-01-09T00:13:46,collaboration_context,1,SCM,Upstream,Path_E
H00415,U0083,C250,I012,F005,O024,S049|S107|S111|S131|S204|S210|S102|S020,2025-01-09T00:40:24,work_context,1,Distribution,Downstream,Path_B
H03130,U0626,C008,I015,F010,O050,S038|S049|S109|S128|S179|S223|S224,2025-01-09T00:59:00,supply_context,0,,,
H04325,U0865,C208,I009,F003,O015,S007|S067|S076|S157|S179|S181|S232,2025-01-09T01:08:19,skill_context,0,,,
H00290,U0058,C222,I003,F004,O017,S034|S074|S075|S089|S197|S156,2025-01-09T01:41:13,skill_context,1,Manufacturing,Midstream,Path_F
H02135,U0427,C008,I015,F017,O089,S044|S071|S091|S166|S174|S192|S221|S096,2025-01-09T03:11:56,skill_context,1,Logistics,Upstream,Path_E
H01870,U0374,C205,I006,F012,O061,S009|S031|S043|S087|S113|S175,2025-01-09T03:25:08,collaboration_context,1,Procurement,Downstream,Path_E
H00580,U0116,C263,I011,F007,O033,S031|S056|S087|S136|S143|S173|S195,2025-01-09T03:47:02,work_context,0,,,
H04720,U0944,C132,I019,F007,O035,S011|S055|S128|S154|S171|S238|S010,2025-01-09T04:23:36,supply_context,0,,,
H03480,U0696,C171,I018,F017,O090,S035|S052|S066|S135|S192|S097,2025-01-09T10:13:37,work_context,0,,,
H00155,U0031,C227,I019,F018,O092,S026|S059|S069|S070|S082|S134|S135|S232,2025-01-09T11:21:32,collaboration_context,1,Logistics,Midstream,Path_H
H04490,U0898,C131,I018,F012,O060,S028|S033|S071|S119|S128|S186|S227|S062,2025-01-09T11:23:54,skill_context,0,,,
H00190,U0038,C223,I012,F016,O084,S125|S145|S150|S185|S195|S214,2025-01-09T12:13:13,collaboration_context,0,,,
H05860,U1172,C252,I024,F018,O094,S047|S088|S097|S115|S150|S199|S050|S128,2025-01-09T14:32:35,collaboration_context,0,,,
H04355,U0871,C293,I001,F006,O029,S004|S051|S124|S174|S194|S041,2025-01-09T15:24:13,skill_context,1,Supplier Management,Downstream,Path_C
H03700,U0740,C161,I009,F002,O008,S068|S081|S108|S126|S179|S221|S224|S200,2025-01-09T16:39:14,collaboration_context,0,,,
H06565,U1313,C072,I010,F008,O040,S012|S026|S030|S052|S065|S137|S174|S127,2025-01-09T17:51:44,collaboration_context,0,,,
H01705,U0341,C051,I019,F018,O092,S021|S035|S073|S132|S138|S163|S172|S228,2025-01-09T19:44:22,work_context,0,,,
H06450,U1290,C258,I010,F012,O063,S018|S059|S071|S086|S095|S124|S238,2025-01-10T00:46:02,supply_context,1,Retail,Downstream,Path_B
H04285,U0857,C213,I020,F003,O012,S011|S028|S040|S077|S098|S111|S150,2025-01-10T00:53:09,work_context,0,,,
H05630,U1126,C058,I020,F006,O031,S029|S051|S117|S171|S187,2025-01-10T02:02:44,skill_context,1,Logistics,Upstream,Path_G
H04985,U0997,C243,I008,F009,O044,S027|S035|S098|S144|S219|S004|S232,2025-01-10T03:33:49,supply_context,1,Distribution,Midstream,Path_I
H03840,U0768,C291,I024,F010,O053,S014|S122|S138|S199|S215,2025-01-10T03:49:10,skill_context,1,Supplier Management,Upstream,Path_I
H02720,U0544,C213,I020,F004,O019,S005|S011|S038|S087|S121|S165|S168|S199,2025-01-10T03:59:45,skill_context,1,Procurement,Midstream,Path_B
H02120,U0424,C284,I016,F018,O093,S120|S129|S133|S221|S229,2025-01-10T04:26:20,skill_context,1,Distribution,Upstream,Path_K
H03385,U0677,C009,I003,F005,O025,S033|S039|S178|S186|S225|S108|S214,2025-01-10T06:43:35,work_context,0,,,
H00530,U0106,C157,I001,F018,O093,S083|S131|S139|S147|S171|S174|S173|S213,2025-01-10T06:54:07,collaboration_context,0,,,
H00770,U0154,C118,I013,F018,O094,S067|S121|S164|S170|S194|S222,2025-01-10T07:26:43,collaboration_context,1,SCM,Downstream,Path_L
H04920,U0984,C111,I011,F014,O074,S050|S056|S074|S079|S081|S118|S164|S188,2025-01-10T09:21:06,work_context,1,Procurement,Downstream,Path_D
H01370,U0274,C237,I016,F016,O082,S011|S033|S082|S103|S152|S162|S148|S177,2025-01-10T09:29:46,work_context,0,,,
H06465,U1293,C247,I003,F010,O049,S056|S079|S092|S101|S179|S187|S227|S058,2025-01-10T12:54:16,work_context,1,Procurement,Downstream,Path_F
H06710,U1342,C033,I024,F017,O090,S009|S025|S091|S153|S160|S174|S016,2025-01-10T13:04:32,skill_context,0,,,
H02805,U0561,C013,I015,F015,O079,S001|S010|S131|S148|S211|S217|S220|S228,2025-01-10T16:18:25,work_context,1,Distribution,Downstream,Path_L
H05030,U1006,C298,I012,F005,O027,S103|S113|S186|S223|S225|S138|S232|S042,2025-01-10T17:57:31,collaboration_context,0,,,
H01430,U0286,C309,I020,F015,O077,S101|S136|S143|S159|S178|S009,2025-01-10T18:55:45,work_context,0,,,
H01570,U0314,C171,I018,F007,O035,S066|S085|S102|S105|S114|S210|S039,2025-01-10T19:26:37,supply_context,1,Manufacturing,Midstream,Path_E
H05145,U1029,C221,I019,F003,O014,S082|S093|S100|S110|S134|S143|S195|S235,2025-01-10T19:55:25,collaboration_context,0,,,
H03755,U0751,C284,I016,F011,O057,S039|S047|S103|S105|S129|S194|S209,2025-01-10T20:39:53,skill_context,0,,,
H06885,U1377,C107,I006,F008,O040,S053|S068|S082|S105|S185|S198|S192|S224,2025-01-10T20:50:36,skill_context,1,Procurement,Downstream,Path_D
H05355,U1071,C176,I007,F018,O094,S015|S022|S044|S055|S149|S152|S186|S181,2025-01-10T22:50:44,skill_context,0,,,
H06570,U1314,C040,I007,F008,O039,S006|S033|S075|S162|S198,2025-01-10T23:47:12,skill_context,0,,,
H06380,U1276,C110,I003,F015,O078,S001|S023|S039|S054|S074|S194|S008,2025-01-11T00:59:41,skill_context,0,,,
H02285,U0457,C182,I011,F017,O090,S001|S052|S057|S082|S094|S124|S171|S189,2025-01-11T03:28:40,supply_context,0,,,
H04830,U0966,C084,I014,F014,O074,S003|S046|S078|S125|S204|S205|S202|S129,2025-01-11T04:14:38,collaboration_context,1,Logistics,Downstream,Path_F
H02825,U0565,C084,I014,F018,O092,S015|S028|S091|S094|S108|S216|S235|S212,2025-01-11T04:35:19,skill_context,0,,,
H02470,U0494,C287,I016,F017,O090,S054|S055|S067|S088|S132|S086|S139|S018,2025-01-11T07:56:59,collaboration_context,0,,,
H01720,U0344,C088,I009,F003,O012,S007|S048|S101|S128|S231|S234,2025-01-11T08:06:30,collaboration_context,0,,,
H06775,U1355,C271,I018,F016,O082,S110|S130|S155|S176|S239|S186,2025-01-11T09:15:45,skill_context,1,Distribution,Downstream,Path_F
H03410,U0682,C242,I022,F008,O042,S007|S065|S095|S140|S142|S211|S130|S078,2025-01-11T11:44:23,collaboration_context,0,,,
H02130,U0426,C035,I013,F006,O029,S098|S102|S120|S138|S145|S185|S194|S034,2025-01-11T13:10:10,collaboration_context,1,Manufacturing,Downstream,Path_J
H00395,U0079,C087,I011,F009,O048,S009|S027|S127|S172|S201|S033,2025-01-11T14:15:49,collaboration_context,0,,,
H06720,U1344,C071,I012,F010,O053,S004|S060|S076|S089|S148|S186|S202|S068,2025-01-11T14:57:00,collaboration_context,0,,,
H04410,U0882,C124,I001,F010,O050,S100|S101|S162|S217|S227|S193,2025-01-11T15:23:08,skill_context,1,Manufacturing,Midstream,Path_A
H03550,U0710,C126,I016,F012,O063,S022|S051|S073|S074|S197|S220,2025-01-11T16:02:16,collaboration_context,0,,,
H04945,U0989,C194,I010,F016,O086,S023|S038|S083|S116|S144|S162|S191|S239,2025-01-11T16:06:30,work_context,1,Manufacturing,Downstream,Path_H
H02355,U0471,C304,I020,F002,O009,S053|S060|S103|S175|S213|S210|S020|S031,2025-01-11T16:44:42,work_context,0,,,
H01105,U0221,C171,I018,F014,O072,S021|S036|S054|S103|S106|S148|S206|S184,2025-01-11T17:55:13,supply_context,0,,,
H05910,U1182,C100,I005,F017,O090,S079|S080|S088|S110|S114|S221|S156|S062,2025-01-11T18:37:11,work_context,0,,,
H00950,U0190,C048,I005,F017,O088,S077|S085|S116|S143|S158|S166,2025-01-11T19:11:14,supply_context,0,,,
H04260,U0852,C042,I020,F009,O048,S017|S069|S133|S168|S221|S016|S211|S102,2025-01-11T19:22:42,supply_context,1,Retail,Downstream,Path_J
H05185,U1037,C024,I001,F008,O040,S093|S094|S097|S128|S139|S182|S222,2025-01-11T20:14:17,skill_context,0,,,
H06070,U1214,C099,I020,F012,O063,S030|S035|S065|S133|S194|S196|S214|S234,2025-01-11T20:41:43,collaboration_context,1,Distribution,Downstream,Path_I
H06015,U1203,C132,I019,F008,O042,S001|S058|S149|S154|S176|S186|S240|S164,2025-01-11T20:48:11,collaboration_context,0,,,
H03005,U0601,C254,I022,F001,O004,S043|S093|S117|S156|S176|S199,2025-01-11T21:55:18,supply_context,0,,,
H01495,U0299,C290,I023,F002,O009,S006|S040|S043|S062|S109|S120|S131|S215,2025-01-11T22:53:08,work_context,1,Distribution,Upstream,Path_F
H04350,U0870,C020,I004,F013,O065,S040|S057|S062|S065|S159|S191|S069|S110,2025-01-12T00:22:37,work_context,0,,,
H00060,U0012,C251,I004,F013,O070,S031|S073|S148|S191|S220|S222|S044,2025-01-12T01:49:13,supply_context,1,Procurement,Downstream,Path_L
H01915,U0383,C019,I018,F018,O094,S093|S131|S142|S146|S173,2025-01-12T01:51:21,work_context,1,Manufacturing,Upstream,Path_D
H04070,U0814,C058,I020,F003,O016,S060|S085|S128|S135|S162|S218|S100|S216,2025-01-12T03:10:55,work_context,1,SCM,Upstream,Path_L
H03880,U0776,C113,I004,F014,O074,S047|S102|S114|S153|S211|S216|S235|S041,2025-01-12T04:09:33,supply_context,1,Logistics,Downstream,Path_B
H03765,U0753,C262,I003,F010,O053,S011|S026|S068|S135|S206|S225|S227|S239,2025-01-12T04:12:18,skill_context,0,,,
H01035,U0207,C318,I017,F017,O089,S060|S063|S068|S138|S177|S181|S226|S032,2025-01-12T06:05:13,supply_context,0,,,
H06730,U1346,C159,I002,F001,O006,S035|S083|S126|S128|S134|S167|S183,2025-01-12T06:20:13,collaboration_context,1,Distribution,Upstream,Path_E
H02110,U0422,C195,I007,F018,O094,S006|S055|S076|S079|S154|S171|S239|S177,2025-01-12T06:33:25,collaboration_context,0,,,
H01210,U0242,C311,I018,F001,O006,S005|S030|S062|S066|S108|S144,2025-01-12T06:47:14,work_context,0,,,
H00340,U0068,C217,I007,F014,O072,S004|S009|S042|S140|S188|S216|S227|S052,2025-01-12T08:46:36,work_context,1,SCM,Midstream,Path_H
H02590,U0518,C204,I016,F001,O002,S062|S067|S083|S096|S139|S153|S163|S187,2025-01-12T08:52:29,collaboration_context,0,,,
H05230,U1046,C036,I011,F009,O045,S055|S095|S104|S109|S159,2025-01-12T09:11:24,collaboration_context,1,Procurement,Upstream,Path_A
H03200,U0640,C056,I008,F010,O051,S054|S154|S194|S200|S236,2025-01-12T09:14:21,collaboration_context,0,,,
H05265,U1053,C302,I007,F007,O033,S030|S059|S111|S136|S158|S200|S221|S149,2025-01-12T09:54:28,collaboration_context,0,,,
H01285,U0257,C075,I011,F002,O010,S063|S081|S090|S102|S111|S134|S204,2025-01-12T10:13:12,supply_context,1,Supplier Management,Midstream,Path_K
H03785,U0757,C013,I015,F006,O032,S005|S021|S041|S067|S087|S118|S158|S219,2025-01-12T10:53:03,skill_context,0,,,
H03485,U0697,C166,I018,F013,O065,S012|S133|S147|S148|S156|S225,2025-01-12T12:26:16,collaboration_context,1,Logistics,Downstream,Path_E
H02780,U0556,C228,I008,F001,O005,S040|S087|S128|S158|S183|S190|S201|S191,2025-01-12T12:29:59,supply_context,1,Manufacturing,Midstream,Path_C
H06360,U1272,C313,I015,F018,O095,S138|S156|S189|S202|S231|S164,2025-01-12T12:53:31,collaboration_context,0,,,
H01985,U0397,C144,I006,F007,O036,S007|S011|S030|S101|S175,2025-01-12T13:04:45,work_context,0,,,
H05365,U1073,C137,I013,F011,O057,S038|S127|S193|S203|S229|S101|S147,2025-01-12T15:32:41,supply_context,0,,,
H05460,U1092,C028,I018,F001,O005,S026|S043|S067|S168|S194|S230|S120|S094,2025-01-12T15:55:07,skill_context,0,,,
H05385,U1077,C033,I024,F011,O057,S021|S027|S091|S179|S215|S239|S131,2025-01-12T16:01:58,supply_context,0,,,
H00545,U0109,C070,I017,F006,O032,S008|S010|S028|S125|S210|S214,2025-01-12T16:13:06,skill_context,1,SCM,Downstream,Path_D
H06445,U1289,C096,I017,F012,O064,S007|S008|S016|S038|S063|S138|S238|S085,2025-01-12T16:31:35,collaboration_context,0,,,
H02620,U0524,C105,I005,F013,O065,S040|S106|S108|S114|S133|S159|S101|S041,2025-01-12T21:27:59,skill_context,0,,,
H07020,U1404,C185,I021,F013,O070,S058|S116|S121|S138|S158|S049|S119,2025-01-12T23:21:42,skill_context,1,Manufacturing,Downstream,Path_I
H03875,U0775,C259,I009,F017,O090,S080|S083|S111|S115|S155|S226,2025-01-12T23:31:38,collaboration_context,0,,,
H04565,U0913,C271,I018,F016,O082,S020|S073|S124|S169|S206|S220|S056|S187,2025-01-12T23:46:29,work_context,0,,,
H06515,U1303,C016,I006,F009,O047,S079|S168|S180|S184|S211|S220|S225|S209,2025-01-13T01:04:37,work_context,0,,,
H01640,U0328,C097,I007,F006,O030,S102|S140|S202|S214|S221|S036|S191|S178,2025-01-13T04:30:54,skill_context,1,Supplier Management,Upstream,Path_K
H06535,U1307,C085,I023,F010,O054,S014|S086|S093|S121|S171|S194|S196|S146,2025-01-13T05:51:58,skill_context,1,Manufacturing,Midstream,Path_H
H04030,U0806,C190,I023,F018,O094,S015|S121|S195|S200|S235,2025-01-13T06:03:12,supply_context,1,Distribution,Midstream,Path_D
H04655,U0931,C283,I010,F008,O039,S026|S046|S068|S091|S108|S140|S188,2025-01-13T06:20:53,collaboration_context,1,SCM,Upstream,Path_B
H04940,U0988,C202,I022,F018,O094,S006|S022|S063|S081|S108|S140|S189|S212,2025-01-13T06:33:22,skill_context,0,,,
H06395,U1279,C217,I007,F005,O025,S029|S046|S065|S094|S192|S194|S235|S091,2025-01-13T10:29:54,supply_context,0,,,
H01155,U0231,C166,I018,F010,O050,S018|S121|S122|S153|S162|S172|S183|S191,2025-01-13T11:19:04,supply_context,1,Distribution,Upstream,Path_E
H03095,U0619,C135,I017,F015,O078,S014|S016|S027|S079|S206|S233|S167,2025-01-13T11:54:02,collaboration_context,1,Manufacturing,Upstream,Path_D
H03950,U0790,C125,I007,F004,O022,S014|S040|S070|S075|S196|S208|S222|S099,2025-01-13T13:02:50,collaboration_context,1,Distribution,Midstream,Path_F
H02625,U0525,C033,I024,F003,O016,S049|S072|S098|S141|S157|S162,2025-01-13T16:33:17,work_context,1,Distribution,Upstream,Path_E
H04930,U0986,C122,I015,F004,O017,S022|S030|S094|S110|S169|S188|S195|S216,2025-01-13T19:14:45,supply_context,1,Distribution,Upstream,Path_I
H02370,U0474,C190,I023,F015,O077,S033|S064|S079|S167|S183|S204|S205|S143,2025-01-13T20:13:44,collaboration_context,0,,,
H02575,U0515,C097,I007,F014,O073,S003|S025|S165|S175|S213,2025-01-13T22:18:20,supply_context,0,,,
H05935,U1187,C103,I011,F004,O020,S005|S022|S046|S083|S120|S184|S239|S214,2025-01-13T22:31:50,collaboration_context,0,,,
H03865,U0773,C021,I006,F013,O068,S057|S058|S118|S122|S127|S153|S170|S037,2025-01-14T01:04:34,supply_context,1,SCM,Upstream,Path_F
H05085,U1017,C075,I011,F002,O007,S007|S010|S044|S086|S174|S079|S231|S022,2025-01-14T03:08:35,work_context,0,,,
H05025,U1005,C173,I016,F007,O037,S018|S053|S064|S072|S085|S098|S165|S148,2025-01-14T04:00:09,skill_context,0,,,
H06355,U1271,C209,I019,F001,O002,S006|S153|S190|S191|S238|S044|S192|S156,2025-01-14T06:21:49,supply_context,1,Logistics,Midstream,Path_K
H06230,U1246,C171,I018,F006,O028,S043|S070|S091|S095|S146|S015|S170|S225,2025-01-14T07:40:43,skill_context,1,SCM,Downstream,Path_C
H01245,U0249,C017,I012,F018,O096,S093|S102|S103|S133|S187|S188,2025-01-14T09:56:18,work_context,0,,,
H02765,U0553,C311,I018,F011,O059,S006|S013|S052|S099|S169|S184|S216|S221,2025-01-14T10:07:29,supply_context,1,Procurement,Upstream,Path_K
H06960,U1392,C178,I022,F008,O039,S032|S154|S158|S168|S193|S012|S108,2025-01-14T10:55:51,skill_context,1,Logistics,Midstream,Path_L
H00495,U0099,C018,I020,F008,O043,S001|S040|S044|S069|S072|S080|S085|S143,2025-01-14T11:34:16,supply_context,0,,,
H05565,U1113,C318,I017,F013,O069,S047|S075|S109|S200|S229,2025-01-14T12:12:59,skill_context,1,Procurement,Downstream,Path_E
H06610,U1322,C316,I013,F004,O022,S020|S032|S112|S113|S132|S188|S203|S204,2025-01-14T13:08:46,work_context,0,,,
H01800,U0360,C251,I004,F013,O065,S028|S088|S104|S108|S158|S091|S099,2025-01-14T13:52:12,work_context,0,,,
H03140,U0628,C264,I021,F010,O053,S040|S126|S134|S136|S148|S164|S210|S239,2025-01-14T14:15:55,skill_context,0,,,
H02415,U0483,C159,I002,F003,O015,S026|S082|S171|S209|S224,2025-01-14T15:10:43,work_context,0,,,
H05815,U1163,C315,I003,F003,O016,S040|S045|S054|S064|S128|S111|S008|S225,2025-01-14T15:43:40,collaboration_context,1,Procurement,Midstream,Path_L
H01230,U0246,C021,I006,F018,O092,S020|S049|S063|S091|S114|S122|S229,2025-01-14T16:01:22,supply_context,1,Procurement,Midstream,Path_E
H01280,U0256,C052,I013,F010,O054,S083|S118|S126|S169|S211,2025-01-14T17:19:13,collaboration_context,0,,,
H03190,U0638,C221,I019,F015,O076,S044|S188|S214|S217|S231,2025-01-14T18:54:51,work_context,0,,,
H05245,U1049,C236,I023,F005,O027,S007|S008|S012|S090|S113|S191|S214|S178,2025-01-14T20:25:48,collaboration_context,1,Manufacturing,Downstream,Path_L
H06115,U1223,C293,I001,F003,O013,S008|S032|S100|S123|S125|S141|S144|S162,2025-01-14T20:33:50,skill_context,0,,,
H01820,U0364,C078,I009,F016,O084,S087|S119|S125|S163|S181|S070|S123|S190,2025-01-14T21:41:38,supply_context,0,,,
H01645,U0329,C131,I018,F003,O013,S022|S059|S163|S188|S239|S114,2025-01-14T22:35:07,skill_context,0,,,
H03930,U0786,C125,I007,F015,O077,S035|S037|S064|S112|S165|S222|S226|S168,2025-01-14T23:31:58,collaboration_context,0,,,
H04065,U0813,C101,I007,F018,O093,S034|S049|S083|S087|S130|S143|S187|S072,2025-01-15T00:58:47,work_context,0,,,
H00115,U0023,C258,I010,F002,O007,S032|S039|S059|S097|S098|S156|S232,2025-01-15T01:05:11,supply_context,1,Retail,Midstream,Path_I
H06895,U1379,C147,I008,F011,O057,S002|S010|S128|S194|S213|S240,2025-01-15T01:09:23,supply_context,0,,,
H00585,U0117,C176,I007,F010,O054,S042|S104|S146|S179|S203|S210|S216|S218,2025-01-15T02:30:23,work_context,1,SCM,Downstream,Path_C
H06435,U1287,C146,I017,F005,O026,S008|S057|S100|S117|S133,2025-01-15T05:41:40,supply_context,1,Distribution,Upstream,Path_J
H04090,U0818,C075,I011,F007,O037,S030|S043|S111|S120|S141|S157|S177|S219,2025-01-15T06:40:24,collaboration_context,0,,,
H03770,U0754,C218,I021,F013,O065,S011|S072|S078|S110|S122|S159|S191|S050,2025-01-15T08:35:44,work_context,0,,,
H00905,U0181,C182,I011,F015,O080,S004|S007|S054|S091|S102|S156|S222|S217,2025-01-15T08:46:50,work_context,0,,,
H02985,U0597,C009,I003,F010,O051,S012|S027|S028|S043|S091|S140|S221|S021,2025-01-15T08:53:15,collaboration_context,1,Distribution,Upstream,Path_L
H04095,U0819,C027,I021,F007,O036,S018|S027|S049|S114|S134|S139|S181,2025-01-15T09:10:16,supply_context,1,Supplier Management,Upstream,Path_G
H00270,U0054,C175,I008,F007,O036,S064|S069|S090|S140|S232|S191,2025-01-15T10:14:52,supply_context,1,SCM,Downstream,Path_G
H02545,U0509,C215,I020,F010,O051,S041|S046|S111|S116|S159|S192|S217|S031,2025-01-15T10:44:09,skill_context,0,,,
H06590,U1318,C162,I001,F006,O032,S067|S072|S074|S080|S142|S161|S213|S225,2025-01-15T10:50:11,skill_context,1,Manufacturing,Upstream,Path_C
H06330,U1266,C254,I022,F015,O079,S041|S093|S098|S108|S167|S196|S207|S214,2025-01-15T11:48:03,work_context,0,,,
H03260,U0652,C018,I020,F008,O043,S004|S100|S145|S183|S232|S009|S135|S227,2025-01-15T13:17:52,work_context,0,,,
H00595,U0119,C260,I019,F012,O062,S010|S119|S129|S189|S223|S240|S059|S111,2025-01-15T14:06:27,skill_context,0,,,
H03565,U0713,C112,I008,F010,O052,S119|S165|S178|S186|S225|S078,2025-01-15T14:43:16,work_context,1,Retail,Upstream,Path_I
H01845,U0369,C088,I009,F012,O060,S082|S097|S121|S147|S170|S191|S223|S225,2025-01-15T14:57:12,work_context,0,,,
H02495,U0499,C154,I022,F010,O052,S059|S071|S133|S191|S198|S202|S221|S096,2025-01-15T16:29:22,collaboration_context,0,,,
H02175,U0435,C161,I009,F007,O033,S005|S010|S037|S121|S137|S180|S216|S239,2025-01-15T16:30:45,collaboration_context,1,Retail,Downstream,Path_G
H02750,U0550,C145,I012,F004,O018,S021|S033|S092|S099|S136|S176,2025-01-15T17:24:09,supply_context,0,,,
H05430,U1086,C214,I022,F011,O056,S033|S060|S078|S086|S127|S130,2025-01-15T17:57:11,supply_context,1,SCM,Midstream,Path_D
H06290,U1258,C015,I001,F001,O001,S013|S086|S088|S144|S182|S191|S204,2025-01-15T18:12:46,work_context,1,Procurement,Upstream,Path_D
H00455,U0091,C104,I024,F013,O067,S039|S050|S131|S222|S228|S133|S021,2025-01-15T18:30:21,skill_context,0,,,
H04445,U0889,C169,I011,F004,O022,S002|S036|S046|S133|S164|S188|S208|S011,2025-01-15T19:22:12,skill_context,0,,,
H01710,U0342,C289,I018,F011,O055,S035|S087|S136|S140|S164|S047,2025-01-15T19:29:39,collaboration_context,1,Manufacturing,Midstream,Path_L
H02870,U0574,C166,I018,F009,O045,S065|S083|S123|S187|S210|S221,2025-01-15T20:09:58,work_context,0,,,
H01550,U0310,C100,I005,F001,O001,S048|S076|S092|S107|S144|S154|S210|S239,2025-01-15T21:31:33,work_context,0,,,
H04650,U0930,C157,I001,F017,O091,S032|S044|S096|S145|S166,2025-01-15T21:44:31,supply_context,1,Procurement,Upstream,Path_K
H04905,U0981,C167,I002,F014,O071,S019|S076|S141|S158|S191|S068|S149,2025-01-15T22:11:57,work_context,1,SCM,Downstream,Path_B
H03315,U0663,C082,I015,F003,O012,S028|S030|S041|S053|S147|S196|S208|S138,2025-01-15T22:23:15,collaboration_context,1,SCM,Upstream,Path_K
H03970,U0794,C220,I006,F010,O050,S024|S032|S170|S209|S233|S005|S108|S110,2025-01-15T22:44:38,collaboration_context,0,,,
H02180,U0436,C124,I001,F013,O065,S026|S055|S087|S138|S151|S201|S213|S223,2025-01-16T00:25:31,work_context,0,,,
H02700,U0540,C059,I014,F006,O029,S061|S120|S156|S161|S189|S205|S217|S240,2025-01-16T00:50:26,work_context,1,Supplier Management,Downstream,Path_C
H01510,U0302,C171,I018,F012,O064,S023|S047|S053|S071|S090|S154|S182|S185,2025-01-16T01:42:59,skill_context,1,Distribution,Downstream,Path_C
H05790,U1158,C037,I009,F015,O076,S012|S013|S118|S119|S121|S218|S220|S227,2025-01-16T02:57:43,skill_context,0,,,
H06320,U1264,C082,I015,F002,O010,S109|S120|S131|S158|S237,2025-01-16T04:41:45,work_context,0,,,
H02645,U0529,C136,I023,F010,O049,S049|S053|S091|S146|S175|S219|S023|S227,2025-01-16T04:49:45,skill_context,1,SCM,Downstream,Path_I
H00475,U0095,C217,I007,F009,O048,S017|S044|S075|S088|S098|S106|S156|S217,2025-01-16T04:59:29,work_context,0,,,
H00335,U0067,C298,I012,F013,O070,S006|S035|S075|S086|S199|S230|S032|S133,2025-01-16T05:28:55,skill_context,0,,,
H02090,U0418,C297,I023,F013,O068,S008|S025|S028|S039|S057|S150|S156|S215,2025-01-16T07:19:13,collaboration_context,1,Supplier Management,Upstream,Path_G
H00605,U0121,C056,I008,F009,O046,S011|S062|S114|S137|S239,2025-01-16T07:43:08,work_context,0,,,
H01350,U0270,C186,I001,F018,O096,S073|S096|S103|S163|S192|S236|S240|S217,2025-01-16T07:49:29,supply_context,1,Manufacturing,Upstream,Path_G
H03975,U0795,C264,I021,F011,O055,S016|S049|S127|S150|S173|S188|S213,2025-01-16T08:31:44,collaboration_context,0,,,
H04690,U0938,C176,I007,F005,O027,S018|S051|S089|S125|S225,2025-01-16T08:44:02,collaboration_context,0,,,
H00200,U0040,C249,I018,F016,O082,S042|S053|S088|S091|S230|S156|S169|S021,2025-01-16T09:42:20,collaboration_context,0,,,
H04015,U0803,C063,I003,F004,O020,S018|S054|S067|S089|S187,2025-01-16T10:16:44,work_context,0,,,
H03400,U0680,C198,I002,F010,O049,S099|S108|S156|S159|S200|S208|S231,2025-01-16T10:49:45,collaboration_context,0,,,
H00380,U0076,C155,I005,F005,O027,S056|S119|S207|S210|S235|S157,2025-01-16T11:44:42,supply_context,0,,,
H04520,U0904,C246,I024,F004,O020,S034|S110|S128|S138|S155|S088,2025-01-16T12:00:33,skill_context,0,,,
H02875,U0575,C081,I007,F003,O014,S050|S072|S152|S177|S222|S168,2025-01-16T12:29:47,collaboration_context,0,,,
H06490,U1298,C042,I020,F014,O071,S011|S016|S020|S035|S039|S135|S163,2025-01-16T12:41:50,skill_context,1,Logistics,Midstream,Path_K
H03180,U0636,C016,I006,F012,O062,S088|S092|S096|S106|S109|S127|S181|S236,2025-01-16T13:00:53,supply_context,0,,,
H03170,U0634,C114,I014,F014,O073,S033|S090|S144|S164|S197|S240|S011|S191,2025-01-16T13:02:43,collaboration_context,0,,,
H06345,U1269,C208,I009,F006,O028,S035|S104|S112|S135|S177|S192|S083|S229,2025-01-16T16:35:21,collaboration_context,0,,,
H03505,U0701,C165,I017,F013,O069,S001|S044|S115|S119|S127|S137|S149|S156,2025-01-16T17:05:09,supply_context,0,,,
H04880,U0976,C259,I009,F012,O064,S004|S101|S113|S120|S140|S166|S204,2025-01-16T18:15:01,collaboration_context,0,,,
H01620,U0324,C120,I017,F012,O063,S013|S065|S083|S095|S111|S127|S143|S218,2025-01-16T19:28:12,work_context,0,,,
H06265,U1253,C096,I017,F005,O025,S032|S046|S089|S131|S181|S223|S230|S133,2025-01-16T19:36:48,work_context,0,,,
H04590,U0918,C100,I005,F010,O053,S008|S014|S068|S127|S170|S189,2025-01-16T20:23:55,work_context,0,,,
H01315,U0263,C207,I008,F013,O067,S024|S112|S173|S174|S176|S195|S231|S022,2025-01-16T21:33:33,skill_context,0,,,
H00955,U0191,C284,I016,F016,O085,S016|S019|S048|S049|S173|S180|S229|S055,2025-01-16T22:00:47,skill_context,1,Manufacturing,Upstream,Path_H
H02485,U0497,C149,I009,F001,O002,S019|S038|S076|S119|S159|S202|S229,2025-01-16T22:08:07,skill_context,0,,,
H01840,U0368,C138,I021,F014,O073,S062|S080|S085|S145|S156|S173|S174|S239,2025-01-17T00:05:59,work_context,0,,,
H03585,U0717,C039,I023,F003,O016,S009|S019|S025|S115|S123|S140|S142|S175,2025-01-17T00:12:18,supply_context,0,,,
H06805,U1361,C013,I015,F001,O002,S032|S133|S162|S212|S228|S035,2025-01-17T01:35:15,work_context,1,Distribution,Upstream,Path_C
H01330,U0266,C274,I017,F015,O080,S004|S036|S042|S049|S113|S153|S177|S236,2025-01-17T02:09:37,work_context,0,,,
H06340,U1268,C307,I023,F012,O064,S048|S118|S130|S188|S204|S214,2025-01-17T02:24:52,collaboration_context,0,,,
H04300,U0860,C289,I018,F001,O001,S024|S064|S086|S106|S148|S169|S193|S203,2025-01-17T02:25:35,collaboration_context,0,,,
H04270,U0854,C088,I009,F017,O089,S007|S083|S106|S196|S206|S238|S148|S145,2025-01-17T05:49:56,supply_context,1,Distribution,Midstream,Path_J
H05600,U1120,C214,I022,F005,O023,S008|S073|S127|S192|S196|S218|S168,2025-01-17T06:15:01,supply_context,1,Supplier Management,Midstream,Path_H
H01520,U0304,C088,I009,F017,O087,S005|S056|S057|S170|S202|S213|S145,2025-01-17T06:16:24,collaboration_context,1,Logistics,Downstream,Path_K
H02665,U0533,C312,I022,F015,O080,S030|S050|S061|S078|S202|S126|S119|S106,2025-01-17T06:19:10,supply_context,1,Supplier Management,Upstream,Path_E
H01940,U0388,C026,I012,F013,O069,S002|S038|S055|S070|S115|S120|S182|S202,2025-01-17T06:43:40,skill_context,0,,,
H01635,U0327,C234,I015,F010,O049,S017|S057|S096|S127|S146|S196|S119|S013,2025-01-17T07:18:41,collaboration_context,1,SCM,Midstream,Path_B
H01050,U0210,C198,I002,F014,O075,S051|S093|S105|S134|S199|S219|S102|S052,2025-01-17T07:36:23,collaboration_context,0,,,
H00390,U0078,C200,I004,F008,O039,S009|S066|S080|S131|S132,2025-01-17T08:18:17,supply_context,1,Retail,Upstream,Path_A
H02065,U0413,C135,I017,F008,O040,S049|S059|S061|S084|S090|S124|S160|S214,2025-01-17T10:47:29,supply_context,0,,,
H00075,U0015,C289,I018,F017,O087,S008|S118|S125|S127|S139,2025-01-17T12:09:40,skill_context,1,Retail,Upstream,Path_J
H01085,U0217,C140,I022,F017,O088,S081|S084|S112|S124|S171|S194|S199|S201,2025-01-17T12:28:02,supply_context,1,Logistics,Downstream,Path_K
H03750,U0750,C219,I024,F004,O018,S072|S073|S128|S136|S137|S171|S173,2025-01-17T12:55:47,work_context,0,,,
H06155,U1231,C027,I021,F017,O089,S049|S064|S103|S121|S126|S180|S202|S215,2025-01-17T12:58:52,work_context,0,,,
H06270,U1254,C315,I003,F007,O037,S036|S053|S064|S109|S127|S188|S196|S238,2025-01-17T17:13:18,collaboration_context,0,,,
H00095,U0019,C224,I004,F001,O001,S015|S088|S128|S181|S223|S002|S189,2025-01-17T20:11:13,skill_context,1,Manufacturing,Midstream,Path_K
H04125,U0825,C109,I014,F003,O013,S054|S064|S112|S122|S150|S192|S206|S231,2025-01-17T20:40:15,collaboration_context,0,,,
H06240,U1248,C015,I001,F001,O006,S026|S027|S048|S095|S172|S180|S239|S107,2025-01-17T20:49:00,supply_context,0,,,
H00575,U0115,C202,I022,F004,O022,S089|S097|S104|S110|S131|S164|S194,2025-01-17T21:38:00,skill_context,0,,,
H01300,U0260,C213,I020,F001,O004,S006|S037|S110|S130|S134|S187|S072|S019,2025-01-17T22:50:01,work_context,0,,,
H05160,U1032,C104,I024,F013,O066,S025|S063|S070|S105|S118|S156|S189|S148,2025-01-18T00:37:38,collaboration_context,1,Manufacturing,Downstream,Path_A
H04320,U0864,C274,I017,F009,O048,S053|S136|S153|S201|S207|S109|S033,2025-01-18T01:26:13,supply_context,0,,,
H03540,U0708,C067,I002,F006,O031,S002|S023|S096|S188|S239|S165|S234|S080,2025-01-18T01:38:50,supply_context,1,Retail,Downstream,Path_K
H06825,U1365,C265,I014,F015,O077,S040|S055|S060|S072|S141|S053,2025-01-18T01:51:38,collaboration_context,1,Supplier Management,Downstream,Path_G
H06385,U1277,C036,I011,F003,O015,S055|S137|S160|S168|S178|S196|S238|S198,2025-01-18T02:16:28,supply_context,1,Logistics,Downstream,Path_L
H03535,U0707,C057,I023,F008,O043,S004|S005|S055|S059|S136|S149|S225|S099,2025-01-18T03:02:36,supply_context,1,SCM,Upstream,Path_D
H04415,U0883,C051,I019,F003,O013,S060|S064|S125|S171|S191|S040,2025-01-18T04:29:22,work_context,0,,,
H00010,U0002,C137,I013,F001,O005,S025|S062|S084|S099|S180|S198|S194|S228,2025-01-18T06:08:20,supply_context,0,,,
H01815,U0363,C106,I021,F003,O016,S078|S143|S188|S226|S235|S098,2025-01-18T06:12:08,skill_context,0,,,
H03020,U0604,C264,I021,F005,O023,S054|S071|S141|S147|S156|S163|S213|S134,2025-01-18T06:16:43,skill_context,0,,,
H05580,U1116,C127,I004,F015,O078,S018|S109|S129|S168|S169|S094|S121|S076,2025-01-18T06:20:22,supply_context,1,Procurement,Downstream,Path_K
H00995,U0199,C212,I016,F006,O031,S079|S153|S172|S202|S209|S008,2025-01-18T06:32:41,supply_context,0,,,
H05315,U1063,C296,I011,F017,O088,S054|S058|S166|S178|S206|S125,2025-01-18T06:49:34,skill_context,0,,,
H06850,U1370,C090,I003,F014,O073,S010|S074|S077|S089|S145|S229,2025-01-18T07:02:38,supply_context,1,SCM,Upstream,Path_K
H04275,U0855,C278,I004,F005,O024,S025|S050|S065|S100|S144|S190|S233|S060,2025-01-18T07:19:31,skill_context,0,,,
H06325,U1265,C302,I007,F005,O023,S090|S104|S112|S189|S228|S163|S129|S146,2025-01-18T08:56:52,skill_context,1,Procurement,Midstream,Path_G
H04900,U0980,C259,I009,F013,O067,S020|S085|S109|S171|S174,2025-01-18T09:05:10,work_context,0,,,
H00630,U0126,C034,I009,F003,O016,S056|S068|S072|S101|S127|S143|S177|S234,2025-01-18T09:07:03,supply_context,1,Logistics,Upstream,Path_H
H03910,U0782,C017,I012,F012,O063,S011|S025|S038|S091|S098|S183,2025-01-18T09:42:15,collaboration_context,0,,,
H03425,U0685,C141,I019,F018,O094,S015|S018|S027|S048|S092|S207|S116|S112,2025-01-18T10:26:10,supply_context,0,,,
H05485,U1097,C257,I006,F012,O061,S120|S160|S167|S179|S190|S220,2025-01-18T11:02:13,collaboration_context,1,Manufacturing,Upstream,Path_K
H05945,U1189,C102,I009,F013,O068,S007|S045|S093|S135|S186|S196|S208|S235,2025-01-18T12:08:33,collaboration_context,0,,,
H06655,U1331,C216,I010,F001,O003,S003|S017|S018|S068|S182|S225|S229|S236,2025-01-18T13:05:46,supply_context,1,SCM,Downstream,Path_A
H02335,U0467,C297,I023,F003,O012,S041|S068|S107|S149|S180|S215|S224|S094,2025-01-18T14:37:29,collaboration_context,0,,,
H02810,U0562,C093,I002,F016,O086,S005|S024|S119|S190|S225|S059,2025-01-18T14:45:03,supply_context,0,,,
H00810,U0162,C125,I007,F001,O005,S054|S057|S061|S084|S092|S141|S144|S139,2025-01-18T16:15:07,skill_context,0,,,
H02690,U0538,C243,I008,F014,O074,S104|S107|S119|S123|S180|S204|S217|S205,2025-01-18T16:32:32,skill_context,1,Manufacturing,Midstream,Path_B
H05520,U1104,C297,I023,F001,O005,S005|S030|S044|S045|S065|S123|S178|S205,2025-01-18T16:46:21,skill_context,1,Retail,Downstream,Path_J
H04155,U0831,C016,I006,F002,O009,S015|S017|S034|S035|S075|S124|S211|S144,2025-01-18T16:50:42,collaboration_context,0,,,
H01970,U0394,C088,I009,F011,O056,S017|S052|S078|S082|S154,2025-01-18T18:01:51,supply_context,0,,,
H02000,U0400,C118,I013,F006,O028,S092|S115|S145|S176|S181|S184,2025-01-18T18:09:02,skill_context,0,,,
H00070,U0014,C216,I010,F010,O053,S027|S031|S084|S144|S148|S153|S204|S225,2025-01-18T18:59:35,skill_context,1,Distribution,Downstream,Path_C
H02245,U0449,C005,I018,F003,O012,S001|S026|S112|S187|S200|S217|S226|S048,2025-01-18T20:40:09,work_context,0,,,
H05100,U1020,C043,I019,F008,O041,S082|S084|S099|S143|S157|S105,2025-01-18T21:17:16,work_context,0,,,
H00100,U0020,C098,I012,F009,O046,S026|S048|S054|S169|S191|S196|S233|S115,2025-01-18T21:50:58,collaboration_context,1,Supplier Management,Midstream,Path_G
H04810,U0962,C220,I006,F012,O064,S009|S071|S142|S151|S171|S202|S209|S022,2025-01-18T22:32:54,collaboration_context,0,,,
H02650,U0530,C150,I001,F013,O065,S020|S036|S045|S076|S109|S172|S183|S073,2025-01-18T22:38:25,supply_context,0,,,
H02980,U0596,C067,I002,F015,O079,S013|S016|S025|S118|S120|S142|S200|S234,2025-01-18T23:50:33,collaboration_context,1,Distribution,Upstream,Path_E
H05540,U1108,C045,I009,F015,O076,S002|S072|S089|S106|S121|S201|S153|S109,2025-01-19T00:49:55,supply_context,1,Retail,Midstream,Path_H
H02910,U0582,C060,I011,F009,O045,S012|S034|S069|S088|S123|S175|S230|S098,2025-01-19T01:04:17,collaboration_context,0,,,
H04250,U0850,C261,I022,F005,O023,S008|S011|S038|S135|S184|S110|S217|S051,2025-01-19T01:13:03,skill_context,1,Retail,Upstream,Path_L
H06335,U1267,C215,I020,F014,O072,S003|S023|S026|S074|S166|S215|S229|S056,2025-01-19T03:41:44,collaboration_context,1,Manufacturing,Midstream,Path_H
H03775,U0755,C044,I017,F006,O029,S039|S051|S111|S122|S136|S219|S229|S230,2025-01-19T06:01:13,work_context,0,,,
H04235,U0847,C200,I004,F012,O061,S013|S082|S155|S156|S233|S073,2025-01-19T06:05:39,skill_context,0,,,
H02565,U0513,C258,I010,F003,O016,S081|S109|S128|S151|S188|S199|S230|S214,2025-01-19T06:24:28,skill_context,0,,,
H03730,U0746,C317,I002,F018,O096,S007|S044|S045|S109|S149|S200|S223|S224,2025-01-19T10:19:12,collaboration_context,0,,,
H00130,U0026,C304,I020,F015,O079,S046|S060|S081|S124|S160|S190|S208,2025-01-19T10:55:17,skill_context,0,,,
H05400,U1080,C244,I022,F007,O037,S125|S144|S160|S171|S178|S148|S209|S164,2025-01-19T13:00:47,collaboration_context,0,,,
H01565,U0313,C220,I006,F001,O002,S028|S067|S119|S127|S149|S173|S193|S204,2025-01-19T13:57:50,skill_context,0,,,
H03145,U0629,C313,I015,F004,O022,S076|S095|S146|S213|S216|S225|S091|S065,2025-01-19T15:29:05,collaboration_context,0,,,
H05120,U1024,C040,I007,F013,O066,S034|S049|S053|S104|S196,2025-01-19T16:12:44,skill_context,1,Manufacturing,Midstream,Path_F
H05270,U1054,C083,I024,F014,O071,S039|S042|S053|S068|S072|S104|S164|S208,2025-01-19T18:49:54,work_context,0,,,
H01505,U0301,C065,I004,F012,O063,S121|S135|S158|S187|S225|S232|S235|S185,2025-01-19T19:23:01,supply_context,0,,,
H05755,U1151,C121,I001,F014,O072,S004|S006|S016|S019|S123|S229|S025|S172,2025-01-19T20:51:56,supply_context,1,Retail,Midstream,Path_J
H04975,U0995,C032,I011,F003,O014,S026|S061|S157|S199|S211|S237,2025-01-19T20:59:13,skill_context,0,,,
H05235,U1047,C309,I020,F018,O092,S010|S025|S037|S047|S136|S224|S157,2025-01-19T21:00:16,skill_context,0,,,
H02930,U0586,C196,I016,F013,O066,S068|S069|S216|S223|S234,2025-01-19T22:19:46,supply_context,0,,,
H01690,U0338,C073,I001,F008,O043,S009|S014|S067|S144|S202|S210|S239|S171,2025-01-19T22:27:02,work_context,0,,,
H00090,U0018,C258,I010,F007,O034,S017|S035|S058|S100|S115|S140|S165|S187,2025-01-19T22:50:56,skill_context,0,,,
H00385,U0077,C202,I022,F006,O031,S008|S018|S034|S058|S059|S071|S197|S207,2025-01-20T00:44:18,work_context,0,,,
H00045,U0009,C037,I009,F003,O014,S006|S016|S017|S067|S072|S166|S174|S209,2025-01-20T03:45:04,skill_context,1,Procurement,Downstream,Path_C
H05775,U1155,C165,I017,F017,O089,S031|S045|S048|S070|S118|S186|S125,2025-01-20T04:55:30,supply_context,1,Logistics,Upstream,Path_C
H02990,U0598,C174,I005,F014,O072,S097|S100|S109|S112|S194|S214|S133|S132,2025-01-20T05:06:01,supply_context,1,Supplier Management,Midstream,Path_E
H01740,U0348,C045,I009,F004,O021,S023|S033|S049|S060|S144|S196|S214|S230,2025-01-20T05:42:34,work_context,0,,,
H04515,U0903,C121,I001,F010,O050,S122|S124|S136|S206|S209|S190|S120,2025-01-20T05:56:49,collaboration_context,1,Supplier Management,Downstream,Path_G
H06085,U1217,C044,I017,F018,O093,S018|S040|S044|S048|S063|S113|S149|S232,2025-01-20T07:06:16,work_context,1,Logistics,Upstream,Path_J
H03680,U0736,C206,I014,F012,O061,S037|S038|S051|S078|S206|S215|S233,2025-01-20T08:58:51,collaboration_context,0,,,
H03080,U0616,C100,I005,F012,O062,S086|S088|S089|S103|S185|S193|S121|S013,2025-01-20T09:42:32,skill_context,0,,,
H02600,U0520,C104,I024,F011,O058,S027|S051|S052|S137|S182|S194|S234|S207,2025-01-20T09:50:13,work_context,1,Retail,Downstream,Path_K
H01360,U0272,C050,I013,F011,O056,S015|S054|S138|S148|S154|S191|S208|S010,2025-01-20T11:53:12,collaboration_context,1,Manufacturing,Midstream,Path_I
H04740,U0948,C224,I004,F017,O089,S030|S040|S172|S187|S188|S198|S238|S208,2025-01-20T12:24:41,supply_context,0,,,
H04850,U0970,C154,I022,F003,O013,S008|S017|S026|S087|S102|S131|S238|S201,2025-01-20T14:06:15,skill_context,0,,,
H06020,U1204,C158,I014,F003,O016,S008|S018|S037|S074|S122|S046|S152|S120,2025-01-20T16:56:13,work_context,1,Supplier Management,Midstream,Path_K
H04345,U0869,C178,I022,F008,O040,S055|S097|S101|S236|S237|S027|S208,2025-01-20T17:22:08,skill_context,0,,,
H01535,U0307,C213,I020,F003,O013,S068|S085|S093|S101|S134|S156|S217|S223,2025-01-20T17:30:22,collaboration_context,1,Manufacturing,Upstream,Path_A
H03265,U0653,C203,I002,F004,O019,S024|S075|S099|S139|S144|S161|S142,2025-01-20T17:46:30,skill_context,1,Distribution,Upstream,Path_I
H02890,U0578,C279,I021,F016,O081,S032|S038|S042|S060|S080|S095|S140|S217,2025-01-20T18:27:28,collaboration_context,1,SCM,Upstream,Path_K
H04980,U0996,C107,I006,F014,O073,S057|S059|S073|S183|S184|S220|S009|S058,2025-01-20T18:54:53,collaboration_context,0,,,
H06315,U1263,C050,I013,F017,O088,S008|S049|S127|S128|S159|S199,2025-01-20T19:13:03,supply_context,0,,,
H03885,U0777,C237,I016,F008,O043,S025|S056|S098|S155|S165|S221|S225|S064,2025-01-20T19:20:34,work_context,0,,,
H02325,U0465,C010,I001,F004,O018,S094|S155|S189|S195|S202|S043|S098,2025-01-20T19:33:38,supply_context,0,,,
H00775,U0155,C185,I021,F017,O088,S010|S031|S146|S186|S216|S238|S114,2025-01-20T20:25:33,supply_context,0,,,
H00440,U0088,C199,I021,F003,O015,S083|S088|S098|S114|S140|S161,2025-01-20T21:15:49,skill_context,0,,,
H05845,U1169,C158,I014,F012,O064,S057|S063|S105|S127|S128|S145|S140|S167,2025-01-20T22:17:24,work_context,1,Procurement,Downstream,Path_K
H00005,U0001,C302,I007,F003,O013,S033|S043|S095|S107|S155|S199|S220|S233,2025-01-20T22:43:29,supply_context,1,Distribution,Midstream,Path_I
H03675,U0735,C051,I019,F003,O014,S011|S033|S068|S117|S147,2025-01-20T23:30:34,supply_context,1,Logistics,Upstream,Path_A
H03365,U0673,C011,I004,F004,O018,S026|S081|S105|S142|S153|S159|S200|S231,2025-01-21T00:11:06,skill_context,1,Manufacturing,Downstream,Path_E
H05855,U1171,C123,I022,F011,O055,S004|S054|S074|S096|S117|S213|S226|S209,2025-01-21T00:23:43,supply_context,1,SCM,Midstream,Path_G
H06880,U1376,C076,I024,F018,O092,S020|S077|S135|S167|S180|S199|S201|S044,2025-01-21T00:49:19,work_context,0,,,
H06625,U1325,C180,I005,F013,O067,S063|S066|S077|S093|S100|S146|S204|S214,2025-01-21T02:40:39,supply_context,0,,,
H06050,U1210,C296,I011,F003,O013,S035|S041|S080|S081|S113|S231,2025-01-21T02:56:04,collaboration_context,1,Procurement,Midstream,Path_B
H05205,U1041,C023,I015,F007,O037,S052|S053|S119|S124|S150|S232|S135,2025-01-21T03:54:50,supply_context,1,Retail,Midstream,Path_A
H03040,U0608,C112,I008,F015,O079,S032|S044|S173|S175|S186|S193|S208|S235,2025-01-21T05:44:25,skill_context,1,Retail,Downstream,Path_I
H04535,U0907,C072,I010,F001,O002,S032|S062|S092|S126|S134|S156|S175|S201,2025-01-21T12:20:42,supply_context,1,Logistics,Downstream,Path_L
H01965,U0393,C073,I001,F009,O048,S006|S022|S092|S112|S139|S221|S137|S131,2025-01-21T12:31:38,supply_context,0,,,
H06795,U1359,C223,I012,F009,O047,S040|S112|S159|S176|S202|S229,2025-01-21T12:53:55,collaboration_context,1,Logistics,Downstream,Path_H
H04405,U0881,C271,I018,F003,O012,S012|S020|S080|S126|S150|S201|S143,2025-01-21T13:07:33,skill_context,0,,,
H02185,U0437,C192,I010,F012,O061,S018|S097|S120|S162|S189|S168|S041|S100,2025-01-21T13:08:57,supply_context,1,Distribution,Midstream,Path_J
H05280,U1056,C190,I023,F018,O094,S013|S109|S111|S152|S156|S187,2025-01-21T13:56:17,skill_context,0,,,
H02995,U0599,C068,I006,F015,O080,S010|S014|S029|S031|S121|S127,2025-01-21T14:02:41,supply_context,1,Logistics,Downstream,Path_B
H04110,U0822,C136,I023,F006,O028,S021|S034|S049|S067|S109|S131|S168|S201,2025-01-21T14:42:17,skill_context,0,,,
H02220,U0444,C262,I003,F009,O048,S022|S040|S053|S065|S094|S217|S229|S068,2025-01-21T14:48:33,skill_context,0,,,
H06620,U1324,C115,I017,F009,O047,S027|S030|S109|S137|S178|S199|S055|S145,2025-01-21T15:51:33,skill_context,1,Procurement,Upstream,Path_C
H05000,U1000,C035,I013,F009,O044,S027|S040|S084|S144|S151|S189|S222|S234,2025-01-21T16:04:51,supply_context,1,Distribution,Upstream,Path_F
H05170,U1034,C071,I012,F018,O092,S018|S084|S185|S190|S221|S004,2025-01-21T17:13:01,supply_context,1,Manufacturing,Downstream,Path_F
H01885,U0377,C252,I024,F013,O068,S005|S091|S126|S141|S179|S055,2025-01-21T18:07:25,skill_context,1,Procurement,Midstream,Path_B
H01920,U0384,C133,I021,F011,O059,S004|S010|S068|S186|S207,2025-01-21T18:24:33,skill_context,1,Supplier Management,Midstream,Path_H
H06790,U1358,C159,I002,F011,O056,S027|S076|S098|S116|S147|S192|S130|S065,2025-01-21T18:30:31,collaboration_context,0,,,
H06175,U1235,C053,I019,F012,O062,S012|S028|S036|S056|S076|S081|S110|S122,2025-01-21T19:41:24,work_context,1,Procurement,Downstream,Path_C
H06100,U1220,C068,I006,F008,O043,S062|S154|S160|S167|S195|S209|S224|S183,2025-01-21T19:49:54,supply_context,0,,,
H05665,U1133,C032,I011,F006,O031,S027|S066|S086|S113|S122|S161|S180|S212,2025-01-21T20:37:49,work_context,0,,,
H06525,U1305,C158,I014,F005,O023,S054|S109|S122|S147|S158|S179,2025-01-21T21:46:19,skill_context,1,SCM,Upstream,Path_A
H00665,U0133,C176,I007,F005,O026,S019|S068|S069|S105|S165|S171|S029|S060,2025-01-21T23:09:38,supply_context,1,SCM,Midstream,Path_G
H02215,U0443,C095,I012,F007,O036,S078|S102|S151|S168|S231|S240,2025-01-21T23:31:01,work_context,1,SCM,Upstream,Path_I
H05610,U1122,C040,I007,F001,O006,S096|S100|S155|S171|S239|S146|S196|S231,2025-01-22T00:08:27,skill_context,1,Distribution,Upstream,Path_D
H03630,U0726,C015,I001,F008,O039,S010|S024|S026|S036|S071|S117|S197|S083,2025-01-22T00:26:21,supply_context,0,,,
H03845,U0769,C167,I002,F007,O035,S016|S040|S074|S172|S239,2025-01-22T01:14:19,supply_context,0,,,
H05570,U1114,C052,I013,F011,O056,S033|S041|S049|S200|S219,2025-01-22T01:14:29,skill_context,0,,,
H05480,U1096,C305,I018,F002,O007,S010|S080|S085|S167|S209|S231|S207|S217,2025-01-22T01:24:34,supply_context,1,Retail,Upstream,Path_A
H02165,U0433,C130,I014,F018,O096,S061|S098|S146|S167|S178|S005,2025-01-22T01:52:21,collaboration_context,0,,,
H03350,U0670,C139,I008,F016,O084,S031|S068|S074|S109|S154|S076|S216|S073,2025-01-22T08:53:29,skill_context,0,,,
H02515,U0503,C058,I020,F016,O081,S036|S056|S061|S109|S117|S125|S203|S220,2025-01-22T10:04:40,skill_context,0,,,
H02105,U0421,C050,I013,F003,O015,S013|S056|S069|S102|S150|S163|S207|S238,2025-01-22T10:29:37,supply_context,1,Retail,Midstream,Path_H
H00555,U0111,C273,I005,F008,O040,S033|S034|S064|S095|S168|S209|S186,2025-01-22T10:32:15,supply_context,0,,,
H00625,U0125,C206,I014,F010,O054,S078|S090|S186|S187|S210|S218|S236,2025-01-22T10:39:35,work_context,1,SCM,Upstream,Path_A
H02400,U0480,C075,I011,F009,O048,S025|S080|S115|S184|S211|S164|S100|S081,2025-01-22T10:48:19,supply_context,0,,,
H06185,U1237,C006,I023,F002,O009,S008|S025|S116|S159|S221|S003|S105,2025-01-22T12:44:29,collaboration_context,1,Procurement,Midstream,Path_K
H02465,U0493,C035,I013,F008,O040,S009|S018|S068|S070|S077|S147|S175|S218,2025-01-22T12:58:03,collaboration_context,1,Supplier Management,Downstream,Path_F
H00210,U0042,C301,I007,F003,O012,S033|S050|S100|S105|S131|S165|S022,2025-01-22T12:58:14,collaboration_context,1,Procurement,Upstream,Path_A
H06480,U1296,C177,I005,F005,O023,S031|S074|S113|S171|S172|S209|S190|S143,2025-01-22T13:23:04,skill_context,1,SCM,Downstream,Path_I
H00160,U0032,C309,I020,F014,O074,S113|S120|S130|S180|S228|S178,2025-01-22T13:50:19,skill_context,0,,,
H05870,U1174,C192,I010,F002,O009,S065|S076|S109|S191|S208|S240|S183|S224,2025-01-22T15:53:32,supply_context,0,,,
H02100,U0420,C146,I017,F014,O071,S070|S119|S152|S216|S226|S177|S046|S128,2025-01-22T17:32:17,skill_context,0,,,
H05555,U1111,C157,I001,F001,O001,S011|S130|S194|S219|S227|S109|S232,2025-01-22T18:36:47,work_context,1,Manufacturing,Downstream,Path_B
H00295,U0059,C230,I002,F018,O096,S014|S130|S177|S205|S210|S222|S200|S079,2025-01-22T19:42:30,work_context,1,Distribution,Upstream,Path_D
H02960,U0592,C279,I021,F018,O095,S002|S028|S031|S155|S168|S196|S219,2025-01-22T20:42:07,work_context,1,Manufacturing,Midstream,Path_A
H00800,U0160,C107,I006,F001,O006,S026|S112|S123|S201|S220|S157|S092,2025-01-22T21:09:14,collaboration_context,0,,,
H00030,U0006,C176,I007,F009,O048,S017|S077|S083|S088|S131|S231,2025-01-22T21:31:04,work_context,1,Manufacturing,Midstream,Path_F
H02115,U0423,C174,I005,F002,O007,S005|S106|S120|S160|S205|S070|S229|S058,2025-01-23T00:29:33,supply_context,1,Distribution,Downstream,Path_D
H04550,U0910,C092,I001,F004,O017,S016|S064|S100|S156|S165|S223|S068|S101,2025-01-23T02:13:44,skill_context,0,,,
H01785,U0357,C199,I021,F014,O073,S020|S022|S046|S071|S112|S153|S180|S230,2025-01-23T02:34:45,work_context,0,,,
H05115,U1023,C193,I002,F015,O076,S024|S037|S041|S202|S207|S231|S081|S187,2025-01-23T02:56:36,skill_context,0,,,
H03465,U0693,C315,I003,F007,O037,S043|S121|S130|S163|S193|S231|S038,2025-01-23T06:16:45,collaboration_context,0,,,
H01945,U0389,C008,I015,F003,O016,S093|S112|S126|S180|S199|S203|S205|S231,2025-01-23T06:58:21,skill_context,0,,,
H02440,U0488,C063,I003,F015,O077,S025|S040|S089|S145|S159|S219|S221|S191,2025-01-23T07:00:43,collaboration_context,1,Retail,Downstream,Path_B
H04835,U0967,C095,I012,F017,O088,S010|S030|S063|S072|S141|S235|S126,2025-01-23T10:19:54,supply_context,1,Distribution,Upstream,Path_G
H04995,U0999,C248,I020,F002,O010,S005|S033|S060|S061|S133|S141|S192|S196,2025-01-23T10:43:16,skill_context,0,,,
H06970,U1394,C027,I021,F018,O092,S015|S017|S035|S079|S130|S162|S194|S203,2025-01-23T14:12:10,work_context,0,,,
H03705,U0741,C233,I006,F002,O011,S044|S085|S160|S167|S178|S222|S236|S018,2025-01-23T15:26:14,work_context,1,Logistics,Upstream,Path_K
H03000,U0600,C005,I018,F014,O073,S084|S090|S121|S158|S194|S041|S053|S136,2025-01-23T15:27:49,supply_context,0,,,
H02235,U0447,C167,I002,F015,O076,S003|S028|S030|S069|S160|S227|S131,2025-01-23T15:38:02,skill_context,1,Procurement,Upstream,Path_C
H00840,U0168,C004,I004,F007,O037,S017|S053|S068|S110|S172|S030|S237,2025-01-23T16:58:05,collaboration_context,1,SCM,Upstream,Path_L
H04240,U0848,C287,I016,F002,O009,S083|S145|S174|S179|S224,2025-01-23T17:30:56,skill_context,0,,,
H04035,U0807,C025,I014,F004,O022,S029|S066|S116|S157|S206|S175|S137,2025-01-23T18:09:41,skill_context,0,,,
H06995,U1399,C121,I001,F013,O068,S002|S068|S106|S149|S211|S225|S001,2025-01-23T20:57:44,work_context,1,SCM,Upstream,Path_B
H03335,U0667,C228,I008,F006,O032,S053|S069|S124|S146|S147|S158|S211|S224,2025-01-23T22:56:27,supply_context,0,,,
H00705,U0141,C183,I006,F005,O025,S032|S043|S064|S086|S154|S171|S108|S031,2025-01-23T23:27:24,collaboration_context,0,,,
H05880,U1176,C158,I014,F014,O074,S016|S036|S153|S206|S212|S239,2025-01-24T02:28:47,collaboration_context,1,Retail,Upstream,Path_B
H05645,U1129,C187,I002,F004,O019,S058|S064|S135|S138|S189|S192|S126|S197,2025-01-24T03:09:11,supply_context,0,,,
H01145,U0229,C078,I009,F015,O078,S054|S077|S088|S125|S232,2025-01-24T03:56:57,collaboration_context,0,,,
H00325,U0065,C122,I015,F018,O093,S009|S013|S063|S079|S087|S088|S123|S170,2025-01-24T05:15:40,skill_context,0,,,
H04730,U0946,C202,I022,F017,O091,S012|S050|S090|S108|S162|S239,2025-01-24T05:34:42,work_context,0,,,
H01460,U0292,C089,I007,F011,O055,S001|S030|S050|S054|S063|S109|S128|S141,2025-01-24T05:56:01,collaboration_context,0,,,
H06295,U1259,C065,I004,F015,O078,S020|S046|S069|S075|S108|S117|S157|S177,2025-01-24T06:34:15,supply_context,0,,,
H01590,U0318,C056,I008,F016,O084,S006|S072|S078|S131|S160|S206|S218|S094,2025-01-24T07:02:22,collaboration_context,0,,,
H05150,U1030,C133,I021,F004,O017,S105|S117|S128|S132|S182|S183|S239|S198,2025-01-24T09:01:31,collaboration_context,0,,,
H00460,U0092,C173,I016,F006,O030,S027|S080|S128|S140|S156|S182|S085|S162,2025-01-24T09:12:18,skill_context,1,Logistics,Upstream,Path_I
H06985,U1397,C274,I017,F016,O086,S009|S077|S088|S122|S198|S199|S072|S123,2025-01-24T11:15:06,work_context,0,,,
H00085,U0017,C061,I006,F015,O077,S027|S054|S066|S136|S175|S176|S213|S193,2025-01-24T11:30:31,skill_context,0,,,
H06165,U1233,C289,I018,F011,O057,S046|S049|S072|S192|S233|S237,2025-01-24T12:08:31,work_context,0,,,
H03645,U0729,C029,I003,F009,O046,S005|S027|S044|S058|S094|S131|S136|S141,2025-01-24T13:09:55,collaboration_context,0,,,
H00610,U0122,C023,I015,F004,O019,S004|S138|S144|S167|S211|S218|S238,2025-01-24T14:19:22,work_context,0,,,
H03525,U0705,C222,I003,F018,O096,S026|S047|S124|S146|S192|S125|S048|S174,2025-01-24T14:27:26,collaboration_context,0,,,
H00560,U0112,C268,I002,F016,O085,S024|S033|S118|S130|S157|S170|S187|S238,2025-01-24T15:02:16,collaboration_context,1,Manufacturing,Upstream,Path_G
H06680,U1336,C107,I006,F006,O031,S020|S031|S057|S058|S059|S066|S117|S148,2025-01-24T17:55:30,skill_context,0,,,
H06310,U1262,C103,I011,F008,O042,S007|S023|S031|S080|S133|S145|S116|S186,2025-01-24T18:08:04,supply_context,0,,,
H01595,U0319,C068,I006,F007,O035,S128|S158|S216|S219|S233,2025-01-24T19:29:45,work_context,1,Procurement,Midstream,Path_A
H06255,U1251,C173,I016,F011,O059,S043|S114|S155|S166|S179|S187,2025-01-24T19:32:48,work_context,0,,,
H03495,U0699,C253,I021,F016,O081,S026|S050|S054|S072|S134|S124,2025-01-24T19:56:56,work_context,0,,,
H06390,U1278,C209,I019,F015,O077,S014|S057|S074|S105|S145|S186|S190|S217,2025-01-24T20:30:18,collaboration_context,0,,,
H05950,U1190,C151,I020,F017,O091,S064|S081|S127|S188|S194|S221|S067|S039,2025-01-24T20:46:35,supply_context,1,Retail,Midstream,Path_B
H01305,U0261,C152,I019,F008,O043,S023|S029|S049|S076|S107,2025-01-24T21:01:34,skill_context,0,,,
H04080,U0816,C004,I004,F012,O061,S060|S063|S088|S100|S177|S187|S207|S220,2025-01-25T00:33:50,supply_context,1,SCM,Midstream,Path_K
H05830,U1166,C024,I001,F005,O027,S016|S123|S134|S160|S198|S224|S083|S119,2025-01-25T00:53:58,supply_context,1,Procurement,Upstream,Path_F
H05850,U1170,C170,I013,F002,O008,S032|S140|S154|S160|S188,2025-01-25T02:00:14,supply_context,1,SCM,Upstream,Path_D
H02055,U0411,C095,I012,F014,O074,S092|S155|S160|S167|S214,2025-01-25T02:24:58,skill_context,0,,,
H01190,U0238,C170,I013,F007,O037,S011|S051|S103|S108|S126|S154|S196|S236,2025-01-25T02:37:34,collaboration_context,0,,,
H03390,U0678,C152,I019,F007,O035,S034|S045|S065|S087|S155|S157|S212,2025-01-25T03:18:42,work_context,0,,,
H00050,U0010,C157,I001,F015,O079,S020|S059|S099|S191|S232|S147|S090|S213,2025-01-25T03:28:41,supply_context,0,,,
H06765,U1353,C074,I016,F001,O001,S028|S124|S162|S207|S231|S238|S232|S192,2025-01-25T03:43:22,supply_context,0,,,
H04380,U0876,C220,I006,F017,O088,S023|S073|S156|S167|S169|S239|S184,2025-01-25T05:56:51,skill_context,1,Manufacturing,Downstream,Path_J
H02535,U0507,C218,I021,F012,O063,S095|S197|S216|S222|S230,2025-01-25T06:37:54,supply_context,0,,,
H00255,U0051,C099,I020,F001,O003,S063|S084|S092|S134|S173|S189,2025-01-25T07:50:32,supply_context,1,Logistics,Downstream,Path_L
H00740,U0148,C134,I005,F015,O079,S062|S091|S102|S113|S122|S221|S021,2025-01-25T09:38:04,collaboration_context,0,,,
H01290,U0258,C234,I015,F010,O053,S025|S078|S082|S100|S117|S122|S201|S224,2025-01-25T11:15:09,skill_context,0,,,
H03195,U0639,C218,I021,F011,O059,S026|S057|S190|S196|S239|S076,2025-01-25T11:26:45,supply_context,1,Manufacturing,Midstream,Path_A
H05695,U1139,C056,I008,F016,O083,S047|S057|S118|S126|S155|S167,2025-01-25T14:00:48,work_context,0,,,
H01780,U0356,C051,I019,F014,O075,S024|S072|S076|S087|S196|S213|S229|S166,2025-01-25T14:56:17,work_context,0,,,
H01540,U0308,C175,I008,F001,O004,S028|S092|S116|S135|S171|S198|S212,2025-01-25T15:50:50,skill_context,0,,,
H04000,U0800,C038,I006,F012,O062,S020|S077|S097|S195|S209|S211|S032|S156,2025-01-25T16:26:43,work_context,1,Manufacturing,Downstream,Path_C
H04060,U0812,C016,I006,F012,O061,S065|S069|S074|S082|S085|S136|S187|S153,2025-01-25T16:27:35,supply_context,0,,,
H01770,U0354,C307,I023,F012,O062,S038|S083|S093|S117|S172|S193|S205,2025-01-25T16:46:42,skill_context,0,,,
H05650,U1130,C028,I018,F012,O062,S008|S050|S083|S098|S240|S039|S035|S113,2025-01-25T17:41:59,skill_context,1,Logistics,Downstream,Path_E
H06760,U1352,C050,I013,F015,O078,S042|S062|S128|S160|S192|S214|S223|S222,2025-01-25T19:07:51,supply_context,0,,,
H01910,U0382,C316,I013,F004,O021,S020|S022|S084|S093|S135|S202|S236|S039,2025-01-25T20:32:22,work_context,1,Procurement,Midstream,Path_A
H03710,U0742,C262,I003,F005,O024,S006|S018|S118|S121|S122|S229|S237|S108,2025-01-25T20:45:11,work_context,0,,,
H04825,U0965,C219,I024,F010,O050,S004|S077|S087|S088|S138|S040|S188,2025-01-25T21:47:45,work_context,0,,,
H02195,U0439,C143,I014,F012,O063,S043|S046|S127|S161|S173|S186|S207,2025-01-25T21:49:56,supply_context,1,Procurement,Midstream,Path_H
H01295,U0259,C246,I024,F016,O081,S060|S070|S112|S159|S197|S207,2025-01-25T22:25:16,work_context,1,Logistics,Upstream,Path_E
H05605,U1121,C097,I007,F007,O033,S041|S111|S203|S210|S212|S240,2025-01-25T22:28:20,skill_context,0,,,
H04815,U0963,C062,I010,F016,O081,S017|S061|S113|S158|S191|S193|S237|S181,2025-01-25T22:56:40,supply_context,1,Logistics,Downstream,Path_D
H06645,U1329,C253,I021,F010,O054,S015|S021|S041|S104|S131|S151|S156|S175,2025-01-25T23:18:41,collaboration_context,0,,,
H04790,U0958,C233,I006,F005,O027,S014|S016|S082|S214|S217|S238|S018|S209,2025-01-25T23:19:40,collaboration_context,1,Manufacturing,Midstream,Path_K
H04305,U0861,C035,I013,F013,O066,S007|S084|S091|S120|S139|S151|S211|S082,2025-01-26T00:06:01,collaboration_context,0,,,
H05495,U1099,C101,I007,F002,O008,S041|S080|S081|S137|S152|S181|S183,2025-01-26T00:10:28,collaboration_context,1,SCM,Upstream,Path_J
H02725,U0545,C113,I004,F002,O009,S063|S070|S085|S094|S143,2025-01-26T02:57:56,work_context,0,,,
H06910,U1382,C314,I022,F004,O018,S006|S107|S167|S188|S203|S235,2025-01-26T03:32:18,work_context,1,Supplier Management,Downstream,Path_F
H03655,U0731,C250,I012,F012,O064,S050|S075|S089|S108|S122|S123|S145|S151,2025-01-26T04:42:40,supply_context,1,Procurement,Downstream,Path_B
H05525,U1105,C120,I017,F018,O095,S017|S060|S065|S071|S092|S113|S233|S237,2025-01-26T05:43:54,work_context,0,,,
H06810,U1362,C001,I003,F014,O072,S065|S087|S143|S200|S205|S098|S171,2025-01-26T05:46:50,collaboration_context,0,,,
H02265,U0453,C147,I008,F017,O088,S012|S094|S133|S186|S201|S232|S095|S156,2025-01-26T06:52:56,work_context,0,,,
H05720,U1144,C193,I002,F018,O094,S005|S024|S065|S073|S109|S175|S217|S099,2025-01-26T09:41:27,supply_context,0,,,
H05345,U1069,C296,I011,F016,O082,S033|S085|S089|S137|S158|S218|S153|S065,2025-01-26T11:28:28,work_context,0,,,
H00350,U0070,C266,I016,F011,O058,S062|S147|S166|S192|S207|S083|S119,2025-01-26T12:06:48,supply_context,0,,,
H05040,U1008,C067,I002,F008,O039,S018|S027|S037|S047|S089|S164|S187|S080,2025-01-26T14:29:19,work_context,0,,,
H01120,U0224,C033,I024,F018,O096,S040|S122|S139|S148|S216|S030|S201,2025-01-26T15:16:41,collaboration_context,1,SCM,Midstream,Path_E
H02730,U0546,C268,I002,F013,O065,S040|S047|S069|S101|S106|S164|S175|S231,2025-01-26T15:26:40,skill_context,1,Logistics,Upstream,Path_D
H03050,U0610,C033,I024,F016,O086,S026|S126|S185|S198|S206|S236|S237,2025-01-26T16:28:35,work_context,1,Manufacturing,Downstream,Path_L
H04340,U0868,C050,I013,F008,O042,S143|S144|S151|S192|S238|S043|S081,2025-01-26T16:33:46,skill_context,1,Retail,Upstream,Path_D
H06055,U1211,C044,I017,F017,O087,S005|S092|S094|S105|S111|S148|S197,2025-01-26T16:54:10,skill_context,1,Supplier Management,Midstream,Path_A
H01555,U0311,C009,I003,F008,O041,S028|S051|S111|S169|S208,2025-01-26T17:14:45,supply_context,1,SCM,Downstream,Path_F
H03940,U0788,C289,I018,F011,O055,S003|S044|S100|S127|S182|S227|S233|S009,2025-01-26T17:22:36,collaboration_context,1,Manufacturing,Midstream,Path_E
H05395,U1079,C102,I009,F003,O015,S003|S021|S070|S158|S208|S211|S217|S084,2025-01-26T20:50:17,work_context,0,,,
H01695,U0339,C185,I021,F017,O088,S004|S060|S116|S125|S170|S210,2025-01-26T21:11:48,skill_context,1,Procurement,Midstream,Path_C
H04185,U0837,C149,I009,F004,O020,S021|S056|S105|S148|S177|S233|S234|S238,2025-01-27T00:07:04,collaboration_context,0,,,
H01975,U0395,C012,I005,F016,O081,S007|S009|S101|S124|S130|S158|S174|S220,2025-01-27T00:59:11,collaboration_context,0,,,
H03715,U0743,C103,I011,F015,O079,S046|S100|S120|S143|S165|S175|S190|S204,2025-01-27T04:24:47,skill_context,0,,,
H00730,U0146,C224,I004,F012,O061,S073|S075|S104|S112|S133|S155|S218,2025-01-27T07:07:34,collaboration_context,0,,,
H05670,U1134,C184,I001,F013,O069,S149|S151|S153|S203|S237,2025-01-27T08:12:03,collaboration_context,0,,,
H02025,U0405,C109,I014,F005,O027,S017|S025|S045|S135|S144|S208,2025-01-27T09:41:00,supply_context,0,,,
H02040,U0408,C291,I024,F001,O006,S001|S004|S073|S096|S137|S148|S201,2025-01-27T10:24:19,collaboration_context,0,,,
H01700,U0340,C309,I020,F018,O092,S023|S064|S133|S194|S225,2025-01-27T11:14:49,collaboration_context,1,Distribution,Downstream,Path_H
H00425,U0085,C031,I003,F016,O083,S005|S110|S148|S178|S212,2025-01-27T13:20:43,work_context,0,,,
H06225,U1245,C068,I006,F004,O022,S071|S119|S125|S135|S211|S210,2025-01-27T13:42:58,skill_context,0,,,
H06920,U1384,C057,I023,F016,O086,S024|S092|S104|S109|S150|S155|S205|S050,2025-01-27T15:11:07,collaboration_context,0,,,
H04600,U0920,C297,I023,F010,O054,S049|S081|S101|S114|S132|S170|S194|S236,2025-01-27T16:35:34,skill_context,0,,,
H02940,U0588,C111,I011,F005,O024,S031|S054|S057|S091|S093|S128|S129|S196,2025-01-27T19:32:23,supply_context,0,,,
H00845,U0169,C040,I007,F016,O085,S009|S050|S073|S120|S131|S138|S149|S219,2025-01-27T21:31:00,collaboration_context,0,,,
H04135,U0827,C020,I004,F010,O052,S037|S061|S081|S110|S224|S226|S005|S181,2025-01-27T21:52:36,collaboration_context,0,,,
H04420,U0884,C051,I019,F005,O027,S004|S017|S116|S120|S179|S021,2025-01-27T23:10:58,collaboration_context,0,,,
H05930,U1186,C278,I004,F013,O065,S007|S041|S116|S132|S180|S221|S231|S118,2025-01-28T00:23:06,work_context,1,Retail,Midstream,Path_D
H06845,U1369,C047,I012,F016,O085,S087|S103|S124|S151|S154|S162|S178|S206,2025-01-28T00:31:45,work_context,0,,,
H01335,U0267,C009,I003,F006,O029,S042|S107|S112|S119|S121|S217|S019|S116,2025-01-28T01:45:26,work_context,0,,,
H03635,U0727,C119,I013,F001,O002,S011|S029|S081|S119|S122|S181|S213|S228,2025-01-28T02:42:42,work_context,0,,,
H02330,U0466,C267,I008,F007,O034,S013|S042|S087|S168|S218,2025-01-28T03:44:58,work_context,1,Distribution,Downstream,Path_H
H00305,U0061,C004,I004,F015,O078,S011|S018|S026|S063|S079|S143|S177|S203,2025-01-28T03:48:34,collaboration_context,0,,,
H05325,U1065,C082,I015,F015,O077,S001|S007|S073|S165|S167|S181|S190|S189,2025-01-28T05:13:52,skill_context,0,,,
H05165,U1033,C233,I006,F007,O038,S039|S059|S068|S102|S135,2025-01-28T05:20:36,collaboration_context,1,Retail,Downstream,Path_E
H05125,U1025,C272,I024,F002,O008,S036|S045|S119|S149|S177|S196|S081|S041,2025-01-28T06:08:44,skill_context,0,,,
H00480,U0096,C183,I006,F003,O013,S049|S075|S108|S111|S132|S179|S219,2025-01-28T06:59:46,work_context,1,Manufacturing,Downstream,Path_J
H03325,U0665,C223,I012,F015,O076,S041|S055|S082|S098|S119|S162|S109|S074,2025-01-28T10:24:04,skill_context,0,,,
H03510,U0702,C183,I006,F017,O090,S068|S144|S153|S193|S201|S133|S048,2025-01-28T11:07:45,skill_context,1,Logistics,Downstream,Path_H
H06405,U1281,C312,I022,F005,O024,S057|S074|S083|S116|S233,2025-01-28T13:39:43,collaboration_context,1,Manufacturing,Upstream,Path_K
H04140,U0828,C156,I005,F010,O052,S055|S100|S126|S155|S166|S192|S210|S212,2025-01-28T17:10:21,supply_context,0,,,
H02395,U0479,C059,I014,F002,O011,S110|S116|S121|S131|S161|S172|S199|S096,2025-01-28T19:06:51,work_context,0,,,
H02630,U0526,C219,I024,F010,O054,S019|S021|S083|S110|S148|S156|S185,2025-01-28T19:26:17,collaboration_context,1,Distribution,Midstream,Path_F
H02045,U0409,C014,I007,F011,O059,S009|S062|S094|S097|S166|S184|S195|S224,2025-01-28T19:37:56,skill_context,0,,,
H05450,U1090,C010,I001,F017,O087,S064|S081|S126|S175|S237,2025-01-28T19:40:00,supply_context,0,,,
H05055,U1011,C241,I013,F003,O016,S024|S071|S085|S096|S141|S221|S225|S236,2025-01-28T19:52:23,work_context,0,,,
H04610,U0922,C298,I012,F006,O030,S015|S038|S058|S063|S103|S106|S193|S012,2025-01-28T19:52:47,work_context,1,Logistics,Midstream,Path_E
H05060,U1012,C125,I007,F018,O096,S010|S023|S033|S110|S151|S234|S158|S065,2025-01-28T20:47:39,collaboration_context,1,Logistics,Upstream,Path_B
H03355,U0671,C079,I021,F007,O036,S054|S063|S100|S126|S176|S186|S235|S239,2025-01-28T20:59:29,skill_context,0,,,
H02850,U0570,C218,I021,F009,O047,S087|S152|S181|S185|S190|S207|S183,2025-01-28T21:27:41,collaboration_context,0,,,
H04040,U0808,C177,I005,F016,O084,S004|S011|S027|S126|S132|S182|S216|S236,2025-01-28T23:22:21,work_context,0,,,
H04895,U0979,C263,I011,F015,O080,S019|S126|S135|S182|S212|S213|S218|S219,2025-02-01T01:58:59,supply_context,1,Procurement,Upstream,Path_I
H02075,U0415,C315,I003,F006,O031,S037|S094|S102|S142|S178|S212|S213|S226,2025-02-01T04:58:01,skill_context,0,,,
H03035,U0607,C145,I012,F018,O092,S034|S071|S076|S099|S108|S117,2025-02-01T05:50:46,work_context,0,,,
H02405,U0481,C160,I005,F018,O095,S034|S035|S044|S047|S074|S087|S132|S187,2025-02-01T07:27:17,supply_context,0,,,
H00895,U0179,C266,I016,F002,O009,S002|S004|S061|S094|S107|S153|S228,2025-02-01T09:02:36,work_context,0,,,
H00540,U0108,C154,I022,F011,O057,S016|S053|S066|S115|S119|S136|S167|S224,2025-02-01T09:35:04,collaboration_context,0,,,
H02945,U0589,C100,I005,F007,O035,S009|S021|S142|S192|S196|S201|S024|S089,2025-02-01T09:43:53,skill_context,1,Manufacturing,Upstream,Path_D
H01850,U0370,C094,I006,F008,O041,S011|S019|S053|S085|S091|S109|S206|S197,2025-02-01T09:53:33,supply_context,1,Retail,Midstream,Path_H
H02030,U0406,C226,I008,F015,O076,S004|S111|S130|S135|S185|S202|S210,2025-02-01T11:39:45,supply_context,0,,,
H01420,U0284,C026,I012,F012,O063,S030|S034|S055|S083|S101|S103|S104|S006,2025-02-01T11:50:48,supply_context,0,,,
H05405,U1081,C088,I009,F009,O048,S038|S059|S063|S070|S093|S115|S208|S213,2025-02-01T12:02:19,collaboration_context,1,Logistics,Upstream,Path_F
H04310,U0862,C092,I001,F002,O007,S033|S048|S082|S125|S224,2025-02-01T12:21:24,work_context,1,Retail,Midstream,Path_A
H02525,U0505,C230,I002,F009,O047,S031|S054|S067|S070|S087|S102|S199|S213,2025-02-01T13:18:00,supply_context,1,Logistics,Downstream,Path_J
H00450,U0090,C074,I016,F018,O093,S038|S068|S076|S080|S127|S138|S198|S239,2025-02-01T14:31:00,collaboration_context,1,Distribution,Upstream,Path_H
H01655,U0331,C077,I019,F013,O067,S140|S146|S164|S168|S204,2025-02-01T14:48:03,work_context,1,Retail,Upstream,Path_J
H01995,U0399,C114,I014,F002,O008,S039|S067|S073|S172|S214,2025-02-01T16:49:05,skill_context,0,,,
H06695,U1339,C308,I012,F012,O062,S009|S013|S036|S124|S172|S184|S210|S229,2025-02-01T17:13:11,supply_context,1,SCM,Midstream,Path_B
H05955,U1191,C308,I012,F013,O067,S023|S038|S074|S126|S152|S229|S232|S138,2025-02-01T18:14:19,collaboration_context,1,Procurement,Midstream,Path_C
H00680,U0136,C284,I016,F010,O053,S009|S032|S047|S073|S095|S131|S207|S205,2025-02-01T19:12:39,skill_context,1,Distribution,Midstream,Path_L
H02315,U0463,C049,I006,F005,O027,S001|S073|S090|S128|S149|S236,2025-02-01T22:32:02,skill_context,0,,,
H00400,U0080,C091,I015,F018,O094,S038|S039|S053|S067|S071|S190|S213|S231,2025-02-01T22:32:05,collaboration_context,1,Procurement,Downstream,Path_I
H06905,U1381,C299,I015,F002,O010,S023|S064|S155|S202|S234|S148|S154,2025-02-01T22:38:39,collaboration_context,0,,,
H00690,U0138,C090,I003,F001,O006,S023|S087|S096|S118|S153|S190|S169|S151,2025-02-01T22:39:18,collaboration_context,0,,,
H01025,U0205,C291,I024,F004,O019,S073|S080|S120|S130|S142|S145|S177|S202,2025-02-02T00:06:17,skill_context,0,,,
H00430,U0086,C250,I012,F008,O039,S026|S031|S036|S047|S167|S213|S006,2025-02-02T00:19:35,supply_context,0,,,
H06540,U1308,C249,I018,F014,O072,S032|S041|S049|S170|S206,2025-02-02T00:31:41,work_context,0,,,
H06520,U1304,C191,I020,F009,O046,S010|S050|S059|S151|S167|S236|S162,2025-02-02T01:20:50,supply_context,0,,,
H04675,U0935,C081,I007,F004,O018,S033|S084|S099|S111|S162|S168|S199|S225,2025-02-02T01:52:48,work_context,1,Supplier Management,Downstream,Path_L
H00795,U0159,C223,I012,F012,O063,S029|S093|S143|S177|S209|S231|S235,2025-02-02T03:20:12,skill_context,0,,,
H04145,U0829,C064,I005,F003,O012,S034|S072|S128|S140|S194|S135|S190,2025-02-02T03:35:34,supply_context,0,,,
H01610,U0322,C017,I012,F018,O094,S001|S028|S119|S167|S168|S189|S171|S145,2025-02-02T03:50:37,work_context,0,,,
H00715,U0143,C086,I010,F012,O061,S033|S104|S122|S161|S165|S178|S209|S222,2025-02-02T06:46:37,work_context,0,,,
H04435,U0887,C030,I020,F010,O050,S029|S034|S063|S070|S086|S160|S207|S227,2025-02-02T07:19:04,skill_context,0,,,
H04585,U0917,C143,I014,F013,O070,S009|S013|S032|S068|S087|S137|S207|S235,2025-02-02T07:37:43,supply_context,1,Retail,Downstream,Path_E
H05925,U1185,C107,I006,F009,O047,S021|S063|S076|S110|S171|S174|S209|S219,2025-02-02T09:53:56,skill_context,0,,,
H03310,U0662,C197,I007,F010,O053,S052|S060|S096|S133|S164|S225|S237|S144,2025-02-02T12:03:10,skill_context,0,,,
H03220,U0644,C084,I014,F008,O040,S111|S133|S153|S173|S178|S028|S239,2025-02-02T12:16:24,collaboration_context,0,,,
H06715,U1343,C153,I023,F014,O074,S034|S066|S071|S148|S152|S229|S231|S048,2025-02-02T12:31:46,skill_context,0,,,
H04865,U0973,C051,I019,F007,O038,S123|S149|S152|S180|S200|S223|S016|S116,2025-02-02T13:47:12,skill_context,1,Procurement,Upstream,Path_E
H04105,U0821,C305,I018,F012,O061,S043|S104|S124|S131|S192|S195|S203|S217,2025-02-02T14:08:13,work_context,1,Retail,Downstream,Path_C
H06740,U1348,C129,I014,F009,O047,S065|S088|S090|S095|S168|S204|S212|S002,2025-02-02T14:30:01,skill_context,0,,,
H06370,U1274,C212,I016,F006,O028,S032|S037|S066|S177|S227|S116,2025-02-02T14:32:39,skill_context,0,,,
H00975,U0195,C093,I002,F016,O086,S070|S099|S176|S196|S197|S222|S139|S212,2025-02-02T18:30:58,skill_context,1,Manufacturing,Downstream,Path_L
H01450,U0290,C018,I020,F004,O021,S060|S061|S125|S181|S216|S108|S138,2025-02-02T18:37:05,skill_context,0,,,
H06075,U1215,C039,I023,F015,O076,S031|S065|S080|S095|S124,2025-02-02T19:56:30,collaboration_context,1,Manufacturing,Upstream,Path_I
H02410,U0482,C215,I020,F011,O058,S004|S017|S029|S064|S152|S173|S176,2025-02-02T20:52:35,collaboration_context,1,Procurement,Upstream,Path_I
H04530,U0906,C229,I019,F015,O076,S038|S075|S118|S144|S155|S166|S173|S206,2025-02-02T23:02:09,work_context,0,,,
H03820,U0764,C264,I021,F002,O008,S090|S106|S111|S119|S130|S231|S240|S067,2025-02-02T23:46:36,supply_context,1,Manufacturing,Midstream,Path_L
H02455,U0491,C077,I019,F008,O043,S001|S010|S039|S044|S128|S138|S192|S215,2025-02-03T01:02:09,work_context,1,Distribution,Upstream,Path_B
H06915,U1383,C136,I023,F001,O001,S012|S021|S098|S158|S173|S201,2025-02-03T02:54:07,supply_context,1,SCM,Downstream,Path_F
H04595,U0919,C294,I015,F018,O093,S011|S015|S033|S052|S070|S078|S182,2025-02-03T04:34:45,work_context,1,Procurement,Downstream,Path_E
H01110,U0222,C038,I006,F008,O042,S026|S027|S063|S099|S118|S122|S158|S171,2025-02-03T06:06:16,supply_context,0,,,
H03595,U0719,C223,I012,F013,O070,S011|S014|S019|S052|S064|S110|S138|S228,2025-02-03T06:17:06,skill_context,0,,,
H01065,U0213,C030,I020,F001,O003,S002|S016|S083|S094|S107|S127|S158|S173,2025-02-03T06:36:01,skill_context,0,,,
H05590,U1118,C125,I007,F013,O067,S034|S050|S078|S118|S123|S152|S178|S210,2025-02-03T07:56:10,collaboration_context,0,,,
H00710,U0142,C074,I016,F011,O059,S021|S047|S053|S076|S100|S170|S212|S234,2025-02-03T09:42:27,collaboration_context,0,,,
H02005,U0401,C265,I014,F006,O028,S057|S059|S061|S099|S147|S179|S219|S226,2025-02-03T10:08:52,skill_context,0,,,
H05475,U1095,C019,I018,F010,O053,S015|S032|S094|S120|S121|S158|S231|S080,2025-02-03T10:32:19,skill_context,1,Logistics,Downstream,Path_H
H00805,U0161,C081,I007,F007,O037,S005|S065|S112|S120|S141|S185|S218|S026,2025-02-03T10:48:33,supply_context,0,,,
H05585,U1117,C182,I011,F010,O051,S063|S066|S106|S150|S163|S214,2025-02-03T11:23:31,supply_context,0,,,
H00735,U0147,C199,I021,F018,O096,S037|S091|S096|S101|S139|S147|S208|S238,2025-02-03T12:57:41,supply_context,0,,,
H04470,U0894,C064,I005,F018,O092,S018|S090|S173|S181|S194|S219|S107|S026,2025-02-03T13:44:04,skill_context,1,Manufacturing,Midstream,Path_A
H01680,U0336,C295,I004,F007,O038,S173|S187|S206|S214|S218|S235|S120|S182,2025-02-03T14:26:42,collaboration_context,0,,,
H05865,U1173,C277,I010,F011,O059,S081|S106|S114|S140|S191|S206|S033,2025-02-03T15:16:12,work_context,0,,,
H00825,U0165,C298,I012,F016,O086,S027|S043|S066|S070|S077|S144|S183|S184,2025-02-03T16:43:26,supply_context,0,,,
H04875,U0975,C200,I004,F001,O002,S039|S050|S072|S154|S204|S206|S221|S188,2025-02-03T18:02:40,skill_context,0,,,
H03915,U0783,C270,I003,F012,O060,S014|S057|S100|S136|S146|S155|S115|S119,2025-02-03T18:27:48,collaboration_context,0,,,
H06510,U1302,C173,I016,F015,O080,S029|S042|S116|S135|S147|S109|S012,2025-02-03T19:45:34,work_context,1,Supplier Management,Upstream,Path_G
H01415,U0283,C144,I006,F002,O009,S034|S079|S087|S098|S111|S136|S168|S195,2025-02-03T21:03:42,collaboration_context,1,Logistics,Downstream,Path_E
H03760,U0752,C225,I022,F018,O092,S004|S064|S081|S111|S181|S218|S174|S078,2025-02-03T23:59:51,skill_context,1,SCM,Downstream,Path_K
H00685,U0137,C185,I021,F006,O029,S092|S103|S118|S129|S157|S184|S216|S031,2025-02-04T00:25:32,supply_context,1,Manufacturing,Upstream,Path_E
H00215,U0043,C216,I010,F015,O076,S024|S082|S100|S176|S178|S202|S240|S160,2025-02-04T02:12:28,supply_context,0,,,
H00370,U0074,C187,I002,F018,O092,S050|S095|S107|S216|S221|S020|S091|S047,2025-02-04T04:19:49,work_context,0,,,
H02865,U0573,C004,I004,F013,O066,S025|S085|S086|S154|S181|S096|S212,2025-02-04T05:15:32,collaboration_context,0,,,
H06195,U1239,C279,I021,F014,O071,S002|S040|S053|S062|S077|S109|S206|S230,2025-02-04T06:23:08,collaboration_context,1,Logistics,Downstream,Path_K
H02510,U0502,C099,I020,F014,O073,S023|S025|S034|S059|S071|S080|S113|S201,2025-02-04T08:03:56,skill_context,1,Manufacturing,Upstream,Path_H
H05760,U1152,C117,I021,F001,O006,S014|S078|S135|S161|S188|S198|S236|S182,2025-02-04T08:52:37,collaboration_context,0,,,
H00260,U0052,C247,I003,F011,O057,S025|S076|S109|S170|S182|S210|S236,2025-02-04T11:02:37,collaboration_context,0,,,
H06595,U1319,C030,I020,F008,O042,S008|S020|S118|S144|S147|S211|S234|S107,2025-02-04T12:07:32,skill_context,1,Logistics,Midstream,Path_H
H06000,U1200,C271,I018,F002,O010,S009|S117|S126|S140|S141|S179|S030,2025-02-04T12:40:14,supply_context,0,,,
H05220,U1044,C096,I017,F001,O006,S028|S082|S164|S177|S189|S237|S143,2025-02-04T13:32:43,supply_context,1,Distribution,Midstream,Path_C
H06150,U1230,C280,I020,F017,O089,S007|S150|S165|S174|S206|S217|S234|S181,2025-02-04T13:33:16,skill_context,0,,,
H01890,U0378,C289,I018,F014,O073,S050|S099|S108|S122|S128|S170|S189|S192,2025-02-04T13:56:15,skill_context,0,,,
H03665,U0733,C051,I019,F003,O012,S029|S063|S098|S208|S209|S234|S212|S224,2025-02-04T14:08:43,collaboration_context,1,SCM,Downstream,Path_A
H01830,U0366,C022,I010,F011,O056,S057|S058|S070|S079|S123|S205|S224|S190,2025-02-04T14:26:46,skill_context,1,Manufacturing,Midstream,Path_D
H01630,U0326,C117,I021,F009,O048,S011|S051|S056|S062|S066|S100|S182|S070,2025-02-04T15:09:02,supply_context,1,Procurement,Downstream,Path_F
H01160,U0232,C306,I018,F005,O024,S056|S070|S079|S132|S148|S155|S193|S236,2025-02-04T15:13:20,skill_context,1,Supplier Management,Midstream,Path_J
H01755,U0351,C267,I008,F018,O093,S033|S068|S102|S168|S182|S226|S233|S079,2025-02-04T16:32:28,skill_context,0,,,
H03795,U0759,C161,I009,F001,O003,S010|S012|S116|S200|S216|S221|S097|S095,2025-02-04T16:59:21,work_context,0,,,
H06460,U1292,C187,I002,F013,O069,S075|S089|S108|S147|S203|S225|S169,2025-02-04T19:00:57,supply_context,0,,,
H04820,U0964,C223,I012,F013,O068,S009|S013|S074|S122|S129|S173|S188|S230,2025-02-04T20:11:25,work_context,1,Logistics,Downstream,Path_C
H06040,U1208,C145,I012,F010,O054,S021|S025|S077|S149|S181|S197|S217|S218,2025-02-04T20:17:44,supply_context,0,,,
H01440,U0288,C039,I023,F008,O042,S029|S090|S103|S151|S173|S210|S227,2025-02-04T20:27:37,skill_context,0,,,
H03380,U0676,C099,I020,F006,O030,S042|S045|S074|S142|S169|S204|S218|S240,2025-02-04T22:10:41,skill_context,1,Manufacturing,Midstream,Path_G
H05635,U1127,C014,I007,F013,O070,S049|S053|S093|S124|S160|S229|S068|S238,2025-02-04T22:14:58,work_context,0,,,
H00080,U0016,C010,I001,F017,O088,S103|S110|S153|S169|S177|S186|S192|S216,2025-02-04T22:22:32,collaboration_context,0,,,
H06065,U1213,C044,I017,F016,O082,S004|S019|S100|S146|S148|S186,2025-02-04T23:02:51,skill_context,1,Retail,Upstream,Path_B
H04605,U0921,C078,I009,F015,O080,S079|S150|S156|S158|S170|S197|S222,2025-02-04T23:17:31,collaboration_context,0,,,
H05680,U1136,C278,I004,F018,O093,S016|S022|S031|S047|S053|S151|S214|S145,2025-02-04T23:32:29,supply_context,0,,,
H01480,U0296,C106,I021,F002,O008,S035|S038|S080|S104|S133|S136|S222|S229,2025-02-05T00:34:52,skill_context,0,,,
H03720,U0744,C031,I003,F002,O011,S010|S017|S049|S075|S084|S165|S206|S237,2025-02-05T00:44:28,collaboration_context,1,Manufacturing,Upstream,Path_B
H04680,U0936,C054,I004,F004,O019,S002|S009|S019|S052|S072|S194|S223|S041,2025-02-05T01:51:07,collaboration_context,0,,,
H02635,U0527,C267,I008,F005,O023,S028|S043|S112|S119|S165|S197|S206,2025-02-05T03:04:12,collaboration_context,0,,,
H05090,U1018,C267,I008,F006,O030,S030|S149|S160|S202|S228|S151|S076,2025-02-05T03:12:07,work_context,1,Procurement,Upstream,Path_H
H03405,U0681,C206,I014,F007,O033,S003|S023|S046|S098|S108|S128|S137|S183,2025-02-05T03:54:01,collaboration_context,0,,,
H03305,U0661,C214,I022,F015,O076,S054|S083|S176|S195|S212|S224|S014,2025-02-05T03:54:51,collaboration_context,0,,,
H04245,U0849,C212,I016,F009,O044,S025|S053|S123|S196|S221|S224|S225,2025-02-05T03:56:23,supply_context,0,,,
H03135,U0627,C005,I018,F002,O007,S005|S020|S075|S148|S182|S186|S215,2025-02-05T04:04:44,work_context,0,,,
H01015,U0203,C301,I007,F012,O062,S023|S025|S130|S167|S197|S087,2025-02-05T04:27:33,collaboration_context,0,,,
H06840,U1368,C274,I017,F005,O025,S004|S014|S091|S099|S105|S136|S145|S199,2025-02-05T05:00:36,skill_context,1,Retail,Downstream,Path_K
H04660,U0932,C302,I007,F002,O008,S070|S093|S114|S179|S203|S222|S120,2025-02-05T05:10:01,collaboration_context,1,Distribution,Downstream,Path_D
H02270,U0454,C201,I014,F010,O054,S025|S056|S070|S071|S100|S113|S125|S186,2025-02-05T05:39:57,supply_context,0,,,
H03850,U0770,C173,I016,F006,O031,S010|S026|S045|S067|S141|S146|S228|S240,2025-02-05T09:34:34,work_context,0,,,
H05810,U1162,C167,I002,F018,O094,S018|S072|S094|S116|S146|S168|S209|S223,2025-02-05T09:39:28,supply_context,0,,,
H05700,U1140,C299,I015,F003,O014,S061|S078|S144|S147|S167|S203|S074,2025-02-05T10:06:07,work_context,1,Retail,Upstream,Path_B
H01395,U0279,C258,I010,F001,O005,S013|S014|S091|S094|S121|S125|S132|S197,2025-02-05T10:15:45,skill_context,0,,,
H02735,U0547,C237,I016,F018,O093,S021|S049|S078|S115|S192|S019|S103|S116,2025-02-05T11:02:38,skill_context,1,Retail,Midstream,Path_A
H01180,U0236,C125,I007,F006,O030,S063|S065|S124|S130|S134|S143|S149,2025-02-05T12:25:20,work_context,0,,,
H03345,U0669,C108,I024,F001,O004,S019|S020|S034|S051|S064|S229|S236|S057,2025-02-05T16:05:20,skill_context,0,,,
H00870,U0174,C247,I003,F008,O040,S009|S038|S065|S073|S107|S162|S238,2025-02-05T16:28:23,collaboration_context,1,Retail,Downstream,Path_E
H01580,U0316,C243,I008,F003,O012,S088|S111|S161|S206|S218|S103|S120,2025-02-05T17:44:51,work_context,0,,,
H00485,U0097,C260,I019,F007,O034,S006|S044|S067|S073|S103|S164|S223|S133,2025-02-05T18:54:17,skill_context,0,,,
H00375,U0075,C175,I008,F008,O041,S055|S074|S112|S117|S121|S139,2025-02-05T19:17:29,collaboration_context,0,,,
H01560,U0312,C201,I014,F012,O063,S022|S024|S086|S103|S114|S236|S118|S129,2025-02-05T20:24:07,supply_context,0,,,
H00065,U0013,C053,I019,F014,O073,S038|S050|S068|S075|S205|S212|S088,2025-02-05T20:28:30,supply_context,1,Retail,Midstream,Path_B
H02290,U0458,C194,I010,F011,O059,S093|S112|S131|S200|S231|S165|S149|S100,2025-02-05T20:59:52,work_context,0,,,
H00550,U0110,C274,I017,F006,O030,S001|S009|S104|S126|S209|S212|S187|S163,2025-02-05T21:26:40,supply_context,1,Manufacturing,Upstream,Path_H
H05905,U1181,C141,I019,F016,O085,S027|S048|S055|S071|S079|S084|S145|S147,2025-02-05T22:51:34,work_context,0,,,
H03155,U0631,C013,I015,F008,O041,S022|S087|S099|S168|S169|S224|S227,2025-02-05T23:03:13,work_context,0,,,
H00755,U0151,C102,I009,F017,O088,S007|S022|S146|S179|S220|S139,2025-02-06T03:19:54,work_context,0,,,
H02460,U0492,C107,I006,F011,O058,S097|S102|S136|S160|S162|S193|S222|S231,2025-02-06T04:15:54,work_context,1,Retail,Upstream,Path_E
H03160,U0632,C307,I023,F013,O070,S003|S011|S056|S222|S230,2025-02-06T04:52:51,skill_context,0,,,
H05140,U1028,C200,I004,F017,O089,S119|S123|S192|S215|S225|S227|S081|S091,2025-02-06T05:35:58,skill_context,0,,,
H04760,U0952,C113,I004,F008,O042,S033|S054|S059|S145|S148|S152|S206|S020,2025-02-06T07:20:42,work_context,1,Distribution,Downstream,Path_B
H01240,U0248,C192,I010,F014,O075,S048|S068|S085|S170|S188|S203|S223|S239,2025-02-06T08:18:30,collaboration_context,0,,,
H02170,U0434,C070,I017,F002,O011,S011|S022|S040|S194|S220|S223|S049|S218,2025-02-06T08:26:23,supply_context,1,SCM,Downstream,Path_A
H05740,U1148,C203,I002,F015,O080,S060|S137|S166|S179|S207|S229|S234|S235,2025-02-06T10:01:24,supply_context,1,Logistics,Downstream,Path_A
H05505,U1101,C123,I022,F008,O042,S006|S041|S072|S090|S105|S124|S203|S189,2025-02-06T11:06:59,supply_context,0,,,
H02050,U0410,C291,I024,F009,O046,S004|S057|S058|S079|S085|S193|S207|S233,2025-02-06T11:45:42,work_context,0,,,
H03210,U0642,C242,I022,F002,O007,S004|S024|S084|S094|S122|S171|S172|S179,2025-02-06T12:00:35,skill_context,0,,,
H03435,U0687,C243,I008,F004,O018,S007|S014|S020|S123|S124|S181|S188|S205,2025-02-06T13:01:17,skill_context,1,Distribution,Upstream,Path_H
H07010,U1402,C048,I005,F001,O005,S010|S084|S093|S130|S186|S187|S183|S081,2025-02-06T15:04:13,collaboration_context,0,,,
H03575,U0715,C254,I022,F008,O041,S019|S037|S071|S161|S173|S225,2025-02-06T15:30:42,supply_context,0,,,
H01775,U0355,C225,I022,F010,O052,S059|S173|S177|S227|S228|S233|S036|S107,2025-02-06T15:38:20,collaboration_context,1,Manufacturing,Downstream,Path_A
H04075,U0815,C080,I024,F001,O001,S001|S049|S058|S061|S153|S177|S188,2025-02-06T17:42:24,work_context,0,,,
H06200,U1240,C038,I006,F010,O052,S020|S067|S080|S093|S184|S213|S239|S040,2025-02-06T17:59:48,collaboration_context,0,,,
H03925,U0785,C316,I013,F011,O059,S108|S158|S174|S211|S217|S234|S069,2025-02-06T18:18:35,skill_context,1,Logistics,Upstream,Path_C
H02970,U0594,C024,I001,F012,O064,S004|S005|S119|S168|S207,2025-02-06T20:51:33,skill_context,0,,,
H01380,U0276,C054,I004,F003,O015,S091|S148|S150|S178|S200|S051|S030|S041,2025-02-06T20:55:50,collaboration_context,0,,,
H04200,U0840,C091,I015,F009,O047,S015|S016|S144|S188|S214,2025-02-06T21:40:35,work_context,0,,,
H01140,U0228,C159,I002,F018,O095,S021|S047|S054|S078|S146|S177|S162|S077,2025-02-06T23:20:34,skill_context,0,,,
H04780,U0956,C126,I016,F017,O090,S091|S101|S113|S126|S134|S198|S223|S185,2025-02-06T23:30:14,collaboration_context,0,,,
H02880,U0576,C036,I011,F013,O067,S037|S047|S058|S061|S082|S217,2025-02-06T23:35:14,skill_context,0,,,
H04335,U0867,C049,I006,F017,O090,S004|S014|S030|S153|S190|S192|S193|S240,2025-02-07T00:40:33,skill_context,0,,,
H02430,U0486,C249,I018,F016,O081,S006|S071|S074|S106|S181|S228|S139|S220,2025-02-07T01:13:30,supply_context,0,,,
H02900,U0580,C104,I024,F016,O081,S008|S036|S058|S064|S156|S181|S183,2025-02-07T01:50:51,work_context,0,,,
H02490,U0498,C286,I009,F009,O044,S007|S022|S034|S101|S169|S173,2025-02-07T02:21:36,supply_context,0,,,
H06215,U1243,C014,I007,F004,O021,S013|S110|S143|S173|S192|S196|S237|S122,2025-02-07T03:25:36,skill_context,0,,,
H01605,U0321,C229,I019,F002,O010,S070|S081|S122|S165|S191|S206,2025-02-07T03:58:04,supply_context,1,SCM,Midstream,Path_D
H04005,U0801,C207,I008,F008,O041,S006|S095|S096|S110|S130|S226|S222|S036,2025-02-07T04:29:37,supply_context,1,Logistics,Downstream,Path_J
H04055,U0811,C288,I014,F008,O040,S005|S018|S023|S043|S084|S114|S140|S218,2025-02-07T05:38:45,work_context,0,,,
H01345,U0269,C201,I014,F014,O074,S008|S064|S086|S126|S145|S153|S213,2025-02-07T05:42:27,skill_context,1,SCM,Downstream,Path_D
H02655,U0531,C166,I018,F010,O050,S047|S129|S167|S186|S200|S206|S231|S149,2025-02-07T06:04:18,work_context,0,,,
H01805,U0361,C055,I023,F018,O093,S034|S086|S120|S153|S160|S162|S224|S234,2025-02-07T06:07:14,work_context,1,Logistics,Downstream,Path_K
H03560,U0712,C220,I006,F015,O077,S025|S052|S084|S091|S113|S122|S239,2025-02-07T06:09:51,supply_context,0,,,
H00250,U0050,C039,I023,F008,O043,S012|S037|S061|S089|S120|S185|S229|S060,2025-02-07T07:14:50,supply_context,0,,,
H03960,U0792,C019,I018,F012,O062,S004|S014|S036|S067|S120|S166|S184|S225,2025-02-07T07:16:13,work_context,1,Retail,Midstream,Path_K
H01100,U0220,C013,I015,F012,O062,S003|S058|S135|S151|S162|S215|S220,2025-02-07T08:29:23,supply_context,1,SCM,Midstream,Path_J
H05800,U1160,C110,I003,F014,O075,S019|S059|S115|S132|S159|S161|S230|S066,2025-02-07T08:39:27,skill_context,0,,,
H05655,U1131,C191,I020,F009,O048,S006|S016|S063|S086|S143|S168,2025-02-07T09:03:30,skill_context,0,,,
H00720,U0144,C207,I008,F002,O009,S029|S039|S050|S107|S140|S165|S177|S196,2025-02-07T09:10:48,skill_context,0,,,
H05900,U1180,C096,I017,F008,O040,S011|S037|S043|S047|S066|S086|S195|S235,2025-02-07T09:52:42,work_context,0,,,
H05785,U1157,C190,I023,F004,O019,S051|S061|S081|S131|S148|S168|S122|S012,2025-02-07T10:39:13,collaboration_context,0,,,
H00620,U0124,C296,I011,F007,O037,S020|S039|S048|S075|S120|S180|S207,2025-02-07T11:40:59,work_context,0,,,
H02200,U0440,C291,I024,F011,O058,S070|S080|S084|S095|S118|S132|S236|S217,2025-02-07T13:11:17,skill_context,0,,,
H02365,U0473,C147,I008,F013,O069,S020|S159|S203|S214|S230|S093,2025-02-07T17:08:47,collaboration_context,0,,,
H04575,U0915,C275,I008,F015,O077,S013|S055|S133|S158|S199|S062,2025-02-07T17:59:23,supply_context,0,,,
H05420,U1084,C243,I008,F011,O059,S044|S132|S192|S217|S224|S077,2025-02-07T18:02:34,work_context,0,,,
H01060,U0212,C157,I001,F001,O004,S006|S035|S144|S153|S193|S220|S161,2025-02-07T18:47:21,collaboration_context,0,,,
H04845,U0969,C058,I020,F015,O080,S019|S056|S076|S097|S117|S200|S222|S154,2025-02-07T19:36:36,collaboration_context,0,,,
H03545,U0709,C112,I008,F010,O050,S068|S077|S079|S155|S175|S202|S229|S237,2025-02-07T20:58:55,work_context,0,,,
H01745,U0349,C146,I017,F015,O079,S056|S143|S165|S167|S197|S228|S035,2025-02-07T21:32:19,supply_context,0,,,
H01320,U0264,C317,I002,F011,O055,S011|S063|S102|S189|S215|S126|S133,2025-02-07T22:35:34,collaboration_context,1,SCM,Upstream,Path_G
H05805,U1161,C024,I001,F013,O070,S020|S033|S139|S158|S171|S116,2025-02-08T00:03:50,skill_context,1,Distribution,Downstream,Path_J
H03985,U0797,C297,I023,F005,O023,S020|S144|S159|S191|S208|S101|S053|S165,2025-02-08T01:36:58,collaboration_context,0,,,
H02610,U0522,C290,I023,F013,O065,S008|S037|S076|S088|S143|S160|S163|S228,2025-02-08T02:38:21,supply_context,1,Logistics,Upstream,Path_D
H01760,U0352,C258,I010,F003,O013,S036|S050|S055|S129|S148|S155|S132|S162,2025-02-08T04:02:26,skill_context,1,Logistics,Downstream,Path_B
H02785,U0557,C014,I007,F011,O055,S023|S035|S062|S117|S211,2025-02-08T04:44:58,skill_context,0,,,
H06030,U1206,C229,I019,F011,O055,S012|S037|S042|S050|S122|S179|S194|S220,2025-02-08T06:54:43,work_context,1,Procurement,Midstream,Path_E
H03590,U0718,C169,I011,F006,O028,S014|S048|S059|S061|S162|S203|S232|S022,2025-02-08T08:29:18,work_context,1,Retail,Midstream,Path_I
H05195,U1039,C107,I006,F003,O013,S048|S081|S089|S194|S204,2025-02-08T09:22:29,work_context,0,,,
H02445,U0489,C260,I019,F001,O006,S043|S053|S081|S086|S116|S228|S235|S231,2025-02-08T09:22:50,collaboration_context,1,Retail,Downstream,Path_H
H04100,U0820,C189,I013,F003,O012,S060|S087|S091|S127|S146|S168|S234,2025-02-08T10:10:20,work_context,0,,,
H06190,U1238,C291,I024,F006,O032,S017|S029|S039|S075|S136|S210,2025-02-08T10:45:00,supply_context,0,,,
H04195,U0839,C253,I021,F010,O049,S020|S034|S040|S055|S154|S214|S049|S169,2025-02-08T10:59:59,supply_context,0,,,
H01490,U0298,C238,I004,F007,O035,S007|S020|S132|S175|S240|S176,2025-02-08T11:22:18,skill_context,1,Manufacturing,Midstream,Path_I
H00920,U0184,C012,I005,F008,O040,S058|S070|S124|S134|S138|S163|S168|S027,2025-02-08T11:40:01,collaboration_context,0,,,
H02585,U0517,C106,I021,F012,O061,S055|S127|S172|S185|S217|S020,2025-02-08T13:14:28,skill_context,1,Retail,Downstream,Path_K
H04855,U0971,C313,I015,F016,O083,S031|S032|S067|S070|S097|S146|S164|S207,2025-02-08T14:02:58,collaboration_context,0,,,
H00985,U0197,C158,I014,F011,O055,S042|S043|S053|S071|S119|S158|S221|S229,2025-02-08T15:35:22,skill_context,1,Supplier Management,Upstream,Path_J
H03320,U0664,C202,I022,F011,O056,S011|S060|S094|S117|S154|S159|S182|S223,2025-02-08T18:40:38,collaboration_context,0,,,
H04665,U0933,C126,I016,F002,O011,S048|S068|S141|S171|S172|S150|S222,2025-02-08T20:26:54,skill_context,1,Manufacturing,Downstream,Path_H
H03070,U0614,C097,I007,F013,O066,S035|S058|S155|S161|S175|S199|S200|S162,2025-02-08T20:55:01,work_context,1,Distribution,Downstream,Path_C
H01055,U0211,C130,I014,F008,O042,S027|S064|S119|S194|S214|S184|S021,2025-02-09T00:08:55,skill_context,1,Manufacturing,Upstream,Path_J
H02740,U0548,C001,I003,F008,O039,S009|S039|S106|S107|S126|S196|S212|S198,2025-02-09T01:42:13,skill_context,0,,,
H04495,U0899,C175,I008,F006,O030,S054|S113|S157|S179|S193|S118|S202|S147,2025-02-09T02:06:13,work_context,1,Logistics,Midstream,Path_L
H06900,U1380,C297,I023,F001,O003,S033|S043|S059|S067|S069|S088|S212|S226,2025-02-09T02:13:12,supply_context,0,,,
H04120,U0824,C071,I012,F014,O075,S118|S134|S186|S203|S231|S129|S176,2025-02-09T02:25:47,skill_context,1,Logistics,Upstream,Path_A
H02210,U0442,C300,I002,F018,O092,S039|S050|S157|S199|S210|S166,2025-02-09T04:23:17,skill_context,0,,,
H01925,U0385,C054,I004,F013,O065,S020|S070|S169|S186|S240,2025-02-09T04:37:27,skill_context,0,,,
H01465,U0293,C226,I008,F008,O041,S010|S088|S103|S126|S235,2025-02-09T04:39:52,work_context,1,Manufacturing,Downstream,Path_D
H01365,U0273,C106,I021,F017,O089,S069|S091|S118|S124|S147|S157|S220|S238,2025-02-09T05:32:37,skill_context,0,,,
H03460,U0692,C180,I005,F001,O001,S015|S024|S028|S077|S096|S187|S195|S234,2025-02-09T05:53:28,work_context,0,,,
H05340,U1068,C185,I021,F013,O065,S008|S035|S122|S165|S184|S232|S198,2025-02-09T06:53:28,work_context,0,,,
H04370,U0874,C261,I022,F004,O021,S005|S022|S121|S157|S160|S163|S216|S231,2025-02-09T08:48:37,work_context,1,Retail,Downstream,Path_H
H03285,U0657,C316,I013,F004,O018,S030|S076|S109|S152|S174|S228|S166|S187,2025-02-09T08:50:17,skill_context,0,,,
H00180,U0036,C263,I011,F009,O046,S006|S043|S132|S180|S234|S114,2025-02-09T09:31:03,supply_context,1,Retail,Upstream,Path_F
H00850,U0170,C096,I017,F003,O014,S044|S057|S152|S204|S211,2025-02-09T10:08:55,collaboration_context,0,,,
H00520,U0104,C275,I008,F007,O034,S066|S099|S122|S132|S230|S167,2025-02-09T10:14:47,supply_context,0,,,
H01115,U0223,C060,I011,F014,O073,S039|S167|S190|S192|S217|S159,2025-02-09T10:34:11,collaboration_context,0,,,
H00365,U0073,C302,I007,F013,O068,S044|S058|S103|S112|S123|S127|S148|S165,2025-02-09T15:06:16,work_context,0,,,
H05710,U1142,C148,I005,F012,O063,S029|S059|S060|S062|S145|S146|S183|S224,2025-02-09T15:39:13,collaboration_context,0,,,
H06545,U1309,C063,I003,F009,O048,S055|S084|S087|S124|S141|S159|S204|S238,2025-02-09T16:03:32,supply_context,1,SCM,Downstream,Path_A
H00965,U0193,C257,I006,F015,O080,S100|S117|S134|S186|S211,2025-02-09T16:10:33,work_context,0,,,
H00990,U0198,C193,I002,F017,O090,S021|S035|S114|S156|S235|S038,2025-02-09T16:34:05,supply_context,1,SCM,Upstream,Path_K
H03250,U0650,C248,I020,F009,O047,S038|S061|S079|S130|S218|S133|S018,2025-02-09T17:42:34,collaboration_context,1,Manufacturing,Upstream,Path_G
H02745,U0549,C145,I012,F010,O049,S014|S045|S061|S069|S133|S180|S198,2025-02-09T19:38:00,skill_context,0,,,
H01270,U0254,C017,I012,F001,O002,S007|S009|S017|S095|S139|S175|S193|S051,2025-02-09T19:56:58,skill_context,0,,,
H04960,U0992,C235,I009,F002,O007,S037|S047|S080|S105|S142|S167|S178|S024,2025-02-10T00:33:09,collaboration_context,1,Retail,Upstream,Path_H
H06560,U1312,C182,I011,F008,O041,S038|S081|S093|S136|S201|S239|S073|S062,2025-02-10T00:55:04,work_context,1,Retail,Midstream,Path_B
H00110,U0022,C116,I013,F010,O054,S002|S051|S089|S162|S174|S198|S200,2025-02-10T02:21:20,work_context,0,,,
H00695,U0139,C057,I023,F014,O073,S014|S026|S031|S076|S082|S095|S157|S222,2025-02-10T03:40:48,work_context,1,Procurement,Midstream,Path_C
H02760,U0552,C161,I009,F016,O084,S018|S041|S075|S160|S192|S217|S219|S004,2025-02-10T03:46:26,work_context,0,,,
H02560,U0512,C039,I023,F017,O091,S018|S032|S038|S042|S061|S144|S168|S211,2025-02-10T03:57:12,collaboration_context,1,Manufacturing,Downstream,Path_I
H02240,U0448,C142,I010,F015,O078,S003|S014|S021|S182|S218|S096|S187|S027,2025-02-10T05:17:53,work_context,1,Retail,Midstream,Path_B
H00420,U0084,C078,I009,F011,O059,S066|S075|S089|S090|S103|S147|S196,2025-02-10T06:06:43,work_context,1,SCM,Downstream,Path_A
H00055,U0011,C207,I008,F009,O045,S002|S015|S028|S038|S067|S199|S213|S224,2025-02-10T06:21:10,collaboration_context,1,Procurement,Downstream,Path_J
H02530,U0506,C089,I007,F017,O088,S012|S054|S097|S141|S231|S077|S031|S132,2025-02-10T07:05:38,work_context,1,Retail,Upstream,Path_K
H05705,U1141,C136,I023,F013,O068,S045|S080|S105|S130|S133|S184|S092,2025-02-10T07:13:16,skill_context,0,,,
H03530,U0706,C281,I008,F011,O058,S070|S098|S112|S129|S176|S186,2025-02-10T07:42:54,supply_context,0,,,
H04755,U0951,C158,I014,F012,O061,S007|S015|S029|S162|S181|S193|S218|S019,2025-02-10T11:16:30,skill_context,0,,,
H05110,U1022,C066,I021,F010,O052,S044|S062|S072|S073|S143|S184|S164|S228,2025-02-10T11:38:08,collaboration_context,1,SCM,Upstream,Path_B
H04170,U0834,C172,I010,F013,O069,S026|S052|S095|S186|S191|S229|S019,2025-02-10T12:44:02,collaboration_context,0,,,
H02755,U0551,C192,I010,F001,O002,S013|S015|S097|S106|S120|S160|S206|S221,2025-02-10T13:46:12,supply_context,1,Manufacturing,Upstream,Path_I
H02435,U0487,C313,I015,F006,O030,S001|S025|S100|S142|S146|S187|S191|S192,2025-02-10T14:13:19,work_context,1,SCM,Downstream,Path_B
H03015,U0603,C058,I020,F010,O054,S001|S060|S097|S119|S225,2025-02-10T14:28:55,skill_context,0,,,
H03520,U0704,C230,I002,F013,O068,S038|S044|S122|S160|S189|S207,2025-02-10T16:08:43,skill_context,1,Retail,Downstream,Path_H
H05410,U1082,C051,I019,F007,O037,S007|S045|S110|S177|S188|S195|S235|S214,2025-02-10T16:46:25,skill_context,0,,,
H02340,U0468,C246,I024,F007,O036,S060|S114|S124|S196|S220|S225|S158,2025-02-10T17:32:15,collaboration_context,1,Logistics,Midstream,Path_J
H02885,U0577,C015,I001,F012,O062,S033|S077|S090|S103|S155|S156|S221|S225,2025-02-10T20:09:44,collaboration_context,1,Procurement,Upstream,Path_E
H05210,U1042,C209,I019,F005,O027,S031|S033|S085|S101|S103|S206|S215|S126,2025-02-10T20:26:37,skill_context,0,,,
H02845,U0569,C223,I012,F018,O092,S097|S104|S144|S170|S171,2025-02-10T21:04:42,skill_context,0,,,
H05715,U1143,C072,I010,F004,O021,S083|S086|S094|S105|S239|S210,2025-02-10T21:43:34,collaboration_context,1,Distribution,Downstream,Path_K
H05190,U1038,C289,I018,F018,O092,S044|S045|S076|S173|S188|S198|S223|S239,2025-02-10T21:45:37,collaboration_context,0,,,
H00970,U0194,C195,I007,F010,O054,S071|S083|S090|S099|S119|S236|S094|S138,2025-02-10T21:51:03,work_context,1,Procurement,Upstream,Path_E
H03240,U0648,C280,I020,F010,O049,S033|S066|S088|S134|S199|S203|S036|S216,2025-02-10T22:09:01,skill_context,0,,,
H01825,U0365,C318,I017,F017,O091,S015|S028|S070|S120|S171|S181|S191|S221,2025-02-10T22:54:25,work_context,0,,,
H03100,U0620,C318,I017,F010,O054,S010|S048|S122|S129|S141|S154|S158|S188,2025-02-11T00:58:51,work_context,1,Supplier Management,Downstream,Path_F
H00275,U0055,C051,I019,F005,O023,S106|S126|S141|S144|S179|S202|S217|S208,2025-02-11T02:04:07,supply_context,0,,,
H03375,U0675,C192,I010,F003,O013,S021|S038|S107|S115|S175|S184|S205|S217,2025-02-11T02:50:10,skill_context,0,,,
H06275,U1255,C262,I003,F009,O045,S012|S031|S046|S062|S099|S143|S164|S180,2025-02-11T02:54:56,supply_context,0,,,
H05155,U1031,C315,I003,F007,O035,S013|S038|S114|S122|S127|S154|S184|S195,2025-02-11T02:58:31,supply_context,1,Supplier Management,Upstream,Path_D
H02685,U0537,C221,I019,F016,O081,S019|S069|S098|S127|S169|S189|S198|S156,2025-02-11T03:59:25,supply_context,1,Manufacturing,Midstream,Path_F
H05260,U1052,C123,I022,F013,O067,S007|S028|S096|S149|S205,2025-02-11T05:21:21,work_context,0,,,
H01670,U0334,C139,I008,F014,O073,S008|S011|S020|S062|S111|S202|S232|S236,2025-02-11T06:16:37,supply_context,0,,,
H00345,U0069,C147,I008,F003,O013,S006|S057|S063|S067|S076|S129|S164|S236,2025-02-11T06:56:15,skill_context,0,,,
H03010,U0602,C027,I021,F014,O071,S077|S108|S130|S156|S159|S174|S180,2025-02-11T07:35:27,collaboration_context,1,Procurement,Midstream,Path_I
H05745,U1149,C211,I004,F003,O013,S015|S025|S064|S068|S070|S077|S180|S206,2025-02-11T09:18:34,skill_context,0,,,
H06140,U1228,C165,I017,F010,O054,S029|S067|S107|S142|S188|S200|S202|S106,2025-02-11T09:40:27,skill_context,0,,,
H02140,U0428,C024,I001,F012,O064,S032|S057|S078|S092|S213|S217|S226,2025-02-11T10:15:20,work_context,0,,,
H05375,U1075,C128,I011,F016,O084,S026|S038|S061|S108|S109|S133|S177|S222,2025-02-11T11:09:59,collaboration_context,1,Procurement,Midstream,Path_G
H01090,U0218,C311,I018,F012,O063,S015|S042|S055|S069|S078|S083|S146|S159,2025-02-11T14:35:34,skill_context,0,,,
H04425,U0885,C082,I015,F010,O053,S072|S144|S175|S214|S238|S239|S007,2025-02-11T14:49:31,collaboration_context,1,Procurement,Downstream,Path_E
H06455,U1291,C120,I017,F005,O023,S007|S088|S151|S199|S215|S221,2025-02-11T16:04:43,skill_context,0,,,
H05215,U1043,C014,I007,F006,O031,S022|S059|S089|S108|S210|S222,2025-02-11T16:26:17,skill_context,1,Retail,Downstream,Path_A
H05990,U1198,C219,I024,F006,O029,S142|S178|S179|S190|S217|S101|S220,2025-02-11T17:01:10,skill_context,0,,,
H00635,U0127,C199,I021,F004,O022,S090|S098|S173|S191|S194|S195|S210|S225,2025-02-11T17:33:07,skill_context,1,Retail,Downstream,Path_K
H00820,U0164,C171,I018,F008,O042,S036|S040|S041|S087|S141|S159|S204|S053,2025-02-11T18:16:02,skill_context,1,Manufacturing,Downstream,Path_D
H01730,U0346,C021,I006,F013,O069,S072|S086|S134|S142|S144|S019,2025-02-11T20:33:24,skill_context,0,,,
H06585,U1317,C171,I018,F008,O043,S064|S079|S155|S195|S232|S005|S223,2025-02-11T20:40:51,supply_context,0,,,
H02675,U0535,C185,I021,F014,O072,S031|S037|S061|S082|S116,2025-02-11T21:10:13,work_context,0,,,
H03450,U0690,C021,I006,F014,O071,S025|S027|S055|S071|S083|S174|S202|S205,2025-02-11T23:01:12,work_context,0,,,
H05620,U1124,C043,I019,F008,O041,S073|S125|S145|S146|S167|S029|S023|S169,2025-02-11T23:44:50,work_context,1,SCM,Midstream,Path_G
H04970,U0994,C024,I001,F016,O083,S099|S120|S127|S179|S193|S225,2025-02-11T23:57:42,collaboration_context,0,,,
H05080,U1016,C108,I024,F014,O074,S110|S184|S198|S211|S226,2025-02-12T00:13:41,skill_context,0,,,
H01790,U0358,C175,I008,F012,O062,S048|S097|S173|S177|S193|S209|S212|S169,2025-02-12T00:23:42,supply_context,0,,,
H05035,U1007,C055,I023,F007,O033,S067|S068|S131|S194|S204|S232|S223,2025-02-12T01:58:57,collaboration_context,1,Retail,Midstream,Path_G
H00280,U0056,C028,I018,F014,O071,S052|S074|S140|S146|S168,2025-02-12T04:16:32,work_context,0,,,
H05070,U1014,C267,I008,F016,O083,S022|S062|S110|S155|S162|S185|S216|S010,2025-02-12T04:36:31,collaboration_context,0,,,
H02305,U0461,C193,I002,F006,O029,S004|S036|S051|S120|S140|S151|S219|S231,2025-02-12T05:46:59,supply_context,0,,,
H03270,U0654,C219,I024,F010,O050,S057|S148|S163|S199|S218|S234|S141|S018,2025-02-12T06:24:46,work_context,0,,,
H04085,U0817,C235,I009,F004,O017,S033|S034|S038|S093|S108|S124|S127|S238,2025-02-12T07:31:35,skill_context,0,,,
H04775,U0955,C185,I021,F014,O074,S017|S020|S069|S090|S107|S119|S148|S170,2025-02-12T08:37:53,work_context,0,,,
H04390,U0878,C201,I014,F001,O003,S018|S051|S098|S125|S213|S217,2025-02-12T08:46:23,skill_context,1,Procurement,Midstream,Path_D
H02310,U0462,C307,I023,F001,O006,S063|S101|S137|S148|S233,2025-02-12T10:47:52,skill_context,0,,,
H02640,U0528,C218,I021,F008,O039,S002|S007|S028|S073|S147|S180|S205|S141,2025-02-12T11:56:03,supply_context,0,,,
H04705,U0941,C133,I021,F014,O072,S062|S096|S108|S110|S194|S123|S028,2025-02-12T12:37:28,supply_context,0,,,
H00105,U0021,C185,I021,F005,O025,S001|S014|S047|S161|S163|S197|S203,2025-02-12T13:03:35,skill_context,0,,,
H03690,U0738,C180,I005,F008,O039,S030|S067|S098|S181|S239|S069,2025-02-12T13:06:03,skill_context,0,,,
H01220,U0244,C139,I008,F006,O030,S004|S007|S012|S018|S101|S216|S235,2025-02-12T13:37:04,work_context,1,Procurement,Upstream,Path_D
H01010,U0202,C058,I020,F008,O042,S005|S056|S191|S220|S232|S147|S120|S133,2025-02-12T14:14:17,work_context,0,,,
H03650,U0730,C164,I012,F016,O082,S061|S103|S131|S134|S154|S169|S238,2025-02-12T15:33:24,skill_context,1,Procurement,Downstream,Path_A
H05105,U1021,C095,I012,F006,O032,S011|S068|S108|S110|S174|S103|S132|S203,2025-02-12T15:34:59,skill_context,0,,,
H05005,U1001,C212,I016,F009,O044,S017|S022|S040|S067|S075|S096|S103|S109,2025-02-12T16:50:40,work_context,1,Logistics,Downstream,Path_G
H05690,U1138,C157,I001,F009,O044,S006|S064|S083|S139|S186|S188|S200|S035,2025-02-12T19:22:57,work_context,1,Supplier Management,Downstream,Path_D
H05465,U1093,C239,I013,F004,O019,S088|S090|S113|S125|S186|S189|S228|S235,2025-02-12T19:24:19,skill_context,1,Logistics,Midstream,Path_F
H01990,U0398,C083,I024,F013,O067,S027|S030|S083|S085|S092|S185|S002,2025-02-12T19:31:48,skill_context,1,Logistics,Midstream,Path_F
H04860,U0972,C252,I024,F015,O077,S029|S070|S076|S085|S126|S160|S217,2025-02-12T20:25:18,skill_context,0,,,
H03600,U0720,C007,I017,F012,O063,S067|S090|S131|S159|S163|S048|S116,2025-02-12T20:45:00,skill_context,0,,,
H03115,U0623,C248,I020,F017,O088,S005|S041|S064|S118|S128|S189|S207,2025-02-12T22:03:56,skill_context,1,Distribution,Upstream,Path_L
H04800,U0960,C197,I007,F018,O094,S013|S034|S081|S127|S136|S150|S195|S061,2025-02-12T23:21:32,collaboration_context,0,,,
H00760,U0152,C286,I009,F002,O011,S004|S037|S080|S119|S177|S198|S128|S022,2025-02-13T00:05:47,skill_context,1,Logistics,Upstream,Path_I
H02775,U0555,C037,I009,F007,O037,S039|S098|S118|S155|S182|S223|S239,2025-02-13T00:32:29,collaboration_context,1,Distribution,Upstream,Path_K
H02360,U0472,C270,I003,F003,O012,S002|S113|S160|S187|S229|S183|S194|S060,2025-02-13T03:31:08,supply_context,0,,,
H04615,U0923,C165,I017,F016,O081,S023|S105|S173|S213|S226|S221|S100|S086,2025-02-13T03:53:53,work_context,0,,,
H00165,U0033,C145,I012,F018,O096,S001|S023|S034|S140|S156|S062,2025-02-13T04:38:17,work_context,1,Supplier Management,Upstream,Path_F
H03965,U0793,C243,I008,F006,O029,S005|S059|S067|S098|S099|S120|S121|S184,2025-02-13T04:42:52,work_context,0,,,
H03360,U0672,C243,I008,F014,O072,S038|S051|S111|S129|S152|S158|S168|S195,2025-02-13T05:38:14,supply_context,0,,,
H04255,U0851,C140,I022,F002,O007,S004|S020|S046|S171|S187|S227,2025-02-13T06:04:50,supply_context,1,Distribution,Upstream,Path_J
H05550,U1110,C221,I019,F001,O004,S091|S094|S145|S147|S151|S173|S114|S083,2025-02-13T06:41:58,work_context,1,Retail,Midstream,Path_G
H01930,U0386,C078,I009,F018,O092,S056|S064|S065|S088|S104|S120|S165|S201,2025-02-13T07:54:00,work_context,1,Retail,Downstream,Path_E
H04190,U0838,C062,I010,F006,O032,S062|S096|S108|S150|S198|S207|S213|S219,2025-02-13T08:49:46,supply_context,0,,,
H06855,U1371,C295,I004,F001,O004,S070|S113|S145|S205|S239,2025-02-13T09:54:51,collaboration_context,0,,,
H00465,U0093,C194,I010,F007,O037,S034|S064|S093|S098|S204|S207|S018,2025-02-13T10:53:36,work_context,0,,,
H05020,U1004,C102,I009,F006,O032,S049|S064|S069|S073|S125|S135|S165|S197,2025-02-13T11:27:27,supply_context,1,Logistics,Upstream,Path_K
H00445,U0089,C111,I011,F008,O041,S006|S030|S077|S128|S191|S230|S237|S134,2025-02-13T11:32:38,collaboration_context,0,,,
H02205,U0441,C175,I008,F007,O037,S019|S076|S109|S130|S174,2025-02-13T12:16:45,work_context,1,Manufacturing,Downstream,Path_D
H03440,U0688,C050,I013,F015,O079,S003|S040|S068|S076|S113|S161|S178|S208,2025-02-13T13:47:29,skill_context,0,,,
H00525,U0105,C149,I009,F002,O008,S033|S042|S075|S076|S142|S154|S221|S227,2025-02-13T15:29:10,collaboration_context,1,Logistics,Downstream,Path_E
H04485,U0897,C133,I021,F016,O085,S013|S101|S113|S153|S168|S197|S198|S203,2025-02-13T15:52:29,collaboration_context,0,,,
H04180,U0836,C240,I002,F012,O063,S006|S020|S055|S100|S231,2025-02-13T16:02:23,skill_context,1,Logistics,Midstream,Path_E
H03570,U0714,C273,I005,F001,O001,S034|S047|S077|S094|S124|S127|S209|S117,2025-02-13T16:08:31,supply_context,0,,,
H02450,U0490,C075,I011,F011,O057,S017|S081|S125|S138|S213|S215,2025-02-13T16:21:22,work_context,1,SCM,Upstream,Path_F
H06145,U1229,C252,I024,F014,O071,S054|S119|S189|S195|S198|S199|S130|S050,2025-02-13T16:25:20,collaboration_context,0,,,
H02835,U0567,C100,I005,F011,O057,S029|S056|S070|S127|S131|S226,2025-02-13T17:13:40,collaboration_context,0,,,
H00245,U0049,C315,I003,F017,O087,S009|S032|S158|S176|S183|S192|S193|S017,2025-02-13T20:00:15,work_context,0,,,
H03900,U0780,C028,I018,F008,O043,S012|S050|S070|S126|S139|S147|S158|S212,2025-02-13T20:36:34,skill_context,0,,,
H03175,U0635,C160,I005,F008,O041,S084|S121|S133|S167|S214|S217|S233,2025-02-13T21:21:45,supply_context,0,,,
H05920,U1184,C136,I023,F004,O017,S047|S085|S091|S142|S171,2025-02-13T22:46:23,supply_context,0,,,
H05295,U1059,C187,I002,F013,O068,S017|S068|S113|S138|S202|S172|S061,2025-02-13T23:16:45,collaboration_context,0,,,
H03300,U0660,C073,I001,F006,O031,S025|S100|S123|S130|S168|S179|S190|S234,2025-02-14T01:00:01,work_context,0,,,
H05980,U1196,C196,I016,F008,O040,S049|S074|S100|S145|S158|S194|S199|S235,2025-02-14T03:58:46,skill_context,0,,,
H03025,U0605,C242,I022,F010,O050,S003|S047|S064|S066|S079|S123|S138|S155,2025-02-14T05:02:48,collaboration_context,0,,,
H01715,U0343,C057,I023,F009,O046,S092|S094|S116|S163|S180|S213|S229,2025-02-14T05:55:29,work_context,0,,,
H00935,U0187,C107,I006,F012,O062,S060|S064|S116|S148|S152|S156|S186|S202,2025-02-14T06:04:21,skill_context,1,Distribution,Upstream,Path_G
H04625,U0925,C044,I017,F006,O030,S002|S018|S135|S148|S150|S199|S206|S098,2025-02-14T12:31:05,supply_context,0,,,
H04395,U0879,C243,I008,F009,O046,S038|S071|S098|S172|S200|S219|S103,2025-02-14T13:51:18,supply_context,1,Retail,Upstream,Path_I
H05875,U1175,C305,I018,F007,O037,S017|S038|S041|S120|S171|S174|S079,2025-02-14T14:30:13,skill_context,1,SCM,Downstream,Path_K
H01615,U0323,C282,I017,F013,O069,S049|S050|S051|S113|S183,2025-02-14T17:41:23,work_context,0,,,
H02860,U0572,C075,I011,F010,O049,S079|S106|S153|S172|S187|S205|S227|S207,2025-02-14T18:14:38,supply_context,0,,,
H06705,U1341,C063,I003,F015,O078,S083|S124|S137|S167|S223|S064|S063|S114,2025-02-14T18:25:55,supply_context,1,Retail,Midstream,Path_L
H01585,U0317,C029,I003,F014,O071,S081|S121|S146|S172|S198|S227|S001|S079,2025-02-14T19:27:49,work_context,1,Manufacturing,Upstream,Path_D
H01265,U0253,C023,I015,F016,O081,S070|S074|S085|S139|S218|S221|S115,2025-02-14T19:32:36,collaboration_context,1,Distribution,Upstream,Path_F
H00500,U0100,C168,I023,F018,O096,S042|S135|S156|S160|S170|S232,2025-02-14T22:12:16,collaboration_context,0,,,
H01235,U0247,C094,I006,F018,O095,S064|S071|S074|S079|S152|S173|S112|S067,2025-02-14T22:49:29,collaboration_context,1,Supplier Management,Upstream,Path_B
H00125,U0025,C198,I002,F008,O041,S026|S029|S031|S038|S141|S175|S185|S224,2025-02-15T00:58:46,skill_context,0,,,
H03500,U0700,C058,I020,F001,O002,S023|S028|S036|S067|S106|S118|S141|S219,2025-02-15T01:11:01,work_context,0,,,
H06470,U1294,C097,I007,F013,O070,S078|S084|S086|S154|S170|S067|S044|S089,2025-02-15T01:29:21,supply_context,0,,,
H02070,U0414,C105,I005,F003,O013,S054|S131|S137|S141|S145|S161|S218|S237,2025-02-15T02:28:13,skill_context,1,Logistics,Upstream,Path_C
H01545,U0309,C218,I021,F018,O094,S015|S019|S035|S070|S129|S155|S230|S240,2025-02-15T02:47:13,skill_context,0,,,
H00765,U0153,C086,I010,F015,O078,S032|S110|S113|S122|S127|S173|S194|S229,2025-02-15T03:06:19,supply_context,0,,,
H03105,U0621,C158,I014,F011,O056,S053|S057|S116|S148|S209|S218|S069|S045,2025-02-15T04:53:05,skill_context,1,Retail,Midstream,Path_H
H04050,U0810,C298,I012,F005,O026,S008|S015|S046|S058|S059|S068|S142|S146,2025-02-15T09:02:46,work_context,0,,,
H01205,U0241,C141,I019,F017,O090,S029|S041|S129|S149|S173,2025-02-15T10:47:48,supply_context,0,,,
H04290,U0858,C116,I013,F003,O013,S009|S036|S063|S083|S095|S161|S057|S025,2025-02-15T10:52:29,work_context,0,,,
H04580,U0916,C003,I003,F007,O035,S002|S037|S059|S157|S161|S162|S210|S234,2025-02-15T12:42:34,skill_context,1,Manufacturing,Upstream,Path_K
H01170,U0234,C026,I012,F009,O044,S019|S029|S037|S040|S068|S113|S136,2025-02-15T13:10:12,skill_context,0,,,
H03165,U0633,C082,I015,F005,O024,S059|S075|S083|S200|S208|S011|S057,2025-02-15T13:53:12,work_context,1,Procurement,Downstream,Path_L
H05425,U1085,C240,I002,F011,O058,S025|S060|S077|S091|S103|S122|S126|S137,2025-02-15T14:26:15,supply_context,1,Logistics,Upstream,Path_I
H02670,U0534,C256,I018,F018,O096,S010|S041|S051|S054|S131|S146|S203|S222,2025-02-15T15:27:27,collaboration_context,0,,,
H02660,U0532,C203,I002,F010,O053,S011|S022|S031|S051|S058|S147|S212|S225,2025-02-15T16:24:03,skill_context,0,,,
H03445,U0689,C133,I021,F015,O076,S007|S052|S069|S105|S109|S144|S210|S022,2025-02-15T17:24:39,skill_context,1,Distribution,Midstream,Path_I
H00145,U0029,C087,I011,F017,O088,S014|S031|S034|S063|S082|S137|S229|S234,2025-02-15T17:36:48,work_context,0,,,
H06690,U1338,C074,I016,F002,O008,S028|S032|S043|S045|S081|S123|S135|S139,2025-02-15T20:34:33,skill_context,1,Retail,Upstream,Path_A
H01980,U0396,C246,I024,F014,O075,S003|S087|S089|S119|S160|S176|S191|S232,2025-02-15T20:46:25,skill_context,0,,,
H06780,U1356,C045,I009,F005,O024,S093|S122|S134|S175|S204|S012|S018|S238,2025-02-15T21:47:26,skill_context,1,Distribution,Downstream,Path_L
H00910,U0182,C027,I021,F009,O048,S018|S042|S079|S161|S174|S197|S212,2025-02-15T22:34:13,work_context,0,,,
H05310,U1062,C304,I020,F014,O075,S071|S090|S099|S203|S215|S198,2025-02-15T23:10:46,supply_context,0,,,
H02320,U0464,C185,I021,F002,O010,S004|S033|S130|S156|S166|S169|S180|S227,2025-02-16T00:16:19,collaboration_context,0,,,
H06605,U1321,C303,I008,F004,O019,S075|S106|S129|S160|S168|S234|S172|S027,2025-02-16T01:06:29,collaboration_context,0,,,
H00265,U0053,C093,I002,F017,O091,S023|S097|S105|S179|S189|S212|S226|S113,2025-02-16T01:25:38,supply_context,0,,,
H03870,U0774,C059,I014,F005,O027,S064|S109|S122|S174|S188|S225,2025-02-16T02:23:15,work_context,0,,,
H05435,U1087,C023,I015,F005,O023,S013|S127|S175|S187|S198|S222,2025-02-16T02:33:59,skill_context,0,,,
H00600,U0120,C080,I024,F014,O075,S034|S076|S092|S102|S142|S197|S218|S236,2025-02-16T03:44:08,skill_context,0,,,
H05985,U1197,C050,I013,F013,O069,S024|S050|S065|S137|S199|S228,2025-02-16T05:39:34,collaboration_context,0,,,
H00120,U0024,C310,I016,F005,O026,S054|S096|S122|S223|S239|S088|S060|S196,2025-02-16T06:14:48,collaboration_context,0,,,
H05500,U1100,C243,I008,F014,O072,S030|S069|S083|S095|S116|S177|S199|S208,2025-02-16T06:21:44,work_context,1,Supplier Management,Downstream,Path_G
H02770,U0554,C260,I019,F014,O073,S081|S094|S106|S165|S173|S226|S175,2025-02-16T06:34:42,work_context,1,Retail,Upstream,Path_D
H01030,U0206,C211,I004,F017,O091,S043|S060|S067|S090|S101|S225|S234|S237,2025-02-16T06:52:34,collaboration_context,1,Procurement,Upstream,Path_L
H05970,U1194,C002,I013,F001,O002,S011|S036|S097|S140|S155|S191|S004|S132,2025-02-16T07:15:04,collaboration_context,1,Distribution,Upstream,Path_L
H00830,U0166,C141,I019,F012,O063,S030|S045|S077|S091|S096|S180|S181|S202,2025-02-16T08:16:09,skill_context,0,,,
H06815,U1363,C310,I016,F010,O050,S021|S067|S083|S094|S103|S116|S139|S184,2025-02-16T10:33:15,work_context,0,,,
H00790,U0158,C018,I020,F013,O069,S020|S056|S083|S128|S134|S174|S228|S044,2025-02-16T11:00:00,supply_context,0,,,
H04385,U0877,C187,I002,F003,O015,S046|S084|S098|S104|S105|S137|S201|S216,2025-02-16T12:40:59,supply_context,0,,,
H05360,U1072,C214,I022,F001,O003,S047|S063|S125|S187|S195|S200,2025-02-16T12:50:51,work_context,0,,,
H03895,U0779,C231,I015,F002,O011,S002|S007|S082|S113|S117|S132|S166,2025-02-16T13:12:19,supply_context,1,Procurement,Upstream,Path_H
H01255,U0251,C044,I017,F007,O035,S008|S082|S091|S116|S122|S144|S151|S177,2025-02-16T13:18:16,collaboration_context,1,Manufacturing,Upstream,Path_B
H02895,U0579,C054,I004,F003,O012,S034|S057|S065|S131|S132|S106,2025-02-16T13:42:44,work_context,0,,,
H00645,U0129,C262,I003,F002,O009,S063|S067|S068|S082|S088|S115|S036|S123,2025-02-16T14:06:52,collaboration_context,0,,,
H00875,U0175,C269,I019,F013,O070,S002|S058|S102|S111|S173|S174|S191|S118,2025-02-16T14:45:26,supply_context,1,Supplier Management,Downstream,Path_J
H02080,U0416,C060,I011,F011,O055,S032|S057|S061|S104|S140|S052,2025-02-16T15:14:28,supply_context,0,,,
H04280,U0856,C102,I009,F015,O079,S017|S018|S060|S066|S080|S095|S131|S138,2025-02-16T15:51:17,collaboration_context,0,,,
H01955,U0391,C046,I001,F015,O077,S008|S018|S107|S154|S164|S203|S239,2025-02-16T16:11:32,work_context,0,,,
H06940,U1388,C231,I015,F008,O040,S056|S095|S103|S158|S210|S214|S237|S065,2025-02-16T16:11:49,collaboration_context,0,,,
H01200,U0240,C057,I023,F009,O044,S022|S090|S136|S184|S214|S231|S146|S147,2025-02-16T18:41:58,skill_context,1,Supplier Management,Downstream,Path_I
H05290,U1058,C162,I001,F017,O089,S081|S129|S138|S145|S159|S210|S211|S170,2025-02-16T18:45:12,supply_context,0,,,
H02230,U0446,C190,I023,F015,O080,S068|S087|S116|S205|S224,2025-02-16T20:23:28,supply_context,0,,,
H06735,U1347,C269,I019,F004,O020,S031|S099|S129|S166|S186|S192|S231,2025-02-16T21:03:16,work_context,1,Supplier Management,Upstream,Path_D
H05895,U1179,C021,I006,F012,O060,S026|S044|S114|S141|S211|S018|S231,2025-02-16T21:49:50,supply_context,1,Distribution,Downstream,Path_E
H03890,U0778,C004,I004,F006,O030,S030|S103|S164|S181|S224|S011,2025-02-16T21:58:00,skill_context,0,,,
H01215,U0243,C180,I005,F007,O038,S014|S036|S102|S130|S168|S185|S203|S127,2025-02-16T22:08:54,skill_context,0,,,
H06120,U1224,C108,I024,F011,O055,S034|S039|S047|S144|S157|S183|S202|S234,2025-02-16T22:45:48,collaboration_context,1,Distribution,Downstream,Path_D
H05795,U1159,C307,I023,F017,O089,S003|S034|S063|S095|S109|S187|S198|S069,2025-02-16T23:13:11,skill_context,0,,,
H02580,U0516,C304,I020,F008,O041,S001|S074|S144|S199|S204|S212|S128|S041,2025-02-17T00:16:09,work_context,0,,,
H06975,U1395,C082,I015,F006,O032,S001|S046|S096|S155|S186,2025-02-17T00:38:35,work_context,1,Retail,Downstream,Path_K
H03620,U0724,C030,I020,F002,O007,S004|S039|S117|S139|S193,2025-02-17T03:17:23,collaboration_context,1,Logistics,Upstream,Path_G
H03810,U0762,C172,I010,F014,O075,S007|S025|S030|S068|S099|S049|S220|S029,2025-02-17T04:04:04,supply_context,0,,,
H06600,U1320,C024,I001,F008,O042,S006|S047|S084|S143|S171|S184|S240,2025-02-17T05:42:09,collaboration_context,0,,,
H01455,U0291,C036,I011,F016,O085,S002|S018|S096|S126|S141|S217|S232|S181,2025-02-17T06:35:08,skill_context,0,,,
H05175,U1035,C174,I005,F015,O077,S011|S024|S032|S056|S117|S122|S192|S236,2025-02-17T08:58:20,work_context,0,,,
H04965,U0993,C289,I018,F006,O031,S013|S023|S065|S124|S130|S170|S181|S224,2025-02-17T10:56:45,work_context,0,,,
H00285,U0057,C152,I019,F015,O076,S001|S019|S044|S092|S093|S144|S195|S233,2025-02-17T11:05:56,supply_context,0,,,
H06475,U1295,C250,I012,F001,O005,S021|S031|S038|S076|S080|S129|S161|S198,2025-02-17T12:03:01,work_context,0,,,
H04710,U0942,C138,I021,F009,O044,S078|S087|S097|S110|S142|S169|S209,2025-02-17T12:47:26,skill_context,0,,,
H00220,U0044,C052,I013,F003,O012,S025|S078|S107|S123|S201|S154,2025-02-17T13:18:50,work_context,1,Procurement,Upstream,Path_L
H06090,U1218,C127,I004,F005,O023,S059|S109|S113|S169|S190|S195|S205|S216,2025-02-17T14:01:43,work_context,0,,,
H01310,U0262,C136,I023,F008,O041,S029|S076|S092|S121|S141|S152|S208|S072,2025-02-17T17:42:54,collaboration_context,0,,,
H06820,U1364,C065,I004,F006,O028,S017|S019|S084|S099|S121|S192|S193,2025-02-17T17:57:25,collaboration_context,0,,,
H00915,U0183,C132,I019,F001,O001,S021|S031|S125|S204|S227|S005|S066|S012,2025-02-17T18:40:28,skill_context,0,,,
H02255,U0451,C099,I020,F012,O061,S010|S025|S123|S136|S151|S166|S154|S125,2025-02-17T19:11:41,skill_context,1,Distribution,Midstream,Path_G
H03905,U0781,C134,I005,F009,O048,S004|S040|S106|S121|S156|S166|S181|S034,2025-02-17T19:15:57,skill_context,1,Procurement,Midstream,Path_G
H05445,U1089,C109,I014,F011,O057,S007|S069|S073|S097|S156|S200,2025-02-17T19:20:05,collaboration_context,0,,,
H05640,U1128,C112,I008,F002,O007,S035|S061|S112|S126|S209|S238|S062,2025-02-17T19:20:57,supply_context,0,,,
H04870,U0974,C055,I023,F018,O095,S003|S004|S143|S206|S237,2025-02-17T20:02:04,work_context,1,Supplier Management,Midstream,Path_E
H03045,U0609,C165,I017,F011,O058,S088|S157|S161|S180|S224|S238|S188,2025-02-17T22:07:32,skill_context,1,Procurement,Midstream,Path_I
H03945,U0789,C206,I014,F010,O051,S077|S087|S089|S099|S168|S170|S192|S002,2025-02-17T22:18:25,work_context,1,Procurement,Midstream,Path_H
H05335,U1067,C289,I018,F014,O073,S004|S027|S056|S061|S177|S178|S182|S194,2025-02-17T22:31:25,collaboration_context,1,Procurement,Upstream,Path_E
H04045,U0809,C312,I022,F012,O063,S008|S012|S035|S094|S178|S014|S188|S057,2025-02-18T00:23:22,skill_context,0,,,
H02855,U0571,C154,I022,F003,O013,S030|S168|S180|S199|S228,2025-02-18T01:42:53,collaboration_context,0,,,
H03125,U0625,C311,I018,F011,O059,S001|S031|S076|S077|S093|S214|S002|S083,2025-02-18T02:25:22,supply_context,0,,,
H04640,U0928,C156,I005,F008,O040,S013|S060|S084|S132|S133|S167,2025-02-18T03:00:40,skill_context,1,Logistics,Upstream,Path_H
H03120,U0624,C175,I008,F006,O030,S080|S130|S168|S209|S223|S050|S009,2025-02-18T04:04:53,collaboration_context,0,,,
H05515,U1103,C279,I021,F008,O040,S027|S052|S083|S087|S130|S171|S235|S103,2025-02-18T07:04:45,work_context,0,,,
H05285,U1057,C254,I022,F001,O001,S015|S111|S129|S131|S164|S240|S091,2025-02-18T07:56:07,work_context,0,,,
H01340,U0268,C163,I002,F013,O070,S019|S039|S192|S199|S220|S230|S110|S133,2025-02-18T10:37:45,supply_context,0,,,
H00980,U0196,C261,I022,F012,O063,S042|S068|S084|S102|S120|S135|S163|S199,2025-02-18T10:48:45,supply_context,1,Logistics,Upstream,Path_F
H00150,U0030,C222,I003,F014,O072,S099|S107|S123|S169|S170|S222|S031,2025-02-18T11:22:52,collaboration_context,0,,,
H06755,U1351,C081,I007,F015,O078,S056|S062|S096|S180|S184|S197|S199|S238,2025-02-18T12:07:41,supply_context,1,Retail,Upstream,Path_C
H06785,U1357,C161,I009,F014,O075,S030|S034|S085|S149|S178|S234|S202|S151,2025-02-18T13:06:34,work_context,1,Supplier Management,Midstream,Path_C
H03980,U0796,C104,I024,F013,O067,S025|S039|S196|S204|S225|S135|S198,2025-02-18T13:18:36,skill_context,1,Supplier Management,Downstream,Path_B
H03625,U0725,C285,I024,F013,O065,S005|S134|S144|S160|S179|S207|S215|S233,2025-02-18T14:25:33,supply_context,0,,,
H00240,U0048,C037,I009,F002,O010,S011|S084|S142|S178|S222|S235|S017|S008,2025-02-18T14:30:55,supply_context,1,SCM,Upstream,Path_A
H06285,U1257,C298,I012,F009,O048,S036|S089|S102|S121|S159|S180|S194|S222,2025-02-18T14:31:14,supply_context,1,Supplier Management,Downstream,Path_A
H05455,U1091,C035,I013,F014,O072,S004|S024|S053|S087|S167|S203|S217,2025-02-18T14:35:08,supply_context,1,Distribution,Midstream,Path_H
H06925,U1385,C143,I014,F015,O076,S008|S014|S052|S059|S087|S111|S169|S196,2025-02-18T18:33:06,collaboration_context,0,,,
H02125,U0425,C073,I001,F009,O048,S013|S014|S045|S101|S107,2025-02-18T19:07:49,supply_context,0,,,
H05015,U1003,C201,I014,F003,O012,S048|S080|S118|S121|S219,2025-02-18T19:24:25,collaboration_context,0,,,
H04465,U0893,C156,I005,F016,O081,S022|S076|S079|S081|S111|S166|S212|S008,2025-02-18T19:28:00,skill_context,0,,,
H01835,U0367,C122,I015,F007,O033,S063|S103|S143|S154|S173|S176|S223|S046,2025-02-18T20:37:16,collaboration_context,1,Distribution,Downstream,Path_C
H00140,U0028,C218,I021,F018,O095,S052|S072|S175|S177|S211,2025-02-18T20:47:41,work_context,0,,,
H03835,U0767,C242,I022,F007,O038,S052|S056|S083|S114|S135|S207,2025-02-18T22:12:45,collaboration_context,0,,,
H04225,U0845,C171,I018,F007,O038,S014|S024|S058|S067|S130,2025-02-18T22:49:34,collaboration_context,1,SCM,Upstream,Path_B
H02015,U0403,C026,I012,F011,O059,S041|S087|S095|S111|S112|S150|S225|S003,2025-02-18T23:08:02,supply_context,0,,,
H05965,U1193,C211,I004,F010,O051,S001|S032|S066|S155|S195|S059|S154,2025-02-19T00:52:27,work_context,0,,,
H01135,U0227,C069,I015,F011,O058,S116|S147|S217|S226|S232|S230|S131,2025-02-19T03:20:53,collaboration_context,1,SCM,Downstream,Path_J
H04025,U0805,C241,I013,F012,O062,S100|S107|S155|S206|S223|S227|S129|S105,2025-02-19T03:53:31,work_context,1,Retail,Downstream,Path_L
H03085,U0617,C176,I007,F016,O084,S018|S024|S089|S110|S141|S187|S202,2025-02-19T06:23:43,work_context,0,,,
H00535,U0107,C159,I002,F017,O087,S028|S128|S192|S222|S224|S132|S144|S127,2025-02-19T08:05:58,work_context,1,Procurement,Midstream,Path_D
H02010,U0402,C121,I001,F010,O052,S064|S094|S183|S187|S238|S158|S111|S164,2025-02-19T12:15:15,collaboration_context,1,Retail,Downstream,Path_J
H04545,U0909,C274,I017,F009,O046,S009|S062|S143|S144|S150|S185|S205|S227,2025-02-19T13:40:25,supply_context,1,Supplier Management,Midstream,Path_L
H01185,U0237,C140,I022,F005,O023,S023|S055|S059|S064|S133|S141,2025-02-19T14:17:52,skill_context,0,,,
H05560,U1112,C108,I024,F014,O074,S015|S022|S031|S064|S085|S163|S216|S104,2025-02-19T15:23:30,supply_context,1,Supplier Management,Midstream,Path_L
H03815,U0763,C140,I022,F016,O081,S047|S067|S086|S163|S172|S180|S233|S239,2025-02-19T15:42:41,skill_context,0,,,
H06280,U1256,C254,I022,F011,O055,S002|S003|S023|S074|S081|S084|S086|S142,2025-02-19T16:43:15,collaboration_context,0,,,
H06045,U1209,C132,I019,F011,O056,S022|S027|S077|S112|S152|S204|S146,2025-02-19T17:00:19,collaboration_context,0,,,
H00230,U0046,C226,I008,F013,O067,S011|S051|S063|S135|S217|S177|S077,2025-02-19T17:11:26,collaboration_context,1,SCM,Downstream,Path_E
H00410,U0082,C270,I003,F013,O069,S007|S010|S100|S107|S164,2025-02-19T17:32:33,supply_context,1,Procurement,Downstream,Path_A
H06875,U1375,C053,I019,F001,O004,S050|S098|S120|S129|S150|S152|S176|S188,2025-02-19T17:58:34,work_context,0,,,
H02280,U0456,C077,I019,F015,O079,S033|S103|S104|S122|S144|S205,2025-02-19T19:19:50,work_context,1,Manufacturing,Midstream,Path_H
H05075,U1015,C068,I006,F002,O007,S017|S044|S063|S098|S111|S133|S166|S200,2025-02-19T20:17:52,collaboration_context,0,,,
H02345,U0469,C211,I004,F006,O028,S034|S055|S080|S106|S124|S195|S198|S225,2025-02-19T20:51:01,collaboration_context,0,,,
H06305,U1261,C045,I009,F018,O093,S041|S052|S095|S113|S178|S194|S206|S216,2025-02-19T21:04:22,work_context,0,,,
H05625,U1125,C121,I001,F013,O069,S016|S080|S129|S139|S228|S216,2025-02-19T21:37:39,collaboration_context,0,,,
H06130,U1226,C095,I012,F018,O093,S022|S060|S082|S120|S131|S143|S160|S179,2025-02-19T21:42:27,skill_context,0,,,
H06745,U1349,C239,I013,F005,O027,S077|S085|S117|S145|S164|S200|S211|S224,2025-02-19T23:14:22,skill_context,0,,,
H02705,U0541,C257,I006,F008,O039,S013|S015|S059|S094|S120|S134|S177|S211,2025-02-19T23:51:44,work_context,1,Distribution,Midstream,Path_I
H01575,U0315,C076,I024,F005,O027,S079|S113|S120|S130|S159|S171|S217|S134,2025-02-20T01:38:58,work_context,1,Procurement,Downstream,Path_I
H01390,U0278,C174,I005,F013,O070,S020|S071|S087|S104|S191|S199|S040|S033,2025-02-20T04:06:07,collaboration_context,0,,,
H00310,U0062,C276,I010,F002,O007,S077|S120|S125|S128|S162|S217|S220|S233,2025-02-20T04:28:55,supply_context,1,Supplier Management,Upstream,Path_G
H03340,U0668,C153,I023,F010,O050,S006|S009|S021|S069|S104|S118|S122,2025-02-20T04:57:38,supply_context,0,,,
H05415,U1083,C282,I017,F014,O074,S032|S083|S106|S112|S131|S136|S146|S162,2025-02-20T05:55:06,supply_context,1,Distribution,Midstream,Path_F
H04685,U0937,C020,I004,F005,O023,S010|S024|S043|S103|S104|S231|S235|S209,2025-02-20T06:30:30,supply_context,1,Procurement,Upstream,Path_E
H05490,U1098,C068,I006,F003,O014,S053|S098|S102|S120|S174|S209|S226|S057,2025-02-20T07:01:03,supply_context,1,Logistics,Midstream,Path_J
H06400,U1280,C057,I023,F007,O037,S008|S010|S021|S030|S097|S131|S217|S237,2025-02-20T07:09:05,skill_context,1,SCM,Upstream,Path_L
H00225,U0045,C316,I013,F018,O096,S031|S039|S066|S094|S099|S105|S204|S207,2025-02-20T10:09:33,collaboration_context,0,,,
H00855,U0171,C104,I024,F007,O036,S026|S037|S051|S169|S208|S209|S232|S237,2025-02-20T10:23:29,collaboration_context,0,,,
H01355,U0271,C061,I006,F010,O054,S027|S040|S044|S100|S121|S237|S115,2025-02-20T12:16:56,collaboration_context,1,Procurement,Downstream,Path_E
H03470,U0694,C003,I003,F001,O005,S078|S086|S092|S129|S153|S182|S231|S235,2025-02-20T12:56:28,collaboration_context,0,,,
H06365,U1273,C235,I009,F007,O034,S019|S125|S140|S158|S208|S214|S231|S234,2025-02-20T13:14:16,collaboration_context,1,Retail,Upstream,Path_H
H04020,U0804,C087,I011,F017,O088,S041|S049|S087|S133|S151|S162|S225|S198,2025-02-20T14:02:08,supply_context,0,,,
H04555,U0911,C217,I007,F011,O055,S064|S085|S157|S195|S203|S207,2025-02-20T14:21:14,supply_context,0,,,
H06725,U1345,C163,I002,F003,O014,S007|S028|S045|S047|S094|S221|S189|S123,2025-02-20T14:56:28,work_context,0,,,
H02965,U0593,C020,I004,F006,O029,S007|S048|S058|S117|S136|S190|S094,2025-02-20T16:02:31,work_context,0,,,
H00015,U0003,C048,I005,F016,O086,S014|S047|S051|S080|S111|S113|S140|S239,2025-02-20T16:14:28,work_context,1,Supplier Management,Midstream,Path_K
H06300,U1260,C102,I009,F016,O084,S077|S126|S132|S184|S185|S084|S143,2025-02-20T16:42:41,skill_context,0,,,
H05960,U1192,C158,I014,F002,O007,S014|S049|S115|S144|S168|S187|S222,2025-02-20T17:32:04,skill_context,0,,,
H02295,U0459,C146,I017,F017,O089,S019|S126|S162|S184|S185,2025-02-20T18:19:49,skill_context,1,Distribution,Midstream,Path_K
H06180,U1236,C122,I015,F011,O058,S019|S024|S032|S043|S048|S071|S205|S228,2025-02-20T18:34:03,collaboration_context,0,,,
H04455,U0891,C231,I015,F008,O040,S002|S044|S054|S060|S071|S175|S230,2025-02-20T19:06:17,work_context,0,,,
H03685,U0737,C163,I002,F003,O012,S037|S041|S065|S098|S136|S172|S174|S208,2025-02-20T19:14:32,work_context,1,Manufacturing,Upstream,Path_B
H04635,U0927,C303,I008,F006,O028,S068|S071|S081|S184|S185|S213|S225|S192,2025-02-20T20:24:39,work_context,1,SCM,Midstream,Path_L
H02260,U0452,C076,I024,F016,O081,S106|S146|S165|S172|S174|S175|S177|S201,2025-02-21T00:08:46,collaboration_context,0,,,
H03235,U0647,C014,I007,F017,O090,S011|S076|S080|S117|S151|S198|S223|S237,2025-02-21T00:44:57,work_context,0,,,
H04440,U0888,C034,I009,F017,O090,S003|S039|S101|S134|S165|S008|S120|S213,2025-02-21T03:45:00,work_context,1,Distribution,Downstream,Path_I
H02190,U0438,C156,I005,F004,O021,S002|S130|S138|S230|S239,2025-02-21T03:45:05,work_context,1,SCM,Midstream,Path_C
H05885,U1177,C315,I003,F007,O036,S049|S073|S108|S114|S140|S159|S184|S195,2025-02-21T03:51:54,supply_context,1,Retail,Midstream,Path_H
H04330,U0866,C318,I017,F002,O011,S032|S071|S072|S078|S095|S011|S238,2025-02-21T05:07:13,collaboration_context,1,Distribution,Midstream,Path_B
H05010,U1002,C229,I019,F016,O086,S011|S016|S047|S065|S140,2025-02-21T07:16:45,work_context,0,,,
H01515,U0303,C139,I008,F003,O014,S069|S085|S129|S145|S147|S160|S201,2025-02-21T07:23:26,work_context,1,SCM,Midstream,Path_G
H06865,U1373,C271,I018,F008,O039,S001|S030|S096|S197|S207|S117,2025-02-21T08:04:28,collaboration_context,0,,,
H01225,U0245,C030,I020,F012,O063,S013|S016|S028|S032|S148|S160|S238|S004,2025-02-21T08:11:27,work_context,0,,,
H04400,U0880,C220,I006,F014,O073,S036|S085|S091|S102|S226|S170|S139|S208,2025-02-21T10:48:55,work_context,1,Procurement,Upstream,Path_C
H02425,U0485,C008,I015,F017,O091,S012|S048|S055|S081|S119|S132|S182|S236,2025-02-21T11:58:02,skill_context,0,,,
H00470,U0094,C314,I022,F007,O038,S042|S050|S076|S111|S177|S232|S088,2025-02-21T12:23:16,supply_context,0,,,
H00615,U0123,C195,I007,F003,O012,S015|S073|S098|S112|S137|S140|S182|S224,2025-02-21T12:38:45,skill_context,0,,,
H05820,U1164,C245,I003,F015,O080,S012|S037|S048|S111|S158,2025-02-21T14:02:42,collaboration_context,0,,,
H06930,U1386,C117,I021,F004,O022,S014|S018|S114|S144|S153|S164|S081,2025-02-21T20:04:33,work_context,0,,,
H02555,U0511,C176,I007,F006,O032,S011|S018|S045|S075|S088|S122|S133|S240,2025-02-21T20:30:12,skill_context,0,,,
H06205,U1241,C141,I019,F001,O002,S102|S123|S161|S189|S215|S198|S160,2025-02-21T20:57:34,work_context,0,,,
H06635,U1327,C202,I022,F018,O095,S071|S148|S193|S202|S232|S014,2025-02-21T22:09:30,skill_context,0,,,
H02480,U0496,C070,I017,F013,O068,S023|S146|S158|S209|S212|S217|S240,2025-02-21T22:11:36,supply_context,0,,,
H04375,U0875,C088,I009,F016,O082,S025|S030|S063|S103|S105|S113|S132|S159,2025-02-21T23:25:05,skill_context,0,,,
H05840,U1168,C185,I021,F009,O044,S028|S105|S113|S117|S131,2025-02-22T00:04:38,supply_context,0,,,
H01900,U0380,C211,I004,F005,O024,S042|S056|S080|S134|S188|S191|S203|S209,2025-02-22T03:25:27,skill_context,0,,,
H00235,U0047,C028,I018,F013,O070,S043|S084|S107|S126|S147|S185|S194|S054,2025-02-22T03:41:30,skill_context,0,,,
H04715,U0943,C139,I008,F010,O051,S009|S028|S082|S132|S142|S161|S213|S233,2025-02-22T05:08:05,supply_context,1,Distribution,Upstream,Path_D
H06700,U1340,C303,I008,F007,O038,S037|S078|S084|S095|S146|S166|S199|S236,2025-02-22T05:13:38,collaboration_context,1,Retail,Midstream,Path_I
H02300,U0460,C149,I009,F005,O027,S006|S101|S145|S192|S196|S216|S064|S221,2025-02-22T05:57:49,work_context,1,Supplier Management,Midstream,Path_A
H02550,U0510,C313,I015,F002,O007,S033|S041|S059|S077|S109|S162|S165|S168,2025-02-22T06:03:11,collaboration_context,1,Manufacturing,Upstream,Path_G
H03275,U0655,C060,I011,F018,O094,S038|S086|S096|S126|S134|S230|S234|S164,2025-02-22T06:03:11,collaboration_context,1,Logistics,Downstream,Path_C
H01950,U0390,C316,I013,F006,O032,S034|S043|S199|S209|S217|S020|S068|S230,2025-02-22T06:57:36,collaboration_context,1,Procurement,Midstream,Path_A
H01875,U0375,C015,I001,F002,O009,S009|S025|S140|S159|S190|S171|S183|S187,2025-02-22T07:48:11,collaboration_context,1,Supplier Management,Upstream,Path_C
H04540,U0908,C046,I001,F001,O003,S137|S160|S176|S202|S232,2025-02-22T09:06:09,skill_context,1,SCM,Downstream,Path_A
H06990,U1398,C309,I020,F018,O095,S028|S056|S159|S199|S207|S212|S236|S184,2025-02-22T11:11:28,work_context,0,,,
H01470,U0294,C214,I022,F009,O046,S052|S073|S147|S158|S186,2025-02-22T13:14:38,collaboration_context,0,,,
H00570,U0114,C115,I017,F017,O088,S001|S008|S009|S038|S131|S150|S153|S237,2025-02-22T14:03:37,skill_context,0,,,
H01860,U0372,C301,I007,F008,O042,S002|S018|S026|S110|S151|S219|S032,2025-02-22T16:09:41,skill_context,0,,,
H05660,U1132,C049,I006,F014,O071,S024|S071|S081|S108|S139|S140|S152|S185,2025-02-22T20:09:10,collaboration_context,0,,,
H03420,U0684,C038,I006,F006,O031,S011|S050|S066|S099|S135|S157|S166|S221,2025-02-22T20:52:27,supply_context,1,SCM,Downstream,Path_L
H06800,U1360,C158,I014,F017,O091,S026|S054|S100|S123|S134|S191|S076|S029,2025-02-22T21:00:21,collaboration_context,0,,,
H06965,U1393,C211,I004,F003,O012,S029|S056|S082|S092|S192|S231|S046,2025-02-22T21:08:39,collaboration_context,0,,,
H00135,U0027,C176,I007,F010,O053,S050|S057|S059|S071|S081|S146|S182|S236,2025-02-22T22:42:27,collaboration_context,1,Manufacturing,Downstream,Path_F
H04840,U0968,C288,I014,F002,O007,S020|S023|S118|S124|S164|S235|S236|S214,2025-02-22T23:59:51,supply_context,1,Supplier Management,Midstream,Path_H
H03075,U0615,C062,I010,F005,O024,S006|S042|S045|S125|S186|S214|S234,2025-02-23T00:36:39,supply_context,0,,,
H01685,U0337,C233,I006,F018,O092,S013|S041|S062|S149|S188|S110|S214,2025-02-23T00:50:55,collaboration_context,0,,,
H03215,U0643,C018,I020,F007,O034,S012|S035|S073|S091|S188|S201|S210,2025-02-23T01:15:16,collaboration_context,1,Retail,Downstream,Path_J
H01375,U0275,C143,I014,F001,O002,S006|S067|S083|S087|S108|S174|S192|S206,2025-02-23T01:32:59,work_context,0,,,
H05250,U1050,C072,I010,F013,O067,S001|S006|S016|S150|S216|S097|S167|S188,2025-02-23T01:45:25,supply_context,0,,,
H02830,U0566,C307,I023,F010,O049,S038|S079|S120|S122|S176|S229|S210|S042,2025-02-23T02:18:47,work_context,0,,,
H05915,U1183,C020,I004,F017,O087,S002|S084|S135|S170|S177|S198|S208|S185,2025-02-23T02:32:41,supply_context,1,Logistics,Upstream,Path_E
H06650,U1330,C146,I017,F003,O016,S068|S092|S109|S115|S132|S146|S147|S238,2025-02-23T02:53:20,skill_context,1,Supplier Management,Upstream,Path_I
H03735,U0747,C038,I006,F008,O042,S048|S173|S180|S205|S225|S237,2025-02-23T03:05:39,supply_context,0,,,
H03330,U0666,C093,I002,F017,O088,S040|S109|S147|S157|S160|S185|S198|S209,2025-02-23T03:36:03,collaboration_context,0,,,
H03955,U0791,C247,I003,F013,O065,S012|S112|S123|S177|S198|S222|S233|S159,2025-02-23T04:56:16,supply_context,0,,,
H06505,U1301,C185,I021,F016,O085,S004|S031|S097|S125|S126|S135|S147|S157,2025-02-23T04:58:52,skill_context,0,,,
H01250,U0250,C211,I004,F005,O023,S033|S047|S117|S129|S209,2025-02-23T05:11:07,work_context,0,,,
H05065,U1013,C190,I023,F012,O064,S019|S022|S031|S122|S142|S183|S195|S041,2025-02-23T05:13:16,supply_context,1,Distribution,Downstream,Path_C
H00435,U0087,C246,I024,F005,O025,S094|S097|S136|S148|S219|S210|S070,2025-02-23T05:29:39,work_context,1,SCM,Downstream,Path_H
H00360,U0072,C077,I019,F008,O041,S021|S033|S065|S074|S116|S119|S183|S114,2025-02-23T05:40:36,collaboration_context,0,,,
H03150,U0630,C061,I006,F013,O066,S105|S144|S148|S163|S206|S220|S164|S078,2025-02-23T06:12:00,work_context,0,,,
H04480,U0896,C084,I014,F018,O096,S063|S071|S160|S161|S221|S233|S019,2025-02-23T06:54:36,skill_context,1,Supplier Management,Upstream,Path_B
H05890,U1178,C062,I010,F015,O080,S003|S047|S051|S128|S159|S171|S160|S011,2025-02-23T07:35:15,skill_context,0,,,
H00040,U0008,C282,I017,F005,O024,S019|S190|S206|S228|S230|S109|S105,2025-02-23T08:38:45,skill_context,0,,,
H03740,U0748,C270,I003,F016,O082,S034|S058|S105|S149|S215|S157|S114|S095,2025-02-23T08:55:53,collaboration_context,1,Distribution,Upstream,Path_L
H04525,U0905,C122,I015,F005,O023,S030|S044|S071|S096|S130|S212|S026|S046,2025-02-23T09:15:19,collaboration_context,1,Logistics,Upstream,Path_I
H01735,U0347,C311,I018,F011,O055,S051|S106|S145|S165|S183|S233,2025-02-23T11:55:44,skill_context,1,Retail,Midstream,Path_E
H05535,U1107,C007,I017,F011,O056,S014|S027|S113|S133|S170|S171|S182|S198,2025-02-23T13:10:45,supply_context,1,Logistics,Midstream,Path_J
H01275,U0255,C149,I009,F007,O038,S027|S032|S076|S152|S190|S194|S221|S232,2025-02-23T14:55:08,collaboration_context,0,,,
H04670,U0934,C225,I022,F011,O058,S004|S025|S057|S065|S176|S206|S217|S160,2025-02-23T17:17:46,supply_context,0,,,
H00815,U0163,C207,I008,F007,O034,S026|S092|S110|S132|S158|S164|S214|S215,2025-02-23T17:54:08,skill_context,1,Procurement,Upstream,Path_B
H04160,U0832,C023,I015,F002,O010,S055|S151|S155|S172|S240,2025-02-23T19:32:11,collaboration_context,0,,,
H05320,U1064,C064,I005,F016,O086,S009|S022|S027|S032|S069|S130|S162|S187,2025-02-23T19:38:51,collaboration_context,0,,,
H06430,U1286,C068,I006,F004,O021,S028|S045|S071|S102|S135|S164|S202|S222,2025-02-23T21:02:10,supply_context,0,,,
H00725,U0145,C206,I014,F002,O011,S026|S069|S074|S112|S130|S173|S082,2025-02-23T21:40:43,work_context,1,Supplier Management,Midstream,Path_E
H02790,U0558,C053,I019,F012,O061,S057|S073|S218|S220|S239|S167|S236,2025-02-23T22:40:53,skill_context,1,SCM,Downstream,Path_F
H01125,U0225,C227,I019,F002,O011,S002|S039|S043|S070|S128|S178|S202|S088,2025-02-24T00:32:42,skill_context,0,,,
H00880,U0176,C151,I020,F009,O047,S059|S063|S105|S110|S147|S187|S199|S233,2025-02-24T00:37:52,collaboration_context,0,,,
H04645,U0929,C241,I013,F005,O026,S024|S042|S070|S101|S103|S224|S182|S002,2025-02-24T01:01:53,work_context,0,,,
H06220,U1244,C145,I012,F010,O054,S059|S064|S067|S073|S081|S187|S191|S197,2025-02-24T02:34:19,collaboration_context,1,Logistics,Upstream,Path_E
H04770,U0954,C093,I002,F003,O013,S001|S049|S060|S078|S187|S138,2025-02-24T03:46:50,collaboration_context,0,,,
H00320,U0064,C145,I012,F008,O043,S045|S068|S150|S152|S169|S189|S191,2025-02-24T04:23:29,supply_context,0,,,
H06375,U1275,C056,I008,F003,O014,S021|S026|S056|S073|S130|S171|S222|S069,2025-02-24T04:54:51,work_context,0,,,
H03805,U0761,C305,I018,F010,O054,S006|S024|S071|S181|S208|S033,2025-02-24T06:04:20,collaboration_context,1,Manufacturing,Upstream,Path_C
H05725,U1145,C203,I002,F009,O044,S123|S128|S141|S209|S217|S229,2025-02-24T08:18:21,work_context,0,,,
H06025,U1205,C019,I018,F002,O011,S009|S037|S098|S114|S176|S200|S220|S221,2025-02-24T08:35:54,supply_context,0,,,
H06685,U1337,C034,I009,F009,O048,S035|S044|S061|S110|S134|S144|S164|S192,2025-02-24T09:30:56,supply_context,0,,,
H06500,U1300,C212,I016,F015,O080,S033|S036|S049|S122|S149|S185,2025-02-24T09:42:28,work_context,0,,,
H02145,U0429,C101,I007,F018,O095,S020|S088|S131|S133|S172|S176|S231|S204,2025-02-24T11:18:37,collaboration_context,1,SCM,Upstream,Path_K
H03860,U0772,C183,I006,F009,O046,S069|S165|S193|S199|S219|S232|S238|S116,2025-02-24T11:30:42,work_context,0,,,
H05095,U1019,C216,I010,F003,O015,S042|S063|S102|S114|S151|S176|S196,2025-02-24T12:02:16,skill_context,0,,,
H05545,U1109,C182,I011,F002,O007,S075|S085|S110|S156|S168|S235|S095|S061,2025-02-24T12:49:38,supply_context,0,,,
H06095,U1219,C072,I010,F008,O041,S018|S090|S148|S161|S171|S017|S095,2025-02-24T13:05:41,collaboration_context,0,,,
H01795,U0359,C222,I003,F004,O020,S050|S065|S098|S130|S213|S240|S111|S109,2025-02-24T14:06:12,skill_context,0,,,
H04220,U0844,C077,I019,F013,O065,S023|S028|S030|S055|S093|S096|S122|S177,2025-02-24T14:59:59,collaboration_context,1,Logistics,Upstream,Path_H
H02350,U0470,C172,I010,F016,O085,S098|S099|S123|S184|S207|S204|S108,2025-02-24T17:24:16,supply_context,0,,,
H05275,U1055,C300,I002,F011,O056,S015|S047|S059|S071|S087|S128|S159,2025-02-24T17:31:23,collaboration_context,0,,,
H03580,U0716,C035,I013,F006,O032,S031|S039|S060|S064|S088|S115|S137|S163,2025-02-24T17:42:54,supply_context,1,Distribution,Downstream,Path_H
H01660,U0332,C285,I024,F010,O054,S022|S038|S044|S087|S106|S164|S229|S053,2025-02-24T20:38:29,supply_context,0,,,
H06945,U1389,C077,I019,F016,O084,S006|S026|S049|S156|S162|S225|S226|S039,2025-02-24T20:57:42,collaboration_context,1,Supplier Management,Midstream,Path_C
H01675,U0335,C068,I006,F005,O026,S025|S036|S092|S099|S158|S164|S188|S216,2025-02-24T22:14:50,supply_context,0,,,
H02035,U0407,C315,I003,F003,O013,S111|S125|S126|S177|S228|S231|S238|S074,2025-02-24T22:29:37,work_context,0,,,
H00945,U0189,C150,I001,F012,O061,S099|S139|S162|S206|S218|S240,2025-02-24T22:50:26,supply_context,0,,,
H02160,U0432,C027,I021,F017,O088,S046|S054|S165|S170|S187|S230|S144|S002,2025-02-25T00:10:41,supply_context,0,,,
H06835,U1367,C297,I023,F002,O011,S042|S069|S118|S131|S154|S158|S210|S231,2025-02-25T00:39:45,supply_context,0,,,
H00405,U0081,C146,I017,F015,O079,S018|S054|S108|S166|S175|S194|S204|S236,2025-02-25T01:57:20,work_context,1,Retail,Midstream,Path_G
H02250,U0450,C234,I015,F016,O086,S011|S022|S139|S165|S177|S238,2025-02-25T02:25:59,work_context,1,Distribution,Upstream,Path_C
H02925,U0585,C207,I008,F008,O041,S005|S029|S046|S048|S066|S113|S195,2025-02-25T02:41:37,skill_context,0,,,
H01070,U0214,C275,I008,F001,O002,S016|S023|S088|S121|S146|S150|S154|S158,2025-02-25T02:59:59,collaboration_context,0,,,
H02905,U0581,C173,I016,F002,O008,S009|S019|S069|S110|S132|S158|S170|S194,2025-02-25T04:06:32,skill_context,0,,,
H00505,U0101,C144,I006,F006,O032,S007|S047|S059|S069|S133|S145|S180|S082,2025-02-25T04:09:58,work_context,0,,,
H05940,U1188,C284,I016,F001,O001,S008|S035|S118|S135|S173|S177|S182|S200,2025-02-25T05:14:41,work_context,0,,,
H04700,U0940,C281,I008,F006,O030,S031|S058|S126|S191|S197|S203|S138|S193,2025-02-25T05:27:54,skill_context,1,Procurement,Downstream,Path_C
H05240,U1048,C208,I009,F015,O078,S071|S075|S078|S155|S174|S203|S005,2025-02-25T05:49:22,supply_context,0,,,
H02815,U0563,C103,I011,F008,O039,S038|S055|S125|S167|S208|S221|S230,2025-02-25T05:57:50,work_context,0,,,
H03295,U0659,C104,I024,F003,O013,S048|S090|S105|S137|S230|S129,2025-02-25T06:00:26,skill_context,1,Supplier Management,Upstream,Path_L
H02500,U0500,C049,I006,F002,O010,S016|S055|S077|S125|S146|S205|S206,2025-02-25T06:09:26,collaboration_context,0,,,
H05370,U1074,C033,I024,F008,O042,S094|S142|S191|S194|S231|S060|S098,2025-02-25T06:33:41,skill_context,1,Manufacturing,Midstream,Path_K
H03610,U0722,C028,I018,F014,O074,S009|S033|S034|S093|S102|S234|S018,2025-02-25T09:59:46,work_context,0,,,
H04620,U0924,C079,I021,F014,O074,S037|S039|S069|S119|S147,2025-02-25T10:54:36,work_context,0,,,
H01905,U0381,C092,I001,F001,O005,S002|S082|S090|S139|S142|S228|S230|S233,2025-02-25T15:02:15,skill_context,0,,,
H02385,U0477,C255,I011,F009,O046,S001|S005|S028|S120|S152|S183,2025-02-25T17:19:51,skill_context,0,,,
H02380,U0476,C046,I001,F002,O010,S001|S028|S095|S111|S144|S210|S233|S193,2025-02-25T18:24:18,supply_context,0,,,
H05730,U1146,C160,I005,F006,O029,S033|S075|S079|S114|S117|S177|S216,2025-02-25T20:12:56,work_context,0,,,
H01260,U0252,C251,I004,F011,O058,S024|S054|S085|S105|S115|S193|S194|S226,2025-02-25T21:14:05,collaboration_context,0,,,
H03430,U0686,C120,I017,F005,O027,S008|S037|S053|S060|S161|S185|S221|S147,2025-02-25T22:07:03,work_context,0,,,
H03185,U0637,C170,I013,F018,O096,S012|S132|S139|S140|S200|S213|S222,2025-02-25T22:17:02,skill_context,1,Manufacturing,Downstream,Path_D
H00300,U0060,C222,I003,F004,O018,S064|S083|S087|S111|S125|S113|S047|S079,2025-02-26T01:38:15,skill_context,0,,,
H06675,U1335,C103,I011,F011,O057,S022|S064|S088|S185|S212|S140|S073|S190,2025-02-26T02:58:03,supply_context,1,Retail,Midstream,Path_E
H06575,U1315,C102,I009,F016,O082,S013|S110|S115|S138|S148|S158|S043,2025-02-26T05:38:25,work_context,0,,,
H03415,U0683,C011,I004,F016,O084,S102|S145|S146|S148|S184|S202|S134,2025-02-26T05:57:47,skill_context,1,Distribution,Midstream,Path_J
H00510,U0102,C253,I021,F008,O040,S023|S042|S083|S147|S167|S189|S231|S235,2025-02-26T06:20:34,collaboration_context,0,,,
H03695,U0739,C120,I017,F007,O033,S006|S019|S080|S187|S208|S236|S210|S145,2025-02-26T06:47:55,work_context,0,,,
H00640,U0128,C022,I010,F011,O058,S061|S113|S173|S191|S230|S214,2025-02-26T07:39:32,work_context,1,Retail,Downstream,Path_C
H06630,U1326,C209,I019,F011,O056,S007|S029|S089|S118|S191|S225|S239|S138,2025-02-26T08:20:13,collaboration_context,1,Logistics,Midstream,Path_J
H06420,U1284,C198,I002,F010,O053,S004|S028|S039|S078|S083|S108|S196,2025-02-26T09:29:48,work_context,0,,,
H03660,U0732,C227,I019,F018,O092,S020|S062|S102|S143|S223|S177|S158|S230,2025-02-26T09:50:17,collaboration_context,1,Retail,Midstream,Path_G
H04885,U0977,C022,I010,F014,O073,S065|S068|S110|S160|S195|S196|S197|S199,2025-02-26T10:21:11,skill_context,1,Retail,Midstream,Path_H
H04695,U0939,C220,I006,F002,O011,S038|S039|S078|S086|S116|S169|S185|S238,2025-02-26T11:16:13,supply_context,0,,,
H05825,U1165,C232,I016,F005,O025,S066|S072|S085|S116|S123|S126|S209|S218,2025-02-26T12:43:27,skill_context,0,,,
H03800,U0760,C294,I015,F012,O063,S029|S037|S160|S181|S220|S119|S048,2025-02-26T13:19:44,collaboration_context,1,Supplier Management,Midstream,Path_J
H01045,U0209,C087,I011,F003,O013,S008|S116|S143|S196|S237|S209|S109,2025-02-26T14:54:24,collaboration_context,1,Distribution,Upstream,Path_H
H05135,U1027,C046,I001,F006,O032,S020|S129|S199|S213|S225|S228,2025-02-26T14:58:55,collaboration_context,0,,,
H06495,U1299,C240,I002,F004,O018,S024|S112|S135|S153|S169|S065|S007,2025-02-26T16:44:35,skill_context,1,Distribution,Midstream,Path_I
H01040,U0208,C086,I010,F002,O010,S048|S098|S112|S127|S151|S158|S179|S215,2025-02-26T16:57:47,work_context,0,,,
H00020,U0004,C055,I023,F011,O057,S013|S024|S026|S028|S110|S149|S177|S198,2025-02-26T18:19:03,work_context,1,Distribution,Downstream,Path_K
H02680,U0536,C017,I012,F004,O022,S042|S078|S144|S205|S213|S190|S095|S056,2025-02-26T18:23:32,supply_context,1,Retail,Midstream,Path_J
H06080,U1216,C033,I024,F002,O009,S040|S136|S155|S168|S192|S230,2025-02-26T18:58:02,skill_context,1,Retail,Upstream,Path_A
H00930,U0186,C049,I006,F013,O067,S078|S092|S209|S216|S224|S184|S069|S016,2025-02-26T19:47:36,supply_context,0,,,
H05045,U1009,C018,I020,F004,O017,S011|S037|S107|S175|S212|S216|S233|S237,2025-02-26T20:55:29,supply_context,0,,,
H00655,U0131,C165,I017,F001,O002,S024|S029|S131|S134|S157|S223,2025-02-26T21:02:35,collaboration_context,0,,,
H03555,U0711,C224,I004,F016,O081,S034|S058|S062|S103|S115|S188|S198|S184,2025-02-26T21:03:02,supply_context,0,,,
H04785,U0957,C018,I020,F017,O087,S025|S026|S060|S067|S085|S151|S050,2025-02-26T21:49:30,supply_context,0,,,
H02375,U0475,C207,I008,F002,O008,S001|S024|S103|S120|S144|S178|S099|S073,2025-02-26T22:30:28,work_context,0,,,
H05995,U1199,C224,I004,F012,O062,S015|S017|S059|S060|S176|S116,2025-02-26T23:18:43,supply_context,0,,,
H01625,U0325,C037,I009,F017,O089,S059|S072|S075|S093|S140|S048,2025-02-27T00:00:30,supply_context,1,Manufacturing,Midstream,Path_L
H06260,U1252,C144,I006,F004,O020,S003|S013|S046|S101|S202|S228|S233|S234,2025-02-27T00:02:16,supply_context,1,Procurement,Upstream,Path_I
H03995,U0799,C185,I021,F016,O081,S026|S033|S072|S108|S171|S229|S153|S039,2025-02-27T01:41:13,supply_context,1,Supplier Management,Midstream,Path_J
H00675,U0135,C078,I009,F016,O082,S001|S005|S035|S037|S049|S097|S150|S227,2025-02-27T03:47:36,skill_context,0,,,
H02710,U0542,C151,I020,F004,O021,S033|S037|S077|S081|S181|S196|S039,2025-02-27T05:54:03,supply_context,0,,,
H00185,U0037,C087,I011,F003,O012,S003|S030|S043|S081|S129|S132|S141|S216,2025-02-27T07:31:56,work_context,1,Procurement,Downstream,Path_H
H03205,U0641,C311,I018,F006,O031,S094|S097|S153|S154|S205|S219|S229|S232,2025-02-27T12:00:51,collaboration_context,0,,,
H02695,U0539,C302,I007,F008,O039,S047|S055|S079|S156|S172|S184|S192|S187,2025-02-27T12:48:28,skill_context,0,,,
H01665,U0333,C301,I007,F003,O014,S045|S060|S129|S139|S162|S200|S219|S198,2025-02-27T13:30:15,skill_context,0,,,
H01530,U0306,C030,I020,F015,O079,S030|S066|S075|S077|S095|S148|S172|S003,2025-02-27T13:39:34,collaboration_context,1,Logistics,Midstream,Path_E
H03725,U0745,C167,I002,F007,O035,S003|S017|S073|S088|S114|S147|S040,2025-02-27T17:07:11,skill_context,0,,,
H06060,U1212,C197,I007,F016,O082,S008|S010|S037|S099|S120|S130|S159|S197,2025-02-27T20:07:14,collaboration_context,0,,,
H03780,U0756,C222,I003,F011,O057,S060|S062|S145|S190|S224,2025-02-27T22:40:26,work_context,0,,,
H04230,U0846,C198,I002,F010,O051,S043|S085|S158|S163|S230|S019,2025-02-27T23:40:22,supply_context,0,,,
H01080,U0216,C150,I001,F005,O024,S021|S024|S112|S128|S158|S176|S067|S022,2025-02-27T23:42:31,skill_context,1,Retail,Midstream,Path_J
H02520,U0504,C098,I012,F016,O083,S012|S045|S053|S078|S095|S131|S151|S161,2025-02-27T23:50:30,work_context,0,,,
H03395,U0679,C240,I002,F018,O094,S001|S072|S108|S109|S168|S220|S083,2025-02-27T23:58:54,skill_context,0,,,
H01525,U0305,C270,I003,F006,O030,S031|S035|S129|S156|S189|S196,2025-02-28T00:40:23,work_context,1,Logistics,Midstream,Path_C
H06210,U1242,C091,I015,F003,O012,S033|S059|S089|S123|S150|S228|S233|S170,2025-02-28T01:44:38,skill_context,0,,,
H00785,U0157,C006,I023,F015,O079,S010|S015|S049|S129|S146|S162|S196|S212,2025-02-28T02:13:32,work_context,0,,,
H05510,U1102,C154,I022,F017,O090,S008|S024|S073|S075|S092|S183|S184|S222,2025-02-28T02:17:30,collaboration_context,0,,,
H02570,U0514,C193,I002,F014,O075,S075|S082|S095|S164|S178|S194|S132,2025-02-28T02:30:30,supply_context,0,,,
H04890,U0978,C281,I008,F013,O070,S010|S057|S078|S097|S145|S147|S204|S190,2025-02-28T04:15:29,supply_context,1,Retail,Downstream,Path_G
H04430,U0886,C132,I019,F007,O036,S032|S054|S087|S163|S174|S175|S209|S021,2025-02-28T05:26:16,collaboration_context,1,Procurement,Downstream,Path_J
H05835,U1167,C139,I008,F010,O054,S021|S029|S039|S080|S099|S199|S222|S224,2025-02-28T06:41:41,work_context,1,SCM,Downstream,Path_F
H04795,U0959,C163,I002,F007,O038,S021|S037|S053|S110|S155|S154|S135,2025-02-28T07:08:30,supply_context,0,,,
H06005,U1201,C100,I005,F018,O096,S065|S080|S128|S160|S191|S194|S211|S237,2025-02-28T08:58:10,skill_context,1,Procurement,Upstream,Path_D
H02920,U0584,C063,I003,F005,O027,S006|S028|S046|S175|S186|S211|S236|S195,2025-02-28T10:26:28,skill_context,0,,,
H04295,U0859,C122,I015,F002,O010,S018|S024|S122|S126|S190|S199|S226|S203,2025-02-28T10:37:39,collaboration_context,1,Logistics,Downstream,Path_D
H01650,U0330,C253,I021,F018,O092,S005|S043|S056|S085|S119|S168|S193|S204,2025-02-28T11:00:50,skill_context,0,,,
H04735,U0947,C029,I003,F011,O056,S002|S006|S054|S055|S177|S236,2025-02-28T11:23:48,work_context,1,SCM,Downstream,Path_C
H01005,U0201,C181,I012,F006,O029,S018|S037|S059|S108|S175|S208|S214|S236,2025-02-28T13:34:11,work_context,0,,,
H02085,U0417,C003,I003,F017,O089,S001|S026|S062|S092|S119|S128|S153|S231,2025-02-28T13:43:27,supply_context,1,Supplier Management,Upstream,Path_G
H00890,U0178,C094,I006,F014,O072,S007|S026|S047|S059|S088|S126|S216|S240,2025-02-28T14:19:00,supply_context,0,,,
H01765,U0353,C187,I002,F002,O010,S009|S013|S032|S034|S094|S123,2025-02-28T16:15:11,supply_context,1,Logistics,Upstream,Path_F
H04210,U0842,C316,I013,F005,O025,S005|S008|S020|S028|S045|S061|S125|S077,2025-02-28T16:22:26,work_context,1,Distribution,Downstream,Path_D
H00590,U0118,C236,I023,F001,O004,S055|S142|S144|S170|S187|S195|S206,2025-02-28T17:02:57,work_context,1,Procurement,Downstream,Path_B
H06550,U1310,C246,I024,F011,O056,S036|S047|S090|S096|S163|S169,2025-02-28T17:05:38,skill_context,0,,,
H06955,U1391,C091,I015,F006,O031,S037|S086|S088|S090|S098|S172,2025-02-28T17:26:18,skill_context,0,,,
H04450,U0890,C128,I011,F010,O050,S005|S024|S098|S109|S112|S157|S166|S208,2025-02-28T17:41:52,work_context,0,,,
H05305,U1061,C053,I019,F005,O023,S003|S014|S094|S193|S208|S238|S029|S216,2025-02-28T19:45:45,supply_context,1,Logistics,Midstream,Path_D
H01960,U0392,C174,I005,F010,O050,S019|S080|S085|S096|S111|S124|S219,2025-02-28T22:47:19,skill_context,1,Procurement,Upstream,Path_J
H06035,U1207,C287,I016,F003,O013,S021|S035|S052|S139|S212|S225|S100|S040,2025-02-28T23:15:43,skill_context,0,,,
H01475,U0295,C287,I016,F007,O033,S078|S093|S115|S172|S232|S063,2025-02-28T23:15:53,work_context,1,Distribution,Upstream,Path_B
H02840,U0568,C045,I009,F010,O051,S020|S077|S098|S220|S221|S238|S057,2025-02-28T23:44:12,supply_context,0,,,
