interest_title_id,title_text,category,related_skills
IT00001,TopicToken_00001 ProcessToken_054 PatternToken_097,Category_H,S167|S226|S064|S199
IT00002,TopicToken_00002 ProcessToken_027 PatternToken_077,Category_I,S084|S238|S173
IT00003,TopicToken_00003 ProcessToken_060 PatternToken_004,Category_N,S099|S038
IT00004,TopicToken_00004 ProcessToken_052 PatternToken_050,Category_G,S237|S231|S038
IT00005,TopicToken_00005 ProcessToken_017 PatternToken_036,Category_Q,S082|S179|S140|S015
IT00006,TopicToken_00006 ProcessToken_047 PatternToken_002,Category_H,S228|S149
IT00007,TopicToken_00007 ProcessToken_194 PatternToken_007,Category_Q,S149|S095|S052|S199
IT00008,TopicToken_00008 ProcessToken_001 PatternToken_067,Category_R,S146|S136
IT00009,TopicToken_00009 ProcessToken_039 PatternToken_093,Category_F,S118|S084
IT00010,TopicToken_00010 ProcessToken_153 PatternToken_083,Category_D,S035|S125|S069|S194|S130
IT00011,TopicToken_00011 ProcessToken_111 PatternToken_087,Category_P,S162|S132|S098
IT00012,TopicToken_00012 ProcessToken_184 PatternToken_026,Category_P,S125|S124|S191|S084
IT00013,TopicToken_00013 ProcessToken_106 PatternToken_035,Category_A,S079|S024|S124
IT00014,TopicToken_00014 ProcessToken_189 PatternToken_064,Category_D,S134|S102|S183|S201|S195
IT00015,TopicToken_00015 ProcessToken_053 PatternToken_092,Category_F,S187|S066|S096
IT00016,TopicToken_00016 ProcessToken_119 PatternToken_085,Category_H,S234|S017|S047|S165
IT00017,TopicToken_00017 ProcessToken_131 PatternToken_017,Category_D,S001|S096|S211|S051|S129
IT00018,TopicToken_00018 ProcessToken_169 PatternToken_039,Category_I,S033|S052|S089|S016
IT00019,TopicToken_00019 ProcessToken_169 PatternToken_099,Category_K,S055|S171|S141|S133
IT00020,TopicToken_00020 ProcessToken_160 PatternToken_057,Category_S,S011|S093|S080|S148|S131
IT00021,TopicToken_00021 ProcessToken_004 PatternToken_001,Category_B,S098|S042|S171|S160
IT00022,TopicToken_00022 ProcessToken_131 PatternToken_050,Category_D,S212|S181|S108|S116
IT00023,TopicToken_00023 ProcessToken_087 PatternToken_088,Category_G,S211|S054|S002
IT00024,TopicToken_00024 ProcessToken_052 PatternToken_013,Category_J,S019|S181
IT00025,TopicToken_00025 ProcessToken_146 PatternToken_007,Category_D,S114|S181|S166|S043
IT00026,TopicToken_00026 ProcessToken_002 PatternToken_027,Category_O,S025|S105|S097|S143
IT00027,TopicToken_00027 ProcessToken_092 PatternToken_016,Category_A,S228|S081|S122|S143|S128
IT00028,TopicToken_00028 ProcessToken_058 PatternToken_024,Category_K,S100|S235|S155|S014
IT00029,TopicToken_00029 ProcessToken_158 PatternToken_041,Category_O,S132|S033
IT00030,TopicToken_00030 ProcessToken_194 PatternToken_014,Category_N,S073|S134|S204
IT00031,TopicToken_00031 ProcessToken_181 PatternToken_048,Category_R,S134|S236|S228
IT00032,TopicToken_00032 ProcessToken_009 PatternToken_053,Category_I,S075|S063
IT00033,TopicToken_00033 ProcessToken_185 PatternToken_091,Category_L,S114|S095|S078
IT00034,TopicToken_00034 ProcessToken_041 PatternToken_053,Category_T,S008|S090
IT00035,TopicToken_00035 ProcessToken_104 PatternToken_078,Category_B,S094|S064|S122|S230|S123
IT00036,TopicToken_00036 ProcessToken_161 PatternToken_082,Category_C,S063|S101|S088
IT00037,TopicToken_00037 ProcessToken_059 PatternToken_062,Category_A,S156|S151|S070
IT00038,TopicToken_00038 ProcessToken_124 PatternToken_058,Category_Q,S035|S225|S149
IT00039,TopicToken_00039 ProcessToken_175 PatternToken_049,Category_E,S124|S043|S117|S240
IT00040,TopicToken_00040 ProcessToken_119 PatternToken_001,Category_Q,S059|S069|S002
IT00041,TopicToken_00041 ProcessToken_163 PatternToken_098,Category_K,S061|S075|S227|S120
IT00042,TopicToken_00042 ProcessToken_019 PatternToken_060,Category_O,S135|S046|S074|S095
IT00043,TopicToken_00043 ProcessToken_171 PatternToken_070,Category_T,S168|S167|S117
IT00044,TopicToken_00044 ProcessToken_147 PatternToken_042,Category_D,S037|S035|S059|S135|S188
IT00045,TopicToken_00045 ProcessToken_002 PatternToken_068,Category_F,S108|S162|S033|S224
IT00046,TopicToken_00046 ProcessToken_065 PatternToken_011,Category_Q,S056|S118|S166|S078
IT00047,TopicToken_00047 ProcessToken_069 PatternToken_021,Category_T,S090|S232|S019|S172|S109
IT00048,TopicToken_00048 ProcessToken_015 PatternToken_054,Category_K,S065|S226|S038|S225
IT00049,TopicToken_00049 ProcessToken_058 PatternToken_043,Category_A,S131|S191|S062|S090|S077
IT00050,TopicToken_00050 ProcessToken_022 PatternToken_042,Category_S,S078|S128|S115
IT00051,TopicToken_00051 ProcessToken_034 PatternToken_068,Category_P,S004|S061|S179
IT00052,TopicToken_00052 ProcessToken_117 PatternToken_100,Category_I,S106|S074
IT00053,TopicToken_00053 ProcessToken_027 PatternToken_063,Category_P,S191|S101|S162|S069
IT00054,TopicToken_00054 ProcessToken_009 PatternToken_056,Category_G,S082|S024
IT00055,TopicToken_00055 ProcessToken_008 PatternToken_011,Category_F,S199|S230|S197|S084|S010
IT00056,TopicToken_00056 ProcessToken_045 PatternToken_026,Category_H,S160|S107|S187|S043
IT00057,TopicToken_00057 ProcessToken_108 PatternToken_057,Category_B,S047|S121|S108
IT00058,TopicToken_00058 ProcessToken_169 PatternToken_035,Category_D,S212|S010|S040|S204|S072
IT00059,TopicToken_00059 ProcessToken_068 PatternToken_036,Category_M,S068|S150
IT00060,TopicToken_00060 ProcessToken_050 PatternToken_070,Category_B,S074|S236
IT00061,TopicToken_00061 ProcessToken_069 PatternToken_085,Category_P,S069|S222|S183|S046|S149
IT00062,TopicToken_00062 ProcessToken_160 PatternToken_082,Category_H,S231|S067
IT00063,TopicToken_00063 ProcessToken_106 PatternToken_080,Category_Q,S047|S089
IT00064,TopicToken_00064 ProcessToken_145 PatternToken_090,Category_D,S106|S157
IT00065,TopicToken_00065 ProcessToken_177 PatternToken_048,Category_Q,S067|S077|S120|S091
IT00066,TopicToken_00066 ProcessToken_023 PatternToken_010,Category_K,S120|S057|S184
IT00067,TopicToken_00067 ProcessToken_116 PatternToken_063,Category_T,S162|S079|S127|S113
IT00068,TopicToken_00068 ProcessToken_186 PatternToken_092,Category_M,S209|S236
IT00069,TopicToken_00069 ProcessToken_076 PatternToken_087,Category_J,S034|S155|S173|S213|S193
IT00070,TopicToken_00070 ProcessToken_037 PatternToken_086,Category_N,S072|S019
IT00071,TopicToken_00071 ProcessToken_173 PatternToken_043,Category_J,S128|S156|S107
IT00072,TopicToken_00072 ProcessToken_145 PatternToken_087,Category_N,S205|S125
IT00073,TopicToken_00073 ProcessToken_073 PatternToken_093,Category_F,S001|S206|S159
IT00074,TopicToken_00074 ProcessToken_159 PatternToken_088,Category_H,S021|S124|S031|S235
IT00075,TopicToken_00075 ProcessToken_173 PatternToken_087,Category_L,S141|S056
IT00076,TopicToken_00076 ProcessToken_031 PatternToken_044,Category_E,S018|S224|S111|S015
IT00077,TopicToken_00077 ProcessToken_064 PatternToken_008,Category_O,S198|S097|S054|S087
IT00078,TopicToken_00078 ProcessToken_130 PatternToken_043,Category_D,S229|S173|S208
IT00079,TopicToken_00079 ProcessToken_176 PatternToken_081,Category_P,S199|S169|S117|S101
IT00080,TopicToken_00080 ProcessToken_069 PatternToken_014,Category_L,S203|S067|S235|S014
IT00081,TopicToken_00081 ProcessToken_036 PatternToken_041,Category_E,S118|S125|S185|S189|S222
IT00082,TopicToken_00082 ProcessToken_164 PatternToken_013,Category_L,S186|S205|S115|S117
IT00083,TopicToken_00083 ProcessToken_035 PatternToken_015,Category_C,S002|S227|S049|S224|S103
IT00084,TopicToken_00084 ProcessToken_081 PatternToken_074,Category_A,S230|S176
IT00085,TopicToken_00085 ProcessToken_035 PatternToken_075,Category_Q,S107|S014|S134|S235
IT00086,TopicToken_00086 ProcessToken_165 PatternToken_068,Category_A,S195|S205|S089|S213
IT00087,TopicToken_00087 ProcessToken_004 PatternToken_047,Category_G,S019|S229|S217|S231|S147
IT00088,TopicToken_00088 ProcessToken_040 PatternToken_078,Category_A,S149|S140
IT00089,TopicToken_00089 ProcessToken_157 PatternToken_092,Category_N,S219|S191
IT00090,TopicToken_00090 ProcessToken_144 PatternToken_025,Category_C,S128|S148|S112|S094|S106
IT00091,TopicToken_00091 ProcessToken_029 PatternToken_066,Category_H,S163|S004|S085
IT00092,TopicToken_00092 ProcessToken_120 PatternToken_053,Category_R,S039|S089
IT00093,TopicToken_00093 ProcessToken_161 PatternToken_077,Category_S,S048|S135|S168|S058|S064
IT00094,TopicToken_00094 ProcessToken_126 PatternToken_003,Category_E,S057|S082|S209
IT00095,TopicToken_00095 ProcessToken_083 PatternToken_004,Category_L,S104|S173|S212|S147
IT00096,TopicToken_00096 ProcessToken_094 PatternToken_099,Category_T,S113|S125
IT00097,TopicToken_00097 ProcessToken_054 PatternToken_047,Category_F,S031|S100|S053|S129|S017
IT00098,TopicToken_00098 ProcessToken_157 PatternToken_044,Category_L,S118|S082|S124|S227|S126
IT00099,TopicToken_00099 ProcessToken_122 PatternToken_062,Category_O,S233|S215|S074|S090
IT00100,TopicToken_00100 ProcessToken_053 PatternToken_094,Category_R,S074|S034
IT00101,TopicToken_00101 ProcessToken_125 PatternToken_051,Category_S,S008|S081|S026|S016|S154
IT00102,TopicToken_00102 ProcessToken_037 PatternToken_090,Category_I,S074|S124|S017|S021|S189
IT00103,TopicToken_00103 ProcessToken_042 PatternToken_051,Category_N,S191|S046|S158|S058|S116
IT00104,TopicToken_00104 ProcessToken_029 PatternToken_003,Category_R,S206|S010|S149|S128|S221
IT00105,TopicToken_00105 ProcessToken_022 PatternToken_054,Category_J,S119|S113|S083|S076
IT00106,TopicToken_00106 ProcessToken_044 PatternToken_025,Category_H,S165|S132|S218|S059|S088
IT00107,TopicToken_00107 ProcessToken_057 PatternToken_028,Category_B,S204|S079|S088
IT00108,TopicToken_00108 ProcessToken_163 PatternToken_053,Category_A,S057|S096|S163|S093|S212
IT00109,TopicToken_00109 ProcessToken_071 PatternToken_030,Category_R,S198|S171|S081|S043
IT00110,TopicToken_00110 ProcessToken_137 PatternToken_090,Category_M,S194|S051|S080|S036
IT00111,TopicToken_00111 ProcessToken_016 PatternToken_005,Category_F,S044|S108|S141|S232|S082
IT00112,TopicToken_00112 ProcessToken_085 PatternToken_026,Category_M,S205|S115
IT00113,TopicToken_00113 ProcessToken_019 PatternToken_038,Category_R,S176|S039|S139|S037
IT00114,TopicToken_00114 ProcessToken_114 PatternToken_046,Category_I,S227|S015
IT00115,TopicToken_00115 ProcessToken_060 PatternToken_003,Category_E,S034|S203
IT00116,TopicToken_00116 ProcessToken_196 PatternToken_040,Category_L,S207|S103|S228|S188
IT00117,TopicToken_00117 ProcessToken_028 PatternToken_053,Category_J,S202|S119
IT00118,TopicToken_00118 ProcessToken_161 PatternToken_055,Category_P,S065|S044|S197|S047
IT00119,TopicToken_00119 ProcessToken_117 PatternToken_026,Category_L,S152|S120
IT00120,TopicToken_00120 ProcessToken_131 PatternToken_004,Category_M,S077|S159
IT00121,TopicToken_00121 ProcessToken_198 PatternToken_091,Category_M,S135|S037|S120|S025
IT00122,TopicToken_00122 ProcessToken_031 PatternToken_008,Category_K,S112|S036|S099
IT00123,TopicToken_00123 ProcessToken_046 PatternToken_037,Category_S,S108|S158
IT00124,TopicToken_00124 ProcessToken_095 PatternToken_021,Category_I,S104|S040|S037|S171|S234
IT00125,TopicToken_00125 ProcessToken_086 PatternToken_034,Category_T,S087|S079|S115|S145|S082
IT00126,TopicToken_00126 ProcessToken_139 PatternToken_071,Category_I,S118|S214
IT00127,TopicToken_00127 ProcessToken_036 PatternToken_087,Category_T,S237|S147|S116
IT00128,TopicToken_00128 ProcessToken_030 PatternToken_029,Category_D,S204|S239|S070|S181
IT00129,TopicToken_00129 ProcessToken_108 PatternToken_065,Category_L,S105|S156
IT00130,TopicToken_00130 ProcessToken_130 PatternToken_043,Category_E,S203|S124|S079|S016|S216
IT00131,TopicToken_00131 ProcessToken_077 PatternToken_055,Category_K,S178|S025|S005|S204|S133
IT00132,TopicToken_00132 ProcessToken_119 PatternToken_078,Category_E,S080|S090
IT00133,TopicToken_00133 ProcessToken_160 PatternToken_059,Category_G,S074|S090|S005
IT00134,TopicToken_00134 ProcessToken_148 PatternToken_001,Category_G,S060|S105
IT00135,TopicToken_00135 ProcessToken_003 PatternToken_039,Category_P,S201|S046|S090
IT00136,TopicToken_00136 ProcessToken_032 PatternToken_076,Category_L,S041|S034|S014|S162
IT00137,TopicToken_00137 ProcessToken_113 PatternToken_027,Category_D,S033|S072
IT00138,TopicToken_00138 ProcessToken_036 PatternToken_042,Category_Q,S021|S131|S165
IT00139,TopicToken_00139 ProcessToken_004 PatternToken_097,Category_D,S223|S093
IT00140,TopicToken_00140 ProcessToken_008 PatternToken_086,Category_Q,S122|S025|S090|S224
IT00141,TopicToken_00141 ProcessToken_016 PatternToken_055,Category_K,S014|S183|S167|S090
IT00142,TopicToken_00142 ProcessToken_123 PatternToken_071,Category_E,S221|S206|S093|S044|S157
IT00143,TopicToken_00143 ProcessToken_059 PatternToken_064,Category_K,S096|S213|S060|S066|S122
IT00144,TopicToken_00144 ProcessToken_166 PatternToken_091,Category_L,S087|S085
IT00145,TopicToken_00145 ProcessToken_083 PatternToken_070,Category_E,S028|S050
IT00146,TopicToken_00146 ProcessToken_049 PatternToken_095,Category_G,S223|S013|S086|S093|S061
IT00147,TopicToken_00147 ProcessToken_099 PatternToken_023,Category_H,S231|S152|S180
IT00148,TopicToken_00148 ProcessToken_111 PatternToken_073,Category_Q,S213|S103|S089|S140|S225
IT00149,TopicToken_00149 ProcessToken_188 PatternToken_061,Category_K,S100|S150|S096|S190|S219
IT00150,TopicToken_00150 ProcessToken_176 PatternToken_028,Category_B,S163|S028|S129|S228
IT00151,TopicToken_00151 ProcessToken_130 PatternToken_005,Category_B,S096|S158|S030|S079
IT00152,TopicToken_00152 ProcessToken_163 PatternToken_042,Category_D,S046|S070|S092|S114|S142
IT00153,TopicToken_00153 ProcessToken_122 PatternToken_005,Category_I,S188|S191|S204
IT00154,TopicToken_00154 ProcessToken_095 PatternToken_045,Category_A,S024|S086|S157|S184
IT00155,TopicToken_00155 ProcessToken_028 PatternToken_098,Category_P,S199|S024
IT00156,TopicToken_00156 ProcessToken_013 PatternToken_049,Category_O,S176|S018|S122
IT00157,TopicToken_00157 ProcessToken_094 PatternToken_019,Category_I,S100|S073
IT00158,TopicToken_00158 ProcessToken_169 PatternToken_032,Category_N,S129|S180
IT00159,TopicToken_00159 ProcessToken_089 PatternToken_007,Category_F,S178|S134|S138
IT00160,TopicToken_00160 ProcessToken_032 PatternToken_058,Category_F,S114|S058|S029|S157|S031
IT00161,TopicToken_00161 ProcessToken_020 PatternToken_085,Category_K,S219|S004
IT00162,TopicToken_00162 ProcessToken_013 PatternToken_005,Category_D,S064|S223|S058|S199|S160
IT00163,TopicToken_00163 ProcessToken_030 PatternToken_094,Category_F,S112|S156
IT00164,TopicToken_00164 ProcessToken_141 PatternToken_099,Category_F,S121|S134
IT00165,TopicToken_00165 ProcessToken_141 PatternToken_040,Category_E,S169|S129|S106
IT00166,TopicToken_00166 ProcessToken_106 PatternToken_005,Category_R,S122|S219
IT00167,TopicToken_00167 ProcessToken_100 PatternToken_008,Category_G,S051|S146|S065|S113
IT00168,TopicToken_00168 ProcessToken_182 PatternToken_081,Category_Q,S221|S100|S230|S094|S015
IT00169,TopicToken_00169 ProcessToken_162 PatternToken_040,Category_J,S182|S236|S088|S069|S105
IT00170,TopicToken_00170 ProcessToken_167 PatternToken_051,Category_H,S183|S180|S165|S105|S005
IT00171,TopicToken_00171 ProcessToken_196 PatternToken_083,Category_G,S048|S124|S089|S106|S085
IT00172,TopicToken_00172 ProcessToken_064 PatternToken_100,Category_B,S112|S049|S124
IT00173,TopicToken_00173 ProcessToken_082 PatternToken_004,Category_J,S131|S229|S102|S123|S007
IT00174,TopicToken_00174 ProcessToken_069 PatternToken_063,Category_T,S130|S032|S029|S048|S173
IT00175,TopicToken_00175 ProcessToken_067 PatternToken_073,Category_E,S201|S213|S049|S226|S224
IT00176,TopicToken_00176 ProcessToken_150 PatternToken_053,Category_F,S023|S103|S229
IT00177,TopicToken_00177 ProcessToken_184 PatternToken_028,Category_B,S044|S182|S137|S054|S164
IT00178,TopicToken_00178 ProcessToken_091 PatternToken_015,Category_F,S035|S170|S116|S221|S160
IT00179,TopicToken_00179 ProcessToken_115 PatternToken_061,Category_E,S013|S234|S200|S085|S003
IT00180,TopicToken_00180 ProcessToken_069 PatternToken_028,Category_D,S184|S013|S108|S090|S054
IT00181,TopicToken_00181 ProcessToken_042 PatternToken_006,Category_A,S196|S057|S226|S183
IT00182,TopicToken_00182 ProcessToken_172 PatternToken_084,Category_T,S092|S056|S165|S034|S043
IT00183,TopicToken_00183 ProcessToken_134 PatternToken_058,Category_L,S127|S081|S153|S036
IT00184,TopicToken_00184 ProcessToken_195 PatternToken_047,Category_B,S086|S153
IT00185,TopicToken_00185 ProcessToken_146 PatternToken_022,Category_R,S045|S130
IT00186,TopicToken_00186 ProcessToken_057 PatternToken_099,Category_F,S063|S195|S223|S135
IT00187,TopicToken_00187 ProcessToken_047 PatternToken_049,Category_G,S106|S171
IT00188,TopicToken_00188 ProcessToken_139 PatternToken_089,Category_A,S116|S001
IT00189,TopicToken_00189 ProcessToken_019 PatternToken_046,Category_O,S081|S110|S199|S015|S028
IT00190,TopicToken_00190 ProcessToken_036 PatternToken_050,Category_E,S213|S161|S074
IT00191,TopicToken_00191 ProcessToken_178 PatternToken_098,Category_Q,S053|S219|S240|S017
IT00192,TopicToken_00192 ProcessToken_104 PatternToken_009,Category_B,S073|S030|S004
IT00193,TopicToken_00193 ProcessToken_082 PatternToken_015,Category_H,S140|S150|S209
IT00194,TopicToken_00194 ProcessToken_189 PatternToken_036,Category_M,S126|S102|S048
IT00195,TopicToken_00195 ProcessToken_131 PatternToken_073,Category_S,S167|S086
IT00196,TopicToken_00196 ProcessToken_035 PatternToken_048,Category_C,S042|S012|S059|S006
IT00197,TopicToken_00197 ProcessToken_030 PatternToken_087,Category_E,S203|S090|S088|S110|S010
IT00198,TopicToken_00198 ProcessToken_046 PatternToken_086,Category_P,S137|S004|S132|S184|S061
IT00199,TopicToken_00199 ProcessToken_140 PatternToken_007,Category_Q,S004|S033|S225|S188
IT00200,TopicToken_00200 ProcessToken_118 PatternToken_037,Category_S,S102|S096
IT00201,TopicToken_00201 ProcessToken_172 PatternToken_045,Category_I,S211|S207|S126|S076|S009
IT00202,TopicToken_00202 ProcessToken_058 PatternToken_029,Category_L,S052|S017|S230
IT00203,TopicToken_00203 ProcessToken_118 PatternToken_057,Category_Q,S139|S189
IT00204,TopicToken_00204 ProcessToken_115 PatternToken_014,Category_H,S210|S223
IT00205,TopicToken_00205 ProcessToken_011 PatternToken_014,Category_L,S069|S060|S022|S135
IT00206,TopicToken_00206 ProcessToken_099 PatternToken_077,Category_S,S178|S186
IT00207,TopicToken_00207 ProcessToken_110 PatternToken_083,Category_E,S172|S070|S148
IT00208,TopicToken_00208 ProcessToken_133 PatternToken_084,Category_A,S173|S052|S114
IT00209,TopicToken_00209 ProcessToken_007 PatternToken_012,Category_R,S010|S003|S006|S058
IT00210,TopicToken_00210 ProcessToken_106 PatternToken_085,Category_L,S011|S154|S007|S097|S191
IT00211,TopicToken_00211 ProcessToken_108 PatternToken_094,Category_J,S057|S215|S064
IT00212,TopicToken_00212 ProcessToken_100 PatternToken_042,Category_B,S135|S035
IT00213,TopicToken_00213 ProcessToken_176 PatternToken_072,Category_S,S075|S211|S128|S062|S021
IT00214,TopicToken_00214 ProcessToken_127 PatternToken_053,Category_F,S020|S191
IT00215,TopicToken_00215 ProcessToken_095 PatternToken_058,Category_P,S051|S029|S187|S186|S152
IT00216,TopicToken_00216 ProcessToken_069 PatternToken_073,Category_P,S178|S002|S006|S211|S216
IT00217,TopicToken_00217 ProcessToken_006 PatternToken_089,Category_P,S224|S201|S009
IT00218,TopicToken_00218 ProcessToken_168 PatternToken_046,Category_F,S037|S196|S087|S154|S139
IT00219,TopicToken_00219 ProcessToken_096 PatternToken_092,Category_R,S087|S181|S010|S109|S022
IT00220,TopicToken_00220 ProcessToken_161 PatternToken_072,Category_G,S199|S009|S053|S196|S119
IT00221,TopicToken_00221 ProcessToken_116 PatternToken_056,Category_R,S038|S097
IT00222,TopicToken_00222 ProcessToken_092 PatternToken_067,Category_Q,S213|S219|S020
IT00223,TopicToken_00223 ProcessToken_145 PatternToken_029,Category_F,S042|S191|S177
IT00224,TopicToken_00224 ProcessToken_053 PatternToken_057,Category_C,S170|S061|S059
IT00225,TopicToken_00225 ProcessToken_095 PatternToken_092,Category_A,S083|S161
IT00226,TopicToken_00226 ProcessToken_054 PatternToken_077,Category_A,S176|S240|S032|S119|S022
IT00227,TopicToken_00227 ProcessToken_133 PatternToken_091,Category_N,S193|S237
IT00228,TopicToken_00228 ProcessToken_125 PatternToken_071,Category_N,S138|S180|S116
IT00229,TopicToken_00229 ProcessToken_146 PatternToken_084,Category_M,S072|S144|S116|S219
IT00230,TopicToken_00230 ProcessToken_176 PatternToken_059,Category_N,S107|S233|S200|S121|S054
IT00231,TopicToken_00231 ProcessToken_040 PatternToken_072,Category_F,S206|S192|S134|S036
IT00232,TopicToken_00232 ProcessToken_186 PatternToken_040,Category_I,S177|S053|S054|S092|S108
IT00233,TopicToken_00233 ProcessToken_119 PatternToken_042,Category_N,S024|S134|S187|S222|S070
IT00234,TopicToken_00234 ProcessToken_068 PatternToken_034,Category_J,S187|S190|S240|S080
IT00235,TopicToken_00235 ProcessToken_090 PatternToken_049,Category_D,S075|S073|S024|S068|S208
IT00236,TopicToken_00236 ProcessToken_002 PatternToken_033,Category_O,S162|S140
IT00237,TopicToken_00237 ProcessToken_175 PatternToken_065,Category_D,S018|S109|S198
IT00238,TopicToken_00238 ProcessToken_068 PatternToken_001,Category_F,S220|S105|S039|S027|S110
IT00239,TopicToken_00239 ProcessToken_154 PatternToken_028,Category_T,S152|S216|S073|S064|S044
IT00240,TopicToken_00240 ProcessToken_048 PatternToken_048,Category_J,S218|S152
IT00241,TopicToken_00241 ProcessToken_123 PatternToken_022,Category_S,S236|S192|S029|S145
IT00242,TopicToken_00242 ProcessToken_105 PatternToken_098,Category_G,S136|S174|S213
IT00243,TopicToken_00243 ProcessToken_186 PatternToken_045,Category_M,S009|S022|S112|S004|S138
IT00244,TopicToken_00244 ProcessToken_062 PatternToken_097,Category_C,S063|S152
IT00245,TopicToken_00245 ProcessToken_079 PatternToken_099,Category_B,S218|S022|S027|S161
IT00246,TopicToken_00246 ProcessToken_065 PatternToken_081,Category_C,S092|S171|S133|S090
IT00247,TopicToken_00247 ProcessToken_145 PatternToken_034,Category_F,S035|S175|S146
IT00248,TopicToken_00248 ProcessToken_017 PatternToken_057,Category_K,S016|S148
IT00249,TopicToken_00249 ProcessToken_031 PatternToken_058,Category_H,S112|S073
IT00250,TopicToken_00250 ProcessToken_009 PatternToken_009,Category_S,S017|S015|S221|S081|S149
IT00251,TopicToken_00251 ProcessToken_035 PatternToken_014,Category_H,S052|S124|S224|S110|S030
IT00252,TopicToken_00252 ProcessToken_116 PatternToken_063,Category_K,S232|S080
IT00253,TopicToken_00253 ProcessToken_190 PatternToken_052,Category_G,S053|S048
IT00254,TopicToken_00254 ProcessToken_071 PatternToken_077,Category_B,S050|S085|S006|S072|S056
IT00255,TopicToken_00255 ProcessToken_125 PatternToken_094,Category_J,S215|S118
IT00256,TopicToken_00256 ProcessToken_089 PatternToken_027,Category_A,S044|S120|S054|S039
IT00257,TopicToken_00257 ProcessToken_198 PatternToken_095,Category_O,S134|S136|S186|S235
IT00258,TopicToken_00258 ProcessToken_026 PatternToken_019,Category_P,S105|S167
IT00259,TopicToken_00259 ProcessToken_003 PatternToken_074,Category_N,S152|S191
IT00260,TopicToken_00260 ProcessToken_040 PatternToken_039,Category_J,S036|S136|S023|S199
IT00261,TopicToken_00261 ProcessToken_125 PatternToken_016,Category_O,S042|S041
IT00262,TopicToken_00262 ProcessToken_093 PatternToken_085,Category_H,S109|S040
IT00263,TopicToken_00263 ProcessToken_098 PatternToken_095,Category_G,S008|S072|S083
IT00264,TopicToken_00264 ProcessToken_037 PatternToken_048,Category_K,S215|S010|S143
IT00265,TopicToken_00265 ProcessToken_017 PatternToken_065,Category_P,S067|S084|S020|S011
IT00266,TopicToken_00266 ProcessToken_080 PatternToken_022,Category_E,S145|S017|S197
IT00267,TopicToken_00267 ProcessToken_046 PatternToken_054,Category_L,S117|S036|S113|S228|S055
IT00268,TopicToken_00268 ProcessToken_117 PatternToken_002,Category_E,S077|S046|S207|S102
IT00269,TopicToken_00269 ProcessToken_200 PatternToken_073,Category_A,S208|S019|S041|S141
IT00270,TopicToken_00270 ProcessToken_051 PatternToken_021,Category_M,S201|S104|S231
IT00271,TopicToken_00271 ProcessToken_071 PatternToken_092,Category_R,S005|S051|S199|S079|S042
IT00272,TopicToken_00272 ProcessToken_040 PatternToken_049,Category_R,S227|S123|S051
IT00273,TopicToken_00273 ProcessToken_116 PatternToken_096,Category_L,S069|S142|S160|S154|S065
IT00274,TopicToken_00274 ProcessToken_009 PatternToken_091,Category_Q,S011|S006|S168|S043|S125
IT00275,TopicToken_00275 ProcessToken_094 PatternToken_026,Category_F,S233|S142
IT00276,TopicToken_00276 ProcessToken_186 PatternToken_060,Category_G,S142|S066|S073
IT00277,TopicToken_00277 ProcessToken_164 PatternToken_048,Category_P,S177|S130
IT00278,TopicToken_00278 ProcessToken_175 PatternToken_096,Category_A,S216|S184
IT00279,TopicToken_00279 ProcessToken_154 PatternToken_076,Category_J,S150|S140
IT00280,TopicToken_00280 ProcessToken_016 PatternToken_054,Category_G,S029|S091
IT00281,TopicToken_00281 ProcessToken_190 PatternToken_087,Category_C,S133|S184|S092|S017
IT00282,TopicToken_00282 ProcessToken_195 PatternToken_043,Category_D,S020|S164|S131|S059
IT00283,TopicToken_00283 ProcessToken_164 PatternToken_097,Category_L,S161|S043|S151|S011|S031
IT00284,TopicToken_00284 ProcessToken_178 PatternToken_028,Category_E,S239|S026|S094
IT00285,TopicToken_00285 ProcessToken_014 PatternToken_021,Category_Q,S200|S131|S065|S227
IT00286,TopicToken_00286 ProcessToken_123 PatternToken_087,Category_T,S041|S152|S182|S108|S037
IT00287,TopicToken_00287 ProcessToken_170 PatternToken_011,Category_O,S022|S236
IT00288,TopicToken_00288 ProcessToken_114 PatternToken_052,Category_D,S143|S234
IT00289,TopicToken_00289 ProcessToken_135 PatternToken_051,Category_N,S006|S053
IT00290,TopicToken_00290 ProcessToken_191 PatternToken_029,Category_N,S079|S212|S088|S047
IT00291,TopicToken_00291 ProcessToken_132 PatternToken_095,Category_D,S225|S114|S040|S180
IT00292,TopicToken_00292 ProcessToken_167 PatternToken_094,Category_A,S205|S049|S114|S022
IT00293,TopicToken_00293 ProcessToken_166 PatternToken_093,Category_D,S182|S076|S054
IT00294,TopicToken_00294 ProcessToken_130 PatternToken_011,Category_N,S088|S030|S183|S203
IT00295,TopicToken_00295 ProcessToken_011 PatternToken_078,Category_H,S163|S138|S017|S179
IT00296,TopicToken_00296 ProcessToken_013 PatternToken_024,Category_S,S209|S063
IT00297,TopicToken_00297 ProcessToken_045 PatternToken_083,Category_B,S039|S189|S235|S229|S124
IT00298,TopicToken_00298 ProcessToken_049 PatternToken_030,Category_I,S055|S059|S113|S126|S128
IT00299,TopicToken_00299 ProcessToken_012 PatternToken_082,Category_I,S038|S206|S093
IT00300,TopicToken_00300 ProcessToken_102 PatternToken_041,Category_L,S184|S035
IT00301,TopicToken_00301 ProcessToken_031 PatternToken_097,Category_R,S155|S130|S043|S200
IT00302,TopicToken_00302 ProcessToken_120 PatternToken_055,Category_K,S035|S239
IT00303,TopicToken_00303 ProcessToken_153 PatternToken_030,Category_R,S113|S207|S053|S054|S058
IT00304,TopicToken_00304 ProcessToken_054 PatternToken_018,Category_G,S103|S211|S088|S027|S061
IT00305,TopicToken_00305 ProcessToken_197 PatternToken_016,Category_P,S151|S165
IT00306,TopicToken_00306 ProcessToken_200 PatternToken_029,Category_O,S099|S102|S129|S015|S225
IT00307,TopicToken_00307 ProcessToken_153 PatternToken_070,Category_B,S049|S200|S100|S027|S238
IT00308,TopicToken_00308 ProcessToken_146 PatternToken_017,Category_N,S073|S069|S195
IT00309,TopicToken_00309 ProcessToken_065 PatternToken_089,Category_S,S169|S014
IT00310,TopicToken_00310 ProcessToken_052 PatternToken_008,Category_F,S053|S094|S176
IT00311,TopicToken_00311 ProcessToken_181 PatternToken_066,Category_L,S038|S236|S101|S136|S027
IT00312,TopicToken_00312 ProcessToken_060 PatternToken_045,Category_C,S191|S070|S131|S220|S016
IT00313,TopicToken_00313 ProcessToken_046 PatternToken_056,Category_M,S222|S200
IT00314,TopicToken_00314 ProcessToken_130 PatternToken_013,Category_R,S091|S194|S001|S166|S165
IT00315,TopicToken_00315 ProcessToken_084 PatternToken_073,Category_R,S118|S145|S158|S184|S200
IT00316,TopicToken_00316 ProcessToken_194 PatternToken_061,Category_G,S136|S119|S114|S063|S227
IT00317,TopicToken_00317 ProcessToken_191 PatternToken_022,Category_Q,S074|S105|S161|S142|S235
IT00318,TopicToken_00318 ProcessToken_073 PatternToken_036,Category_B,S092|S143|S174
IT00319,TopicToken_00319 ProcessToken_100 PatternToken_056,Category_C,S134|S003|S188|S152|S047
IT00320,TopicToken_00320 ProcessToken_051 PatternToken_010,Category_M,S080|S025
IT00321,TopicToken_00321 ProcessToken_032 PatternToken_046,Category_S,S228|S011|S231|S200|S005
IT00322,TopicToken_00322 ProcessToken_144 PatternToken_054,Category_A,S081|S120|S198|S197|S155
IT00323,TopicToken_00323 ProcessToken_083 PatternToken_059,Category_G,S164|S177|S123
IT00324,TopicToken_00324 ProcessToken_182 PatternToken_065,Category_L,S027|S095|S127|S108
IT00325,TopicToken_00325 ProcessToken_045 PatternToken_020,Category_C,S141|S190|S029|S238
IT00326,TopicToken_00326 ProcessToken_017 PatternToken_002,Category_E,S109|S179|S064
IT00327,TopicToken_00327 ProcessToken_057 PatternToken_001,Category_G,S017|S112|S151|S093|S082
IT00328,TopicToken_00328 ProcessToken_022 PatternToken_033,Category_Q,S196|S004|S156|S147|S078
IT00329,TopicToken_00329 ProcessToken_001 PatternToken_018,Category_F,S225|S236|S068|S172
IT00330,TopicToken_00330 ProcessToken_046 PatternToken_047,Category_C,S020|S146|S070
IT00331,TopicToken_00331 ProcessToken_194 PatternToken_042,Category_K,S035|S031|S181|S139
IT00332,TopicToken_00332 ProcessToken_007 PatternToken_033,Category_B,S170|S074|S172|S144
IT00333,TopicToken_00333 ProcessToken_145 PatternToken_012,Category_L,S072|S092|S120|S056|S149
IT00334,TopicToken_00334 ProcessToken_028 PatternToken_075,Category_L,S183|S207|S196|S225
IT00335,TopicToken_00335 ProcessToken_084 PatternToken_053,Category_J,S042|S142
IT00336,TopicToken_00336 ProcessToken_184 PatternToken_006,Category_F,S041|S203
IT00337,TopicToken_00337 ProcessToken_051 PatternToken_003,Category_S,S231|S069|S076
IT00338,TopicToken_00338 ProcessToken_197 PatternToken_066,Category_S,S091|S218
IT00339,TopicToken_00339 ProcessToken_118 PatternToken_021,Category_D,S077|S014|S028
IT00340,TopicToken_00340 ProcessToken_092 PatternToken_079,Category_M,S068|S154
IT00341,TopicToken_00341 ProcessToken_147 PatternToken_020,Category_H,S053|S148|S177
IT00342,TopicToken_00342 ProcessToken_089 PatternToken_022,Category_C,S152|S050|S013|S058|S115
IT00343,TopicToken_00343 ProcessToken_074 PatternToken_027,Category_S,S165|S220
IT00344,TopicToken_00344 ProcessToken_166 PatternToken_093,Category_S,S036|S005
IT00345,TopicToken_00345 ProcessToken_125 PatternToken_022,Category_K,S092|S111|S194
IT00346,TopicToken_00346 ProcessToken_163 PatternToken_017,Category_K,S205|S024|S167
IT00347,TopicToken_00347 ProcessToken_156 PatternToken_062,Category_S,S226|S021|S134
IT00348,TopicToken_00348 ProcessToken_154 PatternToken_065,Category_N,S190|S089|S165|S059|S005
IT00349,TopicToken_00349 ProcessToken_004 PatternToken_002,Category_C,S104|S176|S134|S012|S132
IT00350,TopicToken_00350 ProcessToken_057 PatternToken_096,Category_C,S036|S211|S034
IT00351,TopicToken_00351 ProcessToken_110 PatternToken_007,Category_B,S151|S153|S055|S012|S199
IT00352,TopicToken_00352 ProcessToken_112 PatternToken_011,Category_I,S116|S096|S080
IT00353,TopicToken_00353 ProcessToken_188 PatternToken_067,Category_E,S194|S002|S173
IT00354,TopicToken_00354 ProcessToken_174 PatternToken_020,Category_A,S080|S239
IT00355,TopicToken_00355 ProcessToken_181 PatternToken_026,Category_A,S185|S098|S025|S045|S117
IT00356,TopicToken_00356 ProcessToken_188 PatternToken_038,Category_A,S118|S028|S185|S208
IT00357,TopicToken_00357 ProcessToken_024 PatternToken_081,Category_P,S034|S188|S238|S072
IT00358,TopicToken_00358 ProcessToken_078 PatternToken_044,Category_K,S088|S119|S058|S185
IT00359,TopicToken_00359 ProcessToken_190 PatternToken_011,Category_R,S091|S093
IT00360,TopicToken_00360 ProcessToken_194 PatternToken_014,Category_J,S177|S022|S225|S216|S147
IT00361,TopicToken_00361 ProcessToken_080 PatternToken_065,Category_Q,S130|S068|S055|S118|S073
IT00362,TopicToken_00362 ProcessToken_048 PatternToken_097,Category_C,S016|S037|S102|S104
IT00363,TopicToken_00363 ProcessToken_089 PatternToken_014,Category_D,S032|S044|S120|S071|S170
IT00364,TopicToken_00364 ProcessToken_187 PatternToken_072,Category_T,S004|S157|S132|S094|S009
IT00365,TopicToken_00365 ProcessToken_127 PatternToken_031,Category_B,S154|S020|S148|S073|S213
IT00366,TopicToken_00366 ProcessToken_023 PatternToken_096,Category_H,S207|S225|S090|S101|S036
IT00367,TopicToken_00367 ProcessToken_155 PatternToken_065,Category_J,S054|S046
IT00368,TopicToken_00368 ProcessToken_185 PatternToken_067,Category_A,S104|S215
IT00369,TopicToken_00369 ProcessToken_113 PatternToken_020,Category_M,S215|S056|S197
IT00370,TopicToken_00370 ProcessToken_199 PatternToken_081,Category_N,S017|S058|S192
IT00371,TopicToken_00371 ProcessToken_105 PatternToken_056,Category_F,S169|S036
IT00372,TopicToken_00372 ProcessToken_008 PatternToken_022,Category_E,S129|S223|S191
IT00373,TopicToken_00373 ProcessToken_151 PatternToken_027,Category_R,S090|S093|S068|S060|S204
IT00374,TopicToken_00374 ProcessToken_101 PatternToken_068,Category_N,S070|S195|S238|S148
IT00375,TopicToken_00375 ProcessToken_133 PatternToken_003,Category_C,S165|S070|S166|S055|S030
IT00376,TopicToken_00376 ProcessToken_173 PatternToken_042,Category_Q,S232|S115|S041|S216|S202
IT00377,TopicToken_00377 ProcessToken_051 PatternToken_041,Category_T,S135|S007
IT00378,TopicToken_00378 ProcessToken_127 PatternToken_009,Category_L,S021|S026|S141|S119
IT00379,TopicToken_00379 ProcessToken_084 PatternToken_097,Category_D,S136|S195
IT00380,TopicToken_00380 ProcessToken_027 PatternToken_037,Category_I,S191|S139|S226
IT00381,TopicToken_00381 ProcessToken_195 PatternToken_034,Category_Q,S211|S232
IT00382,TopicToken_00382 ProcessToken_157 PatternToken_041,Category_O,S191|S154
IT00383,TopicToken_00383 ProcessToken_105 PatternToken_095,Category_L,S224|S097|S032|S192
IT00384,TopicToken_00384 ProcessToken_063 PatternToken_089,Category_F,S129|S238|S043
IT00385,TopicToken_00385 ProcessToken_031 PatternToken_099,Category_M,S227|S093
IT00386,TopicToken_00386 ProcessToken_054 PatternToken_010,Category_M,S026|S174|S163
IT00387,TopicToken_00387 ProcessToken_200 PatternToken_035,Category_F,S132|S214
IT00388,TopicToken_00388 ProcessToken_031 PatternToken_065,Category_F,S039|S152|S200|S067|S027
IT00389,TopicToken_00389 ProcessToken_147 PatternToken_022,Category_S,S162|S126|S047|S119
IT00390,TopicToken_00390 ProcessToken_188 PatternToken_019,Category_O,S194|S048|S213|S036
IT00391,TopicToken_00391 ProcessToken_052 PatternToken_068,Category_Q,S094|S076
IT00392,TopicToken_00392 ProcessToken_024 PatternToken_035,Category_R,S095|S224|S079|S097|S106
IT00393,TopicToken_00393 ProcessToken_004 PatternToken_084,Category_K,S102|S126|S095|S154|S176
IT00394,TopicToken_00394 ProcessToken_093 PatternToken_034,Category_O,S176|S035|S172|S192
IT00395,TopicToken_00395 ProcessToken_073 PatternToken_035,Category_T,S072|S110|S032
IT00396,TopicToken_00396 ProcessToken_122 PatternToken_031,Category_B,S203|S088|S014|S129|S084
IT00397,TopicToken_00397 ProcessToken_164 PatternToken_100,Category_R,S039|S087|S038|S054
IT00398,TopicToken_00398 ProcessToken_050 PatternToken_061,Category_H,S127|S190
IT00399,TopicToken_00399 ProcessToken_110 PatternToken_026,Category_G,S184|S230
IT00400,TopicToken_00400 ProcessToken_198 PatternToken_022,Category_E,S050|S013|S127|S142|S132
IT00401,TopicToken_00401 ProcessToken_185 PatternToken_053,Category_O,S172|S030
IT00402,TopicToken_00402 ProcessToken_169 PatternToken_084,Category_C,S113|S147|S239|S094|S172
IT00403,TopicToken_00403 ProcessToken_126 PatternToken_036,Category_I,S239|S183|S111|S233
IT00404,TopicToken_00404 ProcessToken_138 PatternToken_059,Category_T,S049|S143
IT00405,TopicToken_00405 ProcessToken_133 PatternToken_022,Category_F,S065|S052|S074|S152
IT00406,TopicToken_00406 ProcessToken_007 PatternToken_078,Category_K,S218|S206
IT00407,TopicToken_00407 ProcessToken_148 PatternToken_085,Category_A,S177|S213
IT00408,TopicToken_00408 ProcessToken_019 PatternToken_074,Category_K,S149|S046|S183
IT00409,TopicToken_00409 ProcessToken_093 PatternToken_081,Category_M,S150|S236|S073|S026|S136
IT00410,TopicToken_00410 ProcessToken_170 PatternToken_029,Category_K,S034|S036
IT00411,TopicToken_00411 ProcessToken_156 PatternToken_087,Category_Q,S094|S149
IT00412,TopicToken_00412 ProcessToken_143 PatternToken_077,Category_M,S221|S155
IT00413,TopicToken_00413 ProcessToken_135 PatternToken_018,Category_E,S065|S132|S238
IT00414,TopicToken_00414 ProcessToken_098 PatternToken_040,Category_T,S021|S182|S177|S171|S040
IT00415,TopicToken_00415 ProcessToken_197 PatternToken_079,Category_J,S009|S072|S144
IT00416,TopicToken_00416 ProcessToken_037 PatternToken_005,Category_O,S159|S193|S165|S126
IT00417,TopicToken_00417 ProcessToken_039 PatternToken_085,Category_Q,S088|S117|S231|S045|S043
IT00418,TopicToken_00418 ProcessToken_193 PatternToken_087,Category_F,S016|S143|S114|S080|S209
IT00419,TopicToken_00419 ProcessToken_198 PatternToken_022,Category_C,S117|S211
IT00420,TopicToken_00420 ProcessToken_193 PatternToken_089,Category_E,S186|S227|S213
IT00421,TopicToken_00421 ProcessToken_095 PatternToken_069,Category_B,S150|S158
IT00422,TopicToken_00422 ProcessToken_089 PatternToken_049,Category_N,S015|S084|S185|S014
IT00423,TopicToken_00423 ProcessToken_173 PatternToken_056,Category_J,S070|S190|S029|S042|S201
IT00424,TopicToken_00424 ProcessToken_045 PatternToken_018,Category_A,S147|S215
IT00425,TopicToken_00425 ProcessToken_187 PatternToken_013,Category_O,S204|S158|S126|S152|S093
IT00426,TopicToken_00426 ProcessToken_011 PatternToken_072,Category_K,S196|S003|S187|S096
IT00427,TopicToken_00427 ProcessToken_039 PatternToken_033,Category_E,S173|S063|S018
IT00428,TopicToken_00428 ProcessToken_154 PatternToken_086,Category_H,S050|S163|S150
IT00429,TopicToken_00429 ProcessToken_104 PatternToken_035,Category_N,S037|S051|S225
IT00430,TopicToken_00430 ProcessToken_117 PatternToken_081,Category_B,S026|S033|S056|S216|S080
IT00431,TopicToken_00431 ProcessToken_116 PatternToken_003,Category_R,S089|S044|S228
IT00432,TopicToken_00432 ProcessToken_168 PatternToken_100,Category_P,S224|S082|S099
IT00433,TopicToken_00433 ProcessToken_150 PatternToken_089,Category_A,S207|S107|S120
IT00434,TopicToken_00434 ProcessToken_029 PatternToken_090,Category_I,S092|S076
IT00435,TopicToken_00435 ProcessToken_070 PatternToken_017,Category_J,S042|S143|S205
IT00436,TopicToken_00436 ProcessToken_035 PatternToken_027,Category_P,S129|S078|S206|S155
IT00437,TopicToken_00437 ProcessToken_161 PatternToken_095,Category_Q,S103|S085|S014|S160|S023
IT00438,TopicToken_00438 ProcessToken_155 PatternToken_048,Category_J,S041|S162|S219|S198|S153
IT00439,TopicToken_00439 ProcessToken_156 PatternToken_099,Category_Q,S046|S005|S084|S026|S122
IT00440,TopicToken_00440 ProcessToken_084 PatternToken_098,Category_E,S228|S091
IT00441,TopicToken_00441 ProcessToken_016 PatternToken_002,Category_M,S177|S145|S072
IT00442,TopicToken_00442 ProcessToken_169 PatternToken_024,Category_T,S149|S224|S191|S027|S119
IT00443,TopicToken_00443 ProcessToken_025 PatternToken_073,Category_K,S109|S220|S158
IT00444,TopicToken_00444 ProcessToken_192 PatternToken_060,Category_I,S205|S214|S123|S120|S166
IT00445,TopicToken_00445 ProcessToken_174 PatternToken_065,Category_H,S193|S042|S120
IT00446,TopicToken_00446 ProcessToken_115 PatternToken_026,Category_G,S029|S088|S016|S004
IT00447,TopicToken_00447 ProcessToken_044 PatternToken_093,Category_M,S101|S036|S014|S125|S077
IT00448,TopicToken_00448 ProcessToken_065 PatternToken_050,Category_S,S034|S196|S228|S182
IT00449,TopicToken_00449 ProcessToken_010 PatternToken_026,Category_N,S099|S174|S166
IT00450,TopicToken_00450 ProcessToken_136 PatternToken_002,Category_C,S233|S098
IT00451,TopicToken_00451 ProcessToken_188 PatternToken_047,Category_N,S148|S140|S144|S075
IT00452,TopicToken_00452 ProcessToken_054 PatternToken_041,Category_D,S220|S188
IT00453,TopicToken_00453 ProcessToken_015 PatternToken_075,Category_L,S177|S140|S165|S043
IT00454,TopicToken_00454 ProcessToken_073 PatternToken_054,Category_L,S096|S141|S166|S016
IT00455,TopicToken_00455 ProcessToken_139 PatternToken_088,Category_E,S153|S184|S205|S036|S010
IT00456,TopicToken_00456 ProcessToken_120 PatternToken_003,Category_H,S183|S123|S198
IT00457,TopicToken_00457 ProcessToken_082 PatternToken_083,Category_S,S139|S070|S177|S059
IT00458,TopicToken_00458 ProcessToken_179 PatternToken_034,Category_P,S045|S015|S185
IT00459,TopicToken_00459 ProcessToken_049 PatternToken_003,Category_L,S098|S085|S038
IT00460,TopicToken_00460 ProcessToken_106 PatternToken_007,Category_C,S227|S106
IT00461,TopicToken_00461 ProcessToken_032 PatternToken_091,Category_D,S104|S015|S079|S231|S110
IT00462,TopicToken_00462 ProcessToken_113 PatternToken_069,Category_D,S078|S066|S047|S110
IT00463,TopicToken_00463 ProcessToken_181 PatternToken_035,Category_T,S132|S116|S157|S163|S082
IT00464,TopicToken_00464 ProcessToken_087 PatternToken_031,Category_P,S019|S045|S131
IT00465,TopicToken_00465 ProcessToken_131 PatternToken_078,Category_G,S039|S044
IT00466,TopicToken_00466 ProcessToken_165 PatternToken_007,Category_G,S067|S216|S074
IT00467,TopicToken_00467 ProcessToken_065 PatternToken_045,Category_J,S187|S063|S231|S003|S188
IT00468,TopicToken_00468 ProcessToken_087 PatternToken_077,Category_I,S105|S110
IT00469,TopicToken_00469 ProcessToken_137 PatternToken_001,Category_L,S008|S055|S140|S038|S056
IT00470,TopicToken_00470 ProcessToken_072 PatternToken_071,Category_N,S200|S060|S005|S079|S204
IT00471,TopicToken_00471 ProcessToken_182 PatternToken_095,Category_M,S138|S066|S204|S182|S139
IT00472,TopicToken_00472 ProcessToken_026 PatternToken_080,Category_S,S172|S042|S076|S031|S093
IT00473,TopicToken_00473 ProcessToken_187 PatternToken_008,Category_T,S215|S141|S007
IT00474,TopicToken_00474 ProcessToken_005 PatternToken_003,Category_F,S224|S160|S132
IT00475,TopicToken_00475 ProcessToken_033 PatternToken_089,Category_J,S152|S124|S090|S112|S239
IT00476,TopicToken_00476 ProcessToken_023 PatternToken_064,Category_C,S139|S127|S035|S070|S017
IT00477,TopicToken_00477 ProcessToken_052 PatternToken_013,Category_P,S013|S063
IT00478,TopicToken_00478 ProcessToken_126 PatternToken_040,Category_T,S121|S080|S186|S036|S073
IT00479,TopicToken_00479 ProcessToken_136 PatternToken_052,Category_D,S208|S131|S184
IT00480,TopicToken_00480 ProcessToken_081 PatternToken_014,Category_R,S059|S081|S228
IT00481,TopicToken_00481 ProcessToken_115 PatternToken_053,Category_K,S146|S021|S149|S090|S153
IT00482,TopicToken_00482 ProcessToken_098 PatternToken_075,Category_L,S004|S089|S166|S180
IT00483,TopicToken_00483 ProcessToken_178 PatternToken_066,Category_P,S033|S208
IT00484,TopicToken_00484 ProcessToken_002 PatternToken_003,Category_B,S234|S164|S217|S006
IT00485,TopicToken_00485 ProcessToken_190 PatternToken_058,Category_O,S091|S171
IT00486,TopicToken_00486 ProcessToken_047 PatternToken_022,Category_R,S085|S098
IT00487,TopicToken_00487 ProcessToken_143 PatternToken_077,Category_T,S133|S144
IT00488,TopicToken_00488 ProcessToken_091 PatternToken_012,Category_F,S120|S237
IT00489,TopicToken_00489 ProcessToken_090 PatternToken_002,Category_C,S240|S152|S187
IT00490,TopicToken_00490 ProcessToken_129 PatternToken_068,Category_E,S089|S063|S138|S179
IT00491,TopicToken_00491 ProcessToken_152 PatternToken_020,Category_C,S058|S213|S127|S088
IT00492,TopicToken_00492 ProcessToken_101 PatternToken_017,Category_M,S209|S187|S238|S120|S086
IT00493,TopicToken_00493 ProcessToken_088 PatternToken_015,Category_F,S238|S165|S035
IT00494,TopicToken_00494 ProcessToken_192 PatternToken_030,Category_C,S167|S152|S077
IT00495,TopicToken_00495 ProcessToken_052 PatternToken_074,Category_J,S043|S008|S150|S221|S157
IT00496,TopicToken_00496 ProcessToken_025 PatternToken_039,Category_I,S239|S009
IT00497,TopicToken_00497 ProcessToken_036 PatternToken_022,Category_B,S068|S157|S227
IT00498,TopicToken_00498 ProcessToken_066 PatternToken_085,Category_G,S054|S047|S032
IT00499,TopicToken_00499 ProcessToken_050 PatternToken_095,Category_R,S131|S100
IT00500,TopicToken_00500 ProcessToken_171 PatternToken_097,Category_J,S009|S200|S170
IT00501,TopicToken_00501 ProcessToken_092 PatternToken_093,Category_A,S068|S032
IT00502,TopicToken_00502 ProcessToken_174 PatternToken_065,Category_N,S193|S123|S126|S024|S021
IT00503,TopicToken_00503 ProcessToken_137 PatternToken_058,Category_J,S235|S208|S080|S162|S211
IT00504,TopicToken_00504 ProcessToken_032 PatternToken_037,Category_J,S037|S186
IT00505,TopicToken_00505 ProcessToken_063 PatternToken_089,Category_A,S083|S172|S145|S032
IT00506,TopicToken_00506 ProcessToken_174 PatternToken_076,Category_S,S164|S058|S154|S043
IT00507,TopicToken_00507 ProcessToken_045 PatternToken_042,Category_J,S219|S084|S163|S100|S041
IT00508,TopicToken_00508 ProcessToken_158 PatternToken_028,Category_A,S089|S068
IT00509,TopicToken_00509 ProcessToken_086 PatternToken_098,Category_A,S058|S230|S062
IT00510,TopicToken_00510 ProcessToken_039 PatternToken_040,Category_I,S076|S049
IT00511,TopicToken_00511 ProcessToken_120 PatternToken_063,Category_G,S144|S205|S064|S191
IT00512,TopicToken_00512 ProcessToken_182 PatternToken_033,Category_A,S028|S105|S122|S031|S146
IT00513,TopicToken_00513 ProcessToken_150 PatternToken_099,Category_A,S036|S045|S026|S191
IT00514,TopicToken_00514 ProcessToken_133 PatternToken_056,Category_D,S152|S050|S164|S036
IT00515,TopicToken_00515 ProcessToken_198 PatternToken_013,Category_B,S101|S022|S178|S065
IT00516,TopicToken_00516 ProcessToken_035 PatternToken_011,Category_L,S200|S033|S049|S225
IT00517,TopicToken_00517 ProcessToken_166 PatternToken_014,Category_E,S206|S033|S057
IT00518,TopicToken_00518 ProcessToken_122 PatternToken_031,Category_G,S237|S001|S027|S093
IT00519,TopicToken_00519 ProcessToken_176 PatternToken_015,Category_S,S184|S055|S084|S208
IT00520,TopicToken_00520 ProcessToken_168 PatternToken_042,Category_B,S082|S150
IT00521,TopicToken_00521 ProcessToken_134 PatternToken_071,Category_P,S044|S023|S036
IT00522,TopicToken_00522 ProcessToken_091 PatternToken_031,Category_M,S237|S163|S208|S023|S155
IT00523,TopicToken_00523 ProcessToken_135 PatternToken_026,Category_S,S118|S001
IT00524,TopicToken_00524 ProcessToken_008 PatternToken_022,Category_N,S009|S110|S080|S189|S114
IT00525,TopicToken_00525 ProcessToken_082 PatternToken_036,Category_L,S017|S030
IT00526,TopicToken_00526 ProcessToken_083 PatternToken_083,Category_I,S209|S176|S172|S044|S177
IT00527,TopicToken_00527 ProcessToken_168 PatternToken_014,Category_S,S163|S067|S118|S014|S063
IT00528,TopicToken_00528 ProcessToken_137 PatternToken_027,Category_F,S070|S001|S145
IT00529,TopicToken_00529 ProcessToken_159 PatternToken_096,Category_A,S191|S074|S150|S138|S205
IT00530,TopicToken_00530 ProcessToken_186 PatternToken_034,Category_G,S039|S085
IT00531,TopicToken_00531 ProcessToken_114 PatternToken_052,Category_K,S033|S188|S141|S045
IT00532,TopicToken_00532 ProcessToken_121 PatternToken_098,Category_P,S107|S037|S108
IT00533,TopicToken_00533 ProcessToken_158 PatternToken_065,Category_M,S036|S092|S144
IT00534,TopicToken_00534 ProcessToken_103 PatternToken_005,Category_M,S218|S076|S233|S201
IT00535,TopicToken_00535 ProcessToken_092 PatternToken_017,Category_F,S105|S067
IT00536,TopicToken_00536 ProcessToken_010 PatternToken_069,Category_T,S112|S059|S042|S146|S229
IT00537,TopicToken_00537 ProcessToken_026 PatternToken_054,Category_M,S109|S136
IT00538,TopicToken_00538 ProcessToken_179 PatternToken_052,Category_P,S109|S002|S054|S177
IT00539,TopicToken_00539 ProcessToken_042 PatternToken_058,Category_D,S161|S049|S047
IT00540,TopicToken_00540 ProcessToken_102 PatternToken_019,Category_K,S140|S235|S005|S088
IT00541,TopicToken_00541 ProcessToken_032 PatternToken_016,Category_S,S003|S139
IT00542,TopicToken_00542 ProcessToken_039 PatternToken_046,Category_M,S224|S012|S110
IT00543,TopicToken_00543 ProcessToken_010 PatternToken_008,Category_C,S032|S006|S147|S046
IT00544,TopicToken_00544 ProcessToken_183 PatternToken_060,Category_H,S029|S134|S112|S165
IT00545,TopicToken_00545 ProcessToken_008 PatternToken_045,Category_G,S072|S193
IT00546,TopicToken_00546 ProcessToken_015 PatternToken_043,Category_Q,S205|S182
IT00547,TopicToken_00547 ProcessToken_158 PatternToken_055,Category_O,S005|S088
IT00548,TopicToken_00548 ProcessToken_171 PatternToken_052,Category_R,S070|S123
IT00549,TopicToken_00549 ProcessToken_032 PatternToken_023,Category_K,S100|S137|S111|S226|S085
IT00550,TopicToken_00550 ProcessToken_187 PatternToken_008,Category_G,S147|S141|S135|S102
IT00551,TopicToken_00551 ProcessToken_114 PatternToken_047,Category_N,S205|S178|S082|S077
IT00552,TopicToken_00552 ProcessToken_065 PatternToken_099,Category_O,S044|S179|S019|S181
IT00553,TopicToken_00553 ProcessToken_011 PatternToken_038,Category_E,S188|S070|S156|S219
IT00554,TopicToken_00554 ProcessToken_027 PatternToken_070,Category_A,S201|S019|S198|S090|S167
IT00555,TopicToken_00555 ProcessToken_069 PatternToken_069,Category_N,S081|S038|S046|S225
IT00556,TopicToken_00556 ProcessToken_177 PatternToken_013,Category_R,S072|S071|S094
IT00557,TopicToken_00557 ProcessToken_126 PatternToken_039,Category_Q,S160|S036
IT00558,TopicToken_00558 ProcessToken_038 PatternToken_089,Category_G,S079|S161|S123|S168
IT00559,TopicToken_00559 ProcessToken_138 PatternToken_008,Category_K,S159|S038
IT00560,TopicToken_00560 ProcessToken_112 PatternToken_026,Category_I,S098|S079
IT00561,TopicToken_00561 ProcessToken_140 PatternToken_059,Category_R,S019|S165
IT00562,TopicToken_00562 ProcessToken_085 PatternToken_081,Category_F,S129|S200|S051|S069|S185
IT00563,TopicToken_00563 ProcessToken_179 PatternToken_087,Category_R,S077|S097|S040|S123|S098
IT00564,TopicToken_00564 ProcessToken_192 PatternToken_004,Category_S,S017|S235|S083
IT00565,TopicToken_00565 ProcessToken_126 PatternToken_048,Category_B,S226|S058
IT00566,TopicToken_00566 ProcessToken_193 PatternToken_052,Category_O,S064|S174|S099
IT00567,TopicToken_00567 ProcessToken_127 PatternToken_090,Category_A,S050|S236|S103
IT00568,TopicToken_00568 ProcessToken_195 PatternToken_038,Category_K,S120|S029|S238
IT00569,TopicToken_00569 ProcessToken_049 PatternToken_070,Category_R,S124|S145|S098|S237|S080
IT00570,TopicToken_00570 ProcessToken_121 PatternToken_054,Category_D,S041|S237|S081|S044
IT00571,TopicToken_00571 ProcessToken_072 PatternToken_080,Category_A,S020|S114
IT00572,TopicToken_00572 ProcessToken_053 PatternToken_094,Category_F,S140|S109|S082
IT00573,TopicToken_00573 ProcessToken_052 PatternToken_050,Category_B,S005|S098|S181
IT00574,TopicToken_00574 ProcessToken_037 PatternToken_078,Category_M,S235|S010|S005
IT00575,TopicToken_00575 ProcessToken_114 PatternToken_011,Category_G,S039|S081|S011|S008
IT00576,TopicToken_00576 ProcessToken_093 PatternToken_033,Category_G,S181|S194|S037
IT00577,TopicToken_00577 ProcessToken_092 PatternToken_008,Category_E,S152|S071
IT00578,TopicToken_00578 ProcessToken_026 PatternToken_069,Category_J,S167|S110|S090
IT00579,TopicToken_00579 ProcessToken_107 PatternToken_016,Category_D,S164|S017
IT00580,TopicToken_00580 ProcessToken_152 PatternToken_080,Category_H,S238|S080|S234|S032
IT00581,TopicToken_00581 ProcessToken_027 PatternToken_083,Category_R,S233|S076
IT00582,TopicToken_00582 ProcessToken_110 PatternToken_059,Category_G,S239|S160|S047
IT00583,TopicToken_00583 ProcessToken_060 PatternToken_025,Category_O,S211|S137
IT00584,TopicToken_00584 ProcessToken_143 PatternToken_064,Category_A,S238|S128|S048|S153|S083
IT00585,TopicToken_00585 ProcessToken_039 PatternToken_053,Category_J,S118|S023|S062
IT00586,TopicToken_00586 ProcessToken_113 PatternToken_087,Category_A,S095|S051|S141
IT00587,TopicToken_00587 ProcessToken_005 PatternToken_093,Category_S,S032|S177|S071|S202|S041
IT00588,TopicToken_00588 ProcessToken_127 PatternToken_035,Category_N,S168|S119
IT00589,TopicToken_00589 ProcessToken_021 PatternToken_067,Category_R,S013|S105|S178
IT00590,TopicToken_00590 ProcessToken_029 PatternToken_066,Category_L,S053|S038
IT00591,TopicToken_00591 ProcessToken_104 PatternToken_011,Category_S,S187|S070|S034|S042|S231
IT00592,TopicToken_00592 ProcessToken_042 PatternToken_029,Category_J,S035|S199|S031|S193|S005
IT00593,TopicToken_00593 ProcessToken_026 PatternToken_045,Category_L,S089|S130
IT00594,TopicToken_00594 ProcessToken_128 PatternToken_081,Category_K,S080|S088
IT00595,TopicToken_00595 ProcessToken_134 PatternToken_004,Category_R,S089|S238|S165|S136
IT00596,TopicToken_00596 ProcessToken_044 PatternToken_012,Category_Q,S096|S171
IT00597,TopicToken_00597 ProcessToken_099 PatternToken_074,Category_D,S104|S151|S077|S201|S073
IT00598,TopicToken_00598 ProcessToken_089 PatternToken_048,Category_K,S171|S016
IT00599,TopicToken_00599 ProcessToken_016 PatternToken_082,Category_R,S118|S160|S052
IT00600,TopicToken_00600 ProcessToken_058 PatternToken_046,Category_O,S229|S162|S067|S155
IT00601,TopicToken_00601 ProcessToken_108 PatternToken_070,Category_K,S218|S019|S215
IT00602,TopicToken_00602 ProcessToken_070 PatternToken_021,Category_D,S005|S173|S164|S014|S137
IT00603,TopicToken_00603 ProcessToken_077 PatternToken_100,Category_E,S222|S239|S024|S017
IT00604,TopicToken_00604 ProcessToken_110 PatternToken_049,Category_C,S085|S111|S041|S076
IT00605,TopicToken_00605 ProcessToken_158 PatternToken_070,Category_J,S078|S063|S128|S140
IT00606,TopicToken_00606 ProcessToken_100 PatternToken_028,Category_N,S189|S020|S239|S051
IT00607,TopicToken_00607 ProcessToken_079 PatternToken_065,Category_A,S127|S153|S060
IT00608,TopicToken_00608 ProcessToken_001 PatternToken_002,Category_H,S061|S116|S008|S073
IT00609,TopicToken_00609 ProcessToken_085 PatternToken_043,Category_T,S085|S235|S148
IT00610,TopicToken_00610 ProcessToken_029 PatternToken_014,Category_O,S049|S128|S005|S195
IT00611,TopicToken_00611 ProcessToken_118 PatternToken_024,Category_Q,S201|S182|S034
IT00612,TopicToken_00612 ProcessToken_198 PatternToken_094,Category_L,S194|S214|S036|S157|S127
IT00613,TopicToken_00613 ProcessToken_197 PatternToken_061,Category_O,S124|S033|S059|S006|S084
IT00614,TopicToken_00614 ProcessToken_036 PatternToken_027,Category_E,S043|S113
IT00615,TopicToken_00615 ProcessToken_072 PatternToken_095,Category_K,S031|S047
IT00616,TopicToken_00616 ProcessToken_175 PatternToken_010,Category_D,S042|S056
IT00617,TopicToken_00617 ProcessToken_172 PatternToken_037,Category_K,S196|S066|S165|S126|S197
IT00618,TopicToken_00618 ProcessToken_047 PatternToken_089,Category_N,S124|S062|S036|S211
IT00619,TopicToken_00619 ProcessToken_014 PatternToken_057,Category_T,S123|S212|S209|S087|S194
IT00620,TopicToken_00620 ProcessToken_104 PatternToken_094,Category_C,S062|S238
IT00621,TopicToken_00621 ProcessToken_131 PatternToken_027,Category_L,S212|S152|S054|S139|S158
IT00622,TopicToken_00622 ProcessToken_038 PatternToken_060,Category_F,S159|S021|S088
IT00623,TopicToken_00623 ProcessToken_126 PatternToken_052,Category_R,S209|S155|S098|S078
IT00624,TopicToken_00624 ProcessToken_015 PatternToken_089,Category_L,S196|S104|S129|S190|S164
IT00625,TopicToken_00625 ProcessToken_177 PatternToken_043,Category_R,S002|S104|S040|S063
IT00626,TopicToken_00626 ProcessToken_059 PatternToken_033,Category_G,S167|S227
IT00627,TopicToken_00627 ProcessToken_160 PatternToken_097,Category_J,S232|S057|S180|S076|S240
IT00628,TopicToken_00628 ProcessToken_029 PatternToken_088,Category_O,S119|S049
IT00629,TopicToken_00629 ProcessToken_186 PatternToken_069,Category_N,S205|S105
IT00630,TopicToken_00630 ProcessToken_019 PatternToken_068,Category_D,S013|S097|S064|S114
IT00631,TopicToken_00631 ProcessToken_101 PatternToken_038,Category_R,S074|S022|S089|S047|S144
IT00632,TopicToken_00632 ProcessToken_152 PatternToken_100,Category_J,S204|S205|S006|S096|S208
IT00633,TopicToken_00633 ProcessToken_149 PatternToken_009,Category_J,S042|S093|S060|S067|S162
IT00634,TopicToken_00634 ProcessToken_110 PatternToken_091,Category_L,S002|S157|S060
IT00635,TopicToken_00635 ProcessToken_087 PatternToken_050,Category_G,S092|S114|S038
IT00636,TopicToken_00636 ProcessToken_184 PatternToken_027,Category_D,S076|S071|S238|S022|S231
IT00637,TopicToken_00637 ProcessToken_104 PatternToken_099,Category_Q,S079|S204|S068|S100|S082
IT00638,TopicToken_00638 ProcessToken_033 PatternToken_057,Category_A,S108|S080|S126|S087|S228
IT00639,TopicToken_00639 ProcessToken_076 PatternToken_065,Category_D,S063|S130|S032|S067|S125
IT00640,TopicToken_00640 ProcessToken_173 PatternToken_034,Category_E,S132|S215
IT00641,TopicToken_00641 ProcessToken_151 PatternToken_099,Category_A,S108|S083|S042
IT00642,TopicToken_00642 ProcessToken_046 PatternToken_087,Category_C,S098|S094
IT00643,TopicToken_00643 ProcessToken_141 PatternToken_090,Category_C,S205|S079|S005|S169|S099
IT00644,TopicToken_00644 ProcessToken_069 PatternToken_063,Category_I,S137|S061|S128
IT00645,TopicToken_00645 ProcessToken_052 PatternToken_076,Category_D,S185|S019|S100
IT00646,TopicToken_00646 ProcessToken_198 PatternToken_066,Category_N,S132|S124|S048
IT00647,TopicToken_00647 ProcessToken_188 PatternToken_032,Category_B,S119|S161|S164|S098|S120
IT00648,TopicToken_00648 ProcessToken_172 PatternToken_051,Category_F,S201|S097|S046|S071|S030
IT00649,TopicToken_00649 ProcessToken_085 PatternToken_030,Category_N,S163|S029
IT00650,TopicToken_00650 ProcessToken_028 PatternToken_087,Category_J,S080|S140|S174|S221
IT00651,TopicToken_00651 ProcessToken_127 PatternToken_019,Category_I,S089|S002|S006|S218|S225
IT00652,TopicToken_00652 ProcessToken_056 PatternToken_079,Category_J,S196|S085
IT00653,TopicToken_00653 ProcessToken_026 PatternToken_037,Category_S,S050|S096|S207
IT00654,TopicToken_00654 ProcessToken_175 PatternToken_069,Category_S,S136|S033|S030
IT00655,TopicToken_00655 ProcessToken_192 PatternToken_051,Category_D,S198|S006|S041|S030|S239
IT00656,TopicToken_00656 ProcessToken_087 PatternToken_046,Category_M,S014|S073|S190
IT00657,TopicToken_00657 ProcessToken_073 PatternToken_005,Category_G,S230|S053|S003
IT00658,TopicToken_00658 ProcessToken_029 PatternToken_033,Category_L,S118|S179|S228|S003|S010
IT00659,TopicToken_00659 ProcessToken_068 PatternToken_036,Category_N,S015|S055|S177
IT00660,TopicToken_00660 ProcessToken_136 PatternToken_046,Category_Q,S213|S197|S048|S190
IT00661,TopicToken_00661 ProcessToken_061 PatternToken_008,Category_B,S075|S093|S175
IT00662,TopicToken_00662 ProcessToken_105 PatternToken_037,Category_B,S025|S040|S161|S173
IT00663,TopicToken_00663 ProcessToken_164 PatternToken_026,Category_N,S044|S217|S141|S061|S224
IT00664,TopicToken_00664 ProcessToken_171 PatternToken_005,Category_S,S041|S226
IT00665,TopicToken_00665 ProcessToken_062 PatternToken_065,Category_D,S003|S203|S179|S197
IT00666,TopicToken_00666 ProcessToken_043 PatternToken_071,Category_J,S067|S230|S158|S183|S041
IT00667,TopicToken_00667 ProcessToken_185 PatternToken_034,Category_I,S051|S237
IT00668,TopicToken_00668 ProcessToken_087 PatternToken_063,Category_L,S069|S136|S220
IT00669,TopicToken_00669 ProcessToken_101 PatternToken_056,Category_P,S138|S173
IT00670,TopicToken_00670 ProcessToken_173 PatternToken_082,Category_O,S133|S114
IT00671,TopicToken_00671 ProcessToken_088 PatternToken_017,Category_G,S033|S239|S025|S138
IT00672,TopicToken_00672 ProcessToken_084 PatternToken_095,Category_P,S053|S167|S122|S134
IT00673,TopicToken_00673 ProcessToken_124 PatternToken_023,Category_T,S059|S175
IT00674,TopicToken_00674 ProcessToken_171 PatternToken_074,Category_J,S052|S207|S077|S140|S159
IT00675,TopicToken_00675 ProcessToken_121 PatternToken_099,Category_M,S068|S109
IT00676,TopicToken_00676 ProcessToken_041 PatternToken_074,Category_M,S213|S215
IT00677,TopicToken_00677 ProcessToken_150 PatternToken_048,Category_L,S159|S090|S201|S008
IT00678,TopicToken_00678 ProcessToken_194 PatternToken_082,Category_C,S189|S170|S239|S223|S095
IT00679,TopicToken_00679 ProcessToken_136 PatternToken_014,Category_O,S023|S033|S063|S174
IT00680,TopicToken_00680 ProcessToken_128 PatternToken_001,Category_A,S155|S052
IT00681,TopicToken_00681 ProcessToken_167 PatternToken_024,Category_A,S085|S230|S054
IT00682,TopicToken_00682 ProcessToken_015 PatternToken_025,Category_M,S074|S172
IT00683,TopicToken_00683 ProcessToken_142 PatternToken_012,Category_T,S052|S205
IT00684,TopicToken_00684 ProcessToken_012 PatternToken_008,Category_L,S048|S135|S152
IT00685,TopicToken_00685 ProcessToken_137 PatternToken_099,Category_G,S056|S059|S067|S084
IT00686,TopicToken_00686 ProcessToken_123 PatternToken_032,Category_E,S174|S036|S058
IT00687,TopicToken_00687 ProcessToken_010 PatternToken_007,Category_H,S116|S076|S087|S097|S174
IT00688,TopicToken_00688 ProcessToken_168 PatternToken_084,Category_Q,S187|S090
IT00689,TopicToken_00689 ProcessToken_199 PatternToken_026,Category_M,S168|S005|S012|S001
IT00690,TopicToken_00690 ProcessToken_117 PatternToken_068,Category_L,S080|S225
IT00691,TopicToken_00691 ProcessToken_098 PatternToken_014,Category_H,S144|S135|S220
IT00692,TopicToken_00692 ProcessToken_118 PatternToken_049,Category_D,S220|S152|S047|S006|S013
IT00693,TopicToken_00693 ProcessToken_048 PatternToken_057,Category_K,S072|S211|S094
IT00694,TopicToken_00694 ProcessToken_035 PatternToken_005,Category_P,S178|S120|S046
IT00695,TopicToken_00695 ProcessToken_155 PatternToken_019,Category_R,S053|S170|S067|S077
IT00696,TopicToken_00696 ProcessToken_095 PatternToken_061,Category_L,S170|S140|S198|S164|S092
IT00697,TopicToken_00697 ProcessToken_157 PatternToken_028,Category_J,S165|S078
IT00698,TopicToken_00698 ProcessToken_047 PatternToken_074,Category_S,S169|S064
IT00699,TopicToken_00699 ProcessToken_062 PatternToken_011,Category_M,S187|S109|S171|S086|S130
IT00700,TopicToken_00700 ProcessToken_126 PatternToken_028,Category_G,S143|S064|S181|S100
IT00701,TopicToken_00701 ProcessToken_162 PatternToken_015,Category_B,S050|S088|S120
IT00702,TopicToken_00702 ProcessToken_157 PatternToken_045,Category_L,S093|S214|S072|S014|S145
IT00703,TopicToken_00703 ProcessToken_147 PatternToken_067,Category_T,S207|S066|S124|S127
IT00704,TopicToken_00704 ProcessToken_159 PatternToken_025,Category_M,S054|S008|S105|S080
IT00705,TopicToken_00705 ProcessToken_115 PatternToken_080,Category_A,S040|S024|S214|S161
IT00706,TopicToken_00706 ProcessToken_085 PatternToken_040,Category_M,S136|S104|S124
IT00707,TopicToken_00707 ProcessToken_155 PatternToken_048,Category_C,S013|S067|S151
IT00708,TopicToken_00708 ProcessToken_181 PatternToken_077,Category_O,S044|S237|S042|S120|S017
IT00709,TopicToken_00709 ProcessToken_045 PatternToken_044,Category_D,S037|S200|S170|S196|S027
IT00710,TopicToken_00710 ProcessToken_106 PatternToken_064,Category_K,S081|S115|S048|S059
IT00711,TopicToken_00711 ProcessToken_167 PatternToken_022,Category_B,S016|S213
IT00712,TopicToken_00712 ProcessToken_196 PatternToken_092,Category_G,S104|S164|S133|S095
IT00713,TopicToken_00713 ProcessToken_176 PatternToken_065,Category_H,S094|S167
IT00714,TopicToken_00714 ProcessToken_166 PatternToken_018,Category_D,S172|S230
IT00715,TopicToken_00715 ProcessToken_024 PatternToken_009,Category_A,S073|S203|S117|S162
IT00716,TopicToken_00716 ProcessToken_057 PatternToken_025,Category_B,S130|S060|S088
IT00717,TopicToken_00717 ProcessToken_071 PatternToken_099,Category_G,S217|S126|S017
IT00718,TopicToken_00718 ProcessToken_030 PatternToken_039,Category_I,S157|S042|S083
IT00719,TopicToken_00719 ProcessToken_059 PatternToken_093,Category_I,S237|S212|S153
IT00720,TopicToken_00720 ProcessToken_142 PatternToken_084,Category_C,S014|S107|S222|S162
IT00721,TopicToken_00721 ProcessToken_116 PatternToken_057,Category_I,S066|S049
IT00722,TopicToken_00722 ProcessToken_156 PatternToken_090,Category_R,S174|S045|S117|S103
IT00723,TopicToken_00723 ProcessToken_174 PatternToken_056,Category_J,S189|S140|S178|S224
IT00724,TopicToken_00724 ProcessToken_117 PatternToken_098,Category_B,S112|S066
IT00725,TopicToken_00725 ProcessToken_188 PatternToken_059,Category_J,S107|S225|S197|S030|S025
IT00726,TopicToken_00726 ProcessToken_111 PatternToken_036,Category_T,S028|S090
IT00727,TopicToken_00727 ProcessToken_157 PatternToken_014,Category_B,S169|S166
IT00728,TopicToken_00728 ProcessToken_094 PatternToken_013,Category_D,S020|S127|S095
IT00729,TopicToken_00729 ProcessToken_107 PatternToken_011,Category_O,S222|S071|S086
IT00730,TopicToken_00730 ProcessToken_138 PatternToken_098,Category_S,S159|S098|S221|S022|S121
IT00731,TopicToken_00731 ProcessToken_005 PatternToken_073,Category_K,S133|S230|S113|S121|S033
IT00732,TopicToken_00732 ProcessToken_106 PatternToken_087,Category_K,S181|S073|S038|S143
IT00733,TopicToken_00733 ProcessToken_178 PatternToken_088,Category_K,S113|S139|S179|S235
IT00734,TopicToken_00734 ProcessToken_009 PatternToken_049,Category_E,S200|S176|S107
IT00735,TopicToken_00735 ProcessToken_199 PatternToken_062,Category_L,S098|S218
IT00736,TopicToken_00736 ProcessToken_046 PatternToken_041,Category_Q,S146|S101|S174|S073|S222
IT00737,TopicToken_00737 ProcessToken_036 PatternToken_043,Category_P,S190|S090|S023
IT00738,TopicToken_00738 ProcessToken_186 PatternToken_084,Category_E,S203|S229|S033
IT00739,TopicToken_00739 ProcessToken_169 PatternToken_020,Category_F,S089|S002
IT00740,TopicToken_00740 ProcessToken_108 PatternToken_029,Category_N,S189|S135
IT00741,TopicToken_00741 ProcessToken_199 PatternToken_059,Category_R,S122|S060|S025|S011
IT00742,TopicToken_00742 ProcessToken_070 PatternToken_005,Category_T,S211|S149
IT00743,TopicToken_00743 ProcessToken_038 PatternToken_056,Category_F,S110|S154|S078
IT00744,TopicToken_00744 ProcessToken_118 PatternToken_022,Category_C,S105|S053|S017|S036
IT00745,TopicToken_00745 ProcessToken_121 PatternToken_088,Category_Q,S099|S189|S118|S116|S167
IT00746,TopicToken_00746 ProcessToken_174 PatternToken_088,Category_H,S039|S025|S035|S238|S197
IT00747,TopicToken_00747 ProcessToken_132 PatternToken_016,Category_G,S225|S129|S116|S005
IT00748,TopicToken_00748 ProcessToken_043 PatternToken_098,Category_T,S191|S193|S145|S152|S002
IT00749,TopicToken_00749 ProcessToken_079 PatternToken_087,Category_J,S210|S026
IT00750,TopicToken_00750 ProcessToken_161 PatternToken_095,Category_O,S139|S086|S024|S224|S102
IT00751,TopicToken_00751 ProcessToken_097 PatternToken_061,Category_C,S191|S115|S208|S205
IT00752,TopicToken_00752 ProcessToken_095 PatternToken_021,Category_N,S191|S108|S042
IT00753,TopicToken_00753 ProcessToken_042 PatternToken_022,Category_N,S218|S103|S093
IT00754,TopicToken_00754 ProcessToken_075 PatternToken_044,Category_M,S020|S070|S078|S209
IT00755,TopicToken_00755 ProcessToken_175 PatternToken_050,Category_R,S004|S194|S180|S099|S079
IT00756,TopicToken_00756 ProcessToken_073 PatternToken_091,Category_F,S132|S073
IT00757,TopicToken_00757 ProcessToken_184 PatternToken_098,Category_C,S187|S229|S009
IT00758,TopicToken_00758 ProcessToken_070 PatternToken_013,Category_H,S048|S105|S089|S186
IT00759,TopicToken_00759 ProcessToken_015 PatternToken_058,Category_S,S172|S060|S229|S059|S077
IT00760,TopicToken_00760 ProcessToken_078 PatternToken_010,Category_G,S031|S179
IT00761,TopicToken_00761 ProcessToken_056 PatternToken_040,Category_P,S183|S026|S106|S170
IT00762,TopicToken_00762 ProcessToken_071 PatternToken_008,Category_F,S163|S225
IT00763,TopicToken_00763 ProcessToken_055 PatternToken_055,Category_H,S008|S089|S096|S066|S195
IT00764,TopicToken_00764 ProcessToken_157 PatternToken_017,Category_R,S216|S070
IT00765,TopicToken_00765 ProcessToken_052 PatternToken_053,Category_J,S026|S010|S113
IT00766,TopicToken_00766 ProcessToken_010 PatternToken_050,Category_T,S047|S161
IT00767,TopicToken_00767 ProcessToken_170 PatternToken_049,Category_E,S025|S002|S014|S158
IT00768,TopicToken_00768 ProcessToken_103 PatternToken_051,Category_I,S107|S092|S191|S088
IT00769,TopicToken_00769 ProcessToken_056 PatternToken_045,Category_H,S056|S211|S139|S083|S055
IT00770,TopicToken_00770 ProcessToken_006 PatternToken_089,Category_O,S216|S202|S058|S018
IT00771,TopicToken_00771 ProcessToken_051 PatternToken_092,Category_R,S067|S161|S101|S083|S146
IT00772,TopicToken_00772 ProcessToken_050 PatternToken_046,Category_B,S161|S234|S157|S023|S091
IT00773,TopicToken_00773 ProcessToken_178 PatternToken_087,Category_B,S192|S097|S205
IT00774,TopicToken_00774 ProcessToken_175 PatternToken_040,Category_A,S205|S065|S146|S123
IT00775,TopicToken_00775 ProcessToken_013 PatternToken_024,Category_I,S073|S021|S018|S121
IT00776,TopicToken_00776 ProcessToken_018 PatternToken_072,Category_G,S097|S140
IT00777,TopicToken_00777 ProcessToken_171 PatternToken_017,Category_N,S012|S050|S151
IT00778,TopicToken_00778 ProcessToken_112 PatternToken_047,Category_M,S183|S073|S037
IT00779,TopicToken_00779 ProcessToken_083 PatternToken_031,Category_T,S160|S119|S236
IT00780,TopicToken_00780 ProcessToken_182 PatternToken_070,Category_A,S167|S180|S173
IT00781,TopicToken_00781 ProcessToken_175 PatternToken_059,Category_S,S234|S036
IT00782,TopicToken_00782 ProcessToken_053 PatternToken_028,Category_C,S237|S106
IT00783,TopicToken_00783 ProcessToken_133 PatternToken_058,Category_R,S130|S090|S030|S069|S197
IT00784,TopicToken_00784 ProcessToken_195 PatternToken_023,Category_B,S215|S034
IT00785,TopicToken_00785 ProcessToken_143 PatternToken_068,Category_T,S148|S161|S062
IT00786,TopicToken_00786 ProcessToken_058 PatternToken_019,Category_N,S070|S233
IT00787,TopicToken_00787 ProcessToken_149 PatternToken_079,Category_D,S203|S090
IT00788,TopicToken_00788 ProcessToken_162 PatternToken_079,Category_H,S078|S093|S152|S058
IT00789,TopicToken_00789 ProcessToken_143 PatternToken_051,Category_I,S035|S230|S113
IT00790,TopicToken_00790 ProcessToken_200 PatternToken_080,Category_E,S068|S097|S222|S204|S232
IT00791,TopicToken_00791 ProcessToken_031 PatternToken_099,Category_Q,S182|S041
IT00792,TopicToken_00792 ProcessToken_132 PatternToken_046,Category_Q,S014|S070
IT00793,TopicToken_00793 ProcessToken_186 PatternToken_046,Category_L,S137|S059|S239|S092|S020
IT00794,TopicToken_00794 ProcessToken_032 PatternToken_052,Category_R,S185|S117|S206|S209
IT00795,TopicToken_00795 ProcessToken_148 PatternToken_040,Category_E,S023|S090
IT00796,TopicToken_00796 ProcessToken_016 PatternToken_055,Category_M,S201|S132|S092
IT00797,TopicToken_00797 ProcessToken_086 PatternToken_096,Category_A,S232|S129|S029|S133|S180
IT00798,TopicToken_00798 ProcessToken_153 PatternToken_013,Category_H,S038|S219|S105|S036|S196
IT00799,TopicToken_00799 ProcessToken_109 PatternToken_076,Category_C,S011|S173
IT00800,TopicToken_00800 ProcessToken_144 PatternToken_059,Category_P,S207|S176|S016|S178|S208
IT00801,TopicToken_00801 ProcessToken_193 PatternToken_045,Category_B,S080|S003
IT00802,TopicToken_00802 ProcessToken_014 PatternToken_094,Category_N,S218|S186|S196|S167
IT00803,TopicToken_00803 ProcessToken_146 PatternToken_020,Category_E,S240|S026
IT00804,TopicToken_00804 ProcessToken_047 PatternToken_068,Category_K,S014|S123|S115|S042
IT00805,TopicToken_00805 ProcessToken_063 PatternToken_042,Category_K,S090|S144|S188
IT00806,TopicToken_00806 ProcessToken_103 PatternToken_014,Category_C,S066|S082|S126|S217
IT00807,TopicToken_00807 ProcessToken_018 PatternToken_049,Category_H,S239|S181|S211
IT00808,TopicToken_00808 ProcessToken_096 PatternToken_064,Category_K,S105|S015|S156
IT00809,TopicToken_00809 ProcessToken_200 PatternToken_059,Category_S,S111|S139|S125|S132
IT00810,TopicToken_00810 ProcessToken_018 PatternToken_015,Category_G,S200|S016
IT00811,TopicToken_00811 ProcessToken_075 PatternToken_086,Category_H,S006|S200|S156|S191
IT00812,TopicToken_00812 ProcessToken_189 PatternToken_038,Category_S,S035|S208|S164|S002|S171
IT00813,TopicToken_00813 ProcessToken_047 PatternToken_090,Category_B,S022|S144|S090|S051
IT00814,TopicToken_00814 ProcessToken_062 PatternToken_050,Category_J,S034|S169
IT00815,TopicToken_00815 ProcessToken_164 PatternToken_034,Category_Q,S166|S128|S073|S234
IT00816,TopicToken_00816 ProcessToken_084 PatternToken_065,Category_L,S166|S188|S012|S004
IT00817,TopicToken_00817 ProcessToken_038 PatternToken_090,Category_T,S228|S149|S167|S005
IT00818,TopicToken_00818 ProcessToken_060 PatternToken_004,Category_O,S066|S205|S102|S164|S055
IT00819,TopicToken_00819 ProcessToken_025 PatternToken_005,Category_M,S016|S196
IT00820,TopicToken_00820 ProcessToken_184 PatternToken_056,Category_H,S169|S027
IT00821,TopicToken_00821 ProcessToken_068 PatternToken_072,Category_I,S210|S012
IT00822,TopicToken_00822 ProcessToken_034 PatternToken_081,Category_I,S229|S191|S114
IT00823,TopicToken_00823 ProcessToken_016 PatternToken_002,Category_F,S069|S210|S103
IT00824,TopicToken_00824 ProcessToken_145 PatternToken_054,Category_G,S140|S117|S046|S075
IT00825,TopicToken_00825 ProcessToken_166 PatternToken_061,Category_H,S144|S081|S039|S044|S232
IT00826,TopicToken_00826 ProcessToken_130 PatternToken_038,Category_D,S195|S012|S230
IT00827,TopicToken_00827 ProcessToken_156 PatternToken_012,Category_N,S145|S065|S211|S002
IT00828,TopicToken_00828 ProcessToken_149 PatternToken_045,Category_L,S005|S068|S047|S015
IT00829,TopicToken_00829 ProcessToken_158 PatternToken_092,Category_F,S046|S218|S222|S184|S063
IT00830,TopicToken_00830 ProcessToken_122 PatternToken_095,Category_G,S045|S208|S063|S177|S124
IT00831,TopicToken_00831 ProcessToken_082 PatternToken_003,Category_G,S191|S211
IT00832,TopicToken_00832 ProcessToken_200 PatternToken_086,Category_F,S083|S006|S033|S169|S095
IT00833,TopicToken_00833 ProcessToken_179 PatternToken_007,Category_T,S013|S014|S085
IT00834,TopicToken_00834 ProcessToken_109 PatternToken_028,Category_Q,S239|S111|S141
IT00835,TopicToken_00835 ProcessToken_018 PatternToken_014,Category_N,S122|S237|S002|S070
IT00836,TopicToken_00836 ProcessToken_096 PatternToken_050,Category_M,S106|S045|S001|S010
IT00837,TopicToken_00837 ProcessToken_072 PatternToken_072,Category_N,S017|S139|S131|S236
IT00838,TopicToken_00838 ProcessToken_157 PatternToken_067,Category_O,S224|S181|S103
IT00839,TopicToken_00839 ProcessToken_137 PatternToken_026,Category_K,S129|S212|S036|S089|S182
IT00840,TopicToken_00840 ProcessToken_113 PatternToken_093,Category_G,S209|S033|S123|S046|S074
IT00841,TopicToken_00841 ProcessToken_131 PatternToken_056,Category_C,S005|S128
IT00842,TopicToken_00842 ProcessToken_058 PatternToken_044,Category_Q,S115|S049|S170|S175
IT00843,TopicToken_00843 ProcessToken_061 PatternToken_006,Category_L,S047|S195|S197
IT00844,TopicToken_00844 ProcessToken_074 PatternToken_041,Category_M,S005|S220|S109|S189
IT00845,TopicToken_00845 ProcessToken_116 PatternToken_040,Category_G,S140|S171|S218
IT00846,TopicToken_00846 ProcessToken_154 PatternToken_078,Category_A,S051|S147
IT00847,TopicToken_00847 ProcessToken_055 PatternToken_064,Category_I,S037|S137|S106
IT00848,TopicToken_00848 ProcessToken_001 PatternToken_076,Category_L,S055|S012|S135|S127|S123
IT00849,TopicToken_00849 ProcessToken_125 PatternToken_033,Category_A,S186|S019|S044
IT00850,TopicToken_00850 ProcessToken_043 PatternToken_076,Category_H,S234|S032|S189|S044|S163
IT00851,TopicToken_00851 ProcessToken_178 PatternToken_045,Category_S,S130|S132|S027|S176|S007
IT00852,TopicToken_00852 ProcessToken_032 PatternToken_069,Category_O,S006|S152
IT00853,TopicToken_00853 ProcessToken_128 PatternToken_022,Category_H,S164|S042|S191|S154
IT00854,TopicToken_00854 ProcessToken_087 PatternToken_093,Category_M,S058|S107|S177|S062|S060
IT00855,TopicToken_00855 ProcessToken_018 PatternToken_018,Category_A,S224|S175|S221
IT00856,TopicToken_00856 ProcessToken_008 PatternToken_028,Category_A,S185|S193|S233
IT00857,TopicToken_00857 ProcessToken_139 PatternToken_013,Category_K,S164|S196
IT00858,TopicToken_00858 ProcessToken_062 PatternToken_016,Category_T,S142|S176|S007|S221|S106
IT00859,TopicToken_00859 ProcessToken_009 PatternToken_009,Category_B,S199|S202|S063|S065|S077
IT00860,TopicToken_00860 ProcessToken_181 PatternToken_063,Category_O,S074|S043|S233
IT00861,TopicToken_00861 ProcessToken_113 PatternToken_050,Category_A,S033|S089|S165|S193
IT00862,TopicToken_00862 ProcessToken_161 PatternToken_080,Category_M,S240|S047|S135
IT00863,TopicToken_00863 ProcessToken_137 PatternToken_017,Category_B,S007|S211|S239|S212|S003
IT00864,TopicToken_00864 ProcessToken_067 PatternToken_086,Category_B,S090|S076|S014
IT00865,TopicToken_00865 ProcessToken_165 PatternToken_091,Category_H,S158|S043
IT00866,TopicToken_00866 ProcessToken_006 PatternToken_049,Category_I,S137|S232
IT00867,TopicToken_00867 ProcessToken_011 PatternToken_017,Category_B,S021|S083|S211|S028
IT00868,TopicToken_00868 ProcessToken_188 PatternToken_036,Category_G,S178|S154|S079|S032|S223
IT00869,TopicToken_00869 ProcessToken_133 PatternToken_037,Category_K,S042|S080|S066|S006
IT00870,TopicToken_00870 ProcessToken_001 PatternToken_100,Category_A,S224|S029
IT00871,TopicToken_00871 ProcessToken_053 PatternToken_038,Category_K,S188|S225|S201|S187|S090
IT00872,TopicToken_00872 ProcessToken_195 PatternToken_076,Category_H,S164|S234|S045|S093
IT00873,TopicToken_00873 ProcessToken_080 PatternToken_043,Category_F,S048|S088|S083|S047|S091
IT00874,TopicToken_00874 ProcessToken_122 PatternToken_010,Category_S,S141|S180|S159|S069|S119
IT00875,TopicToken_00875 ProcessToken_177 PatternToken_039,Category_E,S189|S038|S007|S128|S219
IT00876,TopicToken_00876 ProcessToken_043 PatternToken_069,Category_K,S192|S236|S133|S190
IT00877,TopicToken_00877 ProcessToken_030 PatternToken_012,Category_F,S156|S035
IT00878,TopicToken_00878 ProcessToken_188 PatternToken_042,Category_P,S005|S166|S053|S025
IT00879,TopicToken_00879 ProcessToken_178 PatternToken_032,Category_B,S141|S018|S137
IT00880,TopicToken_00880 ProcessToken_034 PatternToken_005,Category_F,S147|S114|S233|S101|S134
IT00881,TopicToken_00881 ProcessToken_037 PatternToken_074,Category_A,S226|S186|S016|S202
IT00882,TopicToken_00882 ProcessToken_044 PatternToken_039,Category_I,S234|S161|S154|S146
IT00883,TopicToken_00883 ProcessToken_164 PatternToken_026,Category_G,S166|S098|S032|S050|S145
IT00884,TopicToken_00884 ProcessToken_026 PatternToken_055,Category_Q,S145|S071|S139
IT00885,TopicToken_00885 ProcessToken_103 PatternToken_014,Category_P,S206|S091
IT00886,TopicToken_00886 ProcessToken_129 PatternToken_081,Category_K,S163|S038|S228|S130
IT00887,TopicToken_00887 ProcessToken_148 PatternToken_080,Category_L,S176|S016|S219|S149|S222
IT00888,TopicToken_00888 ProcessToken_034 PatternToken_007,Category_J,S104|S098|S218|S121|S153
IT00889,TopicToken_00889 ProcessToken_099 PatternToken_057,Category_G,S085|S029|S229|S044|S172
IT00890,TopicToken_00890 ProcessToken_165 PatternToken_045,Category_D,S142|S134|S072
IT00891,TopicToken_00891 ProcessToken_174 PatternToken_096,Category_M,S161|S229
IT00892,TopicToken_00892 ProcessToken_145 PatternToken_001,Category_T,S150|S093
IT00893,TopicToken_00893 ProcessToken_104 PatternToken_031,Category_H,S025|S021
IT00894,TopicToken_00894 ProcessToken_053 PatternToken_002,Category_K,S060|S079|S098|S053|S051
IT00895,TopicToken_00895 ProcessToken_115 PatternToken_034,Category_G,S236|S095|S008|S065
IT00896,TopicToken_00896 ProcessToken_131 PatternToken_077,Category_F,S027|S022|S176|S070|S016
IT00897,TopicToken_00897 ProcessToken_155 PatternToken_098,Category_P,S075|S124|S213|S227|S048
IT00898,TopicToken_00898 ProcessToken_026 PatternToken_007,Category_S,S185|S196
IT00899,TopicToken_00899 ProcessToken_130 PatternToken_069,Category_T,S157|S140|S117|S012
IT00900,TopicToken_00900 ProcessToken_194 PatternToken_022,Category_L,S087|S020|S127|S019
IT00901,TopicToken_00901 ProcessToken_157 PatternToken_040,Category_F,S132|S077|S038
IT00902,TopicToken_00902 ProcessToken_001 PatternToken_021,Category_F,S128|S148|S048
IT00903,TopicToken_00903 ProcessToken_141 PatternToken_005,Category_M,S053|S011
IT00904,TopicToken_00904 ProcessToken_137 PatternToken_016,Category_F,S082|S026|S158
IT00905,TopicToken_00905 ProcessToken_016 PatternToken_009,Category_K,S178|S107|S154|S080
IT00906,TopicToken_00906 ProcessToken_046 PatternToken_024,Category_O,S169|S084|S177|S065|S165
IT00907,TopicToken_00907 ProcessToken_198 PatternToken_026,Category_D,S102|S082|S052|S226|S198
IT00908,TopicToken_00908 ProcessToken_159 PatternToken_055,Category_Q,S037|S010|S193
IT00909,TopicToken_00909 ProcessToken_101 PatternToken_025,Category_F,S012|S177|S213|S032
IT00910,TopicToken_00910 ProcessToken_008 PatternToken_096,Category_G,S240|S134|S158
IT00911,TopicToken_00911 ProcessToken_145 PatternToken_097,Category_R,S193|S158|S145
IT00912,TopicToken_00912 ProcessToken_141 PatternToken_022,Category_N,S223|S046|S140
IT00913,TopicToken_00913 ProcessToken_197 PatternToken_068,Category_G,S170|S064|S181
IT00914,TopicToken_00914 ProcessToken_118 PatternToken_006,Category_Q,S211|S066|S137|S078|S080
IT00915,TopicToken_00915 ProcessToken_020 PatternToken_088,Category_N,S106|S143
IT00916,TopicToken_00916 ProcessToken_196 PatternToken_012,Category_C,S158|S184|S164|S171
IT00917,TopicToken_00917 ProcessToken_021 PatternToken_068,Category_N,S213|S195|S105
IT00918,TopicToken_00918 ProcessToken_122 PatternToken_084,Category_J,S049|S107|S199|S153|S114
IT00919,TopicToken_00919 ProcessToken_177 PatternToken_066,Category_O,S084|S194|S222|S216|S004
IT00920,TopicToken_00920 ProcessToken_101 PatternToken_092,Category_G,S047|S119|S097|S046|S226
IT00921,TopicToken_00921 ProcessToken_022 PatternToken_099,Category_P,S214|S082|S231|S083|S171
IT00922,TopicToken_00922 ProcessToken_153 PatternToken_072,Category_K,S195|S006|S024|S095|S153
IT00923,TopicToken_00923 ProcessToken_093 PatternToken_017,Category_I,S043|S202|S225|S058
IT00924,TopicToken_00924 ProcessToken_051 PatternToken_021,Category_B,S135|S120|S099|S100
IT00925,TopicToken_00925 ProcessToken_148 PatternToken_038,Category_N,S087|S119|S098|S026|S232
IT00926,TopicToken_00926 ProcessToken_162 PatternToken_058,Category_T,S009|S031|S044|S051
IT00927,TopicToken_00927 ProcessToken_097 PatternToken_025,Category_O,S134|S220
IT00928,TopicToken_00928 ProcessToken_149 PatternToken_085,Category_J,S065|S110
IT00929,TopicToken_00929 ProcessToken_156 PatternToken_087,Category_A,S098|S019|S107
IT00930,TopicToken_00930 ProcessToken_013 PatternToken_070,Category_L,S111|S089|S196|S062
IT00931,TopicToken_00931 ProcessToken_095 PatternToken_022,Category_M,S179|S016|S061|S174|S034
IT00932,TopicToken_00932 ProcessToken_060 PatternToken_079,Category_O,S025|S233|S085|S030|S150
IT00933,TopicToken_00933 ProcessToken_006 PatternToken_050,Category_J,S131|S176
IT00934,TopicToken_00934 ProcessToken_029 PatternToken_011,Category_P,S190|S006|S135|S066|S191
IT00935,TopicToken_00935 ProcessToken_003 PatternToken_033,Category_G,S110|S186|S201
IT00936,TopicToken_00936 ProcessToken_122 PatternToken_097,Category_J,S044|S178|S108|S031
IT00937,TopicToken_00937 ProcessToken_080 PatternToken_058,Category_D,S106|S199|S154|S048
IT00938,TopicToken_00938 ProcessToken_141 PatternToken_019,Category_P,S157|S183|S059|S038
IT00939,TopicToken_00939 ProcessToken_070 PatternToken_032,Category_T,S186|S190
IT00940,TopicToken_00940 ProcessToken_141 PatternToken_094,Category_O,S015|S170|S100|S001|S075
IT00941,TopicToken_00941 ProcessToken_163 PatternToken_051,Category_E,S115|S240|S038|S110
IT00942,TopicToken_00942 ProcessToken_005 PatternToken_100,Category_O,S154|S116|S207|S031
IT00943,TopicToken_00943 ProcessToken_127 PatternToken_091,Category_D,S150|S125|S079|S171|S185
IT00944,TopicToken_00944 ProcessToken_109 PatternToken_100,Category_S,S154|S133
IT00945,TopicToken_00945 ProcessToken_197 PatternToken_046,Category_B,S045|S105|S090|S141|S114
IT00946,TopicToken_00946 ProcessToken_052 PatternToken_002,Category_Q,S202|S094|S136|S008
IT00947,TopicToken_00947 ProcessToken_094 PatternToken_088,Category_O,S105|S037|S114|S073|S166
IT00948,TopicToken_00948 ProcessToken_157 PatternToken_061,Category_C,S184|S149|S020|S051
IT00949,TopicToken_00949 ProcessToken_128 PatternToken_061,Category_I,S073|S005|S006|S045|S202
IT00950,TopicToken_00950 ProcessToken_044 PatternToken_070,Category_B,S019|S065|S057|S105
IT00951,TopicToken_00951 ProcessToken_077 PatternToken_018,Category_D,S127|S190
IT00952,TopicToken_00952 ProcessToken_153 PatternToken_020,Category_G,S200|S224|S069|S028|S047
IT00953,TopicToken_00953 ProcessToken_185 PatternToken_035,Category_O,S128|S029|S162|S143|S237
IT00954,TopicToken_00954 ProcessToken_178 PatternToken_012,Category_L,S173|S116|S045|S177|S172
IT00955,TopicToken_00955 ProcessToken_174 PatternToken_004,Category_D,S226|S126|S173
IT00956,TopicToken_00956 ProcessToken_076 PatternToken_075,Category_R,S194|S127|S037|S069
IT00957,TopicToken_00957 ProcessToken_037 PatternToken_036,Category_H,S185|S002|S230|S201
IT00958,TopicToken_00958 ProcessToken_088 PatternToken_066,Category_S,S066|S030
IT00959,TopicToken_00959 ProcessToken_023 PatternToken_041,Category_F,S046|S151|S122
IT00960,TopicToken_00960 ProcessToken_020 PatternToken_047,Category_L,S087|S201|S233|S136|S055
IT00961,TopicToken_00961 ProcessToken_103 PatternToken_059,Category_O,S220|S032|S038|S100|S151
IT00962,TopicToken_00962 ProcessToken_092 PatternToken_039,Category_D,S156|S166|S154|S151|S058
IT00963,TopicToken_00963 ProcessToken_195 PatternToken_097,Category_D,S163|S019
IT00964,TopicToken_00964 ProcessToken_198 PatternToken_024,Category_T,S127|S020|S030|S180|S185
IT00965,TopicToken_00965 ProcessToken_052 PatternToken_065,Category_B,S040|S172|S218|S084
IT00966,TopicToken_00966 ProcessToken_001 PatternToken_091,Category_N,S151|S047|S218
IT00967,TopicToken_00967 ProcessToken_012 PatternToken_089,Category_Q,S174|S122|S071|S155
IT00968,TopicToken_00968 ProcessToken_173 PatternToken_080,Category_K,S162|S208|S211|S069
IT00969,TopicToken_00969 ProcessToken_041 PatternToken_022,Category_Q,S117|S063|S078|S058|S067
IT00970,TopicToken_00970 ProcessToken_143 PatternToken_032,Category_G,S119|S128|S167
IT00971,TopicToken_00971 ProcessToken_007 PatternToken_047,Category_N,S139|S183|S230
IT00972,TopicToken_00972 ProcessToken_192 PatternToken_029,Category_K,S233|S177|S110|S089
IT00973,TopicToken_00973 ProcessToken_182 PatternToken_096,Category_H,S020|S075|S162|S155|S138
IT00974,TopicToken_00974 ProcessToken_191 PatternToken_072,Category_R,S148|S147|S088|S156
IT00975,TopicToken_00975 ProcessToken_076 PatternToken_025,Category_R,S068|S132|S213
IT00976,TopicToken_00976 ProcessToken_026 PatternToken_066,Category_N,S136|S206|S182
IT00977,TopicToken_00977 ProcessToken_034 PatternToken_083,Category_C,S103|S113|S020
IT00978,TopicToken_00978 ProcessToken_145 PatternToken_024,Category_H,S079|S133
IT00979,TopicToken_00979 ProcessToken_166 PatternToken_097,Category_H,S036|S134
IT00980,TopicToken_00980 ProcessToken_172 PatternToken_061,Category_O,S113|S038|S106|S072
IT00981,TopicToken_00981 ProcessToken_101 PatternToken_044,Category_M,S001|S122|S221|S121|S134
IT00982,TopicToken_00982 ProcessToken_166 PatternToken_035,Category_M,S184|S118
IT00983,TopicToken_00983 ProcessToken_077 PatternToken_049,Category_G,S001|S169
IT00984,TopicToken_00984 ProcessToken_017 PatternToken_066,Category_P,S045|S003|S069|S147|S025
IT00985,TopicToken_00985 ProcessToken_151 PatternToken_098,Category_O,S115|S134|S217|S028
IT00986,TopicToken_00986 ProcessToken_031 PatternToken_028,Category_G,S104|S074|S216|S179|S174
IT00987,TopicToken_00987 ProcessToken_061 PatternToken_094,Category_F,S067|S163|S133|S194
IT00988,TopicToken_00988 ProcessToken_055 PatternToken_030,Category_H,S116|S123
IT00989,TopicToken_00989 ProcessToken_038 PatternToken_078,Category_N,S003|S064|S044
IT00990,TopicToken_00990 ProcessToken_185 PatternToken_050,Category_K,S155|S082|S125|S194
IT00991,TopicToken_00991 ProcessToken_141 PatternToken_056,Category_E,S172|S229|S158|S044|S161
IT00992,TopicToken_00992 ProcessToken_122 PatternToken_012,Category_J,S171|S101|S128|S020|S123
IT00993,TopicToken_00993 ProcessToken_095 PatternToken_090,Category_F,S017|S009|S216|S073|S198
IT00994,TopicToken_00994 ProcessToken_010 PatternToken_031,Category_G,S180|S188
IT00995,TopicToken_00995 ProcessToken_142 PatternToken_085,Category_H,S191|S045|S096
IT00996,TopicToken_00996 ProcessToken_136 PatternToken_019,Category_R,S074|S032|S025
IT00997,TopicToken_00997 ProcessToken_125 PatternToken_062,Category_H,S153|S150|S108
IT00998,TopicToken_00998 ProcessToken_122 PatternToken_026,Category_H,S040|S156|S169|S098
IT00999,TopicToken_00999 ProcessToken_193 PatternToken_001,Category_I,S011|S195|S050
IT01000,TopicToken_01000 ProcessToken_040 PatternToken_077,Category_J,S102|S186|S049|S111
IT01001,TopicToken_01001 ProcessToken_141 PatternToken_044,Category_G,S166|S137|S035|S090
IT01002,TopicToken_01002 ProcessToken_173 PatternToken_062,Category_C,S069|S148|S227|S211
IT01003,TopicToken_01003 ProcessToken_115 PatternToken_030,Category_L,S144|S132|S136
IT01004,TopicToken_01004 ProcessToken_125 PatternToken_021,Category_O,S079|S230
IT01005,TopicToken_01005 ProcessToken_134 PatternToken_017,Category_H,S232|S202
IT01006,TopicToken_01006 ProcessToken_082 PatternToken_083,Category_R,S156|S012|S169|S178|S207
IT01007,TopicToken_01007 ProcessToken_092 PatternToken_019,Category_E,S062|S087|S153
IT01008,TopicToken_01008 ProcessToken_147 PatternToken_034,Category_H,S211|S038
IT01009,TopicToken_01009 ProcessToken_058 PatternToken_073,Category_E,S018|S050|S219|S024|S122
IT01010,TopicToken_01010 ProcessToken_045 PatternToken_004,Category_L,S103|S225|S198|S027|S149
IT01011,TopicToken_01011 ProcessToken_172 PatternToken_079,Category_C,S013|S055|S159
IT01012,TopicToken_01012 ProcessToken_191 PatternToken_069,Category_A,S118|S086
IT01013,TopicToken_01013 ProcessToken_052 PatternToken_019,Category_O,S217|S091
IT01014,TopicToken_01014 ProcessToken_179 PatternToken_041,Category_H,S046|S218|S172
IT01015,TopicToken_01015 ProcessToken_049 PatternToken_043,Category_K,S070|S193|S109|S195|S048
IT01016,TopicToken_01016 ProcessToken_199 PatternToken_008,Category_M,S094|S022
IT01017,TopicToken_01017 ProcessToken_122 PatternToken_030,Category_P,S113|S053|S207
IT01018,TopicToken_01018 ProcessToken_194 PatternToken_073,Category_O,S155|S232|S122|S240
IT01019,TopicToken_01019 ProcessToken_108 PatternToken_062,Category_C,S122|S226|S115|S194
IT01020,TopicToken_01020 ProcessToken_007 PatternToken_088,Category_G,S230|S195|S120|S150
IT01021,TopicToken_01021 ProcessToken_063 PatternToken_056,Category_K,S146|S172|S216|S199
IT01022,TopicToken_01022 ProcessToken_001 PatternToken_092,Category_I,S240|S153|S105
IT01023,TopicToken_01023 ProcessToken_049 PatternToken_032,Category_R,S226|S105
IT01024,TopicToken_01024 ProcessToken_034 PatternToken_039,Category_K,S005|S199|S228
IT01025,TopicToken_01025 ProcessToken_053 PatternToken_003,Category_E,S111|S156
IT01026,TopicToken_01026 ProcessToken_086 PatternToken_085,Category_H,S028|S175|S109
IT01027,TopicToken_01027 ProcessToken_057 PatternToken_085,Category_H,S192|S191|S195|S170
IT01028,TopicToken_01028 ProcessToken_144 PatternToken_054,Category_K,S117|S002|S118|S088
IT01029,TopicToken_01029 ProcessToken_086 PatternToken_025,Category_P,S171|S048
IT01030,TopicToken_01030 ProcessToken_143 PatternToken_010,Category_G,S136|S048|S222
IT01031,TopicToken_01031 ProcessToken_122 PatternToken_069,Category_N,S054|S049|S138
IT01032,TopicToken_01032 ProcessToken_053 PatternToken_014,Category_K,S188|S174|S013|S008|S146
IT01033,TopicToken_01033 ProcessToken_014 PatternToken_013,Category_P,S238|S045|S065|S116|S017
IT01034,TopicToken_01034 ProcessToken_142 PatternToken_068,Category_A,S025|S174|S233|S240|S158
IT01035,TopicToken_01035 ProcessToken_065 PatternToken_082,Category_N,S112|S200
IT01036,TopicToken_01036 ProcessToken_109 PatternToken_074,Category_R,S079|S144|S050
IT01037,TopicToken_01037 ProcessToken_087 PatternToken_068,Category_T,S166|S200|S231
IT01038,TopicToken_01038 ProcessToken_089 PatternToken_050,Category_M,S234|S023|S184|S001|S037
IT01039,TopicToken_01039 ProcessToken_106 PatternToken_087,Category_O,S038|S197
IT01040,TopicToken_01040 ProcessToken_177 PatternToken_042,Category_J,S122|S015|S205|S080
IT01041,TopicToken_01041 ProcessToken_149 PatternToken_080,Category_E,S057|S108|S053|S126
IT01042,TopicToken_01042 ProcessToken_199 PatternToken_071,Category_I,S089|S202|S008|S064
IT01043,TopicToken_01043 ProcessToken_122 PatternToken_024,Category_Q,S233|S195
IT01044,TopicToken_01044 ProcessToken_178 PatternToken_046,Category_G,S094|S206|S021|S153
IT01045,TopicToken_01045 ProcessToken_195 PatternToken_064,Category_Q,S230|S187|S174|S036
IT01046,TopicToken_01046 ProcessToken_111 PatternToken_019,Category_N,S154|S018
IT01047,TopicToken_01047 ProcessToken_189 PatternToken_051,Category_H,S231|S010
IT01048,TopicToken_01048 ProcessToken_048 PatternToken_097,Category_E,S063|S147|S056|S138|S016
IT01049,TopicToken_01049 ProcessToken_091 PatternToken_053,Category_M,S040|S231
IT01050,TopicToken_01050 ProcessToken_133 PatternToken_081,Category_S,S118|S049|S238
IT01051,TopicToken_01051 ProcessToken_174 PatternToken_085,Category_D,S232|S217|S022
IT01052,TopicToken_01052 ProcessToken_089 PatternToken_005,Category_R,S216|S156
IT01053,TopicToken_01053 ProcessToken_112 PatternToken_034,Category_E,S179|S061
IT01054,TopicToken_01054 ProcessToken_193 PatternToken_082,Category_N,S041|S226|S019|S057
IT01055,TopicToken_01055 ProcessToken_029 PatternToken_058,Category_M,S071|S208
IT01056,TopicToken_01056 ProcessToken_200 PatternToken_091,Category_I,S006|S076|S011|S143
IT01057,TopicToken_01057 ProcessToken_097 PatternToken_015,Category_I,S101|S217|S083|S106|S133
IT01058,TopicToken_01058 ProcessToken_047 PatternToken_008,Category_D,S157|S236|S023|S030|S067
IT01059,TopicToken_01059 ProcessToken_084 PatternToken_056,Category_O,S035|S050|S118|S070
IT01060,TopicToken_01060 ProcessToken_192 PatternToken_057,Category_D,S042|S010|S203|S216
IT01061,TopicToken_01061 ProcessToken_101 PatternToken_047,Category_J,S092|S046|S220
IT01062,TopicToken_01062 ProcessToken_017 PatternToken_048,Category_G,S164|S106|S208
IT01063,TopicToken_01063 ProcessToken_017 PatternToken_083,Category_O,S221|S006|S130|S166|S052
IT01064,TopicToken_01064 ProcessToken_111 PatternToken_085,Category_S,S136|S113|S107|S105
IT01065,TopicToken_01065 ProcessToken_031 PatternToken_064,Category_T,S018|S167|S237|S015
IT01066,TopicToken_01066 ProcessToken_200 PatternToken_014,Category_H,S085|S116|S080
IT01067,TopicToken_01067 ProcessToken_140 PatternToken_016,Category_P,S003|S111|S101
IT01068,TopicToken_01068 ProcessToken_047 PatternToken_015,Category_N,S081|S144
IT01069,TopicToken_01069 ProcessToken_152 PatternToken_015,Category_R,S182|S158|S042|S067
IT01070,TopicToken_01070 ProcessToken_195 PatternToken_099,Category_F,S233|S193|S127|S186|S156
IT01071,TopicToken_01071 ProcessToken_149 PatternToken_052,Category_J,S013|S144|S068
IT01072,TopicToken_01072 ProcessToken_143 PatternToken_038,Category_H,S102|S150|S217
IT01073,TopicToken_01073 ProcessToken_158 PatternToken_036,Category_K,S227|S228|S172|S217
IT01074,TopicToken_01074 ProcessToken_171 PatternToken_058,Category_B,S070|S038
IT01075,TopicToken_01075 ProcessToken_041 PatternToken_034,Category_T,S183|S219
IT01076,TopicToken_01076 ProcessToken_084 PatternToken_021,Category_Q,S082|S062|S203|S120|S149
IT01077,TopicToken_01077 ProcessToken_061 PatternToken_040,Category_A,S201|S003|S155|S194|S191
IT01078,TopicToken_01078 ProcessToken_185 PatternToken_035,Category_R,S185|S017
IT01079,TopicToken_01079 ProcessToken_046 PatternToken_095,Category_C,S018|S210|S136|S038
IT01080,TopicToken_01080 ProcessToken_097 PatternToken_043,Category_J,S065|S234
IT01081,TopicToken_01081 ProcessToken_188 PatternToken_058,Category_M,S036|S123|S053|S175
IT01082,TopicToken_01082 ProcessToken_128 PatternToken_070,Category_N,S201|S042|S054|S204
IT01083,TopicToken_01083 ProcessToken_036 PatternToken_035,Category_Q,S142|S051
IT01084,TopicToken_01084 ProcessToken_074 PatternToken_052,Category_S,S083|S103
IT01085,TopicToken_01085 ProcessToken_091 PatternToken_083,Category_D,S122|S132|S234|S098|S043
IT01086,TopicToken_01086 ProcessToken_164 PatternToken_085,Category_I,S041|S160|S096|S078|S088
IT01087,TopicToken_01087 ProcessToken_014 PatternToken_034,Category_R,S237|S068|S239
IT01088,TopicToken_01088 ProcessToken_054 PatternToken_051,Category_I,S158|S220
IT01089,TopicToken_01089 ProcessToken_029 PatternToken_071,Category_T,S201|S231|S097
IT01090,TopicToken_01090 ProcessToken_162 PatternToken_024,Category_A,S227|S206|S194|S200|S051
IT01091,TopicToken_01091 ProcessToken_163 PatternToken_052,Category_Q,S083|S034|S025|S017
IT01092,TopicToken_01092 ProcessToken_162 PatternToken_009,Category_E,S221|S174
IT01093,TopicToken_01093 ProcessToken_135 PatternToken_016,Category_R,S239|S211|S026|S147|S185
IT01094,TopicToken_01094 ProcessToken_172 PatternToken_079,Category_G,S063|S145|S222
IT01095,TopicToken_01095 ProcessToken_132 PatternToken_003,Category_C,S088|S081|S017|S195|S053
IT01096,TopicToken_01096 ProcessToken_145 PatternToken_061,Category_Q,S143|S206|S030
IT01097,TopicToken_01097 ProcessToken_196 PatternToken_017,Category_B,S033|S204
IT01098,TopicToken_01098 ProcessToken_187 PatternToken_046,Category_J,S125|S090|S055|S116|S085
IT01099,TopicToken_01099 ProcessToken_115 PatternToken_076,Category_R,S198|S112|S202
IT01100,TopicToken_01100 ProcessToken_105 PatternToken_003,Category_D,S098|S161|S106|S185|S081
IT01101,TopicToken_01101 ProcessToken_085 PatternToken_078,Category_S,S208|S073|S188|S023|S021
IT01102,TopicToken_01102 ProcessToken_141 PatternToken_019,Category_F,S022|S174|S144|S162|S061
IT01103,TopicToken_01103 ProcessToken_124 PatternToken_064,Category_J,S112|S078|S070
IT01104,TopicToken_01104 ProcessToken_067 PatternToken_002,Category_D,S149|S050|S109|S020|S056
IT01105,TopicToken_01105 ProcessToken_025 PatternToken_048,Category_T,S155|S060
IT01106,TopicToken_01106 ProcessToken_007 PatternToken_023,Category_L,S122|S035|S077|S024|S032
IT01107,TopicToken_01107 ProcessToken_134 PatternToken_098,Category_L,S080|S053|S220|S051
IT01108,TopicToken_01108 ProcessToken_115 PatternToken_037,Category_P,S112|S101
IT01109,TopicToken_01109 ProcessToken_157 PatternToken_034,Category_Q,S146|S106|S043|S147
IT01110,TopicToken_01110 ProcessToken_184 PatternToken_027,Category_P,S048|S111|S100
IT01111,TopicToken_01111 ProcessToken_086 PatternToken_007,Category_F,S012|S160|S208
IT01112,TopicToken_01112 ProcessToken_144 PatternToken_053,Category_A,S059|S159
IT01113,TopicToken_01113 ProcessToken_195 PatternToken_045,Category_L,S202|S225|S073|S105
IT01114,TopicToken_01114 ProcessToken_042 PatternToken_093,Category_S,S197|S048|S222|S195|S112
IT01115,TopicToken_01115 ProcessToken_067 PatternToken_017,Category_O,S194|S081|S207
IT01116,TopicToken_01116 ProcessToken_057 PatternToken_002,Category_N,S216|S087|S025|S153
IT01117,TopicToken_01117 ProcessToken_005 PatternToken_018,Category_P,S197|S224|S056|S176|S151
IT01118,TopicToken_01118 ProcessToken_054 PatternToken_013,Category_B,S017|S076
IT01119,TopicToken_01119 ProcessToken_179 PatternToken_029,Category_B,S005|S170
IT01120,TopicToken_01120 ProcessToken_047 PatternToken_072,Category_N,S112|S058|S124|S056
IT01121,TopicToken_01121 ProcessToken_117 PatternToken_047,Category_A,S119|S097|S233|S102
IT01122,TopicToken_01122 ProcessToken_019 PatternToken_098,Category_C,S158|S231
IT01123,TopicToken_01123 ProcessToken_010 PatternToken_049,Category_F,S079|S123
IT01124,TopicToken_01124 ProcessToken_026 PatternToken_071,Category_J,S033|S201|S075|S005
IT01125,TopicToken_01125 ProcessToken_094 PatternToken_028,Category_E,S079|S156|S225|S138
IT01126,TopicToken_01126 ProcessToken_141 PatternToken_059,Category_R,S103|S114|S209
IT01127,TopicToken_01127 ProcessToken_050 PatternToken_051,Category_K,S050|S218|S094
IT01128,TopicToken_01128 ProcessToken_090 PatternToken_042,Category_G,S043|S140
IT01129,TopicToken_01129 ProcessToken_007 PatternToken_008,Category_O,S096|S144
IT01130,TopicToken_01130 ProcessToken_194 PatternToken_076,Category_L,S088|S173
IT01131,TopicToken_01131 ProcessToken_061 PatternToken_065,Category_R,S140|S144|S063
IT01132,TopicToken_01132 ProcessToken_126 PatternToken_069,Category_C,S050|S047|S230
IT01133,TopicToken_01133 ProcessToken_088 PatternToken_004,Category_M,S054|S107|S178|S212
IT01134,TopicToken_01134 ProcessToken_037 PatternToken_013,Category_T,S163|S085|S179|S140|S170
IT01135,TopicToken_01135 ProcessToken_058 PatternToken_014,Category_K,S187|S192|S009|S154
IT01136,TopicToken_01136 ProcessToken_109 PatternToken_094,Category_H,S013|S004
IT01137,TopicToken_01137 ProcessToken_008 PatternToken_082,Category_S,S085|S219|S202|S194|S206
IT01138,TopicToken_01138 ProcessToken_141 PatternToken_004,Category_Q,S136|S123|S172
IT01139,TopicToken_01139 ProcessToken_132 PatternToken_056,Category_K,S104|S170|S227|S159
IT01140,TopicToken_01140 ProcessToken_031 PatternToken_075,Category_A,S031|S213|S149|S176
IT01141,TopicToken_01141 ProcessToken_082 PatternToken_069,Category_C,S041|S212|S011|S204|S237
IT01142,TopicToken_01142 ProcessToken_142 PatternToken_075,Category_B,S200|S043|S144
IT01143,TopicToken_01143 ProcessToken_193 PatternToken_055,Category_L,S216|S171
IT01144,TopicToken_01144 ProcessToken_089 PatternToken_060,Category_R,S170|S129|S063
IT01145,TopicToken_01145 ProcessToken_013 PatternToken_026,Category_P,S187|S143|S004|S196|S108
IT01146,TopicToken_01146 ProcessToken_130 PatternToken_034,Category_K,S141|S170
IT01147,TopicToken_01147 ProcessToken_093 PatternToken_034,Category_S,S027|S164
IT01148,TopicToken_01148 ProcessToken_004 PatternToken_027,Category_R,S203|S110|S227
IT01149,TopicToken_01149 ProcessToken_074 PatternToken_069,Category_N,S064|S060
IT01150,TopicToken_01150 ProcessToken_092 PatternToken_074,Category_R,S215|S046|S002|S198
IT01151,TopicToken_01151 ProcessToken_143 PatternToken_003,Category_J,S234|S069|S014
IT01152,TopicToken_01152 ProcessToken_115 PatternToken_056,Category_J,S048|S181
IT01153,TopicToken_01153 ProcessToken_164 PatternToken_090,Category_G,S073|S231
IT01154,TopicToken_01154 ProcessToken_005 PatternToken_038,Category_O,S214|S028|S080
IT01155,TopicToken_01155 ProcessToken_071 PatternToken_048,Category_R,S108|S171|S110|S163|S157
IT01156,TopicToken_01156 ProcessToken_081 PatternToken_086,Category_T,S019|S014|S023|S226
IT01157,TopicToken_01157 ProcessToken_039 PatternToken_071,Category_T,S166|S160|S003|S158
IT01158,TopicToken_01158 ProcessToken_073 PatternToken_003,Category_G,S157|S037
IT01159,TopicToken_01159 ProcessToken_179 PatternToken_038,Category_N,S236|S066|S052
IT01160,TopicToken_01160 ProcessToken_108 PatternToken_074,Category_F,S076|S103|S231|S227|S106
IT01161,TopicToken_01161 ProcessToken_068 PatternToken_085,Category_A,S026|S002|S088
IT01162,TopicToken_01162 ProcessToken_022 PatternToken_004,Category_I,S054|S207
IT01163,TopicToken_01163 ProcessToken_075 PatternToken_085,Category_H,S058|S048|S170
IT01164,TopicToken_01164 ProcessToken_183 PatternToken_083,Category_A,S070|S032|S005|S049
IT01165,TopicToken_01165 ProcessToken_062 PatternToken_071,Category_N,S161|S089|S022|S239|S191
IT01166,TopicToken_01166 ProcessToken_026 PatternToken_078,Category_R,S164|S089|S220|S102|S061
IT01167,TopicToken_01167 ProcessToken_200 PatternToken_005,Category_E,S212|S049|S220
IT01168,TopicToken_01168 ProcessToken_187 PatternToken_097,Category_E,S203|S065|S114|S206|S142
IT01169,TopicToken_01169 ProcessToken_021 PatternToken_046,Category_O,S149|S107|S054|S156
IT01170,TopicToken_01170 ProcessToken_077 PatternToken_017,Category_B,S157|S105|S172
IT01171,TopicToken_01171 ProcessToken_027 PatternToken_079,Category_E,S189|S029|S159|S065
IT01172,TopicToken_01172 ProcessToken_033 PatternToken_015,Category_S,S076|S042|S130
IT01173,TopicToken_01173 ProcessToken_200 PatternToken_093,Category_F,S122|S090|S220|S224
IT01174,TopicToken_01174 ProcessToken_078 PatternToken_031,Category_A,S038|S096|S054|S225|S134
IT01175,TopicToken_01175 ProcessToken_001 PatternToken_056,Category_E,S178|S188|S063|S099
IT01176,TopicToken_01176 ProcessToken_065 PatternToken_025,Category_B,S182|S142|S052|S180
IT01177,TopicToken_01177 ProcessToken_085 PatternToken_016,Category_H,S070|S216|S196|S139|S203
IT01178,TopicToken_01178 ProcessToken_023 PatternToken_049,Category_E,S233|S214|S004|S024|S015
IT01179,TopicToken_01179 ProcessToken_052 PatternToken_024,Category_M,S227|S096
IT01180,TopicToken_01180 ProcessToken_135 PatternToken_082,Category_P,S146|S215|S152|S009|S211
IT01181,TopicToken_01181 ProcessToken_115 PatternToken_063,Category_L,S172|S059|S232|S181|S083
IT01182,TopicToken_01182 ProcessToken_154 PatternToken_015,Category_E,S140|S146|S033
IT01183,TopicToken_01183 ProcessToken_160 PatternToken_094,Category_A,S120|S192
IT01184,TopicToken_01184 ProcessToken_136 PatternToken_028,Category_C,S129|S040|S187|S180|S066
IT01185,TopicToken_01185 ProcessToken_059 PatternToken_027,Category_G,S126|S086|S105
IT01186,TopicToken_01186 ProcessToken_138 PatternToken_054,Category_H,S002|S124|S107
IT01187,TopicToken_01187 ProcessToken_079 PatternToken_096,Category_J,S127|S218|S090|S182|S124
IT01188,TopicToken_01188 ProcessToken_148 PatternToken_059,Category_C,S239|S217|S167|S158
IT01189,TopicToken_01189 ProcessToken_097 PatternToken_046,Category_P,S179|S178
IT01190,TopicToken_01190 ProcessToken_117 PatternToken_098,Category_T,S174|S151|S130
IT01191,TopicToken_01191 ProcessToken_112 PatternToken_049,Category_E,S003|S164|S157|S007|S222
IT01192,TopicToken_01192 ProcessToken_039 PatternToken_016,Category_K,S206|S074|S089|S069
IT01193,TopicToken_01193 ProcessToken_074 PatternToken_074,Category_O,S042|S186|S166
IT01194,TopicToken_01194 ProcessToken_045 PatternToken_083,Category_D,S126|S152|S181|S164|S011
IT01195,TopicToken_01195 ProcessToken_190 PatternToken_017,Category_E,S205|S159|S192|S013|S237
IT01196,TopicToken_01196 ProcessToken_124 PatternToken_021,Category_P,S172|S121|S106|S075|S110
IT01197,TopicToken_01197 ProcessToken_173 PatternToken_032,Category_F,S196|S098|S078|S209
IT01198,TopicToken_01198 ProcessToken_095 PatternToken_005,Category_G,S222|S117|S103|S193|S101
IT01199,TopicToken_01199 ProcessToken_173 PatternToken_012,Category_C,S226|S196
IT01200,TopicToken_01200 ProcessToken_060 PatternToken_006,Category_P,S199|S015|S161|S089|S024
IT01201,TopicToken_01201 ProcessToken_048 PatternToken_034,Category_Q,S128|S173|S131|S127|S226
IT01202,TopicToken_01202 ProcessToken_147 PatternToken_032,Category_G,S020|S220
IT01203,TopicToken_01203 ProcessToken_031 PatternToken_026,Category_F,S090|S094|S199
IT01204,TopicToken_01204 ProcessToken_183 PatternToken_071,Category_T,S057|S111|S070|S189|S073
IT01205,TopicToken_01205 ProcessToken_099 PatternToken_012,Category_L,S087|S057|S075
IT01206,TopicToken_01206 ProcessToken_122 PatternToken_095,Category_P,S057|S085|S199
IT01207,TopicToken_01207 ProcessToken_187 PatternToken_093,Category_N,S021|S099
IT01208,TopicToken_01208 ProcessToken_024 PatternToken_021,Category_B,S215|S198|S236
IT01209,TopicToken_01209 ProcessToken_165 PatternToken_081,Category_L,S099|S110|S225|S151
IT01210,TopicToken_01210 ProcessToken_069 PatternToken_017,Category_M,S075|S161
IT01211,TopicToken_01211 ProcessToken_169 PatternToken_060,Category_B,S129|S043|S167|S058|S084
IT01212,TopicToken_01212 ProcessToken_137 PatternToken_058,Category_P,S221|S159|S222
IT01213,TopicToken_01213 ProcessToken_137 PatternToken_017,Category_H,S039|S078
IT01214,TopicToken_01214 ProcessToken_113 PatternToken_053,Category_G,S029|S056|S190|S182
IT01215,TopicToken_01215 ProcessToken_193 PatternToken_064,Category_J,S014|S158|S214|S102|S179
IT01216,TopicToken_01216 ProcessToken_172 PatternToken_057,Category_E,S101|S111|S021|S212
IT01217,TopicToken_01217 ProcessToken_139 PatternToken_086,Category_N,S214|S143|S049
IT01218,TopicToken_01218 ProcessToken_124 PatternToken_077,Category_N,S052|S215|S059|S020
IT01219,TopicToken_01219 ProcessToken_079 PatternToken_099,Category_F,S101|S104
IT01220,TopicToken_01220 ProcessToken_079 PatternToken_051,Category_F,S063|S025|S045|S138|S110
IT01221,TopicToken_01221 ProcessToken_072 PatternToken_031,Category_H,S159|S156|S215|S046|S055
IT01222,TopicToken_01222 ProcessToken_016 PatternToken_094,Category_R,S063|S199|S201|S082|S086
IT01223,TopicToken_01223 ProcessToken_059 PatternToken_008,Category_Q,S129|S152
IT01224,TopicToken_01224 ProcessToken_097 PatternToken_085,Category_Q,S142|S040|S080|S143|S051
IT01225,TopicToken_01225 ProcessToken_081 PatternToken_031,Category_S,S220|S144|S204
IT01226,TopicToken_01226 ProcessToken_062 PatternToken_082,Category_C,S088|S194|S102|S170
IT01227,TopicToken_01227 ProcessToken_168 PatternToken_082,Category_N,S237|S027|S155
IT01228,TopicToken_01228 ProcessToken_027 PatternToken_025,Category_I,S218|S118|S186|S192|S146
IT01229,TopicToken_01229 ProcessToken_121 PatternToken_026,Category_N,S144|S012|S101
IT01230,TopicToken_01230 ProcessToken_133 PatternToken_076,Category_A,S120|S084|S176|S038
IT01231,TopicToken_01231 ProcessToken_106 PatternToken_055,Category_H,S197|S159|S192
IT01232,TopicToken_01232 ProcessToken_049 PatternToken_064,Category_N,S112|S205|S190|S119|S115
IT01233,TopicToken_01233 ProcessToken_085 PatternToken_019,Category_B,S109|S024
IT01234,TopicToken_01234 ProcessToken_100 PatternToken_083,Category_D,S128|S163|S073|S031
IT01235,TopicToken_01235 ProcessToken_095 PatternToken_056,Category_C,S037|S023|S048
IT01236,TopicToken_01236 ProcessToken_039 PatternToken_085,Category_C,S196|S063|S078
IT01237,TopicToken_01237 ProcessToken_189 PatternToken_008,Category_R,S185|S170|S084
IT01238,TopicToken_01238 ProcessToken_168 PatternToken_085,Category_O,S089|S114|S143
IT01239,TopicToken_01239 ProcessToken_155 PatternToken_024,Category_J,S159|S089|S230|S233
IT01240,TopicToken_01240 ProcessToken_037 PatternToken_070,Category_Q,S184|S139|S056|S007
IT01241,TopicToken_01241 ProcessToken_017 PatternToken_096,Category_S,S035|S015|S022|S090|S213
IT01242,TopicToken_01242 ProcessToken_040 PatternToken_029,Category_N,S125|S042|S007|S188
IT01243,TopicToken_01243 ProcessToken_068 PatternToken_021,Category_I,S157|S115|S013|S089
IT01244,TopicToken_01244 ProcessToken_193 PatternToken_084,Category_F,S040|S105
IT01245,TopicToken_01245 ProcessToken_152 PatternToken_076,Category_C,S182|S042|S108
IT01246,TopicToken_01246 ProcessToken_006 PatternToken_083,Category_I,S124|S167
IT01247,TopicToken_01247 ProcessToken_156 PatternToken_079,Category_G,S147|S179|S144|S049
IT01248,TopicToken_01248 ProcessToken_060 PatternToken_006,Category_N,S133|S048|S013
IT01249,TopicToken_01249 ProcessToken_123 PatternToken_046,Category_N,S113|S148|S162
IT01250,TopicToken_01250 ProcessToken_151 PatternToken_009,Category_P,S045|S098|S183|S159|S034
IT01251,TopicToken_01251 ProcessToken_051 PatternToken_031,Category_F,S114|S035
IT01252,TopicToken_01252 ProcessToken_140 PatternToken_065,Category_J,S150|S155|S132|S063|S076
IT01253,TopicToken_01253 ProcessToken_155 PatternToken_044,Category_J,S101|S221|S232
IT01254,TopicToken_01254 ProcessToken_049 PatternToken_039,Category_R,S142|S202|S044|S125
IT01255,TopicToken_01255 ProcessToken_113 PatternToken_046,Category_F,S177|S229|S038|S056
IT01256,TopicToken_01256 ProcessToken_039 PatternToken_047,Category_J,S235|S193|S130
IT01257,TopicToken_01257 ProcessToken_131 PatternToken_100,Category_G,S127|S146
IT01258,TopicToken_01258 ProcessToken_016 PatternToken_099,Category_K,S049|S008
IT01259,TopicToken_01259 ProcessToken_039 PatternToken_088,Category_S,S050|S195|S229|S064
IT01260,TopicToken_01260 ProcessToken_179 PatternToken_032,Category_I,S112|S219|S049|S055|S139
IT01261,TopicToken_01261 ProcessToken_069 PatternToken_082,Category_B,S018|S119|S138|S215
IT01262,TopicToken_01262 ProcessToken_063 PatternToken_013,Category_L,S096|S128|S172|S114
IT01263,TopicToken_01263 ProcessToken_061 PatternToken_032,Category_M,S016|S007
IT01264,TopicToken_01264 ProcessToken_199 PatternToken_079,Category_N,S179|S089|S231|S101|S047
IT01265,TopicToken_01265 ProcessToken_140 PatternToken_052,Category_P,S030|S091|S018|S208|S234
IT01266,TopicToken_01266 ProcessToken_158 PatternToken_028,Category_A,S207|S045
IT01267,TopicToken_01267 ProcessToken_103 PatternToken_086,Category_N,S075|S011|S205
IT01268,TopicToken_01268 ProcessToken_141 PatternToken_003,Category_I,S038|S114|S194
IT01269,TopicToken_01269 ProcessToken_199 PatternToken_035,Category_H,S001|S143|S006|S221
IT01270,TopicToken_01270 ProcessToken_039 PatternToken_100,Category_R,S054|S170|S142|S088
IT01271,TopicToken_01271 ProcessToken_007 PatternToken_048,Category_H,S145|S067|S083|S191|S196
IT01272,TopicToken_01272 ProcessToken_179 PatternToken_070,Category_E,S119|S139|S063|S048|S175
IT01273,TopicToken_01273 ProcessToken_126 PatternToken_097,Category_P,S106|S198|S134
IT01274,TopicToken_01274 ProcessToken_004 PatternToken_020,Category_J,S085|S048|S131|S037|S238
IT01275,TopicToken_01275 ProcessToken_098 PatternToken_017,Category_K,S213|S085|S166
IT01276,TopicToken_01276 ProcessToken_038 PatternToken_040,Category_F,S164|S069|S150|S221
IT01277,TopicToken_01277 ProcessToken_058 PatternToken_094,Category_O,S212|S144
IT01278,TopicToken_01278 ProcessToken_113 PatternToken_073,Category_G,S052|S099|S171|S134|S075
IT01279,TopicToken_01279 ProcessToken_057 PatternToken_085,Category_S,S027|S230|S113
IT01280,TopicToken_01280 ProcessToken_136 PatternToken_037,Category_M,S089|S223|S160|S110
IT01281,TopicToken_01281 ProcessToken_089 PatternToken_033,Category_H,S129|S133|S143|S090
IT01282,TopicToken_01282 ProcessToken_093 PatternToken_099,Category_O,S007|S026|S210|S090|S117
IT01283,TopicToken_01283 ProcessToken_132 PatternToken_098,Category_A,S105|S059|S172|S101
IT01284,TopicToken_01284 ProcessToken_171 PatternToken_079,Category_R,S022|S119|S077
IT01285,TopicToken_01285 ProcessToken_028 PatternToken_043,Category_M,S227|S002
IT01286,TopicToken_01286 ProcessToken_161 PatternToken_031,Category_K,S166|S003
IT01287,TopicToken_01287 ProcessToken_091 PatternToken_093,Category_M,S003|S093|S108|S090
IT01288,TopicToken_01288 ProcessToken_186 PatternToken_054,Category_K,S236|S219|S071|S119
IT01289,TopicToken_01289 ProcessToken_019 PatternToken_064,Category_P,S138|S040|S233|S122
IT01290,TopicToken_01290 ProcessToken_161 PatternToken_096,Category_B,S010|S102
IT01291,TopicToken_01291 ProcessToken_168 PatternToken_026,Category_H,S028|S194|S172
IT01292,TopicToken_01292 ProcessToken_090 PatternToken_008,Category_A,S189|S141|S078|S188|S051
IT01293,TopicToken_01293 ProcessToken_191 PatternToken_028,Category_O,S104|S219|S075|S173
IT01294,TopicToken_01294 ProcessToken_174 PatternToken_076,Category_O,S223|S112|S188|S221
IT01295,TopicToken_01295 ProcessToken_194 PatternToken_077,Category_C,S003|S092
IT01296,TopicToken_01296 ProcessToken_038 PatternToken_014,Category_L,S023|S102|S139|S131
IT01297,TopicToken_01297 ProcessToken_031 PatternToken_072,Category_G,S153|S036|S194
IT01298,TopicToken_01298 ProcessToken_048 PatternToken_087,Category_Q,S223|S096|S024
IT01299,TopicToken_01299 ProcessToken_131 PatternToken_100,Category_T,S217|S009
IT01300,TopicToken_01300 ProcessToken_151 PatternToken_009,Category_H,S040|S038|S118|S220
IT01301,TopicToken_01301 ProcessToken_055 PatternToken_098,Category_L,S162|S017
IT01302,TopicToken_01302 ProcessToken_159 PatternToken_028,Category_N,S194|S130|S040
IT01303,TopicToken_01303 ProcessToken_130 PatternToken_010,Category_B,S173|S182|S041|S005
IT01304,TopicToken_01304 ProcessToken_168 PatternToken_049,Category_D,S008|S136
IT01305,TopicToken_01305 ProcessToken_007 PatternToken_087,Category_L,S221|S155|S092|S239
IT01306,TopicToken_01306 ProcessToken_149 PatternToken_035,Category_A,S210|S204|S093|S233|S067
IT01307,TopicToken_01307 ProcessToken_001 PatternToken_060,Category_J,S077|S128
IT01308,TopicToken_01308 ProcessToken_089 PatternToken_048,Category_B,S011|S102|S008|S125|S132
IT01309,TopicToken_01309 ProcessToken_097 PatternToken_086,Category_I,S081|S139|S212
IT01310,TopicToken_01310 ProcessToken_174 PatternToken_030,Category_I,S047|S235|S224|S133
IT01311,TopicToken_01311 ProcessToken_189 PatternToken_076,Category_F,S092|S081|S028|S043
IT01312,TopicToken_01312 ProcessToken_021 PatternToken_046,Category_E,S053|S202|S047|S039
IT01313,TopicToken_01313 ProcessToken_044 PatternToken_003,Category_E,S056|S054
IT01314,TopicToken_01314 ProcessToken_050 PatternToken_028,Category_F,S124|S050|S004|S184|S194
IT01315,TopicToken_01315 ProcessToken_081 PatternToken_054,Category_A,S023|S175|S058|S195|S065
IT01316,TopicToken_01316 ProcessToken_132 PatternToken_034,Category_S,S107|S225|S078|S129
IT01317,TopicToken_01317 ProcessToken_134 PatternToken_093,Category_E,S010|S146
IT01318,TopicToken_01318 ProcessToken_098 PatternToken_044,Category_E,S235|S238|S124|S167|S205
IT01319,TopicToken_01319 ProcessToken_080 PatternToken_091,Category_B,S181|S040|S112|S020|S197
IT01320,TopicToken_01320 ProcessToken_020 PatternToken_030,Category_R,S034|S164|S095
IT01321,TopicToken_01321 ProcessToken_144 PatternToken_082,Category_H,S235|S024|S094|S012
IT01322,TopicToken_01322 ProcessToken_077 PatternToken_095,Category_S,S049|S024|S109|S130|S057
IT01323,TopicToken_01323 ProcessToken_113 PatternToken_020,Category_C,S033|S135|S092
IT01324,TopicToken_01324 ProcessToken_025 PatternToken_045,Category_A,S119|S058|S065|S036|S002
IT01325,TopicToken_01325 ProcessToken_029 PatternToken_020,Category_N,S174|S029|S111|S216
IT01326,TopicToken_01326 ProcessToken_006 PatternToken_042,Category_D,S107|S064|S222|S095
IT01327,TopicToken_01327 ProcessToken_017 PatternToken_098,Category_S,S026|S006
IT01328,TopicToken_01328 ProcessToken_076 PatternToken_017,Category_D,S194|S048|S181|S206
IT01329,TopicToken_01329 ProcessToken_096 PatternToken_019,Category_J,S049|S151
IT01330,TopicToken_01330 ProcessToken_132 PatternToken_079,Category_S,S195|S127|S172|S101
IT01331,TopicToken_01331 ProcessToken_159 PatternToken_090,Category_M,S231|S226|S201|S180
IT01332,TopicToken_01332 ProcessToken_143 PatternToken_023,Category_E,S080|S195|S215|S177
IT01333,TopicToken_01333 ProcessToken_057 PatternToken_034,Category_K,S069|S023|S113|S056
IT01334,TopicToken_01334 ProcessToken_102 PatternToken_003,Category_C,S234|S143
IT01335,TopicToken_01335 ProcessToken_039 PatternToken_050,Category_C,S179|S197|S173|S103
IT01336,TopicToken_01336 ProcessToken_156 PatternToken_015,Category_H,S036|S110|S031|S088|S055
IT01337,TopicToken_01337 ProcessToken_162 PatternToken_085,Category_S,S116|S134|S039|S201|S058
IT01338,TopicToken_01338 ProcessToken_047 PatternToken_028,Category_S,S189|S183|S171|S092|S168
IT01339,TopicToken_01339 ProcessToken_112 PatternToken_073,Category_O,S065|S037|S068|S062|S234
IT01340,TopicToken_01340 ProcessToken_065 PatternToken_046,Category_J,S134|S185|S117
IT01341,TopicToken_01341 ProcessToken_185 PatternToken_024,Category_L,S050|S011
IT01342,TopicToken_01342 ProcessToken_032 PatternToken_052,Category_H,S008|S220
IT01343,TopicToken_01343 ProcessToken_050 PatternToken_036,Category_E,S101|S211|S133|S099
IT01344,TopicToken_01344 ProcessToken_024 PatternToken_039,Category_L,S083|S161
IT01345,TopicToken_01345 ProcessToken_090 PatternToken_016,Category_J,S040|S116
IT01346,TopicToken_01346 ProcessToken_097 PatternToken_063,Category_O,S222|S090|S083|S195
IT01347,TopicToken_01347 ProcessToken_016 PatternToken_087,Category_O,S102|S230|S215
IT01348,TopicToken_01348 ProcessToken_196 PatternToken_034,Category_G,S156|S038|S026|S217|S067
IT01349,TopicToken_01349 ProcessToken_056 PatternToken_017,Category_L,S170|S220|S067|S188
IT01350,TopicToken_01350 ProcessToken_117 PatternToken_018,Category_H,S055|S050|S009
IT01351,TopicToken_01351 ProcessToken_107 PatternToken_042,Category_N,S012|S155
IT01352,TopicToken_01352 ProcessToken_187 PatternToken_004,Category_Q,S085|S120|S204|S199|S140
IT01353,TopicToken_01353 ProcessToken_191 PatternToken_002,Category_L,S112|S201
IT01354,TopicToken_01354 ProcessToken_159 PatternToken_054,Category_L,S062|S043|S162|S145
IT01355,TopicToken_01355 ProcessToken_108 PatternToken_094,Category_S,S027|S040|S215|S032
IT01356,TopicToken_01356 ProcessToken_077 PatternToken_044,Category_R,S064|S184|S124|S192
IT01357,TopicToken_01357 ProcessToken_124 PatternToken_051,Category_E,S146|S128
IT01358,TopicToken_01358 ProcessToken_188 PatternToken_076,Category_E,S014|S058|S144|S146|S082
IT01359,TopicToken_01359 ProcessToken_166 PatternToken_030,Category_M,S175|S214
IT01360,TopicToken_01360 ProcessToken_086 PatternToken_025,Category_G,S191|S154|S039|S028
IT01361,TopicToken_01361 ProcessToken_185 PatternToken_017,Category_B,S111|S172|S230|S097
IT01362,TopicToken_01362 ProcessToken_080 PatternToken_056,Category_F,S049|S157|S148|S079|S154
IT01363,TopicToken_01363 ProcessToken_052 PatternToken_066,Category_D,S186|S205
IT01364,TopicToken_01364 ProcessToken_114 PatternToken_031,Category_N,S152|S034|S169|S071|S205
IT01365,TopicToken_01365 ProcessToken_053 PatternToken_025,Category_S,S222|S203|S145
IT01366,TopicToken_01366 ProcessToken_168 PatternToken_093,Category_Q,S029|S065|S239
IT01367,TopicToken_01367 ProcessToken_129 PatternToken_050,Category_F,S082|S062|S191|S152
IT01368,TopicToken_01368 ProcessToken_034 PatternToken_037,Category_L,S106|S057|S184|S206|S133
IT01369,TopicToken_01369 ProcessToken_087 PatternToken_057,Category_D,S209|S204|S167|S024|S073
IT01370,TopicToken_01370 ProcessToken_149 PatternToken_086,Category_E,S037|S065|S006
IT01371,TopicToken_01371 ProcessToken_156 PatternToken_072,Category_C,S171|S122|S004|S213|S104
IT01372,TopicToken_01372 ProcessToken_029 PatternToken_053,Category_L,S231|S227
IT01373,TopicToken_01373 ProcessToken_047 PatternToken_045,Category_I,S194|S005|S030|S203
IT01374,TopicToken_01374 ProcessToken_153 PatternToken_002,Category_F,S155|S066|S092
IT01375,TopicToken_01375 ProcessToken_190 PatternToken_033,Category_S,S236|S187|S208|S147|S224
IT01376,TopicToken_01376 ProcessToken_017 PatternToken_054,Category_M,S011|S018|S138|S140|S210
IT01377,TopicToken_01377 ProcessToken_076 PatternToken_040,Category_A,S223|S080
IT01378,TopicToken_01378 ProcessToken_194 PatternToken_056,Category_B,S004|S110|S043|S230|S097
IT01379,TopicToken_01379 ProcessToken_025 PatternToken_017,Category_E,S010|S023|S169
IT01380,TopicToken_01380 ProcessToken_154 PatternToken_092,Category_C,S011|S056
IT01381,TopicToken_01381 ProcessToken_155 PatternToken_072,Category_I,S139|S229|S195
IT01382,TopicToken_01382 ProcessToken_168 PatternToken_067,Category_Q,S172|S209|S011|S066
IT01383,TopicToken_01383 ProcessToken_016 PatternToken_053,Category_I,S197|S094|S134|S150|S063
IT01384,TopicToken_01384 ProcessToken_152 PatternToken_097,Category_D,S071|S041
IT01385,TopicToken_01385 ProcessToken_127 PatternToken_097,Category_G,S222|S193|S132|S057
IT01386,TopicToken_01386 ProcessToken_131 PatternToken_009,Category_B,S231|S203|S207|S145
IT01387,TopicToken_01387 ProcessToken_156 PatternToken_009,Category_A,S048|S075|S098|S039|S090
IT01388,TopicToken_01388 ProcessToken_164 PatternToken_017,Category_N,S118|S032|S121
IT01389,TopicToken_01389 ProcessToken_088 PatternToken_067,Category_O,S060|S048|S194
IT01390,TopicToken_01390 ProcessToken_032 PatternToken_048,Category_D,S174|S122|S238|S132
IT01391,TopicToken_01391 ProcessToken_030 PatternToken_022,Category_O,S068|S140|S046|S173|S010
IT01392,TopicToken_01392 ProcessToken_186 PatternToken_032,Category_P,S201|S118|S234
IT01393,TopicToken_01393 ProcessToken_175 PatternToken_016,Category_O,S154|S218|S157
IT01394,TopicToken_01394 ProcessToken_045 PatternToken_081,Category_Q,S039|S173
IT01395,TopicToken_01395 ProcessToken_181 PatternToken_018,Category_F,S095|S167|S010|S157
IT01396,TopicToken_01396 ProcessToken_141 PatternToken_018,Category_A,S035|S194|S118
IT01397,TopicToken_01397 ProcessToken_116 PatternToken_097,Category_D,S142|S004|S043|S237|S134
IT01398,TopicToken_01398 ProcessToken_030 PatternToken_039,Category_B,S185|S075|S070|S227
IT01399,TopicToken_01399 ProcessToken_151 PatternToken_089,Category_E,S070|S220|S153|S164|S218
IT01400,TopicToken_01400 ProcessToken_126 PatternToken_029,Category_F,S060|S173|S001|S004
IT01401,TopicToken_01401 ProcessToken_094 PatternToken_036,Category_P,S217|S075
IT01402,TopicToken_01402 ProcessToken_164 PatternToken_060,Category_M,S191|S073|S019|S236
IT01403,TopicToken_01403 ProcessToken_062 PatternToken_094,Category_J,S138|S164|S176|S174|S146
IT01404,TopicToken_01404 ProcessToken_075 PatternToken_094,Category_N,S139|S082|S225|S144|S033
IT01405,TopicToken_01405 ProcessToken_069 PatternToken_059,Category_P,S135|S227|S033|S236|S208
IT01406,TopicToken_01406 ProcessToken_161 PatternToken_078,Category_O,S089|S175
IT01407,TopicToken_01407 ProcessToken_049 PatternToken_053,Category_F,S202|S193
IT01408,TopicToken_01408 ProcessToken_038 PatternToken_024,Category_F,S203|S128|S236|S074|S015
IT01409,TopicToken_01409 ProcessToken_079 PatternToken_066,Category_B,S172|S070|S203|S237
IT01410,TopicToken_01410 ProcessToken_019 PatternToken_056,Category_R,S147|S210|S036|S199
IT01411,TopicToken_01411 ProcessToken_197 PatternToken_066,Category_C,S006|S130|S078
IT01412,TopicToken_01412 ProcessToken_146 PatternToken_006,Category_J,S239|S037
IT01413,TopicToken_01413 ProcessToken_198 PatternToken_034,Category_T,S145|S180
IT01414,TopicToken_01414 ProcessToken_156 PatternToken_083,Category_F,S230|S190|S117
IT01415,TopicToken_01415 ProcessToken_157 PatternToken_042,Category_H,S128|S234|S115
IT01416,TopicToken_01416 ProcessToken_111 PatternToken_026,Category_S,S042|S227
IT01417,TopicToken_01417 ProcessToken_139 PatternToken_076,Category_F,S034|S168|S017|S165|S152
IT01418,TopicToken_01418 ProcessToken_080 PatternToken_022,Category_I,S167|S081
IT01419,TopicToken_01419 ProcessToken_019 PatternToken_071,Category_T,S124|S177|S072|S083
IT01420,TopicToken_01420 ProcessToken_143 PatternToken_049,Category_O,S183|S233|S167|S215|S015
IT01421,TopicToken_01421 ProcessToken_009 PatternToken_050,Category_B,S150|S220|S141|S181|S231
IT01422,TopicToken_01422 ProcessToken_021 PatternToken_046,Category_D,S011|S006|S192
IT01423,TopicToken_01423 ProcessToken_022 PatternToken_036,Category_L,S046|S226
IT01424,TopicToken_01424 ProcessToken_015 PatternToken_030,Category_R,S118|S227|S006
IT01425,TopicToken_01425 ProcessToken_062 PatternToken_085,Category_Q,S216|S173|S122|S001
IT01426,TopicToken_01426 ProcessToken_052 PatternToken_079,Category_H,S128|S017
IT01427,TopicToken_01427 ProcessToken_051 PatternToken_010,Category_A,S217|S092
IT01428,TopicToken_01428 ProcessToken_136 PatternToken_030,Category_I,S124|S086
IT01429,TopicToken_01429 ProcessToken_187 PatternToken_005,Category_B,S120|S159
IT01430,TopicToken_01430 ProcessToken_061 PatternToken_041,Category_O,S229|S125|S100|S238|S140
IT01431,TopicToken_01431 ProcessToken_195 PatternToken_053,Category_D,S012|S196|S166|S006
IT01432,TopicToken_01432 ProcessToken_046 PatternToken_010,Category_J,S116|S157|S038|S051
IT01433,TopicToken_01433 ProcessToken_184 PatternToken_018,Category_R,S236|S082|S092
IT01434,TopicToken_01434 ProcessToken_064 PatternToken_053,Category_G,S114|S097
IT01435,TopicToken_01435 ProcessToken_075 PatternToken_083,Category_O,S199|S083|S097|S036|S157
IT01436,TopicToken_01436 ProcessToken_082 PatternToken_072,Category_J,S093|S114
IT01437,TopicToken_01437 ProcessToken_013 PatternToken_051,Category_I,S192|S227|S109|S222
IT01438,TopicToken_01438 ProcessToken_167 PatternToken_066,Category_C,S162|S023|S022|S016
IT01439,TopicToken_01439 ProcessToken_026 PatternToken_086,Category_C,S116|S211|S049|S146|S199
IT01440,TopicToken_01440 ProcessToken_030 PatternToken_040,Category_H,S025|S066|S219|S128|S221
IT01441,TopicToken_01441 ProcessToken_119 PatternToken_024,Category_L,S183|S211
IT01442,TopicToken_01442 ProcessToken_037 PatternToken_075,Category_H,S183|S022|S009
IT01443,TopicToken_01443 ProcessToken_104 PatternToken_099,Category_S,S131|S191
IT01444,TopicToken_01444 ProcessToken_038 PatternToken_077,Category_H,S224|S204
IT01445,TopicToken_01445 ProcessToken_061 PatternToken_009,Category_H,S216|S233
IT01446,TopicToken_01446 ProcessToken_105 PatternToken_020,Category_I,S148|S227|S219
IT01447,TopicToken_01447 ProcessToken_098 PatternToken_092,Category_K,S190|S232
IT01448,TopicToken_01448 ProcessToken_139 PatternToken_030,Category_L,S149|S142|S056|S207|S148
IT01449,TopicToken_01449 ProcessToken_016 PatternToken_058,Category_O,S174|S034
IT01450,TopicToken_01450 ProcessToken_185 PatternToken_036,Category_J,S100|S058
IT01451,TopicToken_01451 ProcessToken_116 PatternToken_013,Category_M,S118|S063|S230|S049|S121
IT01452,TopicToken_01452 ProcessToken_067 PatternToken_059,Category_O,S198|S162
IT01453,TopicToken_01453 ProcessToken_051 PatternToken_099,Category_A,S182|S195|S224|S226
IT01454,TopicToken_01454 ProcessToken_113 PatternToken_043,Category_G,S108|S102|S064|S037
IT01455,TopicToken_01455 ProcessToken_023 PatternToken_052,Category_C,S208|S235|S022|S084
IT01456,TopicToken_01456 ProcessToken_003 PatternToken_062,Category_P,S159|S179|S240
IT01457,TopicToken_01457 ProcessToken_185 PatternToken_074,Category_I,S020|S186
IT01458,TopicToken_01458 ProcessToken_138 PatternToken_087,Category_M,S140|S236|S085|S207
IT01459,TopicToken_01459 ProcessToken_195 PatternToken_017,Category_G,S128|S104|S156|S017
IT01460,TopicToken_01460 ProcessToken_157 PatternToken_032,Category_Q,S088|S230|S226|S046
IT01461,TopicToken_01461 ProcessToken_113 PatternToken_060,Category_S,S001|S187|S200|S093
IT01462,TopicToken_01462 ProcessToken_086 PatternToken_045,Category_G,S159|S006
IT01463,TopicToken_01463 ProcessToken_015 PatternToken_001,Category_A,S119|S087
IT01464,TopicToken_01464 ProcessToken_016 PatternToken_048,Category_M,S060|S147|S077|S078|S236
IT01465,TopicToken_01465 ProcessToken_128 PatternToken_042,Category_M,S124|S035|S210|S043|S177
IT01466,TopicToken_01466 ProcessToken_135 PatternToken_099,Category_I,S211|S207
IT01467,TopicToken_01467 ProcessToken_109 PatternToken_003,Category_N,S193|S097|S012
IT01468,TopicToken_01468 ProcessToken_086 PatternToken_095,Category_A,S024|S184|S146|S076|S200
IT01469,TopicToken_01469 ProcessToken_174 PatternToken_023,Category_S,S032|S144|S238|S101
IT01470,TopicToken_01470 ProcessToken_025 PatternToken_009,Category_N,S238|S125|S048|S035
IT01471,TopicToken_01471 ProcessToken_148 PatternToken_082,Category_I,S105|S067|S074|S129
IT01472,TopicToken_01472 ProcessToken_035 PatternToken_023,Category_D,S160|S074
IT01473,TopicToken_01473 ProcessToken_087 PatternToken_082,Category_D,S032|S122|S192|S165|S220
IT01474,TopicToken_01474 ProcessToken_097 PatternToken_059,Category_F,S173|S044|S011
IT01475,TopicToken_01475 ProcessToken_115 PatternToken_080,Category_C,S129|S149|S079|S063
IT01476,TopicToken_01476 ProcessToken_112 PatternToken_029,Category_C,S170|S156|S135
IT01477,TopicToken_01477 ProcessToken_097 PatternToken_019,Category_M,S160|S058|S049
IT01478,TopicToken_01478 ProcessToken_030 PatternToken_023,Category_K,S213|S051
IT01479,TopicToken_01479 ProcessToken_032 PatternToken_084,Category_R,S221|S058
IT01480,TopicToken_01480 ProcessToken_158 PatternToken_073,Category_P,S122|S182|S101
IT01481,TopicToken_01481 ProcessToken_014 PatternToken_044,Category_M,S226|S057
IT01482,TopicToken_01482 ProcessToken_028 PatternToken_069,Category_E,S146|S098|S192
IT01483,TopicToken_01483 ProcessToken_094 PatternToken_042,Category_E,S046|S117|S060
IT01484,TopicToken_01484 ProcessToken_108 PatternToken_017,Category_H,S075|S168|S037|S013
IT01485,TopicToken_01485 ProcessToken_161 PatternToken_002,Category_N,S079|S161|S182
IT01486,TopicToken_01486 ProcessToken_061 PatternToken_009,Category_M,S171|S225
IT01487,TopicToken_01487 ProcessToken_151 PatternToken_069,Category_N,S089|S113|S162
IT01488,TopicToken_01488 ProcessToken_054 PatternToken_041,Category_F,S162|S085|S068|S132
IT01489,TopicToken_01489 ProcessToken_157 PatternToken_043,Category_Q,S232|S226|S046|S187
IT01490,TopicToken_01490 ProcessToken_106 PatternToken_084,Category_E,S073|S223
IT01491,TopicToken_01491 ProcessToken_089 PatternToken_032,Category_G,S055|S111|S212|S097|S004
IT01492,TopicToken_01492 ProcessToken_020 PatternToken_030,Category_K,S090|S009|S022
IT01493,TopicToken_01493 ProcessToken_092 PatternToken_037,Category_C,S183|S074|S238
IT01494,TopicToken_01494 ProcessToken_142 PatternToken_043,Category_F,S230|S231
IT01495,TopicToken_01495 ProcessToken_072 PatternToken_073,Category_N,S083|S161|S206|S221|S040
IT01496,TopicToken_01496 ProcessToken_160 PatternToken_065,Category_R,S176|S001|S216|S020
IT01497,TopicToken_01497 ProcessToken_121 PatternToken_019,Category_C,S048|S030|S024|S081
IT01498,TopicToken_01498 ProcessToken_184 PatternToken_033,Category_T,S062|S214|S040|S072
IT01499,TopicToken_01499 ProcessToken_034 PatternToken_087,Category_O,S158|S139|S027|S055|S032
IT01500,TopicToken_01500 ProcessToken_010 PatternToken_007,Category_O,S021|S081|S190
IT01501,TopicToken_01501 ProcessToken_079 PatternToken_098,Category_S,S213|S163|S003|S022|S199
IT01502,TopicToken_01502 ProcessToken_162 PatternToken_066,Category_B,S207|S139
IT01503,TopicToken_01503 ProcessToken_180 PatternToken_023,Category_J,S113|S085|S055|S114|S013
IT01504,TopicToken_01504 ProcessToken_118 PatternToken_049,Category_H,S191|S025
IT01505,TopicToken_01505 ProcessToken_148 PatternToken_077,Category_N,S169|S055|S013|S127|S040
IT01506,TopicToken_01506 ProcessToken_054 PatternToken_082,Category_F,S130|S197|S129
IT01507,TopicToken_01507 ProcessToken_089 PatternToken_060,Category_N,S051|S022|S183
IT01508,TopicToken_01508 ProcessToken_018 PatternToken_004,Category_L,S007|S222|S001|S108
IT01509,TopicToken_01509 ProcessToken_195 PatternToken_030,Category_P,S160|S029|S069|S073
IT01510,TopicToken_01510 ProcessToken_158 PatternToken_053,Category_D,S118|S059|S053
IT01511,TopicToken_01511 ProcessToken_002 PatternToken_065,Category_K,S099|S080
IT01512,TopicToken_01512 ProcessToken_061 PatternToken_099,Category_N,S067|S018|S240
IT01513,TopicToken_01513 ProcessToken_072 PatternToken_072,Category_K,S100|S027|S014|S156|S155
IT01514,TopicToken_01514 ProcessToken_091 PatternToken_098,Category_S,S045|S008|S188
IT01515,TopicToken_01515 ProcessToken_065 PatternToken_094,Category_J,S178|S038
IT01516,TopicToken_01516 ProcessToken_072 PatternToken_084,Category_A,S014|S126|S021|S147
IT01517,TopicToken_01517 ProcessToken_002 PatternToken_080,Category_F,S195|S089|S003|S018
IT01518,TopicToken_01518 ProcessToken_180 PatternToken_088,Category_B,S044|S180
IT01519,TopicToken_01519 ProcessToken_143 PatternToken_066,Category_L,S009|S156|S127|S233|S051
IT01520,TopicToken_01520 ProcessToken_176 PatternToken_024,Category_M,S043|S044|S061|S132
IT01521,TopicToken_01521 ProcessToken_125 PatternToken_054,Category_Q,S095|S132|S227
IT01522,TopicToken_01522 ProcessToken_034 PatternToken_058,Category_C,S128|S010|S080|S053
IT01523,TopicToken_01523 ProcessToken_038 PatternToken_045,Category_G,S168|S232|S052
IT01524,TopicToken_01524 ProcessToken_032 PatternToken_003,Category_C,S132|S100
IT01525,TopicToken_01525 ProcessToken_172 PatternToken_064,Category_T,S048|S213
IT01526,TopicToken_01526 ProcessToken_159 PatternToken_053,Category_P,S003|S025
IT01527,TopicToken_01527 ProcessToken_096 PatternToken_026,Category_F,S061|S085|S163|S059
IT01528,TopicToken_01528 ProcessToken_063 PatternToken_059,Category_K,S073|S218
IT01529,TopicToken_01529 ProcessToken_132 PatternToken_072,Category_S,S065|S052|S094|S175
IT01530,TopicToken_01530 ProcessToken_139 PatternToken_040,Category_G,S117|S008
IT01531,TopicToken_01531 ProcessToken_169 PatternToken_041,Category_G,S185|S037|S068|S234
IT01532,TopicToken_01532 ProcessToken_037 PatternToken_085,Category_L,S148|S089
IT01533,TopicToken_01533 ProcessToken_027 PatternToken_100,Category_M,S030|S056|S237
IT01534,TopicToken_01534 ProcessToken_138 PatternToken_026,Category_T,S141|S087
IT01535,TopicToken_01535 ProcessToken_170 PatternToken_078,Category_F,S220|S201|S131|S088|S196
IT01536,TopicToken_01536 ProcessToken_062 PatternToken_071,Category_D,S156|S237
IT01537,TopicToken_01537 ProcessToken_129 PatternToken_062,Category_M,S209|S088|S016|S021|S013
IT01538,TopicToken_01538 ProcessToken_113 PatternToken_053,Category_F,S136|S210|S028|S021|S151
IT01539,TopicToken_01539 ProcessToken_155 PatternToken_089,Category_O,S222|S178|S068
IT01540,TopicToken_01540 ProcessToken_144 PatternToken_044,Category_L,S058|S138|S115
IT01541,TopicToken_01541 ProcessToken_114 PatternToken_017,Category_J,S150|S034|S060|S049
IT01542,TopicToken_01542 ProcessToken_007 PatternToken_038,Category_B,S049|S218
IT01543,TopicToken_01543 ProcessToken_045 PatternToken_046,Category_Q,S050|S177|S172|S108|S100
IT01544,TopicToken_01544 ProcessToken_140 PatternToken_092,Category_Q,S176|S078
IT01545,TopicToken_01545 ProcessToken_065 PatternToken_085,Category_A,S026|S061|S044
IT01546,TopicToken_01546 ProcessToken_018 PatternToken_056,Category_M,S048|S133|S193|S127|S067
IT01547,TopicToken_01547 ProcessToken_053 PatternToken_014,Category_A,S208|S138|S021
IT01548,TopicToken_01548 ProcessToken_110 PatternToken_092,Category_Q,S078|S117|S093|S031
IT01549,TopicToken_01549 ProcessToken_048 PatternToken_063,Category_C,S225|S206|S084|S228
IT01550,TopicToken_01550 ProcessToken_157 PatternToken_051,Category_Q,S006|S234
IT01551,TopicToken_01551 ProcessToken_016 PatternToken_071,Category_H,S188|S236|S028|S134
IT01552,TopicToken_01552 ProcessToken_153 PatternToken_069,Category_T,S169|S139|S100|S183
IT01553,TopicToken_01553 ProcessToken_081 PatternToken_062,Category_K,S135|S070|S140|S216
IT01554,TopicToken_01554 ProcessToken_065 PatternToken_010,Category_N,S205|S081|S151|S047
IT01555,TopicToken_01555 ProcessToken_176 PatternToken_075,Category_T,S103|S083|S069
IT01556,TopicToken_01556 ProcessToken_135 PatternToken_030,Category_L,S130|S202
IT01557,TopicToken_01557 ProcessToken_155 PatternToken_097,Category_F,S027|S218|S072
IT01558,TopicToken_01558 ProcessToken_163 PatternToken_018,Category_P,S050|S113
IT01559,TopicToken_01559 ProcessToken_177 PatternToken_063,Category_Q,S144|S019|S209|S161
IT01560,TopicToken_01560 ProcessToken_005 PatternToken_014,Category_T,S109|S238|S003|S127
IT01561,TopicToken_01561 ProcessToken_075 PatternToken_090,Category_K,S127|S087
IT01562,TopicToken_01562 ProcessToken_188 PatternToken_003,Category_N,S146|S142|S218
IT01563,TopicToken_01563 ProcessToken_003 PatternToken_082,Category_H,S148|S084|S108|S026
IT01564,TopicToken_01564 ProcessToken_043 PatternToken_005,Category_S,S073|S139|S107|S194
IT01565,TopicToken_01565 ProcessToken_138 PatternToken_001,Category_B,S184|S199
IT01566,TopicToken_01566 ProcessToken_158 PatternToken_049,Category_B,S074|S142|S028|S073|S195
IT01567,TopicToken_01567 ProcessToken_052 PatternToken_079,Category_F,S096|S037|S005|S150
IT01568,TopicToken_01568 ProcessToken_026 PatternToken_022,Category_Q,S164|S058|S135|S188
IT01569,TopicToken_01569 ProcessToken_129 PatternToken_034,Category_C,S175|S239
IT01570,TopicToken_01570 ProcessToken_030 PatternToken_027,Category_Q,S127|S170|S033|S110
IT01571,TopicToken_01571 ProcessToken_019 PatternToken_035,Category_C,S187|S186
IT01572,TopicToken_01572 ProcessToken_163 PatternToken_009,Category_H,S091|S165|S236|S017
IT01573,TopicToken_01573 ProcessToken_129 PatternToken_023,Category_B,S212|S039|S190
IT01574,TopicToken_01574 ProcessToken_068 PatternToken_008,Category_O,S122|S155
IT01575,TopicToken_01575 ProcessToken_080 PatternToken_046,Category_B,S177|S016|S155|S236|S028
IT01576,TopicToken_01576 ProcessToken_011 PatternToken_074,Category_G,S165|S136|S166|S033
IT01577,TopicToken_01577 ProcessToken_190 PatternToken_042,Category_N,S237|S234|S198|S184|S128
IT01578,TopicToken_01578 ProcessToken_061 PatternToken_074,Category_T,S072|S222|S004|S199|S152
IT01579,TopicToken_01579 ProcessToken_048 PatternToken_001,Category_A,S183|S119|S150
IT01580,TopicToken_01580 ProcessToken_132 PatternToken_056,Category_R,S089|S133|S057|S194
IT01581,TopicToken_01581 ProcessToken_041 PatternToken_086,Category_S,S156|S235
IT01582,TopicToken_01582 ProcessToken_069 PatternToken_018,Category_G,S037|S070|S077
IT01583,TopicToken_01583 ProcessToken_067 PatternToken_083,Category_E,S176|S133|S028
IT01584,TopicToken_01584 ProcessToken_187 PatternToken_046,Category_B,S099|S094
IT01585,TopicToken_01585 ProcessToken_101 PatternToken_086,Category_G,S228|S222|S199|S210|S120
IT01586,TopicToken_01586 ProcessToken_065 PatternToken_070,Category_B,S230|S091|S200|S172
IT01587,TopicToken_01587 ProcessToken_090 PatternToken_039,Category_A,S059|S130
IT01588,TopicToken_01588 ProcessToken_165 PatternToken_069,Category_S,S007|S047|S100|S058|S059
IT01589,TopicToken_01589 ProcessToken_187 PatternToken_064,Category_R,S167|S046|S198|S121|S211
IT01590,TopicToken_01590 ProcessToken_170 PatternToken_073,Category_C,S173|S194|S041|S186
IT01591,TopicToken_01591 ProcessToken_160 PatternToken_026,Category_B,S175|S015|S172
IT01592,TopicToken_01592 ProcessToken_042 PatternToken_081,Category_A,S103|S148|S043|S126
IT01593,TopicToken_01593 ProcessToken_074 PatternToken_090,Category_D,S075|S010|S143|S201
IT01594,TopicToken_01594 ProcessToken_041 PatternToken_075,Category_J,S062|S030|S113|S088|S135
IT01595,TopicToken_01595 ProcessToken_153 PatternToken_005,Category_M,S029|S140|S156|S210
IT01596,TopicToken_01596 ProcessToken_019 PatternToken_024,Category_C,S224|S063|S144|S170|S137
IT01597,TopicToken_01597 ProcessToken_066 PatternToken_070,Category_S,S177|S112|S088|S100|S102
IT01598,TopicToken_01598 ProcessToken_170 PatternToken_087,Category_C,S048|S089|S039|S069
IT01599,TopicToken_01599 ProcessToken_058 PatternToken_075,Category_R,S041|S080|S166
IT01600,TopicToken_01600 ProcessToken_101 PatternToken_081,Category_N,S111|S148|S158|S023
IT01601,TopicToken_01601 ProcessToken_166 PatternToken_030,Category_Q,S135|S175|S066
IT01602,TopicToken_01602 ProcessToken_169 PatternToken_035,Category_J,S047|S085
IT01603,TopicToken_01603 ProcessToken_060 PatternToken_005,Category_S,S229|S175|S043
IT01604,TopicToken_01604 ProcessToken_186 PatternToken_027,Category_P,S231|S108|S228
IT01605,TopicToken_01605 ProcessToken_025 PatternToken_010,Category_L,S239|S121
IT01606,TopicToken_01606 ProcessToken_021 PatternToken_093,Category_E,S073|S150|S225|S224
IT01607,TopicToken_01607 ProcessToken_120 PatternToken_019,Category_F,S038|S005
IT01608,TopicToken_01608 ProcessToken_066 PatternToken_002,Category_S,S234|S033|S164|S111|S103
IT01609,TopicToken_01609 ProcessToken_046 PatternToken_077,Category_C,S169|S031|S225
IT01610,TopicToken_01610 ProcessToken_088 PatternToken_068,Category_C,S077|S237|S009|S207
IT01611,TopicToken_01611 ProcessToken_006 PatternToken_057,Category_O,S081|S165|S142
IT01612,TopicToken_01612 ProcessToken_141 PatternToken_021,Category_T,S057|S162
IT01613,TopicToken_01613 ProcessToken_064 PatternToken_055,Category_P,S119|S175|S193
IT01614,TopicToken_01614 ProcessToken_010 PatternToken_055,Category_R,S106|S159|S054|S154
IT01615,TopicToken_01615 ProcessToken_166 PatternToken_024,Category_R,S086|S049|S229|S225
IT01616,TopicToken_01616 ProcessToken_118 PatternToken_071,Category_P,S168|S232|S200|S110
IT01617,TopicToken_01617 ProcessToken_130 PatternToken_048,Category_G,S161|S203
IT01618,TopicToken_01618 ProcessToken_124 PatternToken_022,Category_M,S030|S113
IT01619,TopicToken_01619 ProcessToken_048 PatternToken_024,Category_Q,S154|S133|S071|S141
IT01620,TopicToken_01620 ProcessToken_115 PatternToken_037,Category_K,S170|S226
IT01621,TopicToken_01621 ProcessToken_060 PatternToken_047,Category_N,S213|S199|S103|S151|S070
IT01622,TopicToken_01622 ProcessToken_107 PatternToken_059,Category_H,S204|S164|S057|S026
IT01623,TopicToken_01623 ProcessToken_089 PatternToken_062,Category_F,S139|S045|S089
IT01624,TopicToken_01624 ProcessToken_132 PatternToken_048,Category_R,S177|S010
IT01625,TopicToken_01625 ProcessToken_108 PatternToken_059,Category_C,S141|S153
IT01626,TopicToken_01626 ProcessToken_141 PatternToken_073,Category_R,S204|S013|S129|S055
IT01627,TopicToken_01627 ProcessToken_173 PatternToken_064,Category_I,S037|S014
IT01628,TopicToken_01628 ProcessToken_100 PatternToken_022,Category_T,S023|S006|S072|S177|S143
IT01629,TopicToken_01629 ProcessToken_053 PatternToken_093,Category_R,S036|S026|S047
IT01630,TopicToken_01630 ProcessToken_052 PatternToken_049,Category_O,S101|S068|S098|S166
IT01631,TopicToken_01631 ProcessToken_021 PatternToken_025,Category_G,S003|S224|S017|S023
IT01632,TopicToken_01632 ProcessToken_028 PatternToken_041,Category_E,S234|S158|S201
IT01633,TopicToken_01633 ProcessToken_172 PatternToken_041,Category_B,S182|S147
IT01634,TopicToken_01634 ProcessToken_120 PatternToken_093,Category_O,S180|S159|S213|S190
IT01635,TopicToken_01635 ProcessToken_024 PatternToken_008,Category_O,S032|S226|S205
IT01636,TopicToken_01636 ProcessToken_113 PatternToken_020,Category_J,S124|S056
IT01637,TopicToken_01637 ProcessToken_084 PatternToken_059,Category_H,S032|S002|S205
IT01638,TopicToken_01638 ProcessToken_054 PatternToken_064,Category_G,S098|S018
IT01639,TopicToken_01639 ProcessToken_177 PatternToken_034,Category_K,S217|S212|S233|S054
IT01640,TopicToken_01640 ProcessToken_058 PatternToken_029,Category_A,S221|S098
IT01641,TopicToken_01641 ProcessToken_106 PatternToken_025,Category_H,S161|S078|S177
IT01642,TopicToken_01642 ProcessToken_144 PatternToken_073,Category_D,S080|S191|S109
IT01643,TopicToken_01643 ProcessToken_070 PatternToken_071,Category_H,S094|S046|S067|S160
IT01644,TopicToken_01644 ProcessToken_045 PatternToken_098,Category_J,S076|S142|S162
IT01645,TopicToken_01645 ProcessToken_133 PatternToken_057,Category_L,S119|S096|S130|S032
IT01646,TopicToken_01646 ProcessToken_092 PatternToken_076,Category_B,S061|S174|S123|S135|S077
IT01647,TopicToken_01647 ProcessToken_090 PatternToken_035,Category_G,S116|S192|S162|S005|S179
IT01648,TopicToken_01648 ProcessToken_001 PatternToken_054,Category_R,S202|S019
IT01649,TopicToken_01649 ProcessToken_005 PatternToken_094,Category_T,S225|S093|S228|S189|S151
IT01650,TopicToken_01650 ProcessToken_164 PatternToken_074,Category_C,S036|S089
IT01651,TopicToken_01651 ProcessToken_177 PatternToken_054,Category_I,S030|S128|S054|S182|S129
IT01652,TopicToken_01652 ProcessToken_089 PatternToken_018,Category_D,S039|S083|S025|S124|S067
IT01653,TopicToken_01653 ProcessToken_148 PatternToken_068,Category_P,S153|S038|S112|S141
IT01654,TopicToken_01654 ProcessToken_141 PatternToken_028,Category_S,S017|S033|S140|S079|S084
IT01655,TopicToken_01655 ProcessToken_043 PatternToken_027,Category_T,S141|S021
IT01656,TopicToken_01656 ProcessToken_001 PatternToken_046,Category_C,S043|S220|S159|S107|S204
IT01657,TopicToken_01657 ProcessToken_183 PatternToken_027,Category_I,S036|S187|S110
IT01658,TopicToken_01658 ProcessToken_032 PatternToken_094,Category_T,S230|S114|S046|S217
IT01659,TopicToken_01659 ProcessToken_157 PatternToken_086,Category_S,S026|S228|S132|S239
IT01660,TopicToken_01660 ProcessToken_142 PatternToken_034,Category_G,S183|S189|S059|S142
IT01661,TopicToken_01661 ProcessToken_184 PatternToken_060,Category_J,S095|S083|S075|S207|S177
IT01662,TopicToken_01662 ProcessToken_005 PatternToken_034,Category_L,S090|S145
IT01663,TopicToken_01663 ProcessToken_105 PatternToken_091,Category_L,S082|S068|S237
IT01664,TopicToken_01664 ProcessToken_087 PatternToken_029,Category_K,S106|S168
IT01665,TopicToken_01665 ProcessToken_135 PatternToken_033,Category_O,S168|S214|S037|S172
IT01666,TopicToken_01666 ProcessToken_062 PatternToken_079,Category_M,S164|S061|S038|S109
IT01667,TopicToken_01667 ProcessToken_061 PatternToken_057,Category_F,S150|S028|S064|S101
IT01668,TopicToken_01668 ProcessToken_051 PatternToken_039,Category_H,S121|S157|S017|S130
IT01669,TopicToken_01669 ProcessToken_121 PatternToken_099,Category_C,S138|S210|S164|S013|S020
IT01670,TopicToken_01670 ProcessToken_073 PatternToken_022,Category_E,S236|S176|S035
IT01671,TopicToken_01671 ProcessToken_153 PatternToken_097,Category_P,S169|S153|S075|S021|S095
IT01672,TopicToken_01672 ProcessToken_086 PatternToken_090,Category_T,S038|S040|S021|S045
IT01673,TopicToken_01673 ProcessToken_059 PatternToken_021,Category_M,S083|S070
IT01674,TopicToken_01674 ProcessToken_169 PatternToken_008,Category_R,S047|S225|S155
IT01675,TopicToken_01675 ProcessToken_011 PatternToken_046,Category_J,S234|S052|S170|S044|S162
IT01676,TopicToken_01676 ProcessToken_166 PatternToken_080,Category_E,S133|S207
IT01677,TopicToken_01677 ProcessToken_117 PatternToken_099,Category_A,S129|S215|S083|S217
IT01678,TopicToken_01678 ProcessToken_075 PatternToken_079,Category_P,S009|S127|S035|S143
IT01679,TopicToken_01679 ProcessToken_009 PatternToken_097,Category_N,S119|S223|S063|S222|S136
IT01680,TopicToken_01680 ProcessToken_048 PatternToken_037,Category_B,S088|S036|S237|S106
IT01681,TopicToken_01681 ProcessToken_086 PatternToken_100,Category_K,S004|S007
IT01682,TopicToken_01682 ProcessToken_069 PatternToken_047,Category_D,S231|S176|S217|S215
IT01683,TopicToken_01683 ProcessToken_080 PatternToken_070,Category_Q,S006|S178|S033|S159|S107
IT01684,TopicToken_01684 ProcessToken_062 PatternToken_001,Category_P,S116|S021|S020
IT01685,TopicToken_01685 ProcessToken_191 PatternToken_097,Category_H,S089|S001|S166|S009
IT01686,TopicToken_01686 ProcessToken_147 PatternToken_010,Category_S,S160|S046|S186|S176|S073
IT01687,TopicToken_01687 ProcessToken_091 PatternToken_039,Category_G,S228|S185
IT01688,TopicToken_01688 ProcessToken_072 PatternToken_063,Category_S,S085|S099
IT01689,TopicToken_01689 ProcessToken_074 PatternToken_059,Category_D,S160|S124
IT01690,TopicToken_01690 ProcessToken_048 PatternToken_089,Category_S,S127|S081|S204|S126|S009
IT01691,TopicToken_01691 ProcessToken_047 PatternToken_058,Category_L,S115|S182|S022|S197
IT01692,TopicToken_01692 ProcessToken_023 PatternToken_019,Category_P,S234|S001|S126|S183
IT01693,TopicToken_01693 ProcessToken_165 PatternToken_048,Category_D,S057|S031|S166|S179|S018
IT01694,TopicToken_01694 ProcessToken_111 PatternToken_037,Category_M,S088|S164|S043
IT01695,TopicToken_01695 ProcessToken_186 PatternToken_077,Category_A,S026|S073|S103|S210
IT01696,TopicToken_01696 ProcessToken_030 PatternToken_020,Category_E,S217|S058|S060|S193|S083
IT01697,TopicToken_01697 ProcessToken_113 PatternToken_099,Category_B,S063|S088
IT01698,TopicToken_01698 ProcessToken_002 PatternToken_019,Category_S,S096|S136|S117|S200|S113
IT01699,TopicToken_01699 ProcessToken_072 PatternToken_098,Category_D,S008|S196|S051|S147|S220
IT01700,TopicToken_01700 ProcessToken_035 PatternToken_098,Category_D,S131|S112
IT01701,TopicToken_01701 ProcessToken_017 PatternToken_060,Category_J,S213|S059|S222
IT01702,TopicToken_01702 ProcessToken_155 PatternToken_062,Category_O,S218|S161
IT01703,TopicToken_01703 ProcessToken_146 PatternToken_067,Category_J,S086|S096|S138|S041
IT01704,TopicToken_01704 ProcessToken_023 PatternToken_021,Category_O,S156|S109|S042|S122|S064
IT01705,TopicToken_01705 ProcessToken_076 PatternToken_092,Category_P,S217|S093
IT01706,TopicToken_01706 ProcessToken_182 PatternToken_036,Category_F,S081|S226|S167
IT01707,TopicToken_01707 ProcessToken_167 PatternToken_075,Category_D,S125|S069
IT01708,TopicToken_01708 ProcessToken_119 PatternToken_004,Category_G,S193|S075|S176|S179|S088
IT01709,TopicToken_01709 ProcessToken_090 PatternToken_038,Category_N,S204|S180|S164|S153|S211
IT01710,TopicToken_01710 ProcessToken_198 PatternToken_016,Category_Q,S185|S060
IT01711,TopicToken_01711 ProcessToken_094 PatternToken_080,Category_D,S180|S012|S128
IT01712,TopicToken_01712 ProcessToken_047 PatternToken_022,Category_D,S089|S152
IT01713,TopicToken_01713 ProcessToken_173 PatternToken_056,Category_H,S234|S232|S163|S120|S077
IT01714,TopicToken_01714 ProcessToken_080 PatternToken_036,Category_H,S036|S152
IT01715,TopicToken_01715 ProcessToken_167 PatternToken_023,Category_H,S042|S209|S064|S045|S161
IT01716,TopicToken_01716 ProcessToken_134 PatternToken_020,Category_F,S028|S230|S188|S223|S171
IT01717,TopicToken_01717 ProcessToken_122 PatternToken_098,Category_R,S050|S232|S124|S030|S022
IT01718,TopicToken_01718 ProcessToken_053 PatternToken_012,Category_A,S181|S015
IT01719,TopicToken_01719 ProcessToken_192 PatternToken_041,Category_L,S142|S016|S046
IT01720,TopicToken_01720 ProcessToken_085 PatternToken_051,Category_D,S215|S182|S181
IT01721,TopicToken_01721 ProcessToken_017 PatternToken_077,Category_D,S215|S059|S196|S197|S187
IT01722,TopicToken_01722 ProcessToken_166 PatternToken_034,Category_H,S159|S169
IT01723,TopicToken_01723 ProcessToken_063 PatternToken_008,Category_I,S128|S077|S238|S116
IT01724,TopicToken_01724 ProcessToken_030 PatternToken_037,Category_L,S180|S098
IT01725,TopicToken_01725 ProcessToken_001 PatternToken_086,Category_F,S078|S218|S077|S133
IT01726,TopicToken_01726 ProcessToken_149 PatternToken_007,Category_E,S116|S210
IT01727,TopicToken_01727 ProcessToken_181 PatternToken_009,Category_K,S206|S182|S085
IT01728,TopicToken_01728 ProcessToken_100 PatternToken_068,Category_T,S129|S108|S120|S170
IT01729,TopicToken_01729 ProcessToken_152 PatternToken_075,Category_C,S079|S101|S024|S090|S187
IT01730,TopicToken_01730 ProcessToken_042 PatternToken_049,Category_N,S218|S099
IT01731,TopicToken_01731 ProcessToken_131 PatternToken_085,Category_L,S018|S193
IT01732,TopicToken_01732 ProcessToken_054 PatternToken_006,Category_E,S021|S008|S149|S061|S094
IT01733,TopicToken_01733 ProcessToken_198 PatternToken_050,Category_I,S162|S088
IT01734,TopicToken_01734 ProcessToken_055 PatternToken_013,Category_I,S173|S229|S232|S063|S043
IT01735,TopicToken_01735 ProcessToken_058 PatternToken_034,Category_M,S035|S026
IT01736,TopicToken_01736 ProcessToken_038 PatternToken_060,Category_P,S003|S205
IT01737,TopicToken_01737 ProcessToken_154 PatternToken_017,Category_B,S201|S108|S221|S033|S198
IT01738,TopicToken_01738 ProcessToken_003 PatternToken_054,Category_M,S162|S175|S126
IT01739,TopicToken_01739 ProcessToken_137 PatternToken_058,Category_D,S007|S014|S080
IT01740,TopicToken_01740 ProcessToken_100 PatternToken_074,Category_G,S133|S084
IT01741,TopicToken_01741 ProcessToken_022 PatternToken_086,Category_I,S142|S126|S100
IT01742,TopicToken_01742 ProcessToken_193 PatternToken_026,Category_I,S015|S079|S103|S010
IT01743,TopicToken_01743 ProcessToken_170 PatternToken_004,Category_R,S196|S120|S142|S025|S026
IT01744,TopicToken_01744 ProcessToken_089 PatternToken_048,Category_D,S224|S045
IT01745,TopicToken_01745 ProcessToken_190 PatternToken_094,Category_H,S127|S209|S124|S208
IT01746,TopicToken_01746 ProcessToken_177 PatternToken_017,Category_B,S125|S054|S026|S181|S136
IT01747,TopicToken_01747 ProcessToken_083 PatternToken_029,Category_G,S224|S108
IT01748,TopicToken_01748 ProcessToken_070 PatternToken_072,Category_M,S219|S236|S083
IT01749,TopicToken_01749 ProcessToken_032 PatternToken_044,Category_C,S026|S150|S063|S155|S068
IT01750,TopicToken_01750 ProcessToken_111 PatternToken_097,Category_R,S164|S095|S118
IT01751,TopicToken_01751 ProcessToken_109 PatternToken_046,Category_R,S191|S067
IT01752,TopicToken_01752 ProcessToken_110 PatternToken_070,Category_G,S103|S175|S077|S032|S221
IT01753,TopicToken_01753 ProcessToken_092 PatternToken_038,Category_C,S026|S187
IT01754,TopicToken_01754 ProcessToken_132 PatternToken_068,Category_E,S087|S070|S091|S086
IT01755,TopicToken_01755 ProcessToken_064 PatternToken_021,Category_A,S186|S039|S162|S112|S110
IT01756,TopicToken_01756 ProcessToken_175 PatternToken_059,Category_Q,S157|S048|S043|S040
IT01757,TopicToken_01757 ProcessToken_115 PatternToken_085,Category_T,S136|S100|S046
IT01758,TopicToken_01758 ProcessToken_082 PatternToken_002,Category_C,S171|S221
IT01759,TopicToken_01759 ProcessToken_088 PatternToken_041,Category_D,S074|S207|S208|S198
IT01760,TopicToken_01760 ProcessToken_131 PatternToken_016,Category_B,S100|S061|S086|S144|S074
IT01761,TopicToken_01761 ProcessToken_020 PatternToken_044,Category_T,S152|S064
IT01762,TopicToken_01762 ProcessToken_082 PatternToken_003,Category_Q,S026|S189|S097
IT01763,TopicToken_01763 ProcessToken_108 PatternToken_062,Category_C,S128|S203|S182
IT01764,TopicToken_01764 ProcessToken_061 PatternToken_071,Category_T,S082|S137
IT01765,TopicToken_01765 ProcessToken_087 PatternToken_096,Category_B,S048|S135|S067|S122|S053
IT01766,TopicToken_01766 ProcessToken_164 PatternToken_070,Category_A,S047|S177
IT01767,TopicToken_01767 ProcessToken_144 PatternToken_059,Category_M,S203|S122|S034|S094|S052
IT01768,TopicToken_01768 ProcessToken_045 PatternToken_011,Category_F,S119|S049
IT01769,TopicToken_01769 ProcessToken_096 PatternToken_041,Category_M,S043|S040|S002|S078
IT01770,TopicToken_01770 ProcessToken_198 PatternToken_065,Category_T,S172|S165|S154|S202
IT01771,TopicToken_01771 ProcessToken_028 PatternToken_057,Category_G,S071|S130|S181|S185|S218
IT01772,TopicToken_01772 ProcessToken_021 PatternToken_028,Category_D,S140|S045
IT01773,TopicToken_01773 ProcessToken_027 PatternToken_062,Category_B,S011|S141|S177|S080
IT01774,TopicToken_01774 ProcessToken_152 PatternToken_058,Category_J,S211|S002|S073|S194
IT01775,TopicToken_01775 ProcessToken_170 PatternToken_019,Category_O,S115|S037|S086|S127|S091
IT01776,TopicToken_01776 ProcessToken_180 PatternToken_062,Category_K,S077|S118|S214|S184
IT01777,TopicToken_01777 ProcessToken_142 PatternToken_002,Category_D,S034|S232|S049
IT01778,TopicToken_01778 ProcessToken_062 PatternToken_031,Category_T,S205|S045|S037
IT01779,TopicToken_01779 ProcessToken_146 PatternToken_016,Category_E,S097|S133|S052|S074|S075
IT01780,TopicToken_01780 ProcessToken_057 PatternToken_038,Category_A,S103|S064|S172
IT01781,TopicToken_01781 ProcessToken_012 PatternToken_010,Category_D,S140|S044|S198|S232|S184
IT01782,TopicToken_01782 ProcessToken_135 PatternToken_083,Category_T,S069|S225|S161|S099|S235
IT01783,TopicToken_01783 ProcessToken_027 PatternToken_097,Category_H,S023|S155|S138
IT01784,TopicToken_01784 ProcessToken_110 PatternToken_058,Category_I,S230|S134|S042|S030
IT01785,TopicToken_01785 ProcessToken_030 PatternToken_033,Category_I,S237|S111|S066|S157|S080
IT01786,TopicToken_01786 ProcessToken_027 PatternToken_063,Category_C,S167|S027|S069|S108|S073
IT01787,TopicToken_01787 ProcessToken_096 PatternToken_058,Category_G,S059|S214|S055
IT01788,TopicToken_01788 ProcessToken_017 PatternToken_053,Category_Q,S125|S128
IT01789,TopicToken_01789 ProcessToken_021 PatternToken_073,Category_A,S217|S140|S232|S092
IT01790,TopicToken_01790 ProcessToken_049 PatternToken_076,Category_I,S013|S120|S154|S116|S213
IT01791,TopicToken_01791 ProcessToken_105 PatternToken_034,Category_E,S080|S123
IT01792,TopicToken_01792 ProcessToken_126 PatternToken_008,Category_C,S158|S105|S203
IT01793,TopicToken_01793 ProcessToken_156 PatternToken_087,Category_A,S232|S188|S090|S113
IT01794,TopicToken_01794 ProcessToken_160 PatternToken_059,Category_D,S231|S238|S139
IT01795,TopicToken_01795 ProcessToken_025 PatternToken_006,Category_F,S185|S098|S083|S032
IT01796,TopicToken_01796 ProcessToken_041 PatternToken_002,Category_C,S092|S069|S222|S200|S198
IT01797,TopicToken_01797 ProcessToken_111 PatternToken_066,Category_L,S165|S142|S002|S170
IT01798,TopicToken_01798 ProcessToken_192 PatternToken_030,Category_F,S037|S036|S145|S215
IT01799,TopicToken_01799 ProcessToken_165 PatternToken_001,Category_P,S101|S221|S019
IT01800,TopicToken_01800 ProcessToken_044 PatternToken_045,Category_B,S079|S240|S188|S024|S142
IT01801,TopicToken_01801 ProcessToken_111 PatternToken_090,Category_R,S188|S110|S061|S057|S002
IT01802,TopicToken_01802 ProcessToken_130 PatternToken_065,Category_E,S057|S126|S037|S149
IT01803,TopicToken_01803 ProcessToken_153 PatternToken_078,Category_D,S024|S038
IT01804,TopicToken_01804 ProcessToken_182 PatternToken_059,Category_K,S169|S065|S146
IT01805,TopicToken_01805 ProcessToken_109 PatternToken_042,Category_L,S238|S163
IT01806,TopicToken_01806 ProcessToken_142 PatternToken_058,Category_F,S058|S223|S146|S010|S061
IT01807,TopicToken_01807 ProcessToken_013 PatternToken_068,Category_B,S080|S063|S238|S234
IT01808,TopicToken_01808 ProcessToken_035 PatternToken_002,Category_L,S227|S223|S104|S239
IT01809,TopicToken_01809 ProcessToken_017 PatternToken_004,Category_S,S142|S072|S189|S062|S192
IT01810,TopicToken_01810 ProcessToken_116 PatternToken_040,Category_D,S155|S079|S221
IT01811,TopicToken_01811 ProcessToken_026 PatternToken_032,Category_F,S173|S063
IT01812,TopicToken_01812 ProcessToken_087 PatternToken_024,Category_G,S138|S039|S192|S130|S106
IT01813,TopicToken_01813 ProcessToken_009 PatternToken_078,Category_M,S224|S181|S006|S189|S023
IT01814,TopicToken_01814 ProcessToken_074 PatternToken_050,Category_A,S210|S101|S067
IT01815,TopicToken_01815 ProcessToken_049 PatternToken_071,Category_M,S063|S040|S097
IT01816,TopicToken_01816 ProcessToken_101 PatternToken_001,Category_O,S164|S104|S178|S125
IT01817,TopicToken_01817 ProcessToken_078 PatternToken_061,Category_B,S193|S164|S016
IT01818,TopicToken_01818 ProcessToken_156 PatternToken_039,Category_T,S189|S081|S170
IT01819,TopicToken_01819 ProcessToken_121 PatternToken_015,Category_P,S060|S089
IT01820,TopicToken_01820 ProcessToken_165 PatternToken_039,Category_J,S087|S155|S068|S235|S206
IT01821,TopicToken_01821 ProcessToken_132 PatternToken_055,Category_D,S027|S062|S200
IT01822,TopicToken_01822 ProcessToken_153 PatternToken_100,Category_M,S224|S140
IT01823,TopicToken_01823 ProcessToken_109 PatternToken_048,Category_A,S085|S211|S217|S038|S061
IT01824,TopicToken_01824 ProcessToken_166 PatternToken_055,Category_D,S003|S014|S080
IT01825,TopicToken_01825 ProcessToken_187 PatternToken_039,Category_J,S127|S020|S115|S238|S030
IT01826,TopicToken_01826 ProcessToken_006 PatternToken_026,Category_K,S068|S016|S130|S040|S203
IT01827,TopicToken_01827 ProcessToken_158 PatternToken_098,Category_A,S094|S115|S227|S193
IT01828,TopicToken_01828 ProcessToken_082 PatternToken_073,Category_I,S127|S075|S120|S101|S043
IT01829,TopicToken_01829 ProcessToken_165 PatternToken_020,Category_C,S168|S133
IT01830,TopicToken_01830 ProcessToken_184 PatternToken_088,Category_O,S235|S176|S022
IT01831,TopicToken_01831 ProcessToken_027 PatternToken_097,Category_B,S166|S025|S033|S207
IT01832,TopicToken_01832 ProcessToken_180 PatternToken_024,Category_D,S126|S051
IT01833,TopicToken_01833 ProcessToken_104 PatternToken_091,Category_N,S035|S181|S215|S201|S235
IT01834,TopicToken_01834 ProcessToken_175 PatternToken_046,Category_N,S191|S106|S188|S100
IT01835,TopicToken_01835 ProcessToken_086 PatternToken_003,Category_K,S210|S034|S129|S001
IT01836,TopicToken_01836 ProcessToken_183 PatternToken_094,Category_K,S011|S147
IT01837,TopicToken_01837 ProcessToken_023 PatternToken_063,Category_B,S114|S075|S217
IT01838,TopicToken_01838 ProcessToken_061 PatternToken_014,Category_K,S068|S208
IT01839,TopicToken_01839 ProcessToken_135 PatternToken_040,Category_R,S155|S043|S042|S169|S109
IT01840,TopicToken_01840 ProcessToken_066 PatternToken_051,Category_H,S134|S233
IT01841,TopicToken_01841 ProcessToken_016 PatternToken_052,Category_O,S186|S066
IT01842,TopicToken_01842 ProcessToken_169 PatternToken_084,Category_K,S055|S225|S108|S086
IT01843,TopicToken_01843 ProcessToken_178 PatternToken_023,Category_E,S084|S232
IT01844,TopicToken_01844 ProcessToken_175 PatternToken_029,Category_J,S193|S127|S101
IT01845,TopicToken_01845 ProcessToken_090 PatternToken_040,Category_M,S061|S125
IT01846,TopicToken_01846 ProcessToken_158 PatternToken_084,Category_C,S006|S049|S128|S018|S118
IT01847,TopicToken_01847 ProcessToken_040 PatternToken_072,Category_J,S005|S170
IT01848,TopicToken_01848 ProcessToken_194 PatternToken_081,Category_M,S035|S133|S215|S189
IT01849,TopicToken_01849 ProcessToken_087 PatternToken_066,Category_B,S221|S059|S146|S100|S112
IT01850,TopicToken_01850 ProcessToken_065 PatternToken_097,Category_F,S044|S016|S164
IT01851,TopicToken_01851 ProcessToken_080 PatternToken_010,Category_J,S203|S220
IT01852,TopicToken_01852 ProcessToken_188 PatternToken_079,Category_P,S193|S044|S218|S058
IT01853,TopicToken_01853 ProcessToken_038 PatternToken_055,Category_I,S157|S131|S010|S095|S054
IT01854,TopicToken_01854 ProcessToken_126 PatternToken_083,Category_A,S035|S009|S070|S137
IT01855,TopicToken_01855 ProcessToken_131 PatternToken_065,Category_O,S238|S106|S229|S228|S097
IT01856,TopicToken_01856 ProcessToken_155 PatternToken_092,Category_P,S222|S010|S155|S225
IT01857,TopicToken_01857 ProcessToken_117 PatternToken_087,Category_S,S046|S239|S200|S079
IT01858,TopicToken_01858 ProcessToken_069 PatternToken_058,Category_A,S066|S055|S067|S071
IT01859,TopicToken_01859 ProcessToken_176 PatternToken_020,Category_I,S134|S139|S007|S223
IT01860,TopicToken_01860 ProcessToken_189 PatternToken_036,Category_N,S187|S003|S222|S161|S057
IT01861,TopicToken_01861 ProcessToken_034 PatternToken_023,Category_A,S005|S215|S079|S074
IT01862,TopicToken_01862 ProcessToken_177 PatternToken_098,Category_F,S022|S009|S216|S158|S002
IT01863,TopicToken_01863 ProcessToken_048 PatternToken_025,Category_H,S236|S017|S238
IT01864,TopicToken_01864 ProcessToken_052 PatternToken_023,Category_G,S156|S055|S039|S035
IT01865,TopicToken_01865 ProcessToken_044 PatternToken_044,Category_N,S195|S191
IT01866,TopicToken_01866 ProcessToken_118 PatternToken_098,Category_D,S029|S146|S068|S125|S107
IT01867,TopicToken_01867 ProcessToken_052 PatternToken_062,Category_R,S002|S136|S046|S107
IT01868,TopicToken_01868 ProcessToken_166 PatternToken_055,Category_H,S084|S061|S040|S086
IT01869,TopicToken_01869 ProcessToken_017 PatternToken_023,Category_A,S014|S032|S030
IT01870,TopicToken_01870 ProcessToken_021 PatternToken_048,Category_T,S221|S190|S158|S113
IT01871,TopicToken_01871 ProcessToken_191 PatternToken_028,Category_C,S073|S052|S070|S152
IT01872,TopicToken_01872 ProcessToken_141 PatternToken_087,Category_E,S009|S073|S206|S090
IT01873,TopicToken_01873 ProcessToken_135 PatternToken_077,Category_K,S156|S120
IT01874,TopicToken_01874 ProcessToken_150 PatternToken_040,Category_D,S203|S072|S190|S038
IT01875,TopicToken_01875 ProcessToken_192 PatternToken_065,Category_B,S077|S230|S030|S193|S155
IT01876,TopicToken_01876 ProcessToken_038 PatternToken_025,Category_H,S080|S192|S162|S194|S141
IT01877,TopicToken_01877 ProcessToken_189 PatternToken_048,Category_H,S187|S014|S188|S173
IT01878,TopicToken_01878 ProcessToken_065 PatternToken_034,Category_D,S136|S045
IT01879,TopicToken_01879 ProcessToken_072 PatternToken_058,Category_N,S154|S196|S220|S240
IT01880,TopicToken_01880 ProcessToken_044 PatternToken_073,Category_S,S089|S081|S065|S198
IT01881,TopicToken_01881 ProcessToken_045 PatternToken_006,Category_A,S174|S213
IT01882,TopicToken_01882 ProcessToken_154 PatternToken_092,Category_C,S147|S088|S057|S130
IT01883,TopicToken_01883 ProcessToken_070 PatternToken_019,Category_B,S099|S119|S097
IT01884,TopicToken_01884 ProcessToken_149 PatternToken_094,Category_Q,S146|S235|S137
IT01885,TopicToken_01885 ProcessToken_005 PatternToken_010,Category_T,S002|S121|S060
IT01886,TopicToken_01886 ProcessToken_197 PatternToken_078,Category_O,S027|S116|S181
IT01887,TopicToken_01887 ProcessToken_049 PatternToken_050,Category_J,S212|S185|S071
IT01888,TopicToken_01888 ProcessToken_090 PatternToken_067,Category_I,S105|S218
IT01889,TopicToken_01889 ProcessToken_159 PatternToken_068,Category_S,S089|S183|S085|S202|S239
IT01890,TopicToken_01890 ProcessToken_163 PatternToken_061,Category_H,S115|S174
IT01891,TopicToken_01891 ProcessToken_073 PatternToken_029,Category_E,S080|S082|S206
IT01892,TopicToken_01892 ProcessToken_143 PatternToken_052,Category_T,S234|S101|S017
IT01893,TopicToken_01893 ProcessToken_096 PatternToken_028,Category_D,S229|S168
IT01894,TopicToken_01894 ProcessToken_151 PatternToken_061,Category_M,S187|S038
IT01895,TopicToken_01895 ProcessToken_078 PatternToken_080,Category_J,S070|S234
IT01896,TopicToken_01896 ProcessToken_149 PatternToken_077,Category_D,S108|S227|S171
IT01897,TopicToken_01897 ProcessToken_013 PatternToken_008,Category_J,S236|S101|S039|S212|S174
IT01898,TopicToken_01898 ProcessToken_149 PatternToken_008,Category_O,S225|S198|S166|S185
IT01899,TopicToken_01899 ProcessToken_098 PatternToken_085,Category_R,S081|S159
IT01900,TopicToken_01900 ProcessToken_095 PatternToken_049,Category_O,S043|S218|S183
IT01901,TopicToken_01901 ProcessToken_193 PatternToken_080,Category_B,S135|S222
IT01902,TopicToken_01902 ProcessToken_120 PatternToken_049,Category_I,S151|S055|S083
IT01903,TopicToken_01903 ProcessToken_076 PatternToken_097,Category_J,S002|S185|S205|S204
IT01904,TopicToken_01904 ProcessToken_180 PatternToken_048,Category_J,S096|S237|S054|S028|S168
IT01905,TopicToken_01905 ProcessToken_193 PatternToken_070,Category_O,S066|S093|S233|S175
IT01906,TopicToken_01906 ProcessToken_038 PatternToken_005,Category_C,S054|S169|S187|S173
IT01907,TopicToken_01907 ProcessToken_004 PatternToken_017,Category_H,S118|S017|S211
IT01908,TopicToken_01908 ProcessToken_175 PatternToken_022,Category_P,S048|S077|S012|S044|S231
IT01909,TopicToken_01909 ProcessToken_074 PatternToken_047,Category_H,S145|S195|S196
IT01910,TopicToken_01910 ProcessToken_153 PatternToken_025,Category_R,S158|S011|S210
IT01911,TopicToken_01911 ProcessToken_004 PatternToken_094,Category_L,S198|S038
IT01912,TopicToken_01912 ProcessToken_172 PatternToken_006,Category_K,S061|S037|S078
IT01913,TopicToken_01913 ProcessToken_147 PatternToken_065,Category_B,S226|S055|S175|S238
IT01914,TopicToken_01914 ProcessToken_028 PatternToken_059,Category_K,S167|S045
IT01915,TopicToken_01915 ProcessToken_017 PatternToken_093,Category_I,S106|S145|S149|S138|S164
IT01916,TopicToken_01916 ProcessToken_104 PatternToken_003,Category_P,S167|S152|S208|S028
IT01917,TopicToken_01917 ProcessToken_020 PatternToken_003,Category_E,S129|S152|S078|S158|S005
IT01918,TopicToken_01918 ProcessToken_041 PatternToken_097,Category_J,S221|S088|S091|S089
IT01919,TopicToken_01919 ProcessToken_019 PatternToken_044,Category_F,S217|S028|S133
IT01920,TopicToken_01920 ProcessToken_046 PatternToken_062,Category_L,S030|S240|S100|S132
IT01921,TopicToken_01921 ProcessToken_071 PatternToken_072,Category_Q,S020|S029|S210|S062
IT01922,TopicToken_01922 ProcessToken_056 PatternToken_046,Category_S,S071|S088|S218|S195
IT01923,TopicToken_01923 ProcessToken_046 PatternToken_068,Category_B,S212|S198|S101|S164
IT01924,TopicToken_01924 ProcessToken_017 PatternToken_046,Category_R,S063|S094|S230
IT01925,TopicToken_01925 ProcessToken_087 PatternToken_027,Category_D,S233|S085|S025
IT01926,TopicToken_01926 ProcessToken_176 PatternToken_091,Category_K,S201|S162|S011|S018|S105
IT01927,TopicToken_01927 ProcessToken_124 PatternToken_010,Category_L,S140|S182|S167|S162
IT01928,TopicToken_01928 ProcessToken_130 PatternToken_058,Category_J,S189|S152|S233|S043
IT01929,TopicToken_01929 ProcessToken_158 PatternToken_008,Category_R,S158|S129
IT01930,TopicToken_01930 ProcessToken_002 PatternToken_066,Category_F,S019|S043|S034|S028|S137
IT01931,TopicToken_01931 ProcessToken_035 PatternToken_016,Category_Q,S173|S139
IT01932,TopicToken_01932 ProcessToken_198 PatternToken_005,Category_I,S077|S232|S147|S194
IT01933,TopicToken_01933 ProcessToken_080 PatternToken_050,Category_D,S097|S188|S180
IT01934,TopicToken_01934 ProcessToken_025 PatternToken_007,Category_L,S210|S227|S013
IT01935,TopicToken_01935 ProcessToken_041 PatternToken_080,Category_Q,S229|S116
IT01936,TopicToken_01936 ProcessToken_149 PatternToken_092,Category_M,S190|S096
IT01937,TopicToken_01937 ProcessToken_160 PatternToken_034,Category_D,S111|S192|S096
IT01938,TopicToken_01938 ProcessToken_037 PatternToken_012,Category_L,S094|S027
IT01939,TopicToken_01939 ProcessToken_110 PatternToken_055,Category_O,S055|S042|S071
IT01940,TopicToken_01940 ProcessToken_127 PatternToken_066,Category_H,S005|S099
IT01941,TopicToken_01941 ProcessToken_096 PatternToken_020,Category_O,S109|S080
IT01942,TopicToken_01942 ProcessToken_161 PatternToken_012,Category_A,S208|S162|S033|S209
IT01943,TopicToken_01943 ProcessToken_147 PatternToken_032,Category_J,S021|S187
IT01944,TopicToken_01944 ProcessToken_135 PatternToken_079,Category_E,S192|S024
IT01945,TopicToken_01945 ProcessToken_033 PatternToken_042,Category_L,S194|S116|S108|S161
IT01946,TopicToken_01946 ProcessToken_040 PatternToken_011,Category_D,S034|S146|S142|S194|S015
IT01947,TopicToken_01947 ProcessToken_181 PatternToken_024,Category_C,S031|S072|S003|S231|S169
IT01948,TopicToken_01948 ProcessToken_006 PatternToken_005,Category_N,S008|S208|S045
IT01949,TopicToken_01949 ProcessToken_161 PatternToken_049,Category_L,S079|S029
IT01950,TopicToken_01950 ProcessToken_112 PatternToken_099,Category_S,S060|S006|S015|S152|S082
IT01951,TopicToken_01951 ProcessToken_036 PatternToken_093,Category_A,S060|S183|S096|S034
IT01952,TopicToken_01952 ProcessToken_167 PatternToken_010,Category_F,S093|S014
IT01953,TopicToken_01953 ProcessToken_151 PatternToken_054,Category_H,S172|S230|S085|S161
IT01954,TopicToken_01954 ProcessToken_052 PatternToken_056,Category_O,S211|S081
IT01955,TopicToken_01955 ProcessToken_099 PatternToken_053,Category_N,S086|S222|S220
IT01956,TopicToken_01956 ProcessToken_111 PatternToken_046,Category_M,S221|S023
IT01957,TopicToken_01957 ProcessToken_164 PatternToken_032,Category_H,S080|S179|S220|S178
IT01958,TopicToken_01958 ProcessToken_177 PatternToken_075,Category_I,S030|S170|S048|S133
IT01959,TopicToken_01959 ProcessToken_061 PatternToken_074,Category_F,S173|S227|S183|S017
IT01960,TopicToken_01960 ProcessToken_197 PatternToken_093,Category_K,S121|S098
IT01961,TopicToken_01961 ProcessToken_124 PatternToken_053,Category_Q,S103|S198
IT01962,TopicToken_01962 ProcessToken_119 PatternToken_070,Category_H,S149|S008
IT01963,TopicToken_01963 ProcessToken_133 PatternToken_043,Category_Q,S164|S182
IT01964,TopicToken_01964 ProcessToken_092 PatternToken_043,Category_K,S192|S168|S040|S052|S135
IT01965,TopicToken_01965 ProcessToken_058 PatternToken_018,Category_C,S202|S008
IT01966,TopicToken_01966 ProcessToken_137 PatternToken_080,Category_L,S138|S221|S184|S214
IT01967,TopicToken_01967 ProcessToken_151 PatternToken_032,Category_T,S053|S099
IT01968,TopicToken_01968 ProcessToken_154 PatternToken_062,Category_N,S110|S051|S071|S218
IT01969,TopicToken_01969 ProcessToken_161 PatternToken_068,Category_E,S210|S237|S033|S138
IT01970,TopicToken_01970 ProcessToken_030 PatternToken_065,Category_N,S021|S163|S056|S195|S035
IT01971,TopicToken_01971 ProcessToken_122 PatternToken_010,Category_I,S066|S188|S039|S153
IT01972,TopicToken_01972 ProcessToken_095 PatternToken_073,Category_J,S048|S032|S137|S068|S175
IT01973,TopicToken_01973 ProcessToken_166 PatternToken_043,Category_H,S136|S039
IT01974,TopicToken_01974 ProcessToken_008 PatternToken_052,Category_G,S116|S201|S119|S190
IT01975,TopicToken_01975 ProcessToken_024 PatternToken_058,Category_R,S151|S093
IT01976,TopicToken_01976 ProcessToken_178 PatternToken_019,Category_F,S106|S209|S105
IT01977,TopicToken_01977 ProcessToken_069 PatternToken_051,Category_R,S030|S137|S017
IT01978,TopicToken_01978 ProcessToken_141 PatternToken_090,Category_M,S187|S142|S201|S048
IT01979,TopicToken_01979 ProcessToken_167 PatternToken_046,Category_J,S038|S047|S129|S065|S154
IT01980,TopicToken_01980 ProcessToken_195 PatternToken_053,Category_L,S218|S212|S116|S028|S129
IT01981,TopicToken_01981 ProcessToken_187 PatternToken_090,Category_O,S113|S058|S039|S094|S150
IT01982,TopicToken_01982 ProcessToken_111 PatternToken_083,Category_F,S078|S005|S074
IT01983,TopicToken_01983 ProcessToken_156 PatternToken_008,Category_F,S081|S083|S042
IT01984,TopicToken_01984 ProcessToken_013 PatternToken_026,Category_L,S193|S065
IT01985,TopicToken_01985 ProcessToken_018 PatternToken_028,Category_C,S199|S032|S180|S160
IT01986,TopicToken_01986 ProcessToken_058 PatternToken_022,Category_O,S140|S225|S163|S058
IT01987,TopicToken_01987 ProcessToken_012 PatternToken_077,Category_K,S026|S100|S084|S127|S105
IT01988,TopicToken_01988 ProcessToken_170 PatternToken_100,Category_I,S183|S009|S052
IT01989,TopicToken_01989 ProcessToken_102 PatternToken_085,Category_S,S041|S081|S197
IT01990,TopicToken_01990 ProcessToken_062 PatternToken_041,Category_L,S232|S167|S200
IT01991,TopicToken_01991 ProcessToken_001 PatternToken_002,Category_H,S137|S011|S058|S002
IT01992,TopicToken_01992 ProcessToken_137 PatternToken_099,Category_N,S206|S140|S044
IT01993,TopicToken_01993 ProcessToken_125 PatternToken_081,Category_A,S238|S123|S015|S135
IT01994,TopicToken_01994 ProcessToken_115 PatternToken_040,Category_C,S022|S098
IT01995,TopicToken_01995 ProcessToken_118 PatternToken_060,Category_R,S084|S049|S113
IT01996,TopicToken_01996 ProcessToken_047 PatternToken_060,Category_L,S149|S177|S157|S226|S026
IT01997,TopicToken_01997 ProcessToken_138 PatternToken_093,Category_A,S126|S095|S007
IT01998,TopicToken_01998 ProcessToken_153 PatternToken_086,Category_F,S037|S001|S192
IT01999,TopicToken_01999 ProcessToken_200 PatternToken_025,Category_F,S219|S047
IT02000,TopicToken_02000 ProcessToken_109 PatternToken_046,Category_H,S156|S152
IT02001,TopicToken_02001 ProcessToken_087 PatternToken_091,Category_B,S180|S221|S045
IT02002,TopicToken_02002 ProcessToken_135 PatternToken_003,Category_K,S003|S238|S104
IT02003,TopicToken_02003 ProcessToken_081 PatternToken_015,Category_D,S178|S136|S072
IT02004,TopicToken_02004 ProcessToken_007 PatternToken_037,Category_K,S017|S158|S051
IT02005,TopicToken_02005 ProcessToken_184 PatternToken_008,Category_R,S177|S039|S024|S168|S135
IT02006,TopicToken_02006 ProcessToken_157 PatternToken_013,Category_S,S162|S108|S153|S124
IT02007,TopicToken_02007 ProcessToken_004 PatternToken_054,Category_R,S192|S045|S139|S137
IT02008,TopicToken_02008 ProcessToken_163 PatternToken_069,Category_I,S204|S089|S224
IT02009,TopicToken_02009 ProcessToken_001 PatternToken_078,Category_Q,S138|S011|S049|S032|S004
IT02010,TopicToken_02010 ProcessToken_025 PatternToken_018,Category_J,S055|S199|S136|S060|S149
IT02011,TopicToken_02011 ProcessToken_100 PatternToken_083,Category_S,S220|S103
IT02012,TopicToken_02012 ProcessToken_149 PatternToken_080,Category_E,S034|S178|S203
IT02013,TopicToken_02013 ProcessToken_114 PatternToken_040,Category_O,S199|S121
IT02014,TopicToken_02014 ProcessToken_170 PatternToken_065,Category_T,S185|S099|S020
IT02015,TopicToken_02015 ProcessToken_143 PatternToken_019,Category_N,S190|S166|S112
IT02016,TopicToken_02016 ProcessToken_076 PatternToken_014,Category_T,S031|S132|S216|S131
IT02017,TopicToken_02017 ProcessToken_076 PatternToken_085,Category_F,S075|S229|S037|S156
IT02018,TopicToken_02018 ProcessToken_057 PatternToken_043,Category_J,S222|S018|S194|S023
IT02019,TopicToken_02019 ProcessToken_153 PatternToken_064,Category_S,S206|S114
IT02020,TopicToken_02020 ProcessToken_006 PatternToken_041,Category_O,S237|S131
IT02021,TopicToken_02021 ProcessToken_071 PatternToken_054,Category_S,S157|S164
IT02022,TopicToken_02022 ProcessToken_134 PatternToken_009,Category_I,S172|S020|S202
IT02023,TopicToken_02023 ProcessToken_150 PatternToken_023,Category_M,S018|S039
IT02024,TopicToken_02024 ProcessToken_100 PatternToken_097,Category_H,S031|S086|S142
IT02025,TopicToken_02025 ProcessToken_183 PatternToken_083,Category_F,S150|S126|S234
IT02026,TopicToken_02026 ProcessToken_157 PatternToken_052,Category_D,S124|S131|S031
IT02027,TopicToken_02027 ProcessToken_178 PatternToken_034,Category_D,S053|S128|S130|S057|S232
IT02028,TopicToken_02028 ProcessToken_165 PatternToken_016,Category_T,S015|S075
IT02029,TopicToken_02029 ProcessToken_012 PatternToken_077,Category_K,S065|S095|S131|S021|S081
IT02030,TopicToken_02030 ProcessToken_200 PatternToken_098,Category_A,S048|S146
IT02031,TopicToken_02031 ProcessToken_120 PatternToken_061,Category_A,S077|S206
IT02032,TopicToken_02032 ProcessToken_150 PatternToken_016,Category_E,S005|S196|S195|S146|S038
IT02033,TopicToken_02033 ProcessToken_155 PatternToken_064,Category_D,S118|S128|S135
IT02034,TopicToken_02034 ProcessToken_168 PatternToken_058,Category_P,S232|S048|S082|S178
IT02035,TopicToken_02035 ProcessToken_019 PatternToken_020,Category_N,S154|S207
IT02036,TopicToken_02036 ProcessToken_036 PatternToken_024,Category_D,S105|S067|S001
IT02037,TopicToken_02037 ProcessToken_026 PatternToken_038,Category_E,S104|S069|S025|S058|S050
IT02038,TopicToken_02038 ProcessToken_190 PatternToken_069,Category_L,S179|S054|S016|S153|S215
IT02039,TopicToken_02039 ProcessToken_065 PatternToken_037,Category_N,S162|S085|S228|S226
IT02040,TopicToken_02040 ProcessToken_102 PatternToken_032,Category_L,S209|S048|S033|S197|S045
IT02041,TopicToken_02041 ProcessToken_150 PatternToken_017,Category_S,S229|S093|S151
IT02042,TopicToken_02042 ProcessToken_009 PatternToken_007,Category_L,S047|S101|S171|S141
IT02043,TopicToken_02043 ProcessToken_002 PatternToken_067,Category_E,S139|S044|S152|S054|S101
IT02044,TopicToken_02044 ProcessToken_022 PatternToken_020,Category_B,S162|S092|S093
IT02045,TopicToken_02045 ProcessToken_017 PatternToken_092,Category_B,S007|S148|S072
IT02046,TopicToken_02046 ProcessToken_033 PatternToken_064,Category_B,S104|S153|S070|S184
IT02047,TopicToken_02047 ProcessToken_096 PatternToken_029,Category_M,S212|S151
IT02048,TopicToken_02048 ProcessToken_142 PatternToken_098,Category_C,S138|S128|S104
IT02049,TopicToken_02049 ProcessToken_142 PatternToken_050,Category_B,S100|S165|S174|S033|S119
IT02050,TopicToken_02050 ProcessToken_137 PatternToken_095,Category_P,S224|S051|S027
IT02051,TopicToken_02051 ProcessToken_017 PatternToken_086,Category_H,S205|S193
IT02052,TopicToken_02052 ProcessToken_161 PatternToken_083,Category_F,S225|S232|S186|S110|S041
IT02053,TopicToken_02053 ProcessToken_134 PatternToken_061,Category_R,S157|S138|S162|S222
IT02054,TopicToken_02054 ProcessToken_110 PatternToken_047,Category_D,S191|S234|S044
IT02055,TopicToken_02055 ProcessToken_186 PatternToken_011,Category_G,S016|S168|S150
IT02056,TopicToken_02056 ProcessToken_125 PatternToken_008,Category_K,S152|S167|S134|S137
IT02057,TopicToken_02057 ProcessToken_093 PatternToken_098,Category_O,S085|S087|S066
IT02058,TopicToken_02058 ProcessToken_010 PatternToken_045,Category_T,S041|S090
IT02059,TopicToken_02059 ProcessToken_094 PatternToken_036,Category_E,S234|S120
IT02060,TopicToken_02060 ProcessToken_002 PatternToken_009,Category_D,S041|S174|S200|S179|S237
IT02061,TopicToken_02061 ProcessToken_111 PatternToken_025,Category_J,S062|S071
IT02062,TopicToken_02062 ProcessToken_074 PatternToken_005,Category_Q,S102|S124|S042|S068|S114
IT02063,TopicToken_02063 ProcessToken_186 PatternToken_061,Category_N,S148|S092|S018|S075
IT02064,TopicToken_02064 ProcessToken_158 PatternToken_065,Category_K,S221|S192
IT02065,TopicToken_02065 ProcessToken_176 PatternToken_054,Category_N,S032|S035
IT02066,TopicToken_02066 ProcessToken_182 PatternToken_053,Category_B,S182|S167
IT02067,TopicToken_02067 ProcessToken_122 PatternToken_040,Category_F,S102|S093|S073|S108|S120
IT02068,TopicToken_02068 ProcessToken_114 PatternToken_001,Category_R,S044|S018|S212
IT02069,TopicToken_02069 ProcessToken_086 PatternToken_037,Category_R,S192|S200
IT02070,TopicToken_02070 ProcessToken_052 PatternToken_020,Category_P,S200|S021
IT02071,TopicToken_02071 ProcessToken_060 PatternToken_070,Category_N,S038|S003|S173
IT02072,TopicToken_02072 ProcessToken_045 PatternToken_062,Category_F,S207|S025|S186|S066|S088
IT02073,TopicToken_02073 ProcessToken_195 PatternToken_058,Category_L,S116|S187|S182
IT02074,TopicToken_02074 ProcessToken_115 PatternToken_039,Category_C,S170|S114|S074|S026|S076
IT02075,TopicToken_02075 ProcessToken_147 PatternToken_020,Category_G,S023|S027|S179|S177
IT02076,TopicToken_02076 ProcessToken_151 PatternToken_016,Category_P,S231|S147|S181|S003
IT02077,TopicToken_02077 ProcessToken_106 PatternToken_004,Category_L,S082|S226|S062|S227
IT02078,TopicToken_02078 ProcessToken_180 PatternToken_030,Category_O,S064|S024|S216
IT02079,TopicToken_02079 ProcessToken_180 PatternToken_007,Category_Q,S052|S079|S050|S061|S184
IT02080,TopicToken_02080 ProcessToken_129 PatternToken_089,Category_Q,S042|S215
IT02081,TopicToken_02081 ProcessToken_155 PatternToken_095,Category_B,S217|S027|S007
IT02082,TopicToken_02082 ProcessToken_002 PatternToken_025,Category_O,S136|S166|S013|S206
IT02083,TopicToken_02083 ProcessToken_180 PatternToken_057,Category_F,S143|S108|S233|S014
IT02084,TopicToken_02084 ProcessToken_043 PatternToken_029,Category_Q,S030|S227
IT02085,TopicToken_02085 ProcessToken_059 PatternToken_054,Category_G,S115|S171|S026|S038
IT02086,TopicToken_02086 ProcessToken_181 PatternToken_066,Category_H,S204|S141|S203|S056|S236
IT02087,TopicToken_02087 ProcessToken_119 PatternToken_049,Category_S,S208|S210|S088
IT02088,TopicToken_02088 ProcessToken_082 PatternToken_045,Category_Q,S095|S232|S124|S067|S060
IT02089,TopicToken_02089 ProcessToken_057 PatternToken_060,Category_J,S049|S195|S162|S001
IT02090,TopicToken_02090 ProcessToken_125 PatternToken_020,Category_J,S047|S012|S234|S166|S197
IT02091,TopicToken_02091 ProcessToken_063 PatternToken_023,Category_I,S078|S178|S108
IT02092,TopicToken_02092 ProcessToken_169 PatternToken_018,Category_F,S107|S092|S071|S171
IT02093,TopicToken_02093 ProcessToken_044 PatternToken_030,Category_R,S183|S170|S232
IT02094,TopicToken_02094 ProcessToken_052 PatternToken_067,Category_I,S233|S022|S089|S023|S210
IT02095,TopicToken_02095 ProcessToken_039 PatternToken_097,Category_A,S060|S222
IT02096,TopicToken_02096 ProcessToken_071 PatternToken_076,Category_A,S065|S020
IT02097,TopicToken_02097 ProcessToken_068 PatternToken_004,Category_S,S085|S208|S051
IT02098,TopicToken_02098 ProcessToken_160 PatternToken_029,Category_D,S218|S064|S215
IT02099,TopicToken_02099 ProcessToken_095 PatternToken_081,Category_A,S165|S159
IT02100,TopicToken_02100 ProcessToken_041 PatternToken_077,Category_O,S157|S029|S099|S160|S233
IT02101,TopicToken_02101 ProcessToken_052 PatternToken_078,Category_F,S076|S204|S148|S080
IT02102,TopicToken_02102 ProcessToken_144 PatternToken_055,Category_E,S157|S240
IT02103,TopicToken_02103 ProcessToken_128 PatternToken_065,Category_S,S196|S185|S215|S152
IT02104,TopicToken_02104 ProcessToken_164 PatternToken_090,Category_O,S159|S134|S210|S129|S230
IT02105,TopicToken_02105 ProcessToken_043 PatternToken_023,Category_A,S011|S196
IT02106,TopicToken_02106 ProcessToken_136 PatternToken_042,Category_A,S037|S237
IT02107,TopicToken_02107 ProcessToken_137 PatternToken_087,Category_E,S218|S032|S105|S183|S001
IT02108,TopicToken_02108 ProcessToken_082 PatternToken_029,Category_K,S070|S240|S032|S192
IT02109,TopicToken_02109 ProcessToken_084 PatternToken_015,Category_C,S082|S020
IT02110,TopicToken_02110 ProcessToken_062 PatternToken_031,Category_O,S088|S133|S155|S151
IT02111,TopicToken_02111 ProcessToken_072 PatternToken_075,Category_P,S126|S190
IT02112,TopicToken_02112 ProcessToken_124 PatternToken_056,Category_T,S119|S011|S073|S036|S086
IT02113,TopicToken_02113 ProcessToken_096 PatternToken_100,Category_S,S123|S214
IT02114,TopicToken_02114 ProcessToken_187 PatternToken_067,Category_M,S240|S144|S014
IT02115,TopicToken_02115 ProcessToken_191 PatternToken_086,Category_B,S059|S080|S215|S094
IT02116,TopicToken_02116 ProcessToken_180 PatternToken_065,Category_A,S108|S231|S143|S147|S057
IT02117,TopicToken_02117 ProcessToken_144 PatternToken_028,Category_D,S159|S197|S071|S227
IT02118,TopicToken_02118 ProcessToken_147 PatternToken_007,Category_R,S090|S237|S110
IT02119,TopicToken_02119 ProcessToken_072 PatternToken_031,Category_E,S204|S102|S097
IT02120,TopicToken_02120 ProcessToken_126 PatternToken_011,Category_P,S080|S041|S003|S061
IT02121,TopicToken_02121 ProcessToken_198 PatternToken_010,Category_Q,S171|S216|S211
IT02122,TopicToken_02122 ProcessToken_166 PatternToken_057,Category_D,S145|S115
IT02123,TopicToken_02123 ProcessToken_095 PatternToken_095,Category_C,S122|S022|S100|S047
IT02124,TopicToken_02124 ProcessToken_061 PatternToken_071,Category_L,S213|S223
IT02125,TopicToken_02125 ProcessToken_190 PatternToken_068,Category_I,S192|S131|S158|S118|S169
IT02126,TopicToken_02126 ProcessToken_168 PatternToken_100,Category_R,S091|S005|S102|S086|S160
IT02127,TopicToken_02127 ProcessToken_029 PatternToken_097,Category_G,S159|S071|S061|S074
IT02128,TopicToken_02128 ProcessToken_045 PatternToken_078,Category_B,S096|S188|S118|S124
IT02129,TopicToken_02129 ProcessToken_166 PatternToken_060,Category_F,S157|S187|S221|S193|S172
IT02130,TopicToken_02130 ProcessToken_182 PatternToken_054,Category_R,S102|S114|S198|S031|S208
IT02131,TopicToken_02131 ProcessToken_187 PatternToken_045,Category_J,S050|S193
IT02132,TopicToken_02132 ProcessToken_028 PatternToken_035,Category_P,S206|S037|S213|S234|S060
IT02133,TopicToken_02133 ProcessToken_002 PatternToken_066,Category_M,S213|S185|S011|S085
IT02134,TopicToken_02134 ProcessToken_122 PatternToken_047,Category_H,S162|S003|S069|S151|S057
IT02135,TopicToken_02135 ProcessToken_006 PatternToken_050,Category_P,S117|S141|S164
IT02136,TopicToken_02136 ProcessToken_198 PatternToken_081,Category_R,S197|S057|S124|S165
IT02137,TopicToken_02137 ProcessToken_155 PatternToken_013,Category_Q,S024|S032
IT02138,TopicToken_02138 ProcessToken_187 PatternToken_009,Category_O,S226|S213|S051|S150
IT02139,TopicToken_02139 ProcessToken_059 PatternToken_081,Category_M,S022|S023
IT02140,TopicToken_02140 ProcessToken_178 PatternToken_035,Category_R,S156|S131
IT02141,TopicToken_02141 ProcessToken_159 PatternToken_086,Category_J,S098|S208|S002|S029|S153
IT02142,TopicToken_02142 ProcessToken_050 PatternToken_038,Category_O,S212|S013|S126|S182
IT02143,TopicToken_02143 ProcessToken_179 PatternToken_099,Category_R,S026|S171|S172|S123
IT02144,TopicToken_02144 ProcessToken_018 PatternToken_093,Category_O,S186|S153|S065
IT02145,TopicToken_02145 ProcessToken_146 PatternToken_004,Category_A,S022|S124|S065|S111
IT02146,TopicToken_02146 ProcessToken_092 PatternToken_028,Category_E,S106|S239|S231
IT02147,TopicToken_02147 ProcessToken_107 PatternToken_008,Category_T,S150|S130|S096|S218
IT02148,TopicToken_02148 ProcessToken_182 PatternToken_021,Category_H,S095|S048|S153|S072
IT02149,TopicToken_02149 ProcessToken_189 PatternToken_050,Category_M,S024|S194
IT02150,TopicToken_02150 ProcessToken_066 PatternToken_088,Category_O,S134|S007
IT02151,TopicToken_02151 ProcessToken_102 PatternToken_062,Category_A,S089|S014|S200|S222|S011
IT02152,TopicToken_02152 ProcessToken_023 PatternToken_062,Category_M,S035|S129|S021
IT02153,TopicToken_02153 ProcessToken_078 PatternToken_090,Category_Q,S021|S120|S175|S057
IT02154,TopicToken_02154 ProcessToken_022 PatternToken_098,Category_K,S226|S091
IT02155,TopicToken_02155 ProcessToken_126 PatternToken_008,Category_H,S205|S049|S065|S148|S132
IT02156,TopicToken_02156 ProcessToken_128 PatternToken_046,Category_G,S141|S192|S137|S055
IT02157,TopicToken_02157 ProcessToken_198 PatternToken_066,Category_B,S158|S084|S110|S137|S220
IT02158,TopicToken_02158 ProcessToken_028 PatternToken_053,Category_C,S109|S026|S114|S219|S168
IT02159,TopicToken_02159 ProcessToken_106 PatternToken_033,Category_S,S079|S077|S002|S033|S147
IT02160,TopicToken_02160 ProcessToken_042 PatternToken_049,Category_T,S098|S133|S017|S130|S226
IT02161,TopicToken_02161 ProcessToken_051 PatternToken_095,Category_Q,S127|S118|S120
IT02162,TopicToken_02162 ProcessToken_160 PatternToken_054,Category_N,S095|S222|S020|S209
IT02163,TopicToken_02163 ProcessToken_147 PatternToken_043,Category_S,S029|S211|S100
IT02164,TopicToken_02164 ProcessToken_056 PatternToken_043,Category_P,S229|S039|S090|S059
IT02165,TopicToken_02165 ProcessToken_043 PatternToken_034,Category_K,S080|S164
IT02166,TopicToken_02166 ProcessToken_027 PatternToken_094,Category_O,S119|S146|S013
IT02167,TopicToken_02167 ProcessToken_033 PatternToken_063,Category_B,S126|S087
IT02168,TopicToken_02168 ProcessToken_193 PatternToken_004,Category_M,S151|S211|S123|S044|S071
IT02169,TopicToken_02169 ProcessToken_199 PatternToken_019,Category_I,S193|S222|S014|S049
IT02170,TopicToken_02170 ProcessToken_050 PatternToken_074,Category_M,S080|S007
IT02171,TopicToken_02171 ProcessToken_072 PatternToken_033,Category_K,S123|S168
IT02172,TopicToken_02172 ProcessToken_120 PatternToken_023,Category_B,S218|S083|S141
IT02173,TopicToken_02173 ProcessToken_080 PatternToken_074,Category_O,S065|S182|S204
IT02174,TopicToken_02174 ProcessToken_085 PatternToken_054,Category_F,S183|S238|S237|S148|S132
IT02175,TopicToken_02175 ProcessToken_156 PatternToken_099,Category_P,S101|S219
IT02176,TopicToken_02176 ProcessToken_030 PatternToken_014,Category_C,S105|S224
IT02177,TopicToken_02177 ProcessToken_134 PatternToken_088,Category_M,S088|S003|S104|S112
IT02178,TopicToken_02178 ProcessToken_100 PatternToken_041,Category_M,S198|S029|S041|S105|S221
IT02179,TopicToken_02179 ProcessToken_144 PatternToken_051,Category_G,S013|S042|S076
IT02180,TopicToken_02180 ProcessToken_124 PatternToken_057,Category_R,S205|S172|S240|S208
IT02181,TopicToken_02181 ProcessToken_058 PatternToken_057,Category_Q,S101|S239|S135|S139|S199
IT02182,TopicToken_02182 ProcessToken_054 PatternToken_045,Category_N,S165|S107|S022|S219|S228
IT02183,TopicToken_02183 ProcessToken_070 PatternToken_091,Category_R,S090|S136
IT02184,TopicToken_02184 ProcessToken_073 PatternToken_077,Category_C,S173|S122|S064
IT02185,TopicToken_02185 ProcessToken_181 PatternToken_002,Category_D,S177|S023|S059
IT02186,TopicToken_02186 ProcessToken_046 PatternToken_093,Category_O,S159|S239|S137|S168|S119
IT02187,TopicToken_02187 ProcessToken_171 PatternToken_054,Category_L,S185|S050|S131|S126
IT02188,TopicToken_02188 ProcessToken_048 PatternToken_093,Category_P,S127|S213
IT02189,TopicToken_02189 ProcessToken_024 PatternToken_004,Category_N,S159|S018|S053|S220|S168
IT02190,TopicToken_02190 ProcessToken_117 PatternToken_056,Category_Q,S108|S130|S169|S150
IT02191,TopicToken_02191 ProcessToken_074 PatternToken_078,Category_J,S048|S086|S123|S147
IT02192,TopicToken_02192 ProcessToken_076 PatternToken_029,Category_M,S190|S090|S019|S142|S154
IT02193,TopicToken_02193 ProcessToken_128 PatternToken_039,Category_N,S058|S197|S034
IT02194,TopicToken_02194 ProcessToken_153 PatternToken_078,Category_L,S065|S045|S034|S111|S164
IT02195,TopicToken_02195 ProcessToken_186 PatternToken_074,Category_H,S237|S021|S080
IT02196,TopicToken_02196 ProcessToken_158 PatternToken_013,Category_B,S142|S094
IT02197,TopicToken_02197 ProcessToken_060 PatternToken_011,Category_D,S117|S011|S097|S045
IT02198,TopicToken_02198 ProcessToken_046 PatternToken_092,Category_E,S238|S155|S086
IT02199,TopicToken_02199 ProcessToken_196 PatternToken_070,Category_O,S147|S094|S143
IT02200,TopicToken_02200 ProcessToken_085 PatternToken_050,Category_C,S034|S117|S163|S222
IT02201,TopicToken_02201 ProcessToken_079 PatternToken_053,Category_T,S167|S118|S126|S125
IT02202,TopicToken_02202 ProcessToken_043 PatternToken_034,Category_E,S016|S185|S059
IT02203,TopicToken_02203 ProcessToken_034 PatternToken_075,Category_N,S193|S057
IT02204,TopicToken_02204 ProcessToken_191 PatternToken_029,Category_J,S221|S111
IT02205,TopicToken_02205 ProcessToken_158 PatternToken_090,Category_T,S106|S117|S004|S204
IT02206,TopicToken_02206 ProcessToken_047 PatternToken_069,Category_Q,S090|S154|S123|S049
IT02207,TopicToken_02207 ProcessToken_114 PatternToken_041,Category_O,S110|S052|S066|S144
IT02208,TopicToken_02208 ProcessToken_159 PatternToken_039,Category_Q,S134|S199|S031|S094
IT02209,TopicToken_02209 ProcessToken_128 PatternToken_044,Category_D,S098|S135
IT02210,TopicToken_02210 ProcessToken_103 PatternToken_056,Category_O,S236|S134|S230|S096
IT02211,TopicToken_02211 ProcessToken_107 PatternToken_077,Category_B,S124|S121|S027|S190
IT02212,TopicToken_02212 ProcessToken_172 PatternToken_020,Category_H,S211|S120|S212|S176
IT02213,TopicToken_02213 ProcessToken_089 PatternToken_060,Category_P,S166|S139|S016|S211|S141
IT02214,TopicToken_02214 ProcessToken_140 PatternToken_078,Category_D,S048|S212|S179
IT02215,TopicToken_02215 ProcessToken_100 PatternToken_042,Category_K,S056|S085
IT02216,TopicToken_02216 ProcessToken_074 PatternToken_009,Category_F,S043|S042
IT02217,TopicToken_02217 ProcessToken_178 PatternToken_076,Category_F,S107|S050|S003
IT02218,TopicToken_02218 ProcessToken_030 PatternToken_039,Category_J,S206|S149
IT02219,TopicToken_02219 ProcessToken_067 PatternToken_078,Category_N,S165|S125
IT02220,TopicToken_02220 ProcessToken_050 PatternToken_075,Category_M,S013|S096
IT02221,TopicToken_02221 ProcessToken_099 PatternToken_038,Category_E,S080|S082
IT02222,TopicToken_02222 ProcessToken_074 PatternToken_079,Category_K,S154|S057
IT02223,TopicToken_02223 ProcessToken_016 PatternToken_037,Category_M,S174|S134|S151
IT02224,TopicToken_02224 ProcessToken_195 PatternToken_087,Category_M,S238|S059|S043|S182|S218
IT02225,TopicToken_02225 ProcessToken_024 PatternToken_040,Category_H,S060|S170|S207|S206
IT02226,TopicToken_02226 ProcessToken_152 PatternToken_057,Category_R,S003|S158
IT02227,TopicToken_02227 ProcessToken_036 PatternToken_047,Category_A,S147|S009
IT02228,TopicToken_02228 ProcessToken_025 PatternToken_091,Category_Q,S114|S236|S098
IT02229,TopicToken_02229 ProcessToken_171 PatternToken_079,Category_C,S176|S157|S112|S190
IT02230,TopicToken_02230 ProcessToken_168 PatternToken_054,Category_O,S210|S199|S123|S187
IT02231,TopicToken_02231 ProcessToken_133 PatternToken_032,Category_M,S127|S030|S121|S029
IT02232,TopicToken_02232 ProcessToken_123 PatternToken_095,Category_D,S062|S137|S218
IT02233,TopicToken_02233 ProcessToken_141 PatternToken_057,Category_H,S225|S233|S010
IT02234,TopicToken_02234 ProcessToken_043 PatternToken_013,Category_G,S163|S066|S205|S190
IT02235,TopicToken_02235 ProcessToken_118 PatternToken_052,Category_D,S072|S078
IT02236,TopicToken_02236 ProcessToken_159 PatternToken_086,Category_S,S004|S069|S125|S067
IT02237,TopicToken_02237 ProcessToken_064 PatternToken_010,Category_K,S126|S204|S178|S013
IT02238,TopicToken_02238 ProcessToken_193 PatternToken_001,Category_B,S199|S083
IT02239,TopicToken_02239 ProcessToken_181 PatternToken_072,Category_N,S063|S239|S118|S110
IT02240,TopicToken_02240 ProcessToken_117 PatternToken_013,Category_J,S062|S239|S013
IT02241,TopicToken_02241 ProcessToken_045 PatternToken_099,Category_R,S223|S059|S105|S089|S092
IT02242,TopicToken_02242 ProcessToken_132 PatternToken_047,Category_E,S236|S104|S075|S199
IT02243,TopicToken_02243 ProcessToken_006 PatternToken_094,Category_B,S078|S206|S203|S163|S148
IT02244,TopicToken_02244 ProcessToken_185 PatternToken_036,Category_E,S172|S021|S107|S217
IT02245,TopicToken_02245 ProcessToken_005 PatternToken_065,Category_O,S032|S180|S158|S215
IT02246,TopicToken_02246 ProcessToken_125 PatternToken_050,Category_L,S100|S011|S156
IT02247,TopicToken_02247 ProcessToken_125 PatternToken_016,Category_C,S037|S235|S182|S040|S136
IT02248,TopicToken_02248 ProcessToken_030 PatternToken_010,Category_L,S070|S233|S078|S138
IT02249,TopicToken_02249 ProcessToken_143 PatternToken_091,Category_T,S001|S096|S036
IT02250,TopicToken_02250 ProcessToken_126 PatternToken_079,Category_C,S087|S223|S094
IT02251,TopicToken_02251 ProcessToken_154 PatternToken_099,Category_O,S023|S110
IT02252,TopicToken_02252 ProcessToken_141 PatternToken_026,Category_O,S015|S045|S021|S096
IT02253,TopicToken_02253 ProcessToken_023 PatternToken_020,Category_H,S045|S196|S184
IT02254,TopicToken_02254 ProcessToken_045 PatternToken_066,Category_Q,S179|S091
IT02255,TopicToken_02255 ProcessToken_091 PatternToken_008,Category_C,S084|S151|S125
IT02256,TopicToken_02256 ProcessToken_151 PatternToken_007,Category_A,S036|S235|S212|S164
IT02257,TopicToken_02257 ProcessToken_106 PatternToken_048,Category_E,S022|S158|S099
IT02258,TopicToken_02258 ProcessToken_111 PatternToken_077,Category_R,S111|S162|S188|S022|S014
IT02259,TopicToken_02259 ProcessToken_008 PatternToken_050,Category_C,S153|S210|S112|S070
IT02260,TopicToken_02260 ProcessToken_012 PatternToken_010,Category_K,S163|S196|S216|S142|S155
IT02261,TopicToken_02261 ProcessToken_034 PatternToken_032,Category_D,S188|S169|S042|S212|S211
IT02262,TopicToken_02262 ProcessToken_131 PatternToken_089,Category_A,S063|S058|S105|S003|S154
IT02263,TopicToken_02263 ProcessToken_124 PatternToken_018,Category_O,S108|S111|S186|S007|S189
IT02264,TopicToken_02264 ProcessToken_048 PatternToken_087,Category_F,S184|S164
IT02265,TopicToken_02265 ProcessToken_161 PatternToken_079,Category_J,S178|S112|S149|S170|S107
IT02266,TopicToken_02266 ProcessToken_018 PatternToken_063,Category_S,S112|S051|S229|S151|S174
IT02267,TopicToken_02267 ProcessToken_196 PatternToken_024,Category_R,S083|S051|S003|S006
IT02268,TopicToken_02268 ProcessToken_110 PatternToken_084,Category_E,S090|S172|S030|S234
IT02269,TopicToken_02269 ProcessToken_093 PatternToken_025,Category_J,S105|S240|S164|S098
IT02270,TopicToken_02270 ProcessToken_175 PatternToken_063,Category_N,S026|S074|S230|S157
IT02271,TopicToken_02271 ProcessToken_093 PatternToken_043,Category_P,S165|S139|S126|S034
IT02272,TopicToken_02272 ProcessToken_120 PatternToken_009,Category_O,S233|S002
IT02273,TopicToken_02273 ProcessToken_132 PatternToken_015,Category_R,S085|S221
IT02274,TopicToken_02274 ProcessToken_010 PatternToken_060,Category_F,S209|S055
IT02275,TopicToken_02275 ProcessToken_192 PatternToken_080,Category_D,S060|S141
IT02276,TopicToken_02276 ProcessToken_070 PatternToken_096,Category_P,S164|S044|S166|S081|S169
IT02277,TopicToken_02277 ProcessToken_111 PatternToken_098,Category_P,S201|S206
IT02278,TopicToken_02278 ProcessToken_074 PatternToken_008,Category_L,S073|S050|S205|S163
IT02279,TopicToken_02279 ProcessToken_048 PatternToken_067,Category_G,S060|S013|S213|S107
IT02280,TopicToken_02280 ProcessToken_117 PatternToken_017,Category_L,S055|S237|S221|S116
IT02281,TopicToken_02281 ProcessToken_110 PatternToken_057,Category_H,S164|S109|S156|S217
IT02282,TopicToken_02282 ProcessToken_068 PatternToken_060,Category_B,S043|S011|S037|S194|S129
IT02283,TopicToken_02283 ProcessToken_075 PatternToken_037,Category_M,S166|S232|S187
IT02284,TopicToken_02284 ProcessToken_125 PatternToken_003,Category_S,S234|S157|S083|S042|S012
IT02285,TopicToken_02285 ProcessToken_186 PatternToken_066,Category_R,S023|S120
IT02286,TopicToken_02286 ProcessToken_102 PatternToken_027,Category_F,S097|S094|S154|S032
IT02287,TopicToken_02287 ProcessToken_168 PatternToken_041,Category_T,S101|S105
IT02288,TopicToken_02288 ProcessToken_036 PatternToken_069,Category_K,S038|S087|S006|S102|S009
IT02289,TopicToken_02289 ProcessToken_087 PatternToken_064,Category_K,S064|S098|S218|S102|S081
IT02290,TopicToken_02290 ProcessToken_098 PatternToken_017,Category_J,S183|S110
IT02291,TopicToken_02291 ProcessToken_140 PatternToken_013,Category_M,S126|S118|S038|S083
IT02292,TopicToken_02292 ProcessToken_019 PatternToken_019,Category_P,S038|S150|S230|S121
IT02293,TopicToken_02293 ProcessToken_052 PatternToken_052,Category_J,S005|S002|S071|S188|S172
IT02294,TopicToken_02294 ProcessToken_119 PatternToken_065,Category_M,S208|S201|S178|S057|S083
IT02295,TopicToken_02295 ProcessToken_093 PatternToken_066,Category_E,S059|S071|S162|S121|S053
IT02296,TopicToken_02296 ProcessToken_191 PatternToken_003,Category_P,S085|S102
IT02297,TopicToken_02297 ProcessToken_041 PatternToken_092,Category_B,S168|S118|S204|S224
IT02298,TopicToken_02298 ProcessToken_085 PatternToken_036,Category_I,S148|S010|S187
IT02299,TopicToken_02299 ProcessToken_174 PatternToken_044,Category_D,S214|S101|S067|S045
IT02300,TopicToken_02300 ProcessToken_068 PatternToken_061,Category_B,S204|S155|S227|S162
IT02301,TopicToken_02301 ProcessToken_108 PatternToken_071,Category_E,S223|S115|S184|S069
IT02302,TopicToken_02302 ProcessToken_143 PatternToken_035,Category_I,S137|S171|S068|S142
IT02303,TopicToken_02303 ProcessToken_015 PatternToken_056,Category_J,S110|S158|S070|S232
IT02304,TopicToken_02304 ProcessToken_183 PatternToken_063,Category_S,S145|S122
IT02305,TopicToken_02305 ProcessToken_199 PatternToken_037,Category_N,S162|S225|S227
IT02306,TopicToken_02306 ProcessToken_081 PatternToken_055,Category_Q,S226|S121|S010
IT02307,TopicToken_02307 ProcessToken_093 PatternToken_027,Category_B,S134|S240
IT02308,TopicToken_02308 ProcessToken_058 PatternToken_037,Category_B,S022|S028|S013|S150
IT02309,TopicToken_02309 ProcessToken_180 PatternToken_078,Category_F,S111|S151|S098|S074
IT02310,TopicToken_02310 ProcessToken_102 PatternToken_053,Category_N,S009|S228|S115
IT02311,TopicToken_02311 ProcessToken_192 PatternToken_047,Category_F,S144|S220|S037|S060
IT02312,TopicToken_02312 ProcessToken_175 PatternToken_010,Category_R,S020|S118|S116|S096
IT02313,TopicToken_02313 ProcessToken_072 PatternToken_078,Category_A,S159|S039
IT02314,TopicToken_02314 ProcessToken_070 PatternToken_021,Category_D,S020|S151|S129|S052|S097
IT02315,TopicToken_02315 ProcessToken_107 PatternToken_051,Category_O,S014|S132|S095|S115
IT02316,TopicToken_02316 ProcessToken_115 PatternToken_020,Category_F,S089|S176
IT02317,TopicToken_02317 ProcessToken_009 PatternToken_064,Category_G,S012|S182|S043
IT02318,TopicToken_02318 ProcessToken_190 PatternToken_012,Category_K,S208|S163|S018
IT02319,TopicToken_02319 ProcessToken_100 PatternToken_046,Category_K,S196|S174
IT02320,TopicToken_02320 ProcessToken_156 PatternToken_064,Category_N,S015|S234|S208|S060
IT02321,TopicToken_02321 ProcessToken_002 PatternToken_064,Category_O,S111|S189|S078|S052
IT02322,TopicToken_02322 ProcessToken_055 PatternToken_033,Category_P,S143|S019|S199|S052|S191
IT02323,TopicToken_02323 ProcessToken_177 PatternToken_043,Category_J,S059|S024|S168|S090|S005
IT02324,TopicToken_02324 ProcessToken_064 PatternToken_096,Category_G,S158|S064|S119
IT02325,TopicToken_02325 ProcessToken_127 PatternToken_059,Category_K,S147|S040|S168
IT02326,TopicToken_02326 ProcessToken_113 PatternToken_045,Category_C,S002|S006
IT02327,TopicToken_02327 ProcessToken_170 PatternToken_070,Category_P,S002|S029|S187
IT02328,TopicToken_02328 ProcessToken_139 PatternToken_010,Category_C,S059|S147|S060|S193
IT02329,TopicToken_02329 ProcessToken_067 PatternToken_076,Category_A,S188|S117
IT02330,TopicToken_02330 ProcessToken_083 PatternToken_032,Category_K,S013|S211|S070
IT02331,TopicToken_02331 ProcessToken_053 PatternToken_032,Category_P,S207|S124
IT02332,TopicToken_02332 ProcessToken_080 PatternToken_022,Category_S,S109|S083|S189
IT02333,TopicToken_02333 ProcessToken_089 PatternToken_009,Category_C,S015|S124|S151
IT02334,TopicToken_02334 ProcessToken_102 PatternToken_016,Category_F,S080|S219
IT02335,TopicToken_02335 ProcessToken_117 PatternToken_050,Category_H,S200|S042
IT02336,TopicToken_02336 ProcessToken_185 PatternToken_088,Category_K,S006|S063|S087|S155|S116
IT02337,TopicToken_02337 ProcessToken_043 PatternToken_013,Category_B,S030|S165|S154|S026
IT02338,TopicToken_02338 ProcessToken_074 PatternToken_072,Category_D,S042|S116|S153|S087|S070
IT02339,TopicToken_02339 ProcessToken_197 PatternToken_047,Category_H,S064|S115|S183
IT02340,TopicToken_02340 ProcessToken_030 PatternToken_039,Category_I,S164|S017|S057
IT02341,TopicToken_02341 ProcessToken_091 PatternToken_022,Category_C,S192|S223|S085|S076
IT02342,TopicToken_02342 ProcessToken_139 PatternToken_078,Category_F,S096|S071|S207
IT02343,TopicToken_02343 ProcessToken_034 PatternToken_062,Category_K,S170|S069|S029|S001
IT02344,TopicToken_02344 ProcessToken_181 PatternToken_080,Category_R,S218|S081|S044
IT02345,TopicToken_02345 ProcessToken_101 PatternToken_026,Category_M,S106|S052
IT02346,TopicToken_02346 ProcessToken_023 PatternToken_071,Category_M,S100|S115
IT02347,TopicToken_02347 ProcessToken_003 PatternToken_088,Category_K,S096|S135|S120|S136|S225
IT02348,TopicToken_02348 ProcessToken_014 PatternToken_005,Category_Q,S186|S233|S012|S201
IT02349,TopicToken_02349 ProcessToken_186 PatternToken_073,Category_D,S179|S049
IT02350,TopicToken_02350 ProcessToken_097 PatternToken_090,Category_R,S114|S026|S071|S236
IT02351,TopicToken_02351 ProcessToken_144 PatternToken_058,Category_I,S113|S176|S061|S140|S235
IT02352,TopicToken_02352 ProcessToken_036 PatternToken_097,Category_O,S104|S011
IT02353,TopicToken_02353 ProcessToken_127 PatternToken_037,Category_A,S118|S220
IT02354,TopicToken_02354 ProcessToken_037 PatternToken_100,Category_N,S088|S215|S137|S199
IT02355,TopicToken_02355 ProcessToken_029 PatternToken_012,Category_G,S211|S153|S009|S116|S117
IT02356,TopicToken_02356 ProcessToken_059 PatternToken_035,Category_K,S144|S109
IT02357,TopicToken_02357 ProcessToken_085 PatternToken_036,Category_C,S158|S093|S025|S041
IT02358,TopicToken_02358 ProcessToken_012 PatternToken_085,Category_N,S132|S037
IT02359,TopicToken_02359 ProcessToken_096 PatternToken_069,Category_T,S023|S052|S162|S103
IT02360,TopicToken_02360 ProcessToken_189 PatternToken_077,Category_J,S140|S128|S083|S157|S085
IT02361,TopicToken_02361 ProcessToken_050 PatternToken_060,Category_M,S085|S155
IT02362,TopicToken_02362 ProcessToken_156 PatternToken_038,Category_L,S239|S033|S031
IT02363,TopicToken_02363 ProcessToken_028 PatternToken_083,Category_M,S130|S067
IT02364,TopicToken_02364 ProcessToken_130 PatternToken_067,Category_D,S065|S211|S135
IT02365,TopicToken_02365 ProcessToken_198 PatternToken_055,Category_L,S028|S211|S062|S020|S122
IT02366,TopicToken_02366 ProcessToken_015 PatternToken_088,Category_J,S021|S234|S117|S023
IT02367,TopicToken_02367 ProcessToken_146 PatternToken_076,Category_P,S001|S107
IT02368,TopicToken_02368 ProcessToken_018 PatternToken_021,Category_H,S176|S031|S068
IT02369,TopicToken_02369 ProcessToken_022 PatternToken_039,Category_S,S110|S157
IT02370,TopicToken_02370 ProcessToken_118 PatternToken_035,Category_K,S177|S221|S240|S019|S088
IT02371,TopicToken_02371 ProcessToken_101 PatternToken_073,Category_J,S224|S013|S034|S141|S187
IT02372,TopicToken_02372 ProcessToken_147 PatternToken_036,Category_L,S088|S171|S200|S037|S168
IT02373,TopicToken_02373 ProcessToken_124 PatternToken_065,Category_S,S069|S224|S211|S178
IT02374,TopicToken_02374 ProcessToken_186 PatternToken_009,Category_H,S192|S215|S224
IT02375,TopicToken_02375 ProcessToken_127 PatternToken_003,Category_S,S030|S120|S238|S048|S173
IT02376,TopicToken_02376 ProcessToken_048 PatternToken_087,Category_C,S053|S193|S004|S147
IT02377,TopicToken_02377 ProcessToken_044 PatternToken_057,Category_G,S094|S069
IT02378,TopicToken_02378 ProcessToken_179 PatternToken_098,Category_B,S101|S171|S221|S197
IT02379,TopicToken_02379 ProcessToken_017 PatternToken_031,Category_T,S130|S201|S012|S002
IT02380,TopicToken_02380 ProcessToken_026 PatternToken_044,Category_G,S161|S118|S233
IT02381,TopicToken_02381 ProcessToken_169 PatternToken_062,Category_L,S101|S066
IT02382,TopicToken_02382 ProcessToken_073 PatternToken_029,Category_T,S217|S008|S130
IT02383,TopicToken_02383 ProcessToken_079 PatternToken_043,Category_H,S038|S088|S161|S026
IT02384,TopicToken_02384 ProcessToken_023 PatternToken_070,Category_E,S191|S079
IT02385,TopicToken_02385 ProcessToken_133 PatternToken_014,Category_G,S193|S138|S166
IT02386,TopicToken_02386 ProcessToken_041 PatternToken_015,Category_Q,S228|S199|S098
IT02387,TopicToken_02387 ProcessToken_185 PatternToken_023,Category_M,S194|S010|S088
IT02388,TopicToken_02388 ProcessToken_171 PatternToken_001,Category_E,S003|S053
IT02389,TopicToken_02389 ProcessToken_032 PatternToken_027,Category_H,S121|S039|S145|S025|S113
IT02390,TopicToken_02390 ProcessToken_139 PatternToken_085,Category_Q,S178|S201|S166|S081|S007
IT02391,TopicToken_02391 ProcessToken_119 PatternToken_060,Category_I,S068|S195|S143|S058
IT02392,TopicToken_02392 ProcessToken_002 PatternToken_071,Category_P,S145|S034|S174|S083
IT02393,TopicToken_02393 ProcessToken_156 PatternToken_011,Category_R,S140|S052|S013|S214
IT02394,TopicToken_02394 ProcessToken_130 PatternToken_058,Category_D,S050|S237
IT02395,TopicToken_02395 ProcessToken_058 PatternToken_038,Category_B,S048|S233|S110|S132|S219
IT02396,TopicToken_02396 ProcessToken_112 PatternToken_079,Category_M,S207|S156|S120|S166
IT02397,TopicToken_02397 ProcessToken_031 PatternToken_083,Category_E,S107|S027
IT02398,TopicToken_02398 ProcessToken_166 PatternToken_100,Category_J,S110|S141|S048
IT02399,TopicToken_02399 ProcessToken_112 PatternToken_070,Category_E,S141|S017|S160|S040|S197
IT02400,TopicToken_02400 ProcessToken_143 PatternToken_086,Category_A,S173|S052|S165|S044
IT02401,TopicToken_02401 ProcessToken_159 PatternToken_039,Category_Q,S022|S003
IT02402,TopicToken_02402 ProcessToken_038 PatternToken_034,Category_M,S239|S179|S047|S129
IT02403,TopicToken_02403 ProcessToken_199 PatternToken_053,Category_K,S131|S092
IT02404,TopicToken_02404 ProcessToken_005 PatternToken_018,Category_N,S017|S070
IT02405,TopicToken_02405 ProcessToken_008 PatternToken_005,Category_L,S197|S068|S145|S144|S045
IT02406,TopicToken_02406 ProcessToken_041 PatternToken_032,Category_N,S227|S187|S020|S208|S158
IT02407,TopicToken_02407 ProcessToken_114 PatternToken_021,Category_E,S233|S195|S100|S055
IT02408,TopicToken_02408 ProcessToken_144 PatternToken_065,Category_P,S116|S152|S232
IT02409,TopicToken_02409 ProcessToken_107 PatternToken_094,Category_B,S142|S185|S183|S170
IT02410,TopicToken_02410 ProcessToken_049 PatternToken_065,Category_S,S225|S109|S158
IT02411,TopicToken_02411 ProcessToken_110 PatternToken_078,Category_R,S139|S076
IT02412,TopicToken_02412 ProcessToken_040 PatternToken_008,Category_J,S065|S194|S101|S218|S114
IT02413,TopicToken_02413 ProcessToken_095 PatternToken_038,Category_O,S224|S010|S180|S164|S228
IT02414,TopicToken_02414 ProcessToken_013 PatternToken_015,Category_S,S168|S002|S016
IT02415,TopicToken_02415 ProcessToken_130 PatternToken_087,Category_R,S122|S184|S050
IT02416,TopicToken_02416 ProcessToken_153 PatternToken_035,Category_T,S133|S210
IT02417,TopicToken_02417 ProcessToken_076 PatternToken_081,Category_C,S028|S167|S234|S238
IT02418,TopicToken_02418 ProcessToken_095 PatternToken_042,Category_I,S130|S227
IT02419,TopicToken_02419 ProcessToken_041 PatternToken_035,Category_J,S181|S151|S228|S058
IT02420,TopicToken_02420 ProcessToken_060 PatternToken_097,Category_T,S046|S187|S088|S065|S094
IT02421,TopicToken_02421 ProcessToken_127 PatternToken_017,Category_J,S175|S142|S134|S188|S205
IT02422,TopicToken_02422 ProcessToken_015 PatternToken_082,Category_I,S190|S181|S161|S206
IT02423,TopicToken_02423 ProcessToken_200 PatternToken_094,Category_F,S007|S116|S055|S166
IT02424,TopicToken_02424 ProcessToken_056 PatternToken_002,Category_D,S219|S150
IT02425,TopicToken_02425 ProcessToken_050 PatternToken_056,Category_A,S223|S064|S114|S175|S005
IT02426,TopicToken_02426 ProcessToken_154 PatternToken_012,Category_R,S070|S223|S233|S034|S108
IT02427,TopicToken_02427 ProcessToken_005 PatternToken_029,Category_H,S016|S208|S165|S018|S010
IT02428,TopicToken_02428 ProcessToken_032 PatternToken_038,Category_S,S129|S053
IT02429,TopicToken_02429 ProcessToken_058 PatternToken_007,Category_L,S135|S027|S141|S233|S176
IT02430,TopicToken_02430 ProcessToken_059 PatternToken_050,Category_D,S233|S145|S049|S122|S109
IT02431,TopicToken_02431 ProcessToken_013 PatternToken_048,Category_R,S190|S209
IT02432,TopicToken_02432 ProcessToken_172 PatternToken_097,Category_F,S023|S057|S090|S008|S191
IT02433,TopicToken_02433 ProcessToken_176 PatternToken_031,Category_E,S016|S187|S132|S101|S093
IT02434,TopicToken_02434 ProcessToken_165 PatternToken_024,Category_O,S193|S059
IT02435,TopicToken_02435 ProcessToken_164 PatternToken_037,Category_I,S097|S048|S191
IT02436,TopicToken_02436 ProcessToken_033 PatternToken_033,Category_J,S101|S084|S087
IT02437,TopicToken_02437 ProcessToken_081 PatternToken_015,Category_B,S194|S091
IT02438,TopicToken_02438 ProcessToken_127 PatternToken_006,Category_C,S116|S202|S158|S130
IT02439,TopicToken_02439 ProcessToken_028 PatternToken_026,Category_F,S170|S134|S082|S002|S146
IT02440,TopicToken_02440 ProcessToken_138 PatternToken_057,Category_E,S141|S140|S091
IT02441,TopicToken_02441 ProcessToken_098 PatternToken_012,Category_D,S001|S051|S033|S146
IT02442,TopicToken_02442 ProcessToken_033 PatternToken_099,Category_T,S174|S226|S031|S169|S216
IT02443,TopicToken_02443 ProcessToken_096 PatternToken_065,Category_P,S104|S184|S236|S033
IT02444,TopicToken_02444 ProcessToken_028 PatternToken_025,Category_T,S067|S136
IT02445,TopicToken_02445 ProcessToken_154 PatternToken_057,Category_Q,S155|S153
IT02446,TopicToken_02446 ProcessToken_048 PatternToken_075,Category_D,S143|S131
IT02447,TopicToken_02447 ProcessToken_145 PatternToken_088,Category_T,S185|S136|S105|S177|S182
IT02448,TopicToken_02448 ProcessToken_006 PatternToken_006,Category_C,S180|S162|S235|S099
IT02449,TopicToken_02449 ProcessToken_137 PatternToken_023,Category_L,S223|S132|S207|S139|S192
IT02450,TopicToken_02450 ProcessToken_098 PatternToken_028,Category_S,S066|S166
IT02451,TopicToken_02451 ProcessToken_069 PatternToken_022,Category_K,S005|S073
IT02452,TopicToken_02452 ProcessToken_106 PatternToken_051,Category_A,S161|S203|S156|S022
IT02453,TopicToken_02453 ProcessToken_110 PatternToken_023,Category_A,S154|S152|S148|S187
IT02454,TopicToken_02454 ProcessToken_182 PatternToken_024,Category_N,S204|S089|S232|S075|S077
IT02455,TopicToken_02455 ProcessToken_102 PatternToken_096,Category_E,S061|S221|S146|S207|S007
IT02456,TopicToken_02456 ProcessToken_075 PatternToken_076,Category_T,S085|S022|S135
IT02457,TopicToken_02457 ProcessToken_108 PatternToken_016,Category_N,S014|S220|S218
IT02458,TopicToken_02458 ProcessToken_054 PatternToken_023,Category_F,S213|S226|S168
IT02459,TopicToken_02459 ProcessToken_028 PatternToken_097,Category_P,S037|S125|S049|S141|S118
IT02460,TopicToken_02460 ProcessToken_013 PatternToken_005,Category_E,S107|S127|S034|S092
IT02461,TopicToken_02461 ProcessToken_166 PatternToken_060,Category_O,S047|S033|S187|S017|S095
IT02462,TopicToken_02462 ProcessToken_057 PatternToken_049,Category_P,S002|S149|S164
IT02463,TopicToken_02463 ProcessToken_149 PatternToken_082,Category_B,S009|S109
IT02464,TopicToken_02464 ProcessToken_154 PatternToken_009,Category_H,S134|S097|S159
IT02465,TopicToken_02465 ProcessToken_169 PatternToken_053,Category_T,S054|S168|S071|S213
IT02466,TopicToken_02466 ProcessToken_085 PatternToken_053,Category_S,S003|S185|S042|S134|S214
IT02467,TopicToken_02467 ProcessToken_161 PatternToken_050,Category_O,S120|S066|S199|S046
IT02468,TopicToken_02468 ProcessToken_141 PatternToken_015,Category_A,S069|S238|S009|S027
IT02469,TopicToken_02469 ProcessToken_018 PatternToken_080,Category_F,S125|S015|S086|S103|S167
IT02470,TopicToken_02470 ProcessToken_095 PatternToken_069,Category_R,S104|S060
IT02471,TopicToken_02471 ProcessToken_042 PatternToken_019,Category_J,S142|S048
IT02472,TopicToken_02472 ProcessToken_055 PatternToken_081,Category_R,S145|S205|S032|S212|S138
IT02473,TopicToken_02473 ProcessToken_162 PatternToken_045,Category_K,S002|S014|S171
IT02474,TopicToken_02474 ProcessToken_184 PatternToken_040,Category_B,S213|S175|S115
IT02475,TopicToken_02475 ProcessToken_078 PatternToken_079,Category_A,S068|S168|S128|S142
IT02476,TopicToken_02476 ProcessToken_076 PatternToken_072,Category_I,S006|S038|S165
IT02477,TopicToken_02477 ProcessToken_170 PatternToken_034,Category_S,S085|S221
IT02478,TopicToken_02478 ProcessToken_119 PatternToken_011,Category_F,S169|S091
IT02479,TopicToken_02479 ProcessToken_180 PatternToken_048,Category_M,S076|S159
IT02480,TopicToken_02480 ProcessToken_132 PatternToken_007,Category_F,S011|S207|S065|S091|S041
IT02481,TopicToken_02481 ProcessToken_050 PatternToken_018,Category_O,S179|S233|S099|S016|S069
IT02482,TopicToken_02482 ProcessToken_131 PatternToken_072,Category_B,S157|S068|S089|S090|S108
IT02483,TopicToken_02483 ProcessToken_110 PatternToken_058,Category_H,S220|S060|S070|S116|S200
IT02484,TopicToken_02484 ProcessToken_045 PatternToken_021,Category_M,S029|S059|S090|S088
IT02485,TopicToken_02485 ProcessToken_042 PatternToken_046,Category_T,S114|S022
IT02486,TopicToken_02486 ProcessToken_111 PatternToken_005,Category_O,S193|S013|S158|S236
IT02487,TopicToken_02487 ProcessToken_095 PatternToken_077,Category_S,S057|S046
IT02488,TopicToken_02488 ProcessToken_086 PatternToken_019,Category_E,S078|S072
IT02489,TopicToken_02489 ProcessToken_096 PatternToken_022,Category_D,S165|S111|S150|S169|S116
IT02490,TopicToken_02490 ProcessToken_029 PatternToken_070,Category_L,S110|S129|S180
IT02491,TopicToken_02491 ProcessToken_006 PatternToken_069,Category_N,S207|S192
IT02492,TopicToken_02492 ProcessToken_071 PatternToken_038,Category_E,S184|S105|S100|S109
IT02493,TopicToken_02493 ProcessToken_109 PatternToken_011,Category_I,S239|S017
IT02494,TopicToken_02494 ProcessToken_154 PatternToken_079,Category_G,S225|S218|S240
IT02495,TopicToken_02495 ProcessToken_020 PatternToken_060,Category_C,S107|S045|S006|S098|S152
IT02496,TopicToken_02496 ProcessToken_182 PatternToken_050,Category_K,S165|S121|S202|S155|S188
IT02497,TopicToken_02497 ProcessToken_011 PatternToken_020,Category_I,S175|S143|S045|S157|S172
IT02498,TopicToken_02498 ProcessToken_164 PatternToken_049,Category_K,S038|S076
IT02499,TopicToken_02499 ProcessToken_099 PatternToken_003,Category_O,S195|S179|S200|S191
IT02500,TopicToken_02500 ProcessToken_041 PatternToken_088,Category_N,S191|S030|S200|S222|S094
IT02501,TopicToken_02501 ProcessToken_103 PatternToken_060,Category_E,S225|S016|S135|S108|S052
IT02502,TopicToken_02502 ProcessToken_164 PatternToken_021,Category_O,S047|S221
IT02503,TopicToken_02503 ProcessToken_066 PatternToken_005,Category_K,S138|S071|S190|S227|S050
IT02504,TopicToken_02504 ProcessToken_129 PatternToken_025,Category_E,S060|S042|S146
IT02505,TopicToken_02505 ProcessToken_199 PatternToken_086,Category_K,S207|S200|S208
IT02506,TopicToken_02506 ProcessToken_007 PatternToken_043,Category_H,S139|S104
IT02507,TopicToken_02507 ProcessToken_006 PatternToken_054,Category_L,S131|S221|S161|S044|S229
IT02508,TopicToken_02508 ProcessToken_085 PatternToken_053,Category_E,S038|S108|S206|S097|S029
IT02509,TopicToken_02509 ProcessToken_184 PatternToken_065,Category_D,S109|S010|S091
IT02510,TopicToken_02510 ProcessToken_171 PatternToken_052,Category_A,S179|S029
IT02511,TopicToken_02511 ProcessToken_063 PatternToken_051,Category_Q,S191|S054
IT02512,TopicToken_02512 ProcessToken_081 PatternToken_097,Category_D,S086|S042|S195|S235|S039
IT02513,TopicToken_02513 ProcessToken_124 PatternToken_039,Category_M,S128|S046|S024|S153
IT02514,TopicToken_02514 ProcessToken_041 PatternToken_009,Category_J,S051|S177|S077|S112
IT02515,TopicToken_02515 ProcessToken_006 PatternToken_023,Category_J,S179|S085|S123|S158
IT02516,TopicToken_02516 ProcessToken_087 PatternToken_080,Category_B,S132|S239|S195
IT02517,TopicToken_02517 ProcessToken_091 PatternToken_091,Category_O,S043|S163
IT02518,TopicToken_02518 ProcessToken_048 PatternToken_072,Category_N,S016|S070|S149|S038|S173
IT02519,TopicToken_02519 ProcessToken_179 PatternToken_014,Category_P,S178|S121
IT02520,TopicToken_02520 ProcessToken_107 PatternToken_024,Category_D,S156|S173|S051|S214
IT02521,TopicToken_02521 ProcessToken_154 PatternToken_062,Category_T,S113|S235|S008
IT02522,TopicToken_02522 ProcessToken_029 PatternToken_100,Category_S,S047|S237
IT02523,TopicToken_02523 ProcessToken_178 PatternToken_068,Category_J,S097|S104|S158|S071|S186
IT02524,TopicToken_02524 ProcessToken_088 PatternToken_020,Category_O,S150|S227|S036|S099|S196
IT02525,TopicToken_02525 ProcessToken_105 PatternToken_039,Category_E,S075|S115
IT02526,TopicToken_02526 ProcessToken_156 PatternToken_092,Category_M,S161|S208|S115|S162|S085
IT02527,TopicToken_02527 ProcessToken_177 PatternToken_085,Category_H,S228|S144|S231|S218|S170
IT02528,TopicToken_02528 ProcessToken_141 PatternToken_003,Category_P,S218|S059
IT02529,TopicToken_02529 ProcessToken_192 PatternToken_019,Category_O,S200|S177|S218|S164
IT02530,TopicToken_02530 ProcessToken_181 PatternToken_031,Category_L,S069|S009
IT02531,TopicToken_02531 ProcessToken_020 PatternToken_004,Category_T,S048|S132
IT02532,TopicToken_02532 ProcessToken_059 PatternToken_030,Category_S,S025|S133|S077|S225|S050
IT02533,TopicToken_02533 ProcessToken_052 PatternToken_012,Category_O,S233|S072|S226|S176|S141
IT02534,TopicToken_02534 ProcessToken_033 PatternToken_067,Category_K,S083|S222|S113|S195|S041
IT02535,TopicToken_02535 ProcessToken_113 PatternToken_015,Category_D,S215|S162|S005|S020|S089
IT02536,TopicToken_02536 ProcessToken_101 PatternToken_057,Category_T,S176|S071|S206|S235
IT02537,TopicToken_02537 ProcessToken_192 PatternToken_010,Category_A,S070|S180|S165|S085
IT02538,TopicToken_02538 ProcessToken_079 PatternToken_005,Category_C,S078|S075|S044|S208
IT02539,TopicToken_02539 ProcessToken_195 PatternToken_007,Category_Q,S053|S036|S207|S051|S192
IT02540,TopicToken_02540 ProcessToken_007 PatternToken_081,Category_G,S065|S238
IT02541,TopicToken_02541 ProcessToken_059 PatternToken_047,Category_O,S059|S094|S080
IT02542,TopicToken_02542 ProcessToken_125 PatternToken_015,Category_P,S034|S122|S042|S224
IT02543,TopicToken_02543 ProcessToken_069 PatternToken_011,Category_E,S156|S223|S183
IT02544,TopicToken_02544 ProcessToken_020 PatternToken_031,Category_K,S219|S064|S238|S030
IT02545,TopicToken_02545 ProcessToken_008 PatternToken_019,Category_E,S237|S056|S067|S214
IT02546,TopicToken_02546 ProcessToken_017 PatternToken_020,Category_C,S042|S211|S077
IT02547,TopicToken_02547 ProcessToken_058 PatternToken_017,Category_C,S059|S197
IT02548,TopicToken_02548 ProcessToken_131 PatternToken_059,Category_P,S054|S119|S204|S002|S225
IT02549,TopicToken_02549 ProcessToken_116 PatternToken_093,Category_O,S203|S189|S117|S073|S181
IT02550,TopicToken_02550 ProcessToken_115 PatternToken_040,Category_M,S109|S143
IT02551,TopicToken_02551 ProcessToken_184 PatternToken_085,Category_O,S164|S152|S206|S021|S069
IT02552,TopicToken_02552 ProcessToken_121 PatternToken_020,Category_M,S072|S002
IT02553,TopicToken_02553 ProcessToken_112 PatternToken_001,Category_T,S197|S090|S035
IT02554,TopicToken_02554 ProcessToken_055 PatternToken_051,Category_J,S240|S050|S015
IT02555,TopicToken_02555 ProcessToken_014 PatternToken_010,Category_M,S091|S204|S144|S151
IT02556,TopicToken_02556 ProcessToken_103 PatternToken_047,Category_M,S190|S232
IT02557,TopicToken_02557 ProcessToken_166 PatternToken_017,Category_E,S147|S070|S092
IT02558,TopicToken_02558 ProcessToken_004 PatternToken_044,Category_G,S131|S158|S130|S222|S224
IT02559,TopicToken_02559 ProcessToken_163 PatternToken_030,Category_Q,S052|S236|S212|S156|S066
IT02560,TopicToken_02560 ProcessToken_089 PatternToken_054,Category_T,S012|S123|S148
IT02561,TopicToken_02561 ProcessToken_045 PatternToken_048,Category_J,S222|S197|S065|S026
IT02562,TopicToken_02562 ProcessToken_063 PatternToken_090,Category_G,S012|S143|S161
IT02563,TopicToken_02563 ProcessToken_145 PatternToken_027,Category_S,S156|S085|S198
IT02564,TopicToken_02564 ProcessToken_079 PatternToken_032,Category_D,S014|S025|S193|S019|S042
IT02565,TopicToken_02565 ProcessToken_018 PatternToken_002,Category_S,S080|S084|S207|S212|S116
IT02566,TopicToken_02566 ProcessToken_015 PatternToken_060,Category_B,S004|S169|S012|S162|S140
IT02567,TopicToken_02567 ProcessToken_034 PatternToken_082,Category_D,S144|S218|S192|S078
IT02568,TopicToken_02568 ProcessToken_006 PatternToken_052,Category_N,S086|S186|S037|S199|S098
IT02569,TopicToken_02569 ProcessToken_194 PatternToken_064,Category_D,S190|S197|S096|S106
IT02570,TopicToken_02570 ProcessToken_078 PatternToken_009,Category_N,S012|S057|S054
IT02571,TopicToken_02571 ProcessToken_141 PatternToken_090,Category_A,S227|S130|S149|S233
IT02572,TopicToken_02572 ProcessToken_114 PatternToken_052,Category_K,S136|S057|S084|S223|S232
IT02573,TopicToken_02573 ProcessToken_103 PatternToken_052,Category_M,S060|S174
IT02574,TopicToken_02574 ProcessToken_073 PatternToken_085,Category_S,S013|S098|S194|S143
IT02575,TopicToken_02575 ProcessToken_128 PatternToken_089,Category_R,S220|S221|S023
IT02576,TopicToken_02576 ProcessToken_075 PatternToken_042,Category_F,S051|S003|S020|S067
IT02577,TopicToken_02577 ProcessToken_113 PatternToken_095,Category_C,S007|S134|S236
IT02578,TopicToken_02578 ProcessToken_120 PatternToken_083,Category_M,S237|S074|S130
IT02579,TopicToken_02579 ProcessToken_035 PatternToken_003,Category_Q,S089|S005|S010|S114|S127
IT02580,TopicToken_02580 ProcessToken_078 PatternToken_052,Category_D,S054|S004|S126|S234|S031
IT02581,TopicToken_02581 ProcessToken_169 PatternToken_048,Category_E,S236|S111
IT02582,TopicToken_02582 ProcessToken_146 PatternToken_028,Category_P,S102|S106
IT02583,TopicToken_02583 ProcessToken_063 PatternToken_005,Category_F,S061|S160|S036|S044|S190
IT02584,TopicToken_02584 ProcessToken_093 PatternToken_063,Category_F,S211|S067
IT02585,TopicToken_02585 ProcessToken_019 PatternToken_077,Category_Q,S215|S163|S159|S206|S186
IT02586,TopicToken_02586 ProcessToken_029 PatternToken_065,Category_I,S015|S194|S108|S160|S223
IT02587,TopicToken_02587 ProcessToken_077 PatternToken_061,Category_S,S139|S229|S187|S160
IT02588,TopicToken_02588 ProcessToken_168 PatternToken_061,Category_Q,S101|S054|S234
IT02589,TopicToken_02589 ProcessToken_062 PatternToken_091,Category_H,S035|S119|S050|S131|S002
IT02590,TopicToken_02590 ProcessToken_123 PatternToken_018,Category_M,S056|S099
IT02591,TopicToken_02591 ProcessToken_127 PatternToken_086,Category_T,S110|S001|S022|S160
IT02592,TopicToken_02592 ProcessToken_022 PatternToken_082,Category_I,S050|S175|S049
IT02593,TopicToken_02593 ProcessToken_186 PatternToken_059,Category_C,S052|S099|S190|S189
IT02594,TopicToken_02594 ProcessToken_017 PatternToken_057,Category_R,S030|S235|S233|S158|S138
IT02595,TopicToken_02595 ProcessToken_049 PatternToken_063,Category_F,S129|S147|S181|S136|S037
IT02596,TopicToken_02596 ProcessToken_093 PatternToken_092,Category_S,S105|S225|S151|S237
IT02597,TopicToken_02597 ProcessToken_175 PatternToken_038,Category_D,S153|S226
IT02598,TopicToken_02598 ProcessToken_169 PatternToken_088,Category_T,S097|S215|S111|S157
IT02599,TopicToken_02599 ProcessToken_049 PatternToken_052,Category_K,S184|S021
IT02600,TopicToken_02600 ProcessToken_070 PatternToken_064,Category_L,S240|S181|S232
IT02601,TopicToken_02601 ProcessToken_145 PatternToken_096,Category_K,S130|S046|S006|S143
IT02602,TopicToken_02602 ProcessToken_010 PatternToken_039,Category_T,S235|S112|S156
IT02603,TopicToken_02603 ProcessToken_140 PatternToken_057,Category_C,S158|S026|S198|S197|S196
IT02604,TopicToken_02604 ProcessToken_187 PatternToken_082,Category_B,S156|S205|S142|S203|S108
IT02605,TopicToken_02605 ProcessToken_032 PatternToken_051,Category_T,S144|S187|S046|S013|S022
IT02606,TopicToken_02606 ProcessToken_149 PatternToken_043,Category_T,S020|S238|S194|S237
IT02607,TopicToken_02607 ProcessToken_029 PatternToken_052,Category_N,S080|S078|S073|S036
IT02608,TopicToken_02608 ProcessToken_001 PatternToken_073,Category_F,S135|S227|S200|S162|S239
IT02609,TopicToken_02609 ProcessToken_014 PatternToken_077,Category_D,S100|S023|S105|S048
IT02610,TopicToken_02610 ProcessToken_185 PatternToken_091,Category_M,S038|S084|S151
IT02611,TopicToken_02611 ProcessToken_049 PatternToken_061,Category_A,S074|S043|S161
IT02612,TopicToken_02612 ProcessToken_064 PatternToken_100,Category_O,S153|S041
IT02613,TopicToken_02613 ProcessToken_108 PatternToken_066,Category_C,S016|S233|S070
IT02614,TopicToken_02614 ProcessToken_200 PatternToken_023,Category_N,S190|S040|S128|S010
IT02615,TopicToken_02615 ProcessToken_070 PatternToken_015,Category_I,S181|S064|S169
IT02616,TopicToken_02616 ProcessToken_150 PatternToken_053,Category_P,S172|S136|S115
IT02617,TopicToken_02617 ProcessToken_082 PatternToken_086,Category_B,S093|S199|S181|S095
IT02618,TopicToken_02618 ProcessToken_146 PatternToken_052,Category_M,S040|S080
IT02619,TopicToken_02619 ProcessToken_190 PatternToken_073,Category_I,S009|S011|S031|S021|S083
IT02620,TopicToken_02620 ProcessToken_052 PatternToken_078,Category_N,S062|S232
IT02621,TopicToken_02621 ProcessToken_133 PatternToken_021,Category_K,S218|S151
IT02622,TopicToken_02622 ProcessToken_048 PatternToken_060,Category_F,S166|S052|S009
IT02623,TopicToken_02623 ProcessToken_025 PatternToken_055,Category_L,S007|S229|S073|S164|S062
IT02624,TopicToken_02624 ProcessToken_193 PatternToken_096,Category_C,S009|S201|S059
IT02625,TopicToken_02625 ProcessToken_147 PatternToken_057,Category_P,S203|S121|S123|S128
IT02626,TopicToken_02626 ProcessToken_064 PatternToken_042,Category_E,S232|S106|S050|S151|S001
IT02627,TopicToken_02627 ProcessToken_042 PatternToken_069,Category_M,S158|S196|S121|S064
IT02628,TopicToken_02628 ProcessToken_083 PatternToken_094,Category_A,S197|S180|S209|S175|S002
IT02629,TopicToken_02629 ProcessToken_146 PatternToken_037,Category_D,S039|S079|S147|S149|S234
IT02630,TopicToken_02630 ProcessToken_094 PatternToken_054,Category_Q,S038|S234|S105|S066|S063
IT02631,TopicToken_02631 ProcessToken_119 PatternToken_058,Category_L,S037|S065|S205|S049|S137
IT02632,TopicToken_02632 ProcessToken_008 PatternToken_068,Category_A,S034|S175|S049|S092|S136
IT02633,TopicToken_02633 ProcessToken_049 PatternToken_084,Category_N,S018|S094|S027
IT02634,TopicToken_02634 ProcessToken_054 PatternToken_062,Category_C,S189|S134
IT02635,TopicToken_02635 ProcessToken_129 PatternToken_050,Category_R,S238|S068|S194|S171|S073
IT02636,TopicToken_02636 ProcessToken_186 PatternToken_021,Category_B,S238|S201|S223|S166
IT02637,TopicToken_02637 ProcessToken_093 PatternToken_094,Category_K,S067|S157|S236|S023
IT02638,TopicToken_02638 ProcessToken_082 PatternToken_041,Category_P,S196|S005
IT02639,TopicToken_02639 ProcessToken_196 PatternToken_016,Category_E,S188|S012|S014|S204|S089
IT02640,TopicToken_02640 ProcessToken_008 PatternToken_095,Category_M,S182|S175|S065
IT02641,TopicToken_02641 ProcessToken_194 PatternToken_049,Category_O,S189|S123
IT02642,TopicToken_02642 ProcessToken_023 PatternToken_010,Category_A,S058|S219
IT02643,TopicToken_02643 ProcessToken_192 PatternToken_030,Category_F,S028|S015|S094
IT02644,TopicToken_02644 ProcessToken_166 PatternToken_059,Category_R,S132|S140
IT02645,TopicToken_02645 ProcessToken_108 PatternToken_049,Category_B,S147|S164|S032
IT02646,TopicToken_02646 ProcessToken_021 PatternToken_024,Category_M,S089|S100|S149|S047|S178
IT02647,TopicToken_02647 ProcessToken_029 PatternToken_060,Category_H,S126|S221|S117|S125
IT02648,TopicToken_02648 ProcessToken_171 PatternToken_061,Category_O,S156|S179|S076
IT02649,TopicToken_02649 ProcessToken_051 PatternToken_093,Category_C,S160|S195|S240|S130|S018
IT02650,TopicToken_02650 ProcessToken_011 PatternToken_097,Category_I,S001|S053|S201
IT02651,TopicToken_02651 ProcessToken_156 PatternToken_098,Category_I,S206|S070|S037
IT02652,TopicToken_02652 ProcessToken_126 PatternToken_027,Category_I,S227|S087|S178
IT02653,TopicToken_02653 ProcessToken_075 PatternToken_080,Category_R,S092|S181|S117|S058
IT02654,TopicToken_02654 ProcessToken_028 PatternToken_038,Category_K,S062|S196
IT02655,TopicToken_02655 ProcessToken_107 PatternToken_031,Category_O,S086|S204
IT02656,TopicToken_02656 ProcessToken_145 PatternToken_004,Category_J,S037|S017
IT02657,TopicToken_02657 ProcessToken_085 PatternToken_081,Category_K,S028|S041|S067|S220|S128
IT02658,TopicToken_02658 ProcessToken_055 PatternToken_086,Category_J,S162|S222
IT02659,TopicToken_02659 ProcessToken_114 PatternToken_052,Category_I,S102|S117|S066|S167
IT02660,TopicToken_02660 ProcessToken_085 PatternToken_082,Category_S,S141|S164|S154|S097|S065
IT02661,TopicToken_02661 ProcessToken_119 PatternToken_045,Category_B,S234|S097|S197|S155
IT02662,TopicToken_02662 ProcessToken_030 PatternToken_072,Category_S,S163|S225|S204
IT02663,TopicToken_02663 ProcessToken_073 PatternToken_055,Category_T,S141|S166
IT02664,TopicToken_02664 ProcessToken_097 PatternToken_003,Category_G,S065|S232|S097|S042
IT02665,TopicToken_02665 ProcessToken_141 PatternToken_026,Category_G,S062|S036|S193
IT02666,TopicToken_02666 ProcessToken_155 PatternToken_074,Category_F,S174|S072
IT02667,TopicToken_02667 ProcessToken_145 PatternToken_057,Category_S,S082|S111|S132
IT02668,TopicToken_02668 ProcessToken_170 PatternToken_023,Category_M,S109|S209|S141|S155|S217
IT02669,TopicToken_02669 ProcessToken_083 PatternToken_038,Category_J,S007|S001|S041|S130
IT02670,TopicToken_02670 ProcessToken_112 PatternToken_077,Category_S,S107|S045|S112
IT02671,TopicToken_02671 ProcessToken_051 PatternToken_029,Category_E,S155|S088|S131|S044
IT02672,TopicToken_02672 ProcessToken_016 PatternToken_020,Category_G,S030|S004
IT02673,TopicToken_02673 ProcessToken_035 PatternToken_077,Category_L,S053|S095|S147|S015|S013
IT02674,TopicToken_02674 ProcessToken_126 PatternToken_041,Category_H,S045|S075|S019|S120|S020
IT02675,TopicToken_02675 ProcessToken_053 PatternToken_075,Category_P,S054|S155|S187|S011
IT02676,TopicToken_02676 ProcessToken_177 PatternToken_079,Category_M,S213|S019|S104|S162
IT02677,TopicToken_02677 ProcessToken_126 PatternToken_012,Category_M,S220|S117|S049
IT02678,TopicToken_02678 ProcessToken_075 PatternToken_047,Category_P,S230|S090
IT02679,TopicToken_02679 ProcessToken_022 PatternToken_045,Category_G,S095|S149
IT02680,TopicToken_02680 ProcessToken_002 PatternToken_001,Category_N,S140|S113
IT02681,TopicToken_02681 ProcessToken_163 PatternToken_091,Category_E,S040|S214|S216|S147|S031
IT02682,TopicToken_02682 ProcessToken_036 PatternToken_040,Category_C,S232|S200|S190|S035|S002
IT02683,TopicToken_02683 ProcessToken_109 PatternToken_040,Category_D,S206|S046|S148
IT02684,TopicToken_02684 ProcessToken_061 PatternToken_009,Category_L,S038|S092
IT02685,TopicToken_02685 ProcessToken_171 PatternToken_063,Category_K,S077|S236|S191
IT02686,TopicToken_02686 ProcessToken_120 PatternToken_015,Category_C,S014|S129
IT02687,TopicToken_02687 ProcessToken_140 PatternToken_078,Category_K,S175|S008|S148|S184
IT02688,TopicToken_02688 ProcessToken_014 PatternToken_022,Category_B,S123|S037|S129|S018|S193
IT02689,TopicToken_02689 ProcessToken_094 PatternToken_086,Category_B,S090|S001
IT02690,TopicToken_02690 ProcessToken_127 PatternToken_026,Category_P,S144|S216
IT02691,TopicToken_02691 ProcessToken_189 PatternToken_058,Category_M,S018|S215|S214
IT02692,TopicToken_02692 ProcessToken_146 PatternToken_044,Category_L,S074|S155|S234|S038|S107
IT02693,TopicToken_02693 ProcessToken_156 PatternToken_054,Category_S,S089|S140
IT02694,TopicToken_02694 ProcessToken_185 PatternToken_055,Category_D,S156|S237
IT02695,TopicToken_02695 ProcessToken_132 PatternToken_008,Category_G,S130|S181
IT02696,TopicToken_02696 ProcessToken_064 PatternToken_085,Category_M,S032|S235|S149|S186|S150
IT02697,TopicToken_02697 ProcessToken_001 PatternToken_050,Category_S,S144|S037
IT02698,TopicToken_02698 ProcessToken_050 PatternToken_076,Category_Q,S057|S001|S112|S106|S233
IT02699,TopicToken_02699 ProcessToken_116 PatternToken_039,Category_T,S151|S073|S113
IT02700,TopicToken_02700 ProcessToken_014 PatternToken_012,Category_N,S123|S034|S045|S133
IT02701,TopicToken_02701 ProcessToken_136 PatternToken_046,Category_H,S138|S239|S126|S014|S219
IT02702,TopicToken_02702 ProcessToken_197 PatternToken_012,Category_M,S149|S168
IT02703,TopicToken_02703 ProcessToken_137 PatternToken_092,Category_B,S129|S142|S179
IT02704,TopicToken_02704 ProcessToken_087 PatternToken_051,Category_M,S158|S089|S086|S145
IT02705,TopicToken_02705 ProcessToken_024 PatternToken_030,Category_C,S125|S039|S192
IT02706,TopicToken_02706 ProcessToken_077 PatternToken_025,Category_R,S125|S005|S214
IT02707,TopicToken_02707 ProcessToken_175 PatternToken_087,Category_E,S156|S152
IT02708,TopicToken_02708 ProcessToken_066 PatternToken_087,Category_D,S038|S029|S219
IT02709,TopicToken_02709 ProcessToken_068 PatternToken_073,Category_S,S107|S104|S069
IT02710,TopicToken_02710 ProcessToken_200 PatternToken_059,Category_D,S030|S103|S041
IT02711,TopicToken_02711 ProcessToken_002 PatternToken_073,Category_L,S033|S214|S109|S140|S118
IT02712,TopicToken_02712 ProcessToken_047 PatternToken_062,Category_A,S009|S133|S066|S165|S128
IT02713,TopicToken_02713 ProcessToken_174 PatternToken_039,Category_M,S224|S013|S054|S006
IT02714,TopicToken_02714 ProcessToken_006 PatternToken_034,Category_C,S210|S112
IT02715,TopicToken_02715 ProcessToken_177 PatternToken_071,Category_I,S162|S060|S075
IT02716,TopicToken_02716 ProcessToken_020 PatternToken_051,Category_A,S188|S190|S120|S237
IT02717,TopicToken_02717 ProcessToken_052 PatternToken_064,Category_S,S221|S057|S234
IT02718,TopicToken_02718 ProcessToken_168 PatternToken_050,Category_D,S084|S010|S237
IT02719,TopicToken_02719 ProcessToken_103 PatternToken_076,Category_K,S005|S027|S094|S161
IT02720,TopicToken_02720 ProcessToken_003 PatternToken_053,Category_T,S210|S190|S121|S169|S173
IT02721,TopicToken_02721 ProcessToken_049 PatternToken_003,Category_H,S029|S167|S199
IT02722,TopicToken_02722 ProcessToken_097 PatternToken_025,Category_S,S122|S131|S163
IT02723,TopicToken_02723 ProcessToken_149 PatternToken_003,Category_A,S226|S114|S196
IT02724,TopicToken_02724 ProcessToken_124 PatternToken_048,Category_B,S216|S027|S202
IT02725,TopicToken_02725 ProcessToken_017 PatternToken_066,Category_O,S023|S002
IT02726,TopicToken_02726 ProcessToken_070 PatternToken_060,Category_H,S090|S057|S092|S179|S194
IT02727,TopicToken_02727 ProcessToken_190 PatternToken_045,Category_M,S142|S076|S213|S155
IT02728,TopicToken_02728 ProcessToken_183 PatternToken_001,Category_J,S184|S164|S151|S042
IT02729,TopicToken_02729 ProcessToken_120 PatternToken_017,Category_S,S094|S178|S162
IT02730,TopicToken_02730 ProcessToken_117 PatternToken_040,Category_I,S076|S188|S049
IT02731,TopicToken_02731 ProcessToken_107 PatternToken_006,Category_G,S204|S080|S090|S197|S023
IT02732,TopicToken_02732 ProcessToken_176 PatternToken_058,Category_K,S116|S183
IT02733,TopicToken_02733 ProcessToken_095 PatternToken_064,Category_I,S037|S188|S221|S162
IT02734,TopicToken_02734 ProcessToken_108 PatternToken_069,Category_H,S142|S203|S059|S102
IT02735,TopicToken_02735 ProcessToken_162 PatternToken_083,Category_O,S044|S032|S191|S009|S116
IT02736,TopicToken_02736 ProcessToken_153 PatternToken_096,Category_R,S009|S222|S160
IT02737,TopicToken_02737 ProcessToken_083 PatternToken_036,Category_P,S057|S238
IT02738,TopicToken_02738 ProcessToken_021 PatternToken_032,Category_S,S221|S129
IT02739,TopicToken_02739 ProcessToken_072 PatternToken_028,Category_P,S156|S025|S051|S122
IT02740,TopicToken_02740 ProcessToken_106 PatternToken_026,Category_R,S143|S108|S131
IT02741,TopicToken_02741 ProcessToken_140 PatternToken_049,Category_A,S130|S095|S210
IT02742,TopicToken_02742 ProcessToken_115 PatternToken_051,Category_F,S017|S058
IT02743,TopicToken_02743 ProcessToken_027 PatternToken_029,Category_G,S123|S135|S084
IT02744,TopicToken_02744 ProcessToken_060 PatternToken_085,Category_P,S033|S238|S008|S019
IT02745,TopicToken_02745 ProcessToken_117 PatternToken_052,Category_B,S089|S156
IT02746,TopicToken_02746 ProcessToken_092 PatternToken_066,Category_G,S095|S122
IT02747,TopicToken_02747 ProcessToken_058 PatternToken_053,Category_T,S105|S059
IT02748,TopicToken_02748 ProcessToken_081 PatternToken_053,Category_T,S068|S159|S155|S065|S115
IT02749,TopicToken_02749 ProcessToken_023 PatternToken_059,Category_E,S034|S069|S140|S240|S234
IT02750,TopicToken_02750 ProcessToken_024 PatternToken_026,Category_S,S145|S203
IT02751,TopicToken_02751 ProcessToken_112 PatternToken_013,Category_E,S190|S031|S177|S022
IT02752,TopicToken_02752 ProcessToken_159 PatternToken_080,Category_I,S004|S164|S137|S214|S119
IT02753,TopicToken_02753 ProcessToken_110 PatternToken_064,Category_H,S032|S157|S136|S043
IT02754,TopicToken_02754 ProcessToken_104 PatternToken_043,Category_E,S126|S129
IT02755,TopicToken_02755 ProcessToken_140 PatternToken_058,Category_R,S186|S113|S138|S015
IT02756,TopicToken_02756 ProcessToken_134 PatternToken_056,Category_C,S049|S112|S012
IT02757,TopicToken_02757 ProcessToken_111 PatternToken_030,Category_B,S102|S221|S192|S091|S202
IT02758,TopicToken_02758 ProcessToken_061 PatternToken_077,Category_F,S186|S173|S208
IT02759,TopicToken_02759 ProcessToken_149 PatternToken_071,Category_R,S151|S066|S195|S146
IT02760,TopicToken_02760 ProcessToken_032 PatternToken_005,Category_T,S223|S136|S118|S222
IT02761,TopicToken_02761 ProcessToken_032 PatternToken_086,Category_F,S233|S056|S189|S215
IT02762,TopicToken_02762 ProcessToken_021 PatternToken_079,Category_D,S043|S229|S218|S030
IT02763,TopicToken_02763 ProcessToken_167 PatternToken_024,Category_R,S041|S084
IT02764,TopicToken_02764 ProcessToken_186 PatternToken_022,Category_R,S098|S002|S071|S225|S182
IT02765,TopicToken_02765 ProcessToken_015 PatternToken_047,Category_P,S217|S128
IT02766,TopicToken_02766 ProcessToken_026 PatternToken_009,Category_O,S169|S064|S065
IT02767,TopicToken_02767 ProcessToken_197 PatternToken_080,Category_J,S184|S077|S209|S227|S235
IT02768,TopicToken_02768 ProcessToken_039 PatternToken_094,Category_R,S107|S013|S239|S038|S113
IT02769,TopicToken_02769 ProcessToken_096 PatternToken_048,Category_P,S144|S190|S098|S050|S121
IT02770,TopicToken_02770 ProcessToken_162 PatternToken_093,Category_R,S112|S158|S016|S087
IT02771,TopicToken_02771 ProcessToken_002 PatternToken_092,Category_F,S177|S078|S131|S072|S193
IT02772,TopicToken_02772 ProcessToken_050 PatternToken_008,Category_D,S022|S208|S036
IT02773,TopicToken_02773 ProcessToken_052 PatternToken_078,Category_S,S225|S103|S068|S045
IT02774,TopicToken_02774 ProcessToken_148 PatternToken_021,Category_T,S113|S048|S102|S088
IT02775,TopicToken_02775 ProcessToken_130 PatternToken_076,Category_N,S182|S128|S096
IT02776,TopicToken_02776 ProcessToken_098 PatternToken_071,Category_G,S066|S113
IT02777,TopicToken_02777 ProcessToken_120 PatternToken_033,Category_A,S042|S070|S036|S208
IT02778,TopicToken_02778 ProcessToken_047 PatternToken_004,Category_S,S229|S121|S056
IT02779,TopicToken_02779 ProcessToken_151 PatternToken_099,Category_B,S045|S038|S051|S220|S057
IT02780,TopicToken_02780 ProcessToken_140 PatternToken_054,Category_R,S185|S106|S116
IT02781,TopicToken_02781 ProcessToken_151 PatternToken_011,Category_R,S174|S050|S181
IT02782,TopicToken_02782 ProcessToken_043 PatternToken_056,Category_L,S029|S071|S144|S007
IT02783,TopicToken_02783 ProcessToken_100 PatternToken_039,Category_F,S144|S112|S212|S059
IT02784,TopicToken_02784 ProcessToken_109 PatternToken_038,Category_T,S060|S176|S073
IT02785,TopicToken_02785 ProcessToken_079 PatternToken_060,Category_L,S069|S223|S030|S150|S233
IT02786,TopicToken_02786 ProcessToken_036 PatternToken_084,Category_I,S078|S232|S235
IT02787,TopicToken_02787 ProcessToken_182 PatternToken_002,Category_T,S141|S232|S043|S042|S038
IT02788,TopicToken_02788 ProcessToken_116 PatternToken_075,Category_T,S144|S143|S092|S163|S158
IT02789,TopicToken_02789 ProcessToken_129 PatternToken_015,Category_O,S187|S140
IT02790,TopicToken_02790 ProcessToken_102 PatternToken_050,Category_D,S215|S020
IT02791,TopicToken_02791 ProcessToken_158 PatternToken_082,Category_G,S204|S131|S129|S036|S220
IT02792,TopicToken_02792 ProcessToken_011 PatternToken_089,Category_I,S042|S033|S207|S023
IT02793,TopicToken_02793 ProcessToken_144 PatternToken_027,Category_J,S035|S212|S222
IT02794,TopicToken_02794 ProcessToken_162 PatternToken_072,Category_B,S012|S197
IT02795,TopicToken_02795 ProcessToken_017 PatternToken_016,Category_D,S141|S069|S215|S212
IT02796,TopicToken_02796 ProcessToken_142 PatternToken_024,Category_E,S093|S015
IT02797,TopicToken_02797 ProcessToken_039 PatternToken_028,Category_O,S229|S151|S209|S167
IT02798,TopicToken_02798 ProcessToken_037 PatternToken_060,Category_K,S049|S037|S075|S065
IT02799,TopicToken_02799 ProcessToken_179 PatternToken_001,Category_B,S092|S017
IT02800,TopicToken_02800 ProcessToken_107 PatternToken_081,Category_N,S021|S113|S227
IT02801,TopicToken_02801 ProcessToken_050 PatternToken_005,Category_Q,S166|S076|S129|S072|S056
IT02802,TopicToken_02802 ProcessToken_129 PatternToken_021,Category_G,S093|S061
IT02803,TopicToken_02803 ProcessToken_118 PatternToken_036,Category_L,S069|S083|S046|S150
IT02804,TopicToken_02804 ProcessToken_137 PatternToken_059,Category_B,S022|S151|S033
IT02805,TopicToken_02805 ProcessToken_107 PatternToken_013,Category_D,S050|S237
IT02806,TopicToken_02806 ProcessToken_121 PatternToken_064,Category_R,S174|S121|S157|S022|S240
IT02807,TopicToken_02807 ProcessToken_009 PatternToken_054,Category_K,S007|S183|S050|S013
IT02808,TopicToken_02808 ProcessToken_199 PatternToken_096,Category_S,S106|S236|S149|S136|S057
IT02809,TopicToken_02809 ProcessToken_060 PatternToken_038,Category_J,S018|S182|S031
IT02810,TopicToken_02810 ProcessToken_076 PatternToken_086,Category_R,S004|S180
IT02811,TopicToken_02811 ProcessToken_030 PatternToken_047,Category_J,S136|S090|S164
IT02812,TopicToken_02812 ProcessToken_084 PatternToken_074,Category_L,S001|S142|S005|S092|S238
IT02813,TopicToken_02813 ProcessToken_138 PatternToken_023,Category_F,S169|S012|S131|S001|S212
IT02814,TopicToken_02814 ProcessToken_090 PatternToken_056,Category_K,S065|S223
IT02815,TopicToken_02815 ProcessToken_153 PatternToken_011,Category_D,S219|S184|S176|S049
IT02816,TopicToken_02816 ProcessToken_109 PatternToken_093,Category_M,S071|S122
IT02817,TopicToken_02817 ProcessToken_155 PatternToken_075,Category_I,S084|S007|S173|S027
IT02818,TopicToken_02818 ProcessToken_152 PatternToken_043,Category_E,S102|S005|S063
IT02819,TopicToken_02819 ProcessToken_170 PatternToken_032,Category_N,S044|S233
IT02820,TopicToken_02820 ProcessToken_051 PatternToken_092,Category_E,S138|S050|S067|S057|S086
IT02821,TopicToken_02821 ProcessToken_177 PatternToken_026,Category_F,S211|S141|S013
IT02822,TopicToken_02822 ProcessToken_170 PatternToken_062,Category_I,S056|S112|S094|S095
IT02823,TopicToken_02823 ProcessToken_048 PatternToken_008,Category_S,S110|S199|S197|S020
IT02824,TopicToken_02824 ProcessToken_091 PatternToken_061,Category_E,S084|S193
IT02825,TopicToken_02825 ProcessToken_043 PatternToken_090,Category_K,S125|S110|S202|S097
IT02826,TopicToken_02826 ProcessToken_183 PatternToken_040,Category_B,S004|S008|S147|S235
IT02827,TopicToken_02827 ProcessToken_012 PatternToken_100,Category_M,S083|S125|S227
IT02828,TopicToken_02828 ProcessToken_012 PatternToken_031,Category_I,S049|S129|S233|S080
IT02829,TopicToken_02829 ProcessToken_040 PatternToken_012,Category_P,S002|S082|S238|S057|S179
IT02830,TopicToken_02830 ProcessToken_150 PatternToken_036,Category_J,S212|S155|S199
IT02831,TopicToken_02831 ProcessToken_017 PatternToken_003,Category_S,S034|S199|S041|S001
IT02832,TopicToken_02832 ProcessToken_143 PatternToken_085,Category_E,S227|S014|S119|S071|S217
IT02833,TopicToken_02833 ProcessToken_103 PatternToken_083,Category_P,S066|S169|S008|S227
IT02834,TopicToken_02834 ProcessToken_123 PatternToken_037,Category_Q,S165|S077|S220|S029|S225
IT02835,TopicToken_02835 ProcessToken_017 PatternToken_100,Category_D,S210|S171|S012|S103
IT02836,TopicToken_02836 ProcessToken_137 PatternToken_082,Category_K,S167|S050|S136|S211
IT02837,TopicToken_02837 ProcessToken_094 PatternToken_099,Category_K,S123|S016|S013|S081
IT02838,TopicToken_02838 ProcessToken_135 PatternToken_017,Category_S,S135|S097|S226|S209|S089
IT02839,TopicToken_02839 ProcessToken_138 PatternToken_093,Category_S,S115|S179
IT02840,TopicToken_02840 ProcessToken_130 PatternToken_038,Category_B,S080|S151|S120
IT02841,TopicToken_02841 ProcessToken_157 PatternToken_031,Category_R,S049|S151|S116
IT02842,TopicToken_02842 ProcessToken_078 PatternToken_014,Category_R,S214|S240|S001|S219|S209
IT02843,TopicToken_02843 ProcessToken_040 PatternToken_086,Category_L,S022|S126|S025|S234|S016
IT02844,TopicToken_02844 ProcessToken_163 PatternToken_024,Category_P,S164|S031|S070|S221|S161
IT02845,TopicToken_02845 ProcessToken_016 PatternToken_069,Category_B,S008|S018|S190
IT02846,TopicToken_02846 ProcessToken_115 PatternToken_026,Category_K,S154|S128|S118|S157|S124
IT02847,TopicToken_02847 ProcessToken_001 PatternToken_022,Category_Q,S187|S158|S089
IT02848,TopicToken_02848 ProcessToken_086 PatternToken_002,Category_M,S135|S056|S016|S184
IT02849,TopicToken_02849 ProcessToken_035 PatternToken_056,Category_R,S019|S150|S128|S179
IT02850,TopicToken_02850 ProcessToken_112 PatternToken_082,Category_F,S129|S108
IT02851,TopicToken_02851 ProcessToken_195 PatternToken_090,Category_C,S227|S017|S207|S122
IT02852,TopicToken_02852 ProcessToken_064 PatternToken_077,Category_R,S211|S072|S199
IT02853,TopicToken_02853 ProcessToken_161 PatternToken_014,Category_H,S230|S203
IT02854,TopicToken_02854 ProcessToken_081 PatternToken_035,Category_H,S114|S019|S187|S103
IT02855,TopicToken_02855 ProcessToken_122 PatternToken_080,Category_T,S109|S180
IT02856,TopicToken_02856 ProcessToken_029 PatternToken_077,Category_E,S232|S108|S226
IT02857,TopicToken_02857 ProcessToken_075 PatternToken_019,Category_J,S010|S088|S210
IT02858,TopicToken_02858 ProcessToken_180 PatternToken_095,Category_L,S015|S179|S166|S022|S089
IT02859,TopicToken_02859 ProcessToken_068 PatternToken_003,Category_S,S173|S111|S230|S157|S115
IT02860,TopicToken_02860 ProcessToken_031 PatternToken_073,Category_H,S201|S145|S193
IT02861,TopicToken_02861 ProcessToken_106 PatternToken_089,Category_E,S004|S187|S136|S207|S011
IT02862,TopicToken_02862 ProcessToken_157 PatternToken_099,Category_O,S179|S184|S008|S052
IT02863,TopicToken_02863 ProcessToken_196 PatternToken_071,Category_G,S179|S011
IT02864,TopicToken_02864 ProcessToken_037 PatternToken_006,Category_G,S045|S226|S087|S180|S193
IT02865,TopicToken_02865 ProcessToken_127 PatternToken_091,Category_A,S048|S144|S060|S012|S004
IT02866,TopicToken_02866 ProcessToken_069 PatternToken_027,Category_Q,S239|S117|S007|S121
IT02867,TopicToken_02867 ProcessToken_197 PatternToken_068,Category_H,S095|S183|S108|S022|S101
IT02868,TopicToken_02868 ProcessToken_038 PatternToken_009,Category_P,S131|S031|S083|S160
IT02869,TopicToken_02869 ProcessToken_046 PatternToken_087,Category_D,S228|S018
IT02870,TopicToken_02870 ProcessToken_175 PatternToken_044,Category_B,S158|S137
IT02871,TopicToken_02871 ProcessToken_120 PatternToken_046,Category_S,S013|S048|S228
IT02872,TopicToken_02872 ProcessToken_167 PatternToken_083,Category_E,S097|S031
IT02873,TopicToken_02873 ProcessToken_072 PatternToken_038,Category_N,S148|S231|S079
IT02874,TopicToken_02874 ProcessToken_059 PatternToken_006,Category_M,S006|S086|S177|S221|S138
IT02875,TopicToken_02875 ProcessToken_191 PatternToken_023,Category_F,S230|S165
IT02876,TopicToken_02876 ProcessToken_076 PatternToken_019,Category_D,S122|S194
IT02877,TopicToken_02877 ProcessToken_175 PatternToken_031,Category_N,S052|S081
IT02878,TopicToken_02878 ProcessToken_172 PatternToken_060,Category_T,S135|S190
IT02879,TopicToken_02879 ProcessToken_110 PatternToken_053,Category_Q,S231|S009|S219|S171
IT02880,TopicToken_02880 ProcessToken_130 PatternToken_067,Category_K,S014|S069|S232|S166
IT02881,TopicToken_02881 ProcessToken_032 PatternToken_062,Category_N,S026|S154
IT02882,TopicToken_02882 ProcessToken_002 PatternToken_033,Category_D,S110|S160|S023
IT02883,TopicToken_02883 ProcessToken_199 PatternToken_075,Category_E,S121|S005
IT02884,TopicToken_02884 ProcessToken_178 PatternToken_073,Category_K,S078|S084
IT02885,TopicToken_02885 ProcessToken_170 PatternToken_077,Category_M,S012|S004
IT02886,TopicToken_02886 ProcessToken_179 PatternToken_039,Category_K,S038|S198|S155|S035|S103
IT02887,TopicToken_02887 ProcessToken_174 PatternToken_074,Category_K,S039|S008
IT02888,TopicToken_02888 ProcessToken_181 PatternToken_086,Category_M,S041|S078|S234|S181|S240
IT02889,TopicToken_02889 ProcessToken_134 PatternToken_049,Category_I,S240|S050
IT02890,TopicToken_02890 ProcessToken_105 PatternToken_036,Category_N,S149|S184|S020|S213|S185
IT02891,TopicToken_02891 ProcessToken_038 PatternToken_037,Category_T,S037|S062|S054|S071
IT02892,TopicToken_02892 ProcessToken_165 PatternToken_083,Category_H,S211|S123|S162|S019
IT02893,TopicToken_02893 ProcessToken_048 PatternToken_091,Category_E,S084|S142|S161|S013|S206
IT02894,TopicToken_02894 ProcessToken_107 PatternToken_005,Category_H,S051|S086|S090|S104|S162
IT02895,TopicToken_02895 ProcessToken_195 PatternToken_043,Category_E,S224|S187|S198
IT02896,TopicToken_02896 ProcessToken_175 PatternToken_066,Category_H,S154|S167
IT02897,TopicToken_02897 ProcessToken_185 PatternToken_002,Category_R,S112|S024
IT02898,TopicToken_02898 ProcessToken_006 PatternToken_100,Category_D,S106|S050|S162|S072
IT02899,TopicToken_02899 ProcessToken_132 PatternToken_089,Category_J,S043|S169|S012|S124
IT02900,TopicToken_02900 ProcessToken_024 PatternToken_058,Category_J,S160|S240
IT02901,TopicToken_02901 ProcessToken_113 PatternToken_070,Category_Q,S069|S060|S034
IT02902,TopicToken_02902 ProcessToken_025 PatternToken_085,Category_R,S107|S231|S087|S046|S059
IT02903,TopicToken_02903 ProcessToken_020 PatternToken_099,Category_F,S117|S121|S203|S054
IT02904,TopicToken_02904 ProcessToken_059 PatternToken_026,Category_B,S080|S222|S053|S042
IT02905,TopicToken_02905 ProcessToken_026 PatternToken_048,Category_N,S177|S161|S131
IT02906,TopicToken_02906 ProcessToken_167 PatternToken_062,Category_S,S132|S108|S013
IT02907,TopicToken_02907 ProcessToken_130 PatternToken_036,Category_F,S166|S167
IT02908,TopicToken_02908 ProcessToken_106 PatternToken_013,Category_B,S224|S021
IT02909,TopicToken_02909 ProcessToken_024 PatternToken_060,Category_E,S179|S003
IT02910,TopicToken_02910 ProcessToken_044 PatternToken_044,Category_T,S090|S168|S057
IT02911,TopicToken_02911 ProcessToken_171 PatternToken_059,Category_D,S213|S215
IT02912,TopicToken_02912 ProcessToken_185 PatternToken_016,Category_Q,S130|S226|S238|S222|S076
IT02913,TopicToken_02913 ProcessToken_052 PatternToken_090,Category_T,S146|S038|S172
IT02914,TopicToken_02914 ProcessToken_020 PatternToken_040,Category_I,S084|S096|S145|S236|S108
IT02915,TopicToken_02915 ProcessToken_033 PatternToken_029,Category_E,S176|S179|S215
IT02916,TopicToken_02916 ProcessToken_084 PatternToken_013,Category_K,S109|S205|S223
IT02917,TopicToken_02917 ProcessToken_004 PatternToken_042,Category_J,S169|S178|S217|S192|S104
IT02918,TopicToken_02918 ProcessToken_010 PatternToken_094,Category_L,S098|S169|S224|S064|S222
IT02919,TopicToken_02919 ProcessToken_198 PatternToken_016,Category_K,S032|S229|S061|S189
IT02920,TopicToken_02920 ProcessToken_035 PatternToken_064,Category_P,S205|S085
IT02921,TopicToken_02921 ProcessToken_168 PatternToken_085,Category_H,S218|S238
IT02922,TopicToken_02922 ProcessToken_145 PatternToken_017,Category_B,S101|S215|S192|S071|S048
IT02923,TopicToken_02923 ProcessToken_086 PatternToken_077,Category_T,S215|S216|S067|S136|S107
IT02924,TopicToken_02924 ProcessToken_059 PatternToken_030,Category_P,S099|S148
IT02925,TopicToken_02925 ProcessToken_027 PatternToken_019,Category_I,S058|S068
IT02926,TopicToken_02926 ProcessToken_153 PatternToken_086,Category_M,S091|S231|S028|S040
IT02927,TopicToken_02927 ProcessToken_079 PatternToken_029,Category_J,S054|S203|S026
IT02928,TopicToken_02928 ProcessToken_110 PatternToken_073,Category_N,S063|S111|S071|S018
IT02929,TopicToken_02929 ProcessToken_198 PatternToken_074,Category_M,S125|S197|S212|S167|S192
IT02930,TopicToken_02930 ProcessToken_025 PatternToken_056,Category_C,S206|S095|S134
IT02931,TopicToken_02931 ProcessToken_028 PatternToken_031,Category_H,S115|S189|S116|S042|S174
IT02932,TopicToken_02932 ProcessToken_020 PatternToken_055,Category_S,S140|S072|S191|S215
IT02933,TopicToken_02933 ProcessToken_173 PatternToken_054,Category_Q,S147|S181|S003|S208|S119
IT02934,TopicToken_02934 ProcessToken_072 PatternToken_095,Category_T,S177|S181|S085|S092|S106
IT02935,TopicToken_02935 ProcessToken_160 PatternToken_083,Category_S,S050|S112|S216
IT02936,TopicToken_02936 ProcessToken_195 PatternToken_019,Category_F,S220|S083|S102
IT02937,TopicToken_02937 ProcessToken_149 PatternToken_031,Category_P,S037|S052|S072
IT02938,TopicToken_02938 ProcessToken_149 PatternToken_024,Category_E,S147|S097
IT02939,TopicToken_02939 ProcessToken_001 PatternToken_045,Category_L,S098|S052|S165|S046
IT02940,TopicToken_02940 ProcessToken_093 PatternToken_046,Category_S,S097|S095|S233|S106|S131
IT02941,TopicToken_02941 ProcessToken_113 PatternToken_090,Category_J,S183|S111|S019|S159|S090
IT02942,TopicToken_02942 ProcessToken_170 PatternToken_071,Category_M,S087|S093|S025|S026
IT02943,TopicToken_02943 ProcessToken_178 PatternToken_092,Category_O,S026|S066|S139
IT02944,TopicToken_02944 ProcessToken_073 PatternToken_013,Category_T,S080|S203
IT02945,TopicToken_02945 ProcessToken_153 PatternToken_099,Category_A,S217|S002|S113|S090|S221
IT02946,TopicToken_02946 ProcessToken_175 PatternToken_084,Category_P,S152|S129
IT02947,TopicToken_02947 ProcessToken_073 PatternToken_091,Category_R,S166|S230|S152|S029|S148
IT02948,TopicToken_02948 ProcessToken_138 PatternToken_023,Category_I,S224|S068|S206|S014
IT02949,TopicToken_02949 ProcessToken_006 PatternToken_045,Category_C,S229|S200|S025|S063
IT02950,TopicToken_02950 ProcessToken_107 PatternToken_043,Category_C,S189|S194|S174|S149
IT02951,TopicToken_02951 ProcessToken_079 PatternToken_048,Category_J,S037|S013|S125|S178|S186
IT02952,TopicToken_02952 ProcessToken_098 PatternToken_013,Category_E,S141|S216|S137|S182
IT02953,TopicToken_02953 ProcessToken_147 PatternToken_043,Category_C,S148|S221|S206
IT02954,TopicToken_02954 ProcessToken_186 PatternToken_009,Category_D,S062|S137|S218
IT02955,TopicToken_02955 ProcessToken_004 PatternToken_042,Category_D,S122|S225
IT02956,TopicToken_02956 ProcessToken_181 PatternToken_057,Category_E,S127|S027|S080|S202
IT02957,TopicToken_02957 ProcessToken_089 PatternToken_023,Category_A,S006|S141
IT02958,TopicToken_02958 ProcessToken_176 PatternToken_065,Category_O,S044|S014
IT02959,TopicToken_02959 ProcessToken_024 PatternToken_030,Category_J,S078|S193|S066|S203
IT02960,TopicToken_02960 ProcessToken_031 PatternToken_045,Category_F,S029|S083
IT02961,TopicToken_02961 ProcessToken_160 PatternToken_017,Category_K,S225|S126|S231
IT02962,TopicToken_02962 ProcessToken_082 PatternToken_069,Category_T,S066|S193|S007
IT02963,TopicToken_02963 ProcessToken_120 PatternToken_091,Category_F,S165|S154
IT02964,TopicToken_02964 ProcessToken_095 PatternToken_075,Category_Q,S211|S154
IT02965,TopicToken_02965 ProcessToken_036 PatternToken_026,Category_S,S161|S237
IT02966,TopicToken_02966 ProcessToken_056 PatternToken_025,Category_A,S136|S175
IT02967,TopicToken_02967 ProcessToken_144 PatternToken_036,Category_M,S005|S135|S199|S058
IT02968,TopicToken_02968 ProcessToken_044 PatternToken_092,Category_N,S115|S159|S076|S021|S154
IT02969,TopicToken_02969 ProcessToken_067 PatternToken_010,Category_G,S152|S015|S164|S172|S024
IT02970,TopicToken_02970 ProcessToken_095 PatternToken_049,Category_N,S028|S127|S085|S045
IT02971,TopicToken_02971 ProcessToken_050 PatternToken_089,Category_L,S006|S036|S055
IT02972,TopicToken_02972 ProcessToken_169 PatternToken_042,Category_M,S168|S146|S188|S171
IT02973,TopicToken_02973 ProcessToken_127 PatternToken_079,Category_F,S219|S172|S019|S156
IT02974,TopicToken_02974 ProcessToken_181 PatternToken_051,Category_Q,S208|S131|S136
IT02975,TopicToken_02975 ProcessToken_104 PatternToken_030,Category_A,S227|S209
IT02976,TopicToken_02976 ProcessToken_200 PatternToken_083,Category_L,S143|S232|S024|S194|S172
IT02977,TopicToken_02977 ProcessToken_027 PatternToken_061,Category_R,S178|S022|S059|S100|S025
IT02978,TopicToken_02978 ProcessToken_109 PatternToken_002,Category_B,S132|S217|S145|S103
IT02979,TopicToken_02979 ProcessToken_014 PatternToken_013,Category_N,S160|S023
IT02980,TopicToken_02980 ProcessToken_027 PatternToken_017,Category_R,S186|S108|S141|S059|S019
IT02981,TopicToken_02981 ProcessToken_120 PatternToken_093,Category_N,S143|S032
IT02982,TopicToken_02982 ProcessToken_055 PatternToken_070,Category_F,S034|S134|S165|S232
IT02983,TopicToken_02983 ProcessToken_008 PatternToken_100,Category_M,S045|S214|S184|S016|S199
IT02984,TopicToken_02984 ProcessToken_137 PatternToken_008,Category_P,S167|S210|S057|S096|S058
IT02985,TopicToken_02985 ProcessToken_029 PatternToken_053,Category_P,S060|S003|S112|S227
IT02986,TopicToken_02986 ProcessToken_058 PatternToken_029,Category_G,S145|S204|S154|S218
IT02987,TopicToken_02987 ProcessToken_053 PatternToken_062,Category_M,S004|S062
IT02988,TopicToken_02988 ProcessToken_179 PatternToken_083,Category_R,S049|S148|S062|S168
IT02989,TopicToken_02989 ProcessToken_124 PatternToken_058,Category_Q,S046|S127|S219
IT02990,TopicToken_02990 ProcessToken_152 PatternToken_025,Category_T,S138|S184|S071
IT02991,TopicToken_02991 ProcessToken_130 PatternToken_082,Category_J,S068|S037|S170|S182|S016
IT02992,TopicToken_02992 ProcessToken_097 PatternToken_014,Category_Q,S221|S052|S127
IT02993,TopicToken_02993 ProcessToken_098 PatternToken_049,Category_D,S104|S051|S236|S099|S013
IT02994,TopicToken_02994 ProcessToken_026 PatternToken_008,Category_D,S195|S003
IT02995,TopicToken_02995 ProcessToken_189 PatternToken_064,Category_P,S226|S227
IT02996,TopicToken_02996 ProcessToken_142 PatternToken_070,Category_R,S026|S138|S010|S232
IT02997,TopicToken_02997 ProcessToken_061 PatternToken_086,Category_C,S146|S006|S166|S192|S085
IT02998,TopicToken_02998 ProcessToken_044 PatternToken_084,Category_K,S200|S162|S046
IT02999,TopicToken_02999 ProcessToken_089 PatternToken_098,Category_R,S027|S112
IT03000,TopicToken_03000 ProcessToken_054 PatternToken_049,Category_B,S081|S179|S026|S162
IT03001,TopicToken_03001 ProcessToken_125 PatternToken_050,Category_R,S009|S210
IT03002,TopicToken_03002 ProcessToken_053 PatternToken_086,Category_S,S085|S110|S022|S235|S101
IT03003,TopicToken_03003 ProcessToken_012 PatternToken_026,Category_Q,S081|S152|S161|S111
IT03004,TopicToken_03004 ProcessToken_199 PatternToken_037,Category_G,S229|S156|S204|S138
IT03005,TopicToken_03005 ProcessToken_050 PatternToken_071,Category_I,S072|S082|S025|S060|S189
IT03006,TopicToken_03006 ProcessToken_194 PatternToken_065,Category_S,S086|S220|S009|S040
IT03007,TopicToken_03007 ProcessToken_123 PatternToken_049,Category_L,S104|S113|S152
IT03008,TopicToken_03008 ProcessToken_030 PatternToken_052,Category_Q,S219|S073|S193|S044
IT03009,TopicToken_03009 ProcessToken_166 PatternToken_043,Category_F,S073|S145
IT03010,TopicToken_03010 ProcessToken_194 PatternToken_049,Category_H,S123|S028|S230|S035
IT03011,TopicToken_03011 ProcessToken_099 PatternToken_022,Category_K,S238|S222|S022|S174
IT03012,TopicToken_03012 ProcessToken_129 PatternToken_065,Category_J,S144|S174|S024
IT03013,TopicToken_03013 ProcessToken_142 PatternToken_069,Category_Q,S207|S204
IT03014,TopicToken_03014 ProcessToken_024 PatternToken_036,Category_G,S077|S116|S094|S167
IT03015,TopicToken_03015 ProcessToken_104 PatternToken_050,Category_A,S167|S003|S235
IT03016,TopicToken_03016 ProcessToken_052 PatternToken_079,Category_J,S030|S088|S036
IT03017,TopicToken_03017 ProcessToken_053 PatternToken_031,Category_M,S202|S214
IT03018,TopicToken_03018 ProcessToken_006 PatternToken_015,Category_J,S151|S051|S007|S044|S119
IT03019,TopicToken_03019 ProcessToken_184 PatternToken_030,Category_M,S192|S180|S107|S040
IT03020,TopicToken_03020 ProcessToken_161 PatternToken_078,Category_D,S022|S095|S062|S111|S042
IT03021,TopicToken_03021 ProcessToken_011 PatternToken_081,Category_H,S020|S194|S188
IT03022,TopicToken_03022 ProcessToken_177 PatternToken_061,Category_E,S011|S028
IT03023,TopicToken_03023 ProcessToken_108 PatternToken_084,Category_O,S038|S041|S140|S158|S229
IT03024,TopicToken_03024 ProcessToken_094 PatternToken_003,Category_D,S222|S056|S206
IT03025,TopicToken_03025 ProcessToken_001 PatternToken_086,Category_T,S034|S046
IT03026,TopicToken_03026 ProcessToken_066 PatternToken_100,Category_C,S062|S016
IT03027,TopicToken_03027 ProcessToken_143 PatternToken_090,Category_K,S066|S207|S234|S019|S135
IT03028,TopicToken_03028 ProcessToken_100 PatternToken_036,Category_A,S146|S068
IT03029,TopicToken_03029 ProcessToken_039 PatternToken_049,Category_T,S176|S112|S042|S020|S087
IT03030,TopicToken_03030 ProcessToken_083 PatternToken_046,Category_B,S129|S137
IT03031,TopicToken_03031 ProcessToken_062 PatternToken_002,Category_D,S121|S080
IT03032,TopicToken_03032 ProcessToken_167 PatternToken_016,Category_D,S116|S039|S142
IT03033,TopicToken_03033 ProcessToken_088 PatternToken_008,Category_F,S010|S205|S124|S183|S100
IT03034,TopicToken_03034 ProcessToken_068 PatternToken_055,Category_S,S197|S049|S040|S193|S070
IT03035,TopicToken_03035 ProcessToken_096 PatternToken_069,Category_H,S230|S175|S129
IT03036,TopicToken_03036 ProcessToken_183 PatternToken_081,Category_J,S085|S026
IT03037,TopicToken_03037 ProcessToken_135 PatternToken_064,Category_P,S197|S091|S008|S045
IT03038,TopicToken_03038 ProcessToken_065 PatternToken_036,Category_K,S145|S122|S110|S103
IT03039,TopicToken_03039 ProcessToken_011 PatternToken_041,Category_I,S084|S127
IT03040,TopicToken_03040 ProcessToken_107 PatternToken_098,Category_E,S071|S036|S021|S140
IT03041,TopicToken_03041 ProcessToken_124 PatternToken_009,Category_N,S214|S201|S059
IT03042,TopicToken_03042 ProcessToken_177 PatternToken_019,Category_F,S108|S021|S001|S071
IT03043,TopicToken_03043 ProcessToken_018 PatternToken_091,Category_I,S149|S223|S010
IT03044,TopicToken_03044 ProcessToken_123 PatternToken_020,Category_P,S090|S018|S021|S028|S208
IT03045,TopicToken_03045 ProcessToken_017 PatternToken_050,Category_G,S231|S043|S097|S172
IT03046,TopicToken_03046 ProcessToken_119 PatternToken_084,Category_Q,S085|S219
IT03047,TopicToken_03047 ProcessToken_115 PatternToken_013,Category_I,S103|S159|S133|S201
IT03048,TopicToken_03048 ProcessToken_081 PatternToken_031,Category_Q,S172|S042|S025|S086
IT03049,TopicToken_03049 ProcessToken_113 PatternToken_034,Category_Q,S034|S224|S206|S066
IT03050,TopicToken_03050 ProcessToken_190 PatternToken_049,Category_S,S075|S078|S071|S093
IT03051,TopicToken_03051 ProcessToken_117 PatternToken_100,Category_K,S121|S215
IT03052,TopicToken_03052 ProcessToken_145 PatternToken_039,Category_R,S106|S118|S087|S221
IT03053,TopicToken_03053 ProcessToken_026 PatternToken_065,Category_G,S125|S105|S145
IT03054,TopicToken_03054 ProcessToken_114 PatternToken_042,Category_J,S054|S048|S005|S151
IT03055,TopicToken_03055 ProcessToken_021 PatternToken_096,Category_B,S028|S082|S064
IT03056,TopicToken_03056 ProcessToken_097 PatternToken_035,Category_Q,S020|S105|S015|S057
IT03057,TopicToken_03057 ProcessToken_053 PatternToken_028,Category_E,S177|S015|S127|S085|S120
IT03058,TopicToken_03058 ProcessToken_006 PatternToken_063,Category_H,S038|S065|S128|S194|S232
IT03059,TopicToken_03059 ProcessToken_090 PatternToken_025,Category_O,S152|S135
IT03060,TopicToken_03060 ProcessToken_052 PatternToken_042,Category_O,S040|S117|S138|S202|S194
IT03061,TopicToken_03061 ProcessToken_105 PatternToken_002,Category_E,S044|S210|S078
IT03062,TopicToken_03062 ProcessToken_002 PatternToken_010,Category_C,S161|S137|S031|S127
IT03063,TopicToken_03063 ProcessToken_027 PatternToken_098,Category_L,S142|S191|S147|S202
IT03064,TopicToken_03064 ProcessToken_099 PatternToken_009,Category_D,S228|S202|S090|S071|S072
IT03065,TopicToken_03065 ProcessToken_139 PatternToken_079,Category_S,S030|S022
IT03066,TopicToken_03066 ProcessToken_195 PatternToken_023,Category_K,S123|S179|S047|S215|S190
IT03067,TopicToken_03067 ProcessToken_065 PatternToken_060,Category_P,S150|S239|S097
IT03068,TopicToken_03068 ProcessToken_089 PatternToken_094,Category_E,S063|S191|S061
IT03069,TopicToken_03069 ProcessToken_093 PatternToken_042,Category_J,S089|S018|S163|S130|S216
IT03070,TopicToken_03070 ProcessToken_124 PatternToken_041,Category_P,S089|S068|S035
IT03071,TopicToken_03071 ProcessToken_082 PatternToken_070,Category_T,S184|S179|S040|S206
IT03072,TopicToken_03072 ProcessToken_138 PatternToken_036,Category_D,S179|S130
IT03073,TopicToken_03073 ProcessToken_064 PatternToken_079,Category_R,S184|S143|S108
IT03074,TopicToken_03074 ProcessToken_077 PatternToken_086,Category_L,S061|S024
IT03075,TopicToken_03075 ProcessToken_107 PatternToken_043,Category_B,S081|S177
IT03076,TopicToken_03076 ProcessToken_124 PatternToken_096,Category_N,S234|S021|S172|S161
IT03077,TopicToken_03077 ProcessToken_196 PatternToken_085,Category_C,S119|S043
IT03078,TopicToken_03078 ProcessToken_162 PatternToken_099,Category_T,S066|S221|S192|S085|S006
IT03079,TopicToken_03079 ProcessToken_181 PatternToken_016,Category_A,S026|S230|S038|S209|S221
IT03080,TopicToken_03080 ProcessToken_177 PatternToken_055,Category_F,S225|S013|S001
IT03081,TopicToken_03081 ProcessToken_009 PatternToken_025,Category_L,S001|S205|S061|S005|S202
IT03082,TopicToken_03082 ProcessToken_183 PatternToken_032,Category_M,S020|S040|S137|S179|S116
IT03083,TopicToken_03083 ProcessToken_048 PatternToken_059,Category_I,S110|S195
IT03084,TopicToken_03084 ProcessToken_020 PatternToken_021,Category_J,S033|S112|S155|S102
IT03085,TopicToken_03085 ProcessToken_177 PatternToken_018,Category_I,S179|S031|S207
IT03086,TopicToken_03086 ProcessToken_052 PatternToken_057,Category_G,S110|S163
IT03087,TopicToken_03087 ProcessToken_056 PatternToken_079,Category_S,S220|S108|S065
IT03088,TopicToken_03088 ProcessToken_068 PatternToken_068,Category_K,S054|S235|S026|S065
IT03089,TopicToken_03089 ProcessToken_036 PatternToken_043,Category_D,S065|S233|S128|S201|S027
IT03090,TopicToken_03090 ProcessToken_122 PatternToken_008,Category_P,S213|S217
IT03091,TopicToken_03091 ProcessToken_178 PatternToken_003,Category_P,S187|S027|S111|S126
IT03092,TopicToken_03092 ProcessToken_130 PatternToken_075,Category_G,S008|S194|S027|S195
IT03093,TopicToken_03093 ProcessToken_152 PatternToken_097,Category_O,S200|S139|S113|S094|S213
IT03094,TopicToken_03094 ProcessToken_153 PatternToken_021,Category_O,S201|S103
IT03095,TopicToken_03095 ProcessToken_123 PatternToken_082,Category_I,S004|S188
IT03096,TopicToken_03096 ProcessToken_108 PatternToken_017,Category_E,S019|S192|S083|S049
IT03097,TopicToken_03097 ProcessToken_043 PatternToken_016,Category_H,S006|S153|S097
IT03098,TopicToken_03098 ProcessToken_092 PatternToken_053,Category_I,S207|S184|S178|S179|S061
IT03099,TopicToken_03099 ProcessToken_021 PatternToken_025,Category_Q,S204|S090|S195
IT03100,TopicToken_03100 ProcessToken_012 PatternToken_088,Category_B,S053|S142|S090|S022|S239
IT03101,TopicToken_03101 ProcessToken_157 PatternToken_024,Category_S,S055|S029|S208|S187|S181
IT03102,TopicToken_03102 ProcessToken_024 PatternToken_026,Category_J,S038|S213|S153|S020|S191
IT03103,TopicToken_03103 ProcessToken_155 PatternToken_032,Category_D,S214|S167
IT03104,TopicToken_03104 ProcessToken_082 PatternToken_027,Category_I,S217|S079|S076
IT03105,TopicToken_03105 ProcessToken_009 PatternToken_043,Category_S,S026|S207|S167|S240|S054
IT03106,TopicToken_03106 ProcessToken_180 PatternToken_028,Category_N,S203|S194|S136|S079
IT03107,TopicToken_03107 ProcessToken_065 PatternToken_052,Category_A,S192|S003|S202|S069
IT03108,TopicToken_03108 ProcessToken_153 PatternToken_052,Category_Q,S038|S027|S218
IT03109,TopicToken_03109 ProcessToken_086 PatternToken_041,Category_E,S037|S007|S001|S121
IT03110,TopicToken_03110 ProcessToken_128 PatternToken_099,Category_N,S085|S142|S122|S058
IT03111,TopicToken_03111 ProcessToken_107 PatternToken_078,Category_G,S188|S121
IT03112,TopicToken_03112 ProcessToken_185 PatternToken_011,Category_Q,S129|S063|S017|S215
IT03113,TopicToken_03113 ProcessToken_168 PatternToken_070,Category_G,S181|S054|S031|S142|S076
IT03114,TopicToken_03114 ProcessToken_010 PatternToken_060,Category_P,S124|S237|S221
IT03115,TopicToken_03115 ProcessToken_154 PatternToken_037,Category_C,S087|S105|S066
IT03116,TopicToken_03116 ProcessToken_091 PatternToken_100,Category_R,S011|S121
IT03117,TopicToken_03117 ProcessToken_021 PatternToken_050,Category_G,S019|S113|S211|S043|S175
IT03118,TopicToken_03118 ProcessToken_075 PatternToken_036,Category_Q,S022|S225|S122|S209|S152
IT03119,TopicToken_03119 ProcessToken_014 PatternToken_056,Category_R,S231|S177|S128|S063
IT03120,TopicToken_03120 ProcessToken_077 PatternToken_074,Category_T,S160|S054|S005|S097
IT03121,TopicToken_03121 ProcessToken_078 PatternToken_095,Category_H,S106|S086|S032|S173
IT03122,TopicToken_03122 ProcessToken_025 PatternToken_031,Category_T,S156|S048|S236|S041
IT03123,TopicToken_03123 ProcessToken_067 PatternToken_090,Category_F,S087|S177|S158|S152
IT03124,TopicToken_03124 ProcessToken_061 PatternToken_027,Category_P,S151|S221|S079|S115
IT03125,TopicToken_03125 ProcessToken_071 PatternToken_071,Category_S,S024|S175|S177|S217
IT03126,TopicToken_03126 ProcessToken_131 PatternToken_018,Category_G,S134|S045|S046|S029|S041
IT03127,TopicToken_03127 ProcessToken_180 PatternToken_088,Category_K,S053|S018|S112|S224|S197
IT03128,TopicToken_03128 ProcessToken_186 PatternToken_099,Category_I,S117|S164
IT03129,TopicToken_03129 ProcessToken_110 PatternToken_062,Category_O,S239|S181
IT03130,TopicToken_03130 ProcessToken_112 PatternToken_096,Category_A,S025|S184|S082
IT03131,TopicToken_03131 ProcessToken_010 PatternToken_050,Category_K,S038|S188
IT03132,TopicToken_03132 ProcessToken_148 PatternToken_006,Category_S,S082|S087|S036|S125|S030
IT03133,TopicToken_03133 ProcessToken_085 PatternToken_063,Category_S,S092|S205
IT03134,TopicToken_03134 ProcessToken_043 PatternToken_022,Category_J,S180|S192|S176|S217
IT03135,TopicToken_03135 ProcessToken_062 PatternToken_088,Category_E,S169|S114|S022
IT03136,TopicToken_03136 ProcessToken_009 PatternToken_086,Category_C,S075|S016|S147|S131
IT03137,TopicToken_03137 ProcessToken_025 PatternToken_054,Category_P,S010|S122|S051|S225
IT03138,TopicToken_03138 ProcessToken_131 PatternToken_043,Category_L,S188|S222|S193|S192
IT03139,TopicToken_03139 ProcessToken_043 PatternToken_079,Category_O,S033|S034
IT03140,TopicToken_03140 ProcessToken_071 PatternToken_096,Category_B,S153|S080|S150
IT03141,TopicToken_03141 ProcessToken_142 PatternToken_079,Category_L,S015|S192|S136|S240|S007
IT03142,TopicToken_03142 ProcessToken_188 PatternToken_100,Category_K,S022|S036|S116|S010
IT03143,TopicToken_03143 ProcessToken_177 PatternToken_027,Category_H,S077|S222|S149|S215
IT03144,TopicToken_03144 ProcessToken_118 PatternToken_024,Category_O,S074|S011|S030|S203
IT03145,TopicToken_03145 ProcessToken_181 PatternToken_050,Category_O,S177|S068
IT03146,TopicToken_03146 ProcessToken_006 PatternToken_100,Category_L,S143|S007
IT03147,TopicToken_03147 ProcessToken_074 PatternToken_089,Category_O,S231|S103|S174|S216|S187
IT03148,TopicToken_03148 ProcessToken_029 PatternToken_093,Category_H,S031|S224|S006
IT03149,TopicToken_03149 ProcessToken_002 PatternToken_050,Category_D,S099|S037|S061|S075
IT03150,TopicToken_03150 ProcessToken_020 PatternToken_041,Category_C,S232|S101|S120
IT03151,TopicToken_03151 ProcessToken_078 PatternToken_056,Category_K,S042|S004|S097
IT03152,TopicToken_03152 ProcessToken_119 PatternToken_019,Category_J,S048|S193|S175
IT03153,TopicToken_03153 ProcessToken_145 PatternToken_040,Category_N,S027|S021|S204|S196
IT03154,TopicToken_03154 ProcessToken_156 PatternToken_011,Category_K,S190|S230|S116|S233|S074
IT03155,TopicToken_03155 ProcessToken_055 PatternToken_002,Category_Q,S209|S004|S239|S084|S045
IT03156,TopicToken_03156 ProcessToken_119 PatternToken_094,Category_R,S214|S012|S175|S203
IT03157,TopicToken_03157 ProcessToken_067 PatternToken_044,Category_I,S014|S185|S036|S105|S104
IT03158,TopicToken_03158 ProcessToken_155 PatternToken_033,Category_B,S069|S086|S015|S153
IT03159,TopicToken_03159 ProcessToken_200 PatternToken_049,Category_S,S197|S098|S032
IT03160,TopicToken_03160 ProcessToken_023 PatternToken_061,Category_P,S175|S219|S205|S072|S126
IT03161,TopicToken_03161 ProcessToken_079 PatternToken_035,Category_I,S190|S017|S072
IT03162,TopicToken_03162 ProcessToken_030 PatternToken_080,Category_Q,S074|S107|S185|S201|S144
IT03163,TopicToken_03163 ProcessToken_159 PatternToken_056,Category_K,S137|S232|S071
IT03164,TopicToken_03164 ProcessToken_102 PatternToken_053,Category_L,S044|S128|S211|S097|S145
IT03165,TopicToken_03165 ProcessToken_009 PatternToken_002,Category_R,S238|S185|S233|S229
IT03166,TopicToken_03166 ProcessToken_166 PatternToken_084,Category_S,S152|S047
IT03167,TopicToken_03167 ProcessToken_179 PatternToken_061,Category_I,S011|S074|S209|S089
IT03168,TopicToken_03168 ProcessToken_081 PatternToken_066,Category_G,S207|S097|S115|S113
IT03169,TopicToken_03169 ProcessToken_059 PatternToken_079,Category_R,S235|S120|S053|S093|S136
IT03170,TopicToken_03170 ProcessToken_091 PatternToken_029,Category_H,S187|S040|S156
IT03171,TopicToken_03171 ProcessToken_034 PatternToken_055,Category_T,S011|S154|S210|S106
IT03172,TopicToken_03172 ProcessToken_175 PatternToken_046,Category_T,S053|S008|S127|S083
IT03173,TopicToken_03173 ProcessToken_087 PatternToken_059,Category_F,S019|S126|S024
IT03174,TopicToken_03174 ProcessToken_151 PatternToken_060,Category_J,S007|S200
IT03175,TopicToken_03175 ProcessToken_032 PatternToken_082,Category_R,S002|S140|S043|S202|S077
IT03176,TopicToken_03176 ProcessToken_058 PatternToken_087,Category_N,S196|S179|S023
IT03177,TopicToken_03177 ProcessToken_170 PatternToken_006,Category_K,S031|S034|S105|S205|S165
IT03178,TopicToken_03178 ProcessToken_120 PatternToken_089,Category_L,S063|S150|S151|S202
IT03179,TopicToken_03179 ProcessToken_177 PatternToken_051,Category_N,S232|S044|S172|S200|S036
IT03180,TopicToken_03180 ProcessToken_136 PatternToken_081,Category_M,S038|S228|S225
IT03181,TopicToken_03181 ProcessToken_090 PatternToken_032,Category_R,S133|S123|S204|S035
IT03182,TopicToken_03182 ProcessToken_021 PatternToken_066,Category_Q,S146|S142
IT03183,TopicToken_03183 ProcessToken_162 PatternToken_072,Category_P,S234|S095|S182|S098
IT03184,TopicToken_03184 ProcessToken_063 PatternToken_037,Category_A,S178|S030|S055|S239|S193
IT03185,TopicToken_03185 ProcessToken_150 PatternToken_091,Category_H,S085|S155|S086|S045
IT03186,TopicToken_03186 ProcessToken_144 PatternToken_068,Category_H,S028|S185|S155
IT03187,TopicToken_03187 ProcessToken_161 PatternToken_027,Category_K,S138|S237|S154
IT03188,TopicToken_03188 ProcessToken_026 PatternToken_081,Category_R,S174|S159|S226
IT03189,TopicToken_03189 ProcessToken_147 PatternToken_088,Category_D,S088|S133|S188|S222
IT03190,TopicToken_03190 ProcessToken_096 PatternToken_053,Category_I,S150|S124
IT03191,TopicToken_03191 ProcessToken_174 PatternToken_084,Category_D,S005|S165
IT03192,TopicToken_03192 ProcessToken_115 PatternToken_059,Category_B,S096|S062
IT03193,TopicToken_03193 ProcessToken_164 PatternToken_052,Category_I,S071|S003|S203|S077
IT03194,TopicToken_03194 ProcessToken_172 PatternToken_076,Category_I,S171|S113|S101|S116|S077
IT03195,TopicToken_03195 ProcessToken_088 PatternToken_056,Category_S,S013|S051|S145
IT03196,TopicToken_03196 ProcessToken_142 PatternToken_049,Category_K,S108|S208|S102|S130
IT03197,TopicToken_03197 ProcessToken_168 PatternToken_019,Category_J,S235|S089|S041|S048
IT03198,TopicToken_03198 ProcessToken_070 PatternToken_011,Category_C,S013|S034
IT03199,TopicToken_03199 ProcessToken_119 PatternToken_022,Category_O,S097|S015|S111
IT03200,TopicToken_03200 ProcessToken_075 PatternToken_092,Category_G,S101|S238|S041|S003
IT03201,TopicToken_03201 ProcessToken_041 PatternToken_042,Category_C,S075|S146|S098|S133
IT03202,TopicToken_03202 ProcessToken_029 PatternToken_047,Category_T,S089|S154|S113
IT03203,TopicToken_03203 ProcessToken_113 PatternToken_039,Category_S,S073|S032|S050|S087
IT03204,TopicToken_03204 ProcessToken_046 PatternToken_088,Category_Q,S137|S112|S018
IT03205,TopicToken_03205 ProcessToken_036 PatternToken_009,Category_H,S103|S105
IT03206,TopicToken_03206 ProcessToken_097 PatternToken_009,Category_Q,S080|S085|S141
IT03207,TopicToken_03207 ProcessToken_154 PatternToken_020,Category_N,S106|S003
IT03208,TopicToken_03208 ProcessToken_036 PatternToken_085,Category_K,S071|S002|S152|S163|S094
IT03209,TopicToken_03209 ProcessToken_040 PatternToken_025,Category_L,S046|S036|S006|S079|S164
IT03210,TopicToken_03210 ProcessToken_191 PatternToken_062,Category_M,S076|S217|S194|S205
IT03211,TopicToken_03211 ProcessToken_128 PatternToken_084,Category_N,S001|S118
IT03212,TopicToken_03212 ProcessToken_194 PatternToken_079,Category_H,S144|S047|S234|S088|S046
IT03213,TopicToken_03213 ProcessToken_008 PatternToken_030,Category_J,S151|S066
IT03214,TopicToken_03214 ProcessToken_166 PatternToken_025,Category_F,S011|S052|S162|S197|S209
IT03215,TopicToken_03215 ProcessToken_186 PatternToken_054,Category_H,S092|S227|S093|S030|S056
IT03216,TopicToken_03216 ProcessToken_055 PatternToken_035,Category_H,S172|S105|S149|S116|S096
IT03217,TopicToken_03217 ProcessToken_034 PatternToken_003,Category_B,S020|S006|S008
IT03218,TopicToken_03218 ProcessToken_086 PatternToken_064,Category_C,S043|S144|S134
IT03219,TopicToken_03219 ProcessToken_105 PatternToken_003,Category_A,S051|S041
IT03220,TopicToken_03220 ProcessToken_135 PatternToken_087,Category_D,S180|S020|S014|S038
IT03221,TopicToken_03221 ProcessToken_061 PatternToken_039,Category_N,S221|S011|S184|S100
IT03222,TopicToken_03222 ProcessToken_003 PatternToken_024,Category_D,S006|S110|S175|S028
IT03223,TopicToken_03223 ProcessToken_158 PatternToken_018,Category_B,S012|S048|S088|S189
IT03224,TopicToken_03224 ProcessToken_024 PatternToken_066,Category_I,S211|S167|S095|S114|S052
IT03225,TopicToken_03225 ProcessToken_124 PatternToken_039,Category_H,S050|S181
IT03226,TopicToken_03226 ProcessToken_112 PatternToken_031,Category_A,S182|S219|S024
IT03227,TopicToken_03227 ProcessToken_128 PatternToken_089,Category_C,S219|S026
IT03228,TopicToken_03228 ProcessToken_161 PatternToken_048,Category_P,S205|S155|S011
IT03229,TopicToken_03229 ProcessToken_120 PatternToken_036,Category_D,S225|S011
IT03230,TopicToken_03230 ProcessToken_070 PatternToken_012,Category_M,S046|S210|S135|S092
IT03231,TopicToken_03231 ProcessToken_048 PatternToken_070,Category_M,S087|S140|S214
IT03232,TopicToken_03232 ProcessToken_089 PatternToken_001,Category_N,S239|S082
IT03233,TopicToken_03233 ProcessToken_160 PatternToken_008,Category_J,S221|S197|S031|S143|S070
IT03234,TopicToken_03234 ProcessToken_043 PatternToken_030,Category_H,S147|S112|S175
IT03235,TopicToken_03235 ProcessToken_153 PatternToken_024,Category_F,S008|S136
IT03236,TopicToken_03236 ProcessToken_047 PatternToken_025,Category_B,S206|S123|S183|S008|S009
IT03237,TopicToken_03237 ProcessToken_056 PatternToken_052,Category_O,S059|S044|S181|S051
IT03238,TopicToken_03238 ProcessToken_106 PatternToken_015,Category_L,S197|S122
IT03239,TopicToken_03239 ProcessToken_150 PatternToken_075,Category_K,S031|S202|S047|S161|S008
IT03240,TopicToken_03240 ProcessToken_194 PatternToken_026,Category_J,S056|S236|S083
IT03241,TopicToken_03241 ProcessToken_031 PatternToken_073,Category_K,S143|S224|S066|S112|S212
IT03242,TopicToken_03242 ProcessToken_158 PatternToken_005,Category_F,S001|S184
IT03243,TopicToken_03243 ProcessToken_121 PatternToken_058,Category_D,S027|S168|S149|S224
IT03244,TopicToken_03244 ProcessToken_177 PatternToken_042,Category_F,S109|S218|S071|S203
IT03245,TopicToken_03245 ProcessToken_092 PatternToken_085,Category_G,S033|S187|S111|S210|S029
IT03246,TopicToken_03246 ProcessToken_144 PatternToken_084,Category_F,S041|S100
IT03247,TopicToken_03247 ProcessToken_076 PatternToken_049,Category_G,S207|S075
IT03248,TopicToken_03248 ProcessToken_194 PatternToken_042,Category_O,S033|S111
IT03249,TopicToken_03249 ProcessToken_063 PatternToken_032,Category_S,S020|S212|S180|S078
IT03250,TopicToken_03250 ProcessToken_147 PatternToken_066,Category_I,S080|S177|S138|S185|S144
IT03251,TopicToken_03251 ProcessToken_069 PatternToken_077,Category_E,S102|S068|S100|S110
IT03252,TopicToken_03252 ProcessToken_017 PatternToken_010,Category_E,S112|S168
IT03253,TopicToken_03253 ProcessToken_167 PatternToken_058,Category_O,S111|S038
IT03254,TopicToken_03254 ProcessToken_181 PatternToken_045,Category_F,S058|S226
IT03255,TopicToken_03255 ProcessToken_138 PatternToken_072,Category_N,S029|S184
IT03256,TopicToken_03256 ProcessToken_005 PatternToken_038,Category_J,S039|S240
IT03257,TopicToken_03257 ProcessToken_051 PatternToken_035,Category_O,S055|S224|S183|S235|S044
IT03258,TopicToken_03258 ProcessToken_105 PatternToken_075,Category_E,S185|S189|S063
IT03259,TopicToken_03259 ProcessToken_185 PatternToken_048,Category_O,S144|S149|S033
IT03260,TopicToken_03260 ProcessToken_075 PatternToken_081,Category_K,S225|S084
IT03261,TopicToken_03261 ProcessToken_119 PatternToken_084,Category_D,S187|S011|S136
IT03262,TopicToken_03262 ProcessToken_023 PatternToken_017,Category_A,S173|S168|S171|S157
IT03263,TopicToken_03263 ProcessToken_112 PatternToken_018,Category_J,S227|S001|S032|S083|S224
IT03264,TopicToken_03264 ProcessToken_140 PatternToken_055,Category_E,S082|S055|S024|S121
IT03265,TopicToken_03265 ProcessToken_193 PatternToken_031,Category_J,S199|S117|S039|S048
IT03266,TopicToken_03266 ProcessToken_012 PatternToken_013,Category_H,S031|S103
IT03267,TopicToken_03267 ProcessToken_123 PatternToken_062,Category_G,S091|S206|S236|S071
IT03268,TopicToken_03268 ProcessToken_099 PatternToken_013,Category_B,S100|S028
IT03269,TopicToken_03269 ProcessToken_005 PatternToken_076,Category_H,S119|S024|S031|S013
IT03270,TopicToken_03270 ProcessToken_013 PatternToken_068,Category_D,S092|S038
IT03271,TopicToken_03271 ProcessToken_040 PatternToken_022,Category_N,S187|S070|S037|S113|S007
IT03272,TopicToken_03272 ProcessToken_133 PatternToken_069,Category_H,S026|S100
IT03273,TopicToken_03273 ProcessToken_123 PatternToken_039,Category_T,S034|S074|S072|S174|S129
IT03274,TopicToken_03274 ProcessToken_015 PatternToken_010,Category_L,S235|S195|S181|S115|S128
IT03275,TopicToken_03275 ProcessToken_079 PatternToken_053,Category_E,S119|S118
IT03276,TopicToken_03276 ProcessToken_047 PatternToken_079,Category_Q,S070|S164|S235
IT03277,TopicToken_03277 ProcessToken_146 PatternToken_063,Category_L,S236|S158|S125
IT03278,TopicToken_03278 ProcessToken_065 PatternToken_032,Category_A,S062|S233|S154
IT03279,TopicToken_03279 ProcessToken_056 PatternToken_033,Category_L,S211|S162|S008|S034
IT03280,TopicToken_03280 ProcessToken_087 PatternToken_076,Category_T,S100|S114|S098|S054
IT03281,TopicToken_03281 ProcessToken_120 PatternToken_099,Category_G,S103|S203
IT03282,TopicToken_03282 ProcessToken_020 PatternToken_058,Category_F,S210|S116|S148|S141
IT03283,TopicToken_03283 ProcessToken_179 PatternToken_057,Category_R,S024|S117|S138
IT03284,TopicToken_03284 ProcessToken_092 PatternToken_052,Category_E,S209|S033
IT03285,TopicToken_03285 ProcessToken_081 PatternToken_064,Category_R,S136|S179|S194
IT03286,TopicToken_03286 ProcessToken_163 PatternToken_004,Category_B,S077|S084|S191|S035
IT03287,TopicToken_03287 ProcessToken_018 PatternToken_052,Category_L,S141|S058|S152|S059
IT03288,TopicToken_03288 ProcessToken_076 PatternToken_073,Category_G,S232|S120
IT03289,TopicToken_03289 ProcessToken_185 PatternToken_053,Category_L,S047|S236
IT03290,TopicToken_03290 ProcessToken_006 PatternToken_065,Category_T,S070|S203|S081
IT03291,TopicToken_03291 ProcessToken_137 PatternToken_076,Category_R,S176|S053|S050
IT03292,TopicToken_03292 ProcessToken_179 PatternToken_013,Category_S,S173|S186|S046|S079
IT03293,TopicToken_03293 ProcessToken_161 PatternToken_085,Category_F,S091|S042|S026|S133|S056
IT03294,TopicToken_03294 ProcessToken_164 PatternToken_090,Category_Q,S079|S178|S106|S161|S182
IT03295,TopicToken_03295 ProcessToken_119 PatternToken_005,Category_P,S133|S031|S047|S230
IT03296,TopicToken_03296 ProcessToken_089 PatternToken_010,Category_F,S116|S092
IT03297,TopicToken_03297 ProcessToken_006 PatternToken_030,Category_F,S092|S157|S128
IT03298,TopicToken_03298 ProcessToken_060 PatternToken_076,Category_S,S195|S167|S108
IT03299,TopicToken_03299 ProcessToken_187 PatternToken_090,Category_C,S236|S127|S190|S034|S046
IT03300,TopicToken_03300 ProcessToken_009 PatternToken_004,Category_S,S096|S092|S174|S024
IT03301,TopicToken_03301 ProcessToken_169 PatternToken_083,Category_Q,S128|S022
IT03302,TopicToken_03302 ProcessToken_030 PatternToken_014,Category_F,S046|S170|S005|S175
IT03303,TopicToken_03303 ProcessToken_077 PatternToken_049,Category_M,S071|S091|S122|S107|S041
IT03304,TopicToken_03304 ProcessToken_073 PatternToken_018,Category_F,S026|S067|S028|S118
IT03305,TopicToken_03305 ProcessToken_081 PatternToken_038,Category_A,S097|S099
IT03306,TopicToken_03306 ProcessToken_138 PatternToken_029,Category_N,S098|S185|S178|S140|S114
IT03307,TopicToken_03307 ProcessToken_146 PatternToken_096,Category_P,S131|S112|S004|S228
IT03308,TopicToken_03308 ProcessToken_179 PatternToken_094,Category_P,S026|S064|S148
IT03309,TopicToken_03309 ProcessToken_031 PatternToken_027,Category_T,S029|S088|S105|S134|S193
IT03310,TopicToken_03310 ProcessToken_191 PatternToken_032,Category_M,S095|S126|S125|S194
IT03311,TopicToken_03311 ProcessToken_194 PatternToken_096,Category_E,S024|S004
IT03312,TopicToken_03312 ProcessToken_034 PatternToken_052,Category_H,S071|S179|S139
IT03313,TopicToken_03313 ProcessToken_115 PatternToken_007,Category_C,S018|S131
IT03314,TopicToken_03314 ProcessToken_168 PatternToken_061,Category_C,S053|S122|S117|S092|S009
IT03315,TopicToken_03315 ProcessToken_027 PatternToken_025,Category_S,S009|S223|S199|S184
IT03316,TopicToken_03316 ProcessToken_026 PatternToken_018,Category_R,S147|S188
IT03317,TopicToken_03317 ProcessToken_011 PatternToken_061,Category_S,S024|S045|S016|S006
IT03318,TopicToken_03318 ProcessToken_147 PatternToken_053,Category_R,S021|S137|S126
IT03319,TopicToken_03319 ProcessToken_083 PatternToken_034,Category_C,S084|S157|S214|S001
IT03320,TopicToken_03320 ProcessToken_177 PatternToken_083,Category_Q,S026|S206|S196|S155
IT03321,TopicToken_03321 ProcessToken_010 PatternToken_084,Category_G,S063|S217|S131|S097
IT03322,TopicToken_03322 ProcessToken_140 PatternToken_029,Category_C,S033|S225|S052
IT03323,TopicToken_03323 ProcessToken_163 PatternToken_042,Category_D,S220|S113|S032
IT03324,TopicToken_03324 ProcessToken_095 PatternToken_046,Category_K,S208|S207|S002|S017|S200
IT03325,TopicToken_03325 ProcessToken_011 PatternToken_023,Category_J,S150|S236
IT03326,TopicToken_03326 ProcessToken_130 PatternToken_099,Category_T,S102|S144|S172
IT03327,TopicToken_03327 ProcessToken_096 PatternToken_082,Category_E,S057|S165|S008
IT03328,TopicToken_03328 ProcessToken_124 PatternToken_100,Category_N,S007|S232|S122
IT03329,TopicToken_03329 ProcessToken_007 PatternToken_023,Category_M,S225|S165|S182|S053|S149
IT03330,TopicToken_03330 ProcessToken_022 PatternToken_066,Category_J,S119|S055
IT03331,TopicToken_03331 ProcessToken_091 PatternToken_041,Category_P,S149|S042|S120|S004
IT03332,TopicToken_03332 ProcessToken_190 PatternToken_037,Category_L,S095|S152|S022
IT03333,TopicToken_03333 ProcessToken_181 PatternToken_017,Category_O,S188|S062
IT03334,TopicToken_03334 ProcessToken_011 PatternToken_046,Category_G,S007|S108|S149|S026
IT03335,TopicToken_03335 ProcessToken_141 PatternToken_024,Category_G,S040|S061|S118
IT03336,TopicToken_03336 ProcessToken_022 PatternToken_100,Category_H,S144|S150|S061|S035|S239
IT03337,TopicToken_03337 ProcessToken_158 PatternToken_095,Category_F,S017|S203
IT03338,TopicToken_03338 ProcessToken_001 PatternToken_085,Category_D,S220|S221
IT03339,TopicToken_03339 ProcessToken_170 PatternToken_033,Category_H,S092|S185
IT03340,TopicToken_03340 ProcessToken_065 PatternToken_019,Category_D,S048|S170|S017|S102|S123
IT03341,TopicToken_03341 ProcessToken_011 PatternToken_018,Category_N,S124|S189|S085
IT03342,TopicToken_03342 ProcessToken_041 PatternToken_097,Category_D,S225|S206|S057|S124
IT03343,TopicToken_03343 ProcessToken_062 PatternToken_020,Category_Q,S120|S010
IT03344,TopicToken_03344 ProcessToken_065 PatternToken_045,Category_F,S229|S214
IT03345,TopicToken_03345 ProcessToken_004 PatternToken_052,Category_F,S145|S088
IT03346,TopicToken_03346 ProcessToken_137 PatternToken_050,Category_G,S117|S198|S133|S124|S238
IT03347,TopicToken_03347 ProcessToken_018 PatternToken_093,Category_P,S185|S007
IT03348,TopicToken_03348 ProcessToken_121 PatternToken_073,Category_S,S157|S078|S178|S151
IT03349,TopicToken_03349 ProcessToken_079 PatternToken_087,Category_J,S060|S217|S219
IT03350,TopicToken_03350 ProcessToken_084 PatternToken_070,Category_R,S082|S095|S002
IT03351,TopicToken_03351 ProcessToken_125 PatternToken_097,Category_P,S240|S148
IT03352,TopicToken_03352 ProcessToken_087 PatternToken_025,Category_M,S109|S177|S140|S134|S228
IT03353,TopicToken_03353 ProcessToken_112 PatternToken_096,Category_F,S036|S192
IT03354,TopicToken_03354 ProcessToken_025 PatternToken_017,Category_G,S203|S125|S031|S094
IT03355,TopicToken_03355 ProcessToken_043 PatternToken_099,Category_E,S210|S190
IT03356,TopicToken_03356 ProcessToken_032 PatternToken_073,Category_B,S124|S217|S120|S033
IT03357,TopicToken_03357 ProcessToken_171 PatternToken_099,Category_K,S111|S163|S182|S227
IT03358,TopicToken_03358 ProcessToken_089 PatternToken_001,Category_C,S153|S092|S015|S008
IT03359,TopicToken_03359 ProcessToken_053 PatternToken_001,Category_L,S115|S161
IT03360,TopicToken_03360 ProcessToken_136 PatternToken_062,Category_C,S032|S145|S177|S082
IT03361,TopicToken_03361 ProcessToken_146 PatternToken_033,Category_B,S192|S143|S144|S110|S035
IT03362,TopicToken_03362 ProcessToken_112 PatternToken_029,Category_H,S142|S027|S141|S157|S057
IT03363,TopicToken_03363 ProcessToken_103 PatternToken_082,Category_D,S084|S112|S041|S237
IT03364,TopicToken_03364 ProcessToken_140 PatternToken_081,Category_E,S218|S022|S004
IT03365,TopicToken_03365 ProcessToken_190 PatternToken_055,Category_F,S055|S104|S175
IT03366,TopicToken_03366 ProcessToken_014 PatternToken_099,Category_A,S107|S044|S155|S069
IT03367,TopicToken_03367 ProcessToken_006 PatternToken_097,Category_T,S091|S166
IT03368,TopicToken_03368 ProcessToken_016 PatternToken_045,Category_R,S005|S120|S085
IT03369,TopicToken_03369 ProcessToken_073 PatternToken_097,Category_A,S035|S144|S017|S193|S002
IT03370,TopicToken_03370 ProcessToken_055 PatternToken_002,Category_T,S037|S021
IT03371,TopicToken_03371 ProcessToken_154 PatternToken_082,Category_D,S012|S003|S152|S046|S135
IT03372,TopicToken_03372 ProcessToken_142 PatternToken_073,Category_A,S079|S151|S204|S126
IT03373,TopicToken_03373 ProcessToken_182 PatternToken_096,Category_N,S199|S022|S115|S138|S133
IT03374,TopicToken_03374 ProcessToken_167 PatternToken_095,Category_K,S035|S164|S133|S075|S187
IT03375,TopicToken_03375 ProcessToken_109 PatternToken_002,Category_R,S074|S067|S157|S177
IT03376,TopicToken_03376 ProcessToken_018 PatternToken_076,Category_E,S122|S200
IT03377,TopicToken_03377 ProcessToken_162 PatternToken_023,Category_N,S039|S017|S005|S213
IT03378,TopicToken_03378 ProcessToken_108 PatternToken_061,Category_H,S006|S226
IT03379,TopicToken_03379 ProcessToken_079 PatternToken_078,Category_B,S077|S052|S131
IT03380,TopicToken_03380 ProcessToken_025 PatternToken_094,Category_A,S075|S146|S197|S064
IT03381,TopicToken_03381 ProcessToken_105 PatternToken_021,Category_C,S153|S230|S171
IT03382,TopicToken_03382 ProcessToken_084 PatternToken_090,Category_D,S079|S041|S182|S099
IT03383,TopicToken_03383 ProcessToken_025 PatternToken_041,Category_C,S124|S041
IT03384,TopicToken_03384 ProcessToken_192 PatternToken_010,Category_S,S209|S077
IT03385,TopicToken_03385 ProcessToken_068 PatternToken_051,Category_H,S092|S117
IT03386,TopicToken_03386 ProcessToken_129 PatternToken_012,Category_T,S096|S154|S074|S229|S169
IT03387,TopicToken_03387 ProcessToken_155 PatternToken_083,Category_R,S199|S026|S167|S125
IT03388,TopicToken_03388 ProcessToken_124 PatternToken_098,Category_P,S185|S153|S019|S203
IT03389,TopicToken_03389 ProcessToken_117 PatternToken_052,Category_K,S086|S236|S173|S087
IT03390,TopicToken_03390 ProcessToken_085 PatternToken_051,Category_C,S084|S004|S089
IT03391,TopicToken_03391 ProcessToken_109 PatternToken_004,Category_K,S004|S096|S047|S114
IT03392,TopicToken_03392 ProcessToken_033 PatternToken_091,Category_O,S187|S027|S217|S195
IT03393,TopicToken_03393 ProcessToken_057 PatternToken_019,Category_I,S217|S048|S058|S003|S045
IT03394,TopicToken_03394 ProcessToken_029 PatternToken_069,Category_F,S046|S069
IT03395,TopicToken_03395 ProcessToken_093 PatternToken_056,Category_N,S012|S044|S222|S067
IT03396,TopicToken_03396 ProcessToken_073 PatternToken_023,Category_P,S175|S222|S078
IT03397,TopicToken_03397 ProcessToken_135 PatternToken_002,Category_Q,S127|S149
IT03398,TopicToken_03398 ProcessToken_159 PatternToken_039,Category_I,S235|S200|S146|S228
IT03399,TopicToken_03399 ProcessToken_035 PatternToken_039,Category_T,S111|S199|S175
IT03400,TopicToken_03400 ProcessToken_070 PatternToken_018,Category_S,S110|S120|S053|S158
IT03401,TopicToken_03401 ProcessToken_046 PatternToken_061,Category_J,S197|S079|S128|S205|S031
IT03402,TopicToken_03402 ProcessToken_100 PatternToken_022,Category_P,S041|S096|S060
IT03403,TopicToken_03403 ProcessToken_051 PatternToken_048,Category_T,S012|S140
IT03404,TopicToken_03404 ProcessToken_024 PatternToken_010,Category_I,S220|S090|S073|S069|S060
IT03405,TopicToken_03405 ProcessToken_009 PatternToken_057,Category_G,S213|S086|S042|S045
IT03406,TopicToken_03406 ProcessToken_056 PatternToken_077,Category_N,S006|S201
IT03407,TopicToken_03407 ProcessToken_095 PatternToken_068,Category_B,S043|S113
IT03408,TopicToken_03408 ProcessToken_076 PatternToken_068,Category_P,S073|S001|S170|S137|S148
IT03409,TopicToken_03409 ProcessToken_025 PatternToken_072,Category_Q,S016|S006|S134|S167
IT03410,TopicToken_03410 ProcessToken_082 PatternToken_100,Category_C,S002|S109
IT03411,TopicToken_03411 ProcessToken_136 PatternToken_015,Category_I,S051|S209|S167|S125|S069
IT03412,TopicToken_03412 ProcessToken_087 PatternToken_021,Category_O,S049|S044|S155|S125
IT03413,TopicToken_03413 ProcessToken_069 PatternToken_061,Category_L,S234|S107
IT03414,TopicToken_03414 ProcessToken_145 PatternToken_017,Category_L,S018|S160|S120
IT03415,TopicToken_03415 ProcessToken_125 PatternToken_032,Category_A,S197|S037|S159|S206
IT03416,TopicToken_03416 ProcessToken_015 PatternToken_092,Category_S,S175|S084|S077|S071
IT03417,TopicToken_03417 ProcessToken_150 PatternToken_084,Category_K,S090|S028|S162
IT03418,TopicToken_03418 ProcessToken_176 PatternToken_014,Category_M,S047|S146|S185|S240|S064
IT03419,TopicToken_03419 ProcessToken_011 PatternToken_082,Category_A,S144|S131|S060|S111|S097
IT03420,TopicToken_03420 ProcessToken_048 PatternToken_013,Category_O,S129|S224|S189|S161|S066
IT03421,TopicToken_03421 ProcessToken_017 PatternToken_069,Category_P,S105|S157|S219|S079
IT03422,TopicToken_03422 ProcessToken_147 PatternToken_057,Category_L,S047|S229
IT03423,TopicToken_03423 ProcessToken_105 PatternToken_045,Category_Q,S063|S008
IT03424,TopicToken_03424 ProcessToken_011 PatternToken_019,Category_L,S050|S103|S064
IT03425,TopicToken_03425 ProcessToken_009 PatternToken_048,Category_I,S081|S155|S152|S007
IT03426,TopicToken_03426 ProcessToken_151 PatternToken_091,Category_K,S218|S090|S160|S087
IT03427,TopicToken_03427 ProcessToken_090 PatternToken_025,Category_L,S027|S205|S095|S153|S017
IT03428,TopicToken_03428 ProcessToken_136 PatternToken_037,Category_H,S222|S126
IT03429,TopicToken_03429 ProcessToken_051 PatternToken_056,Category_M,S053|S130|S175|S217
IT03430,TopicToken_03430 ProcessToken_020 PatternToken_058,Category_C,S233|S005|S130|S187
IT03431,TopicToken_03431 ProcessToken_140 PatternToken_042,Category_K,S080|S144|S192
IT03432,TopicToken_03432 ProcessToken_042 PatternToken_040,Category_I,S043|S050|S147|S224
IT03433,TopicToken_03433 ProcessToken_116 PatternToken_035,Category_O,S208|S082|S214|S188|S163
IT03434,TopicToken_03434 ProcessToken_128 PatternToken_030,Category_K,S064|S227
IT03435,TopicToken_03435 ProcessToken_099 PatternToken_082,Category_N,S185|S109
IT03436,TopicToken_03436 ProcessToken_198 PatternToken_015,Category_D,S224|S166|S050
IT03437,TopicToken_03437 ProcessToken_131 PatternToken_082,Category_E,S152|S213|S057|S087
IT03438,TopicToken_03438 ProcessToken_090 PatternToken_050,Category_A,S099|S142|S220
IT03439,TopicToken_03439 ProcessToken_144 PatternToken_007,Category_M,S006|S009|S003
IT03440,TopicToken_03440 ProcessToken_068 PatternToken_017,Category_K,S222|S129|S139|S090
IT03441,TopicToken_03441 ProcessToken_025 PatternToken_018,Category_C,S197|S127|S041|S220|S047
IT03442,TopicToken_03442 ProcessToken_044 PatternToken_051,Category_O,S159|S116|S092|S205
IT03443,TopicToken_03443 ProcessToken_169 PatternToken_039,Category_P,S034|S108|S224
IT03444,TopicToken_03444 ProcessToken_111 PatternToken_047,Category_H,S027|S109|S008
IT03445,TopicToken_03445 ProcessToken_145 PatternToken_095,Category_G,S054|S101
IT03446,TopicToken_03446 ProcessToken_113 PatternToken_074,Category_M,S172|S158
IT03447,TopicToken_03447 ProcessToken_027 PatternToken_057,Category_J,S020|S011|S074
IT03448,TopicToken_03448 ProcessToken_022 PatternToken_006,Category_D,S189|S107
IT03449,TopicToken_03449 ProcessToken_193 PatternToken_048,Category_D,S154|S120|S034|S159|S167
IT03450,TopicToken_03450 ProcessToken_050 PatternToken_067,Category_R,S194|S099
IT03451,TopicToken_03451 ProcessToken_149 PatternToken_013,Category_H,S178|S149|S005
IT03452,TopicToken_03452 ProcessToken_141 PatternToken_039,Category_C,S161|S073
IT03453,TopicToken_03453 ProcessToken_039 PatternToken_012,Category_L,S235|S121
IT03454,TopicToken_03454 ProcessToken_121 PatternToken_071,Category_R,S016|S221|S198
IT03455,TopicToken_03455 ProcessToken_031 PatternToken_055,Category_A,S163|S113
IT03456,TopicToken_03456 ProcessToken_033 PatternToken_050,Category_H,S041|S186|S105
IT03457,TopicToken_03457 ProcessToken_094 PatternToken_049,Category_L,S123|S045
IT03458,TopicToken_03458 ProcessToken_055 PatternToken_057,Category_Q,S185|S043|S055
IT03459,TopicToken_03459 ProcessToken_018 PatternToken_047,Category_D,S160|S040|S023
IT03460,TopicToken_03460 ProcessToken_188 PatternToken_018,Category_Q,S193|S181
IT03461,TopicToken_03461 ProcessToken_177 PatternToken_013,Category_H,S080|S023|S038
IT03462,TopicToken_03462 ProcessToken_125 PatternToken_030,Category_I,S229|S228
IT03463,TopicToken_03463 ProcessToken_151 PatternToken_097,Category_B,S044|S064|S059
IT03464,TopicToken_03464 ProcessToken_059 PatternToken_090,Category_L,S056|S010|S084|S204
IT03465,TopicToken_03465 ProcessToken_005 PatternToken_084,Category_C,S042|S196|S130|S128
IT03466,TopicToken_03466 ProcessToken_047 PatternToken_059,Category_B,S121|S101|S166
IT03467,TopicToken_03467 ProcessToken_109 PatternToken_039,Category_P,S233|S074|S126
IT03468,TopicToken_03468 ProcessToken_125 PatternToken_059,Category_R,S150|S182
IT03469,TopicToken_03469 ProcessToken_085 PatternToken_036,Category_O,S137|S163|S188|S069
IT03470,TopicToken_03470 ProcessToken_149 PatternToken_068,Category_L,S056|S128|S171|S136|S214
IT03471,TopicToken_03471 ProcessToken_059 PatternToken_064,Category_E,S169|S022|S161|S166
IT03472,TopicToken_03472 ProcessToken_066 PatternToken_060,Category_Q,S238|S014|S221|S129
IT03473,TopicToken_03473 ProcessToken_180 PatternToken_027,Category_I,S188|S168|S176|S102|S208
IT03474,TopicToken_03474 ProcessToken_155 PatternToken_013,Category_E,S223|S002
IT03475,TopicToken_03475 ProcessToken_061 PatternToken_083,Category_R,S068|S063|S193|S135
IT03476,TopicToken_03476 ProcessToken_190 PatternToken_017,Category_E,S232|S158|S033|S208
IT03477,TopicToken_03477 ProcessToken_118 PatternToken_081,Category_O,S056|S005|S209|S213|S136
IT03478,TopicToken_03478 ProcessToken_170 PatternToken_031,Category_B,S114|S211|S057|S174
IT03479,TopicToken_03479 ProcessToken_084 PatternToken_013,Category_C,S186|S173|S215
IT03480,TopicToken_03480 ProcessToken_150 PatternToken_015,Category_I,S015|S162|S107|S106
IT03481,TopicToken_03481 ProcessToken_178 PatternToken_011,Category_A,S032|S094
IT03482,TopicToken_03482 ProcessToken_042 PatternToken_020,Category_D,S229|S149
IT03483,TopicToken_03483 ProcessToken_061 PatternToken_093,Category_O,S114|S043|S212|S230
IT03484,TopicToken_03484 ProcessToken_045 PatternToken_076,Category_R,S025|S225|S165|S045|S049
IT03485,TopicToken_03485 ProcessToken_046 PatternToken_079,Category_J,S170|S028|S213|S075|S078
IT03486,TopicToken_03486 ProcessToken_102 PatternToken_012,Category_H,S188|S095|S013|S071|S219
IT03487,TopicToken_03487 ProcessToken_076 PatternToken_030,Category_K,S087|S099|S104
IT03488,TopicToken_03488 ProcessToken_177 PatternToken_069,Category_G,S059|S076|S109
IT03489,TopicToken_03489 ProcessToken_086 PatternToken_088,Category_R,S159|S237|S016
IT03490,TopicToken_03490 ProcessToken_192 PatternToken_086,Category_K,S021|S147|S090
IT03491,TopicToken_03491 ProcessToken_032 PatternToken_010,Category_D,S240|S177
IT03492,TopicToken_03492 ProcessToken_150 PatternToken_045,Category_H,S197|S023|S228|S183
IT03493,TopicToken_03493 ProcessToken_006 PatternToken_032,Category_O,S060|S003
IT03494,TopicToken_03494 ProcessToken_137 PatternToken_073,Category_B,S163|S033
IT03495,TopicToken_03495 ProcessToken_118 PatternToken_018,Category_G,S226|S194|S211|S177|S132
IT03496,TopicToken_03496 ProcessToken_153 PatternToken_023,Category_N,S134|S193|S237
IT03497,TopicToken_03497 ProcessToken_052 PatternToken_009,Category_P,S142|S004|S095|S012
IT03498,TopicToken_03498 ProcessToken_044 PatternToken_059,Category_A,S041|S043|S014|S217
IT03499,TopicToken_03499 ProcessToken_051 PatternToken_060,Category_R,S081|S089|S011|S047|S145
IT03500,TopicToken_03500 ProcessToken_135 PatternToken_049,Category_G,S055|S134|S089
IT03501,TopicToken_03501 ProcessToken_051 PatternToken_044,Category_H,S007|S153|S150
IT03502,TopicToken_03502 ProcessToken_136 PatternToken_027,Category_J,S200|S216|S158
IT03503,TopicToken_03503 ProcessToken_158 PatternToken_020,Category_I,S032|S213|S178|S056
IT03504,TopicToken_03504 ProcessToken_115 PatternToken_054,Category_J,S133|S063
IT03505,TopicToken_03505 ProcessToken_063 PatternToken_024,Category_E,S011|S153
IT03506,TopicToken_03506 ProcessToken_140 PatternToken_078,Category_O,S174|S228|S079|S039
IT03507,TopicToken_03507 ProcessToken_155 PatternToken_044,Category_E,S026|S217|S118|S147|S061
IT03508,TopicToken_03508 ProcessToken_022 PatternToken_005,Category_D,S016|S049|S123|S020
IT03509,TopicToken_03509 ProcessToken_121 PatternToken_035,Category_J,S170|S233|S003|S150|S192
IT03510,TopicToken_03510 ProcessToken_116 PatternToken_073,Category_I,S005|S161|S233|S014
IT03511,TopicToken_03511 ProcessToken_078 PatternToken_047,Category_T,S206|S133|S019
IT03512,TopicToken_03512 ProcessToken_045 PatternToken_065,Category_D,S116|S078|S024|S123
IT03513,TopicToken_03513 ProcessToken_181 PatternToken_078,Category_C,S211|S225|S171|S147|S056
IT03514,TopicToken_03514 ProcessToken_163 PatternToken_077,Category_S,S087|S123
IT03515,TopicToken_03515 ProcessToken_040 PatternToken_032,Category_O,S061|S149|S121
IT03516,TopicToken_03516 ProcessToken_029 PatternToken_066,Category_I,S156|S137
IT03517,TopicToken_03517 ProcessToken_148 PatternToken_084,Category_T,S001|S074
IT03518,TopicToken_03518 ProcessToken_003 PatternToken_008,Category_A,S093|S134|S010|S186|S179
IT03519,TopicToken_03519 ProcessToken_138 PatternToken_094,Category_I,S025|S165|S220|S060|S067
IT03520,TopicToken_03520 ProcessToken_005 PatternToken_026,Category_A,S177|S131|S032|S212|S211
IT03521,TopicToken_03521 ProcessToken_152 PatternToken_086,Category_N,S003|S009
IT03522,TopicToken_03522 ProcessToken_010 PatternToken_043,Category_I,S218|S096|S057|S061
IT03523,TopicToken_03523 ProcessToken_177 PatternToken_081,Category_F,S161|S141
IT03524,TopicToken_03524 ProcessToken_178 PatternToken_010,Category_Q,S065|S185|S192|S051|S127
IT03525,TopicToken_03525 ProcessToken_175 PatternToken_099,Category_O,S146|S087|S121
IT03526,TopicToken_03526 ProcessToken_107 PatternToken_015,Category_N,S039|S017
IT03527,TopicToken_03527 ProcessToken_066 PatternToken_067,Category_T,S040|S096
IT03528,TopicToken_03528 ProcessToken_067 PatternToken_086,Category_F,S101|S198|S179|S235|S091
IT03529,TopicToken_03529 ProcessToken_014 PatternToken_048,Category_P,S031|S164|S237|S146
IT03530,TopicToken_03530 ProcessToken_195 PatternToken_012,Category_K,S061|S071|S088|S209
IT03531,TopicToken_03531 ProcessToken_096 PatternToken_002,Category_C,S071|S103|S066|S048
IT03532,TopicToken_03532 ProcessToken_002 PatternToken_049,Category_Q,S113|S176|S089|S103|S100
IT03533,TopicToken_03533 ProcessToken_119 PatternToken_042,Category_N,S192|S054
IT03534,TopicToken_03534 ProcessToken_111 PatternToken_095,Category_Q,S110|S192|S038|S163|S201
IT03535,TopicToken_03535 ProcessToken_124 PatternToken_022,Category_K,S013|S101|S102|S158|S190
IT03536,TopicToken_03536 ProcessToken_198 PatternToken_056,Category_P,S191|S213
IT03537,TopicToken_03537 ProcessToken_132 PatternToken_055,Category_L,S023|S239
IT03538,TopicToken_03538 ProcessToken_032 PatternToken_025,Category_T,S174|S059|S100|S035
IT03539,TopicToken_03539 ProcessToken_017 PatternToken_018,Category_K,S090|S227|S014
IT03540,TopicToken_03540 ProcessToken_171 PatternToken_003,Category_T,S058|S047|S171|S239|S090
IT03541,TopicToken_03541 ProcessToken_111 PatternToken_041,Category_F,S071|S133|S083|S012|S139
IT03542,TopicToken_03542 ProcessToken_109 PatternToken_085,Category_C,S021|S233
IT03543,TopicToken_03543 ProcessToken_021 PatternToken_047,Category_E,S105|S144
IT03544,TopicToken_03544 ProcessToken_099 PatternToken_075,Category_B,S138|S168
IT03545,TopicToken_03545 ProcessToken_196 PatternToken_030,Category_T,S104|S030|S123|S034|S081
IT03546,TopicToken_03546 ProcessToken_024 PatternToken_066,Category_F,S007|S100|S142
IT03547,TopicToken_03547 ProcessToken_103 PatternToken_078,Category_L,S238|S189|S219|S169|S119
IT03548,TopicToken_03548 ProcessToken_123 PatternToken_062,Category_M,S173|S159|S169|S080
IT03549,TopicToken_03549 ProcessToken_035 PatternToken_037,Category_C,S189|S051|S156|S164|S075
IT03550,TopicToken_03550 ProcessToken_078 PatternToken_043,Category_P,S118|S164
IT03551,TopicToken_03551 ProcessToken_169 PatternToken_052,Category_P,S119|S027
IT03552,TopicToken_03552 ProcessToken_196 PatternToken_001,Category_H,S061|S127|S186|S210
IT03553,TopicToken_03553 ProcessToken_024 PatternToken_092,Category_B,S047|S051|S127|S240|S175
IT03554,TopicToken_03554 ProcessToken_190 PatternToken_029,Category_J,S006|S144
IT03555,TopicToken_03555 ProcessToken_042 PatternToken_006,Category_B,S169|S155|S035
IT03556,TopicToken_03556 ProcessToken_097 PatternToken_091,Category_L,S036|S027|S017
IT03557,TopicToken_03557 ProcessToken_176 PatternToken_022,Category_N,S211|S240|S168|S118|S179
IT03558,TopicToken_03558 ProcessToken_081 PatternToken_024,Category_M,S112|S186|S158
IT03559,TopicToken_03559 ProcessToken_132 PatternToken_011,Category_A,S023|S135
IT03560,TopicToken_03560 ProcessToken_058 PatternToken_046,Category_P,S069|S085|S186
IT03561,TopicToken_03561 ProcessToken_191 PatternToken_086,Category_A,S223|S158
IT03562,TopicToken_03562 ProcessToken_043 PatternToken_090,Category_F,S192|S072
IT03563,TopicToken_03563 ProcessToken_039 PatternToken_060,Category_J,S212|S206|S185|S118|S086
IT03564,TopicToken_03564 ProcessToken_133 PatternToken_035,Category_J,S058|S071|S097
IT03565,TopicToken_03565 ProcessToken_153 PatternToken_097,Category_J,S116|S218|S083
IT03566,TopicToken_03566 ProcessToken_050 PatternToken_064,Category_F,S153|S080|S106
IT03567,TopicToken_03567 ProcessToken_176 PatternToken_057,Category_M,S193|S085|S084|S187
IT03568,TopicToken_03568 ProcessToken_109 PatternToken_041,Category_R,S214|S143|S010
IT03569,TopicToken_03569 ProcessToken_040 PatternToken_084,Category_P,S096|S090|S095|S169
IT03570,TopicToken_03570 ProcessToken_188 PatternToken_023,Category_E,S007|S178
IT03571,TopicToken_03571 ProcessToken_144 PatternToken_061,Category_H,S029|S107|S001|S164
IT03572,TopicToken_03572 ProcessToken_104 PatternToken_030,Category_M,S213|S084|S135
IT03573,TopicToken_03573 ProcessToken_099 PatternToken_019,Category_F,S051|S120|S176
IT03574,TopicToken_03574 ProcessToken_020 PatternToken_084,Category_H,S042|S148|S179|S205
IT03575,TopicToken_03575 ProcessToken_185 PatternToken_052,Category_T,S182|S115|S198|S104|S054
IT03576,TopicToken_03576 ProcessToken_081 PatternToken_078,Category_K,S199|S071|S166|S044|S066
IT03577,TopicToken_03577 ProcessToken_101 PatternToken_052,Category_A,S196|S076
IT03578,TopicToken_03578 ProcessToken_154 PatternToken_040,Category_J,S174|S208|S032
IT03579,TopicToken_03579 ProcessToken_109 PatternToken_067,Category_Q,S037|S139|S069
IT03580,TopicToken_03580 ProcessToken_037 PatternToken_075,Category_B,S197|S043|S166
IT03581,TopicToken_03581 ProcessToken_080 PatternToken_027,Category_B,S166|S057|S095|S085|S021
IT03582,TopicToken_03582 ProcessToken_163 PatternToken_025,Category_D,S214|S120|S192|S007
IT03583,TopicToken_03583 ProcessToken_033 PatternToken_021,Category_K,S227|S178|S060|S143|S120
IT03584,TopicToken_03584 ProcessToken_126 PatternToken_094,Category_M,S056|S070|S182|S212
IT03585,TopicToken_03585 ProcessToken_186 PatternToken_064,Category_G,S123|S036|S034|S011
IT03586,TopicToken_03586 ProcessToken_107 PatternToken_072,Category_O,S132|S189|S190|S046|S009
IT03587,TopicToken_03587 ProcessToken_085 PatternToken_082,Category_F,S219|S149
IT03588,TopicToken_03588 ProcessToken_173 PatternToken_027,Category_M,S209|S089|S087
IT03589,TopicToken_03589 ProcessToken_009 PatternToken_025,Category_O,S031|S131|S129|S161
IT03590,TopicToken_03590 ProcessToken_156 PatternToken_072,Category_B,S114|S045
IT03591,TopicToken_03591 ProcessToken_061 PatternToken_093,Category_E,S175|S136|S067
IT03592,TopicToken_03592 ProcessToken_084 PatternToken_057,Category_G,S166|S193
IT03593,TopicToken_03593 ProcessToken_118 PatternToken_049,Category_T,S044|S211
IT03594,TopicToken_03594 ProcessToken_102 PatternToken_035,Category_C,S174|S155
IT03595,TopicToken_03595 ProcessToken_095 PatternToken_006,Category_B,S186|S055|S053|S059|S088
IT03596,TopicToken_03596 ProcessToken_048 PatternToken_017,Category_D,S212|S235|S097|S067|S080
IT03597,TopicToken_03597 ProcessToken_115 PatternToken_040,Category_P,S017|S169
IT03598,TopicToken_03598 ProcessToken_175 PatternToken_023,Category_F,S140|S008|S110|S019
IT03599,TopicToken_03599 ProcessToken_136 PatternToken_030,Category_H,S028|S020|S206
IT03600,TopicToken_03600 ProcessToken_145 PatternToken_041,Category_F,S209|S149|S140
IT03601,TopicToken_03601 ProcessToken_182 PatternToken_091,Category_Q,S144|S158|S084
IT03602,TopicToken_03602 ProcessToken_117 PatternToken_099,Category_P,S049|S075|S236|S187|S004
IT03603,TopicToken_03603 ProcessToken_100 PatternToken_068,Category_R,S134|S190|S141|S226|S137
IT03604,TopicToken_03604 ProcessToken_107 PatternToken_015,Category_H,S201|S022
IT03605,TopicToken_03605 ProcessToken_103 PatternToken_098,Category_N,S006|S115|S067|S179|S162
IT03606,TopicToken_03606 ProcessToken_197 PatternToken_024,Category_L,S123|S152|S112|S029|S197
IT03607,TopicToken_03607 ProcessToken_060 PatternToken_044,Category_P,S215|S053|S189|S076|S054
IT03608,TopicToken_03608 ProcessToken_055 PatternToken_039,Category_Q,S099|S021|S140
IT03609,TopicToken_03609 ProcessToken_151 PatternToken_061,Category_M,S121|S228
IT03610,TopicToken_03610 ProcessToken_158 PatternToken_052,Category_F,S006|S180|S037|S240
IT03611,TopicToken_03611 ProcessToken_193 PatternToken_037,Category_R,S116|S125|S006|S104|S135
IT03612,TopicToken_03612 ProcessToken_175 PatternToken_003,Category_K,S094|S151|S131|S144
IT03613,TopicToken_03613 ProcessToken_096 PatternToken_071,Category_Q,S060|S235|S116|S137|S092
IT03614,TopicToken_03614 ProcessToken_140 PatternToken_033,Category_P,S224|S238
IT03615,TopicToken_03615 ProcessToken_161 PatternToken_092,Category_F,S084|S115|S218|S183|S220
IT03616,TopicToken_03616 ProcessToken_156 PatternToken_088,Category_H,S102|S031|S140
IT03617,TopicToken_03617 ProcessToken_024 PatternToken_067,Category_L,S220|S027|S072|S061
IT03618,TopicToken_03618 ProcessToken_006 PatternToken_021,Category_E,S078|S060|S225|S169
IT03619,TopicToken_03619 ProcessToken_127 PatternToken_007,Category_T,S211|S091
IT03620,TopicToken_03620 ProcessToken_105 PatternToken_069,Category_M,S172|S208|S216|S150
IT03621,TopicToken_03621 ProcessToken_033 PatternToken_095,Category_H,S014|S139|S227|S054|S024
IT03622,TopicToken_03622 ProcessToken_062 PatternToken_002,Category_J,S010|S199|S141|S068|S223
IT03623,TopicToken_03623 ProcessToken_114 PatternToken_076,Category_F,S013|S175
IT03624,TopicToken_03624 ProcessToken_147 PatternToken_056,Category_R,S076|S029|S235
IT03625,TopicToken_03625 ProcessToken_030 PatternToken_090,Category_E,S195|S196|S166|S143
IT03626,TopicToken_03626 ProcessToken_073 PatternToken_064,Category_L,S149|S212|S114|S236
IT03627,TopicToken_03627 ProcessToken_129 PatternToken_012,Category_S,S195|S057|S228|S100|S120
IT03628,TopicToken_03628 ProcessToken_038 PatternToken_100,Category_T,S223|S067|S184
IT03629,TopicToken_03629 ProcessToken_135 PatternToken_018,Category_L,S152|S080|S119|S004
IT03630,TopicToken_03630 ProcessToken_021 PatternToken_027,Category_F,S082|S104
IT03631,TopicToken_03631 ProcessToken_042 PatternToken_064,Category_I,S225|S210|S064|S123
IT03632,TopicToken_03632 ProcessToken_143 PatternToken_093,Category_C,S180|S200
IT03633,TopicToken_03633 ProcessToken_183 PatternToken_071,Category_T,S037|S040|S069|S174
IT03634,TopicToken_03634 ProcessToken_133 PatternToken_068,Category_L,S219|S068
IT03635,TopicToken_03635 ProcessToken_189 PatternToken_065,Category_P,S074|S119|S131|S006|S106
IT03636,TopicToken_03636 ProcessToken_054 PatternToken_087,Category_P,S196|S238|S034
IT03637,TopicToken_03637 ProcessToken_007 PatternToken_025,Category_K,S161|S121|S194|S196
IT03638,TopicToken_03638 ProcessToken_055 PatternToken_049,Category_G,S031|S065|S130|S020|S223
IT03639,TopicToken_03639 ProcessToken_175 PatternToken_093,Category_T,S094|S010|S027|S156|S165
IT03640,TopicToken_03640 ProcessToken_024 PatternToken_024,Category_F,S105|S180|S121|S041|S190
IT03641,TopicToken_03641 ProcessToken_073 PatternToken_032,Category_J,S046|S041
IT03642,TopicToken_03642 ProcessToken_184 PatternToken_025,Category_T,S182|S151
IT03643,TopicToken_03643 ProcessToken_105 PatternToken_072,Category_N,S151|S226|S198|S046|S107
IT03644,TopicToken_03644 ProcessToken_002 PatternToken_073,Category_E,S051|S057|S237|S119|S134
IT03645,TopicToken_03645 ProcessToken_060 PatternToken_049,Category_Q,S077|S055
IT03646,TopicToken_03646 ProcessToken_009 PatternToken_087,Category_Q,S104|S001
IT03647,TopicToken_03647 ProcessToken_177 PatternToken_031,Category_P,S099|S054
IT03648,TopicToken_03648 ProcessToken_119 PatternToken_092,Category_Q,S161|S222|S094|S083|S197
IT03649,TopicToken_03649 ProcessToken_157 PatternToken_063,Category_S,S200|S095|S011|S123
IT03650,TopicToken_03650 ProcessToken_163 PatternToken_096,Category_L,S204|S149|S223
IT03651,TopicToken_03651 ProcessToken_024 PatternToken_085,Category_N,S095|S184|S015
IT03652,TopicToken_03652 ProcessToken_009 PatternToken_059,Category_N,S113|S196
IT03653,TopicToken_03653 ProcessToken_077 PatternToken_080,Category_G,S018|S113|S068
IT03654,TopicToken_03654 ProcessToken_106 PatternToken_017,Category_N,S085|S119|S058|S071|S208
IT03655,TopicToken_03655 ProcessToken_175 PatternToken_011,Category_C,S213|S087|S210
IT03656,TopicToken_03656 ProcessToken_022 PatternToken_078,Category_I,S136|S105|S107
IT03657,TopicToken_03657 ProcessToken_158 PatternToken_078,Category_O,S159|S125|S120|S037|S054
IT03658,TopicToken_03658 ProcessToken_177 PatternToken_007,Category_A,S058|S180|S208|S125
IT03659,TopicToken_03659 ProcessToken_040 PatternToken_091,Category_C,S042|S177|S190|S067|S183
IT03660,TopicToken_03660 ProcessToken_071 PatternToken_094,Category_A,S106|S146|S061|S161|S177
IT03661,TopicToken_03661 ProcessToken_025 PatternToken_025,Category_B,S150|S010
IT03662,TopicToken_03662 ProcessToken_168 PatternToken_005,Category_O,S087|S092|S091
IT03663,TopicToken_03663 ProcessToken_070 PatternToken_032,Category_F,S159|S113|S230|S089
IT03664,TopicToken_03664 ProcessToken_137 PatternToken_040,Category_M,S045|S157|S176
IT03665,TopicToken_03665 ProcessToken_021 PatternToken_001,Category_T,S072|S122|S202|S217
IT03666,TopicToken_03666 ProcessToken_034 PatternToken_057,Category_R,S230|S079|S057|S086
IT03667,TopicToken_03667 ProcessToken_055 PatternToken_005,Category_D,S032|S230|S142
IT03668,TopicToken_03668 ProcessToken_031 PatternToken_083,Category_Q,S061|S129
IT03669,TopicToken_03669 ProcessToken_037 PatternToken_006,Category_M,S075|S097|S160
IT03670,TopicToken_03670 ProcessToken_143 PatternToken_095,Category_H,S039|S239
IT03671,TopicToken_03671 ProcessToken_053 PatternToken_056,Category_T,S157|S123|S223
IT03672,TopicToken_03672 ProcessToken_154 PatternToken_021,Category_O,S013|S210|S183|S207|S192
IT03673,TopicToken_03673 ProcessToken_171 PatternToken_011,Category_I,S219|S068|S059|S006
IT03674,TopicToken_03674 ProcessToken_180 PatternToken_045,Category_J,S105|S102
IT03675,TopicToken_03675 ProcessToken_049 PatternToken_074,Category_S,S116|S080|S196
IT03676,TopicToken_03676 ProcessToken_116 PatternToken_083,Category_E,S105|S219|S057|S218
IT03677,TopicToken_03677 ProcessToken_083 PatternToken_046,Category_N,S119|S151|S076|S059|S142
IT03678,TopicToken_03678 ProcessToken_092 PatternToken_041,Category_J,S217|S112|S006|S137
IT03679,TopicToken_03679 ProcessToken_162 PatternToken_042,Category_H,S036|S016|S041|S123|S164
IT03680,TopicToken_03680 ProcessToken_130 PatternToken_072,Category_T,S173|S019|S087
IT03681,TopicToken_03681 ProcessToken_119 PatternToken_095,Category_S,S199|S095|S012|S217
IT03682,TopicToken_03682 ProcessToken_080 PatternToken_052,Category_Q,S036|S192|S064|S037|S146
IT03683,TopicToken_03683 ProcessToken_007 PatternToken_057,Category_J,S126|S198|S070
IT03684,TopicToken_03684 ProcessToken_001 PatternToken_013,Category_E,S111|S183|S080|S014
IT03685,TopicToken_03685 ProcessToken_043 PatternToken_064,Category_L,S045|S183|S115|S202|S029
IT03686,TopicToken_03686 ProcessToken_031 PatternToken_049,Category_B,S147|S007
IT03687,TopicToken_03687 ProcessToken_120 PatternToken_013,Category_E,S075|S014|S100|S098|S115
IT03688,TopicToken_03688 ProcessToken_139 PatternToken_035,Category_L,S075|S028
IT03689,TopicToken_03689 ProcessToken_134 PatternToken_019,Category_T,S117|S120|S007
IT03690,TopicToken_03690 ProcessToken_134 PatternToken_003,Category_B,S230|S017|S145|S155
IT03691,TopicToken_03691 ProcessToken_162 PatternToken_095,Category_H,S003|S090
IT03692,TopicToken_03692 ProcessToken_139 PatternToken_050,Category_K,S093|S228|S069|S111|S013
IT03693,TopicToken_03693 ProcessToken_010 PatternToken_069,Category_G,S183|S172|S039
IT03694,TopicToken_03694 ProcessToken_169 PatternToken_098,Category_S,S189|S094
IT03695,TopicToken_03695 ProcessToken_192 PatternToken_079,Category_F,S060|S110|S082|S109
IT03696,TopicToken_03696 ProcessToken_155 PatternToken_073,Category_A,S039|S127
IT03697,TopicToken_03697 ProcessToken_195 PatternToken_056,Category_J,S091|S010|S076|S031
IT03698,TopicToken_03698 ProcessToken_159 PatternToken_087,Category_O,S172|S223|S175|S106
IT03699,TopicToken_03699 ProcessToken_019 PatternToken_095,Category_G,S003|S146|S203|S109
IT03700,TopicToken_03700 ProcessToken_132 PatternToken_048,Category_T,S184|S198
IT03701,TopicToken_03701 ProcessToken_163 PatternToken_064,Category_B,S160|S139|S137|S032
IT03702,TopicToken_03702 ProcessToken_037 PatternToken_098,Category_G,S228|S174
IT03703,TopicToken_03703 ProcessToken_119 PatternToken_080,Category_J,S114|S191
IT03704,TopicToken_03704 ProcessToken_043 PatternToken_048,Category_A,S133|S157|S221
IT03705,TopicToken_03705 ProcessToken_074 PatternToken_074,Category_B,S196|S005|S106
IT03706,TopicToken_03706 ProcessToken_197 PatternToken_081,Category_E,S178|S238
IT03707,TopicToken_03707 ProcessToken_018 PatternToken_054,Category_R,S120|S042|S222|S061
IT03708,TopicToken_03708 ProcessToken_144 PatternToken_056,Category_N,S237|S119|S142|S209|S070
IT03709,TopicToken_03709 ProcessToken_110 PatternToken_058,Category_S,S127|S007|S144|S232
IT03710,TopicToken_03710 ProcessToken_196 PatternToken_088,Category_Q,S054|S046|S216|S028
IT03711,TopicToken_03711 ProcessToken_072 PatternToken_021,Category_A,S147|S023|S185
IT03712,TopicToken_03712 ProcessToken_171 PatternToken_083,Category_B,S015|S137|S017|S114|S036
IT03713,TopicToken_03713 ProcessToken_056 PatternToken_061,Category_S,S142|S130|S056|S071
IT03714,TopicToken_03714 ProcessToken_146 PatternToken_018,Category_N,S029|S083|S112
IT03715,TopicToken_03715 ProcessToken_088 PatternToken_073,Category_C,S141|S158|S223|S017|S036
IT03716,TopicToken_03716 ProcessToken_146 PatternToken_055,Category_C,S121|S025
IT03717,TopicToken_03717 ProcessToken_007 PatternToken_042,Category_G,S106|S093
IT03718,TopicToken_03718 ProcessToken_069 PatternToken_065,Category_T,S011|S207|S031|S167
IT03719,TopicToken_03719 ProcessToken_148 PatternToken_013,Category_D,S150|S036|S166
IT03720,TopicToken_03720 ProcessToken_005 PatternToken_023,Category_C,S056|S038
IT03721,TopicToken_03721 ProcessToken_003 PatternToken_099,Category_F,S157|S050
IT03722,TopicToken_03722 ProcessToken_077 PatternToken_036,Category_J,S076|S097|S066
IT03723,TopicToken_03723 ProcessToken_021 PatternToken_004,Category_S,S206|S074
IT03724,TopicToken_03724 ProcessToken_168 PatternToken_073,Category_R,S045|S218|S205|S086
IT03725,TopicToken_03725 ProcessToken_044 PatternToken_048,Category_T,S191|S026|S171|S025|S197
IT03726,TopicToken_03726 ProcessToken_147 PatternToken_064,Category_K,S205|S173|S001
IT03727,TopicToken_03727 ProcessToken_159 PatternToken_039,Category_P,S228|S203
IT03728,TopicToken_03728 ProcessToken_018 PatternToken_059,Category_G,S145|S240
IT03729,TopicToken_03729 ProcessToken_098 PatternToken_069,Category_C,S113|S199|S002
IT03730,TopicToken_03730 ProcessToken_093 PatternToken_068,Category_P,S064|S115|S191
IT03731,TopicToken_03731 ProcessToken_157 PatternToken_090,Category_Q,S083|S079|S018|S211|S236
IT03732,TopicToken_03732 ProcessToken_070 PatternToken_006,Category_C,S042|S070|S013|S203
IT03733,TopicToken_03733 ProcessToken_101 PatternToken_064,Category_R,S134|S027|S097|S234|S137
IT03734,TopicToken_03734 ProcessToken_099 PatternToken_021,Category_B,S222|S079|S111|S239
IT03735,TopicToken_03735 ProcessToken_168 PatternToken_064,Category_E,S030|S019|S079
IT03736,TopicToken_03736 ProcessToken_029 PatternToken_041,Category_C,S031|S071
IT03737,TopicToken_03737 ProcessToken_127 PatternToken_058,Category_G,S104|S201|S056
IT03738,TopicToken_03738 ProcessToken_046 PatternToken_065,Category_H,S068|S176|S168|S236|S026
IT03739,TopicToken_03739 ProcessToken_179 PatternToken_091,Category_S,S139|S001|S091
IT03740,TopicToken_03740 ProcessToken_010 PatternToken_089,Category_H,S147|S070|S235|S165|S141
IT03741,TopicToken_03741 ProcessToken_191 PatternToken_065,Category_T,S117|S061|S143
IT03742,TopicToken_03742 ProcessToken_026 PatternToken_024,Category_L,S181|S077|S003|S075
IT03743,TopicToken_03743 ProcessToken_176 PatternToken_026,Category_S,S122|S074
IT03744,TopicToken_03744 ProcessToken_172 PatternToken_074,Category_S,S158|S012|S123
IT03745,TopicToken_03745 ProcessToken_160 PatternToken_036,Category_N,S026|S164|S097|S188|S031
IT03746,TopicToken_03746 ProcessToken_087 PatternToken_095,Category_G,S070|S123|S125|S174
IT03747,TopicToken_03747 ProcessToken_029 PatternToken_043,Category_J,S135|S089|S011|S024|S025
IT03748,TopicToken_03748 ProcessToken_122 PatternToken_021,Category_Q,S170|S160|S044
IT03749,TopicToken_03749 ProcessToken_167 PatternToken_013,Category_T,S067|S190|S177
IT03750,TopicToken_03750 ProcessToken_026 PatternToken_092,Category_F,S050|S156|S167|S199|S084
IT03751,TopicToken_03751 ProcessToken_110 PatternToken_071,Category_I,S091|S060|S225
IT03752,TopicToken_03752 ProcessToken_117 PatternToken_011,Category_P,S071|S098|S025
IT03753,TopicToken_03753 ProcessToken_175 PatternToken_040,Category_F,S040|S076|S240|S191
IT03754,TopicToken_03754 ProcessToken_183 PatternToken_014,Category_F,S039|S150|S091|S063
IT03755,TopicToken_03755 ProcessToken_030 PatternToken_078,Category_T,S125|S012
IT03756,TopicToken_03756 ProcessToken_181 PatternToken_038,Category_J,S075|S038
IT03757,TopicToken_03757 ProcessToken_048 PatternToken_065,Category_O,S129|S064|S225|S174|S224
IT03758,TopicToken_03758 ProcessToken_010 PatternToken_080,Category_A,S090|S190|S122|S239
IT03759,TopicToken_03759 ProcessToken_096 PatternToken_036,Category_G,S143|S099|S161
IT03760,TopicToken_03760 ProcessToken_086 PatternToken_018,Category_O,S065|S150|S231|S103|S157
IT03761,TopicToken_03761 ProcessToken_100 PatternToken_081,Category_H,S196|S064
IT03762,TopicToken_03762 ProcessToken_014 PatternToken_089,Category_E,S133|S179
IT03763,TopicToken_03763 ProcessToken_090 PatternToken_012,Category_I,S035|S178|S213
IT03764,TopicToken_03764 ProcessToken_189 PatternToken_031,Category_R,S013|S158|S090|S198
IT03765,TopicToken_03765 ProcessToken_102 PatternToken_047,Category_M,S137|S004|S080|S033|S131
IT03766,TopicToken_03766 ProcessToken_077 PatternToken_004,Category_M,S226|S022|S029
IT03767,TopicToken_03767 ProcessToken_110 PatternToken_037,Category_N,S082|S091|S239|S027|S235
IT03768,TopicToken_03768 ProcessToken_032 PatternToken_056,Category_O,S177|S132|S014
IT03769,TopicToken_03769 ProcessToken_082 PatternToken_079,Category_A,S138|S177|S150|S058|S077
IT03770,TopicToken_03770 ProcessToken_194 PatternToken_070,Category_S,S006|S216|S011|S159
IT03771,TopicToken_03771 ProcessToken_169 PatternToken_066,Category_D,S003|S221|S113
IT03772,TopicToken_03772 ProcessToken_119 PatternToken_021,Category_R,S045|S097
IT03773,TopicToken_03773 ProcessToken_067 PatternToken_090,Category_P,S136|S093|S225|S091|S198
IT03774,TopicToken_03774 ProcessToken_174 PatternToken_089,Category_T,S120|S123
IT03775,TopicToken_03775 ProcessToken_077 PatternToken_039,Category_G,S065|S220|S051
IT03776,TopicToken_03776 ProcessToken_060 PatternToken_067,Category_Q,S043|S103|S158|S036
IT03777,TopicToken_03777 ProcessToken_048 PatternToken_046,Category_A,S214|S080|S158|S182
IT03778,TopicToken_03778 ProcessToken_173 PatternToken_024,Category_I,S064|S186|S209
IT03779,TopicToken_03779 ProcessToken_088 PatternToken_048,Category_G,S222|S157|S102
IT03780,TopicToken_03780 ProcessToken_010 PatternToken_092,Category_N,S022|S154
IT03781,TopicToken_03781 ProcessToken_124 PatternToken_026,Category_D,S069|S036|S050
IT03782,TopicToken_03782 ProcessToken_051 PatternToken_020,Category_O,S170|S067|S092|S192|S113
IT03783,TopicToken_03783 ProcessToken_019 PatternToken_039,Category_G,S122|S234|S118|S051
IT03784,TopicToken_03784 ProcessToken_016 PatternToken_031,Category_A,S078|S129|S165|S171
IT03785,TopicToken_03785 ProcessToken_011 PatternToken_066,Category_A,S128|S210
IT03786,TopicToken_03786 ProcessToken_134 PatternToken_038,Category_Q,S211|S089
IT03787,TopicToken_03787 ProcessToken_195 PatternToken_011,Category_O,S042|S076
IT03788,TopicToken_03788 ProcessToken_169 PatternToken_070,Category_N,S173|S220|S028
IT03789,TopicToken_03789 ProcessToken_178 PatternToken_025,Category_C,S226|S017|S144|S092|S154
IT03790,TopicToken_03790 ProcessToken_039 PatternToken_035,Category_M,S032|S105|S113
IT03791,TopicToken_03791 ProcessToken_055 PatternToken_067,Category_L,S167|S108
IT03792,TopicToken_03792 ProcessToken_098 PatternToken_084,Category_M,S012|S072
IT03793,TopicToken_03793 ProcessToken_005 PatternToken_016,Category_H,S230|S189|S211
IT03794,TopicToken_03794 ProcessToken_011 PatternToken_009,Category_G,S139|S166
IT03795,TopicToken_03795 ProcessToken_124 PatternToken_069,Category_S,S072|S038|S053|S025
IT03796,TopicToken_03796 ProcessToken_183 PatternToken_092,Category_N,S117|S035|S118
IT03797,TopicToken_03797 ProcessToken_160 PatternToken_066,Category_N,S219|S029
IT03798,TopicToken_03798 ProcessToken_133 PatternToken_088,Category_D,S230|S152|S178
IT03799,TopicToken_03799 ProcessToken_163 PatternToken_009,Category_F,S177|S104|S149|S005
IT03800,TopicToken_03800 ProcessToken_022 PatternToken_073,Category_F,S200|S194
IT03801,TopicToken_03801 ProcessToken_043 PatternToken_038,Category_G,S027|S235
IT03802,TopicToken_03802 ProcessToken_016 PatternToken_074,Category_T,S235|S029|S107|S044|S015
IT03803,TopicToken_03803 ProcessToken_168 PatternToken_092,Category_E,S121|S167|S203|S193|S033
IT03804,TopicToken_03804 ProcessToken_148 PatternToken_048,Category_T,S141|S036|S125|S137
IT03805,TopicToken_03805 ProcessToken_151 PatternToken_013,Category_P,S005|S228
IT03806,TopicToken_03806 ProcessToken_088 PatternToken_065,Category_O,S203|S003|S095
IT03807,TopicToken_03807 ProcessToken_036 PatternToken_098,Category_H,S162|S013
IT03808,TopicToken_03808 ProcessToken_162 PatternToken_020,Category_E,S028|S138|S119|S045|S126
IT03809,TopicToken_03809 ProcessToken_025 PatternToken_033,Category_A,S031|S235|S180|S042|S201
IT03810,TopicToken_03810 ProcessToken_119 PatternToken_052,Category_K,S141|S142
IT03811,TopicToken_03811 ProcessToken_128 PatternToken_022,Category_A,S146|S017|S148
IT03812,TopicToken_03812 ProcessToken_142 PatternToken_035,Category_F,S209|S103
IT03813,TopicToken_03813 ProcessToken_182 PatternToken_069,Category_H,S006|S207|S033|S151
IT03814,TopicToken_03814 ProcessToken_113 PatternToken_036,Category_Q,S121|S032
IT03815,TopicToken_03815 ProcessToken_192 PatternToken_014,Category_O,S074|S236|S097|S230
IT03816,TopicToken_03816 ProcessToken_167 PatternToken_037,Category_E,S072|S008|S199|S238
IT03817,TopicToken_03817 ProcessToken_070 PatternToken_067,Category_M,S210|S057
IT03818,TopicToken_03818 ProcessToken_013 PatternToken_081,Category_M,S237|S071|S143|S096
IT03819,TopicToken_03819 ProcessToken_004 PatternToken_065,Category_O,S016|S040|S104|S037
IT03820,TopicToken_03820 ProcessToken_010 PatternToken_099,Category_C,S038|S137|S123|S204
IT03821,TopicToken_03821 ProcessToken_196 PatternToken_033,Category_G,S058|S009
IT03822,TopicToken_03822 ProcessToken_020 PatternToken_027,Category_T,S173|S193
IT03823,TopicToken_03823 ProcessToken_177 PatternToken_093,Category_A,S176|S006|S007|S116
IT03824,TopicToken_03824 ProcessToken_019 PatternToken_011,Category_O,S087|S164|S011|S008|S023
IT03825,TopicToken_03825 ProcessToken_075 PatternToken_013,Category_H,S130|S068|S013|S021|S098
IT03826,TopicToken_03826 ProcessToken_170 PatternToken_025,Category_Q,S112|S125|S038|S055
IT03827,TopicToken_03827 ProcessToken_140 PatternToken_029,Category_T,S072|S014
IT03828,TopicToken_03828 ProcessToken_169 PatternToken_019,Category_S,S125|S167|S112|S176|S209
IT03829,TopicToken_03829 ProcessToken_007 PatternToken_016,Category_J,S128|S113
IT03830,TopicToken_03830 ProcessToken_080 PatternToken_024,Category_E,S035|S088|S041|S131|S020
IT03831,TopicToken_03831 ProcessToken_024 PatternToken_051,Category_F,S224|S200|S104|S229|S122
IT03832,TopicToken_03832 ProcessToken_128 PatternToken_064,Category_Q,S014|S225|S009
IT03833,TopicToken_03833 ProcessToken_178 PatternToken_088,Category_G,S206|S011|S018
IT03834,TopicToken_03834 ProcessToken_193 PatternToken_079,Category_P,S174|S043|S002|S015|S121
IT03835,TopicToken_03835 ProcessToken_059 PatternToken_019,Category_E,S077|S063|S086|S235
IT03836,TopicToken_03836 ProcessToken_188 PatternToken_088,Category_T,S188|S034|S135|S056
IT03837,TopicToken_03837 ProcessToken_040 PatternToken_034,Category_B,S195|S153|S091
IT03838,TopicToken_03838 ProcessToken_104 PatternToken_007,Category_O,S150|S192
IT03839,TopicToken_03839 ProcessToken_132 PatternToken_009,Category_C,S028|S014|S140|S091|S024
IT03840,TopicToken_03840 ProcessToken_099 PatternToken_018,Category_A,S053|S095
IT03841,TopicToken_03841 ProcessToken_094 PatternToken_034,Category_O,S051|S091
IT03842,TopicToken_03842 ProcessToken_054 PatternToken_088,Category_R,S185|S236|S126
IT03843,TopicToken_03843 ProcessToken_084 PatternToken_047,Category_R,S114|S153
IT03844,TopicToken_03844 ProcessToken_030 PatternToken_071,Category_M,S066|S240|S050|S059|S104
IT03845,TopicToken_03845 ProcessToken_114 PatternToken_013,Category_L,S082|S054|S067
IT03846,TopicToken_03846 ProcessToken_140 PatternToken_053,Category_K,S056|S112|S101|S197|S211
IT03847,TopicToken_03847 ProcessToken_169 PatternToken_046,Category_A,S187|S031|S194|S078|S151
IT03848,TopicToken_03848 ProcessToken_006 PatternToken_009,Category_B,S026|S011
IT03849,TopicToken_03849 ProcessToken_063 PatternToken_097,Category_A,S148|S067|S121|S027|S218
IT03850,TopicToken_03850 ProcessToken_039 PatternToken_073,Category_B,S197|S035
IT03851,TopicToken_03851 ProcessToken_083 PatternToken_048,Category_D,S068|S072|S129|S200|S227
IT03852,TopicToken_03852 ProcessToken_064 PatternToken_056,Category_I,S154|S207
IT03853,TopicToken_03853 ProcessToken_118 PatternToken_055,Category_A,S216|S223|S123|S232
IT03854,TopicToken_03854 ProcessToken_002 PatternToken_001,Category_D,S047|S136
IT03855,TopicToken_03855 ProcessToken_186 PatternToken_032,Category_I,S121|S086|S199|S176|S193
IT03856,TopicToken_03856 ProcessToken_125 PatternToken_053,Category_P,S236|S070|S216|S187
IT03857,TopicToken_03857 ProcessToken_116 PatternToken_084,Category_P,S165|S011|S044|S103
IT03858,TopicToken_03858 ProcessToken_130 PatternToken_028,Category_G,S236|S196|S113|S203|S068
IT03859,TopicToken_03859 ProcessToken_191 PatternToken_010,Category_S,S097|S083|S080|S204
IT03860,TopicToken_03860 ProcessToken_029 PatternToken_003,Category_E,S083|S003|S191|S108
IT03861,TopicToken_03861 ProcessToken_188 PatternToken_023,Category_A,S165|S209
IT03862,TopicToken_03862 ProcessToken_036 PatternToken_056,Category_H,S229|S195|S219|S060
IT03863,TopicToken_03863 ProcessToken_030 PatternToken_056,Category_N,S237|S159
IT03864,TopicToken_03864 ProcessToken_041 PatternToken_069,Category_H,S074|S080
IT03865,TopicToken_03865 ProcessToken_084 PatternToken_065,Category_L,S003|S234|S038|S031
IT03866,TopicToken_03866 ProcessToken_031 PatternToken_038,Category_D,S103|S182|S110|S082|S181
IT03867,TopicToken_03867 ProcessToken_199 PatternToken_025,Category_Q,S173|S079
IT03868,TopicToken_03868 ProcessToken_176 PatternToken_043,Category_J,S154|S026|S038|S203
IT03869,TopicToken_03869 ProcessToken_038 PatternToken_092,Category_Q,S090|S153|S207|S091|S046
IT03870,TopicToken_03870 ProcessToken_076 PatternToken_051,Category_O,S238|S145|S152|S211|S017
IT03871,TopicToken_03871 ProcessToken_115 PatternToken_091,Category_P,S191|S088|S201
IT03872,TopicToken_03872 ProcessToken_193 PatternToken_055,Category_Q,S108|S041|S187
IT03873,TopicToken_03873 ProcessToken_028 PatternToken_006,Category_H,S038|S086|S141|S161
IT03874,TopicToken_03874 ProcessToken_048 PatternToken_015,Category_H,S206|S207|S226|S016|S014
IT03875,TopicToken_03875 ProcessToken_119 PatternToken_018,Category_E,S076|S136
IT03876,TopicToken_03876 ProcessToken_194 PatternToken_092,Category_J,S013|S043|S146|S200
IT03877,TopicToken_03877 ProcessToken_131 PatternToken_023,Category_L,S219|S159|S088
IT03878,TopicToken_03878 ProcessToken_081 PatternToken_059,Category_L,S157|S205
IT03879,TopicToken_03879 ProcessToken_003 PatternToken_086,Category_C,S011|S045
IT03880,TopicToken_03880 ProcessToken_036 PatternToken_011,Category_D,S123|S090|S086
IT03881,TopicToken_03881 ProcessToken_149 PatternToken_049,Category_A,S049|S220|S121|S068|S044
IT03882,TopicToken_03882 ProcessToken_083 PatternToken_067,Category_M,S101|S105|S087|S183|S151
IT03883,TopicToken_03883 ProcessToken_065 PatternToken_007,Category_G,S005|S110|S111
IT03884,TopicToken_03884 ProcessToken_188 PatternToken_040,Category_F,S238|S154|S218|S121
IT03885,TopicToken_03885 ProcessToken_095 PatternToken_069,Category_J,S195|S003|S100|S115
IT03886,TopicToken_03886 ProcessToken_191 PatternToken_098,Category_B,S200|S185|S023|S216|S155
IT03887,TopicToken_03887 ProcessToken_189 PatternToken_030,Category_T,S132|S057|S128|S145|S207
IT03888,TopicToken_03888 ProcessToken_101 PatternToken_090,Category_J,S065|S213
IT03889,TopicToken_03889 ProcessToken_036 PatternToken_065,Category_J,S160|S147|S098
IT03890,TopicToken_03890 ProcessToken_022 PatternToken_050,Category_S,S094|S145|S040|S184|S231
IT03891,TopicToken_03891 ProcessToken_033 PatternToken_042,Category_G,S129|S026|S085|S022|S212
IT03892,TopicToken_03892 ProcessToken_095 PatternToken_074,Category_G,S086|S111|S078
IT03893,TopicToken_03893 ProcessToken_108 PatternToken_070,Category_R,S089|S133|S092|S213|S028
IT03894,TopicToken_03894 ProcessToken_011 PatternToken_009,Category_T,S109|S240
IT03895,TopicToken_03895 ProcessToken_118 PatternToken_050,Category_D,S028|S089
IT03896,TopicToken_03896 ProcessToken_194 PatternToken_055,Category_K,S179|S078|S097
IT03897,TopicToken_03897 ProcessToken_035 PatternToken_049,Category_C,S147|S052|S152|S070|S089
IT03898,TopicToken_03898 ProcessToken_121 PatternToken_071,Category_Q,S053|S070|S210|S021
IT03899,TopicToken_03899 ProcessToken_130 PatternToken_085,Category_R,S176|S121
IT03900,TopicToken_03900 ProcessToken_055 PatternToken_050,Category_J,S127|S058|S130|S047|S211
IT03901,TopicToken_03901 ProcessToken_044 PatternToken_092,Category_A,S015|S231|S220|S149
IT03902,TopicToken_03902 ProcessToken_019 PatternToken_055,Category_S,S151|S146
IT03903,TopicToken_03903 ProcessToken_190 PatternToken_011,Category_S,S078|S004|S010|S091
IT03904,TopicToken_03904 ProcessToken_094 PatternToken_080,Category_D,S019|S029|S166|S081
IT03905,TopicToken_03905 ProcessToken_004 PatternToken_056,Category_F,S126|S185|S046|S130|S145
IT03906,TopicToken_03906 ProcessToken_160 PatternToken_057,Category_A,S056|S128
IT03907,TopicToken_03907 ProcessToken_147 PatternToken_041,Category_M,S041|S157|S086
IT03908,TopicToken_03908 ProcessToken_082 PatternToken_057,Category_S,S194|S232|S014|S035|S009
IT03909,TopicToken_03909 ProcessToken_187 PatternToken_091,Category_N,S220|S134|S001
IT03910,TopicToken_03910 ProcessToken_107 PatternToken_004,Category_A,S125|S192
IT03911,TopicToken_03911 ProcessToken_170 PatternToken_080,Category_H,S188|S002
IT03912,TopicToken_03912 ProcessToken_193 PatternToken_059,Category_M,S216|S053
IT03913,TopicToken_03913 ProcessToken_006 PatternToken_054,Category_B,S077|S093|S216|S004
IT03914,TopicToken_03914 ProcessToken_131 PatternToken_085,Category_O,S016|S025|S171|S178|S215
IT03915,TopicToken_03915 ProcessToken_005 PatternToken_098,Category_A,S208|S169
IT03916,TopicToken_03916 ProcessToken_083 PatternToken_058,Category_J,S206|S223
IT03917,TopicToken_03917 ProcessToken_084 PatternToken_034,Category_N,S146|S093|S199|S211|S029
IT03918,TopicToken_03918 ProcessToken_113 PatternToken_070,Category_T,S105|S223|S071|S180
IT03919,TopicToken_03919 ProcessToken_018 PatternToken_048,Category_G,S062|S026
IT03920,TopicToken_03920 ProcessToken_083 PatternToken_081,Category_I,S166|S205|S124|S216
IT03921,TopicToken_03921 ProcessToken_172 PatternToken_026,Category_P,S054|S200|S212|S065|S111
IT03922,TopicToken_03922 ProcessToken_124 PatternToken_083,Category_A,S140|S216
IT03923,TopicToken_03923 ProcessToken_094 PatternToken_077,Category_I,S029|S060|S012|S223|S119
IT03924,TopicToken_03924 ProcessToken_036 PatternToken_058,Category_J,S196|S143|S219|S165
IT03925,TopicToken_03925 ProcessToken_041 PatternToken_082,Category_D,S162|S219|S015
IT03926,TopicToken_03926 ProcessToken_160 PatternToken_008,Category_O,S212|S102|S203|S215
IT03927,TopicToken_03927 ProcessToken_105 PatternToken_070,Category_O,S205|S072
IT03928,TopicToken_03928 ProcessToken_036 PatternToken_100,Category_O,S124|S150
IT03929,TopicToken_03929 ProcessToken_138 PatternToken_072,Category_B,S159|S227|S138|S023
IT03930,TopicToken_03930 ProcessToken_004 PatternToken_039,Category_A,S082|S004|S070|S102
IT03931,TopicToken_03931 ProcessToken_054 PatternToken_092,Category_N,S152|S204
IT03932,TopicToken_03932 ProcessToken_197 PatternToken_052,Category_C,S048|S129|S073|S198|S218
IT03933,TopicToken_03933 ProcessToken_032 PatternToken_020,Category_I,S186|S220
IT03934,TopicToken_03934 ProcessToken_141 PatternToken_094,Category_B,S235|S071
IT03935,TopicToken_03935 ProcessToken_186 PatternToken_090,Category_I,S096|S093|S195
IT03936,TopicToken_03936 ProcessToken_124 PatternToken_038,Category_F,S072|S120|S063|S157
IT03937,TopicToken_03937 ProcessToken_010 PatternToken_062,Category_R,S020|S170|S019|S130|S063
IT03938,TopicToken_03938 ProcessToken_010 PatternToken_011,Category_S,S142|S199|S174|S048
IT03939,TopicToken_03939 ProcessToken_070 PatternToken_009,Category_H,S068|S037|S046|S211
IT03940,TopicToken_03940 ProcessToken_012 PatternToken_003,Category_M,S083|S126|S009|S101
IT03941,TopicToken_03941 ProcessToken_105 PatternToken_056,Category_I,S047|S006
IT03942,TopicToken_03942 ProcessToken_047 PatternToken_061,Category_P,S227|S104|S224|S127|S143
IT03943,TopicToken_03943 ProcessToken_180 PatternToken_064,Category_K,S039|S035
IT03944,TopicToken_03944 ProcessToken_191 PatternToken_010,Category_N,S051|S045|S012|S159|S090
IT03945,TopicToken_03945 ProcessToken_096 PatternToken_055,Category_S,S190|S209|S108|S154|S073
IT03946,TopicToken_03946 ProcessToken_163 PatternToken_086,Category_J,S133|S126|S169
IT03947,TopicToken_03947 ProcessToken_174 PatternToken_048,Category_M,S154|S086|S190|S096|S055
IT03948,TopicToken_03948 ProcessToken_093 PatternToken_006,Category_O,S153|S003|S220
IT03949,TopicToken_03949 ProcessToken_180 PatternToken_011,Category_O,S190|S129|S091|S057
IT03950,TopicToken_03950 ProcessToken_173 PatternToken_060,Category_T,S084|S043|S218|S106
IT03951,TopicToken_03951 ProcessToken_062 PatternToken_056,Category_C,S198|S119|S062|S137|S232
IT03952,TopicToken_03952 ProcessToken_046 PatternToken_089,Category_P,S010|S177|S067|S006
IT03953,TopicToken_03953 ProcessToken_087 PatternToken_018,Category_P,S077|S100
IT03954,TopicToken_03954 ProcessToken_126 PatternToken_059,Category_N,S143|S056|S099|S121
IT03955,TopicToken_03955 ProcessToken_108 PatternToken_063,Category_I,S052|S208|S011|S235
IT03956,TopicToken_03956 ProcessToken_001 PatternToken_017,Category_I,S015|S238|S240|S070
IT03957,TopicToken_03957 ProcessToken_093 PatternToken_005,Category_J,S093|S094|S110
IT03958,TopicToken_03958 ProcessToken_131 PatternToken_075,Category_O,S041|S193
IT03959,TopicToken_03959 ProcessToken_015 PatternToken_060,Category_Q,S092|S181|S213
IT03960,TopicToken_03960 ProcessToken_183 PatternToken_063,Category_P,S081|S150|S044|S170|S040
IT03961,TopicToken_03961 ProcessToken_082 PatternToken_070,Category_D,S183|S138|S200|S156
IT03962,TopicToken_03962 ProcessToken_042 PatternToken_021,Category_P,S133|S179|S093|S104
IT03963,TopicToken_03963 ProcessToken_181 PatternToken_083,Category_Q,S116|S096
IT03964,TopicToken_03964 ProcessToken_103 PatternToken_056,Category_R,S146|S108|S133
IT03965,TopicToken_03965 ProcessToken_071 PatternToken_012,Category_C,S121|S227|S204
IT03966,TopicToken_03966 ProcessToken_037 PatternToken_023,Category_T,S056|S062|S196|S036
IT03967,TopicToken_03967 ProcessToken_086 PatternToken_083,Category_J,S091|S044
IT03968,TopicToken_03968 ProcessToken_100 PatternToken_007,Category_M,S193|S017|S024|S158
IT03969,TopicToken_03969 ProcessToken_126 PatternToken_098,Category_L,S136|S159
IT03970,TopicToken_03970 ProcessToken_174 PatternToken_044,Category_A,S092|S118|S235|S124|S103
IT03971,TopicToken_03971 ProcessToken_179 PatternToken_032,Category_E,S189|S088|S015|S216|S023
IT03972,TopicToken_03972 ProcessToken_088 PatternToken_032,Category_O,S179|S103|S196|S087
IT03973,TopicToken_03973 ProcessToken_077 PatternToken_043,Category_D,S011|S034
IT03974,TopicToken_03974 ProcessToken_054 PatternToken_004,Category_M,S127|S070|S053
IT03975,TopicToken_03975 ProcessToken_181 PatternToken_003,Category_A,S029|S209|S140
IT03976,TopicToken_03976 ProcessToken_067 PatternToken_096,Category_N,S125|S219|S130
IT03977,TopicToken_03977 ProcessToken_124 PatternToken_077,Category_M,S093|S076|S020|S099|S037
IT03978,TopicToken_03978 ProcessToken_128 PatternToken_023,Category_A,S228|S156|S092|S200
IT03979,TopicToken_03979 ProcessToken_082 PatternToken_002,Category_I,S180|S157
IT03980,TopicToken_03980 ProcessToken_058 PatternToken_028,Category_I,S180|S218|S111
IT03981,TopicToken_03981 ProcessToken_056 PatternToken_091,Category_S,S167|S119
IT03982,TopicToken_03982 ProcessToken_121 PatternToken_086,Category_R,S130|S009|S074
IT03983,TopicToken_03983 ProcessToken_016 PatternToken_042,Category_I,S060|S034|S080
IT03984,TopicToken_03984 ProcessToken_121 PatternToken_080,Category_Q,S088|S056
IT03985,TopicToken_03985 ProcessToken_136 PatternToken_046,Category_J,S014|S013|S207
IT03986,TopicToken_03986 ProcessToken_052 PatternToken_022,Category_S,S094|S087
IT03987,TopicToken_03987 ProcessToken_158 PatternToken_054,Category_G,S124|S127|S128|S184
IT03988,TopicToken_03988 ProcessToken_187 PatternToken_046,Category_G,S091|S023|S100|S221
IT03989,TopicToken_03989 ProcessToken_098 PatternToken_025,Category_E,S091|S114
IT03990,TopicToken_03990 ProcessToken_116 PatternToken_064,Category_S,S043|S122|S109
IT03991,TopicToken_03991 ProcessToken_122 PatternToken_066,Category_D,S149|S045|S007|S087
IT03992,TopicToken_03992 ProcessToken_140 PatternToken_079,Category_H,S235|S106|S072|S162|S158
IT03993,TopicToken_03993 ProcessToken_141 PatternToken_035,Category_Q,S026|S018|S111
IT03994,TopicToken_03994 ProcessToken_163 PatternToken_003,Category_P,S201|S227
IT03995,TopicToken_03995 ProcessToken_117 PatternToken_018,Category_E,S005|S168
IT03996,TopicToken_03996 ProcessToken_171 PatternToken_051,Category_Q,S167|S011
IT03997,TopicToken_03997 ProcessToken_121 PatternToken_020,Category_J,S042|S067|S085|S003
IT03998,TopicToken_03998 ProcessToken_028 PatternToken_015,Category_R,S170|S011|S091|S080|S073
IT03999,TopicToken_03999 ProcessToken_065 PatternToken_024,Category_B,S212|S017|S094|S103
IT04000,TopicToken_04000 ProcessToken_122 PatternToken_019,Category_G,S037|S131
IT04001,TopicToken_04001 ProcessToken_155 PatternToken_095,Category_F,S222|S235|S161|S186
IT04002,TopicToken_04002 ProcessToken_187 PatternToken_061,Category_K,S191|S207
IT04003,TopicToken_04003 ProcessToken_053 PatternToken_043,Category_M,S151|S115
IT04004,TopicToken_04004 ProcessToken_011 PatternToken_082,Category_J,S215|S046|S190|S017|S189
IT04005,TopicToken_04005 ProcessToken_113 PatternToken_055,Category_E,S030|S063
IT04006,TopicToken_04006 ProcessToken_141 PatternToken_058,Category_M,S081|S074|S152|S201|S186
IT04007,TopicToken_04007 ProcessToken_067 PatternToken_034,Category_Q,S003|S062
IT04008,TopicToken_04008 ProcessToken_148 PatternToken_014,Category_L,S088|S173
IT04009,TopicToken_04009 ProcessToken_057 PatternToken_049,Category_E,S062|S021
IT04010,TopicToken_04010 ProcessToken_063 PatternToken_065,Category_I,S079|S233
IT04011,TopicToken_04011 ProcessToken_138 PatternToken_060,Category_L,S012|S175|S089|S131
IT04012,TopicToken_04012 ProcessToken_066 PatternToken_051,Category_C,S004|S213|S103|S005|S136
IT04013,TopicToken_04013 ProcessToken_053 PatternToken_036,Category_A,S209|S065|S054|S120|S170
IT04014,TopicToken_04014 ProcessToken_090 PatternToken_013,Category_I,S045|S092|S109
IT04015,TopicToken_04015 ProcessToken_126 PatternToken_041,Category_I,S180|S227
IT04016,TopicToken_04016 ProcessToken_030 PatternToken_065,Category_A,S069|S121|S024|S138
IT04017,TopicToken_04017 ProcessToken_017 PatternToken_030,Category_M,S222|S126|S018|S043
IT04018,TopicToken_04018 ProcessToken_196 PatternToken_065,Category_O,S169|S109|S087|S096|S218
IT04019,TopicToken_04019 ProcessToken_006 PatternToken_092,Category_C,S072|S204|S230|S085
IT04020,TopicToken_04020 ProcessToken_192 PatternToken_058,Category_G,S205|S151
IT04021,TopicToken_04021 ProcessToken_194 PatternToken_040,Category_N,S223|S198|S240|S074
IT04022,TopicToken_04022 ProcessToken_068 PatternToken_057,Category_M,S185|S158
IT04023,TopicToken_04023 ProcessToken_052 PatternToken_014,Category_M,S069|S051|S024|S056
IT04024,TopicToken_04024 ProcessToken_037 PatternToken_034,Category_T,S171|S111|S205
IT04025,TopicToken_04025 ProcessToken_174 PatternToken_094,Category_N,S228|S082|S081
IT04026,TopicToken_04026 ProcessToken_063 PatternToken_070,Category_A,S218|S053|S045|S203|S155
IT04027,TopicToken_04027 ProcessToken_090 PatternToken_002,Category_A,S168|S199|S092
IT04028,TopicToken_04028 ProcessToken_161 PatternToken_078,Category_S,S181|S074
IT04029,TopicToken_04029 ProcessToken_077 PatternToken_015,Category_T,S130|S057
IT04030,TopicToken_04030 ProcessToken_049 PatternToken_041,Category_P,S175|S199
IT04031,TopicToken_04031 ProcessToken_156 PatternToken_076,Category_P,S029|S037|S089|S100|S058
IT04032,TopicToken_04032 ProcessToken_128 PatternToken_069,Category_H,S058|S166|S138|S216|S193
IT04033,TopicToken_04033 ProcessToken_004 PatternToken_091,Category_E,S119|S158|S082|S113
IT04034,TopicToken_04034 ProcessToken_138 PatternToken_040,Category_R,S220|S186
IT04035,TopicToken_04035 ProcessToken_180 PatternToken_015,Category_O,S085|S103|S041
IT04036,TopicToken_04036 ProcessToken_131 PatternToken_083,Category_A,S003|S035|S237|S047|S049
IT04037,TopicToken_04037 ProcessToken_182 PatternToken_066,Category_P,S204|S058|S187|S176|S009
IT04038,TopicToken_04038 ProcessToken_091 PatternToken_016,Category_Q,S161|S086
IT04039,TopicToken_04039 ProcessToken_144 PatternToken_041,Category_H,S125|S058|S171|S200|S139
IT04040,TopicToken_04040 ProcessToken_146 PatternToken_004,Category_D,S037|S105|S209|S149|S176
IT04041,TopicToken_04041 ProcessToken_104 PatternToken_071,Category_C,S085|S227
IT04042,TopicToken_04042 ProcessToken_188 PatternToken_096,Category_O,S028|S111|S060|S086
IT04043,TopicToken_04043 ProcessToken_162 PatternToken_027,Category_E,S199|S032|S212|S042|S055
IT04044,TopicToken_04044 ProcessToken_128 PatternToken_002,Category_K,S203|S095|S007|S213|S176
IT04045,TopicToken_04045 ProcessToken_076 PatternToken_047,Category_K,S078|S186
IT04046,TopicToken_04046 ProcessToken_123 PatternToken_086,Category_L,S074|S153|S028|S168|S012
IT04047,TopicToken_04047 ProcessToken_040 PatternToken_040,Category_D,S015|S199|S099|S145
IT04048,TopicToken_04048 ProcessToken_197 PatternToken_058,Category_I,S228|S229|S230|S069
IT04049,TopicToken_04049 ProcessToken_189 PatternToken_012,Category_H,S056|S129|S199|S183
IT04050,TopicToken_04050 ProcessToken_084 PatternToken_083,Category_Q,S172|S048|S074|S047|S199
IT04051,TopicToken_04051 ProcessToken_075 PatternToken_062,Category_Q,S035|S234
IT04052,TopicToken_04052 ProcessToken_196 PatternToken_084,Category_K,S041|S144
IT04053,TopicToken_04053 ProcessToken_188 PatternToken_090,Category_T,S123|S017|S238|S226
IT04054,TopicToken_04054 ProcessToken_021 PatternToken_066,Category_B,S037|S209|S166|S092|S097
IT04055,TopicToken_04055 ProcessToken_106 PatternToken_038,Category_C,S218|S089|S221
IT04056,TopicToken_04056 ProcessToken_170 PatternToken_099,Category_T,S069|S140
IT04057,TopicToken_04057 ProcessToken_110 PatternToken_043,Category_L,S020|S035|S124|S233
IT04058,TopicToken_04058 ProcessToken_107 PatternToken_066,Category_J,S181|S070|S151
IT04059,TopicToken_04059 ProcessToken_098 PatternToken_059,Category_N,S191|S133|S147|S092
IT04060,TopicToken_04060 ProcessToken_106 PatternToken_002,Category_J,S079|S238|S146
IT04061,TopicToken_04061 ProcessToken_071 PatternToken_073,Category_Q,S156|S081|S034
IT04062,TopicToken_04062 ProcessToken_132 PatternToken_039,Category_C,S185|S108|S107
IT04063,TopicToken_04063 ProcessToken_188 PatternToken_070,Category_B,S107|S047|S059
IT04064,TopicToken_04064 ProcessToken_127 PatternToken_016,Category_O,S095|S057|S139
IT04065,TopicToken_04065 ProcessToken_033 PatternToken_094,Category_L,S211|S042
IT04066,TopicToken_04066 ProcessToken_110 PatternToken_025,Category_Q,S233|S032|S114
IT04067,TopicToken_04067 ProcessToken_047 PatternToken_023,Category_G,S197|S052|S188|S125
IT04068,TopicToken_04068 ProcessToken_169 PatternToken_079,Category_I,S165|S186|S151|S075|S057
IT04069,TopicToken_04069 ProcessToken_073 PatternToken_085,Category_S,S077|S211|S019
IT04070,TopicToken_04070 ProcessToken_150 PatternToken_005,Category_C,S217|S214|S057|S234|S099
IT04071,TopicToken_04071 ProcessToken_091 PatternToken_074,Category_L,S063|S236|S190|S164
IT04072,TopicToken_04072 ProcessToken_042 PatternToken_077,Category_B,S170|S049|S148|S027
IT04073,TopicToken_04073 ProcessToken_191 PatternToken_040,Category_J,S178|S216|S202|S153|S184
IT04074,TopicToken_04074 ProcessToken_049 PatternToken_003,Category_N,S042|S016|S237|S014|S193
IT04075,TopicToken_04075 ProcessToken_070 PatternToken_065,Category_O,S075|S154
IT04076,TopicToken_04076 ProcessToken_071 PatternToken_060,Category_P,S140|S023|S014
IT04077,TopicToken_04077 ProcessToken_092 PatternToken_067,Category_T,S148|S237|S123|S034|S074
IT04078,TopicToken_04078 ProcessToken_162 PatternToken_026,Category_P,S152|S208|S130|S236|S023
IT04079,TopicToken_04079 ProcessToken_130 PatternToken_001,Category_I,S141|S004|S132|S114
IT04080,TopicToken_04080 ProcessToken_162 PatternToken_078,Category_H,S144|S232|S224|S180|S181
IT04081,TopicToken_04081 ProcessToken_083 PatternToken_026,Category_I,S119|S009|S038|S178
IT04082,TopicToken_04082 ProcessToken_009 PatternToken_063,Category_N,S182|S033|S067|S016|S104
IT04083,TopicToken_04083 ProcessToken_148 PatternToken_004,Category_T,S159|S116|S237
IT04084,TopicToken_04084 ProcessToken_081 PatternToken_070,Category_L,S041|S073|S031
IT04085,TopicToken_04085 ProcessToken_014 PatternToken_003,Category_C,S137|S036|S222|S147
IT04086,TopicToken_04086 ProcessToken_015 PatternToken_097,Category_G,S111|S136|S172|S238|S177
IT04087,TopicToken_04087 ProcessToken_008 PatternToken_062,Category_S,S186|S013
IT04088,TopicToken_04088 ProcessToken_114 PatternToken_044,Category_T,S186|S013|S160|S151|S032
IT04089,TopicToken_04089 ProcessToken_006 PatternToken_025,Category_K,S133|S083|S163
IT04090,TopicToken_04090 ProcessToken_029 PatternToken_089,Category_B,S226|S163|S052|S182|S014
IT04091,TopicToken_04091 ProcessToken_191 PatternToken_075,Category_L,S176|S179|S192|S041
IT04092,TopicToken_04092 ProcessToken_078 PatternToken_006,Category_F,S055|S218|S216|S065|S042
IT04093,TopicToken_04093 ProcessToken_174 PatternToken_073,Category_C,S185|S084|S140
IT04094,TopicToken_04094 ProcessToken_104 PatternToken_011,Category_T,S092|S168|S184
IT04095,TopicToken_04095 ProcessToken_113 PatternToken_001,Category_M,S042|S119
IT04096,TopicToken_04096 ProcessToken_176 PatternToken_027,Category_G,S134|S234|S076|S075|S142
IT04097,TopicToken_04097 ProcessToken_009 PatternToken_003,Category_B,S094|S189|S195
IT04098,TopicToken_04098 ProcessToken_180 PatternToken_005,Category_A,S124|S129|S080
IT04099,TopicToken_04099 ProcessToken_183 PatternToken_089,Category_M,S131|S044
IT04100,TopicToken_04100 ProcessToken_026 PatternToken_010,Category_S,S035|S216|S025|S125
IT04101,TopicToken_04101 ProcessToken_119 PatternToken_070,Category_K,S180|S145
IT04102,TopicToken_04102 ProcessToken_183 PatternToken_003,Category_G,S123|S215|S032|S113
IT04103,TopicToken_04103 ProcessToken_004 PatternToken_012,Category_F,S164|S084|S152
IT04104,TopicToken_04104 ProcessToken_039 PatternToken_078,Category_P,S039|S063|S040|S154|S145
IT04105,TopicToken_04105 ProcessToken_120 PatternToken_092,Category_D,S214|S032|S120|S158|S048
IT04106,TopicToken_04106 ProcessToken_041 PatternToken_027,Category_G,S128|S216|S032
IT04107,TopicToken_04107 ProcessToken_062 PatternToken_037,Category_B,S237|S061|S202|S075
IT04108,TopicToken_04108 ProcessToken_016 PatternToken_072,Category_J,S086|S031
IT04109,TopicToken_04109 ProcessToken_051 PatternToken_056,Category_N,S109|S056|S016
IT04110,TopicToken_04110 ProcessToken_192 PatternToken_006,Category_O,S069|S152
IT04111,TopicToken_04111 ProcessToken_077 PatternToken_083,Category_I,S121|S052
IT04112,TopicToken_04112 ProcessToken_145 PatternToken_031,Category_F,S128|S156|S043|S142
IT04113,TopicToken_04113 ProcessToken_152 PatternToken_038,Category_K,S056|S064
IT04114,TopicToken_04114 ProcessToken_030 PatternToken_040,Category_C,S228|S143|S089|S214|S139
IT04115,TopicToken_04115 ProcessToken_079 PatternToken_070,Category_L,S056|S165|S066|S086
IT04116,TopicToken_04116 ProcessToken_098 PatternToken_087,Category_N,S046|S195
IT04117,TopicToken_04117 ProcessToken_049 PatternToken_003,Category_S,S012|S177|S083
IT04118,TopicToken_04118 ProcessToken_031 PatternToken_007,Category_A,S208|S085|S048|S169|S105
IT04119,TopicToken_04119 ProcessToken_088 PatternToken_068,Category_J,S017|S113
IT04120,TopicToken_04120 ProcessToken_094 PatternToken_094,Category_K,S196|S231|S077|S109
IT04121,TopicToken_04121 ProcessToken_090 PatternToken_051,Category_Q,S011|S094|S021
IT04122,TopicToken_04122 ProcessToken_106 PatternToken_079,Category_T,S102|S140|S132|S114
IT04123,TopicToken_04123 ProcessToken_097 PatternToken_093,Category_H,S141|S026|S190|S005
IT04124,TopicToken_04124 ProcessToken_035 PatternToken_049,Category_S,S141|S162|S036|S047
IT04125,TopicToken_04125 ProcessToken_006 PatternToken_087,Category_F,S094|S126|S204|S029
IT04126,TopicToken_04126 ProcessToken_051 PatternToken_097,Category_C,S119|S032|S011|S006|S230
IT04127,TopicToken_04127 ProcessToken_045 PatternToken_088,Category_A,S230|S049
IT04128,TopicToken_04128 ProcessToken_086 PatternToken_085,Category_H,S030|S121|S199|S206|S159
IT04129,TopicToken_04129 ProcessToken_030 PatternToken_073,Category_P,S149|S055|S116
IT04130,TopicToken_04130 ProcessToken_110 PatternToken_052,Category_P,S121|S079|S040
IT04131,TopicToken_04131 ProcessToken_041 PatternToken_047,Category_E,S143|S139|S102
IT04132,TopicToken_04132 ProcessToken_105 PatternToken_038,Category_L,S037|S178
IT04133,TopicToken_04133 ProcessToken_058 PatternToken_023,Category_G,S061|S166
IT04134,TopicToken_04134 ProcessToken_186 PatternToken_061,Category_T,S172|S231
IT04135,TopicToken_04135 ProcessToken_173 PatternToken_049,Category_L,S175|S232|S073|S122|S220
IT04136,TopicToken_04136 ProcessToken_194 PatternToken_008,Category_O,S196|S127|S219|S135|S226
IT04137,TopicToken_04137 ProcessToken_047 PatternToken_027,Category_R,S029|S140|S130|S152|S218
IT04138,TopicToken_04138 ProcessToken_168 PatternToken_039,Category_N,S044|S233|S169
IT04139,TopicToken_04139 ProcessToken_048 PatternToken_004,Category_A,S182|S098|S184|S110
IT04140,TopicToken_04140 ProcessToken_180 PatternToken_094,Category_J,S220|S170
IT04141,TopicToken_04141 ProcessToken_194 PatternToken_042,Category_I,S239|S026|S038|S225|S081
IT04142,TopicToken_04142 ProcessToken_001 PatternToken_005,Category_N,S054|S057|S161
IT04143,TopicToken_04143 ProcessToken_111 PatternToken_050,Category_R,S082|S062
IT04144,TopicToken_04144 ProcessToken_094 PatternToken_050,Category_S,S142|S040|S208|S049
IT04145,TopicToken_04145 ProcessToken_008 PatternToken_036,Category_T,S097|S070|S040|S092
IT04146,TopicToken_04146 ProcessToken_091 PatternToken_043,Category_I,S162|S040|S227
IT04147,TopicToken_04147 ProcessToken_134 PatternToken_042,Category_C,S178|S204|S113|S030|S040
IT04148,TopicToken_04148 ProcessToken_087 PatternToken_032,Category_Q,S152|S201
IT04149,TopicToken_04149 ProcessToken_119 PatternToken_001,Category_P,S053|S212|S006|S151
IT04150,TopicToken_04150 ProcessToken_098 PatternToken_050,Category_M,S141|S051|S072
IT04151,TopicToken_04151 ProcessToken_021 PatternToken_094,Category_E,S061|S227|S008|S158|S140
IT04152,TopicToken_04152 ProcessToken_129 PatternToken_098,Category_A,S012|S090
IT04153,TopicToken_04153 ProcessToken_095 PatternToken_017,Category_P,S139|S009|S163|S144|S179
IT04154,TopicToken_04154 ProcessToken_040 PatternToken_062,Category_S,S137|S125|S055
IT04155,TopicToken_04155 ProcessToken_107 PatternToken_093,Category_J,S016|S177|S119
IT04156,TopicToken_04156 ProcessToken_144 PatternToken_064,Category_E,S039|S156|S036|S105
IT04157,TopicToken_04157 ProcessToken_086 PatternToken_025,Category_T,S215|S152
IT04158,TopicToken_04158 ProcessToken_137 PatternToken_070,Category_E,S168|S127
IT04159,TopicToken_04159 ProcessToken_163 PatternToken_005,Category_T,S131|S020|S220
IT04160,TopicToken_04160 ProcessToken_102 PatternToken_038,Category_T,S041|S061|S006|S237
IT04161,TopicToken_04161 ProcessToken_187 PatternToken_090,Category_R,S022|S016
IT04162,TopicToken_04162 ProcessToken_055 PatternToken_040,Category_A,S074|S090|S194|S213|S113
IT04163,TopicToken_04163 ProcessToken_068 PatternToken_047,Category_M,S125|S061|S147|S144
IT04164,TopicToken_04164 ProcessToken_198 PatternToken_078,Category_G,S233|S057
IT04165,TopicToken_04165 ProcessToken_031 PatternToken_008,Category_T,S051|S146|S037|S234|S219
IT04166,TopicToken_04166 ProcessToken_180 PatternToken_020,Category_A,S116|S110|S046|S099
IT04167,TopicToken_04167 ProcessToken_033 PatternToken_025,Category_A,S208|S085|S183|S061|S081
IT04168,TopicToken_04168 ProcessToken_141 PatternToken_054,Category_C,S213|S086|S110|S122
IT04169,TopicToken_04169 ProcessToken_146 PatternToken_039,Category_R,S016|S135|S206
IT04170,TopicToken_04170 ProcessToken_017 PatternToken_079,Category_B,S163|S100|S004|S021|S180
IT04171,TopicToken_04171 ProcessToken_042 PatternToken_086,Category_E,S173|S105|S020
IT04172,TopicToken_04172 ProcessToken_063 PatternToken_025,Category_B,S118|S139|S005|S162|S031
IT04173,TopicToken_04173 ProcessToken_165 PatternToken_031,Category_F,S014|S131|S009|S088|S179
IT04174,TopicToken_04174 ProcessToken_188 PatternToken_021,Category_K,S123|S127|S144|S070|S223
IT04175,TopicToken_04175 ProcessToken_094 PatternToken_038,Category_O,S027|S160|S121
IT04176,TopicToken_04176 ProcessToken_087 PatternToken_062,Category_C,S201|S198|S034|S084
IT04177,TopicToken_04177 ProcessToken_020 PatternToken_019,Category_R,S044|S226|S194
IT04178,TopicToken_04178 ProcessToken_166 PatternToken_078,Category_A,S137|S213|S211|S028
IT04179,TopicToken_04179 ProcessToken_159 PatternToken_097,Category_A,S015|S159|S213|S101
IT04180,TopicToken_04180 ProcessToken_006 PatternToken_059,Category_O,S141|S100|S115|S116
IT04181,TopicToken_04181 ProcessToken_187 PatternToken_092,Category_O,S036|S181|S123|S094|S184
IT04182,TopicToken_04182 ProcessToken_089 PatternToken_090,Category_F,S154|S138|S205
IT04183,TopicToken_04183 ProcessToken_157 PatternToken_047,Category_I,S196|S055
IT04184,TopicToken_04184 ProcessToken_031 PatternToken_050,Category_J,S057|S021|S038|S042|S110
IT04185,TopicToken_04185 ProcessToken_192 PatternToken_091,Category_G,S225|S240|S012|S160
IT04186,TopicToken_04186 ProcessToken_057 PatternToken_060,Category_C,S156|S047|S161|S169
IT04187,TopicToken_04187 ProcessToken_138 PatternToken_053,Category_A,S150|S137|S080|S040|S192
IT04188,TopicToken_04188 ProcessToken_128 PatternToken_061,Category_A,S158|S144
IT04189,TopicToken_04189 ProcessToken_156 PatternToken_042,Category_S,S159|S091|S196|S115|S061
IT04190,TopicToken_04190 ProcessToken_030 PatternToken_087,Category_F,S138|S017|S087|S023|S058
IT04191,TopicToken_04191 ProcessToken_133 PatternToken_086,Category_L,S044|S174|S129
IT04192,TopicToken_04192 ProcessToken_045 PatternToken_041,Category_M,S193|S174|S081|S102|S113
IT04193,TopicToken_04193 ProcessToken_015 PatternToken_057,Category_R,S240|S062|S108
IT04194,TopicToken_04194 ProcessToken_170 PatternToken_077,Category_J,S227|S028|S014|S007|S213
IT04195,TopicToken_04195 ProcessToken_189 PatternToken_097,Category_F,S146|S107
IT04196,TopicToken_04196 ProcessToken_058 PatternToken_018,Category_S,S131|S052|S010|S227
IT04197,TopicToken_04197 ProcessToken_200 PatternToken_046,Category_I,S126|S116|S068|S221|S039
IT04198,TopicToken_04198 ProcessToken_113 PatternToken_014,Category_M,S172|S141|S221|S081
IT04199,TopicToken_04199 ProcessToken_083 PatternToken_024,Category_B,S167|S205|S219
IT04200,TopicToken_04200 ProcessToken_008 PatternToken_013,Category_A,S227|S198|S084
IT04201,TopicToken_04201 ProcessToken_116 PatternToken_081,Category_M,S031|S160|S030|S070|S123
IT04202,TopicToken_04202 ProcessToken_006 PatternToken_046,Category_T,S193|S081|S011|S184
IT04203,TopicToken_04203 ProcessToken_082 PatternToken_097,Category_B,S233|S104|S108
IT04204,TopicToken_04204 ProcessToken_151 PatternToken_040,Category_B,S040|S078
IT04205,TopicToken_04205 ProcessToken_194 PatternToken_040,Category_Q,S034|S168|S082|S170
IT04206,TopicToken_04206 ProcessToken_038 PatternToken_021,Category_T,S018|S134|S155|S001|S200
IT04207,TopicToken_04207 ProcessToken_074 PatternToken_081,Category_N,S094|S129|S024|S118|S153
IT04208,TopicToken_04208 ProcessToken_189 PatternToken_077,Category_C,S003|S124|S049|S183
IT04209,TopicToken_04209 ProcessToken_170 PatternToken_070,Category_S,S212|S054|S017
IT04210,TopicToken_04210 ProcessToken_087 PatternToken_064,Category_C,S051|S017
IT04211,TopicToken_04211 ProcessToken_173 PatternToken_015,Category_N,S061|S065
IT04212,TopicToken_04212 ProcessToken_077 PatternToken_075,Category_P,S201|S074
IT04213,TopicToken_04213 ProcessToken_088 PatternToken_050,Category_B,S082|S065|S058|S179
IT04214,TopicToken_04214 ProcessToken_040 PatternToken_057,Category_B,S215|S171|S088
IT04215,TopicToken_04215 ProcessToken_074 PatternToken_035,Category_I,S008|S051|S037|S055|S127
IT04216,TopicToken_04216 ProcessToken_194 PatternToken_063,Category_M,S162|S146|S072|S118|S132
IT04217,TopicToken_04217 ProcessToken_073 PatternToken_082,Category_L,S237|S190|S062|S204|S235
IT04218,TopicToken_04218 ProcessToken_060 PatternToken_100,Category_R,S206|S032|S197|S116|S149
IT04219,TopicToken_04219 ProcessToken_031 PatternToken_084,Category_F,S116|S240
IT04220,TopicToken_04220 ProcessToken_028 PatternToken_094,Category_D,S083|S087|S203|S226
IT04221,TopicToken_04221 ProcessToken_048 PatternToken_006,Category_N,S056|S051|S046|S036|S211
IT04222,TopicToken_04222 ProcessToken_006 PatternToken_062,Category_M,S212|S097|S033|S136|S225
IT04223,TopicToken_04223 ProcessToken_069 PatternToken_021,Category_H,S146|S070|S175|S122
IT04224,TopicToken_04224 ProcessToken_055 PatternToken_013,Category_K,S103|S144
IT04225,TopicToken_04225 ProcessToken_175 PatternToken_083,Category_J,S118|S018
IT04226,TopicToken_04226 ProcessToken_062 PatternToken_007,Category_R,S163|S193|S036
IT04227,TopicToken_04227 ProcessToken_191 PatternToken_048,Category_L,S158|S057
IT04228,TopicToken_04228 ProcessToken_077 PatternToken_009,Category_L,S025|S059|S128
IT04229,TopicToken_04229 ProcessToken_091 PatternToken_091,Category_L,S036|S121
IT04230,TopicToken_04230 ProcessToken_035 PatternToken_098,Category_G,S058|S075|S240
IT04231,TopicToken_04231 ProcessToken_048 PatternToken_007,Category_N,S065|S201|S238
IT04232,TopicToken_04232 ProcessToken_135 PatternToken_028,Category_E,S196|S180|S198|S158|S061
IT04233,TopicToken_04233 ProcessToken_121 PatternToken_062,Category_C,S132|S180|S134|S097
IT04234,TopicToken_04234 ProcessToken_105 PatternToken_080,Category_H,S152|S046|S195|S104|S236
IT04235,TopicToken_04235 ProcessToken_047 PatternToken_050,Category_N,S164|S188|S051|S223|S077
IT04236,TopicToken_04236 ProcessToken_067 PatternToken_100,Category_I,S186|S173
IT04237,TopicToken_04237 ProcessToken_105 PatternToken_046,Category_H,S090|S089
IT04238,TopicToken_04238 ProcessToken_010 PatternToken_082,Category_Q,S097|S192
IT04239,TopicToken_04239 ProcessToken_086 PatternToken_075,Category_B,S115|S023
IT04240,TopicToken_04240 ProcessToken_180 PatternToken_054,Category_B,S100|S181|S023
IT04241,TopicToken_04241 ProcessToken_140 PatternToken_021,Category_E,S184|S168|S028|S182
IT04242,TopicToken_04242 ProcessToken_185 PatternToken_044,Category_L,S004|S187
IT04243,TopicToken_04243 ProcessToken_019 PatternToken_015,Category_P,S105|S190|S094|S066|S077
IT04244,TopicToken_04244 ProcessToken_015 PatternToken_008,Category_H,S091|S217|S119
IT04245,TopicToken_04245 ProcessToken_122 PatternToken_022,Category_O,S158|S102|S092|S141
IT04246,TopicToken_04246 ProcessToken_175 PatternToken_069,Category_E,S141|S191|S163|S086
IT04247,TopicToken_04247 ProcessToken_097 PatternToken_055,Category_R,S067|S100|S191|S013
IT04248,TopicToken_04248 ProcessToken_046 PatternToken_083,Category_E,S216|S193|S179
IT04249,TopicToken_04249 ProcessToken_069 PatternToken_026,Category_K,S001|S229|S235|S110|S008
IT04250,TopicToken_04250 ProcessToken_035 PatternToken_072,Category_F,S226|S154
IT04251,TopicToken_04251 ProcessToken_068 PatternToken_065,Category_L,S114|S225|S170|S232
IT04252,TopicToken_04252 ProcessToken_115 PatternToken_011,Category_A,S198|S086|S062|S068|S142
IT04253,TopicToken_04253 ProcessToken_166 PatternToken_008,Category_M,S171|S007
IT04254,TopicToken_04254 ProcessToken_136 PatternToken_043,Category_D,S060|S211|S207|S040
IT04255,TopicToken_04255 ProcessToken_181 PatternToken_094,Category_D,S042|S240|S049
IT04256,TopicToken_04256 ProcessToken_009 PatternToken_019,Category_P,S030|S041|S198|S221|S020
IT04257,TopicToken_04257 ProcessToken_195 PatternToken_056,Category_G,S017|S055|S230
IT04258,TopicToken_04258 ProcessToken_189 PatternToken_014,Category_P,S192|S223|S118|S004|S002
IT04259,TopicToken_04259 ProcessToken_195 PatternToken_066,Category_E,S044|S017
IT04260,TopicToken_04260 ProcessToken_145 PatternToken_024,Category_S,S169|S086|S114|S036|S021
IT04261,TopicToken_04261 ProcessToken_195 PatternToken_076,Category_O,S195|S177|S210
IT04262,TopicToken_04262 ProcessToken_143 PatternToken_044,Category_E,S117|S210
IT04263,TopicToken_04263 ProcessToken_086 PatternToken_044,Category_Q,S124|S100|S116|S042|S012
IT04264,TopicToken_04264 ProcessToken_050 PatternToken_035,Category_D,S045|S076|S124|S204
IT04265,TopicToken_04265 ProcessToken_115 PatternToken_051,Category_B,S163|S035|S077
IT04266,TopicToken_04266 ProcessToken_091 PatternToken_099,Category_N,S007|S082|S186|S166
IT04267,TopicToken_04267 ProcessToken_008 PatternToken_031,Category_F,S132|S138|S228|S027|S192
IT04268,TopicToken_04268 ProcessToken_134 PatternToken_074,Category_Q,S213|S008|S126|S057|S031
IT04269,TopicToken_04269 ProcessToken_071 PatternToken_031,Category_J,S163|S028|S221|S181|S210
IT04270,TopicToken_04270 ProcessToken_140 PatternToken_077,Category_C,S141|S015|S001|S137|S120
IT04271,TopicToken_04271 ProcessToken_172 PatternToken_025,Category_K,S089|S116|S214
IT04272,TopicToken_04272 ProcessToken_062 PatternToken_099,Category_A,S124|S113|S134|S143
IT04273,TopicToken_04273 ProcessToken_165 PatternToken_087,Category_D,S196|S044|S072|S047
IT04274,TopicToken_04274 ProcessToken_059 PatternToken_071,Category_F,S088|S156|S025
IT04275,TopicToken_04275 ProcessToken_092 PatternToken_071,Category_B,S211|S025
IT04276,TopicToken_04276 ProcessToken_017 PatternToken_064,Category_R,S190|S108|S061
IT04277,TopicToken_04277 ProcessToken_173 PatternToken_085,Category_D,S207|S240|S195|S070|S098
IT04278,TopicToken_04278 ProcessToken_188 PatternToken_033,Category_K,S004|S058
IT04279,TopicToken_04279 ProcessToken_129 PatternToken_046,Category_J,S197|S060|S011|S148|S157
IT04280,TopicToken_04280 ProcessToken_059 PatternToken_068,Category_A,S119|S214|S219
IT04281,TopicToken_04281 ProcessToken_097 PatternToken_006,Category_R,S038|S052|S017|S202|S184
IT04282,TopicToken_04282 ProcessToken_116 PatternToken_038,Category_G,S071|S117
IT04283,TopicToken_04283 ProcessToken_089 PatternToken_062,Category_A,S185|S163
IT04284,TopicToken_04284 ProcessToken_038 PatternToken_060,Category_T,S065|S066
IT04285,TopicToken_04285 ProcessToken_128 PatternToken_097,Category_F,S038|S027|S021|S023
IT04286,TopicToken_04286 ProcessToken_011 PatternToken_016,Category_C,S007|S158|S080|S176
IT04287,TopicToken_04287 ProcessToken_075 PatternToken_071,Category_G,S234|S139|S160|S191
IT04288,TopicToken_04288 ProcessToken_032 PatternToken_007,Category_K,S088|S175
IT04289,TopicToken_04289 ProcessToken_023 PatternToken_087,Category_F,S019|S040|S153|S106
IT04290,TopicToken_04290 ProcessToken_146 PatternToken_009,Category_B,S182|S106|S156|S155
IT04291,TopicToken_04291 ProcessToken_137 PatternToken_041,Category_A,S190|S011|S218|S018
IT04292,TopicToken_04292 ProcessToken_068 PatternToken_039,Category_Q,S236|S086
IT04293,TopicToken_04293 ProcessToken_177 PatternToken_092,Category_S,S071|S162|S088|S230
IT04294,TopicToken_04294 ProcessToken_137 PatternToken_028,Category_R,S117|S022
IT04295,TopicToken_04295 ProcessToken_145 PatternToken_080,Category_G,S139|S156
IT04296,TopicToken_04296 ProcessToken_059 PatternToken_048,Category_R,S080|S226|S227|S013
IT04297,TopicToken_04297 ProcessToken_072 PatternToken_098,Category_T,S011|S034|S215|S118
IT04298,TopicToken_04298 ProcessToken_001 PatternToken_062,Category_G,S008|S101
IT04299,TopicToken_04299 ProcessToken_010 PatternToken_033,Category_A,S188|S086|S005|S040
IT04300,TopicToken_04300 ProcessToken_187 PatternToken_059,Category_C,S038|S174
IT04301,TopicToken_04301 ProcessToken_108 PatternToken_093,Category_H,S161|S216
IT04302,TopicToken_04302 ProcessToken_107 PatternToken_004,Category_R,S123|S009
IT04303,TopicToken_04303 ProcessToken_168 PatternToken_045,Category_O,S043|S167|S046|S091
IT04304,TopicToken_04304 ProcessToken_004 PatternToken_014,Category_P,S225|S054|S144|S040|S226
IT04305,TopicToken_04305 ProcessToken_027 PatternToken_093,Category_G,S160|S086|S234|S056
IT04306,TopicToken_04306 ProcessToken_133 PatternToken_047,Category_R,S098|S105|S010
IT04307,TopicToken_04307 ProcessToken_180 PatternToken_041,Category_A,S216|S029|S073|S111|S058
IT04308,TopicToken_04308 ProcessToken_117 PatternToken_015,Category_S,S043|S184|S168
IT04309,TopicToken_04309 ProcessToken_143 PatternToken_035,Category_F,S183|S031
IT04310,TopicToken_04310 ProcessToken_130 PatternToken_063,Category_F,S172|S231|S112|S195|S046
IT04311,TopicToken_04311 ProcessToken_176 PatternToken_063,Category_I,S136|S204|S044
IT04312,TopicToken_04312 ProcessToken_050 PatternToken_061,Category_D,S050|S009|S066|S075
IT04313,TopicToken_04313 ProcessToken_194 PatternToken_048,Category_A,S225|S059|S100|S128|S042
IT04314,TopicToken_04314 ProcessToken_036 PatternToken_069,Category_S,S186|S237|S133|S071|S025
IT04315,TopicToken_04315 ProcessToken_086 PatternToken_057,Category_N,S069|S154|S059|S203
IT04316,TopicToken_04316 ProcessToken_118 PatternToken_048,Category_E,S102|S190|S204
IT04317,TopicToken_04317 ProcessToken_170 PatternToken_035,Category_J,S134|S056
IT04318,TopicToken_04318 ProcessToken_057 PatternToken_004,Category_B,S121|S095|S014|S104
IT04319,TopicToken_04319 ProcessToken_199 PatternToken_024,Category_Q,S181|S085
IT04320,TopicToken_04320 ProcessToken_025 PatternToken_079,Category_E,S083|S163|S120
IT04321,TopicToken_04321 ProcessToken_199 PatternToken_097,Category_E,S018|S045|S158|S160
IT04322,TopicToken_04322 ProcessToken_189 PatternToken_028,Category_G,S101|S003|S009
IT04323,TopicToken_04323 ProcessToken_190 PatternToken_076,Category_E,S004|S202|S215|S042
IT04324,TopicToken_04324 ProcessToken_025 PatternToken_006,Category_K,S007|S162|S129
IT04325,TopicToken_04325 ProcessToken_172 PatternToken_067,Category_D,S236|S074
IT04326,TopicToken_04326 ProcessToken_034 PatternToken_008,Category_N,S014|S076|S037|S127
IT04327,TopicToken_04327 ProcessToken_116 PatternToken_058,Category_Q,S058|S145
IT04328,TopicToken_04328 ProcessToken_003 PatternToken_066,Category_E,S020|S144|S169|S145
IT04329,TopicToken_04329 ProcessToken_075 PatternToken_072,Category_K,S214|S069|S179|S120|S195
IT04330,TopicToken_04330 ProcessToken_062 PatternToken_051,Category_R,S004|S231|S142|S235
IT04331,TopicToken_04331 ProcessToken_001 PatternToken_011,Category_C,S035|S083|S095|S223|S093
IT04332,TopicToken_04332 ProcessToken_083 PatternToken_040,Category_T,S110|S017
IT04333,TopicToken_04333 ProcessToken_080 PatternToken_021,Category_M,S222|S208|S070|S046
IT04334,TopicToken_04334 ProcessToken_122 PatternToken_059,Category_C,S100|S095|S240|S158|S111
IT04335,TopicToken_04335 ProcessToken_183 PatternToken_059,Category_P,S002|S065
IT04336,TopicToken_04336 ProcessToken_060 PatternToken_062,Category_L,S065|S047|S148|S111|S139
IT04337,TopicToken_04337 ProcessToken_136 PatternToken_100,Category_Q,S222|S115|S159
IT04338,TopicToken_04338 ProcessToken_137 PatternToken_040,Category_L,S118|S138|S162
IT04339,TopicToken_04339 ProcessToken_099 PatternToken_034,Category_T,S228|S146
IT04340,TopicToken_04340 ProcessToken_116 PatternToken_093,Category_I,S095|S122|S142
IT04341,TopicToken_04341 ProcessToken_139 PatternToken_013,Category_I,S083|S128|S220|S160
IT04342,TopicToken_04342 ProcessToken_194 PatternToken_022,Category_C,S015|S168|S004|S200
IT04343,TopicToken_04343 ProcessToken_127 PatternToken_050,Category_C,S121|S092|S161|S228|S067
IT04344,TopicToken_04344 ProcessToken_036 PatternToken_037,Category_T,S079|S232|S158|S155|S237
IT04345,TopicToken_04345 ProcessToken_195 PatternToken_063,Category_L,S163|S026|S052
IT04346,TopicToken_04346 ProcessToken_055 PatternToken_066,Category_C,S108|S003|S016|S232
IT04347,TopicToken_04347 ProcessToken_167 PatternToken_099,Category_T,S075|S114|S042
IT04348,TopicToken_04348 ProcessToken_063 PatternToken_062,Category_N,S111|S120|S066|S068|S221
IT04349,TopicToken_04349 ProcessToken_007 PatternToken_086,Category_L,S168|S198|S056|S036
IT04350,TopicToken_04350 ProcessToken_125 PatternToken_006,Category_D,S077|S137|S143|S079
IT04351,TopicToken_04351 ProcessToken_022 PatternToken_006,Category_P,S100|S213|S013
IT04352,TopicToken_04352 ProcessToken_036 PatternToken_072,Category_N,S111|S211|S230|S085
IT04353,TopicToken_04353 ProcessToken_048 PatternToken_098,Category_M,S021|S100|S139|S187
IT04354,TopicToken_04354 ProcessToken_066 PatternToken_003,Category_K,S183|S144
IT04355,TopicToken_04355 ProcessToken_047 PatternToken_039,Category_K,S103|S226|S238|S121|S068
IT04356,TopicToken_04356 ProcessToken_160 PatternToken_044,Category_L,S076|S162|S188|S198|S178
IT04357,TopicToken_04357 ProcessToken_027 PatternToken_034,Category_T,S192|S061|S051
IT04358,TopicToken_04358 ProcessToken_176 PatternToken_028,Category_H,S053|S135
IT04359,TopicToken_04359 ProcessToken_076 PatternToken_044,Category_P,S180|S122
IT04360,TopicToken_04360 ProcessToken_020 PatternToken_025,Category_E,S228|S064|S177|S020
IT04361,TopicToken_04361 ProcessToken_187 PatternToken_084,Category_O,S026|S211|S163
IT04362,TopicToken_04362 ProcessToken_011 PatternToken_084,Category_B,S059|S048
IT04363,TopicToken_04363 ProcessToken_194 PatternToken_012,Category_T,S230|S147|S041
IT04364,TopicToken_04364 ProcessToken_164 PatternToken_059,Category_P,S120|S091|S238|S213
IT04365,TopicToken_04365 ProcessToken_177 PatternToken_057,Category_Q,S036|S207|S217
IT04366,TopicToken_04366 ProcessToken_170 PatternToken_016,Category_B,S101|S038|S109|S156
IT04367,TopicToken_04367 ProcessToken_143 PatternToken_041,Category_F,S033|S157
IT04368,TopicToken_04368 ProcessToken_129 PatternToken_048,Category_J,S193|S179|S200|S025
IT04369,TopicToken_04369 ProcessToken_193 PatternToken_041,Category_G,S056|S192|S085|S033|S217
IT04370,TopicToken_04370 ProcessToken_046 PatternToken_043,Category_F,S219|S033|S179
IT04371,TopicToken_04371 ProcessToken_098 PatternToken_050,Category_M,S009|S239|S086
IT04372,TopicToken_04372 ProcessToken_011 PatternToken_017,Category_M,S134|S019|S168|S087
IT04373,TopicToken_04373 ProcessToken_112 PatternToken_043,Category_M,S093|S101|S067|S182
IT04374,TopicToken_04374 ProcessToken_082 PatternToken_093,Category_J,S079|S238|S061
IT04375,TopicToken_04375 ProcessToken_071 PatternToken_033,Category_J,S196|S039|S018|S131|S155
IT04376,TopicToken_04376 ProcessToken_169 PatternToken_059,Category_B,S212|S018|S192|S198
IT04377,TopicToken_04377 ProcessToken_011 PatternToken_037,Category_M,S108|S134
IT04378,TopicToken_04378 ProcessToken_011 PatternToken_047,Category_M,S167|S057|S037|S114|S029
IT04379,TopicToken_04379 ProcessToken_194 PatternToken_089,Category_L,S056|S049|S108|S043
IT04380,TopicToken_04380 ProcessToken_182 PatternToken_011,Category_K,S218|S083|S093|S164
IT04381,TopicToken_04381 ProcessToken_163 PatternToken_014,Category_L,S230|S041|S056|S167|S204
IT04382,TopicToken_04382 ProcessToken_184 PatternToken_076,Category_S,S151|S019
IT04383,TopicToken_04383 ProcessToken_184 PatternToken_044,Category_N,S222|S121|S230
IT04384,TopicToken_04384 ProcessToken_095 PatternToken_095,Category_I,S168|S058|S067
IT04385,TopicToken_04385 ProcessToken_019 PatternToken_092,Category_A,S238|S206
IT04386,TopicToken_04386 ProcessToken_009 PatternToken_036,Category_H,S091|S207
IT04387,TopicToken_04387 ProcessToken_009 PatternToken_043,Category_O,S158|S099|S140|S190|S072
IT04388,TopicToken_04388 ProcessToken_140 PatternToken_020,Category_I,S135|S004|S142
IT04389,TopicToken_04389 ProcessToken_062 PatternToken_083,Category_E,S018|S067|S083
IT04390,TopicToken_04390 ProcessToken_002 PatternToken_063,Category_F,S143|S109|S007|S198
IT04391,TopicToken_04391 ProcessToken_045 PatternToken_011,Category_B,S017|S107
IT04392,TopicToken_04392 ProcessToken_023 PatternToken_025,Category_E,S002|S112|S163
IT04393,TopicToken_04393 ProcessToken_044 PatternToken_011,Category_E,S057|S192|S006|S050
IT04394,TopicToken_04394 ProcessToken_048 PatternToken_093,Category_M,S048|S237|S225|S002
IT04395,TopicToken_04395 ProcessToken_030 PatternToken_066,Category_D,S118|S154|S151
IT04396,TopicToken_04396 ProcessToken_199 PatternToken_065,Category_D,S042|S110|S062
IT04397,TopicToken_04397 ProcessToken_102 PatternToken_002,Category_Q,S205|S199|S236|S030
IT04398,TopicToken_04398 ProcessToken_077 PatternToken_031,Category_D,S146|S140|S101
IT04399,TopicToken_04399 ProcessToken_166 PatternToken_036,Category_F,S145|S070|S195
IT04400,TopicToken_04400 ProcessToken_091 PatternToken_086,Category_G,S117|S001
IT04401,TopicToken_04401 ProcessToken_084 PatternToken_071,Category_L,S235|S177|S200|S156|S084
IT04402,TopicToken_04402 ProcessToken_110 PatternToken_038,Category_A,S130|S125|S218
IT04403,TopicToken_04403 ProcessToken_004 PatternToken_005,Category_E,S154|S132|S037|S101
IT04404,TopicToken_04404 ProcessToken_039 PatternToken_045,Category_R,S123|S078|S171|S224|S206
IT04405,TopicToken_04405 ProcessToken_064 PatternToken_018,Category_Q,S074|S170|S179|S197
IT04406,TopicToken_04406 ProcessToken_068 PatternToken_092,Category_E,S133|S144|S071|S115
IT04407,TopicToken_04407 ProcessToken_120 PatternToken_050,Category_C,S091|S081|S230|S033|S109
IT04408,TopicToken_04408 ProcessToken_134 PatternToken_006,Category_D,S227|S162|S041
IT04409,TopicToken_04409 ProcessToken_135 PatternToken_023,Category_G,S048|S124
IT04410,TopicToken_04410 ProcessToken_019 PatternToken_096,Category_R,S111|S096|S059
IT04411,TopicToken_04411 ProcessToken_142 PatternToken_074,Category_A,S043|S039|S125
IT04412,TopicToken_04412 ProcessToken_071 PatternToken_066,Category_R,S120|S013|S071|S095|S070
IT04413,TopicToken_04413 ProcessToken_174 PatternToken_011,Category_C,S072|S116
IT04414,TopicToken_04414 ProcessToken_105 PatternToken_056,Category_L,S236|S118|S003|S125|S165
IT04415,TopicToken_04415 ProcessToken_040 PatternToken_070,Category_S,S167|S174|S152
IT04416,TopicToken_04416 ProcessToken_115 PatternToken_005,Category_M,S066|S211|S223|S150
IT04417,TopicToken_04417 ProcessToken_059 PatternToken_042,Category_O,S161|S176|S098|S155
IT04418,TopicToken_04418 ProcessToken_007 PatternToken_066,Category_E,S102|S137|S114
IT04419,TopicToken_04419 ProcessToken_039 PatternToken_066,Category_N,S125|S037|S064|S098|S175
IT04420,TopicToken_04420 ProcessToken_042 PatternToken_057,Category_C,S126|S162|S048
IT04421,TopicToken_04421 ProcessToken_036 PatternToken_008,Category_D,S103|S078
IT04422,TopicToken_04422 ProcessToken_019 PatternToken_062,Category_T,S121|S178|S093|S075|S038
IT04423,TopicToken_04423 ProcessToken_062 PatternToken_030,Category_O,S015|S205|S045|S091|S003
IT04424,TopicToken_04424 ProcessToken_074 PatternToken_077,Category_K,S150|S151|S071|S173
IT04425,TopicToken_04425 ProcessToken_044 PatternToken_080,Category_O,S015|S113|S032|S162
IT04426,TopicToken_04426 ProcessToken_008 PatternToken_098,Category_D,S046|S222
IT04427,TopicToken_04427 ProcessToken_066 PatternToken_055,Category_Q,S148|S011|S141|S122|S212
IT04428,TopicToken_04428 ProcessToken_060 PatternToken_074,Category_S,S115|S136|S100|S225
IT04429,TopicToken_04429 ProcessToken_152 PatternToken_089,Category_O,S141|S217|S181|S127
IT04430,TopicToken_04430 ProcessToken_028 PatternToken_089,Category_E,S195|S218
IT04431,TopicToken_04431 ProcessToken_058 PatternToken_037,Category_C,S206|S086|S089
IT04432,TopicToken_04432 ProcessToken_004 PatternToken_023,Category_S,S110|S216
IT04433,TopicToken_04433 ProcessToken_172 PatternToken_047,Category_Q,S099|S044|S092|S003
IT04434,TopicToken_04434 ProcessToken_142 PatternToken_005,Category_K,S091|S192|S066|S071
IT04435,TopicToken_04435 ProcessToken_073 PatternToken_062,Category_I,S042|S218|S109
IT04436,TopicToken_04436 ProcessToken_060 PatternToken_085,Category_H,S089|S062|S096
IT04437,TopicToken_04437 ProcessToken_167 PatternToken_088,Category_T,S047|S201|S156|S003|S023
IT04438,TopicToken_04438 ProcessToken_132 PatternToken_090,Category_P,S225|S164|S056
IT04439,TopicToken_04439 ProcessToken_146 PatternToken_053,Category_C,S067|S195|S178|S039
IT04440,TopicToken_04440 ProcessToken_022 PatternToken_099,Category_N,S226|S053
IT04441,TopicToken_04441 ProcessToken_193 PatternToken_034,Category_K,S080|S054|S099|S218
IT04442,TopicToken_04442 ProcessToken_186 PatternToken_062,Category_O,S232|S109|S070|S102
IT04443,TopicToken_04443 ProcessToken_149 PatternToken_019,Category_T,S015|S168|S088|S014
IT04444,TopicToken_04444 ProcessToken_034 PatternToken_084,Category_D,S122|S078|S082|S171|S201
IT04445,TopicToken_04445 ProcessToken_077 PatternToken_075,Category_A,S142|S205
IT04446,TopicToken_04446 ProcessToken_139 PatternToken_054,Category_I,S060|S036
IT04447,TopicToken_04447 ProcessToken_013 PatternToken_063,Category_Q,S050|S005|S194|S134|S228
IT04448,TopicToken_04448 ProcessToken_190 PatternToken_034,Category_K,S237|S136|S154|S036|S149
IT04449,TopicToken_04449 ProcessToken_004 PatternToken_022,Category_F,S082|S039|S212
IT04450,TopicToken_04450 ProcessToken_193 PatternToken_041,Category_B,S042|S092
IT04451,TopicToken_04451 ProcessToken_041 PatternToken_049,Category_F,S134|S164|S064
IT04452,TopicToken_04452 ProcessToken_125 PatternToken_034,Category_G,S029|S171|S178|S131
IT04453,TopicToken_04453 ProcessToken_043 PatternToken_054,Category_J,S021|S107|S193|S144|S025
IT04454,TopicToken_04454 ProcessToken_191 PatternToken_026,Category_I,S098|S095|S145
IT04455,TopicToken_04455 ProcessToken_149 PatternToken_076,Category_K,S181|S061|S110
IT04456,TopicToken_04456 ProcessToken_093 PatternToken_074,Category_F,S071|S219|S124|S101|S210
IT04457,TopicToken_04457 ProcessToken_132 PatternToken_033,Category_D,S127|S110|S207
IT04458,TopicToken_04458 ProcessToken_123 PatternToken_039,Category_I,S058|S167|S027|S176|S088
IT04459,TopicToken_04459 ProcessToken_191 PatternToken_027,Category_H,S094|S161|S065
IT04460,TopicToken_04460 ProcessToken_193 PatternToken_045,Category_K,S138|S181|S219
IT04461,TopicToken_04461 ProcessToken_072 PatternToken_023,Category_P,S230|S236
IT04462,TopicToken_04462 ProcessToken_120 PatternToken_066,Category_P,S196|S130|S211
IT04463,TopicToken_04463 ProcessToken_185 PatternToken_095,Category_O,S027|S214|S132|S003
IT04464,TopicToken_04464 ProcessToken_041 PatternToken_071,Category_C,S182|S168|S232|S195
IT04465,TopicToken_04465 ProcessToken_093 PatternToken_004,Category_F,S218|S204
IT04466,TopicToken_04466 ProcessToken_175 PatternToken_035,Category_M,S084|S192|S011
IT04467,TopicToken_04467 ProcessToken_148 PatternToken_029,Category_O,S076|S023|S219|S126
IT04468,TopicToken_04468 ProcessToken_144 PatternToken_009,Category_O,S160|S018|S161|S147|S152
IT04469,TopicToken_04469 ProcessToken_027 PatternToken_026,Category_K,S082|S028|S038|S223
IT04470,TopicToken_04470 ProcessToken_071 PatternToken_004,Category_G,S062|S149
IT04471,TopicToken_04471 ProcessToken_119 PatternToken_065,Category_I,S167|S048|S024|S152
IT04472,TopicToken_04472 ProcessToken_100 PatternToken_018,Category_E,S037|S121|S221
IT04473,TopicToken_04473 ProcessToken_038 PatternToken_055,Category_N,S039|S098|S142|S196
IT04474,TopicToken_04474 ProcessToken_065 PatternToken_092,Category_F,S048|S097|S092|S116
IT04475,TopicToken_04475 ProcessToken_186 PatternToken_061,Category_J,S188|S205|S003|S089
IT04476,TopicToken_04476 ProcessToken_142 PatternToken_017,Category_B,S154|S155
IT04477,TopicToken_04477 ProcessToken_122 PatternToken_082,Category_S,S050|S161|S073|S015
IT04478,TopicToken_04478 ProcessToken_195 PatternToken_010,Category_H,S117|S010|S213|S163
IT04479,TopicToken_04479 ProcessToken_126 PatternToken_028,Category_K,S056|S182|S177|S172
IT04480,TopicToken_04480 ProcessToken_132 PatternToken_071,Category_F,S150|S112|S187
IT04481,TopicToken_04481 ProcessToken_151 PatternToken_039,Category_C,S116|S008|S122
IT04482,TopicToken_04482 ProcessToken_152 PatternToken_001,Category_K,S124|S236|S188|S082|S215
IT04483,TopicToken_04483 ProcessToken_177 PatternToken_084,Category_E,S028|S014
IT04484,TopicToken_04484 ProcessToken_060 PatternToken_048,Category_L,S199|S144|S098|S139|S029
IT04485,TopicToken_04485 ProcessToken_180 PatternToken_031,Category_G,S187|S018|S036|S165|S159
IT04486,TopicToken_04486 ProcessToken_104 PatternToken_080,Category_O,S191|S194
IT04487,TopicToken_04487 ProcessToken_027 PatternToken_023,Category_P,S138|S114|S174|S044|S199
IT04488,TopicToken_04488 ProcessToken_055 PatternToken_048,Category_C,S239|S115
IT04489,TopicToken_04489 ProcessToken_092 PatternToken_089,Category_I,S169|S191
IT04490,TopicToken_04490 ProcessToken_086 PatternToken_045,Category_E,S035|S236|S042|S189|S044
IT04491,TopicToken_04491 ProcessToken_031 PatternToken_029,Category_L,S221|S168
IT04492,TopicToken_04492 ProcessToken_096 PatternToken_071,Category_M,S004|S055
IT04493,TopicToken_04493 ProcessToken_068 PatternToken_083,Category_D,S077|S004|S120|S181
IT04494,TopicToken_04494 ProcessToken_016 PatternToken_008,Category_N,S236|S027|S127
IT04495,TopicToken_04495 ProcessToken_114 PatternToken_098,Category_F,S002|S004|S210
IT04496,TopicToken_04496 ProcessToken_062 PatternToken_004,Category_M,S033|S230
IT04497,TopicToken_04497 ProcessToken_162 PatternToken_087,Category_C,S049|S028
IT04498,TopicToken_04498 ProcessToken_067 PatternToken_096,Category_G,S013|S226
IT04499,TopicToken_04499 ProcessToken_156 PatternToken_087,Category_M,S188|S054|S134|S157|S179
IT04500,TopicToken_04500 ProcessToken_107 PatternToken_091,Category_H,S133|S147|S195|S005|S142
IT04501,TopicToken_04501 ProcessToken_061 PatternToken_071,Category_L,S027|S175|S097|S002|S164
IT04502,TopicToken_04502 ProcessToken_136 PatternToken_046,Category_C,S059|S050
IT04503,TopicToken_04503 ProcessToken_033 PatternToken_055,Category_C,S042|S192|S015
IT04504,TopicToken_04504 ProcessToken_035 PatternToken_046,Category_M,S220|S115|S177|S038|S199
IT04505,TopicToken_04505 ProcessToken_108 PatternToken_048,Category_K,S052|S195|S032|S027|S159
IT04506,TopicToken_04506 ProcessToken_080 PatternToken_002,Category_M,S124|S027|S026|S061
IT04507,TopicToken_04507 ProcessToken_023 PatternToken_065,Category_K,S020|S107|S119|S070|S117
IT04508,TopicToken_04508 ProcessToken_011 PatternToken_004,Category_O,S157|S104|S235|S168|S116
IT04509,TopicToken_04509 ProcessToken_134 PatternToken_054,Category_N,S039|S144|S218|S158
IT04510,TopicToken_04510 ProcessToken_048 PatternToken_003,Category_J,S115|S027|S013|S205
IT04511,TopicToken_04511 ProcessToken_124 PatternToken_098,Category_I,S197|S132|S106|S060
IT04512,TopicToken_04512 ProcessToken_091 PatternToken_008,Category_E,S061|S094|S192
IT04513,TopicToken_04513 ProcessToken_108 PatternToken_043,Category_A,S004|S021|S233
IT04514,TopicToken_04514 ProcessToken_090 PatternToken_079,Category_B,S144|S194|S206
IT04515,TopicToken_04515 ProcessToken_193 PatternToken_064,Category_K,S064|S004|S125|S015|S233
IT04516,TopicToken_04516 ProcessToken_060 PatternToken_019,Category_P,S232|S204
IT04517,TopicToken_04517 ProcessToken_142 PatternToken_033,Category_B,S105|S148
IT04518,TopicToken_04518 ProcessToken_112 PatternToken_100,Category_M,S089|S088
IT04519,TopicToken_04519 ProcessToken_173 PatternToken_018,Category_Q,S174|S109
IT04520,TopicToken_04520 ProcessToken_124 PatternToken_073,Category_O,S054|S142|S215|S065
IT04521,TopicToken_04521 ProcessToken_027 PatternToken_050,Category_E,S029|S056|S110
IT04522,TopicToken_04522 ProcessToken_133 PatternToken_100,Category_N,S063|S077|S153|S199
IT04523,TopicToken_04523 ProcessToken_007 PatternToken_073,Category_N,S043|S229|S149|S078|S024
IT04524,TopicToken_04524 ProcessToken_155 PatternToken_021,Category_Q,S129|S237|S043|S048
IT04525,TopicToken_04525 ProcessToken_033 PatternToken_020,Category_B,S173|S085
IT04526,TopicToken_04526 ProcessToken_197 PatternToken_016,Category_O,S129|S075|S232|S104
IT04527,TopicToken_04527 ProcessToken_114 PatternToken_060,Category_E,S201|S037|S009
IT04528,TopicToken_04528 ProcessToken_064 PatternToken_065,Category_S,S158|S017|S074|S096|S107
IT04529,TopicToken_04529 ProcessToken_088 PatternToken_028,Category_D,S115|S128|S132
IT04530,TopicToken_04530 ProcessToken_038 PatternToken_017,Category_I,S010|S093|S124|S232|S239
IT04531,TopicToken_04531 ProcessToken_144 PatternToken_002,Category_L,S053|S076|S158|S108
IT04532,TopicToken_04532 ProcessToken_171 PatternToken_059,Category_K,S068|S117|S004
IT04533,TopicToken_04533 ProcessToken_185 PatternToken_026,Category_H,S165|S145
IT04534,TopicToken_04534 ProcessToken_046 PatternToken_063,Category_S,S096|S227|S048|S110|S190
IT04535,TopicToken_04535 ProcessToken_070 PatternToken_081,Category_D,S041|S145|S046|S080|S032
IT04536,TopicToken_04536 ProcessToken_042 PatternToken_039,Category_E,S023|S188|S060
IT04537,TopicToken_04537 ProcessToken_065 PatternToken_025,Category_A,S095|S144|S139|S137|S127
IT04538,TopicToken_04538 ProcessToken_135 PatternToken_039,Category_M,S182|S097|S188|S111|S184
IT04539,TopicToken_04539 ProcessToken_153 PatternToken_008,Category_H,S160|S226
IT04540,TopicToken_04540 ProcessToken_032 PatternToken_092,Category_B,S094|S069|S019|S022
IT04541,TopicToken_04541 ProcessToken_096 PatternToken_028,Category_G,S239|S037|S176|S121|S028
IT04542,TopicToken_04542 ProcessToken_011 PatternToken_019,Category_M,S001|S221|S069
IT04543,TopicToken_04543 ProcessToken_176 PatternToken_022,Category_B,S220|S197|S174
IT04544,TopicToken_04544 ProcessToken_194 PatternToken_034,Category_J,S133|S033|S092
IT04545,TopicToken_04545 ProcessToken_151 PatternToken_057,Category_Q,S086|S219|S001|S156
IT04546,TopicToken_04546 ProcessToken_049 PatternToken_100,Category_R,S167|S028|S220|S075
IT04547,TopicToken_04547 ProcessToken_165 PatternToken_055,Category_R,S067|S153|S011|S228
IT04548,TopicToken_04548 ProcessToken_049 PatternToken_062,Category_T,S225|S181|S223
IT04549,TopicToken_04549 ProcessToken_154 PatternToken_036,Category_T,S121|S232|S234
IT04550,TopicToken_04550 ProcessToken_086 PatternToken_025,Category_I,S215|S197|S070|S190|S096
IT04551,TopicToken_04551 ProcessToken_089 PatternToken_011,Category_H,S230|S136
IT04552,TopicToken_04552 ProcessToken_189 PatternToken_028,Category_F,S065|S232|S154|S043
IT04553,TopicToken_04553 ProcessToken_047 PatternToken_068,Category_F,S196|S041|S204|S036
IT04554,TopicToken_04554 ProcessToken_111 PatternToken_044,Category_K,S231|S090|S190|S064|S180
IT04555,TopicToken_04555 ProcessToken_076 PatternToken_062,Category_T,S214|S043
IT04556,TopicToken_04556 ProcessToken_051 PatternToken_072,Category_P,S024|S206
IT04557,TopicToken_04557 ProcessToken_136 PatternToken_033,Category_A,S211|S077|S173|S083
IT04558,TopicToken_04558 ProcessToken_071 PatternToken_068,Category_P,S189|S218|S085|S171|S031
IT04559,TopicToken_04559 ProcessToken_066 PatternToken_091,Category_G,S233|S239|S238
IT04560,TopicToken_04560 ProcessToken_179 PatternToken_045,Category_L,S066|S107|S142
IT04561,TopicToken_04561 ProcessToken_093 PatternToken_041,Category_B,S050|S153
IT04562,TopicToken_04562 ProcessToken_061 PatternToken_091,Category_B,S051|S127
IT04563,TopicToken_04563 ProcessToken_066 PatternToken_031,Category_B,S107|S228|S109|S186|S092
IT04564,TopicToken_04564 ProcessToken_017 PatternToken_071,Category_F,S013|S231|S016
IT04565,TopicToken_04565 ProcessToken_090 PatternToken_033,Category_S,S110|S070
IT04566,TopicToken_04566 ProcessToken_072 PatternToken_078,Category_A,S172|S239|S149|S205
IT04567,TopicToken_04567 ProcessToken_089 PatternToken_083,Category_R,S086|S133|S035
IT04568,TopicToken_04568 ProcessToken_067 PatternToken_061,Category_S,S014|S012
IT04569,TopicToken_04569 ProcessToken_034 PatternToken_046,Category_G,S101|S118|S130|S117|S032
IT04570,TopicToken_04570 ProcessToken_015 PatternToken_022,Category_E,S094|S016|S114
IT04571,TopicToken_04571 ProcessToken_022 PatternToken_091,Category_G,S133|S196|S134|S104
IT04572,TopicToken_04572 ProcessToken_189 PatternToken_040,Category_P,S004|S011|S140|S227
IT04573,TopicToken_04573 ProcessToken_108 PatternToken_042,Category_L,S082|S074|S224
IT04574,TopicToken_04574 ProcessToken_169 PatternToken_040,Category_R,S202|S199|S154|S108|S125
IT04575,TopicToken_04575 ProcessToken_173 PatternToken_095,Category_R,S012|S177|S181|S208
IT04576,TopicToken_04576 ProcessToken_117 PatternToken_044,Category_F,S054|S089
IT04577,TopicToken_04577 ProcessToken_118 PatternToken_091,Category_A,S212|S177
IT04578,TopicToken_04578 ProcessToken_132 PatternToken_036,Category_E,S004|S106|S164|S062|S180
IT04579,TopicToken_04579 ProcessToken_021 PatternToken_077,Category_I,S142|S149|S066|S062|S219
IT04580,TopicToken_04580 ProcessToken_164 PatternToken_019,Category_J,S095|S134|S183|S035
IT04581,TopicToken_04581 ProcessToken_016 PatternToken_082,Category_G,S223|S121|S134
IT04582,TopicToken_04582 ProcessToken_027 PatternToken_023,Category_A,S028|S101|S060|S180|S220
IT04583,TopicToken_04583 ProcessToken_054 PatternToken_092,Category_S,S068|S185|S202|S078|S146
IT04584,TopicToken_04584 ProcessToken_047 PatternToken_038,Category_T,S005|S035|S195|S042
IT04585,TopicToken_04585 ProcessToken_163 PatternToken_001,Category_O,S121|S041
IT04586,TopicToken_04586 ProcessToken_097 PatternToken_010,Category_M,S137|S162
IT04587,TopicToken_04587 ProcessToken_132 PatternToken_032,Category_G,S043|S067
IT04588,TopicToken_04588 ProcessToken_112 PatternToken_044,Category_S,S002|S075|S111|S198|S049
IT04589,TopicToken_04589 ProcessToken_097 PatternToken_002,Category_H,S226|S125
IT04590,TopicToken_04590 ProcessToken_192 PatternToken_077,Category_F,S036|S023
IT04591,TopicToken_04591 ProcessToken_166 PatternToken_075,Category_O,S048|S089|S205|S003|S146
IT04592,TopicToken_04592 ProcessToken_158 PatternToken_048,Category_I,S078|S177|S065|S185|S198
IT04593,TopicToken_04593 ProcessToken_045 PatternToken_096,Category_F,S143|S178|S207|S059|S073
IT04594,TopicToken_04594 ProcessToken_198 PatternToken_067,Category_E,S239|S087|S045|S166|S122
IT04595,TopicToken_04595 ProcessToken_049 PatternToken_092,Category_T,S135|S235|S021|S214|S230
IT04596,TopicToken_04596 ProcessToken_188 PatternToken_037,Category_M,S204|S126|S040
IT04597,TopicToken_04597 ProcessToken_039 PatternToken_091,Category_F,S117|S028|S166|S107|S231
IT04598,TopicToken_04598 ProcessToken_038 PatternToken_097,Category_R,S103|S220|S177|S194|S179
IT04599,TopicToken_04599 ProcessToken_058 PatternToken_052,Category_H,S227|S092
IT04600,TopicToken_04600 ProcessToken_152 PatternToken_055,Category_R,S074|S089|S062|S022
IT04601,TopicToken_04601 ProcessToken_159 PatternToken_056,Category_K,S231|S003|S045
IT04602,TopicToken_04602 ProcessToken_093 PatternToken_025,Category_K,S196|S091|S114|S170|S206
IT04603,TopicToken_04603 ProcessToken_070 PatternToken_023,Category_L,S220|S183|S060
IT04604,TopicToken_04604 ProcessToken_018 PatternToken_064,Category_E,S107|S092|S174|S022
IT04605,TopicToken_04605 ProcessToken_042 PatternToken_026,Category_I,S162|S235
IT04606,TopicToken_04606 ProcessToken_144 PatternToken_039,Category_T,S036|S209|S118|S140
IT04607,TopicToken_04607 ProcessToken_100 PatternToken_094,Category_L,S053|S152|S232
IT04608,TopicToken_04608 ProcessToken_004 PatternToken_094,Category_F,S060|S078
IT04609,TopicToken_04609 ProcessToken_117 PatternToken_081,Category_Q,S084|S186|S155
IT04610,TopicToken_04610 ProcessToken_152 PatternToken_038,Category_F,S187|S012
IT04611,TopicToken_04611 ProcessToken_187 PatternToken_012,Category_T,S163|S113|S085
IT04612,TopicToken_04612 ProcessToken_080 PatternToken_027,Category_S,S003|S140
IT04613,TopicToken_04613 ProcessToken_088 PatternToken_097,Category_Q,S156|S231
IT04614,TopicToken_04614 ProcessToken_190 PatternToken_010,Category_Q,S237|S096
IT04615,TopicToken_04615 ProcessToken_011 PatternToken_064,Category_K,S038|S027
IT04616,TopicToken_04616 ProcessToken_016 PatternToken_037,Category_A,S064|S175|S072|S043|S032
IT04617,TopicToken_04617 ProcessToken_026 PatternToken_041,Category_J,S069|S141
IT04618,TopicToken_04618 ProcessToken_020 PatternToken_062,Category_B,S144|S207|S229|S117
IT04619,TopicToken_04619 ProcessToken_029 PatternToken_082,Category_S,S238|S082|S214
IT04620,TopicToken_04620 ProcessToken_054 PatternToken_004,Category_S,S234|S009|S155
IT04621,TopicToken_04621 ProcessToken_029 PatternToken_063,Category_K,S058|S069
IT04622,TopicToken_04622 ProcessToken_131 PatternToken_088,Category_H,S025|S117|S054|S205|S207
IT04623,TopicToken_04623 ProcessToken_081 PatternToken_034,Category_O,S155|S193
IT04624,TopicToken_04624 ProcessToken_003 PatternToken_096,Category_E,S005|S086|S207
IT04625,TopicToken_04625 ProcessToken_031 PatternToken_011,Category_Q,S146|S055|S039|S047|S167
IT04626,TopicToken_04626 ProcessToken_040 PatternToken_073,Category_P,S152|S131|S062|S048
IT04627,TopicToken_04627 ProcessToken_069 PatternToken_012,Category_N,S166|S231|S025
IT04628,TopicToken_04628 ProcessToken_133 PatternToken_100,Category_K,S111|S159|S005
IT04629,TopicToken_04629 ProcessToken_072 PatternToken_051,Category_R,S186|S095|S018
IT04630,TopicToken_04630 ProcessToken_145 PatternToken_043,Category_K,S195|S043|S085|S042|S204
IT04631,TopicToken_04631 ProcessToken_072 PatternToken_004,Category_C,S193|S020|S018|S064
IT04632,TopicToken_04632 ProcessToken_020 PatternToken_009,Category_K,S173|S016|S076|S053|S094
IT04633,TopicToken_04633 ProcessToken_188 PatternToken_045,Category_P,S181|S222|S012|S153
IT04634,TopicToken_04634 ProcessToken_026 PatternToken_001,Category_H,S235|S203
IT04635,TopicToken_04635 ProcessToken_192 PatternToken_078,Category_P,S104|S088|S215|S237
IT04636,TopicToken_04636 ProcessToken_067 PatternToken_055,Category_R,S220|S060|S191|S090
IT04637,TopicToken_04637 ProcessToken_184 PatternToken_070,Category_E,S026|S163|S189|S133|S055
IT04638,TopicToken_04638 ProcessToken_107 PatternToken_040,Category_Q,S222|S227|S075|S174
IT04639,TopicToken_04639 ProcessToken_181 PatternToken_040,Category_P,S023|S087|S092
IT04640,TopicToken_04640 ProcessToken_100 PatternToken_054,Category_F,S086|S056|S040|S039
IT04641,TopicToken_04641 ProcessToken_177 PatternToken_098,Category_T,S005|S132
IT04642,TopicToken_04642 ProcessToken_104 PatternToken_078,Category_K,S125|S189
IT04643,TopicToken_04643 ProcessToken_081 PatternToken_001,Category_Q,S155|S143|S190
IT04644,TopicToken_04644 ProcessToken_089 PatternToken_016,Category_P,S179|S132
IT04645,TopicToken_04645 ProcessToken_190 PatternToken_091,Category_P,S145|S041
IT04646,TopicToken_04646 ProcessToken_011 PatternToken_031,Category_R,S048|S230
IT04647,TopicToken_04647 ProcessToken_065 PatternToken_058,Category_K,S042|S063|S229
IT04648,TopicToken_04648 ProcessToken_100 PatternToken_083,Category_N,S193|S091|S209|S187
IT04649,TopicToken_04649 ProcessToken_142 PatternToken_031,Category_D,S015|S210|S209
IT04650,TopicToken_04650 ProcessToken_129 PatternToken_016,Category_L,S035|S003|S225|S019|S229
IT04651,TopicToken_04651 ProcessToken_119 PatternToken_070,Category_L,S202|S099|S142|S221
IT04652,TopicToken_04652 ProcessToken_050 PatternToken_020,Category_P,S190|S112|S117
IT04653,TopicToken_04653 ProcessToken_023 PatternToken_014,Category_O,S215|S099|S163|S108
IT04654,TopicToken_04654 ProcessToken_108 PatternToken_016,Category_Q,S017|S207|S031|S240
IT04655,TopicToken_04655 ProcessToken_010 PatternToken_046,Category_M,S011|S133|S179|S230|S115
IT04656,TopicToken_04656 ProcessToken_064 PatternToken_049,Category_K,S191|S004|S238|S106
IT04657,TopicToken_04657 ProcessToken_175 PatternToken_020,Category_B,S223|S169|S044
IT04658,TopicToken_04658 ProcessToken_134 PatternToken_088,Category_E,S182|S072|S007|S197|S065
IT04659,TopicToken_04659 ProcessToken_110 PatternToken_041,Category_C,S205|S067|S226
IT04660,TopicToken_04660 ProcessToken_099 PatternToken_006,Category_L,S066|S106
IT04661,TopicToken_04661 ProcessToken_026 PatternToken_095,Category_R,S107|S080|S171|S033|S003
IT04662,TopicToken_04662 ProcessToken_104 PatternToken_066,Category_B,S135|S230
IT04663,TopicToken_04663 ProcessToken_169 PatternToken_071,Category_F,S229|S033|S162|S053
IT04664,TopicToken_04664 ProcessToken_142 PatternToken_041,Category_D,S065|S096
IT04665,TopicToken_04665 ProcessToken_023 PatternToken_074,Category_T,S154|S178|S114|S209|S144
IT04666,TopicToken_04666 ProcessToken_196 PatternToken_028,Category_I,S211|S225|S080|S036
IT04667,TopicToken_04667 ProcessToken_073 PatternToken_083,Category_G,S143|S173|S092|S127|S135
IT04668,TopicToken_04668 ProcessToken_024 PatternToken_019,Category_J,S174|S127|S239
IT04669,TopicToken_04669 ProcessToken_058 PatternToken_047,Category_H,S210|S087|S218|S154
IT04670,TopicToken_04670 ProcessToken_118 PatternToken_057,Category_B,S099|S180|S075
IT04671,TopicToken_04671 ProcessToken_066 PatternToken_081,Category_P,S222|S064|S128|S048
IT04672,TopicToken_04672 ProcessToken_028 PatternToken_098,Category_T,S231|S042|S181|S226
IT04673,TopicToken_04673 ProcessToken_160 PatternToken_043,Category_J,S174|S025|S060
IT04674,TopicToken_04674 ProcessToken_123 PatternToken_005,Category_B,S202|S098
IT04675,TopicToken_04675 ProcessToken_156 PatternToken_100,Category_P,S239|S147|S040|S170|S069
IT04676,TopicToken_04676 ProcessToken_183 PatternToken_008,Category_S,S017|S104
IT04677,TopicToken_04677 ProcessToken_032 PatternToken_057,Category_L,S058|S152|S023
IT04678,TopicToken_04678 ProcessToken_114 PatternToken_045,Category_D,S208|S107
IT04679,TopicToken_04679 ProcessToken_088 PatternToken_026,Category_F,S239|S131|S149
IT04680,TopicToken_04680 ProcessToken_148 PatternToken_022,Category_E,S123|S028
IT04681,TopicToken_04681 ProcessToken_137 PatternToken_004,Category_I,S156|S135|S082
IT04682,TopicToken_04682 ProcessToken_113 PatternToken_071,Category_N,S164|S088|S100|S208|S057
IT04683,TopicToken_04683 ProcessToken_017 PatternToken_025,Category_T,S044|S022|S225|S240|S108
IT04684,TopicToken_04684 ProcessToken_036 PatternToken_029,Category_H,S161|S211
IT04685,TopicToken_04685 ProcessToken_100 PatternToken_060,Category_Q,S060|S095
IT04686,TopicToken_04686 ProcessToken_034 PatternToken_026,Category_L,S227|S197|S111
IT04687,TopicToken_04687 ProcessToken_099 PatternToken_088,Category_D,S094|S103|S144|S031|S140
IT04688,TopicToken_04688 ProcessToken_109 PatternToken_073,Category_B,S202|S122|S135|S011
IT04689,TopicToken_04689 ProcessToken_035 PatternToken_003,Category_K,S214|S181
IT04690,TopicToken_04690 ProcessToken_071 PatternToken_086,Category_C,S066|S076|S078|S059|S079
IT04691,TopicToken_04691 ProcessToken_156 PatternToken_041,Category_G,S124|S070|S096|S064
IT04692,TopicToken_04692 ProcessToken_188 PatternToken_099,Category_A,S231|S040
IT04693,TopicToken_04693 ProcessToken_063 PatternToken_082,Category_I,S197|S142|S065|S171
IT04694,TopicToken_04694 ProcessToken_019 PatternToken_041,Category_I,S146|S133|S154|S181|S034
IT04695,TopicToken_04695 ProcessToken_073 PatternToken_038,Category_N,S112|S145|S034|S139|S166
IT04696,TopicToken_04696 ProcessToken_169 PatternToken_025,Category_N,S191|S119|S162|S017
IT04697,TopicToken_04697 ProcessToken_106 PatternToken_010,Category_J,S022|S184|S054
IT04698,TopicToken_04698 ProcessToken_051 PatternToken_022,Category_D,S135|S220|S084|S008|S036
IT04699,TopicToken_04699 ProcessToken_062 PatternToken_070,Category_L,S096|S186|S026|S210|S160
IT04700,TopicToken_04700 ProcessToken_032 PatternToken_030,Category_N,S169|S199|S140|S143
IT04701,TopicToken_04701 ProcessToken_196 PatternToken_017,Category_S,S022|S066
IT04702,TopicToken_04702 ProcessToken_174 PatternToken_099,Category_K,S197|S137
IT04703,TopicToken_04703 ProcessToken_110 PatternToken_008,Category_M,S135|S216
IT04704,TopicToken_04704 ProcessToken_094 PatternToken_087,Category_F,S228|S059
IT04705,TopicToken_04705 ProcessToken_052 PatternToken_002,Category_B,S094|S032|S128|S072|S107
IT04706,TopicToken_04706 ProcessToken_149 PatternToken_007,Category_Q,S139|S136|S028|S011
IT04707,TopicToken_04707 ProcessToken_047 PatternToken_035,Category_R,S072|S129|S154|S105
IT04708,TopicToken_04708 ProcessToken_074 PatternToken_009,Category_D,S203|S121|S216
IT04709,TopicToken_04709 ProcessToken_107 PatternToken_013,Category_C,S107|S080|S235|S220|S109
IT04710,TopicToken_04710 ProcessToken_094 PatternToken_063,Category_E,S181|S177|S002|S215
IT04711,TopicToken_04711 ProcessToken_045 PatternToken_005,Category_I,S024|S173|S043|S204
IT04712,TopicToken_04712 ProcessToken_018 PatternToken_003,Category_H,S110|S165|S218|S040|S085
IT04713,TopicToken_04713 ProcessToken_033 PatternToken_076,Category_M,S149|S235|S132|S185|S041
IT04714,TopicToken_04714 ProcessToken_160 PatternToken_043,Category_O,S019|S208|S103
IT04715,TopicToken_04715 ProcessToken_083 PatternToken_026,Category_Q,S185|S110|S200|S175
IT04716,TopicToken_04716 ProcessToken_171 PatternToken_036,Category_D,S210|S046
IT04717,TopicToken_04717 ProcessToken_010 PatternToken_091,Category_Q,S234|S164|S153|S062|S148
IT04718,TopicToken_04718 ProcessToken_140 PatternToken_077,Category_C,S162|S096|S029|S209|S169
IT04719,TopicToken_04719 ProcessToken_183 PatternToken_064,Category_H,S154|S232|S131|S148
IT04720,TopicToken_04720 ProcessToken_043 PatternToken_026,Category_F,S100|S067
IT04721,TopicToken_04721 ProcessToken_028 PatternToken_089,Category_T,S188|S119
IT04722,TopicToken_04722 ProcessToken_010 PatternToken_019,Category_A,S032|S235|S221|S107
IT04723,TopicToken_04723 ProcessToken_129 PatternToken_085,Category_I,S156|S062|S127|S174|S020
IT04724,TopicToken_04724 ProcessToken_121 PatternToken_054,Category_F,S052|S096|S122
IT04725,TopicToken_04725 ProcessToken_019 PatternToken_012,Category_L,S116|S075|S164
IT04726,TopicToken_04726 ProcessToken_179 PatternToken_021,Category_K,S208|S088|S028|S005
IT04727,TopicToken_04727 ProcessToken_136 PatternToken_096,Category_H,S071|S158|S231
IT04728,TopicToken_04728 ProcessToken_143 PatternToken_005,Category_G,S232|S201
IT04729,TopicToken_04729 ProcessToken_015 PatternToken_019,Category_J,S013|S059
IT04730,TopicToken_04730 ProcessToken_150 PatternToken_064,Category_J,S182|S123|S135|S167|S080
IT04731,TopicToken_04731 ProcessToken_118 PatternToken_100,Category_P,S137|S204|S054|S111|S101
IT04732,TopicToken_04732 ProcessToken_079 PatternToken_100,Category_S,S014|S097|S151|S190|S235
IT04733,TopicToken_04733 ProcessToken_075 PatternToken_020,Category_H,S223|S180|S007
IT04734,TopicToken_04734 ProcessToken_140 PatternToken_090,Category_D,S097|S049
IT04735,TopicToken_04735 ProcessToken_125 PatternToken_064,Category_I,S032|S067|S153
IT04736,TopicToken_04736 ProcessToken_058 PatternToken_062,Category_M,S017|S034|S055
IT04737,TopicToken_04737 ProcessToken_080 PatternToken_035,Category_C,S092|S217|S121|S026|S044
IT04738,TopicToken_04738 ProcessToken_046 PatternToken_047,Category_Q,S153|S035|S052|S014|S106
IT04739,TopicToken_04739 ProcessToken_159 PatternToken_092,Category_E,S017|S004
IT04740,TopicToken_04740 ProcessToken_200 PatternToken_010,Category_E,S011|S044|S180
IT04741,TopicToken_04741 ProcessToken_071 PatternToken_090,Category_F,S183|S184|S101|S096|S082
IT04742,TopicToken_04742 ProcessToken_107 PatternToken_016,Category_I,S209|S055|S103
IT04743,TopicToken_04743 ProcessToken_133 PatternToken_077,Category_D,S005|S117|S002|S108|S041
IT04744,TopicToken_04744 ProcessToken_105 PatternToken_039,Category_G,S084|S126|S110
IT04745,TopicToken_04745 ProcessToken_023 PatternToken_008,Category_I,S012|S182
IT04746,TopicToken_04746 ProcessToken_177 PatternToken_065,Category_K,S237|S027|S139|S076
IT04747,TopicToken_04747 ProcessToken_075 PatternToken_074,Category_T,S122|S003
IT04748,TopicToken_04748 ProcessToken_155 PatternToken_090,Category_B,S064|S058
IT04749,TopicToken_04749 ProcessToken_006 PatternToken_034,Category_Q,S153|S020|S079|S222
IT04750,TopicToken_04750 ProcessToken_034 PatternToken_057,Category_T,S021|S058|S196|S208|S073
IT04751,TopicToken_04751 ProcessToken_074 PatternToken_070,Category_R,S028|S100|S134
IT04752,TopicToken_04752 ProcessToken_177 PatternToken_081,Category_Q,S092|S097
IT04753,TopicToken_04753 ProcessToken_152 PatternToken_095,Category_L,S023|S166|S114|S227
IT04754,TopicToken_04754 ProcessToken_159 PatternToken_054,Category_E,S059|S211|S175|S108
IT04755,TopicToken_04755 ProcessToken_149 PatternToken_092,Category_L,S197|S146
IT04756,TopicToken_04756 ProcessToken_184 PatternToken_080,Category_D,S044|S016|S166|S111|S125
IT04757,TopicToken_04757 ProcessToken_052 PatternToken_099,Category_R,S165|S194|S198|S046|S200
IT04758,TopicToken_04758 ProcessToken_083 PatternToken_038,Category_A,S221|S036|S108|S196
IT04759,TopicToken_04759 ProcessToken_054 PatternToken_025,Category_O,S104|S225|S098|S024|S238
IT04760,TopicToken_04760 ProcessToken_092 PatternToken_011,Category_N,S118|S065|S148|S228|S071
IT04761,TopicToken_04761 ProcessToken_110 PatternToken_087,Category_K,S096|S217|S064|S017
IT04762,TopicToken_04762 ProcessToken_149 PatternToken_005,Category_D,S234|S075
IT04763,TopicToken_04763 ProcessToken_112 PatternToken_095,Category_J,S070|S233|S213|S050|S021
IT04764,TopicToken_04764 ProcessToken_128 PatternToken_045,Category_O,S130|S164
IT04765,TopicToken_04765 ProcessToken_045 PatternToken_025,Category_O,S032|S137|S153|S106
IT04766,TopicToken_04766 ProcessToken_066 PatternToken_018,Category_I,S159|S196|S239
IT04767,TopicToken_04767 ProcessToken_062 PatternToken_011,Category_H,S062|S081
IT04768,TopicToken_04768 ProcessToken_035 PatternToken_004,Category_K,S182|S152|S046
IT04769,TopicToken_04769 ProcessToken_021 PatternToken_069,Category_H,S007|S047|S193|S049|S088
IT04770,TopicToken_04770 ProcessToken_111 PatternToken_075,Category_O,S226|S131|S212
IT04771,TopicToken_04771 ProcessToken_001 PatternToken_010,Category_E,S211|S131
IT04772,TopicToken_04772 ProcessToken_148 PatternToken_006,Category_G,S097|S213
IT04773,TopicToken_04773 ProcessToken_190 PatternToken_070,Category_L,S188|S052
IT04774,TopicToken_04774 ProcessToken_055 PatternToken_028,Category_Q,S151|S218|S184
IT04775,TopicToken_04775 ProcessToken_041 PatternToken_025,Category_G,S209|S221|S190
IT04776,TopicToken_04776 ProcessToken_100 PatternToken_089,Category_S,S168|S238|S118|S213
IT04777,TopicToken_04777 ProcessToken_026 PatternToken_046,Category_C,S178|S148|S010|S106|S132
IT04778,TopicToken_04778 ProcessToken_099 PatternToken_099,Category_K,S201|S162|S122|S161
IT04779,TopicToken_04779 ProcessToken_093 PatternToken_039,Category_R,S211|S084|S002|S022
IT04780,TopicToken_04780 ProcessToken_097 PatternToken_064,Category_T,S227|S176|S040
IT04781,TopicToken_04781 ProcessToken_182 PatternToken_069,Category_O,S229|S140|S004|S136|S239
IT04782,TopicToken_04782 ProcessToken_125 PatternToken_021,Category_S,S131|S160
IT04783,TopicToken_04783 ProcessToken_140 PatternToken_071,Category_T,S043|S053|S216|S235|S118
IT04784,TopicToken_04784 ProcessToken_176 PatternToken_001,Category_I,S209|S186
IT04785,TopicToken_04785 ProcessToken_178 PatternToken_062,Category_K,S092|S074|S032|S206|S161
IT04786,TopicToken_04786 ProcessToken_006 PatternToken_008,Category_G,S196|S048|S169
IT04787,TopicToken_04787 ProcessToken_059 PatternToken_009,Category_K,S054|S160|S175|S101
IT04788,TopicToken_04788 ProcessToken_134 PatternToken_005,Category_K,S091|S189
IT04789,TopicToken_04789 ProcessToken_044 PatternToken_071,Category_E,S218|S198
IT04790,TopicToken_04790 ProcessToken_151 PatternToken_026,Category_D,S139|S010|S203|S121
IT04791,TopicToken_04791 ProcessToken_010 PatternToken_080,Category_M,S129|S187|S047|S189
IT04792,TopicToken_04792 ProcessToken_036 PatternToken_054,Category_R,S011|S209|S132
IT04793,TopicToken_04793 ProcessToken_005 PatternToken_095,Category_O,S065|S019|S079|S011|S030
IT04794,TopicToken_04794 ProcessToken_055 PatternToken_043,Category_H,S008|S125
IT04795,TopicToken_04795 ProcessToken_146 PatternToken_009,Category_L,S192|S203|S024
IT04796,TopicToken_04796 ProcessToken_171 PatternToken_084,Category_G,S240|S028|S022|S169
IT04797,TopicToken_04797 ProcessToken_198 PatternToken_008,Category_I,S090|S050|S225
IT04798,TopicToken_04798 ProcessToken_150 PatternToken_004,Category_Q,S125|S076
IT04799,TopicToken_04799 ProcessToken_045 PatternToken_056,Category_J,S201|S216|S078
IT04800,TopicToken_04800 ProcessToken_013 PatternToken_055,Category_O,S114|S031|S217|S179|S044
IT04801,TopicToken_04801 ProcessToken_054 PatternToken_044,Category_B,S006|S105
IT04802,TopicToken_04802 ProcessToken_147 PatternToken_098,Category_C,S067|S111
IT04803,TopicToken_04803 ProcessToken_027 PatternToken_092,Category_N,S199|S190|S141|S054
IT04804,TopicToken_04804 ProcessToken_191 PatternToken_095,Category_J,S172|S230|S235
IT04805,TopicToken_04805 ProcessToken_151 PatternToken_038,Category_I,S227|S114|S222|S226|S085
IT04806,TopicToken_04806 ProcessToken_078 PatternToken_024,Category_Q,S049|S118|S119|S108
IT04807,TopicToken_04807 ProcessToken_104 PatternToken_078,Category_E,S091|S231
IT04808,TopicToken_04808 ProcessToken_174 PatternToken_080,Category_P,S044|S208|S239
IT04809,TopicToken_04809 ProcessToken_155 PatternToken_092,Category_N,S030|S224|S202|S018|S032
IT04810,TopicToken_04810 ProcessToken_175 PatternToken_017,Category_K,S136|S017|S082|S119
IT04811,TopicToken_04811 ProcessToken_016 PatternToken_056,Category_C,S082|S045|S072|S184
IT04812,TopicToken_04812 ProcessToken_151 PatternToken_023,Category_E,S178|S055
IT04813,TopicToken_04813 ProcessToken_104 PatternToken_058,Category_R,S070|S105|S128
IT04814,TopicToken_04814 ProcessToken_001 PatternToken_045,Category_L,S039|S237|S222|S226|S079
IT04815,TopicToken_04815 ProcessToken_131 PatternToken_072,Category_D,S164|S104|S209
IT04816,TopicToken_04816 ProcessToken_144 PatternToken_029,Category_S,S183|S100|S094|S110|S179
IT04817,TopicToken_04817 ProcessToken_035 PatternToken_090,Category_K,S123|S093|S105|S189
IT04818,TopicToken_04818 ProcessToken_060 PatternToken_083,Category_N,S204|S221
IT04819,TopicToken_04819 ProcessToken_036 PatternToken_062,Category_O,S208|S171|S231
IT04820,TopicToken_04820 ProcessToken_199 PatternToken_068,Category_Q,S159|S130
IT04821,TopicToken_04821 ProcessToken_124 PatternToken_044,Category_P,S131|S068|S211|S240
IT04822,TopicToken_04822 ProcessToken_157 PatternToken_039,Category_R,S202|S133|S101|S125
IT04823,TopicToken_04823 ProcessToken_100 PatternToken_048,Category_S,S100|S190
IT04824,TopicToken_04824 ProcessToken_014 PatternToken_084,Category_R,S185|S212|S096|S159|S011
IT04825,TopicToken_04825 ProcessToken_018 PatternToken_047,Category_M,S234|S058|S059
IT04826,TopicToken_04826 ProcessToken_140 PatternToken_021,Category_N,S017|S204
IT04827,TopicToken_04827 ProcessToken_193 PatternToken_060,Category_G,S122|S021|S077|S126
IT04828,TopicToken_04828 ProcessToken_127 PatternToken_016,Category_T,S191|S164|S157|S153
IT04829,TopicToken_04829 ProcessToken_018 PatternToken_090,Category_L,S239|S058|S211|S167|S214
IT04830,TopicToken_04830 ProcessToken_197 PatternToken_013,Category_H,S112|S083|S095|S094|S062
IT04831,TopicToken_04831 ProcessToken_085 PatternToken_073,Category_L,S189|S111
IT04832,TopicToken_04832 ProcessToken_200 PatternToken_042,Category_Q,S210|S063
IT04833,TopicToken_04833 ProcessToken_069 PatternToken_061,Category_F,S196|S074
IT04834,TopicToken_04834 ProcessToken_034 PatternToken_063,Category_A,S190|S182|S084|S149
IT04835,TopicToken_04835 ProcessToken_087 PatternToken_057,Category_M,S048|S050|S150|S180|S122
IT04836,TopicToken_04836 ProcessToken_119 PatternToken_086,Category_R,S035|S120|S169
IT04837,TopicToken_04837 ProcessToken_087 PatternToken_073,Category_I,S152|S083|S094|S032
IT04838,TopicToken_04838 ProcessToken_085 PatternToken_034,Category_M,S099|S111|S160|S092
IT04839,TopicToken_04839 ProcessToken_071 PatternToken_078,Category_C,S049|S178|S165
IT04840,TopicToken_04840 ProcessToken_113 PatternToken_040,Category_I,S229|S191|S239
IT04841,TopicToken_04841 ProcessToken_077 PatternToken_045,Category_Q,S211|S205
IT04842,TopicToken_04842 ProcessToken_112 PatternToken_041,Category_J,S183|S027
IT04843,TopicToken_04843 ProcessToken_067 PatternToken_020,Category_O,S172|S013
IT04844,TopicToken_04844 ProcessToken_112 PatternToken_029,Category_B,S048|S014|S055|S208|S173
IT04845,TopicToken_04845 ProcessToken_156 PatternToken_072,Category_H,S043|S082
IT04846,TopicToken_04846 ProcessToken_055 PatternToken_090,Category_M,S230|S020|S082|S069|S196
IT04847,TopicToken_04847 ProcessToken_006 PatternToken_016,Category_L,S118|S201|S154
IT04848,TopicToken_04848 ProcessToken_137 PatternToken_044,Category_M,S153|S106|S208
IT04849,TopicToken_04849 ProcessToken_069 PatternToken_006,Category_I,S020|S086|S019
IT04850,TopicToken_04850 ProcessToken_067 PatternToken_017,Category_O,S137|S030|S097|S073
IT04851,TopicToken_04851 ProcessToken_119 PatternToken_032,Category_R,S087|S054|S079
IT04852,TopicToken_04852 ProcessToken_060 PatternToken_021,Category_A,S176|S126|S153
IT04853,TopicToken_04853 ProcessToken_045 PatternToken_001,Category_D,S120|S008|S188|S220
IT04854,TopicToken_04854 ProcessToken_126 PatternToken_072,Category_E,S053|S043|S104
IT04855,TopicToken_04855 ProcessToken_196 PatternToken_070,Category_G,S188|S095|S189
IT04856,TopicToken_04856 ProcessToken_079 PatternToken_043,Category_M,S202|S118|S193
IT04857,TopicToken_04857 ProcessToken_047 PatternToken_085,Category_C,S047|S188|S095|S075|S111
IT04858,TopicToken_04858 ProcessToken_135 PatternToken_067,Category_R,S156|S166|S219|S022|S021
IT04859,TopicToken_04859 ProcessToken_190 PatternToken_013,Category_I,S147|S202|S073|S038
IT04860,TopicToken_04860 ProcessToken_019 PatternToken_012,Category_L,S118|S028|S172|S224
IT04861,TopicToken_04861 ProcessToken_124 PatternToken_073,Category_T,S205|S159|S226|S009|S196
IT04862,TopicToken_04862 ProcessToken_012 PatternToken_087,Category_F,S169|S203
IT04863,TopicToken_04863 ProcessToken_195 PatternToken_067,Category_R,S236|S186|S075|S224|S152
IT04864,TopicToken_04864 ProcessToken_162 PatternToken_099,Category_G,S200|S191
IT04865,TopicToken_04865 ProcessToken_056 PatternToken_060,Category_D,S004|S057
IT04866,TopicToken_04866 ProcessToken_146 PatternToken_099,Category_I,S226|S222|S048
IT04867,TopicToken_04867 ProcessToken_002 PatternToken_090,Category_O,S167|S100
IT04868,TopicToken_04868 ProcessToken_160 PatternToken_037,Category_J,S041|S123|S066
IT04869,TopicToken_04869 ProcessToken_051 PatternToken_025,Category_F,S214|S044|S083
IT04870,TopicToken_04870 ProcessToken_113 PatternToken_056,Category_T,S216|S239|S230|S085|S222
IT04871,TopicToken_04871 ProcessToken_123 PatternToken_002,Category_N,S200|S219|S057
IT04872,TopicToken_04872 ProcessToken_166 PatternToken_072,Category_D,S152|S053|S121|S003
IT04873,TopicToken_04873 ProcessToken_059 PatternToken_072,Category_R,S163|S219|S178
IT04874,TopicToken_04874 ProcessToken_164 PatternToken_014,Category_D,S043|S024|S208
IT04875,TopicToken_04875 ProcessToken_191 PatternToken_003,Category_T,S226|S232
IT04876,TopicToken_04876 ProcessToken_199 PatternToken_055,Category_O,S051|S225|S035
IT04877,TopicToken_04877 ProcessToken_037 PatternToken_068,Category_M,S118|S028|S016|S101
IT04878,TopicToken_04878 ProcessToken_100 PatternToken_089,Category_C,S062|S226|S022|S129
IT04879,TopicToken_04879 ProcessToken_091 PatternToken_027,Category_S,S110|S160|S228
IT04880,TopicToken_04880 ProcessToken_064 PatternToken_090,Category_M,S076|S015|S083
IT04881,TopicToken_04881 ProcessToken_166 PatternToken_055,Category_A,S019|S042|S186|S026
IT04882,TopicToken_04882 ProcessToken_015 PatternToken_077,Category_C,S033|S064|S053
IT04883,TopicToken_04883 ProcessToken_151 PatternToken_009,Category_I,S115|S035|S040|S041
IT04884,TopicToken_04884 ProcessToken_181 PatternToken_027,Category_N,S091|S054|S161
IT04885,TopicToken_04885 ProcessToken_118 PatternToken_021,Category_L,S159|S157|S060|S238|S105
IT04886,TopicToken_04886 ProcessToken_017 PatternToken_062,Category_T,S175|S113|S152|S030|S216
IT04887,TopicToken_04887 ProcessToken_094 PatternToken_008,Category_B,S226|S112|S009
IT04888,TopicToken_04888 ProcessToken_037 PatternToken_028,Category_G,S142|S108
IT04889,TopicToken_04889 ProcessToken_099 PatternToken_030,Category_G,S059|S205|S133|S188
IT04890,TopicToken_04890 ProcessToken_135 PatternToken_075,Category_M,S111|S231
IT04891,TopicToken_04891 ProcessToken_147 PatternToken_040,Category_B,S187|S032
IT04892,TopicToken_04892 ProcessToken_167 PatternToken_008,Category_Q,S167|S090|S093|S141
IT04893,TopicToken_04893 ProcessToken_064 PatternToken_030,Category_S,S099|S042|S206|S054
IT04894,TopicToken_04894 ProcessToken_081 PatternToken_060,Category_S,S039|S077|S138|S119|S160
IT04895,TopicToken_04895 ProcessToken_177 PatternToken_033,Category_G,S147|S122
IT04896,TopicToken_04896 ProcessToken_149 PatternToken_006,Category_C,S138|S189|S203|S176|S213
IT04897,TopicToken_04897 ProcessToken_046 PatternToken_001,Category_C,S040|S199|S223|S188|S131
IT04898,TopicToken_04898 ProcessToken_153 PatternToken_092,Category_K,S208|S008|S146|S157|S126
IT04899,TopicToken_04899 ProcessToken_033 PatternToken_096,Category_L,S195|S119|S138|S107|S120
IT04900,TopicToken_04900 ProcessToken_179 PatternToken_057,Category_G,S179|S169
IT04901,TopicToken_04901 ProcessToken_086 PatternToken_003,Category_H,S090|S080|S233|S227|S062
IT04902,TopicToken_04902 ProcessToken_044 PatternToken_050,Category_T,S108|S100|S008|S019
IT04903,TopicToken_04903 ProcessToken_042 PatternToken_099,Category_R,S155|S125|S222|S081
IT04904,TopicToken_04904 ProcessToken_068 PatternToken_081,Category_S,S179|S104|S016|S238|S226
IT04905,TopicToken_04905 ProcessToken_052 PatternToken_008,Category_E,S139|S074|S043|S140|S224
IT04906,TopicToken_04906 ProcessToken_018 PatternToken_090,Category_J,S173|S108|S103|S208|S052
IT04907,TopicToken_04907 ProcessToken_115 PatternToken_071,Category_A,S180|S009|S210|S013
IT04908,TopicToken_04908 ProcessToken_079 PatternToken_018,Category_S,S048|S023
IT04909,TopicToken_04909 ProcessToken_083 PatternToken_009,Category_B,S077|S071
IT04910,TopicToken_04910 ProcessToken_190 PatternToken_005,Category_C,S103|S049|S162|S197|S023
IT04911,TopicToken_04911 ProcessToken_182 PatternToken_089,Category_Q,S085|S209|S129
IT04912,TopicToken_04912 ProcessToken_080 PatternToken_087,Category_I,S174|S158|S159|S022
IT04913,TopicToken_04913 ProcessToken_043 PatternToken_053,Category_C,S058|S049|S051|S141|S097
IT04914,TopicToken_04914 ProcessToken_004 PatternToken_046,Category_M,S192|S026|S096|S007
IT04915,TopicToken_04915 ProcessToken_023 PatternToken_031,Category_P,S118|S197|S024
IT04916,TopicToken_04916 ProcessToken_182 PatternToken_067,Category_O,S159|S059|S240
IT04917,TopicToken_04917 ProcessToken_071 PatternToken_023,Category_Q,S174|S211|S217|S143|S004
IT04918,TopicToken_04918 ProcessToken_199 PatternToken_050,Category_E,S221|S010|S004|S079
IT04919,TopicToken_04919 ProcessToken_049 PatternToken_030,Category_K,S226|S096|S060|S137
IT04920,TopicToken_04920 ProcessToken_049 PatternToken_044,Category_N,S107|S064|S013|S039
IT04921,TopicToken_04921 ProcessToken_044 PatternToken_067,Category_H,S124|S213|S122|S235|S143
IT04922,TopicToken_04922 ProcessToken_134 PatternToken_007,Category_F,S026|S061|S086|S135|S153
IT04923,TopicToken_04923 ProcessToken_030 PatternToken_038,Category_I,S018|S159|S224
IT04924,TopicToken_04924 ProcessToken_018 PatternToken_099,Category_S,S096|S172|S183
IT04925,TopicToken_04925 ProcessToken_129 PatternToken_019,Category_K,S239|S142|S136|S065|S188
IT04926,TopicToken_04926 ProcessToken_187 PatternToken_061,Category_D,S027|S219|S040|S168|S228
IT04927,TopicToken_04927 ProcessToken_078 PatternToken_052,Category_J,S114|S023|S234
IT04928,TopicToken_04928 ProcessToken_017 PatternToken_031,Category_K,S175|S149|S104|S144|S191
IT04929,TopicToken_04929 ProcessToken_013 PatternToken_036,Category_E,S024|S087|S098
IT04930,TopicToken_04930 ProcessToken_051 PatternToken_011,Category_E,S138|S037|S025|S064|S109
IT04931,TopicToken_04931 ProcessToken_028 PatternToken_050,Category_H,S231|S224|S065
IT04932,TopicToken_04932 ProcessToken_148 PatternToken_099,Category_Q,S198|S038|S154|S003
IT04933,TopicToken_04933 ProcessToken_006 PatternToken_017,Category_A,S034|S128
IT04934,TopicToken_04934 ProcessToken_179 PatternToken_064,Category_S,S146|S083|S204|S135
IT04935,TopicToken_04935 ProcessToken_029 PatternToken_020,Category_H,S005|S226|S018|S070|S203
IT04936,TopicToken_04936 ProcessToken_160 PatternToken_041,Category_H,S142|S072|S162|S140|S222
IT04937,TopicToken_04937 ProcessToken_141 PatternToken_053,Category_C,S122|S176|S130|S014|S085
IT04938,TopicToken_04938 ProcessToken_080 PatternToken_044,Category_G,S059|S050
IT04939,TopicToken_04939 ProcessToken_016 PatternToken_090,Category_R,S003|S238|S073|S023
IT04940,TopicToken_04940 ProcessToken_138 PatternToken_080,Category_S,S136|S011
IT04941,TopicToken_04941 ProcessToken_121 PatternToken_082,Category_S,S082|S095|S108
IT04942,TopicToken_04942 ProcessToken_004 PatternToken_069,Category_E,S204|S062
IT04943,TopicToken_04943 ProcessToken_035 PatternToken_090,Category_T,S019|S055|S137|S190
IT04944,TopicToken_04944 ProcessToken_124 PatternToken_017,Category_T,S163|S106
IT04945,TopicToken_04945 ProcessToken_084 PatternToken_027,Category_N,S166|S213|S037|S234|S066
IT04946,TopicToken_04946 ProcessToken_068 PatternToken_039,Category_N,S018|S157|S088|S030
IT04947,TopicToken_04947 ProcessToken_094 PatternToken_083,Category_E,S204|S091|S128|S175|S130
IT04948,TopicToken_04948 ProcessToken_037 PatternToken_013,Category_L,S105|S191|S155|S144
IT04949,TopicToken_04949 ProcessToken_024 PatternToken_095,Category_Q,S158|S216
IT04950,TopicToken_04950 ProcessToken_006 PatternToken_081,Category_O,S197|S169|S196|S083
IT04951,TopicToken_04951 ProcessToken_189 PatternToken_002,Category_A,S014|S046|S085|S196|S207
IT04952,TopicToken_04952 ProcessToken_033 PatternToken_060,Category_Q,S113|S121
IT04953,TopicToken_04953 ProcessToken_025 PatternToken_083,Category_R,S177|S206|S003
IT04954,TopicToken_04954 ProcessToken_092 PatternToken_073,Category_P,S075|S021|S023|S137
IT04955,TopicToken_04955 ProcessToken_155 PatternToken_089,Category_B,S235|S029
IT04956,TopicToken_04956 ProcessToken_161 PatternToken_097,Category_T,S085|S123
IT04957,TopicToken_04957 ProcessToken_102 PatternToken_034,Category_O,S036|S051|S040
IT04958,TopicToken_04958 ProcessToken_033 PatternToken_012,Category_S,S234|S080|S079
IT04959,TopicToken_04959 ProcessToken_155 PatternToken_064,Category_O,S012|S197
IT04960,TopicToken_04960 ProcessToken_067 PatternToken_032,Category_L,S146|S082
IT04961,TopicToken_04961 ProcessToken_020 PatternToken_061,Category_Q,S020|S199
IT04962,TopicToken_04962 ProcessToken_157 PatternToken_094,Category_B,S054|S090|S116|S067|S082
IT04963,TopicToken_04963 ProcessToken_066 PatternToken_002,Category_P,S114|S043|S004|S234
IT04964,TopicToken_04964 ProcessToken_096 PatternToken_040,Category_C,S065|S093|S103
IT04965,TopicToken_04965 ProcessToken_050 PatternToken_013,Category_T,S009|S225|S121
IT04966,TopicToken_04966 ProcessToken_130 PatternToken_020,Category_L,S143|S200|S020|S215
IT04967,TopicToken_04967 ProcessToken_022 PatternToken_052,Category_R,S226|S070|S215|S052|S062
IT04968,TopicToken_04968 ProcessToken_192 PatternToken_038,Category_L,S051|S145|S178|S034
IT04969,TopicToken_04969 ProcessToken_126 PatternToken_094,Category_O,S159|S069|S100|S117
IT04970,TopicToken_04970 ProcessToken_006 PatternToken_096,Category_G,S124|S135|S179|S133
IT04971,TopicToken_04971 ProcessToken_191 PatternToken_003,Category_R,S009|S081|S135|S237|S209
IT04972,TopicToken_04972 ProcessToken_175 PatternToken_064,Category_A,S189|S061|S092|S053|S081
IT04973,TopicToken_04973 ProcessToken_161 PatternToken_070,Category_S,S148|S109|S236
IT04974,TopicToken_04974 ProcessToken_139 PatternToken_005,Category_P,S104|S033
IT04975,TopicToken_04975 ProcessToken_027 PatternToken_083,Category_M,S179|S037|S240|S040
IT04976,TopicToken_04976 ProcessToken_038 PatternToken_087,Category_Q,S074|S032|S232|S013
IT04977,TopicToken_04977 ProcessToken_193 PatternToken_062,Category_B,S220|S209
IT04978,TopicToken_04978 ProcessToken_183 PatternToken_068,Category_K,S139|S167
IT04979,TopicToken_04979 ProcessToken_138 PatternToken_004,Category_I,S009|S057|S220
IT04980,TopicToken_04980 ProcessToken_008 PatternToken_049,Category_R,S132|S086|S063|S143|S089
IT04981,TopicToken_04981 ProcessToken_040 PatternToken_094,Category_K,S190|S133
IT04982,TopicToken_04982 ProcessToken_155 PatternToken_083,Category_M,S232|S134|S097|S188
IT04983,TopicToken_04983 ProcessToken_097 PatternToken_072,Category_B,S027|S074
IT04984,TopicToken_04984 ProcessToken_040 PatternToken_045,Category_G,S144|S005|S189
IT04985,TopicToken_04985 ProcessToken_076 PatternToken_044,Category_N,S007|S171
IT04986,TopicToken_04986 ProcessToken_040 PatternToken_094,Category_I,S198|S215|S026|S122|S092
IT04987,TopicToken_04987 ProcessToken_003 PatternToken_083,Category_O,S102|S176|S182|S078|S155
IT04988,TopicToken_04988 ProcessToken_178 PatternToken_038,Category_N,S050|S143|S009|S137|S229
IT04989,TopicToken_04989 ProcessToken_045 PatternToken_050,Category_H,S100|S233
IT04990,TopicToken_04990 ProcessToken_146 PatternToken_001,Category_H,S193|S023
IT04991,TopicToken_04991 ProcessToken_159 PatternToken_060,Category_O,S040|S078
IT04992,TopicToken_04992 ProcessToken_157 PatternToken_027,Category_Q,S026|S160|S213
IT04993,TopicToken_04993 ProcessToken_005 PatternToken_065,Category_H,S042|S108|S067
IT04994,TopicToken_04994 ProcessToken_076 PatternToken_060,Category_K,S155|S224|S111|S223|S129
IT04995,TopicToken_04995 ProcessToken_035 PatternToken_054,Category_I,S057|S121
IT04996,TopicToken_04996 ProcessToken_001 PatternToken_036,Category_L,S064|S133|S235|S048
IT04997,TopicToken_04997 ProcessToken_175 PatternToken_093,Category_O,S044|S006
IT04998,TopicToken_04998 ProcessToken_127 PatternToken_001,Category_L,S151|S070|S116
IT04999,TopicToken_04999 ProcessToken_071 PatternToken_025,Category_B,S171|S215|S172
IT05000,TopicToken_05000 ProcessToken_125 PatternToken_081,Category_S,S190|S076|S142|S238|S105
IT05001,TopicToken_05001 ProcessToken_048 PatternToken_033,Category_O,S173|S129|S119
IT05002,TopicToken_05002 ProcessToken_128 PatternToken_008,Category_M,S224|S039|S216|S121
IT05003,TopicToken_05003 ProcessToken_100 PatternToken_059,Category_Q,S205|S004|S077
IT05004,TopicToken_05004 ProcessToken_159 PatternToken_054,Category_J,S032|S029|S178|S067
IT05005,TopicToken_05005 ProcessToken_139 PatternToken_096,Category_S,S113|S038|S083
IT05006,TopicToken_05006 ProcessToken_075 PatternToken_048,Category_E,S046|S077|S124
IT05007,TopicToken_05007 ProcessToken_099 PatternToken_002,Category_M,S031|S051|S162|S159
IT05008,TopicToken_05008 ProcessToken_152 PatternToken_068,Category_J,S116|S054
IT05009,TopicToken_05009 ProcessToken_189 PatternToken_090,Category_A,S035|S220|S168|S029|S079
IT05010,TopicToken_05010 ProcessToken_173 PatternToken_085,Category_N,S158|S163|S067
IT05011,TopicToken_05011 ProcessToken_083 PatternToken_006,Category_G,S234|S223|S155|S049|S046
IT05012,TopicToken_05012 ProcessToken_126 PatternToken_100,Category_R,S081|S208|S160|S115|S058
IT05013,TopicToken_05013 ProcessToken_117 PatternToken_018,Category_N,S038|S160|S231|S079|S121
IT05014,TopicToken_05014 ProcessToken_190 PatternToken_066,Category_K,S225|S136|S168|S164
IT05015,TopicToken_05015 ProcessToken_099 PatternToken_057,Category_A,S018|S004
IT05016,TopicToken_05016 ProcessToken_163 PatternToken_067,Category_G,S169|S185
IT05017,TopicToken_05017 ProcessToken_049 PatternToken_060,Category_G,S027|S166|S014
IT05018,TopicToken_05018 ProcessToken_054 PatternToken_040,Category_E,S049|S175|S216
IT05019,TopicToken_05019 ProcessToken_053 PatternToken_003,Category_G,S113|S069
IT05020,TopicToken_05020 ProcessToken_157 PatternToken_028,Category_R,S140|S116|S190|S114|S055
IT05021,TopicToken_05021 ProcessToken_087 PatternToken_081,Category_T,S108|S001|S223
IT05022,TopicToken_05022 ProcessToken_042 PatternToken_075,Category_Q,S071|S005
IT05023,TopicToken_05023 ProcessToken_176 PatternToken_013,Category_S,S084|S062|S094|S152|S145
IT05024,TopicToken_05024 ProcessToken_082 PatternToken_018,Category_M,S218|S124|S142|S040|S052
IT05025,TopicToken_05025 ProcessToken_119 PatternToken_087,Category_N,S004|S032
IT05026,TopicToken_05026 ProcessToken_162 PatternToken_086,Category_H,S090|S226|S089
IT05027,TopicToken_05027 ProcessToken_092 PatternToken_041,Category_A,S220|S052|S031
IT05028,TopicToken_05028 ProcessToken_116 PatternToken_093,Category_T,S011|S085
IT05029,TopicToken_05029 ProcessToken_117 PatternToken_046,Category_S,S029|S081
IT05030,TopicToken_05030 ProcessToken_089 PatternToken_091,Category_H,S053|S065|S074|S212|S072
IT05031,TopicToken_05031 ProcessToken_055 PatternToken_072,Category_T,S118|S053|S026|S047|S200
IT05032,TopicToken_05032 ProcessToken_100 PatternToken_005,Category_T,S018|S202|S238|S123
IT05033,TopicToken_05033 ProcessToken_036 PatternToken_052,Category_I,S130|S236|S099
IT05034,TopicToken_05034 ProcessToken_082 PatternToken_022,Category_H,S067|S149
IT05035,TopicToken_05035 ProcessToken_008 PatternToken_049,Category_G,S086|S169|S206
IT05036,TopicToken_05036 ProcessToken_094 PatternToken_092,Category_A,S031|S026|S174
IT05037,TopicToken_05037 ProcessToken_020 PatternToken_074,Category_G,S147|S164|S014|S231|S062
IT05038,TopicToken_05038 ProcessToken_134 PatternToken_003,Category_M,S221|S144|S007|S227
IT05039,TopicToken_05039 ProcessToken_040 PatternToken_094,Category_P,S233|S039|S006
IT05040,TopicToken_05040 ProcessToken_106 PatternToken_043,Category_B,S054|S096|S195
IT05041,TopicToken_05041 ProcessToken_061 PatternToken_037,Category_P,S098|S154|S198|S100
IT05042,TopicToken_05042 ProcessToken_041 PatternToken_048,Category_O,S052|S061|S149|S207
IT05043,TopicToken_05043 ProcessToken_091 PatternToken_015,Category_O,S167|S065|S199|S145
IT05044,TopicToken_05044 ProcessToken_070 PatternToken_079,Category_C,S229|S237|S094
IT05045,TopicToken_05045 ProcessToken_128 PatternToken_059,Category_N,S145|S144|S016
IT05046,TopicToken_05046 ProcessToken_179 PatternToken_063,Category_Q,S042|S112|S158|S161
IT05047,TopicToken_05047 ProcessToken_075 PatternToken_075,Category_E,S072|S145|S052|S214|S160
IT05048,TopicToken_05048 ProcessToken_033 PatternToken_096,Category_S,S059|S108
IT05049,TopicToken_05049 ProcessToken_094 PatternToken_099,Category_D,S071|S178|S117|S031|S217
IT05050,TopicToken_05050 ProcessToken_059 PatternToken_020,Category_O,S219|S159|S101|S106
IT05051,TopicToken_05051 ProcessToken_191 PatternToken_044,Category_F,S088|S198|S156
IT05052,TopicToken_05052 ProcessToken_029 PatternToken_005,Category_N,S069|S039|S015|S236|S008
IT05053,TopicToken_05053 ProcessToken_057 PatternToken_067,Category_N,S164|S093|S151
IT05054,TopicToken_05054 ProcessToken_087 PatternToken_054,Category_B,S216|S111|S038|S126|S070
IT05055,TopicToken_05055 ProcessToken_177 PatternToken_039,Category_C,S240|S222|S055
IT05056,TopicToken_05056 ProcessToken_114 PatternToken_004,Category_T,S236|S075|S019|S228|S235
IT05057,TopicToken_05057 ProcessToken_129 PatternToken_039,Category_K,S184|S103|S034
IT05058,TopicToken_05058 ProcessToken_073 PatternToken_073,Category_M,S204|S218
IT05059,TopicToken_05059 ProcessToken_038 PatternToken_072,Category_T,S151|S072
IT05060,TopicToken_05060 ProcessToken_077 PatternToken_097,Category_P,S220|S077|S123
IT05061,TopicToken_05061 ProcessToken_013 PatternToken_015,Category_Q,S139|S151
IT05062,TopicToken_05062 ProcessToken_023 PatternToken_035,Category_N,S008|S208|S167|S140
IT05063,TopicToken_05063 ProcessToken_033 PatternToken_009,Category_N,S134|S034|S171|S213
IT05064,TopicToken_05064 ProcessToken_126 PatternToken_013,Category_P,S207|S122|S044
IT05065,TopicToken_05065 ProcessToken_170 PatternToken_059,Category_Q,S220|S202|S163|S239|S130
IT05066,TopicToken_05066 ProcessToken_187 PatternToken_020,Category_T,S210|S149|S072
IT05067,TopicToken_05067 ProcessToken_054 PatternToken_058,Category_E,S168|S002|S040|S003|S001
IT05068,TopicToken_05068 ProcessToken_135 PatternToken_050,Category_P,S041|S231|S032|S031
IT05069,TopicToken_05069 ProcessToken_091 PatternToken_048,Category_D,S005|S234|S099|S004
IT05070,TopicToken_05070 ProcessToken_018 PatternToken_062,Category_J,S112|S166|S141
IT05071,TopicToken_05071 ProcessToken_192 PatternToken_028,Category_A,S061|S138|S063
IT05072,TopicToken_05072 ProcessToken_153 PatternToken_041,Category_D,S207|S032|S014
IT05073,TopicToken_05073 ProcessToken_144 PatternToken_076,Category_O,S167|S188|S109|S145
IT05074,TopicToken_05074 ProcessToken_048 PatternToken_034,Category_L,S050|S053
IT05075,TopicToken_05075 ProcessToken_031 PatternToken_009,Category_G,S021|S033|S135|S220|S023
IT05076,TopicToken_05076 ProcessToken_164 PatternToken_012,Category_I,S031|S144
IT05077,TopicToken_05077 ProcessToken_089 PatternToken_010,Category_T,S100|S019
IT05078,TopicToken_05078 ProcessToken_116 PatternToken_052,Category_Q,S126|S031|S098|S134
IT05079,TopicToken_05079 ProcessToken_025 PatternToken_004,Category_T,S039|S194|S118|S078|S028
IT05080,TopicToken_05080 ProcessToken_060 PatternToken_056,Category_K,S165|S037|S032|S098
IT05081,TopicToken_05081 ProcessToken_185 PatternToken_014,Category_T,S100|S041
IT05082,TopicToken_05082 ProcessToken_122 PatternToken_058,Category_E,S208|S178|S116
IT05083,TopicToken_05083 ProcessToken_097 PatternToken_035,Category_D,S201|S013
IT05084,TopicToken_05084 ProcessToken_185 PatternToken_048,Category_N,S050|S061|S239
IT05085,TopicToken_05085 ProcessToken_001 PatternToken_064,Category_E,S193|S120
IT05086,TopicToken_05086 ProcessToken_039 PatternToken_028,Category_T,S169|S094
IT05087,TopicToken_05087 ProcessToken_121 PatternToken_024,Category_C,S026|S037
IT05088,TopicToken_05088 ProcessToken_028 PatternToken_097,Category_B,S065|S123|S212|S216
IT05089,TopicToken_05089 ProcessToken_111 PatternToken_001,Category_S,S113|S091
IT05090,TopicToken_05090 ProcessToken_188 PatternToken_090,Category_K,S027|S206|S180|S227|S207
IT05091,TopicToken_05091 ProcessToken_003 PatternToken_029,Category_S,S226|S146
IT05092,TopicToken_05092 ProcessToken_028 PatternToken_029,Category_E,S208|S205
IT05093,TopicToken_05093 ProcessToken_019 PatternToken_030,Category_I,S115|S136|S092|S150
IT05094,TopicToken_05094 ProcessToken_049 PatternToken_033,Category_F,S129|S136|S092|S234
IT05095,TopicToken_05095 ProcessToken_035 PatternToken_036,Category_C,S123|S069|S040
IT05096,TopicToken_05096 ProcessToken_170 PatternToken_017,Category_O,S033|S064|S113
IT05097,TopicToken_05097 ProcessToken_157 PatternToken_046,Category_S,S056|S094|S201|S144
IT05098,TopicToken_05098 ProcessToken_108 PatternToken_017,Category_N,S082|S016
IT05099,TopicToken_05099 ProcessToken_158 PatternToken_081,Category_R,S209|S008|S039|S208|S132
IT05100,TopicToken_05100 ProcessToken_010 PatternToken_067,Category_D,S105|S177|S018|S235
IT05101,TopicToken_05101 ProcessToken_142 PatternToken_001,Category_B,S052|S015|S151|S018
IT05102,TopicToken_05102 ProcessToken_079 PatternToken_038,Category_D,S098|S041
IT05103,TopicToken_05103 ProcessToken_187 PatternToken_009,Category_S,S119|S011|S114
IT05104,TopicToken_05104 ProcessToken_045 PatternToken_085,Category_B,S165|S091
IT05105,TopicToken_05105 ProcessToken_042 PatternToken_033,Category_J,S240|S083
IT05106,TopicToken_05106 ProcessToken_005 PatternToken_009,Category_H,S130|S202|S053
IT05107,TopicToken_05107 ProcessToken_065 PatternToken_012,Category_N,S206|S227
IT05108,TopicToken_05108 ProcessToken_190 PatternToken_084,Category_B,S159|S082
IT05109,TopicToken_05109 ProcessToken_079 PatternToken_095,Category_D,S099|S116|S040|S027|S128
IT05110,TopicToken_05110 ProcessToken_093 PatternToken_095,Category_I,S032|S131|S076|S066|S067
IT05111,TopicToken_05111 ProcessToken_055 PatternToken_044,Category_H,S221|S127|S111
IT05112,TopicToken_05112 ProcessToken_157 PatternToken_005,Category_A,S206|S209
IT05113,TopicToken_05113 ProcessToken_157 PatternToken_044,Category_B,S027|S102
IT05114,TopicToken_05114 ProcessToken_167 PatternToken_094,Category_S,S237|S227|S131
IT05115,TopicToken_05115 ProcessToken_057 PatternToken_066,Category_J,S214|S066
IT05116,TopicToken_05116 ProcessToken_031 PatternToken_062,Category_R,S017|S085|S182
IT05117,TopicToken_05117 ProcessToken_090 PatternToken_017,Category_S,S181|S083
IT05118,TopicToken_05118 ProcessToken_068 PatternToken_059,Category_A,S038|S231|S092|S016|S172
IT05119,TopicToken_05119 ProcessToken_023 PatternToken_028,Category_R,S143|S199|S239|S111|S107
IT05120,TopicToken_05120 ProcessToken_019 PatternToken_087,Category_F,S229|S206|S170|S207
IT05121,TopicToken_05121 ProcessToken_135 PatternToken_010,Category_G,S074|S083|S186|S033|S173
IT05122,TopicToken_05122 ProcessToken_094 PatternToken_036,Category_F,S008|S004|S125
IT05123,TopicToken_05123 ProcessToken_170 PatternToken_090,Category_J,S157|S194|S218|S105
IT05124,TopicToken_05124 ProcessToken_153 PatternToken_021,Category_P,S089|S048|S207|S027
IT05125,TopicToken_05125 ProcessToken_006 PatternToken_025,Category_R,S170|S227|S197|S240
IT05126,TopicToken_05126 ProcessToken_141 PatternToken_031,Category_N,S043|S062|S084|S071|S076
IT05127,TopicToken_05127 ProcessToken_079 PatternToken_020,Category_C,S015|S092|S021|S004
IT05128,TopicToken_05128 ProcessToken_061 PatternToken_073,Category_B,S059|S103|S077
IT05129,TopicToken_05129 ProcessToken_191 PatternToken_099,Category_L,S153|S113|S094|S190
IT05130,TopicToken_05130 ProcessToken_079 PatternToken_007,Category_B,S169|S226|S186
IT05131,TopicToken_05131 ProcessToken_130 PatternToken_020,Category_D,S147|S208|S121
IT05132,TopicToken_05132 ProcessToken_036 PatternToken_010,Category_I,S116|S129|S227|S049|S079
IT05133,TopicToken_05133 ProcessToken_065 PatternToken_006,Category_Q,S184|S240|S029
IT05134,TopicToken_05134 ProcessToken_099 PatternToken_082,Category_T,S075|S033|S232
IT05135,TopicToken_05135 ProcessToken_117 PatternToken_075,Category_D,S116|S074|S083
IT05136,TopicToken_05136 ProcessToken_149 PatternToken_080,Category_C,S011|S219|S205|S051
IT05137,TopicToken_05137 ProcessToken_181 PatternToken_059,Category_R,S007|S184
IT05138,TopicToken_05138 ProcessToken_038 PatternToken_088,Category_A,S126|S016|S148
IT05139,TopicToken_05139 ProcessToken_056 PatternToken_099,Category_E,S109|S083|S102|S125
IT05140,TopicToken_05140 ProcessToken_026 PatternToken_068,Category_I,S180|S145
IT05141,TopicToken_05141 ProcessToken_167 PatternToken_004,Category_I,S237|S231
IT05142,TopicToken_05142 ProcessToken_152 PatternToken_031,Category_C,S120|S129|S062|S010|S020
IT05143,TopicToken_05143 ProcessToken_017 PatternToken_055,Category_G,S035|S025|S239
IT05144,TopicToken_05144 ProcessToken_145 PatternToken_087,Category_H,S012|S210|S207
IT05145,TopicToken_05145 ProcessToken_112 PatternToken_033,Category_P,S086|S087
IT05146,TopicToken_05146 ProcessToken_037 PatternToken_014,Category_B,S052|S229|S139
IT05147,TopicToken_05147 ProcessToken_126 PatternToken_070,Category_L,S047|S092|S056|S039|S200
IT05148,TopicToken_05148 ProcessToken_031 PatternToken_096,Category_K,S041|S112|S033
IT05149,TopicToken_05149 ProcessToken_161 PatternToken_063,Category_G,S105|S134
IT05150,TopicToken_05150 ProcessToken_042 PatternToken_088,Category_K,S143|S078|S062|S079
IT05151,TopicToken_05151 ProcessToken_076 PatternToken_036,Category_E,S205|S171
IT05152,TopicToken_05152 ProcessToken_036 PatternToken_053,Category_F,S016|S191|S038|S222
IT05153,TopicToken_05153 ProcessToken_186 PatternToken_037,Category_S,S046|S186|S130|S032|S224
IT05154,TopicToken_05154 ProcessToken_162 PatternToken_013,Category_M,S204|S224|S228
IT05155,TopicToken_05155 ProcessToken_022 PatternToken_069,Category_P,S039|S125|S155
IT05156,TopicToken_05156 ProcessToken_158 PatternToken_090,Category_E,S135|S130|S094
IT05157,TopicToken_05157 ProcessToken_146 PatternToken_080,Category_G,S182|S139
IT05158,TopicToken_05158 ProcessToken_059 PatternToken_023,Category_M,S232|S216|S010|S045
IT05159,TopicToken_05159 ProcessToken_130 PatternToken_020,Category_I,S174|S116|S025|S195
IT05160,TopicToken_05160 ProcessToken_116 PatternToken_092,Category_G,S175|S066|S051|S177|S091
IT05161,TopicToken_05161 ProcessToken_184 PatternToken_083,Category_R,S028|S012|S215|S035
IT05162,TopicToken_05162 ProcessToken_160 PatternToken_097,Category_I,S152|S066|S159
IT05163,TopicToken_05163 ProcessToken_105 PatternToken_056,Category_C,S141|S232|S007|S003|S222
IT05164,TopicToken_05164 ProcessToken_029 PatternToken_044,Category_F,S012|S066|S004|S179|S171
IT05165,TopicToken_05165 ProcessToken_008 PatternToken_091,Category_H,S223|S005|S065
IT05166,TopicToken_05166 ProcessToken_008 PatternToken_068,Category_R,S071|S212
IT05167,TopicToken_05167 ProcessToken_092 PatternToken_100,Category_K,S181|S122
IT05168,TopicToken_05168 ProcessToken_172 PatternToken_071,Category_I,S139|S196|S185
IT05169,TopicToken_05169 ProcessToken_117 PatternToken_029,Category_T,S212|S041|S240|S169
IT05170,TopicToken_05170 ProcessToken_047 PatternToken_020,Category_Q,S159|S160
IT05171,TopicToken_05171 ProcessToken_170 PatternToken_005,Category_E,S171|S135|S201|S226
IT05172,TopicToken_05172 ProcessToken_173 PatternToken_097,Category_O,S156|S072
IT05173,TopicToken_05173 ProcessToken_120 PatternToken_030,Category_J,S067|S223|S007|S022
IT05174,TopicToken_05174 ProcessToken_137 PatternToken_010,Category_J,S094|S115|S165|S118|S180
IT05175,TopicToken_05175 ProcessToken_068 PatternToken_070,Category_L,S132|S020|S072
IT05176,TopicToken_05176 ProcessToken_165 PatternToken_041,Category_B,S186|S035
IT05177,TopicToken_05177 ProcessToken_004 PatternToken_053,Category_P,S018|S087|S215|S161|S169
IT05178,TopicToken_05178 ProcessToken_031 PatternToken_053,Category_D,S029|S218|S185|S166|S204
IT05179,TopicToken_05179 ProcessToken_170 PatternToken_006,Category_D,S088|S198|S074
IT05180,TopicToken_05180 ProcessToken_099 PatternToken_027,Category_C,S035|S114|S104|S107
IT05181,TopicToken_05181 ProcessToken_144 PatternToken_096,Category_L,S198|S111|S156|S083|S031
IT05182,TopicToken_05182 ProcessToken_162 PatternToken_051,Category_G,S202|S223
IT05183,TopicToken_05183 ProcessToken_169 PatternToken_024,Category_K,S107|S070|S144|S139|S208
IT05184,TopicToken_05184 ProcessToken_115 PatternToken_082,Category_L,S226|S044|S199
IT05185,TopicToken_05185 ProcessToken_063 PatternToken_064,Category_J,S173|S223
IT05186,TopicToken_05186 ProcessToken_038 PatternToken_095,Category_L,S045|S148|S161|S138
IT05187,TopicToken_05187 ProcessToken_117 PatternToken_035,Category_D,S110|S201|S208|S004
IT05188,TopicToken_05188 ProcessToken_122 PatternToken_015,Category_Q,S014|S070|S117|S091|S214
IT05189,TopicToken_05189 ProcessToken_096 PatternToken_009,Category_G,S003|S199|S091|S159|S120
IT05190,TopicToken_05190 ProcessToken_089 PatternToken_025,Category_L,S112|S052|S037
IT05191,TopicToken_05191 ProcessToken_133 PatternToken_073,Category_R,S233|S029
IT05192,TopicToken_05192 ProcessToken_063 PatternToken_046,Category_D,S235|S030
IT05193,TopicToken_05193 ProcessToken_170 PatternToken_009,Category_I,S197|S020
IT05194,TopicToken_05194 ProcessToken_035 PatternToken_066,Category_A,S028|S099
IT05195,TopicToken_05195 ProcessToken_127 PatternToken_018,Category_D,S099|S096|S097|S008
IT05196,TopicToken_05196 ProcessToken_012 PatternToken_069,Category_H,S059|S056|S071|S037
IT05197,TopicToken_05197 ProcessToken_190 PatternToken_095,Category_N,S017|S026|S041|S142|S078
IT05198,TopicToken_05198 ProcessToken_200 PatternToken_051,Category_F,S101|S118|S159
IT05199,TopicToken_05199 ProcessToken_045 PatternToken_035,Category_D,S078|S026|S076|S070|S188
IT05200,TopicToken_05200 ProcessToken_052 PatternToken_081,Category_C,S129|S114|S201|S180
IT05201,TopicToken_05201 ProcessToken_156 PatternToken_025,Category_Q,S143|S197|S123|S211
IT05202,TopicToken_05202 ProcessToken_086 PatternToken_093,Category_G,S188|S146
IT05203,TopicToken_05203 ProcessToken_064 PatternToken_016,Category_M,S208|S031|S136|S060
IT05204,TopicToken_05204 ProcessToken_097 PatternToken_002,Category_Q,S010|S021|S132
IT05205,TopicToken_05205 ProcessToken_194 PatternToken_043,Category_M,S132|S154|S162|S224|S159
IT05206,TopicToken_05206 ProcessToken_110 PatternToken_078,Category_T,S168|S037|S102
IT05207,TopicToken_05207 ProcessToken_178 PatternToken_077,Category_S,S108|S093|S004|S190|S130
IT05208,TopicToken_05208 ProcessToken_003 PatternToken_077,Category_J,S164|S052|S058|S122
IT05209,TopicToken_05209 ProcessToken_188 PatternToken_093,Category_G,S026|S055
IT05210,TopicToken_05210 ProcessToken_063 PatternToken_091,Category_L,S153|S191
IT05211,TopicToken_05211 ProcessToken_200 PatternToken_034,Category_C,S070|S011|S157|S194
IT05212,TopicToken_05212 ProcessToken_152 PatternToken_019,Category_R,S217|S097
IT05213,TopicToken_05213 ProcessToken_052 PatternToken_098,Category_D,S141|S094|S065
IT05214,TopicToken_05214 ProcessToken_200 PatternToken_063,Category_D,S132|S065
IT05215,TopicToken_05215 ProcessToken_178 PatternToken_055,Category_C,S087|S148
IT05216,TopicToken_05216 ProcessToken_143 PatternToken_089,Category_R,S004|S135|S191|S113
IT05217,TopicToken_05217 ProcessToken_035 PatternToken_035,Category_K,S096|S209|S186|S136
IT05218,TopicToken_05218 ProcessToken_049 PatternToken_047,Category_K,S091|S226|S161
IT05219,TopicToken_05219 ProcessToken_096 PatternToken_100,Category_F,S121|S089|S001
IT05220,TopicToken_05220 ProcessToken_005 PatternToken_071,Category_A,S080|S005
IT05221,TopicToken_05221 ProcessToken_100 PatternToken_067,Category_Q,S183|S187|S026|S235
IT05222,TopicToken_05222 ProcessToken_003 PatternToken_089,Category_E,S195|S234
IT05223,TopicToken_05223 ProcessToken_108 PatternToken_092,Category_N,S043|S097|S038|S186
IT05224,TopicToken_05224 ProcessToken_171 PatternToken_057,Category_K,S047|S093
IT05225,TopicToken_05225 ProcessToken_102 PatternToken_041,Category_J,S032|S066|S088
IT05226,TopicToken_05226 ProcessToken_123 PatternToken_093,Category_D,S236|S177|S097|S227
IT05227,TopicToken_05227 ProcessToken_113 PatternToken_005,Category_K,S010|S086|S053|S236|S087
IT05228,TopicToken_05228 ProcessToken_095 PatternToken_069,Category_Q,S047|S022|S114|S134|S130
IT05229,TopicToken_05229 ProcessToken_088 PatternToken_007,Category_C,S121|S184|S166|S214|S024
IT05230,TopicToken_05230 ProcessToken_111 PatternToken_096,Category_R,S008|S075
IT05231,TopicToken_05231 ProcessToken_041 PatternToken_040,Category_Q,S176|S192|S081
IT05232,TopicToken_05232 ProcessToken_118 PatternToken_030,Category_L,S150|S226|S184
IT05233,TopicToken_05233 ProcessToken_131 PatternToken_048,Category_T,S052|S215|S036|S174
IT05234,TopicToken_05234 ProcessToken_174 PatternToken_024,Category_N,S157|S215|S119
IT05235,TopicToken_05235 ProcessToken_057 PatternToken_007,Category_J,S122|S209|S110|S041|S149
IT05236,TopicToken_05236 ProcessToken_140 PatternToken_016,Category_B,S036|S011|S161|S152|S140
IT05237,TopicToken_05237 ProcessToken_159 PatternToken_040,Category_Q,S234|S144
IT05238,TopicToken_05238 ProcessToken_039 PatternToken_002,Category_T,S135|S216|S058|S067|S109
IT05239,TopicToken_05239 ProcessToken_084 PatternToken_003,Category_Q,S122|S139
IT05240,TopicToken_05240 ProcessToken_186 PatternToken_100,Category_N,S096|S162|S007
IT05241,TopicToken_05241 ProcessToken_110 PatternToken_051,Category_A,S160|S001|S140|S011
IT05242,TopicToken_05242 ProcessToken_128 PatternToken_099,Category_H,S064|S049
IT05243,TopicToken_05243 ProcessToken_183 PatternToken_100,Category_F,S191|S182
IT05244,TopicToken_05244 ProcessToken_132 PatternToken_078,Category_A,S030|S178|S007|S166|S215
IT05245,TopicToken_05245 ProcessToken_008 PatternToken_043,Category_M,S175|S101|S074
IT05246,TopicToken_05246 ProcessToken_016 PatternToken_036,Category_C,S009|S141|S183|S102
IT05247,TopicToken_05247 ProcessToken_041 PatternToken_067,Category_C,S135|S221
IT05248,TopicToken_05248 ProcessToken_029 PatternToken_041,Category_R,S093|S102|S090
IT05249,TopicToken_05249 ProcessToken_036 PatternToken_008,Category_Q,S109|S195|S115
IT05250,TopicToken_05250 ProcessToken_012 PatternToken_067,Category_E,S208|S128|S218
IT05251,TopicToken_05251 ProcessToken_087 PatternToken_080,Category_S,S214|S038|S192|S046
IT05252,TopicToken_05252 ProcessToken_170 PatternToken_081,Category_T,S186|S226
IT05253,TopicToken_05253 ProcessToken_130 PatternToken_074,Category_G,S101|S221
IT05254,TopicToken_05254 ProcessToken_162 PatternToken_036,Category_C,S033|S080
IT05255,TopicToken_05255 ProcessToken_114 PatternToken_007,Category_A,S018|S132
IT05256,TopicToken_05256 ProcessToken_141 PatternToken_099,Category_K,S072|S168|S048|S234
IT05257,TopicToken_05257 ProcessToken_153 PatternToken_034,Category_J,S239|S048|S119|S129
IT05258,TopicToken_05258 ProcessToken_105 PatternToken_022,Category_M,S168|S227
IT05259,TopicToken_05259 ProcessToken_026 PatternToken_091,Category_P,S150|S168|S083
IT05260,TopicToken_05260 ProcessToken_167 PatternToken_022,Category_S,S069|S019|S229|S127
IT05261,TopicToken_05261 ProcessToken_067 PatternToken_001,Category_R,S054|S188|S029|S053|S057
IT05262,TopicToken_05262 ProcessToken_167 PatternToken_060,Category_Q,S139|S208|S118|S058|S027
IT05263,TopicToken_05263 ProcessToken_064 PatternToken_038,Category_D,S007|S228|S179
IT05264,TopicToken_05264 ProcessToken_081 PatternToken_025,Category_Q,S123|S033
IT05265,TopicToken_05265 ProcessToken_076 PatternToken_035,Category_C,S181|S047|S097
IT05266,TopicToken_05266 ProcessToken_186 PatternToken_099,Category_E,S153|S131|S027|S013|S007
IT05267,TopicToken_05267 ProcessToken_131 PatternToken_011,Category_E,S121|S171
IT05268,TopicToken_05268 ProcessToken_075 PatternToken_076,Category_S,S195|S037|S012|S183|S004
IT05269,TopicToken_05269 ProcessToken_037 PatternToken_021,Category_A,S236|S116
IT05270,TopicToken_05270 ProcessToken_178 PatternToken_039,Category_S,S220|S075|S193|S122
IT05271,TopicToken_05271 ProcessToken_162 PatternToken_044,Category_K,S067|S166
IT05272,TopicToken_05272 ProcessToken_079 PatternToken_032,Category_H,S225|S209
IT05273,TopicToken_05273 ProcessToken_079 PatternToken_055,Category_N,S120|S197
IT05274,TopicToken_05274 ProcessToken_093 PatternToken_076,Category_Q,S028|S174
IT05275,TopicToken_05275 ProcessToken_142 PatternToken_053,Category_K,S051|S106
IT05276,TopicToken_05276 ProcessToken_075 PatternToken_045,Category_D,S215|S234|S118|S230|S166
IT05277,TopicToken_05277 ProcessToken_053 PatternToken_026,Category_B,S089|S189|S027|S110|S134
IT05278,TopicToken_05278 ProcessToken_003 PatternToken_007,Category_B,S112|S143|S090|S126|S107
IT05279,TopicToken_05279 ProcessToken_023 PatternToken_026,Category_G,S226|S173|S160|S234
IT05280,TopicToken_05280 ProcessToken_054 PatternToken_080,Category_S,S018|S238|S131|S055|S122
IT05281,TopicToken_05281 ProcessToken_043 PatternToken_050,Category_O,S029|S151|S114|S092|S223
IT05282,TopicToken_05282 ProcessToken_029 PatternToken_088,Category_I,S099|S121
IT05283,TopicToken_05283 ProcessToken_135 PatternToken_069,Category_R,S238|S216|S116
IT05284,TopicToken_05284 ProcessToken_127 PatternToken_004,Category_Q,S180|S108|S169
IT05285,TopicToken_05285 ProcessToken_094 PatternToken_059,Category_O,S201|S008|S219
IT05286,TopicToken_05286 ProcessToken_077 PatternToken_074,Category_D,S022|S082|S004|S135
IT05287,TopicToken_05287 ProcessToken_121 PatternToken_031,Category_Q,S240|S097|S215
IT05288,TopicToken_05288 ProcessToken_016 PatternToken_070,Category_T,S011|S182|S199|S030|S202
IT05289,TopicToken_05289 ProcessToken_104 PatternToken_080,Category_I,S191|S164|S056|S226|S206
IT05290,TopicToken_05290 ProcessToken_200 PatternToken_085,Category_G,S227|S135|S033|S064
IT05291,TopicToken_05291 ProcessToken_189 PatternToken_001,Category_A,S037|S007|S059|S221
IT05292,TopicToken_05292 ProcessToken_159 PatternToken_074,Category_N,S073|S141|S095
IT05293,TopicToken_05293 ProcessToken_089 PatternToken_021,Category_F,S134|S165
IT05294,TopicToken_05294 ProcessToken_121 PatternToken_028,Category_M,S167|S067|S232|S140|S209
IT05295,TopicToken_05295 ProcessToken_185 PatternToken_089,Category_R,S036|S228|S103|S129
IT05296,TopicToken_05296 ProcessToken_028 PatternToken_034,Category_K,S162|S104
IT05297,TopicToken_05297 ProcessToken_024 PatternToken_064,Category_G,S070|S108|S030|S169|S052
IT05298,TopicToken_05298 ProcessToken_132 PatternToken_056,Category_J,S089|S175
IT05299,TopicToken_05299 ProcessToken_156 PatternToken_022,Category_Q,S227|S094|S220|S131|S168
IT05300,TopicToken_05300 ProcessToken_094 PatternToken_050,Category_O,S030|S043|S139
IT05301,TopicToken_05301 ProcessToken_004 PatternToken_020,Category_M,S220|S025
IT05302,TopicToken_05302 ProcessToken_130 PatternToken_002,Category_O,S116|S163|S067|S121|S016
IT05303,TopicToken_05303 ProcessToken_050 PatternToken_095,Category_D,S016|S110
IT05304,TopicToken_05304 ProcessToken_023 PatternToken_051,Category_P,S217|S239|S148|S107
IT05305,TopicToken_05305 ProcessToken_077 PatternToken_079,Category_M,S235|S079
IT05306,TopicToken_05306 ProcessToken_023 PatternToken_007,Category_L,S071|S076|S211
IT05307,TopicToken_05307 ProcessToken_005 PatternToken_008,Category_T,S005|S015|S106|S081|S038
IT05308,TopicToken_05308 ProcessToken_149 PatternToken_052,Category_N,S028|S144|S036
IT05309,TopicToken_05309 ProcessToken_148 PatternToken_024,Category_E,S045|S052|S065|S120
IT05310,TopicToken_05310 ProcessToken_188 PatternToken_071,Category_E,S196|S001|S058|S095|S051
IT05311,TopicToken_05311 ProcessToken_150 PatternToken_098,Category_F,S127|S082|S043|S175
IT05312,TopicToken_05312 ProcessToken_163 PatternToken_057,Category_N,S138|S049|S209
IT05313,TopicToken_05313 ProcessToken_052 PatternToken_058,Category_P,S200|S170|S002|S237|S103
IT05314,TopicToken_05314 ProcessToken_152 PatternToken_027,Category_I,S205|S061|S156|S189|S122
IT05315,TopicToken_05315 ProcessToken_077 PatternToken_048,Category_F,S120|S195
IT05316,TopicToken_05316 ProcessToken_064 PatternToken_076,Category_F,S087|S174|S210
IT05317,TopicToken_05317 ProcessToken_006 PatternToken_022,Category_F,S237|S189|S137|S170|S149
IT05318,TopicToken_05318 ProcessToken_164 PatternToken_028,Category_K,S058|S190|S184
IT05319,TopicToken_05319 ProcessToken_116 PatternToken_064,Category_L,S183|S041|S170|S122
IT05320,TopicToken_05320 ProcessToken_038 PatternToken_087,Category_S,S014|S103|S106
IT05321,TopicToken_05321 ProcessToken_119 PatternToken_068,Category_P,S227|S215|S179
IT05322,TopicToken_05322 ProcessToken_064 PatternToken_080,Category_L,S124|S056|S092
IT05323,TopicToken_05323 ProcessToken_149 PatternToken_063,Category_Q,S068|S159|S125|S096
IT05324,TopicToken_05324 ProcessToken_075 PatternToken_036,Category_S,S210|S104|S070|S024
IT05325,TopicToken_05325 ProcessToken_040 PatternToken_032,Category_M,S042|S025|S018|S213|S180
IT05326,TopicToken_05326 ProcessToken_115 PatternToken_069,Category_E,S053|S142|S018|S089|S179
IT05327,TopicToken_05327 ProcessToken_104 PatternToken_042,Category_R,S027|S113|S081|S115|S185
IT05328,TopicToken_05328 ProcessToken_023 PatternToken_062,Category_R,S099|S006|S227|S041|S127
IT05329,TopicToken_05329 ProcessToken_070 PatternToken_016,Category_H,S128|S034|S210
IT05330,TopicToken_05330 ProcessToken_006 PatternToken_019,Category_N,S130|S029|S073
IT05331,TopicToken_05331 ProcessToken_049 PatternToken_022,Category_I,S193|S161|S230|S214|S137
IT05332,TopicToken_05332 ProcessToken_121 PatternToken_066,Category_A,S203|S097|S211
IT05333,TopicToken_05333 ProcessToken_154 PatternToken_085,Category_R,S003|S132|S139|S042
IT05334,TopicToken_05334 ProcessToken_035 PatternToken_085,Category_P,S238|S069|S002
IT05335,TopicToken_05335 ProcessToken_185 PatternToken_061,Category_C,S066|S088|S199|S001
IT05336,TopicToken_05336 ProcessToken_192 PatternToken_015,Category_I,S033|S005|S191|S218|S084
IT05337,TopicToken_05337 ProcessToken_127 PatternToken_018,Category_R,S181|S129|S135|S225
IT05338,TopicToken_05338 ProcessToken_049 PatternToken_009,Category_A,S070|S217
IT05339,TopicToken_05339 ProcessToken_055 PatternToken_079,Category_T,S034|S101
IT05340,TopicToken_05340 ProcessToken_140 PatternToken_093,Category_P,S128|S177
IT05341,TopicToken_05341 ProcessToken_007 PatternToken_077,Category_T,S178|S011|S012
IT05342,TopicToken_05342 ProcessToken_090 PatternToken_080,Category_I,S062|S222
IT05343,TopicToken_05343 ProcessToken_036 PatternToken_052,Category_L,S124|S186|S233|S076
IT05344,TopicToken_05344 ProcessToken_032 PatternToken_027,Category_L,S140|S061|S102|S002|S150
IT05345,TopicToken_05345 ProcessToken_150 PatternToken_092,Category_R,S104|S151|S204
IT05346,TopicToken_05346 ProcessToken_058 PatternToken_077,Category_D,S030|S007|S013
IT05347,TopicToken_05347 ProcessToken_073 PatternToken_026,Category_P,S184|S225|S138|S073
IT05348,TopicToken_05348 ProcessToken_128 PatternToken_079,Category_M,S097|S161|S021|S040
IT05349,TopicToken_05349 ProcessToken_124 PatternToken_069,Category_I,S209|S077|S095|S102
IT05350,TopicToken_05350 ProcessToken_036 PatternToken_049,Category_H,S174|S207|S025|S117
IT05351,TopicToken_05351 ProcessToken_044 PatternToken_056,Category_E,S036|S181|S193|S086|S085
IT05352,TopicToken_05352 ProcessToken_138 PatternToken_020,Category_E,S160|S238|S006
IT05353,TopicToken_05353 ProcessToken_156 PatternToken_072,Category_L,S071|S024|S075|S162|S198
IT05354,TopicToken_05354 ProcessToken_154 PatternToken_068,Category_D,S144|S084|S129
IT05355,TopicToken_05355 ProcessToken_059 PatternToken_041,Category_N,S005|S230|S156
IT05356,TopicToken_05356 ProcessToken_087 PatternToken_001,Category_C,S199|S240|S063|S155|S147
IT05357,TopicToken_05357 ProcessToken_153 PatternToken_083,Category_T,S166|S193|S184|S026|S002
IT05358,TopicToken_05358 ProcessToken_159 PatternToken_088,Category_F,S228|S212|S226
IT05359,TopicToken_05359 ProcessToken_177 PatternToken_044,Category_E,S133|S001|S188|S205
IT05360,TopicToken_05360 ProcessToken_161 PatternToken_093,Category_R,S211|S168|S183|S171|S175
IT05361,TopicToken_05361 ProcessToken_122 PatternToken_001,Category_M,S122|S156|S160|S155
IT05362,TopicToken_05362 ProcessToken_075 PatternToken_017,Category_L,S230|S202|S175|S238
IT05363,TopicToken_05363 ProcessToken_040 PatternToken_008,Category_D,S063|S144
IT05364,TopicToken_05364 ProcessToken_168 PatternToken_098,Category_A,S186|S213|S012|S030|S146
IT05365,TopicToken_05365 ProcessToken_126 PatternToken_008,Category_B,S045|S206|S144|S131|S172
IT05366,TopicToken_05366 ProcessToken_012 PatternToken_065,Category_H,S215|S144|S230|S100|S138
IT05367,TopicToken_05367 ProcessToken_025 PatternToken_008,Category_I,S105|S186|S139
IT05368,TopicToken_05368 ProcessToken_120 PatternToken_020,Category_N,S027|S069
IT05369,TopicToken_05369 ProcessToken_102 PatternToken_076,Category_S,S119|S091
IT05370,TopicToken_05370 ProcessToken_116 PatternToken_021,Category_F,S192|S230
IT05371,TopicToken_05371 ProcessToken_053 PatternToken_059,Category_O,S073|S166
IT05372,TopicToken_05372 ProcessToken_125 PatternToken_019,Category_K,S197|S097|S136|S240
IT05373,TopicToken_05373 ProcessToken_186 PatternToken_078,Category_B,S131|S173|S183|S105|S228
IT05374,TopicToken_05374 ProcessToken_082 PatternToken_093,Category_T,S126|S200
IT05375,TopicToken_05375 ProcessToken_105 PatternToken_075,Category_R,S115|S222|S203|S024|S074
IT05376,TopicToken_05376 ProcessToken_173 PatternToken_078,Category_M,S226|S147|S183
IT05377,TopicToken_05377 ProcessToken_167 PatternToken_089,Category_N,S113|S045|S009|S181|S128
IT05378,TopicToken_05378 ProcessToken_042 PatternToken_066,Category_O,S078|S056
IT05379,TopicToken_05379 ProcessToken_104 PatternToken_011,Category_M,S203|S040|S151
IT05380,TopicToken_05380 ProcessToken_079 PatternToken_087,Category_F,S145|S219|S020|S062
IT05381,TopicToken_05381 ProcessToken_166 PatternToken_034,Category_R,S233|S219|S114|S230|S091
IT05382,TopicToken_05382 ProcessToken_092 PatternToken_074,Category_F,S223|S024|S211|S067
IT05383,TopicToken_05383 ProcessToken_117 PatternToken_003,Category_K,S079|S203|S221|S048
IT05384,TopicToken_05384 ProcessToken_080 PatternToken_095,Category_D,S100|S196
IT05385,TopicToken_05385 ProcessToken_164 PatternToken_086,Category_K,S140|S058|S019|S160|S044
IT05386,TopicToken_05386 ProcessToken_154 PatternToken_005,Category_A,S147|S065|S012|S189
IT05387,TopicToken_05387 ProcessToken_183 PatternToken_014,Category_D,S113|S132|S063|S188|S114
IT05388,TopicToken_05388 ProcessToken_087 PatternToken_049,Category_K,S082|S127|S089|S133
IT05389,TopicToken_05389 ProcessToken_187 PatternToken_094,Category_A,S188|S139
IT05390,TopicToken_05390 ProcessToken_001 PatternToken_009,Category_I,S192|S042|S087|S025
IT05391,TopicToken_05391 ProcessToken_044 PatternToken_086,Category_J,S138|S065|S003|S114
IT05392,TopicToken_05392 ProcessToken_074 PatternToken_019,Category_B,S139|S126
IT05393,TopicToken_05393 ProcessToken_071 PatternToken_096,Category_O,S168|S164
IT05394,TopicToken_05394 ProcessToken_198 PatternToken_068,Category_N,S056|S080|S091|S098
IT05395,TopicToken_05395 ProcessToken_020 PatternToken_038,Category_P,S102|S238|S022
IT05396,TopicToken_05396 ProcessToken_031 PatternToken_089,Category_Q,S039|S186|S215|S206
IT05397,TopicToken_05397 ProcessToken_164 PatternToken_018,Category_Q,S011|S059|S199|S147|S038
IT05398,TopicToken_05398 ProcessToken_158 PatternToken_100,Category_A,S029|S149|S237
IT05399,TopicToken_05399 ProcessToken_142 PatternToken_065,Category_A,S223|S195|S151
IT05400,TopicToken_05400 ProcessToken_108 PatternToken_096,Category_Q,S061|S098|S214
IT05401,TopicToken_05401 ProcessToken_073 PatternToken_027,Category_L,S160|S187|S197|S158
IT05402,TopicToken_05402 ProcessToken_089 PatternToken_031,Category_O,S057|S025|S225|S079|S227
IT05403,TopicToken_05403 ProcessToken_062 PatternToken_028,Category_N,S189|S102|S070
IT05404,TopicToken_05404 ProcessToken_021 PatternToken_014,Category_E,S023|S044|S037
IT05405,TopicToken_05405 ProcessToken_114 PatternToken_063,Category_L,S120|S094|S033|S070
IT05406,TopicToken_05406 ProcessToken_194 PatternToken_012,Category_D,S117|S019
IT05407,TopicToken_05407 ProcessToken_182 PatternToken_012,Category_J,S175|S233|S008
IT05408,TopicToken_05408 ProcessToken_155 PatternToken_011,Category_A,S174|S160|S171
IT05409,TopicToken_05409 ProcessToken_022 PatternToken_033,Category_E,S099|S180
IT05410,TopicToken_05410 ProcessToken_009 PatternToken_094,Category_O,S166|S021|S008|S126
IT05411,TopicToken_05411 ProcessToken_082 PatternToken_001,Category_A,S180|S071|S224|S072|S171
IT05412,TopicToken_05412 ProcessToken_086 PatternToken_039,Category_R,S026|S112|S108
IT05413,TopicToken_05413 ProcessToken_078 PatternToken_035,Category_J,S153|S177|S107
IT05414,TopicToken_05414 ProcessToken_025 PatternToken_090,Category_T,S058|S052|S237|S060
IT05415,TopicToken_05415 ProcessToken_025 PatternToken_006,Category_B,S001|S187|S186|S209|S170
IT05416,TopicToken_05416 ProcessToken_200 PatternToken_080,Category_E,S087|S184|S179|S051
IT05417,TopicToken_05417 ProcessToken_104 PatternToken_082,Category_E,S182|S096|S128|S021
IT05418,TopicToken_05418 ProcessToken_184 PatternToken_078,Category_I,S231|S040|S031|S108|S157
IT05419,TopicToken_05419 ProcessToken_068 PatternToken_089,Category_T,S234|S147
IT05420,TopicToken_05420 ProcessToken_164 PatternToken_036,Category_C,S042|S184
IT05421,TopicToken_05421 ProcessToken_094 PatternToken_069,Category_C,S136|S180|S009|S230
IT05422,TopicToken_05422 ProcessToken_187 PatternToken_052,Category_H,S045|S235|S223|S196
IT05423,TopicToken_05423 ProcessToken_115 PatternToken_048,Category_I,S240|S167|S110|S144|S076
IT05424,TopicToken_05424 ProcessToken_120 PatternToken_018,Category_K,S224|S191|S235|S137|S057
IT05425,TopicToken_05425 ProcessToken_089 PatternToken_097,Category_I,S084|S003|S224|S014|S027
IT05426,TopicToken_05426 ProcessToken_034 PatternToken_072,Category_G,S160|S013|S185|S107|S204
IT05427,TopicToken_05427 ProcessToken_031 PatternToken_084,Category_L,S108|S079|S170|S191|S151
IT05428,TopicToken_05428 ProcessToken_153 PatternToken_069,Category_K,S127|S168|S036|S026
IT05429,TopicToken_05429 ProcessToken_043 PatternToken_019,Category_H,S082|S081|S217|S199
IT05430,TopicToken_05430 ProcessToken_043 PatternToken_088,Category_H,S173|S141|S178|S023
IT05431,TopicToken_05431 ProcessToken_191 PatternToken_069,Category_O,S225|S013|S139|S049
IT05432,TopicToken_05432 ProcessToken_117 PatternToken_026,Category_A,S054|S078|S232
IT05433,TopicToken_05433 ProcessToken_183 PatternToken_083,Category_I,S144|S149|S178|S238|S040
IT05434,TopicToken_05434 ProcessToken_104 PatternToken_057,Category_H,S088|S035
IT05435,TopicToken_05435 ProcessToken_061 PatternToken_033,Category_L,S134|S109|S059
IT05436,TopicToken_05436 ProcessToken_039 PatternToken_019,Category_T,S115|S065|S200|S024|S070
IT05437,TopicToken_05437 ProcessToken_165 PatternToken_076,Category_I,S093|S134|S148
IT05438,TopicToken_05438 ProcessToken_024 PatternToken_063,Category_D,S009|S184|S063
IT05439,TopicToken_05439 ProcessToken_057 PatternToken_058,Category_I,S217|S037|S140
IT05440,TopicToken_05440 ProcessToken_085 PatternToken_063,Category_F,S032|S193|S222
IT05441,TopicToken_05441 ProcessToken_104 PatternToken_075,Category_H,S163|S089|S072|S162
IT05442,TopicToken_05442 ProcessToken_063 PatternToken_004,Category_C,S080|S048|S093|S186
IT05443,TopicToken_05443 ProcessToken_153 PatternToken_004,Category_B,S206|S044
IT05444,TopicToken_05444 ProcessToken_043 PatternToken_044,Category_K,S095|S156|S165|S141|S064
IT05445,TopicToken_05445 ProcessToken_090 PatternToken_099,Category_I,S148|S215|S175
IT05446,TopicToken_05446 ProcessToken_179 PatternToken_030,Category_B,S024|S064
IT05447,TopicToken_05447 ProcessToken_126 PatternToken_041,Category_M,S088|S114|S062
IT05448,TopicToken_05448 ProcessToken_023 PatternToken_056,Category_H,S157|S022
IT05449,TopicToken_05449 ProcessToken_008 PatternToken_016,Category_H,S224|S189|S177|S174|S220
IT05450,TopicToken_05450 ProcessToken_055 PatternToken_089,Category_D,S131|S030|S046|S027
IT05451,TopicToken_05451 ProcessToken_109 PatternToken_028,Category_I,S054|S059|S119|S073
IT05452,TopicToken_05452 ProcessToken_011 PatternToken_070,Category_R,S101|S129|S191|S168|S158
IT05453,TopicToken_05453 ProcessToken_029 PatternToken_010,Category_A,S106|S099
IT05454,TopicToken_05454 ProcessToken_012 PatternToken_001,Category_E,S182|S199|S213|S119
IT05455,TopicToken_05455 ProcessToken_184 PatternToken_056,Category_C,S225|S129
IT05456,TopicToken_05456 ProcessToken_144 PatternToken_039,Category_Q,S011|S146|S052|S017|S201
IT05457,TopicToken_05457 ProcessToken_179 PatternToken_042,Category_H,S031|S192|S137|S010|S212
IT05458,TopicToken_05458 ProcessToken_057 PatternToken_094,Category_N,S047|S240|S040|S097
IT05459,TopicToken_05459 ProcessToken_138 PatternToken_098,Category_I,S238|S030|S157|S075|S110
IT05460,TopicToken_05460 ProcessToken_198 PatternToken_075,Category_G,S226|S037|S002|S177
IT05461,TopicToken_05461 ProcessToken_196 PatternToken_006,Category_J,S160|S172|S099|S222|S084
IT05462,TopicToken_05462 ProcessToken_122 PatternToken_054,Category_K,S204|S117|S110|S034
IT05463,TopicToken_05463 ProcessToken_075 PatternToken_012,Category_B,S136|S020|S124
IT05464,TopicToken_05464 ProcessToken_083 PatternToken_082,Category_F,S110|S220|S040|S177|S172
IT05465,TopicToken_05465 ProcessToken_189 PatternToken_072,Category_R,S169|S221|S212|S222|S143
IT05466,TopicToken_05466 ProcessToken_111 PatternToken_092,Category_D,S047|S205|S137|S033
IT05467,TopicToken_05467 ProcessToken_014 PatternToken_015,Category_E,S205|S062|S232
IT05468,TopicToken_05468 ProcessToken_129 PatternToken_100,Category_D,S098|S153|S094|S077
IT05469,TopicToken_05469 ProcessToken_065 PatternToken_065,Category_Q,S099|S115
IT05470,TopicToken_05470 ProcessToken_084 PatternToken_007,Category_I,S108|S120|S018
IT05471,TopicToken_05471 ProcessToken_035 PatternToken_035,Category_R,S003|S029|S136
IT05472,TopicToken_05472 ProcessToken_156 PatternToken_061,Category_K,S137|S094|S164|S138|S029
IT05473,TopicToken_05473 ProcessToken_183 PatternToken_066,Category_O,S090|S128
IT05474,TopicToken_05474 ProcessToken_064 PatternToken_005,Category_B,S191|S231
IT05475,TopicToken_05475 ProcessToken_141 PatternToken_039,Category_P,S001|S102
IT05476,TopicToken_05476 ProcessToken_185 PatternToken_033,Category_H,S132|S232|S123|S126|S108
IT05477,TopicToken_05477 ProcessToken_022 PatternToken_042,Category_T,S134|S171|S210|S047|S035
IT05478,TopicToken_05478 ProcessToken_135 PatternToken_092,Category_B,S234|S162
IT05479,TopicToken_05479 ProcessToken_061 PatternToken_079,Category_H,S073|S049
IT05480,TopicToken_05480 ProcessToken_008 PatternToken_028,Category_M,S143|S141|S165|S095
IT05481,TopicToken_05481 ProcessToken_135 PatternToken_050,Category_F,S044|S198
IT05482,TopicToken_05482 ProcessToken_187 PatternToken_070,Category_R,S214|S156
IT05483,TopicToken_05483 ProcessToken_098 PatternToken_081,Category_J,S188|S010|S025
IT05484,TopicToken_05484 ProcessToken_028 PatternToken_059,Category_M,S008|S080|S198|S076|S129
IT05485,TopicToken_05485 ProcessToken_119 PatternToken_064,Category_Q,S012|S085
IT05486,TopicToken_05486 ProcessToken_027 PatternToken_048,Category_N,S064|S223
IT05487,TopicToken_05487 ProcessToken_096 PatternToken_043,Category_D,S142|S228|S078|S141|S132
IT05488,TopicToken_05488 ProcessToken_003 PatternToken_061,Category_H,S124|S048
IT05489,TopicToken_05489 ProcessToken_129 PatternToken_016,Category_J,S174|S139|S050
IT05490,TopicToken_05490 ProcessToken_133 PatternToken_061,Category_G,S119|S080
IT05491,TopicToken_05491 ProcessToken_122 PatternToken_087,Category_K,S167|S193
IT05492,TopicToken_05492 ProcessToken_193 PatternToken_025,Category_B,S229|S010|S146|S173
IT05493,TopicToken_05493 ProcessToken_199 PatternToken_001,Category_Q,S099|S209|S013|S127|S137
IT05494,TopicToken_05494 ProcessToken_114 PatternToken_034,Category_G,S191|S005|S221|S231
IT05495,TopicToken_05495 ProcessToken_151 PatternToken_021,Category_M,S191|S046|S221|S049|S146
IT05496,TopicToken_05496 ProcessToken_113 PatternToken_090,Category_O,S119|S106|S173
IT05497,TopicToken_05497 ProcessToken_138 PatternToken_019,Category_P,S060|S237
IT05498,TopicToken_05498 ProcessToken_020 PatternToken_045,Category_E,S232|S090|S075|S152
IT05499,TopicToken_05499 ProcessToken_016 PatternToken_055,Category_B,S025|S060|S022
IT05500,TopicToken_05500 ProcessToken_033 PatternToken_085,Category_F,S162|S114|S201|S012
IT05501,TopicToken_05501 ProcessToken_034 PatternToken_072,Category_G,S195|S063|S176|S221
IT05502,TopicToken_05502 ProcessToken_029 PatternToken_031,Category_G,S228|S105
IT05503,TopicToken_05503 ProcessToken_042 PatternToken_074,Category_C,S230|S162|S055
IT05504,TopicToken_05504 ProcessToken_182 PatternToken_005,Category_O,S087|S113|S195
IT05505,TopicToken_05505 ProcessToken_194 PatternToken_095,Category_M,S013|S097|S231|S099|S193
IT05506,TopicToken_05506 ProcessToken_172 PatternToken_075,Category_M,S211|S008
IT05507,TopicToken_05507 ProcessToken_158 PatternToken_099,Category_B,S150|S178|S083|S175|S010
IT05508,TopicToken_05508 ProcessToken_015 PatternToken_082,Category_D,S087|S098|S176|S102
IT05509,TopicToken_05509 ProcessToken_085 PatternToken_059,Category_K,S096|S166|S026
IT05510,TopicToken_05510 ProcessToken_169 PatternToken_089,Category_S,S140|S049|S038|S206|S028
IT05511,TopicToken_05511 ProcessToken_002 PatternToken_055,Category_Q,S046|S084|S169|S004
IT05512,TopicToken_05512 ProcessToken_135 PatternToken_029,Category_I,S143|S025|S213|S197|S059
IT05513,TopicToken_05513 ProcessToken_076 PatternToken_044,Category_J,S237|S156|S198|S107|S226
IT05514,TopicToken_05514 ProcessToken_170 PatternToken_098,Category_L,S219|S047|S040|S130|S007
IT05515,TopicToken_05515 ProcessToken_106 PatternToken_004,Category_T,S159|S030
IT05516,TopicToken_05516 ProcessToken_155 PatternToken_082,Category_N,S037|S210|S137
IT05517,TopicToken_05517 ProcessToken_020 PatternToken_070,Category_G,S034|S226|S109|S115|S182
IT05518,TopicToken_05518 ProcessToken_175 PatternToken_064,Category_J,S029|S026|S052
IT05519,TopicToken_05519 ProcessToken_144 PatternToken_063,Category_F,S038|S133
IT05520,TopicToken_05520 ProcessToken_130 PatternToken_051,Category_D,S085|S156|S129|S136
IT05521,TopicToken_05521 ProcessToken_122 PatternToken_003,Category_H,S115|S054|S235|S064|S092
IT05522,TopicToken_05522 ProcessToken_144 PatternToken_047,Category_M,S174|S133|S123|S138|S152
IT05523,TopicToken_05523 ProcessToken_156 PatternToken_047,Category_D,S206|S236|S140
IT05524,TopicToken_05524 ProcessToken_093 PatternToken_056,Category_B,S148|S203
IT05525,TopicToken_05525 ProcessToken_034 PatternToken_025,Category_E,S062|S207|S112|S156
IT05526,TopicToken_05526 ProcessToken_190 PatternToken_025,Category_N,S157|S233
IT05527,TopicToken_05527 ProcessToken_031 PatternToken_029,Category_D,S186|S042|S046
IT05528,TopicToken_05528 ProcessToken_017 PatternToken_035,Category_T,S173|S072|S092|S127|S080
IT05529,TopicToken_05529 ProcessToken_049 PatternToken_066,Category_H,S079|S140|S141|S014
IT05530,TopicToken_05530 ProcessToken_062 PatternToken_090,Category_G,S166|S039
IT05531,TopicToken_05531 ProcessToken_013 PatternToken_060,Category_L,S008|S141|S118
IT05532,TopicToken_05532 ProcessToken_015 PatternToken_003,Category_B,S111|S173|S066|S193
IT05533,TopicToken_05533 ProcessToken_092 PatternToken_059,Category_L,S020|S110|S034|S140
IT05534,TopicToken_05534 ProcessToken_156 PatternToken_004,Category_P,S019|S134|S206
IT05535,TopicToken_05535 ProcessToken_008 PatternToken_026,Category_O,S203|S104|S158|S127
IT05536,TopicToken_05536 ProcessToken_069 PatternToken_007,Category_Q,S072|S163|S119
IT05537,TopicToken_05537 ProcessToken_170 PatternToken_067,Category_G,S200|S074
IT05538,TopicToken_05538 ProcessToken_149 PatternToken_061,Category_T,S058|S030|S145|S132|S189
IT05539,TopicToken_05539 ProcessToken_169 PatternToken_044,Category_L,S225|S182
IT05540,TopicToken_05540 ProcessToken_194 PatternToken_069,Category_J,S057|S012|S048
IT05541,TopicToken_05541 ProcessToken_058 PatternToken_033,Category_A,S118|S084|S171|S108
IT05542,TopicToken_05542 ProcessToken_098 PatternToken_024,Category_M,S031|S111|S148|S177|S008
IT05543,TopicToken_05543 ProcessToken_184 PatternToken_038,Category_F,S060|S091|S169|S010|S191
IT05544,TopicToken_05544 ProcessToken_066 PatternToken_007,Category_E,S070|S047|S193
IT05545,TopicToken_05545 ProcessToken_047 PatternToken_070,Category_K,S156|S085|S100|S006
IT05546,TopicToken_05546 ProcessToken_164 PatternToken_039,Category_S,S240|S212|S165|S028
IT05547,TopicToken_05547 ProcessToken_057 PatternToken_037,Category_K,S146|S163|S210|S170
IT05548,TopicToken_05548 ProcessToken_159 PatternToken_009,Category_I,S117|S158
IT05549,TopicToken_05549 ProcessToken_194 PatternToken_009,Category_T,S099|S061
IT05550,TopicToken_05550 ProcessToken_176 PatternToken_070,Category_K,S224|S147|S041|S189
IT05551,TopicToken_05551 ProcessToken_163 PatternToken_040,Category_L,S172|S071|S013
IT05552,TopicToken_05552 ProcessToken_091 PatternToken_066,Category_C,S232|S129
IT05553,TopicToken_05553 ProcessToken_133 PatternToken_019,Category_G,S001|S170|S216
IT05554,TopicToken_05554 ProcessToken_098 PatternToken_052,Category_H,S168|S237
IT05555,TopicToken_05555 ProcessToken_138 PatternToken_025,Category_L,S201|S176|S144|S051
IT05556,TopicToken_05556 ProcessToken_159 PatternToken_029,Category_B,S168|S175|S098|S096
IT05557,TopicToken_05557 ProcessToken_094 PatternToken_056,Category_Q,S167|S090|S128|S043|S162
IT05558,TopicToken_05558 ProcessToken_141 PatternToken_049,Category_K,S157|S002|S135|S014|S062
IT05559,TopicToken_05559 ProcessToken_071 PatternToken_079,Category_O,S153|S084|S200|S089|S122
IT05560,TopicToken_05560 ProcessToken_010 PatternToken_015,Category_M,S115|S169|S140|S190
IT05561,TopicToken_05561 ProcessToken_055 PatternToken_001,Category_C,S227|S192|S173|S184
IT05562,TopicToken_05562 ProcessToken_001 PatternToken_025,Category_N,S092|S188
IT05563,TopicToken_05563 ProcessToken_094 PatternToken_087,Category_A,S168|S004|S015|S083|S108
IT05564,TopicToken_05564 ProcessToken_004 PatternToken_090,Category_Q,S179|S162|S205|S013
IT05565,TopicToken_05565 ProcessToken_152 PatternToken_086,Category_P,S092|S238
IT05566,TopicToken_05566 ProcessToken_090 PatternToken_060,Category_I,S010|S198|S006|S114|S120
IT05567,TopicToken_05567 ProcessToken_056 PatternToken_042,Category_F,S169|S167|S064|S204
IT05568,TopicToken_05568 ProcessToken_054 PatternToken_043,Category_E,S110|S127|S225|S123
IT05569,TopicToken_05569 ProcessToken_103 PatternToken_082,Category_R,S133|S138|S057|S156
IT05570,TopicToken_05570 ProcessToken_090 PatternToken_083,Category_E,S229|S212
IT05571,TopicToken_05571 ProcessToken_161 PatternToken_096,Category_S,S165|S204|S213
IT05572,TopicToken_05572 ProcessToken_027 PatternToken_093,Category_D,S005|S092|S068|S181|S069
IT05573,TopicToken_05573 ProcessToken_050 PatternToken_070,Category_D,S049|S209|S134
IT05574,TopicToken_05574 ProcessToken_173 PatternToken_060,Category_B,S012|S050|S143
IT05575,TopicToken_05575 ProcessToken_132 PatternToken_093,Category_G,S096|S171|S208|S042|S038
IT05576,TopicToken_05576 ProcessToken_079 PatternToken_024,Category_C,S015|S191|S153|S210|S098
IT05577,TopicToken_05577 ProcessToken_012 PatternToken_015,Category_C,S097|S077|S164
IT05578,TopicToken_05578 ProcessToken_139 PatternToken_049,Category_R,S045|S029|S087|S159|S062
IT05579,TopicToken_05579 ProcessToken_016 PatternToken_014,Category_S,S219|S136
IT05580,TopicToken_05580 ProcessToken_126 PatternToken_012,Category_E,S229|S035
IT05581,TopicToken_05581 ProcessToken_001 PatternToken_006,Category_C,S032|S238|S149|S207
IT05582,TopicToken_05582 ProcessToken_166 PatternToken_025,Category_R,S135|S175|S040|S082|S112
IT05583,TopicToken_05583 ProcessToken_068 PatternToken_003,Category_B,S059|S033|S167|S088|S194
IT05584,TopicToken_05584 ProcessToken_010 PatternToken_027,Category_K,S144|S226|S234
IT05585,TopicToken_05585 ProcessToken_100 PatternToken_043,Category_O,S223|S092
IT05586,TopicToken_05586 ProcessToken_002 PatternToken_058,Category_S,S069|S071
IT05587,TopicToken_05587 ProcessToken_172 PatternToken_081,Category_J,S176|S124|S107|S078|S051
IT05588,TopicToken_05588 ProcessToken_180 PatternToken_065,Category_T,S201|S233
IT05589,TopicToken_05589 ProcessToken_040 PatternToken_043,Category_Q,S027|S001|S105|S062|S088
IT05590,TopicToken_05590 ProcessToken_180 PatternToken_054,Category_K,S063|S179|S169
IT05591,TopicToken_05591 ProcessToken_020 PatternToken_025,Category_F,S227|S133
IT05592,TopicToken_05592 ProcessToken_086 PatternToken_014,Category_G,S100|S218|S008|S042|S106
IT05593,TopicToken_05593 ProcessToken_050 PatternToken_021,Category_N,S129|S184|S076|S233
IT05594,TopicToken_05594 ProcessToken_093 PatternToken_046,Category_Q,S042|S145|S228|S200
IT05595,TopicToken_05595 ProcessToken_193 PatternToken_060,Category_R,S233|S045
IT05596,TopicToken_05596 ProcessToken_109 PatternToken_011,Category_B,S237|S068|S119|S140|S195
IT05597,TopicToken_05597 ProcessToken_028 PatternToken_051,Category_F,S121|S124|S014|S096|S187
IT05598,TopicToken_05598 ProcessToken_055 PatternToken_013,Category_B,S164|S127|S115|S146|S092
IT05599,TopicToken_05599 ProcessToken_025 PatternToken_037,Category_F,S029|S107|S102|S233
IT05600,TopicToken_05600 ProcessToken_066 PatternToken_024,Category_L,S001|S139|S083|S010|S104
IT05601,TopicToken_05601 ProcessToken_175 PatternToken_087,Category_A,S099|S115
IT05602,TopicToken_05602 ProcessToken_181 PatternToken_057,Category_R,S161|S035|S048|S011
IT05603,TopicToken_05603 ProcessToken_113 PatternToken_072,Category_H,S174|S038
IT05604,TopicToken_05604 ProcessToken_086 PatternToken_082,Category_J,S090|S085|S184|S008|S196
IT05605,TopicToken_05605 ProcessToken_114 PatternToken_062,Category_S,S060|S098|S057
IT05606,TopicToken_05606 ProcessToken_181 PatternToken_001,Category_Q,S136|S096|S122
IT05607,TopicToken_05607 ProcessToken_034 PatternToken_099,Category_A,S152|S138
IT05608,TopicToken_05608 ProcessToken_168 PatternToken_030,Category_B,S022|S118|S193|S177
IT05609,TopicToken_05609 ProcessToken_192 PatternToken_073,Category_R,S104|S235|S071|S223|S055
IT05610,TopicToken_05610 ProcessToken_026 PatternToken_083,Category_N,S027|S055|S226
IT05611,TopicToken_05611 ProcessToken_177 PatternToken_028,Category_M,S226|S149|S048
IT05612,TopicToken_05612 ProcessToken_197 PatternToken_045,Category_P,S015|S174|S104|S045|S001
IT05613,TopicToken_05613 ProcessToken_017 PatternToken_077,Category_P,S018|S068
IT05614,TopicToken_05614 ProcessToken_140 PatternToken_066,Category_A,S032|S218|S001|S104
IT05615,TopicToken_05615 ProcessToken_001 PatternToken_058,Category_N,S174|S043|S171|S157
IT05616,TopicToken_05616 ProcessToken_155 PatternToken_050,Category_P,S144|S072
IT05617,TopicToken_05617 ProcessToken_182 PatternToken_079,Category_A,S035|S087|S198|S219|S100
IT05618,TopicToken_05618 ProcessToken_054 PatternToken_092,Category_L,S006|S101|S077|S227|S103
IT05619,TopicToken_05619 ProcessToken_058 PatternToken_039,Category_R,S058|S154|S172
IT05620,TopicToken_05620 ProcessToken_104 PatternToken_058,Category_O,S197|S236|S240|S066
IT05621,TopicToken_05621 ProcessToken_025 PatternToken_097,Category_F,S224|S048|S042|S067
IT05622,TopicToken_05622 ProcessToken_200 PatternToken_013,Category_L,S235|S236|S207|S035|S189
IT05623,TopicToken_05623 ProcessToken_127 PatternToken_060,Category_H,S138|S219
IT05624,TopicToken_05624 ProcessToken_097 PatternToken_054,Category_G,S046|S034|S094|S167
IT05625,TopicToken_05625 ProcessToken_121 PatternToken_002,Category_L,S004|S138
IT05626,TopicToken_05626 ProcessToken_191 PatternToken_098,Category_S,S183|S156|S208|S052|S175
IT05627,TopicToken_05627 ProcessToken_136 PatternToken_067,Category_I,S010|S147
IT05628,TopicToken_05628 ProcessToken_123 PatternToken_088,Category_T,S065|S235
IT05629,TopicToken_05629 ProcessToken_024 PatternToken_013,Category_C,S026|S087
IT05630,TopicToken_05630 ProcessToken_020 PatternToken_012,Category_G,S030|S106
IT05631,TopicToken_05631 ProcessToken_045 PatternToken_037,Category_E,S081|S095|S054
IT05632,TopicToken_05632 ProcessToken_004 PatternToken_094,Category_G,S027|S196|S165
IT05633,TopicToken_05633 ProcessToken_042 PatternToken_042,Category_R,S138|S165|S094|S011|S212
IT05634,TopicToken_05634 ProcessToken_116 PatternToken_021,Category_I,S211|S161|S222|S003|S135
IT05635,TopicToken_05635 ProcessToken_128 PatternToken_052,Category_N,S113|S218|S217
IT05636,TopicToken_05636 ProcessToken_159 PatternToken_009,Category_A,S034|S005|S192
IT05637,TopicToken_05637 ProcessToken_061 PatternToken_043,Category_O,S015|S146|S060|S005
IT05638,TopicToken_05638 ProcessToken_149 PatternToken_014,Category_L,S093|S143
IT05639,TopicToken_05639 ProcessToken_176 PatternToken_073,Category_F,S172|S041
IT05640,TopicToken_05640 ProcessToken_078 PatternToken_042,Category_E,S102|S018
IT05641,TopicToken_05641 ProcessToken_087 PatternToken_064,Category_C,S073|S227
IT05642,TopicToken_05642 ProcessToken_062 PatternToken_022,Category_O,S218|S051
IT05643,TopicToken_05643 ProcessToken_152 PatternToken_078,Category_Q,S160|S133
IT05644,TopicToken_05644 ProcessToken_105 PatternToken_013,Category_I,S224|S048
IT05645,TopicToken_05645 ProcessToken_017 PatternToken_010,Category_B,S185|S162
IT05646,TopicToken_05646 ProcessToken_150 PatternToken_079,Category_G,S094|S144|S143
IT05647,TopicToken_05647 ProcessToken_079 PatternToken_080,Category_B,S161|S072|S200|S080|S117
IT05648,TopicToken_05648 ProcessToken_154 PatternToken_037,Category_M,S230|S043
IT05649,TopicToken_05649 ProcessToken_087 PatternToken_025,Category_C,S061|S162|S087|S193|S019
IT05650,TopicToken_05650 ProcessToken_171 PatternToken_077,Category_M,S014|S069|S155|S223
IT05651,TopicToken_05651 ProcessToken_020 PatternToken_020,Category_E,S146|S120|S177|S196
IT05652,TopicToken_05652 ProcessToken_169 PatternToken_004,Category_A,S009|S155|S145
IT05653,TopicToken_05653 ProcessToken_094 PatternToken_084,Category_N,S216|S138|S165|S021
IT05654,TopicToken_05654 ProcessToken_136 PatternToken_099,Category_O,S178|S230|S088|S130
IT05655,TopicToken_05655 ProcessToken_132 PatternToken_033,Category_A,S028|S230|S038
IT05656,TopicToken_05656 ProcessToken_121 PatternToken_090,Category_K,S058|S144
IT05657,TopicToken_05657 ProcessToken_122 PatternToken_055,Category_E,S219|S152
IT05658,TopicToken_05658 ProcessToken_151 PatternToken_060,Category_H,S053|S068|S060
IT05659,TopicToken_05659 ProcessToken_187 PatternToken_034,Category_C,S140|S005|S095
IT05660,TopicToken_05660 ProcessToken_134 PatternToken_096,Category_Q,S216|S005|S033
IT05661,TopicToken_05661 ProcessToken_107 PatternToken_085,Category_C,S093|S212
IT05662,TopicToken_05662 ProcessToken_177 PatternToken_020,Category_B,S110|S058|S216
IT05663,TopicToken_05663 ProcessToken_131 PatternToken_023,Category_I,S022|S054|S006
IT05664,TopicToken_05664 ProcessToken_016 PatternToken_065,Category_O,S196|S021|S011
IT05665,TopicToken_05665 ProcessToken_109 PatternToken_011,Category_P,S080|S222|S150|S030|S032
IT05666,TopicToken_05666 ProcessToken_048 PatternToken_087,Category_R,S205|S183|S117|S025
IT05667,TopicToken_05667 ProcessToken_160 PatternToken_026,Category_T,S156|S150|S011|S212|S184
IT05668,TopicToken_05668 ProcessToken_184 PatternToken_075,Category_B,S187|S007
IT05669,TopicToken_05669 ProcessToken_059 PatternToken_057,Category_A,S216|S179
IT05670,TopicToken_05670 ProcessToken_199 PatternToken_063,Category_S,S198|S011|S058|S024|S071
IT05671,TopicToken_05671 ProcessToken_081 PatternToken_082,Category_T,S232|S015|S077|S042|S189
IT05672,TopicToken_05672 ProcessToken_029 PatternToken_064,Category_D,S055|S148|S011|S043
IT05673,TopicToken_05673 ProcessToken_012 PatternToken_041,Category_I,S230|S148
IT05674,TopicToken_05674 ProcessToken_107 PatternToken_087,Category_R,S043|S239|S096
IT05675,TopicToken_05675 ProcessToken_067 PatternToken_017,Category_E,S158|S169|S223
IT05676,TopicToken_05676 ProcessToken_199 PatternToken_079,Category_N,S216|S002|S174|S051|S102
IT05677,TopicToken_05677 ProcessToken_135 PatternToken_051,Category_N,S131|S020|S106
IT05678,TopicToken_05678 ProcessToken_179 PatternToken_081,Category_T,S188|S054|S064|S158
IT05679,TopicToken_05679 ProcessToken_138 PatternToken_021,Category_R,S131|S172|S022|S201
IT05680,TopicToken_05680 ProcessToken_004 PatternToken_093,Category_Q,S096|S073
IT05681,TopicToken_05681 ProcessToken_077 PatternToken_082,Category_F,S120|S103|S002|S142|S023
IT05682,TopicToken_05682 ProcessToken_094 PatternToken_046,Category_P,S203|S175|S151|S028
IT05683,TopicToken_05683 ProcessToken_172 PatternToken_009,Category_K,S188|S122|S002|S028
IT05684,TopicToken_05684 ProcessToken_163 PatternToken_039,Category_A,S038|S101
IT05685,TopicToken_05685 ProcessToken_190 PatternToken_050,Category_F,S091|S005
IT05686,TopicToken_05686 ProcessToken_031 PatternToken_080,Category_K,S161|S210|S049|S024|S105
IT05687,TopicToken_05687 ProcessToken_079 PatternToken_094,Category_T,S222|S138
IT05688,TopicToken_05688 ProcessToken_144 PatternToken_079,Category_L,S003|S182|S005|S207
IT05689,TopicToken_05689 ProcessToken_145 PatternToken_087,Category_E,S134|S002|S240|S023|S200
IT05690,TopicToken_05690 ProcessToken_164 PatternToken_091,Category_R,S232|S108|S028|S065
IT05691,TopicToken_05691 ProcessToken_017 PatternToken_069,Category_O,S216|S033
IT05692,TopicToken_05692 ProcessToken_131 PatternToken_054,Category_G,S042|S208|S185|S177|S239
IT05693,TopicToken_05693 ProcessToken_034 PatternToken_079,Category_T,S025|S168
IT05694,TopicToken_05694 ProcessToken_066 PatternToken_094,Category_D,S170|S193|S013|S144
IT05695,TopicToken_05695 ProcessToken_021 PatternToken_030,Category_P,S209|S085
IT05696,TopicToken_05696 ProcessToken_113 PatternToken_097,Category_R,S066|S219|S053
IT05697,TopicToken_05697 ProcessToken_133 PatternToken_020,Category_I,S055|S111|S134
IT05698,TopicToken_05698 ProcessToken_179 PatternToken_100,Category_R,S209|S215|S117|S170|S122
IT05699,TopicToken_05699 ProcessToken_048 PatternToken_016,Category_I,S066|S104|S042|S091|S240
IT05700,TopicToken_05700 ProcessToken_035 PatternToken_095,Category_K,S128|S132|S229|S181
IT05701,TopicToken_05701 ProcessToken_175 PatternToken_075,Category_C,S080|S129
IT05702,TopicToken_05702 ProcessToken_186 PatternToken_076,Category_A,S211|S127|S153
IT05703,TopicToken_05703 ProcessToken_057 PatternToken_003,Category_O,S198|S081|S177|S170
IT05704,TopicToken_05704 ProcessToken_005 PatternToken_060,Category_E,S222|S095|S056
IT05705,TopicToken_05705 ProcessToken_155 PatternToken_058,Category_D,S152|S173|S140|S084|S111
IT05706,TopicToken_05706 ProcessToken_041 PatternToken_047,Category_B,S056|S099|S145|S076|S090
IT05707,TopicToken_05707 ProcessToken_025 PatternToken_047,Category_E,S014|S161|S214|S090
IT05708,TopicToken_05708 ProcessToken_032 PatternToken_093,Category_A,S184|S239|S125|S127|S073
IT05709,TopicToken_05709 ProcessToken_182 PatternToken_099,Category_I,S133|S105|S057|S103|S159
IT05710,TopicToken_05710 ProcessToken_169 PatternToken_091,Category_I,S081|S133|S206
IT05711,TopicToken_05711 ProcessToken_121 PatternToken_015,Category_A,S043|S164
IT05712,TopicToken_05712 ProcessToken_095 PatternToken_052,Category_J,S112|S088|S139|S017|S160
IT05713,TopicToken_05713 ProcessToken_018 PatternToken_034,Category_O,S207|S142|S189
IT05714,TopicToken_05714 ProcessToken_139 PatternToken_048,Category_K,S093|S067|S015
IT05715,TopicToken_05715 ProcessToken_199 PatternToken_064,Category_F,S134|S173|S240|S094
IT05716,TopicToken_05716 ProcessToken_055 PatternToken_064,Category_I,S150|S177
IT05717,TopicToken_05717 ProcessToken_091 PatternToken_054,Category_B,S181|S139|S203
IT05718,TopicToken_05718 ProcessToken_016 PatternToken_096,Category_P,S124|S143|S053|S166
IT05719,TopicToken_05719 ProcessToken_122 PatternToken_063,Category_M,S176|S145
IT05720,TopicToken_05720 ProcessToken_085 PatternToken_004,Category_N,S146|S033|S135|S226
IT05721,TopicToken_05721 ProcessToken_044 PatternToken_029,Category_F,S014|S099|S225|S145|S017
IT05722,TopicToken_05722 ProcessToken_184 PatternToken_069,Category_E,S067|S036|S194|S006
IT05723,TopicToken_05723 ProcessToken_136 PatternToken_100,Category_H,S208|S091
IT05724,TopicToken_05724 ProcessToken_041 PatternToken_088,Category_A,S054|S028|S059|S213
IT05725,TopicToken_05725 ProcessToken_103 PatternToken_018,Category_C,S167|S134|S194|S190
IT05726,TopicToken_05726 ProcessToken_170 PatternToken_035,Category_C,S017|S107
IT05727,TopicToken_05727 ProcessToken_185 PatternToken_065,Category_H,S219|S039
IT05728,TopicToken_05728 ProcessToken_066 PatternToken_048,Category_G,S115|S100|S080|S140
IT05729,TopicToken_05729 ProcessToken_062 PatternToken_075,Category_O,S118|S109|S037
IT05730,TopicToken_05730 ProcessToken_124 PatternToken_074,Category_O,S147|S160|S226|S145
IT05731,TopicToken_05731 ProcessToken_027 PatternToken_077,Category_G,S050|S213|S037|S048|S032
IT05732,TopicToken_05732 ProcessToken_079 PatternToken_099,Category_S,S105|S062|S220|S221
IT05733,TopicToken_05733 ProcessToken_064 PatternToken_062,Category_K,S021|S057|S237
IT05734,TopicToken_05734 ProcessToken_035 PatternToken_029,Category_I,S120|S044|S141|S085
IT05735,TopicToken_05735 ProcessToken_123 PatternToken_091,Category_C,S173|S031|S038|S172
IT05736,TopicToken_05736 ProcessToken_114 PatternToken_003,Category_J,S114|S016|S053|S118
IT05737,TopicToken_05737 ProcessToken_117 PatternToken_033,Category_I,S019|S198|S228|S078|S176
IT05738,TopicToken_05738 ProcessToken_095 PatternToken_077,Category_B,S047|S115|S167|S183
IT05739,TopicToken_05739 ProcessToken_192 PatternToken_095,Category_S,S052|S150
IT05740,TopicToken_05740 ProcessToken_185 PatternToken_052,Category_D,S118|S008|S071|S171
IT05741,TopicToken_05741 ProcessToken_018 PatternToken_021,Category_A,S030|S226|S135
IT05742,TopicToken_05742 ProcessToken_102 PatternToken_097,Category_F,S215|S106|S137|S202|S081
IT05743,TopicToken_05743 ProcessToken_167 PatternToken_037,Category_T,S074|S056
IT05744,TopicToken_05744 ProcessToken_152 PatternToken_014,Category_Q,S221|S203
IT05745,TopicToken_05745 ProcessToken_130 PatternToken_100,Category_I,S074|S104
IT05746,TopicToken_05746 ProcessToken_009 PatternToken_098,Category_J,S139|S107|S234|S204
IT05747,TopicToken_05747 ProcessToken_023 PatternToken_016,Category_R,S174|S039|S019|S176
IT05748,TopicToken_05748 ProcessToken_186 PatternToken_065,Category_T,S151|S134
IT05749,TopicToken_05749 ProcessToken_102 PatternToken_064,Category_Q,S225|S232|S109|S111|S155
IT05750,TopicToken_05750 ProcessToken_036 PatternToken_084,Category_B,S148|S171
IT05751,TopicToken_05751 ProcessToken_040 PatternToken_019,Category_E,S008|S082|S130|S122|S015
IT05752,TopicToken_05752 ProcessToken_075 PatternToken_100,Category_M,S149|S140|S203
IT05753,TopicToken_05753 ProcessToken_137 PatternToken_045,Category_B,S038|S168|S165|S053|S086
IT05754,TopicToken_05754 ProcessToken_017 PatternToken_080,Category_S,S062|S024|S079|S035|S133
IT05755,TopicToken_05755 ProcessToken_075 PatternToken_013,Category_Q,S005|S225
IT05756,TopicToken_05756 ProcessToken_119 PatternToken_059,Category_G,S203|S066|S020|S074
IT05757,TopicToken_05757 ProcessToken_190 PatternToken_080,Category_R,S005|S202
IT05758,TopicToken_05758 ProcessToken_033 PatternToken_074,Category_F,S149|S230
IT05759,TopicToken_05759 ProcessToken_159 PatternToken_034,Category_O,S058|S062|S017
IT05760,TopicToken_05760 ProcessToken_032 PatternToken_022,Category_M,S050|S195|S122
IT05761,TopicToken_05761 ProcessToken_053 PatternToken_020,Category_D,S128|S179|S017|S062
IT05762,TopicToken_05762 ProcessToken_164 PatternToken_056,Category_E,S101|S162
IT05763,TopicToken_05763 ProcessToken_173 PatternToken_066,Category_G,S068|S196|S195|S040|S153
IT05764,TopicToken_05764 ProcessToken_129 PatternToken_049,Category_J,S073|S153|S159|S185|S137
IT05765,TopicToken_05765 ProcessToken_034 PatternToken_091,Category_O,S215|S013|S051|S084
IT05766,TopicToken_05766 ProcessToken_011 PatternToken_011,Category_F,S075|S062|S181|S090
IT05767,TopicToken_05767 ProcessToken_151 PatternToken_040,Category_H,S022|S026|S181
IT05768,TopicToken_05768 ProcessToken_135 PatternToken_052,Category_O,S113|S174|S094|S130
IT05769,TopicToken_05769 ProcessToken_086 PatternToken_009,Category_B,S016|S136|S044|S174
IT05770,TopicToken_05770 ProcessToken_048 PatternToken_049,Category_O,S038|S085|S217|S207
IT05771,TopicToken_05771 ProcessToken_025 PatternToken_037,Category_O,S142|S121|S041|S106|S158
IT05772,TopicToken_05772 ProcessToken_190 PatternToken_016,Category_H,S158|S150
IT05773,TopicToken_05773 ProcessToken_184 PatternToken_073,Category_L,S220|S221|S140
IT05774,TopicToken_05774 ProcessToken_171 PatternToken_038,Category_S,S082|S013
IT05775,TopicToken_05775 ProcessToken_155 PatternToken_078,Category_G,S168|S084|S012|S005
IT05776,TopicToken_05776 ProcessToken_098 PatternToken_077,Category_M,S095|S040|S185
IT05777,TopicToken_05777 ProcessToken_020 PatternToken_045,Category_O,S057|S064
IT05778,TopicToken_05778 ProcessToken_119 PatternToken_083,Category_C,S195|S009|S144
IT05779,TopicToken_05779 ProcessToken_177 PatternToken_080,Category_I,S114|S234|S030|S066|S224
IT05780,TopicToken_05780 ProcessToken_032 PatternToken_025,Category_B,S179|S190|S143|S099|S111
IT05781,TopicToken_05781 ProcessToken_001 PatternToken_055,Category_O,S086|S093
IT05782,TopicToken_05782 ProcessToken_098 PatternToken_034,Category_F,S026|S073|S116
IT05783,TopicToken_05783 ProcessToken_181 PatternToken_076,Category_G,S118|S034|S011|S204
IT05784,TopicToken_05784 ProcessToken_027 PatternToken_076,Category_N,S116|S223
IT05785,TopicToken_05785 ProcessToken_089 PatternToken_046,Category_M,S230|S211|S089|S155|S123
IT05786,TopicToken_05786 ProcessToken_108 PatternToken_034,Category_C,S220|S043|S110
IT05787,TopicToken_05787 ProcessToken_061 PatternToken_046,Category_P,S069|S114|S004|S030|S198
IT05788,TopicToken_05788 ProcessToken_143 PatternToken_035,Category_J,S131|S210|S125
IT05789,TopicToken_05789 ProcessToken_161 PatternToken_028,Category_L,S005|S121|S098|S088|S176
IT05790,TopicToken_05790 ProcessToken_014 PatternToken_043,Category_F,S084|S102|S040|S047|S068
IT05791,TopicToken_05791 ProcessToken_113 PatternToken_076,Category_L,S200|S049|S143
IT05792,TopicToken_05792 ProcessToken_159 PatternToken_064,Category_P,S125|S202|S085|S003
IT05793,TopicToken_05793 ProcessToken_047 PatternToken_089,Category_M,S119|S021
IT05794,TopicToken_05794 ProcessToken_178 PatternToken_001,Category_M,S033|S231|S130|S144|S127
IT05795,TopicToken_05795 ProcessToken_135 PatternToken_071,Category_Q,S222|S033
IT05796,TopicToken_05796 ProcessToken_165 PatternToken_060,Category_B,S047|S129|S138
IT05797,TopicToken_05797 ProcessToken_017 PatternToken_018,Category_O,S158|S224
IT05798,TopicToken_05798 ProcessToken_064 PatternToken_054,Category_J,S179|S053|S197
IT05799,TopicToken_05799 ProcessToken_159 PatternToken_048,Category_S,S228|S144|S015|S145
IT05800,TopicToken_05800 ProcessToken_062 PatternToken_096,Category_R,S138|S066|S031|S180|S127
IT05801,TopicToken_05801 ProcessToken_015 PatternToken_032,Category_E,S140|S138
IT05802,TopicToken_05802 ProcessToken_004 PatternToken_026,Category_T,S208|S145|S160|S034|S226
IT05803,TopicToken_05803 ProcessToken_138 PatternToken_089,Category_K,S176|S214|S042|S084|S218
IT05804,TopicToken_05804 ProcessToken_199 PatternToken_038,Category_S,S218|S151|S214|S188
IT05805,TopicToken_05805 ProcessToken_147 PatternToken_011,Category_A,S005|S161
IT05806,TopicToken_05806 ProcessToken_181 PatternToken_002,Category_F,S111|S221|S183|S229
IT05807,TopicToken_05807 ProcessToken_196 PatternToken_084,Category_C,S204|S141|S153|S067|S134
IT05808,TopicToken_05808 ProcessToken_077 PatternToken_006,Category_N,S198|S208|S071|S221
IT05809,TopicToken_05809 ProcessToken_033 PatternToken_059,Category_N,S044|S086|S081|S192|S128
IT05810,TopicToken_05810 ProcessToken_096 PatternToken_065,Category_A,S073|S033|S199
IT05811,TopicToken_05811 ProcessToken_048 PatternToken_002,Category_R,S038|S042|S062|S022|S084
IT05812,TopicToken_05812 ProcessToken_133 PatternToken_089,Category_O,S156|S116
IT05813,TopicToken_05813 ProcessToken_174 PatternToken_076,Category_L,S188|S107|S007|S036
IT05814,TopicToken_05814 ProcessToken_146 PatternToken_095,Category_P,S203|S026|S220
IT05815,TopicToken_05815 ProcessToken_181 PatternToken_032,Category_F,S196|S035|S174|S191|S223
IT05816,TopicToken_05816 ProcessToken_029 PatternToken_040,Category_O,S035|S068|S240|S148|S184
IT05817,TopicToken_05817 ProcessToken_197 PatternToken_081,Category_L,S075|S073
IT05818,TopicToken_05818 ProcessToken_124 PatternToken_050,Category_G,S022|S121
IT05819,TopicToken_05819 ProcessToken_075 PatternToken_004,Category_A,S200|S198
IT05820,TopicToken_05820 ProcessToken_020 PatternToken_004,Category_L,S230|S181|S014|S063|S216
IT05821,TopicToken_05821 ProcessToken_193 PatternToken_009,Category_I,S187|S015|S210|S026
IT05822,TopicToken_05822 ProcessToken_036 PatternToken_091,Category_A,S059|S049|S156
IT05823,TopicToken_05823 ProcessToken_162 PatternToken_052,Category_R,S134|S127|S018|S214
IT05824,TopicToken_05824 ProcessToken_154 PatternToken_003,Category_N,S098|S176
IT05825,TopicToken_05825 ProcessToken_198 PatternToken_069,Category_R,S186|S157|S114|S200
IT05826,TopicToken_05826 ProcessToken_153 PatternToken_069,Category_T,S090|S194|S166|S019|S182
IT05827,TopicToken_05827 ProcessToken_119 PatternToken_073,Category_G,S086|S095|S145|S158
IT05828,TopicToken_05828 ProcessToken_171 PatternToken_033,Category_G,S067|S108|S115|S171|S068
IT05829,TopicToken_05829 ProcessToken_200 PatternToken_063,Category_L,S152|S133
IT05830,TopicToken_05830 ProcessToken_079 PatternToken_009,Category_G,S134|S042|S027
IT05831,TopicToken_05831 ProcessToken_015 PatternToken_047,Category_I,S171|S126|S139|S111
IT05832,TopicToken_05832 ProcessToken_158 PatternToken_024,Category_Q,S037|S154|S015|S232
IT05833,TopicToken_05833 ProcessToken_001 PatternToken_069,Category_I,S010|S189|S172
IT05834,TopicToken_05834 ProcessToken_040 PatternToken_095,Category_L,S039|S123|S208|S075|S185
IT05835,TopicToken_05835 ProcessToken_079 PatternToken_007,Category_T,S035|S217|S170
IT05836,TopicToken_05836 ProcessToken_051 PatternToken_091,Category_Q,S094|S129|S041|S095|S139
IT05837,TopicToken_05837 ProcessToken_066 PatternToken_022,Category_R,S049|S164
IT05838,TopicToken_05838 ProcessToken_138 PatternToken_074,Category_R,S011|S122|S199|S119
IT05839,TopicToken_05839 ProcessToken_147 PatternToken_086,Category_O,S107|S217|S029|S119
IT05840,TopicToken_05840 ProcessToken_184 PatternToken_047,Category_R,S178|S121|S130|S200|S061
IT05841,TopicToken_05841 ProcessToken_151 PatternToken_032,Category_C,S214|S026|S144
IT05842,TopicToken_05842 ProcessToken_092 PatternToken_030,Category_G,S126|S093|S222|S090|S170
IT05843,TopicToken_05843 ProcessToken_061 PatternToken_032,Category_P,S140|S173
IT05844,TopicToken_05844 ProcessToken_017 PatternToken_048,Category_C,S028|S216|S023|S168|S052
IT05845,TopicToken_05845 ProcessToken_090 PatternToken_095,Category_G,S061|S211|S054|S214|S011
IT05846,TopicToken_05846 ProcessToken_092 PatternToken_095,Category_D,S080|S164|S145
IT05847,TopicToken_05847 ProcessToken_182 PatternToken_094,Category_Q,S205|S161|S019|S083
IT05848,TopicToken_05848 ProcessToken_015 PatternToken_075,Category_L,S199|S055
IT05849,TopicToken_05849 ProcessToken_124 PatternToken_010,Category_J,S081|S069
IT05850,TopicToken_05850 ProcessToken_087 PatternToken_052,Category_L,S173|S034|S032|S228
IT05851,TopicToken_05851 ProcessToken_114 PatternToken_032,Category_K,S082|S137|S113
IT05852,TopicToken_05852 ProcessToken_067 PatternToken_001,Category_N,S175|S086|S007
IT05853,TopicToken_05853 ProcessToken_107 PatternToken_038,Category_K,S219|S184|S140
IT05854,TopicToken_05854 ProcessToken_162 PatternToken_082,Category_Q,S112|S134|S119
IT05855,TopicToken_05855 ProcessToken_081 PatternToken_006,Category_J,S197|S150
IT05856,TopicToken_05856 ProcessToken_091 PatternToken_052,Category_Q,S057|S131|S122|S195
IT05857,TopicToken_05857 ProcessToken_094 PatternToken_024,Category_R,S155|S097
IT05858,TopicToken_05858 ProcessToken_014 PatternToken_079,Category_G,S181|S236|S028|S108|S047
IT05859,TopicToken_05859 ProcessToken_191 PatternToken_085,Category_F,S159|S118|S175|S114|S092
IT05860,TopicToken_05860 ProcessToken_172 PatternToken_003,Category_G,S032|S055|S228
IT05861,TopicToken_05861 ProcessToken_172 PatternToken_074,Category_J,S219|S002
IT05862,TopicToken_05862 ProcessToken_005 PatternToken_007,Category_L,S032|S101|S015
IT05863,TopicToken_05863 ProcessToken_020 PatternToken_075,Category_H,S239|S103|S097|S048
IT05864,TopicToken_05864 ProcessToken_021 PatternToken_072,Category_C,S205|S013|S228
IT05865,TopicToken_05865 ProcessToken_020 PatternToken_095,Category_I,S064|S015|S091|S007|S040
IT05866,TopicToken_05866 ProcessToken_098 PatternToken_071,Category_D,S129|S030|S065
IT05867,TopicToken_05867 ProcessToken_143 PatternToken_076,Category_L,S010|S184|S104|S193|S048
IT05868,TopicToken_05868 ProcessToken_009 PatternToken_008,Category_G,S217|S145|S022|S199
IT05869,TopicToken_05869 ProcessToken_141 PatternToken_010,Category_Q,S155|S022|S223|S110
IT05870,TopicToken_05870 ProcessToken_081 PatternToken_011,Category_Q,S062|S185|S058|S157|S215
IT05871,TopicToken_05871 ProcessToken_192 PatternToken_049,Category_S,S158|S051|S237|S213|S217
IT05872,TopicToken_05872 ProcessToken_171 PatternToken_075,Category_D,S144|S075
IT05873,TopicToken_05873 ProcessToken_065 PatternToken_031,Category_E,S183|S022|S040
IT05874,TopicToken_05874 ProcessToken_048 PatternToken_073,Category_T,S030|S124
IT05875,TopicToken_05875 ProcessToken_123 PatternToken_005,Category_T,S003|S140|S222|S089
IT05876,TopicToken_05876 ProcessToken_008 PatternToken_088,Category_F,S216|S154|S106|S208|S043
IT05877,TopicToken_05877 ProcessToken_191 PatternToken_064,Category_I,S129|S156|S126|S028
IT05878,TopicToken_05878 ProcessToken_099 PatternToken_098,Category_I,S071|S147|S103|S051
IT05879,TopicToken_05879 ProcessToken_029 PatternToken_016,Category_T,S156|S180|S227
IT05880,TopicToken_05880 ProcessToken_104 PatternToken_099,Category_A,S108|S003|S219|S046
IT05881,TopicToken_05881 ProcessToken_055 PatternToken_029,Category_O,S061|S151|S018
IT05882,TopicToken_05882 ProcessToken_104 PatternToken_025,Category_P,S182|S136
IT05883,TopicToken_05883 ProcessToken_150 PatternToken_002,Category_B,S173|S217|S158
IT05884,TopicToken_05884 ProcessToken_164 PatternToken_002,Category_Q,S190|S088|S191|S029
IT05885,TopicToken_05885 ProcessToken_200 PatternToken_024,Category_L,S148|S110|S178|S198|S221
IT05886,TopicToken_05886 ProcessToken_146 PatternToken_047,Category_T,S215|S185|S070|S086|S193
IT05887,TopicToken_05887 ProcessToken_019 PatternToken_036,Category_T,S167|S032|S088
IT05888,TopicToken_05888 ProcessToken_164 PatternToken_083,Category_H,S010|S230|S166|S026
IT05889,TopicToken_05889 ProcessToken_069 PatternToken_044,Category_F,S117|S071|S183|S010
IT05890,TopicToken_05890 ProcessToken_171 PatternToken_007,Category_P,S220|S132
IT05891,TopicToken_05891 ProcessToken_092 PatternToken_026,Category_Q,S090|S142|S059|S227
IT05892,TopicToken_05892 ProcessToken_126 PatternToken_046,Category_F,S143|S044|S202|S081|S024
IT05893,TopicToken_05893 ProcessToken_158 PatternToken_076,Category_K,S121|S107
IT05894,TopicToken_05894 ProcessToken_168 PatternToken_017,Category_Q,S233|S212|S196
IT05895,TopicToken_05895 ProcessToken_111 PatternToken_013,Category_C,S168|S021|S102|S060|S018
IT05896,TopicToken_05896 ProcessToken_069 PatternToken_021,Category_E,S014|S125|S175|S105|S131
IT05897,TopicToken_05897 ProcessToken_076 PatternToken_052,Category_J,S146|S179|S028
IT05898,TopicToken_05898 ProcessToken_143 PatternToken_098,Category_E,S024|S089
IT05899,TopicToken_05899 ProcessToken_140 PatternToken_047,Category_J,S069|S140|S049|S139
IT05900,TopicToken_05900 ProcessToken_090 PatternToken_050,Category_D,S169|S013|S118|S026|S187
IT05901,TopicToken_05901 ProcessToken_068 PatternToken_011,Category_K,S151|S043|S065|S019
IT05902,TopicToken_05902 ProcessToken_126 PatternToken_063,Category_D,S104|S129|S222|S217|S154
IT05903,TopicToken_05903 ProcessToken_014 PatternToken_055,Category_L,S049|S010
IT05904,TopicToken_05904 ProcessToken_096 PatternToken_001,Category_L,S238|S036|S069|S160
IT05905,TopicToken_05905 ProcessToken_130 PatternToken_032,Category_P,S112|S034|S221
IT05906,TopicToken_05906 ProcessToken_158 PatternToken_036,Category_C,S001|S027
IT05907,TopicToken_05907 ProcessToken_026 PatternToken_024,Category_I,S140|S103|S161|S040
IT05908,TopicToken_05908 ProcessToken_193 PatternToken_097,Category_D,S155|S164|S180|S216|S212
IT05909,TopicToken_05909 ProcessToken_014 PatternToken_034,Category_I,S058|S102|S162
IT05910,TopicToken_05910 ProcessToken_140 PatternToken_095,Category_N,S137|S208|S091|S209
IT05911,TopicToken_05911 ProcessToken_037 PatternToken_071,Category_C,S123|S017|S135|S089
IT05912,TopicToken_05912 ProcessToken_154 PatternToken_071,Category_G,S167|S153|S046|S110|S002
IT05913,TopicToken_05913 ProcessToken_109 PatternToken_044,Category_E,S028|S184|S141|S204
IT05914,TopicToken_05914 ProcessToken_137 PatternToken_041,Category_P,S138|S146|S019|S125
IT05915,TopicToken_05915 ProcessToken_104 PatternToken_012,Category_I,S181|S060|S223|S120
IT05916,TopicToken_05916 ProcessToken_156 PatternToken_100,Category_F,S042|S140|S058
IT05917,TopicToken_05917 ProcessToken_165 PatternToken_061,Category_J,S090|S127|S014
IT05918,TopicToken_05918 ProcessToken_173 PatternToken_066,Category_A,S119|S017|S135
IT05919,TopicToken_05919 ProcessToken_083 PatternToken_044,Category_Q,S112|S162|S144|S131
IT05920,TopicToken_05920 ProcessToken_035 PatternToken_098,Category_Q,S171|S216|S119|S090|S168
IT05921,TopicToken_05921 ProcessToken_193 PatternToken_087,Category_A,S067|S019|S128|S070
IT05922,TopicToken_05922 ProcessToken_162 PatternToken_089,Category_N,S114|S102|S185
IT05923,TopicToken_05923 ProcessToken_141 PatternToken_062,Category_H,S159|S009|S187|S232
IT05924,TopicToken_05924 ProcessToken_139 PatternToken_034,Category_F,S094|S069
IT05925,TopicToken_05925 ProcessToken_020 PatternToken_017,Category_A,S019|S132
IT05926,TopicToken_05926 ProcessToken_113 PatternToken_050,Category_S,S227|S177|S085|S097
IT05927,TopicToken_05927 ProcessToken_031 PatternToken_099,Category_C,S040|S206|S081|S003
IT05928,TopicToken_05928 ProcessToken_178 PatternToken_012,Category_Q,S221|S049
IT05929,TopicToken_05929 ProcessToken_122 PatternToken_048,Category_M,S210|S104|S074|S223
IT05930,TopicToken_05930 ProcessToken_127 PatternToken_006,Category_I,S138|S073|S147
IT05931,TopicToken_05931 ProcessToken_060 PatternToken_086,Category_Q,S099|S130
IT05932,TopicToken_05932 ProcessToken_180 PatternToken_009,Category_P,S097|S062|S110
IT05933,TopicToken_05933 ProcessToken_194 PatternToken_072,Category_K,S209|S216|S110|S009|S071
IT05934,TopicToken_05934 ProcessToken_179 PatternToken_020,Category_D,S073|S121|S220|S008|S185
IT05935,TopicToken_05935 ProcessToken_143 PatternToken_047,Category_H,S231|S187|S219|S146
IT05936,TopicToken_05936 ProcessToken_193 PatternToken_076,Category_B,S152|S054|S178|S078
IT05937,TopicToken_05937 ProcessToken_165 PatternToken_055,Category_S,S177|S205|S130|S013|S047
IT05938,TopicToken_05938 ProcessToken_004 PatternToken_049,Category_C,S089|S148|S118|S137|S123
IT05939,TopicToken_05939 ProcessToken_165 PatternToken_091,Category_N,S135|S057|S171|S068
IT05940,TopicToken_05940 ProcessToken_143 PatternToken_091,Category_R,S114|S098|S169
IT05941,TopicToken_05941 ProcessToken_156 PatternToken_090,Category_A,S039|S065|S111|S046|S183
IT05942,TopicToken_05942 ProcessToken_121 PatternToken_090,Category_K,S114|S170|S141
IT05943,TopicToken_05943 ProcessToken_107 PatternToken_043,Category_L,S166|S028
IT05944,TopicToken_05944 ProcessToken_131 PatternToken_100,Category_M,S166|S111|S201
IT05945,TopicToken_05945 ProcessToken_143 PatternToken_045,Category_L,S155|S162|S127
IT05946,TopicToken_05946 ProcessToken_197 PatternToken_042,Category_D,S136|S031|S046
IT05947,TopicToken_05947 ProcessToken_090 PatternToken_095,Category_N,S193|S024
IT05948,TopicToken_05948 ProcessToken_133 PatternToken_086,Category_A,S234|S162
IT05949,TopicToken_05949 ProcessToken_194 PatternToken_085,Category_H,S111|S152|S086|S154
IT05950,TopicToken_05950 ProcessToken_033 PatternToken_082,Category_P,S177|S055
IT05951,TopicToken_05951 ProcessToken_115 PatternToken_001,Category_J,S093|S137|S006|S211
IT05952,TopicToken_05952 ProcessToken_016 PatternToken_070,Category_M,S172|S019|S101|S117|S182
IT05953,TopicToken_05953 ProcessToken_149 PatternToken_009,Category_K,S238|S096|S040|S123
IT05954,TopicToken_05954 ProcessToken_160 PatternToken_081,Category_C,S091|S131|S092|S067
IT05955,TopicToken_05955 ProcessToken_153 PatternToken_017,Category_F,S163|S169|S162|S233|S067
IT05956,TopicToken_05956 ProcessToken_096 PatternToken_067,Category_M,S041|S142|S130|S170|S121
IT05957,TopicToken_05957 ProcessToken_121 PatternToken_012,Category_H,S079|S200|S026
IT05958,TopicToken_05958 ProcessToken_071 PatternToken_017,Category_I,S135|S010|S029
IT05959,TopicToken_05959 ProcessToken_127 PatternToken_011,Category_G,S107|S125|S031|S085
IT05960,TopicToken_05960 ProcessToken_078 PatternToken_081,Category_E,S043|S221|S178|S177|S103
IT05961,TopicToken_05961 ProcessToken_017 PatternToken_089,Category_M,S014|S211
IT05962,TopicToken_05962 ProcessToken_174 PatternToken_010,Category_R,S016|S226|S021|S113
IT05963,TopicToken_05963 ProcessToken_034 PatternToken_028,Category_D,S080|S029|S199
IT05964,TopicToken_05964 ProcessToken_173 PatternToken_060,Category_T,S092|S065|S209
IT05965,TopicToken_05965 ProcessToken_146 PatternToken_004,Category_B,S114|S149|S070|S062|S010
IT05966,TopicToken_05966 ProcessToken_176 PatternToken_066,Category_I,S221|S101
IT05967,TopicToken_05967 ProcessToken_056 PatternToken_004,Category_H,S037|S167|S051
IT05968,TopicToken_05968 ProcessToken_095 PatternToken_025,Category_J,S233|S181|S043|S047|S160
IT05969,TopicToken_05969 ProcessToken_077 PatternToken_034,Category_L,S011|S057|S213|S210|S122
IT05970,TopicToken_05970 ProcessToken_178 PatternToken_091,Category_K,S113|S133|S170|S166|S102
IT05971,TopicToken_05971 ProcessToken_040 PatternToken_076,Category_I,S025|S055|S231|S001
IT05972,TopicToken_05972 ProcessToken_151 PatternToken_098,Category_D,S166|S026|S179|S133
IT05973,TopicToken_05973 ProcessToken_004 PatternToken_041,Category_P,S151|S105|S053|S004
IT05974,TopicToken_05974 ProcessToken_175 PatternToken_086,Category_G,S070|S058|S120|S216
IT05975,TopicToken_05975 ProcessToken_051 PatternToken_065,Category_H,S146|S184|S094
IT05976,TopicToken_05976 ProcessToken_195 PatternToken_019,Category_O,S014|S135|S030|S105
IT05977,TopicToken_05977 ProcessToken_073 PatternToken_007,Category_E,S183|S112
IT05978,TopicToken_05978 ProcessToken_199 PatternToken_075,Category_T,S124|S122
IT05979,TopicToken_05979 ProcessToken_057 PatternToken_035,Category_G,S215|S015|S100|S050|S205
IT05980,TopicToken_05980 ProcessToken_019 PatternToken_087,Category_F,S100|S235|S216
IT05981,TopicToken_05981 ProcessToken_148 PatternToken_021,Category_K,S163|S038|S007
IT05982,TopicToken_05982 ProcessToken_052 PatternToken_017,Category_S,S196|S095|S147|S144|S073
IT05983,TopicToken_05983 ProcessToken_112 PatternToken_095,Category_M,S116|S005|S202|S057
IT05984,TopicToken_05984 ProcessToken_193 PatternToken_099,Category_S,S093|S078|S232
IT05985,TopicToken_05985 ProcessToken_019 PatternToken_074,Category_S,S188|S095
IT05986,TopicToken_05986 ProcessToken_139 PatternToken_098,Category_O,S130|S224
IT05987,TopicToken_05987 ProcessToken_166 PatternToken_061,Category_D,S083|S193|S055
IT05988,TopicToken_05988 ProcessToken_091 PatternToken_039,Category_H,S068|S059|S070|S004|S036
IT05989,TopicToken_05989 ProcessToken_190 PatternToken_058,Category_C,S145|S220
IT05990,TopicToken_05990 ProcessToken_125 PatternToken_050,Category_A,S043|S167|S176|S019|S042
IT05991,TopicToken_05991 ProcessToken_005 PatternToken_015,Category_H,S048|S169
IT05992,TopicToken_05992 ProcessToken_061 PatternToken_031,Category_S,S113|S229|S201
IT05993,TopicToken_05993 ProcessToken_195 PatternToken_057,Category_L,S237|S230|S159
IT05994,TopicToken_05994 ProcessToken_119 PatternToken_081,Category_P,S226|S051|S128|S162
IT05995,TopicToken_05995 ProcessToken_148 PatternToken_018,Category_R,S024|S049|S221
IT05996,TopicToken_05996 ProcessToken_081 PatternToken_042,Category_N,S095|S063|S097
IT05997,TopicToken_05997 ProcessToken_013 PatternToken_078,Category_S,S084|S197|S048
IT05998,TopicToken_05998 ProcessToken_052 PatternToken_047,Category_G,S229|S068|S016|S158|S008
IT05999,TopicToken_05999 ProcessToken_127 PatternToken_008,Category_F,S057|S141|S188|S130
IT06000,TopicToken_06000 ProcessToken_063 PatternToken_082,Category_A,S221|S193
IT06001,TopicToken_06001 ProcessToken_134 PatternToken_018,Category_B,S196|S152|S002
IT06002,TopicToken_06002 ProcessToken_043 PatternToken_078,Category_R,S056|S043|S123
IT06003,TopicToken_06003 ProcessToken_024 PatternToken_060,Category_C,S117|S058
IT06004,TopicToken_06004 ProcessToken_018 PatternToken_024,Category_O,S223|S148|S136
IT06005,TopicToken_06005 ProcessToken_029 PatternToken_089,Category_I,S085|S057|S129|S162|S077
IT06006,TopicToken_06006 ProcessToken_051 PatternToken_014,Category_Q,S028|S018|S182|S149
IT06007,TopicToken_06007 ProcessToken_061 PatternToken_036,Category_Q,S104|S046|S165|S171|S178
IT06008,TopicToken_06008 ProcessToken_198 PatternToken_088,Category_I,S230|S041|S165
IT06009,TopicToken_06009 ProcessToken_016 PatternToken_089,Category_G,S002|S117|S108|S131
IT06010,TopicToken_06010 ProcessToken_132 PatternToken_061,Category_F,S128|S055
IT06011,TopicToken_06011 ProcessToken_148 PatternToken_041,Category_C,S226|S065|S071|S198|S030
IT06012,TopicToken_06012 ProcessToken_062 PatternToken_043,Category_F,S043|S064|S065|S191
IT06013,TopicToken_06013 ProcessToken_045 PatternToken_066,Category_F,S007|S239|S070|S132
IT06014,TopicToken_06014 ProcessToken_005 PatternToken_060,Category_D,S227|S163|S226|S032
IT06015,TopicToken_06015 ProcessToken_155 PatternToken_051,Category_S,S014|S042|S228|S068|S120
IT06016,TopicToken_06016 ProcessToken_035 PatternToken_018,Category_G,S236|S194|S121|S012|S062
IT06017,TopicToken_06017 ProcessToken_156 PatternToken_082,Category_O,S002|S074|S064|S122
IT06018,TopicToken_06018 ProcessToken_163 PatternToken_043,Category_A,S032|S123|S027|S007|S122
IT06019,TopicToken_06019 ProcessToken_113 PatternToken_041,Category_T,S076|S065|S020
IT06020,TopicToken_06020 ProcessToken_125 PatternToken_063,Category_H,S202|S147|S190
IT06021,TopicToken_06021 ProcessToken_028 PatternToken_067,Category_L,S196|S139|S026
IT06022,TopicToken_06022 ProcessToken_163 PatternToken_027,Category_P,S216|S100
IT06023,TopicToken_06023 ProcessToken_131 PatternToken_038,Category_D,S189|S088|S018
IT06024,TopicToken_06024 ProcessToken_079 PatternToken_022,Category_O,S143|S187|S105|S024
IT06025,TopicToken_06025 ProcessToken_074 PatternToken_058,Category_D,S057|S231|S143|S136|S168
IT06026,TopicToken_06026 ProcessToken_141 PatternToken_046,Category_K,S017|S009|S105|S104
IT06027,TopicToken_06027 ProcessToken_088 PatternToken_064,Category_J,S009|S224|S195
IT06028,TopicToken_06028 ProcessToken_168 PatternToken_032,Category_B,S235|S063|S041|S139|S131
IT06029,TopicToken_06029 ProcessToken_199 PatternToken_028,Category_I,S022|S224|S103|S220
IT06030,TopicToken_06030 ProcessToken_012 PatternToken_030,Category_I,S013|S155|S079|S089
IT06031,TopicToken_06031 ProcessToken_182 PatternToken_044,Category_S,S145|S069
IT06032,TopicToken_06032 ProcessToken_151 PatternToken_076,Category_T,S201|S178|S052|S033
IT06033,TopicToken_06033 ProcessToken_068 PatternToken_080,Category_K,S213|S017|S001|S156
IT06034,TopicToken_06034 ProcessToken_125 PatternToken_030,Category_A,S225|S010|S188|S066|S198
IT06035,TopicToken_06035 ProcessToken_005 PatternToken_030,Category_F,S067|S049|S057
IT06036,TopicToken_06036 ProcessToken_100 PatternToken_052,Category_F,S215|S045|S062|S040|S140
IT06037,TopicToken_06037 ProcessToken_172 PatternToken_069,Category_M,S163|S056|S101|S194|S187
IT06038,TopicToken_06038 ProcessToken_183 PatternToken_039,Category_J,S077|S125|S039|S194
IT06039,TopicToken_06039 ProcessToken_131 PatternToken_051,Category_T,S108|S165|S200|S153|S169
IT06040,TopicToken_06040 ProcessToken_056 PatternToken_025,Category_H,S051|S157|S201|S030|S238
IT06041,TopicToken_06041 ProcessToken_082 PatternToken_057,Category_P,S090|S151|S179
IT06042,TopicToken_06042 ProcessToken_158 PatternToken_060,Category_S,S070|S186|S148
IT06043,TopicToken_06043 ProcessToken_130 PatternToken_077,Category_O,S083|S055
IT06044,TopicToken_06044 ProcessToken_159 PatternToken_051,Category_C,S079|S185|S143|S193
IT06045,TopicToken_06045 ProcessToken_127 PatternToken_072,Category_L,S219|S105|S087|S002|S166
IT06046,TopicToken_06046 ProcessToken_169 PatternToken_089,Category_A,S135|S003
IT06047,TopicToken_06047 ProcessToken_075 PatternToken_006,Category_S,S064|S115
IT06048,TopicToken_06048 ProcessToken_108 PatternToken_036,Category_A,S155|S236|S204|S123|S233
IT06049,TopicToken_06049 ProcessToken_123 PatternToken_020,Category_G,S034|S068|S155
IT06050,TopicToken_06050 ProcessToken_189 PatternToken_039,Category_G,S079|S229|S016|S116|S198
IT06051,TopicToken_06051 ProcessToken_132 PatternToken_022,Category_E,S016|S089
IT06052,TopicToken_06052 ProcessToken_151 PatternToken_055,Category_D,S048|S014|S097
IT06053,TopicToken_06053 ProcessToken_115 PatternToken_018,Category_D,S181|S030|S203|S048
IT06054,TopicToken_06054 ProcessToken_178 PatternToken_049,Category_I,S165|S146|S153|S203|S208
IT06055,TopicToken_06055 ProcessToken_191 PatternToken_070,Category_C,S192|S020
IT06056,TopicToken_06056 ProcessToken_103 PatternToken_063,Category_D,S203|S085
IT06057,TopicToken_06057 ProcessToken_085 PatternToken_005,Category_L,S097|S035
IT06058,TopicToken_06058 ProcessToken_086 PatternToken_036,Category_A,S080|S134|S103|S120|S124
IT06059,TopicToken_06059 ProcessToken_019 PatternToken_089,Category_B,S156|S222
IT06060,TopicToken_06060 ProcessToken_123 PatternToken_085,Category_T,S083|S090
IT06061,TopicToken_06061 ProcessToken_106 PatternToken_047,Category_S,S144|S193|S061|S062
IT06062,TopicToken_06062 ProcessToken_014 PatternToken_031,Category_N,S125|S116|S208|S220|S115
IT06063,TopicToken_06063 ProcessToken_060 PatternToken_062,Category_M,S071|S104|S229
IT06064,TopicToken_06064 ProcessToken_168 PatternToken_089,Category_T,S053|S111|S044|S125|S217
IT06065,TopicToken_06065 ProcessToken_154 PatternToken_068,Category_M,S048|S173|S215|S106
IT06066,TopicToken_06066 ProcessToken_133 PatternToken_011,Category_G,S209|S020|S048|S007|S228
IT06067,TopicToken_06067 ProcessToken_115 PatternToken_037,Category_S,S227|S051
IT06068,TopicToken_06068 ProcessToken_180 PatternToken_020,Category_M,S154|S150
IT06069,TopicToken_06069 ProcessToken_036 PatternToken_027,Category_L,S019|S020|S164|S112|S230
IT06070,TopicToken_06070 ProcessToken_061 PatternToken_017,Category_E,S080|S084|S221
IT06071,TopicToken_06071 ProcessToken_170 PatternToken_089,Category_L,S151|S015|S027|S038|S222
IT06072,TopicToken_06072 ProcessToken_110 PatternToken_054,Category_L,S091|S015
IT06073,TopicToken_06073 ProcessToken_036 PatternToken_095,Category_L,S164|S226|S231|S176
IT06074,TopicToken_06074 ProcessToken_152 PatternToken_100,Category_K,S175|S185|S188|S214|S224
IT06075,TopicToken_06075 ProcessToken_005 PatternToken_015,Category_F,S087|S191|S230|S143
IT06076,TopicToken_06076 ProcessToken_191 PatternToken_013,Category_O,S025|S125|S188|S209|S198
IT06077,TopicToken_06077 ProcessToken_098 PatternToken_064,Category_A,S052|S053
IT06078,TopicToken_06078 ProcessToken_162 PatternToken_005,Category_I,S221|S079|S194|S085|S235
IT06079,TopicToken_06079 ProcessToken_040 PatternToken_015,Category_O,S046|S228|S213|S207
IT06080,TopicToken_06080 ProcessToken_137 PatternToken_031,Category_R,S124|S032|S198|S025
IT06081,TopicToken_06081 ProcessToken_068 PatternToken_041,Category_A,S201|S081|S035|S018
IT06082,TopicToken_06082 ProcessToken_085 PatternToken_004,Category_F,S104|S136
IT06083,TopicToken_06083 ProcessToken_099 PatternToken_068,Category_E,S133|S125|S166|S226
IT06084,TopicToken_06084 ProcessToken_193 PatternToken_013,Category_K,S211|S072|S101
IT06085,TopicToken_06085 ProcessToken_010 PatternToken_026,Category_C,S032|S097|S107
IT06086,TopicToken_06086 ProcessToken_059 PatternToken_039,Category_S,S025|S195|S176|S106
IT06087,TopicToken_06087 ProcessToken_024 PatternToken_040,Category_O,S031|S214|S101|S052|S171
IT06088,TopicToken_06088 ProcessToken_150 PatternToken_092,Category_Q,S006|S095|S211|S239
IT06089,TopicToken_06089 ProcessToken_146 PatternToken_096,Category_Q,S142|S153|S173|S146|S039
IT06090,TopicToken_06090 ProcessToken_183 PatternToken_076,Category_S,S100|S197
IT06091,TopicToken_06091 ProcessToken_121 PatternToken_091,Category_N,S080|S195|S117|S190
IT06092,TopicToken_06092 ProcessToken_045 PatternToken_058,Category_O,S203|S122|S144|S163
IT06093,TopicToken_06093 ProcessToken_011 PatternToken_047,Category_A,S193|S197|S210
IT06094,TopicToken_06094 ProcessToken_051 PatternToken_025,Category_H,S134|S162
IT06095,TopicToken_06095 ProcessToken_024 PatternToken_014,Category_S,S190|S104
IT06096,TopicToken_06096 ProcessToken_010 PatternToken_068,Category_B,S052|S073|S015|S036
IT06097,TopicToken_06097 ProcessToken_105 PatternToken_070,Category_J,S060|S045
IT06098,TopicToken_06098 ProcessToken_019 PatternToken_073,Category_C,S005|S221
IT06099,TopicToken_06099 ProcessToken_197 PatternToken_056,Category_R,S142|S187|S030
IT06100,TopicToken_06100 ProcessToken_148 PatternToken_098,Category_N,S102|S211|S201|S160
IT06101,TopicToken_06101 ProcessToken_185 PatternToken_067,Category_F,S144|S060|S020|S230|S222
IT06102,TopicToken_06102 ProcessToken_142 PatternToken_089,Category_Q,S064|S202|S094|S153|S034
IT06103,TopicToken_06103 ProcessToken_184 PatternToken_051,Category_F,S137|S155|S146|S020
IT06104,TopicToken_06104 ProcessToken_166 PatternToken_008,Category_L,S172|S020|S122
IT06105,TopicToken_06105 ProcessToken_005 PatternToken_010,Category_S,S020|S091
IT06106,TopicToken_06106 ProcessToken_192 PatternToken_062,Category_O,S013|S022
IT06107,TopicToken_06107 ProcessToken_138 PatternToken_033,Category_C,S123|S016|S161|S019
IT06108,TopicToken_06108 ProcessToken_023 PatternToken_035,Category_F,S132|S178|S240|S102
IT06109,TopicToken_06109 ProcessToken_130 PatternToken_094,Category_N,S137|S140
IT06110,TopicToken_06110 ProcessToken_145 PatternToken_049,Category_H,S132|S110|S201|S116|S087
IT06111,TopicToken_06111 ProcessToken_076 PatternToken_035,Category_P,S113|S146
IT06112,TopicToken_06112 ProcessToken_096 PatternToken_029,Category_C,S214|S007
IT06113,TopicToken_06113 ProcessToken_061 PatternToken_069,Category_N,S184|S235
IT06114,TopicToken_06114 ProcessToken_097 PatternToken_019,Category_R,S023|S129|S028
IT06115,TopicToken_06115 ProcessToken_167 PatternToken_027,Category_A,S144|S162
IT06116,TopicToken_06116 ProcessToken_064 PatternToken_030,Category_K,S079|S107|S162|S146
IT06117,TopicToken_06117 ProcessToken_009 PatternToken_099,Category_I,S080|S039|S104|S162
IT06118,TopicToken_06118 ProcessToken_157 PatternToken_044,Category_L,S189|S116
IT06119,TopicToken_06119 ProcessToken_037 PatternToken_037,Category_I,S119|S083|S130|S010
IT06120,TopicToken_06120 ProcessToken_152 PatternToken_097,Category_T,S193|S027|S177|S156|S228
IT06121,TopicToken_06121 ProcessToken_010 PatternToken_011,Category_C,S125|S042|S108|S239
IT06122,TopicToken_06122 ProcessToken_158 PatternToken_035,Category_O,S060|S132|S110|S186|S171
IT06123,TopicToken_06123 ProcessToken_122 PatternToken_057,Category_E,S178|S148|S188
IT06124,TopicToken_06124 ProcessToken_150 PatternToken_033,Category_F,S181|S148|S033
IT06125,TopicToken_06125 ProcessToken_034 PatternToken_087,Category_D,S166|S196|S118|S072|S179
IT06126,TopicToken_06126 ProcessToken_134 PatternToken_046,Category_D,S034|S106
IT06127,TopicToken_06127 ProcessToken_010 PatternToken_009,Category_T,S054|S022|S165
IT06128,TopicToken_06128 ProcessToken_076 PatternToken_066,Category_A,S075|S076|S041
IT06129,TopicToken_06129 ProcessToken_088 PatternToken_040,Category_N,S234|S116
IT06130,TopicToken_06130 ProcessToken_145 PatternToken_053,Category_H,S043|S147|S071
IT06131,TopicToken_06131 ProcessToken_071 PatternToken_100,Category_S,S028|S063|S185|S145|S132
IT06132,TopicToken_06132 ProcessToken_052 PatternToken_003,Category_E,S087|S071|S194|S098
IT06133,TopicToken_06133 ProcessToken_014 PatternToken_067,Category_O,S182|S197
IT06134,TopicToken_06134 ProcessToken_027 PatternToken_045,Category_K,S171|S207|S187|S209
IT06135,TopicToken_06135 ProcessToken_139 PatternToken_012,Category_F,S223|S227|S143|S187|S109
IT06136,TopicToken_06136 ProcessToken_142 PatternToken_008,Category_K,S008|S015|S050|S043
IT06137,TopicToken_06137 ProcessToken_163 PatternToken_016,Category_G,S216|S142
IT06138,TopicToken_06138 ProcessToken_050 PatternToken_043,Category_P,S137|S157|S199|S105|S016
IT06139,TopicToken_06139 ProcessToken_037 PatternToken_018,Category_K,S193|S205|S067|S167|S058
IT06140,TopicToken_06140 ProcessToken_092 PatternToken_048,Category_F,S100|S009|S043|S166|S105
IT06141,TopicToken_06141 ProcessToken_151 PatternToken_056,Category_M,S037|S028|S103
IT06142,TopicToken_06142 ProcessToken_146 PatternToken_067,Category_I,S231|S189|S050
IT06143,TopicToken_06143 ProcessToken_117 PatternToken_082,Category_E,S155|S141
IT06144,TopicToken_06144 ProcessToken_016 PatternToken_006,Category_P,S196|S047|S236
IT06145,TopicToken_06145 ProcessToken_120 PatternToken_032,Category_F,S109|S035|S009|S220|S088
IT06146,TopicToken_06146 ProcessToken_074 PatternToken_078,Category_M,S026|S116|S084|S005|S224
IT06147,TopicToken_06147 ProcessToken_088 PatternToken_039,Category_H,S055|S212|S198|S184|S221
IT06148,TopicToken_06148 ProcessToken_124 PatternToken_100,Category_A,S173|S093|S166
IT06149,TopicToken_06149 ProcessToken_101 PatternToken_096,Category_D,S035|S022|S052
IT06150,TopicToken_06150 ProcessToken_113 PatternToken_044,Category_S,S063|S055
IT06151,TopicToken_06151 ProcessToken_122 PatternToken_053,Category_B,S020|S047
IT06152,TopicToken_06152 ProcessToken_188 PatternToken_081,Category_H,S235|S011|S044|S237
IT06153,TopicToken_06153 ProcessToken_126 PatternToken_033,Category_S,S138|S131
IT06154,TopicToken_06154 ProcessToken_157 PatternToken_033,Category_R,S152|S111|S239
IT06155,TopicToken_06155 ProcessToken_050 PatternToken_049,Category_N,S170|S045|S218|S054
IT06156,TopicToken_06156 ProcessToken_077 PatternToken_040,Category_S,S106|S184|S055|S176
IT06157,TopicToken_06157 ProcessToken_167 PatternToken_080,Category_O,S059|S173|S139
IT06158,TopicToken_06158 ProcessToken_061 PatternToken_074,Category_C,S088|S009|S144|S204
IT06159,TopicToken_06159 ProcessToken_068 PatternToken_013,Category_M,S224|S051|S041|S233
IT06160,TopicToken_06160 ProcessToken_137 PatternToken_013,Category_B,S219|S011
IT06161,TopicToken_06161 ProcessToken_195 PatternToken_008,Category_S,S036|S006|S162
IT06162,TopicToken_06162 ProcessToken_028 PatternToken_025,Category_M,S228|S164|S159|S006|S226
IT06163,TopicToken_06163 ProcessToken_107 PatternToken_039,Category_H,S064|S126|S188
IT06164,TopicToken_06164 ProcessToken_057 PatternToken_059,Category_K,S004|S214|S064|S128
IT06165,TopicToken_06165 ProcessToken_160 PatternToken_005,Category_Q,S098|S205
IT06166,TopicToken_06166 ProcessToken_072 PatternToken_038,Category_T,S151|S057|S074|S052|S169
IT06167,TopicToken_06167 ProcessToken_080 PatternToken_018,Category_C,S044|S217
IT06168,TopicToken_06168 ProcessToken_120 PatternToken_008,Category_T,S057|S025
IT06169,TopicToken_06169 ProcessToken_196 PatternToken_021,Category_F,S215|S236|S202|S139|S091
IT06170,TopicToken_06170 ProcessToken_094 PatternToken_054,Category_T,S188|S101|S221
IT06171,TopicToken_06171 ProcessToken_098 PatternToken_066,Category_B,S231|S115
IT06172,TopicToken_06172 ProcessToken_192 PatternToken_034,Category_S,S089|S218|S082|S048
IT06173,TopicToken_06173 ProcessToken_147 PatternToken_017,Category_O,S211|S221|S229
IT06174,TopicToken_06174 ProcessToken_036 PatternToken_024,Category_P,S139|S002
IT06175,TopicToken_06175 ProcessToken_152 PatternToken_077,Category_S,S054|S208
IT06176,TopicToken_06176 ProcessToken_160 PatternToken_068,Category_S,S039|S088|S089
IT06177,TopicToken_06177 ProcessToken_092 PatternToken_084,Category_O,S118|S169|S126|S123
IT06178,TopicToken_06178 ProcessToken_184 PatternToken_085,Category_C,S157|S130|S163|S095|S221
IT06179,TopicToken_06179 ProcessToken_054 PatternToken_065,Category_M,S173|S232
IT06180,TopicToken_06180 ProcessToken_183 PatternToken_007,Category_G,S052|S030
IT06181,TopicToken_06181 ProcessToken_171 PatternToken_042,Category_Q,S166|S180
IT06182,TopicToken_06182 ProcessToken_101 PatternToken_100,Category_P,S056|S011|S206
IT06183,TopicToken_06183 ProcessToken_073 PatternToken_066,Category_R,S218|S229|S001
IT06184,TopicToken_06184 ProcessToken_199 PatternToken_069,Category_I,S043|S239|S030
IT06185,TopicToken_06185 ProcessToken_015 PatternToken_036,Category_T,S032|S176|S222
IT06186,TopicToken_06186 ProcessToken_045 PatternToken_094,Category_Q,S214|S026
IT06187,TopicToken_06187 ProcessToken_053 PatternToken_055,Category_L,S109|S123|S217
IT06188,TopicToken_06188 ProcessToken_032 PatternToken_016,Category_J,S220|S001
IT06189,TopicToken_06189 ProcessToken_152 PatternToken_010,Category_R,S213|S056|S139
IT06190,TopicToken_06190 ProcessToken_097 PatternToken_093,Category_A,S065|S204|S163
IT06191,TopicToken_06191 ProcessToken_046 PatternToken_088,Category_C,S077|S006
IT06192,TopicToken_06192 ProcessToken_198 PatternToken_100,Category_R,S069|S240|S155|S032|S237
IT06193,TopicToken_06193 ProcessToken_057 PatternToken_022,Category_L,S121|S232|S139|S135|S214
IT06194,TopicToken_06194 ProcessToken_169 PatternToken_041,Category_F,S052|S206|S150
IT06195,TopicToken_06195 ProcessToken_065 PatternToken_084,Category_K,S185|S041
IT06196,TopicToken_06196 ProcessToken_104 PatternToken_010,Category_T,S223|S212|S038|S063
IT06197,TopicToken_06197 ProcessToken_129 PatternToken_013,Category_P,S100|S066|S048|S171
IT06198,TopicToken_06198 ProcessToken_059 PatternToken_023,Category_B,S166|S013|S025|S074
IT06199,TopicToken_06199 ProcessToken_138 PatternToken_009,Category_S,S112|S031
IT06200,TopicToken_06200 ProcessToken_083 PatternToken_055,Category_G,S199|S165|S129|S190
IT06201,TopicToken_06201 ProcessToken_075 PatternToken_054,Category_P,S110|S049|S054
IT06202,TopicToken_06202 ProcessToken_117 PatternToken_037,Category_C,S006|S178|S188
IT06203,TopicToken_06203 ProcessToken_039 PatternToken_078,Category_B,S057|S188|S043
IT06204,TopicToken_06204 ProcessToken_132 PatternToken_063,Category_H,S116|S041|S160
IT06205,TopicToken_06205 ProcessToken_172 PatternToken_062,Category_G,S122|S212|S151
IT06206,TopicToken_06206 ProcessToken_001 PatternToken_012,Category_G,S234|S094|S224|S211
IT06207,TopicToken_06207 ProcessToken_076 PatternToken_024,Category_R,S029|S013|S113|S045
IT06208,TopicToken_06208 ProcessToken_052 PatternToken_027,Category_R,S020|S175|S153|S048
IT06209,TopicToken_06209 ProcessToken_044 PatternToken_094,Category_I,S073|S006|S207
IT06210,TopicToken_06210 ProcessToken_187 PatternToken_077,Category_I,S196|S141|S160
IT06211,TopicToken_06211 ProcessToken_058 PatternToken_055,Category_A,S008|S149|S138|S171
IT06212,TopicToken_06212 ProcessToken_081 PatternToken_073,Category_Q,S076|S063|S029|S012|S093
IT06213,TopicToken_06213 ProcessToken_065 PatternToken_035,Category_O,S237|S133|S064|S029|S152
IT06214,TopicToken_06214 ProcessToken_153 PatternToken_031,Category_O,S200|S031|S138|S117
IT06215,TopicToken_06215 ProcessToken_122 PatternToken_022,Category_N,S148|S015|S020
IT06216,TopicToken_06216 ProcessToken_031 PatternToken_094,Category_J,S154|S062|S036|S093|S128
IT06217,TopicToken_06217 ProcessToken_184 PatternToken_052,Category_Q,S144|S008|S145|S019|S115
IT06218,TopicToken_06218 ProcessToken_063 PatternToken_040,Category_B,S197|S166|S159
IT06219,TopicToken_06219 ProcessToken_026 PatternToken_038,Category_J,S216|S009
IT06220,TopicToken_06220 ProcessToken_157 PatternToken_016,Category_P,S003|S066
IT06221,TopicToken_06221 ProcessToken_082 PatternToken_064,Category_D,S143|S180|S163
IT06222,TopicToken_06222 ProcessToken_007 PatternToken_035,Category_B,S183|S020|S086
IT06223,TopicToken_06223 ProcessToken_122 PatternToken_022,Category_N,S192|S060|S105
IT06224,TopicToken_06224 ProcessToken_101 PatternToken_010,Category_I,S107|S233
IT06225,TopicToken_06225 ProcessToken_041 PatternToken_011,Category_F,S116|S150|S189
IT06226,TopicToken_06226 ProcessToken_177 PatternToken_044,Category_I,S096|S207|S224|S062
IT06227,TopicToken_06227 ProcessToken_140 PatternToken_012,Category_Q,S129|S135
IT06228,TopicToken_06228 ProcessToken_051 PatternToken_068,Category_P,S079|S132|S122
IT06229,TopicToken_06229 ProcessToken_132 PatternToken_016,Category_N,S111|S041|S106|S117
IT06230,TopicToken_06230 ProcessToken_039 PatternToken_082,Category_F,S215|S127
IT06231,TopicToken_06231 ProcessToken_182 PatternToken_092,Category_K,S218|S194|S150|S080|S023
IT06232,TopicToken_06232 ProcessToken_141 PatternToken_041,Category_C,S091|S056|S148
IT06233,TopicToken_06233 ProcessToken_003 PatternToken_034,Category_G,S070|S068
IT06234,TopicToken_06234 ProcessToken_060 PatternToken_093,Category_S,S106|S016|S213|S167|S003
IT06235,TopicToken_06235 ProcessToken_052 PatternToken_026,Category_B,S129|S184|S124
IT06236,TopicToken_06236 ProcessToken_005 PatternToken_097,Category_A,S039|S073|S124
IT06237,TopicToken_06237 ProcessToken_114 PatternToken_058,Category_S,S003|S230|S221
IT06238,TopicToken_06238 ProcessToken_124 PatternToken_100,Category_H,S087|S067
IT06239,TopicToken_06239 ProcessToken_189 PatternToken_097,Category_P,S078|S152|S053|S102|S091
IT06240,TopicToken_06240 ProcessToken_015 PatternToken_015,Category_G,S193|S159|S042
IT06241,TopicToken_06241 ProcessToken_025 PatternToken_001,Category_T,S018|S063
IT06242,TopicToken_06242 ProcessToken_138 PatternToken_051,Category_A,S204|S160|S114|S002
IT06243,TopicToken_06243 ProcessToken_131 PatternToken_035,Category_O,S054|S086|S074|S238|S012
IT06244,TopicToken_06244 ProcessToken_179 PatternToken_092,Category_F,S151|S220|S042
IT06245,TopicToken_06245 ProcessToken_083 PatternToken_006,Category_A,S018|S002
IT06246,TopicToken_06246 ProcessToken_120 PatternToken_082,Category_L,S208|S115
IT06247,TopicToken_06247 ProcessToken_111 PatternToken_077,Category_K,S224|S117|S097|S212
IT06248,TopicToken_06248 ProcessToken_186 PatternToken_034,Category_C,S084|S189|S180|S031
IT06249,TopicToken_06249 ProcessToken_092 PatternToken_056,Category_S,S226|S025
IT06250,TopicToken_06250 ProcessToken_183 PatternToken_091,Category_T,S202|S066
IT06251,TopicToken_06251 ProcessToken_044 PatternToken_070,Category_O,S170|S185|S053
IT06252,TopicToken_06252 ProcessToken_157 PatternToken_046,Category_G,S132|S004|S014|S237|S026
IT06253,TopicToken_06253 ProcessToken_161 PatternToken_031,Category_C,S170|S215|S202|S011
IT06254,TopicToken_06254 ProcessToken_129 PatternToken_016,Category_F,S107|S175|S221|S024
IT06255,TopicToken_06255 ProcessToken_153 PatternToken_063,Category_J,S089|S150|S045
IT06256,TopicToken_06256 ProcessToken_052 PatternToken_082,Category_M,S135|S203|S240
IT06257,TopicToken_06257 ProcessToken_113 PatternToken_070,Category_T,S007|S225
IT06258,TopicToken_06258 ProcessToken_015 PatternToken_025,Category_C,S012|S049|S130|S177
IT06259,TopicToken_06259 ProcessToken_143 PatternToken_028,Category_D,S139|S109|S237|S212
IT06260,TopicToken_06260 ProcessToken_088 PatternToken_020,Category_D,S094|S227|S208
IT06261,TopicToken_06261 ProcessToken_194 PatternToken_057,Category_R,S027|S057|S144
IT06262,TopicToken_06262 ProcessToken_012 PatternToken_060,Category_F,S007|S096|S042|S115
IT06263,TopicToken_06263 ProcessToken_178 PatternToken_097,Category_I,S112|S152
IT06264,TopicToken_06264 ProcessToken_060 PatternToken_088,Category_D,S187|S171
IT06265,TopicToken_06265 ProcessToken_147 PatternToken_054,Category_C,S135|S029|S015|S034|S084
IT06266,TopicToken_06266 ProcessToken_142 PatternToken_060,Category_B,S221|S117
IT06267,TopicToken_06267 ProcessToken_112 PatternToken_057,Category_B,S128|S167|S152|S215
IT06268,TopicToken_06268 ProcessToken_084 PatternToken_070,Category_M,S034|S013|S078|S114
IT06269,TopicToken_06269 ProcessToken_195 PatternToken_043,Category_D,S172|S229
IT06270,TopicToken_06270 ProcessToken_006 PatternToken_093,Category_F,S037|S069|S101|S033|S151
IT06271,TopicToken_06271 ProcessToken_091 PatternToken_092,Category_A,S108|S040
IT06272,TopicToken_06272 ProcessToken_085 PatternToken_067,Category_P,S062|S043|S181|S116
IT06273,TopicToken_06273 ProcessToken_138 PatternToken_063,Category_K,S083|S082|S085
IT06274,TopicToken_06274 ProcessToken_044 PatternToken_037,Category_H,S023|S230|S128|S111
IT06275,TopicToken_06275 ProcessToken_151 PatternToken_017,Category_K,S069|S240
IT06276,TopicToken_06276 ProcessToken_046 PatternToken_051,Category_K,S041|S021|S006|S189
IT06277,TopicToken_06277 ProcessToken_030 PatternToken_077,Category_O,S087|S036|S035|S092|S010
IT06278,TopicToken_06278 ProcessToken_114 PatternToken_093,Category_P,S156|S237|S044|S152|S050
IT06279,TopicToken_06279 ProcessToken_188 PatternToken_056,Category_E,S094|S232|S135|S229|S013
IT06280,TopicToken_06280 ProcessToken_066 PatternToken_023,Category_T,S084|S142
IT06281,TopicToken_06281 ProcessToken_200 PatternToken_014,Category_O,S159|S183
IT06282,TopicToken_06282 ProcessToken_190 PatternToken_095,Category_D,S083|S240|S093|S227
IT06283,TopicToken_06283 ProcessToken_058 PatternToken_001,Category_Q,S233|S183|S162|S132
IT06284,TopicToken_06284 ProcessToken_038 PatternToken_012,Category_Q,S155|S055|S064|S105|S094
IT06285,TopicToken_06285 ProcessToken_020 PatternToken_018,Category_S,S233|S070|S185
IT06286,TopicToken_06286 ProcessToken_004 PatternToken_004,Category_Q,S208|S074
IT06287,TopicToken_06287 ProcessToken_012 PatternToken_009,Category_C,S158|S022|S023|S190|S046
IT06288,TopicToken_06288 ProcessToken_081 PatternToken_035,Category_R,S240|S067|S063|S159
IT06289,TopicToken_06289 ProcessToken_193 PatternToken_049,Category_C,S125|S009|S183|S219|S188
IT06290,TopicToken_06290 ProcessToken_190 PatternToken_062,Category_C,S011|S081|S064|S202
IT06291,TopicToken_06291 ProcessToken_190 PatternToken_023,Category_S,S078|S045|S035|S156
IT06292,TopicToken_06292 ProcessToken_026 PatternToken_075,Category_T,S126|S154|S140
IT06293,TopicToken_06293 ProcessToken_153 PatternToken_088,Category_T,S230|S141
IT06294,TopicToken_06294 ProcessToken_031 PatternToken_069,Category_F,S202|S061|S198
IT06295,TopicToken_06295 ProcessToken_103 PatternToken_064,Category_N,S096|S146
IT06296,TopicToken_06296 ProcessToken_044 PatternToken_082,Category_G,S198|S170|S141
IT06297,TopicToken_06297 ProcessToken_129 PatternToken_012,Category_I,S196|S192
IT06298,TopicToken_06298 ProcessToken_171 PatternToken_096,Category_T,S221|S029|S049
IT06299,TopicToken_06299 ProcessToken_028 PatternToken_082,Category_S,S179|S116|S219
IT06300,TopicToken_06300 ProcessToken_005 PatternToken_091,Category_K,S003|S103|S201|S176|S049
IT06301,TopicToken_06301 ProcessToken_129 PatternToken_054,Category_O,S162|S100
IT06302,TopicToken_06302 ProcessToken_172 PatternToken_096,Category_D,S028|S127|S167
IT06303,TopicToken_06303 ProcessToken_030 PatternToken_020,Category_J,S162|S060
IT06304,TopicToken_06304 ProcessToken_097 PatternToken_043,Category_J,S129|S009|S148
IT06305,TopicToken_06305 ProcessToken_057 PatternToken_040,Category_P,S183|S020|S014
IT06306,TopicToken_06306 ProcessToken_015 PatternToken_080,Category_H,S193|S083
IT06307,TopicToken_06307 ProcessToken_112 PatternToken_029,Category_G,S052|S197|S134
IT06308,TopicToken_06308 ProcessToken_003 PatternToken_080,Category_T,S164|S003|S097
IT06309,TopicToken_06309 ProcessToken_084 PatternToken_082,Category_I,S070|S051|S168|S089|S014
IT06310,TopicToken_06310 ProcessToken_051 PatternToken_006,Category_I,S130|S163|S129|S206|S202
IT06311,TopicToken_06311 ProcessToken_088 PatternToken_096,Category_P,S165|S232|S137|S034|S011
IT06312,TopicToken_06312 ProcessToken_111 PatternToken_020,Category_L,S169|S001|S095|S208|S177
IT06313,TopicToken_06313 ProcessToken_187 PatternToken_012,Category_K,S125|S064|S180
IT06314,TopicToken_06314 ProcessToken_052 PatternToken_064,Category_M,S086|S210|S101|S090|S116
IT06315,TopicToken_06315 ProcessToken_062 PatternToken_067,Category_L,S146|S142|S238|S034|S018
IT06316,TopicToken_06316 ProcessToken_179 PatternToken_099,Category_L,S041|S226|S121
IT06317,TopicToken_06317 ProcessToken_130 PatternToken_078,Category_M,S021|S018|S229
IT06318,TopicToken_06318 ProcessToken_166 PatternToken_016,Category_K,S191|S066|S090|S100|S027
IT06319,TopicToken_06319 ProcessToken_006 PatternToken_055,Category_R,S223|S048
IT06320,TopicToken_06320 ProcessToken_052 PatternToken_097,Category_K,S204|S126|S150
IT06321,TopicToken_06321 ProcessToken_052 PatternToken_005,Category_K,S233|S216|S053|S220|S160
IT06322,TopicToken_06322 ProcessToken_077 PatternToken_051,Category_M,S107|S100
IT06323,TopicToken_06323 ProcessToken_041 PatternToken_004,Category_Q,S165|S139|S045|S234
IT06324,TopicToken_06324 ProcessToken_198 PatternToken_031,Category_L,S181|S115|S240|S220
IT06325,TopicToken_06325 ProcessToken_031 PatternToken_011,Category_I,S215|S026|S097
IT06326,TopicToken_06326 ProcessToken_048 PatternToken_087,Category_K,S134|S057|S009|S123
IT06327,TopicToken_06327 ProcessToken_038 PatternToken_040,Category_H,S137|S041|S223|S200
IT06328,TopicToken_06328 ProcessToken_184 PatternToken_058,Category_P,S208|S126|S186|S228|S140
IT06329,TopicToken_06329 ProcessToken_069 PatternToken_003,Category_H,S167|S169|S072
IT06330,TopicToken_06330 ProcessToken_177 PatternToken_034,Category_S,S191|S001|S108|S169|S217
IT06331,TopicToken_06331 ProcessToken_063 PatternToken_034,Category_Q,S136|S119|S118
IT06332,TopicToken_06332 ProcessToken_011 PatternToken_093,Category_T,S130|S216|S082
IT06333,TopicToken_06333 ProcessToken_033 PatternToken_015,Category_R,S196|S191|S219
IT06334,TopicToken_06334 ProcessToken_128 PatternToken_051,Category_M,S016|S080|S054
IT06335,TopicToken_06335 ProcessToken_008 PatternToken_042,Category_Q,S200|S044
IT06336,TopicToken_06336 ProcessToken_029 PatternToken_072,Category_G,S180|S071|S069
IT06337,TopicToken_06337 ProcessToken_195 PatternToken_072,Category_O,S150|S203|S148|S155
IT06338,TopicToken_06338 ProcessToken_042 PatternToken_028,Category_P,S158|S099|S181|S112
IT06339,TopicToken_06339 ProcessToken_198 PatternToken_035,Category_H,S214|S126|S155
IT06340,TopicToken_06340 ProcessToken_096 PatternToken_058,Category_L,S075|S042|S052
IT06341,TopicToken_06341 ProcessToken_017 PatternToken_036,Category_G,S093|S101|S232
IT06342,TopicToken_06342 ProcessToken_023 PatternToken_012,Category_J,S222|S115|S032|S186
IT06343,TopicToken_06343 ProcessToken_114 PatternToken_089,Category_L,S207|S121
IT06344,TopicToken_06344 ProcessToken_180 PatternToken_057,Category_P,S137|S206|S105|S033|S102
IT06345,TopicToken_06345 ProcessToken_009 PatternToken_024,Category_A,S124|S227|S153|S068|S193
IT06346,TopicToken_06346 ProcessToken_116 PatternToken_032,Category_A,S017|S011|S120
IT06347,TopicToken_06347 ProcessToken_164 PatternToken_031,Category_T,S081|S208|S078
IT06348,TopicToken_06348 ProcessToken_151 PatternToken_032,Category_M,S097|S130|S045|S234|S102
IT06349,TopicToken_06349 ProcessToken_075 PatternToken_058,Category_L,S084|S075|S016
IT06350,TopicToken_06350 ProcessToken_023 PatternToken_061,Category_K,S077|S181|S074|S134
IT06351,TopicToken_06351 ProcessToken_184 PatternToken_055,Category_O,S030|S023|S150|S121|S209
IT06352,TopicToken_06352 ProcessToken_084 PatternToken_002,Category_T,S111|S201|S019|S156
IT06353,TopicToken_06353 ProcessToken_154 PatternToken_036,Category_H,S106|S179|S109|S210|S173
IT06354,TopicToken_06354 ProcessToken_011 PatternToken_036,Category_Q,S234|S168|S028
IT06355,TopicToken_06355 ProcessToken_035 PatternToken_093,Category_D,S056|S144|S019
IT06356,TopicToken_06356 ProcessToken_008 PatternToken_014,Category_H,S135|S150
IT06357,TopicToken_06357 ProcessToken_068 PatternToken_093,Category_T,S110|S199|S053
IT06358,TopicToken_06358 ProcessToken_085 PatternToken_077,Category_L,S124|S193|S026|S067|S104
IT06359,TopicToken_06359 ProcessToken_035 PatternToken_061,Category_L,S039|S190|S222
IT06360,TopicToken_06360 ProcessToken_063 PatternToken_025,Category_L,S084|S213
IT06361,TopicToken_06361 ProcessToken_116 PatternToken_062,Category_N,S080|S006|S206|S063
IT06362,TopicToken_06362 ProcessToken_174 PatternToken_007,Category_D,S050|S014|S166|S235
IT06363,TopicToken_06363 ProcessToken_002 PatternToken_086,Category_N,S055|S229|S002|S045|S204
IT06364,TopicToken_06364 ProcessToken_043 PatternToken_039,Category_B,S058|S120|S096|S118
IT06365,TopicToken_06365 ProcessToken_168 PatternToken_025,Category_T,S209|S037
IT06366,TopicToken_06366 ProcessToken_045 PatternToken_060,Category_M,S101|S031|S164
IT06367,TopicToken_06367 ProcessToken_067 PatternToken_038,Category_S,S139|S183
IT06368,TopicToken_06368 ProcessToken_197 PatternToken_055,Category_C,S022|S159|S144|S092
IT06369,TopicToken_06369 ProcessToken_052 PatternToken_014,Category_F,S183|S034|S035
IT06370,TopicToken_06370 ProcessToken_052 PatternToken_083,Category_H,S129|S019|S211|S139|S221
IT06371,TopicToken_06371 ProcessToken_161 PatternToken_068,Category_L,S080|S092|S031|S007
IT06372,TopicToken_06372 ProcessToken_104 PatternToken_096,Category_D,S205|S212|S103|S020
IT06373,TopicToken_06373 ProcessToken_104 PatternToken_087,Category_K,S118|S091|S059|S193
IT06374,TopicToken_06374 ProcessToken_070 PatternToken_068,Category_T,S015|S084|S005
IT06375,TopicToken_06375 ProcessToken_198 PatternToken_025,Category_P,S201|S054|S207|S181|S218
IT06376,TopicToken_06376 ProcessToken_076 PatternToken_083,Category_I,S035|S209
IT06377,TopicToken_06377 ProcessToken_056 PatternToken_027,Category_G,S232|S173
IT06378,TopicToken_06378 ProcessToken_125 PatternToken_100,Category_S,S007|S079|S166
IT06379,TopicToken_06379 ProcessToken_195 PatternToken_065,Category_T,S177|S202
IT06380,TopicToken_06380 ProcessToken_179 PatternToken_100,Category_I,S116|S199|S172
IT06381,TopicToken_06381 ProcessToken_076 PatternToken_093,Category_F,S123|S214|S205
IT06382,TopicToken_06382 ProcessToken_001 PatternToken_066,Category_C,S224|S097|S062
IT06383,TopicToken_06383 ProcessToken_119 PatternToken_088,Category_R,S081|S183|S091|S114
IT06384,TopicToken_06384 ProcessToken_150 PatternToken_020,Category_A,S108|S119
IT06385,TopicToken_06385 ProcessToken_075 PatternToken_056,Category_K,S012|S099
IT06386,TopicToken_06386 ProcessToken_039 PatternToken_019,Category_J,S111|S172|S052
IT06387,TopicToken_06387 ProcessToken_117 PatternToken_041,Category_T,S024|S198
IT06388,TopicToken_06388 ProcessToken_129 PatternToken_071,Category_I,S060|S120|S199
IT06389,TopicToken_06389 ProcessToken_092 PatternToken_075,Category_C,S200|S062|S133
IT06390,TopicToken_06390 ProcessToken_080 PatternToken_064,Category_A,S223|S011
IT06391,TopicToken_06391 ProcessToken_119 PatternToken_053,Category_E,S224|S223|S044|S054|S066
IT06392,TopicToken_06392 ProcessToken_071 PatternToken_096,Category_B,S002|S185
IT06393,TopicToken_06393 ProcessToken_004 PatternToken_065,Category_K,S044|S210
IT06394,TopicToken_06394 ProcessToken_072 PatternToken_049,Category_H,S020|S056|S223|S115|S016
IT06395,TopicToken_06395 ProcessToken_015 PatternToken_049,Category_H,S132|S048|S023|S043|S027
IT06396,TopicToken_06396 ProcessToken_155 PatternToken_007,Category_J,S029|S225|S123
IT06397,TopicToken_06397 ProcessToken_058 PatternToken_024,Category_J,S106|S072|S140
IT06398,TopicToken_06398 ProcessToken_007 PatternToken_082,Category_N,S054|S077|S068
IT06399,TopicToken_06399 ProcessToken_089 PatternToken_059,Category_T,S096|S233|S072|S115
IT06400,TopicToken_06400 ProcessToken_140 PatternToken_056,Category_T,S123|S018|S177|S229|S051
IT06401,TopicToken_06401 ProcessToken_185 PatternToken_093,Category_J,S145|S147
IT06402,TopicToken_06402 ProcessToken_160 PatternToken_067,Category_A,S035|S105
IT06403,TopicToken_06403 ProcessToken_082 PatternToken_001,Category_G,S168|S020|S024|S115|S018
IT06404,TopicToken_06404 ProcessToken_001 PatternToken_055,Category_R,S184|S125|S217|S196
IT06405,TopicToken_06405 ProcessToken_112 PatternToken_068,Category_J,S210|S233
IT06406,TopicToken_06406 ProcessToken_193 PatternToken_030,Category_H,S038|S226
IT06407,TopicToken_06407 ProcessToken_143 PatternToken_040,Category_H,S178|S186|S146|S020|S231
IT06408,TopicToken_06408 ProcessToken_075 PatternToken_065,Category_S,S043|S168|S080|S105|S128
IT06409,TopicToken_06409 ProcessToken_145 PatternToken_078,Category_L,S160|S040
IT06410,TopicToken_06410 ProcessToken_138 PatternToken_054,Category_O,S191|S214|S080
IT06411,TopicToken_06411 ProcessToken_193 PatternToken_019,Category_L,S006|S215
IT06412,TopicToken_06412 ProcessToken_160 PatternToken_064,Category_F,S038|S171|S016
IT06413,TopicToken_06413 ProcessToken_087 PatternToken_076,Category_R,S142|S170|S139|S217
IT06414,TopicToken_06414 ProcessToken_162 PatternToken_088,Category_B,S088|S110|S012
IT06415,TopicToken_06415 ProcessToken_106 PatternToken_099,Category_A,S105|S170|S005|S120|S168
IT06416,TopicToken_06416 ProcessToken_087 PatternToken_099,Category_A,S177|S127|S163|S172
IT06417,TopicToken_06417 ProcessToken_058 PatternToken_027,Category_O,S117|S201|S065|S137|S013
IT06418,TopicToken_06418 ProcessToken_028 PatternToken_039,Category_G,S038|S148|S008|S151|S107
IT06419,TopicToken_06419 ProcessToken_125 PatternToken_047,Category_E,S040|S221
IT06420,TopicToken_06420 ProcessToken_055 PatternToken_022,Category_J,S160|S093|S032|S142
IT06421,TopicToken_06421 ProcessToken_140 PatternToken_058,Category_O,S120|S086|S014|S229|S198
IT06422,TopicToken_06422 ProcessToken_148 PatternToken_094,Category_B,S085|S194|S179|S071
IT06423,TopicToken_06423 ProcessToken_192 PatternToken_091,Category_Q,S017|S176|S077|S102|S025
IT06424,TopicToken_06424 ProcessToken_050 PatternToken_072,Category_M,S093|S200|S180
IT06425,TopicToken_06425 ProcessToken_152 PatternToken_024,Category_Q,S211|S083
IT06426,TopicToken_06426 ProcessToken_031 PatternToken_086,Category_O,S119|S049|S097
IT06427,TopicToken_06427 ProcessToken_050 PatternToken_063,Category_L,S135|S099
IT06428,TopicToken_06428 ProcessToken_018 PatternToken_091,Category_I,S198|S093|S089|S014
IT06429,TopicToken_06429 ProcessToken_047 PatternToken_054,Category_I,S197|S051|S014
IT06430,TopicToken_06430 ProcessToken_028 PatternToken_055,Category_B,S050|S191|S017
IT06431,TopicToken_06431 ProcessToken_019 PatternToken_091,Category_S,S097|S054|S066
IT06432,TopicToken_06432 ProcessToken_106 PatternToken_040,Category_L,S116|S080|S115|S024|S050
IT06433,TopicToken_06433 ProcessToken_042 PatternToken_052,Category_N,S227|S125|S027|S208|S009
IT06434,TopicToken_06434 ProcessToken_100 PatternToken_042,Category_I,S136|S014|S237
IT06435,TopicToken_06435 ProcessToken_082 PatternToken_078,Category_F,S134|S172
IT06436,TopicToken_06436 ProcessToken_006 PatternToken_044,Category_I,S073|S150|S208|S206
IT06437,TopicToken_06437 ProcessToken_116 PatternToken_085,Category_Q,S024|S056|S068|S205|S043
IT06438,TopicToken_06438 ProcessToken_169 PatternToken_072,Category_J,S117|S130|S110|S073
IT06439,TopicToken_06439 ProcessToken_172 PatternToken_074,Category_M,S040|S218
IT06440,TopicToken_06440 ProcessToken_119 PatternToken_058,Category_R,S074|S164|S119
IT06441,TopicToken_06441 ProcessToken_198 PatternToken_092,Category_O,S199|S125|S073|S175
IT06442,TopicToken_06442 ProcessToken_174 PatternToken_021,Category_L,S205|S027|S013|S037
IT06443,TopicToken_06443 ProcessToken_126 PatternToken_011,Category_D,S177|S027|S223|S020|S183
IT06444,TopicToken_06444 ProcessToken_133 PatternToken_044,Category_T,S121|S116|S229
IT06445,TopicToken_06445 ProcessToken_033 PatternToken_065,Category_A,S060|S095|S179|S037
IT06446,TopicToken_06446 ProcessToken_156 PatternToken_061,Category_R,S189|S135|S069|S009|S003
IT06447,TopicToken_06447 ProcessToken_068 PatternToken_043,Category_G,S190|S067|S169|S201|S102
IT06448,TopicToken_06448 ProcessToken_065 PatternToken_020,Category_G,S172|S089|S098
IT06449,TopicToken_06449 ProcessToken_074 PatternToken_008,Category_G,S012|S065|S238|S234|S180
IT06450,TopicToken_06450 ProcessToken_030 PatternToken_045,Category_G,S213|S159|S024|S044|S011
IT06451,TopicToken_06451 ProcessToken_007 PatternToken_014,Category_M,S056|S055|S178|S022
IT06452,TopicToken_06452 ProcessToken_116 PatternToken_072,Category_J,S053|S148|S132|S064
IT06453,TopicToken_06453 ProcessToken_097 PatternToken_026,Category_T,S017|S173|S015|S024|S039
IT06454,TopicToken_06454 ProcessToken_170 PatternToken_031,Category_R,S052|S092|S113
IT06455,TopicToken_06455 ProcessToken_029 PatternToken_047,Category_G,S137|S020|S135|S158
IT06456,TopicToken_06456 ProcessToken_156 PatternToken_096,Category_F,S125|S067|S090
IT06457,TopicToken_06457 ProcessToken_029 PatternToken_060,Category_I,S202|S118|S051
IT06458,TopicToken_06458 ProcessToken_055 PatternToken_033,Category_S,S230|S217
IT06459,TopicToken_06459 ProcessToken_147 PatternToken_091,Category_L,S024|S194
IT06460,TopicToken_06460 ProcessToken_129 PatternToken_052,Category_P,S164|S093|S068|S022
IT06461,TopicToken_06461 ProcessToken_110 PatternToken_039,Category_B,S001|S039|S186|S193
IT06462,TopicToken_06462 ProcessToken_018 PatternToken_095,Category_N,S056|S136|S201|S212
IT06463,TopicToken_06463 ProcessToken_145 PatternToken_062,Category_T,S187|S186
IT06464,TopicToken_06464 ProcessToken_181 PatternToken_046,Category_S,S117|S043
IT06465,TopicToken_06465 ProcessToken_160 PatternToken_005,Category_T,S186|S228|S003
IT06466,TopicToken_06466 ProcessToken_135 PatternToken_028,Category_J,S221|S171|S099|S240
IT06467,TopicToken_06467 ProcessToken_171 PatternToken_021,Category_H,S208|S222
IT06468,TopicToken_06468 ProcessToken_098 PatternToken_042,Category_J,S200|S001|S127|S192
IT06469,TopicToken_06469 ProcessToken_121 PatternToken_030,Category_J,S133|S191
IT06470,TopicToken_06470 ProcessToken_060 PatternToken_042,Category_N,S240|S180|S090
IT06471,TopicToken_06471 ProcessToken_058 PatternToken_017,Category_O,S068|S147|S083|S220|S218
IT06472,TopicToken_06472 ProcessToken_152 PatternToken_057,Category_P,S181|S111
IT06473,TopicToken_06473 ProcessToken_129 PatternToken_024,Category_D,S135|S185|S020|S027
IT06474,TopicToken_06474 ProcessToken_149 PatternToken_038,Category_S,S006|S056|S164|S022|S210
IT06475,TopicToken_06475 ProcessToken_178 PatternToken_036,Category_Q,S001|S228
IT06476,TopicToken_06476 ProcessToken_010 PatternToken_052,Category_T,S107|S185
IT06477,TopicToken_06477 ProcessToken_112 PatternToken_100,Category_O,S121|S094
IT06478,TopicToken_06478 ProcessToken_136 PatternToken_035,Category_M,S142|S176|S025|S007
IT06479,TopicToken_06479 ProcessToken_011 PatternToken_086,Category_D,S101|S215|S225|S203
IT06480,TopicToken_06480 ProcessToken_117 PatternToken_064,Category_F,S112|S160|S081|S001
IT06481,TopicToken_06481 ProcessToken_109 PatternToken_050,Category_M,S064|S037|S207
IT06482,TopicToken_06482 ProcessToken_150 PatternToken_032,Category_N,S114|S116|S041|S088|S031
IT06483,TopicToken_06483 ProcessToken_198 PatternToken_010,Category_F,S146|S108|S033
IT06484,TopicToken_06484 ProcessToken_113 PatternToken_096,Category_R,S041|S092|S026|S016|S205
IT06485,TopicToken_06485 ProcessToken_181 PatternToken_049,Category_H,S239|S209|S011
IT06486,TopicToken_06486 ProcessToken_140 PatternToken_081,Category_F,S219|S074|S052|S138|S029
IT06487,TopicToken_06487 ProcessToken_093 PatternToken_095,Category_R,S054|S212|S178|S052|S028
IT06488,TopicToken_06488 ProcessToken_039 PatternToken_047,Category_N,S138|S116|S053
IT06489,TopicToken_06489 ProcessToken_066 PatternToken_065,Category_O,S224|S031
IT06490,TopicToken_06490 ProcessToken_037 PatternToken_004,Category_Q,S239|S048|S034
IT06491,TopicToken_06491 ProcessToken_147 PatternToken_091,Category_D,S125|S171
IT06492,TopicToken_06492 ProcessToken_128 PatternToken_030,Category_M,S020|S132|S122
IT06493,TopicToken_06493 ProcessToken_090 PatternToken_085,Category_E,S146|S028|S067|S165
IT06494,TopicToken_06494 ProcessToken_064 PatternToken_041,Category_K,S236|S140|S221|S085
IT06495,TopicToken_06495 ProcessToken_146 PatternToken_042,Category_H,S033|S224|S188
IT06496,TopicToken_06496 ProcessToken_122 PatternToken_080,Category_E,S149|S185|S118|S186
IT06497,TopicToken_06497 ProcessToken_120 PatternToken_043,Category_D,S152|S183|S173|S107
IT06498,TopicToken_06498 ProcessToken_137 PatternToken_087,Category_A,S022|S122|S177|S131|S235
IT06499,TopicToken_06499 ProcessToken_129 PatternToken_065,Category_B,S128|S117|S115|S208|S237
IT06500,TopicToken_06500 ProcessToken_118 PatternToken_076,Category_T,S179|S107|S206|S200
IT06501,TopicToken_06501 ProcessToken_164 PatternToken_072,Category_A,S181|S215|S106
IT06502,TopicToken_06502 ProcessToken_157 PatternToken_095,Category_J,S015|S164|S037
IT06503,TopicToken_06503 ProcessToken_157 PatternToken_077,Category_O,S174|S146|S198|S047
IT06504,TopicToken_06504 ProcessToken_072 PatternToken_033,Category_D,S050|S123
IT06505,TopicToken_06505 ProcessToken_069 PatternToken_065,Category_R,S188|S081|S123|S185|S135
IT06506,TopicToken_06506 ProcessToken_176 PatternToken_100,Category_O,S005|S216|S076|S065
IT06507,TopicToken_06507 ProcessToken_022 PatternToken_052,Category_M,S007|S033|S048
IT06508,TopicToken_06508 ProcessToken_188 PatternToken_016,Category_M,S184|S237
IT06509,TopicToken_06509 ProcessToken_016 PatternToken_034,Category_O,S074|S055|S130
IT06510,TopicToken_06510 ProcessToken_118 PatternToken_066,Category_H,S176|S183|S138
IT06511,TopicToken_06511 ProcessToken_095 PatternToken_090,Category_D,S082|S145|S086|S190|S183
IT06512,TopicToken_06512 ProcessToken_069 PatternToken_091,Category_R,S039|S128
IT06513,TopicToken_06513 ProcessToken_082 PatternToken_033,Category_G,S231|S156|S016|S018
IT06514,TopicToken_06514 ProcessToken_093 PatternToken_011,Category_P,S030|S062|S052
IT06515,TopicToken_06515 ProcessToken_010 PatternToken_011,Category_J,S170|S010|S062|S026|S144
IT06516,TopicToken_06516 ProcessToken_033 PatternToken_022,Category_J,S041|S024|S016|S229|S111
IT06517,TopicToken_06517 ProcessToken_124 PatternToken_071,Category_I,S006|S183
IT06518,TopicToken_06518 ProcessToken_170 PatternToken_018,Category_R,S230|S052|S181|S024
IT06519,TopicToken_06519 ProcessToken_023 PatternToken_007,Category_H,S177|S099|S131|S047|S054
IT06520,TopicToken_06520 ProcessToken_032 PatternToken_001,Category_K,S227|S045|S110|S023
IT06521,TopicToken_06521 ProcessToken_158 PatternToken_097,Category_K,S150|S239|S137
IT06522,TopicToken_06522 ProcessToken_189 PatternToken_037,Category_B,S099|S232|S219|S020
IT06523,TopicToken_06523 ProcessToken_087 PatternToken_029,Category_J,S131|S236|S104
IT06524,TopicToken_06524 ProcessToken_081 PatternToken_031,Category_S,S240|S167|S151
IT06525,TopicToken_06525 ProcessToken_036 PatternToken_043,Category_B,S214|S062|S179|S021|S168
IT06526,TopicToken_06526 ProcessToken_065 PatternToken_064,Category_O,S110|S049|S200|S042|S152
IT06527,TopicToken_06527 ProcessToken_124 PatternToken_027,Category_I,S199|S011|S152|S068|S003
IT06528,TopicToken_06528 ProcessToken_062 PatternToken_094,Category_N,S195|S117|S048
IT06529,TopicToken_06529 ProcessToken_141 PatternToken_077,Category_G,S098|S203
IT06530,TopicToken_06530 ProcessToken_034 PatternToken_071,Category_O,S194|S212|S236|S142|S040
IT06531,TopicToken_06531 ProcessToken_147 PatternToken_089,Category_A,S208|S014
IT06532,TopicToken_06532 ProcessToken_032 PatternToken_062,Category_N,S045|S014|S149|S237|S016
IT06533,TopicToken_06533 ProcessToken_072 PatternToken_067,Category_C,S207|S145|S005
IT06534,TopicToken_06534 ProcessToken_006 PatternToken_087,Category_R,S111|S075|S140
IT06535,TopicToken_06535 ProcessToken_165 PatternToken_040,Category_L,S202|S216|S226|S209|S136
IT06536,TopicToken_06536 ProcessToken_055 PatternToken_040,Category_H,S027|S153|S166|S169
IT06537,TopicToken_06537 ProcessToken_164 PatternToken_095,Category_P,S221|S019|S014
IT06538,TopicToken_06538 ProcessToken_157 PatternToken_092,Category_R,S177|S129|S127|S225
IT06539,TopicToken_06539 ProcessToken_132 PatternToken_074,Category_O,S091|S199
IT06540,TopicToken_06540 ProcessToken_165 PatternToken_047,Category_A,S100|S163
IT06541,TopicToken_06541 ProcessToken_146 PatternToken_012,Category_T,S138|S141|S054|S184|S071
IT06542,TopicToken_06542 ProcessToken_057 PatternToken_059,Category_J,S199|S141|S222
IT06543,TopicToken_06543 ProcessToken_070 PatternToken_081,Category_D,S080|S139|S120|S036|S188
IT06544,TopicToken_06544 ProcessToken_177 PatternToken_039,Category_T,S168|S004|S136|S219|S092
IT06545,TopicToken_06545 ProcessToken_165 PatternToken_016,Category_G,S007|S086|S005
IT06546,TopicToken_06546 ProcessToken_015 PatternToken_063,Category_T,S004|S138|S225|S024|S214
IT06547,TopicToken_06547 ProcessToken_113 PatternToken_029,Category_B,S053|S188|S006
IT06548,TopicToken_06548 ProcessToken_014 PatternToken_074,Category_G,S213|S126|S053
IT06549,TopicToken_06549 ProcessToken_100 PatternToken_040,Category_T,S058|S169|S200
IT06550,TopicToken_06550 ProcessToken_050 PatternToken_047,Category_H,S211|S153|S041|S085|S138
IT06551,TopicToken_06551 ProcessToken_092 PatternToken_039,Category_J,S176|S046
IT06552,TopicToken_06552 ProcessToken_004 PatternToken_084,Category_B,S170|S131|S020|S129
IT06553,TopicToken_06553 ProcessToken_069 PatternToken_014,Category_F,S054|S165|S087|S063|S140
IT06554,TopicToken_06554 ProcessToken_155 PatternToken_033,Category_G,S172|S127|S131|S001
IT06555,TopicToken_06555 ProcessToken_165 PatternToken_061,Category_C,S021|S012|S153
IT06556,TopicToken_06556 ProcessToken_090 PatternToken_075,Category_D,S191|S032
IT06557,TopicToken_06557 ProcessToken_173 PatternToken_096,Category_L,S150|S190
IT06558,TopicToken_06558 ProcessToken_199 PatternToken_046,Category_T,S035|S188|S130|S002|S165
IT06559,TopicToken_06559 ProcessToken_057 PatternToken_025,Category_R,S081|S074|S146|S164|S149
IT06560,TopicToken_06560 ProcessToken_050 PatternToken_037,Category_I,S153|S077|S229|S134|S189
IT06561,TopicToken_06561 ProcessToken_082 PatternToken_005,Category_B,S157|S070
IT06562,TopicToken_06562 ProcessToken_049 PatternToken_029,Category_H,S154|S068|S007
IT06563,TopicToken_06563 ProcessToken_118 PatternToken_090,Category_F,S051|S213|S199|S082
IT06564,TopicToken_06564 ProcessToken_159 PatternToken_071,Category_L,S219|S027
IT06565,TopicToken_06565 ProcessToken_012 PatternToken_054,Category_A,S218|S146|S023|S086|S127
IT06566,TopicToken_06566 ProcessToken_194 PatternToken_008,Category_E,S037|S125|S040|S194|S012
IT06567,TopicToken_06567 ProcessToken_174 PatternToken_086,Category_K,S158|S157|S083|S240|S117
IT06568,TopicToken_06568 ProcessToken_040 PatternToken_025,Category_B,S016|S119|S214
IT06569,TopicToken_06569 ProcessToken_128 PatternToken_028,Category_L,S119|S007|S050|S057|S173
IT06570,TopicToken_06570 ProcessToken_200 PatternToken_070,Category_G,S079|S188
IT06571,TopicToken_06571 ProcessToken_008 PatternToken_095,Category_K,S113|S236|S100|S064
IT06572,TopicToken_06572 ProcessToken_169 PatternToken_009,Category_R,S088|S216|S054
IT06573,TopicToken_06573 ProcessToken_169 PatternToken_031,Category_L,S237|S018|S235
IT06574,TopicToken_06574 ProcessToken_186 PatternToken_042,Category_A,S187|S180
IT06575,TopicToken_06575 ProcessToken_041 PatternToken_007,Category_D,S156|S205
IT06576,TopicToken_06576 ProcessToken_070 PatternToken_093,Category_H,S075|S152|S164|S216
IT06577,TopicToken_06577 ProcessToken_157 PatternToken_034,Category_M,S128|S111|S073
IT06578,TopicToken_06578 ProcessToken_051 PatternToken_089,Category_D,S164|S040|S059|S056|S101
IT06579,TopicToken_06579 ProcessToken_011 PatternToken_039,Category_C,S137|S198|S183
IT06580,TopicToken_06580 ProcessToken_176 PatternToken_089,Category_E,S098|S039
IT06581,TopicToken_06581 ProcessToken_019 PatternToken_034,Category_N,S030|S223|S037
IT06582,TopicToken_06582 ProcessToken_088 PatternToken_022,Category_J,S120|S125|S211
IT06583,TopicToken_06583 ProcessToken_015 PatternToken_008,Category_H,S106|S073
IT06584,TopicToken_06584 ProcessToken_059 PatternToken_014,Category_Q,S141|S038
IT06585,TopicToken_06585 ProcessToken_066 PatternToken_044,Category_M,S092|S184|S082|S232|S001
IT06586,TopicToken_06586 ProcessToken_103 PatternToken_056,Category_M,S123|S104|S236|S187
IT06587,TopicToken_06587 ProcessToken_063 PatternToken_035,Category_K,S163|S098|S046|S076
IT06588,TopicToken_06588 ProcessToken_083 PatternToken_048,Category_H,S100|S034|S170|S019
IT06589,TopicToken_06589 ProcessToken_198 PatternToken_095,Category_O,S103|S001|S162|S118|S005
IT06590,TopicToken_06590 ProcessToken_118 PatternToken_014,Category_R,S094|S204|S083|S054
IT06591,TopicToken_06591 ProcessToken_142 PatternToken_046,Category_N,S188|S073|S129|S154|S019
IT06592,TopicToken_06592 ProcessToken_067 PatternToken_033,Category_R,S059|S168|S013
IT06593,TopicToken_06593 ProcessToken_195 PatternToken_040,Category_I,S169|S129|S141|S106|S216
IT06594,TopicToken_06594 ProcessToken_169 PatternToken_050,Category_B,S152|S219
IT06595,TopicToken_06595 ProcessToken_160 PatternToken_023,Category_S,S203|S042
IT06596,TopicToken_06596 ProcessToken_003 PatternToken_016,Category_Q,S044|S114|S170
IT06597,TopicToken_06597 ProcessToken_097 PatternToken_088,Category_G,S190|S143|S117
IT06598,TopicToken_06598 ProcessToken_033 PatternToken_066,Category_D,S064|S158|S201
IT06599,TopicToken_06599 ProcessToken_110 PatternToken_026,Category_J,S088|S219|S182
IT06600,TopicToken_06600 ProcessToken_017 PatternToken_028,Category_L,S022|S234|S185|S191
IT06601,TopicToken_06601 ProcessToken_083 PatternToken_074,Category_I,S044|S231|S172|S102|S117
IT06602,TopicToken_06602 ProcessToken_025 PatternToken_045,Category_C,S076|S184|S004|S013
IT06603,TopicToken_06603 ProcessToken_103 PatternToken_082,Category_K,S186|S063|S039|S233|S065
IT06604,TopicToken_06604 ProcessToken_135 PatternToken_057,Category_N,S236|S198|S078|S115
IT06605,TopicToken_06605 ProcessToken_102 PatternToken_071,Category_E,S019|S159|S070
IT06606,TopicToken_06606 ProcessToken_164 PatternToken_007,Category_F,S134|S106|S003
IT06607,TopicToken_06607 ProcessToken_065 PatternToken_047,Category_C,S210|S225|S177|S087
IT06608,TopicToken_06608 ProcessToken_196 PatternToken_046,Category_J,S152|S021|S202|S228|S212
IT06609,TopicToken_06609 ProcessToken_056 PatternToken_027,Category_H,S069|S133|S008
IT06610,TopicToken_06610 ProcessToken_180 PatternToken_068,Category_R,S034|S083|S162|S221
IT06611,TopicToken_06611 ProcessToken_197 PatternToken_073,Category_G,S174|S184
IT06612,TopicToken_06612 ProcessToken_150 PatternToken_007,Category_S,S129|S135|S072
IT06613,TopicToken_06613 ProcessToken_174 PatternToken_093,Category_M,S144|S071|S021|S038
IT06614,TopicToken_06614 ProcessToken_089 PatternToken_044,Category_J,S075|S002|S082|S063|S032
IT06615,TopicToken_06615 ProcessToken_118 PatternToken_060,Category_A,S219|S130
IT06616,TopicToken_06616 ProcessToken_081 PatternToken_003,Category_B,S104|S101|S187|S235|S098
IT06617,TopicToken_06617 ProcessToken_103 PatternToken_022,Category_C,S057|S173|S130|S125|S001
IT06618,TopicToken_06618 ProcessToken_193 PatternToken_007,Category_F,S163|S119|S137|S095
IT06619,TopicToken_06619 ProcessToken_089 PatternToken_087,Category_D,S201|S007
IT06620,TopicToken_06620 ProcessToken_127 PatternToken_034,Category_G,S215|S048|S105|S143|S001
IT06621,TopicToken_06621 ProcessToken_092 PatternToken_088,Category_G,S145|S163|S007|S209
IT06622,TopicToken_06622 ProcessToken_104 PatternToken_036,Category_G,S069|S212|S115|S174
IT06623,TopicToken_06623 ProcessToken_062 PatternToken_010,Category_E,S199|S017|S142|S204
IT06624,TopicToken_06624 ProcessToken_123 PatternToken_094,Category_H,S204|S188
IT06625,TopicToken_06625 ProcessToken_119 PatternToken_019,Category_P,S004|S107|S048
IT06626,TopicToken_06626 ProcessToken_087 PatternToken_038,Category_H,S155|S177|S024
IT06627,TopicToken_06627 ProcessToken_142 PatternToken_087,Category_Q,S236|S184|S026
IT06628,TopicToken_06628 ProcessToken_001 PatternToken_045,Category_I,S165|S142|S111
IT06629,TopicToken_06629 ProcessToken_193 PatternToken_079,Category_S,S106|S091|S130|S230
IT06630,TopicToken_06630 ProcessToken_095 PatternToken_029,Category_O,S032|S236|S176|S110
IT06631,TopicToken_06631 ProcessToken_034 PatternToken_065,Category_F,S095|S048
IT06632,TopicToken_06632 ProcessToken_046 PatternToken_016,Category_D,S062|S117|S150|S232
IT06633,TopicToken_06633 ProcessToken_178 PatternToken_072,Category_O,S195|S009
IT06634,TopicToken_06634 ProcessToken_114 PatternToken_070,Category_P,S020|S189
IT06635,TopicToken_06635 ProcessToken_051 PatternToken_001,Category_R,S189|S120
IT06636,TopicToken_06636 ProcessToken_118 PatternToken_065,Category_D,S213|S075
IT06637,TopicToken_06637 ProcessToken_112 PatternToken_039,Category_T,S026|S193|S058|S151|S047
IT06638,TopicToken_06638 ProcessToken_096 PatternToken_061,Category_B,S073|S177|S178|S029
IT06639,TopicToken_06639 ProcessToken_011 PatternToken_060,Category_N,S096|S115
IT06640,TopicToken_06640 ProcessToken_177 PatternToken_019,Category_Q,S134|S224|S209
IT06641,TopicToken_06641 ProcessToken_100 PatternToken_002,Category_N,S194|S171
IT06642,TopicToken_06642 ProcessToken_165 PatternToken_020,Category_L,S132|S122
IT06643,TopicToken_06643 ProcessToken_011 PatternToken_082,Category_N,S236|S029|S073|S027|S054
IT06644,TopicToken_06644 ProcessToken_160 PatternToken_029,Category_S,S194|S068|S069|S176
IT06645,TopicToken_06645 ProcessToken_128 PatternToken_075,Category_G,S043|S131|S082|S005|S238
IT06646,TopicToken_06646 ProcessToken_054 PatternToken_035,Category_E,S179|S131|S054
IT06647,TopicToken_06647 ProcessToken_034 PatternToken_021,Category_J,S234|S088|S094
IT06648,TopicToken_06648 ProcessToken_077 PatternToken_063,Category_E,S231|S131|S013|S222|S219
IT06649,TopicToken_06649 ProcessToken_122 PatternToken_017,Category_M,S232|S065|S152
IT06650,TopicToken_06650 ProcessToken_143 PatternToken_028,Category_B,S008|S160|S069|S195|S222
IT06651,TopicToken_06651 ProcessToken_073 PatternToken_045,Category_N,S211|S140|S219|S033|S055
IT06652,TopicToken_06652 ProcessToken_189 PatternToken_072,Category_S,S175|S006|S172
IT06653,TopicToken_06653 ProcessToken_123 PatternToken_028,Category_L,S214|S226|S149
IT06654,TopicToken_06654 ProcessToken_020 PatternToken_031,Category_D,S209|S219|S130|S020
IT06655,TopicToken_06655 ProcessToken_058 PatternToken_076,Category_G,S029|S157|S057
IT06656,TopicToken_06656 ProcessToken_186 PatternToken_034,Category_D,S070|S066|S158|S088|S151
IT06657,TopicToken_06657 ProcessToken_136 PatternToken_086,Category_D,S198|S136|S089|S054|S140
IT06658,TopicToken_06658 ProcessToken_095 PatternToken_029,Category_T,S093|S055
IT06659,TopicToken_06659 ProcessToken_160 PatternToken_055,Category_D,S063|S194
IT06660,TopicToken_06660 ProcessToken_094 PatternToken_089,Category_T,S117|S024|S156|S033|S020
IT06661,TopicToken_06661 ProcessToken_083 PatternToken_094,Category_I,S049|S051
IT06662,TopicToken_06662 ProcessToken_093 PatternToken_008,Category_E,S204|S159|S055|S063
IT06663,TopicToken_06663 ProcessToken_197 PatternToken_068,Category_M,S100|S144|S109
IT06664,TopicToken_06664 ProcessToken_193 PatternToken_097,Category_J,S023|S193
IT06665,TopicToken_06665 ProcessToken_118 PatternToken_031,Category_N,S100|S013
IT06666,TopicToken_06666 ProcessToken_116 PatternToken_065,Category_E,S133|S155|S086|S149|S002
IT06667,TopicToken_06667 ProcessToken_100 PatternToken_039,Category_T,S106|S051|S219
IT06668,TopicToken_06668 ProcessToken_139 PatternToken_051,Category_A,S109|S026|S120
IT06669,TopicToken_06669 ProcessToken_134 PatternToken_059,Category_N,S055|S128|S126|S214
IT06670,TopicToken_06670 ProcessToken_065 PatternToken_011,Category_D,S187|S029
IT06671,TopicToken_06671 ProcessToken_057 PatternToken_096,Category_Q,S234|S071|S160|S151|S129
IT06672,TopicToken_06672 ProcessToken_093 PatternToken_068,Category_K,S034|S017|S106|S187|S011
IT06673,TopicToken_06673 ProcessToken_184 PatternToken_047,Category_N,S088|S045|S109|S225
IT06674,TopicToken_06674 ProcessToken_085 PatternToken_087,Category_P,S234|S133|S164|S154
IT06675,TopicToken_06675 ProcessToken_175 PatternToken_044,Category_C,S103|S125|S041
IT06676,TopicToken_06676 ProcessToken_059 PatternToken_058,Category_C,S164|S114|S016|S174
IT06677,TopicToken_06677 ProcessToken_023 PatternToken_057,Category_O,S206|S051|S039|S134|S025
IT06678,TopicToken_06678 ProcessToken_021 PatternToken_090,Category_S,S214|S074|S219|S093|S160
IT06679,TopicToken_06679 ProcessToken_080 PatternToken_072,Category_Q,S033|S153
IT06680,TopicToken_06680 ProcessToken_016 PatternToken_018,Category_T,S112|S076|S014|S069|S008
IT06681,TopicToken_06681 ProcessToken_158 PatternToken_085,Category_O,S227|S081|S154
IT06682,TopicToken_06682 ProcessToken_197 PatternToken_095,Category_B,S034|S167|S003|S203
IT06683,TopicToken_06683 ProcessToken_152 PatternToken_097,Category_C,S010|S175
IT06684,TopicToken_06684 ProcessToken_082 PatternToken_004,Category_N,S220|S099|S160|S138|S037
IT06685,TopicToken_06685 ProcessToken_111 PatternToken_008,Category_C,S003|S156|S110|S142|S219
IT06686,TopicToken_06686 ProcessToken_197 PatternToken_057,Category_H,S024|S141|S001|S079
IT06687,TopicToken_06687 ProcessToken_044 PatternToken_010,Category_L,S082|S187|S049|S047
IT06688,TopicToken_06688 ProcessToken_127 PatternToken_015,Category_O,S179|S218|S091
IT06689,TopicToken_06689 ProcessToken_133 PatternToken_046,Category_G,S122|S128
IT06690,TopicToken_06690 ProcessToken_189 PatternToken_064,Category_L,S131|S032
IT06691,TopicToken_06691 ProcessToken_199 PatternToken_064,Category_H,S090|S053
IT06692,TopicToken_06692 ProcessToken_079 PatternToken_071,Category_D,S001|S043
IT06693,TopicToken_06693 ProcessToken_050 PatternToken_031,Category_T,S077|S131|S170|S087|S115
IT06694,TopicToken_06694 ProcessToken_066 PatternToken_061,Category_A,S087|S156|S229|S204
IT06695,TopicToken_06695 ProcessToken_151 PatternToken_067,Category_G,S014|S176|S182|S149
IT06696,TopicToken_06696 ProcessToken_129 PatternToken_054,Category_E,S141|S112|S151
IT06697,TopicToken_06697 ProcessToken_018 PatternToken_077,Category_N,S190|S009
IT06698,TopicToken_06698 ProcessToken_093 PatternToken_096,Category_B,S027|S165
IT06699,TopicToken_06699 ProcessToken_147 PatternToken_028,Category_N,S035|S234|S240|S120
IT06700,TopicToken_06700 ProcessToken_193 PatternToken_097,Category_D,S014|S086|S022|S147|S077
IT06701,TopicToken_06701 ProcessToken_099 PatternToken_052,Category_Q,S026|S180|S157
IT06702,TopicToken_06702 ProcessToken_077 PatternToken_012,Category_H,S192|S167|S023
IT06703,TopicToken_06703 ProcessToken_043 PatternToken_006,Category_G,S113|S077
IT06704,TopicToken_06704 ProcessToken_123 PatternToken_075,Category_I,S168|S025|S172|S045|S192
IT06705,TopicToken_06705 ProcessToken_193 PatternToken_061,Category_J,S159|S219|S003
IT06706,TopicToken_06706 ProcessToken_062 PatternToken_011,Category_C,S139|S035|S175
IT06707,TopicToken_06707 ProcessToken_041 PatternToken_049,Category_D,S010|S189
IT06708,TopicToken_06708 ProcessToken_045 PatternToken_028,Category_O,S055|S063|S109
IT06709,TopicToken_06709 ProcessToken_137 PatternToken_084,Category_C,S032|S189|S130
IT06710,TopicToken_06710 ProcessToken_098 PatternToken_078,Category_I,S102|S105|S112|S063|S142
IT06711,TopicToken_06711 ProcessToken_184 PatternToken_048,Category_J,S199|S196|S031|S198
IT06712,TopicToken_06712 ProcessToken_140 PatternToken_069,Category_C,S200|S154|S206|S233|S003
IT06713,TopicToken_06713 ProcessToken_182 PatternToken_001,Category_O,S079|S127
IT06714,TopicToken_06714 ProcessToken_082 PatternToken_097,Category_G,S035|S236|S201
IT06715,TopicToken_06715 ProcessToken_160 PatternToken_036,Category_B,S107|S109
IT06716,TopicToken_06716 ProcessToken_071 PatternToken_018,Category_G,S068|S101|S226
IT06717,TopicToken_06717 ProcessToken_052 PatternToken_081,Category_R,S058|S181|S132|S076
IT06718,TopicToken_06718 ProcessToken_074 PatternToken_039,Category_O,S195|S183|S055|S129
IT06719,TopicToken_06719 ProcessToken_059 PatternToken_083,Category_K,S145|S057|S200
IT06720,TopicToken_06720 ProcessToken_166 PatternToken_064,Category_T,S140|S224|S038|S161|S018
IT06721,TopicToken_06721 ProcessToken_140 PatternToken_005,Category_L,S004|S014|S225|S144|S058
IT06722,TopicToken_06722 ProcessToken_106 PatternToken_078,Category_T,S168|S201|S038
IT06723,TopicToken_06723 ProcessToken_061 PatternToken_069,Category_H,S097|S137|S024|S067|S040
IT06724,TopicToken_06724 ProcessToken_027 PatternToken_081,Category_M,S057|S215|S160
IT06725,TopicToken_06725 ProcessToken_100 PatternToken_008,Category_L,S170|S210|S167|S029
IT06726,TopicToken_06726 ProcessToken_034 PatternToken_017,Category_G,S195|S142|S166|S118|S101
IT06727,TopicToken_06727 ProcessToken_185 PatternToken_039,Category_E,S055|S012|S104|S147|S098
IT06728,TopicToken_06728 ProcessToken_164 PatternToken_008,Category_L,S064|S115
IT06729,TopicToken_06729 ProcessToken_158 PatternToken_023,Category_H,S202|S186|S160|S138
IT06730,TopicToken_06730 ProcessToken_152 PatternToken_036,Category_P,S057|S068
IT06731,TopicToken_06731 ProcessToken_087 PatternToken_059,Category_D,S033|S003|S181|S185
IT06732,TopicToken_06732 ProcessToken_172 PatternToken_094,Category_T,S168|S199|S203|S154
IT06733,TopicToken_06733 ProcessToken_179 PatternToken_089,Category_C,S002|S224
IT06734,TopicToken_06734 ProcessToken_164 PatternToken_030,Category_M,S077|S181|S135
IT06735,TopicToken_06735 ProcessToken_090 PatternToken_046,Category_A,S027|S184|S145|S151|S011
IT06736,TopicToken_06736 ProcessToken_049 PatternToken_076,Category_L,S047|S012
IT06737,TopicToken_06737 ProcessToken_013 PatternToken_056,Category_S,S130|S071|S028|S041|S082
IT06738,TopicToken_06738 ProcessToken_190 PatternToken_093,Category_R,S086|S005
IT06739,TopicToken_06739 ProcessToken_012 PatternToken_011,Category_I,S138|S149|S212
IT06740,TopicToken_06740 ProcessToken_093 PatternToken_074,Category_T,S053|S041
IT06741,TopicToken_06741 ProcessToken_086 PatternToken_070,Category_H,S183|S038|S003|S016
IT06742,TopicToken_06742 ProcessToken_104 PatternToken_031,Category_P,S106|S194|S054
IT06743,TopicToken_06743 ProcessToken_187 PatternToken_074,Category_O,S141|S175
IT06744,TopicToken_06744 ProcessToken_075 PatternToken_005,Category_K,S122|S063
IT06745,TopicToken_06745 ProcessToken_024 PatternToken_034,Category_P,S206|S208|S105
IT06746,TopicToken_06746 ProcessToken_120 PatternToken_077,Category_P,S099|S067|S044|S169
IT06747,TopicToken_06747 ProcessToken_007 PatternToken_031,Category_R,S047|S077
IT06748,TopicToken_06748 ProcessToken_008 PatternToken_004,Category_E,S077|S127|S076
IT06749,TopicToken_06749 ProcessToken_009 PatternToken_031,Category_Q,S130|S074|S069|S046|S033
IT06750,TopicToken_06750 ProcessToken_191 PatternToken_006,Category_J,S072|S107|S223|S221
IT06751,TopicToken_06751 ProcessToken_060 PatternToken_033,Category_C,S200|S029|S135
IT06752,TopicToken_06752 ProcessToken_083 PatternToken_027,Category_Q,S027|S065|S142
IT06753,TopicToken_06753 ProcessToken_015 PatternToken_048,Category_D,S034|S148|S157|S094|S207
IT06754,TopicToken_06754 ProcessToken_033 PatternToken_043,Category_J,S006|S175
IT06755,TopicToken_06755 ProcessToken_146 PatternToken_072,Category_G,S076|S207|S093|S100
IT06756,TopicToken_06756 ProcessToken_100 PatternToken_048,Category_A,S184|S099|S203
IT06757,TopicToken_06757 ProcessToken_072 PatternToken_047,Category_C,S116|S061|S182|S184
IT06758,TopicToken_06758 ProcessToken_128 PatternToken_090,Category_R,S084|S004|S056
IT06759,TopicToken_06759 ProcessToken_173 PatternToken_046,Category_D,S216|S097|S238|S002
IT06760,TopicToken_06760 ProcessToken_123 PatternToken_007,Category_O,S166|S199|S153|S011|S208
IT06761,TopicToken_06761 ProcessToken_125 PatternToken_080,Category_P,S239|S052|S099|S186|S162
IT06762,TopicToken_06762 ProcessToken_075 PatternToken_100,Category_L,S099|S094
IT06763,TopicToken_06763 ProcessToken_127 PatternToken_063,Category_A,S175|S230|S227|S011|S077
IT06764,TopicToken_06764 ProcessToken_024 PatternToken_099,Category_B,S204|S176|S141|S014
IT06765,TopicToken_06765 ProcessToken_089 PatternToken_005,Category_S,S095|S013|S122|S147
IT06766,TopicToken_06766 ProcessToken_024 PatternToken_049,Category_A,S197|S045|S070|S049|S084
IT06767,TopicToken_06767 ProcessToken_052 PatternToken_043,Category_O,S096|S224
IT06768,TopicToken_06768 ProcessToken_032 PatternToken_013,Category_R,S129|S009|S166|S051|S080
IT06769,TopicToken_06769 ProcessToken_149 PatternToken_055,Category_E,S235|S122
IT06770,TopicToken_06770 ProcessToken_074 PatternToken_015,Category_M,S133|S228|S113|S112
IT06771,TopicToken_06771 ProcessToken_099 PatternToken_030,Category_P,S198|S030|S225|S191
IT06772,TopicToken_06772 ProcessToken_173 PatternToken_098,Category_D,S143|S094|S112
IT06773,TopicToken_06773 ProcessToken_147 PatternToken_025,Category_A,S221|S227|S182
IT06774,TopicToken_06774 ProcessToken_085 PatternToken_078,Category_S,S016|S121|S005|S178|S184
IT06775,TopicToken_06775 ProcessToken_038 PatternToken_068,Category_G,S133|S115|S081
IT06776,TopicToken_06776 ProcessToken_193 PatternToken_083,Category_I,S093|S158|S098|S161|S081
IT06777,TopicToken_06777 ProcessToken_106 PatternToken_071,Category_G,S115|S173
IT06778,TopicToken_06778 ProcessToken_061 PatternToken_081,Category_K,S130|S034|S178|S204|S191
IT06779,TopicToken_06779 ProcessToken_086 PatternToken_052,Category_K,S171|S121|S109|S197
IT06780,TopicToken_06780 ProcessToken_001 PatternToken_087,Category_M,S011|S169|S200|S078|S085
IT06781,TopicToken_06781 ProcessToken_024 PatternToken_002,Category_L,S038|S157|S055|S150
IT06782,TopicToken_06782 ProcessToken_131 PatternToken_077,Category_O,S220|S113|S088|S100
IT06783,TopicToken_06783 ProcessToken_045 PatternToken_096,Category_S,S065|S123|S109
IT06784,TopicToken_06784 ProcessToken_161 PatternToken_072,Category_Q,S032|S162
IT06785,TopicToken_06785 ProcessToken_113 PatternToken_041,Category_J,S200|S209|S073|S145
IT06786,TopicToken_06786 ProcessToken_146 PatternToken_042,Category_G,S027|S100|S168
IT06787,TopicToken_06787 ProcessToken_095 PatternToken_070,Category_R,S121|S054|S115
IT06788,TopicToken_06788 ProcessToken_096 PatternToken_057,Category_I,S235|S098|S227
IT06789,TopicToken_06789 ProcessToken_127 PatternToken_094,Category_F,S038|S178|S193|S237|S112
IT06790,TopicToken_06790 ProcessToken_044 PatternToken_077,Category_C,S068|S020|S239|S085|S056
IT06791,TopicToken_06791 ProcessToken_166 PatternToken_027,Category_Q,S070|S173|S091
IT06792,TopicToken_06792 ProcessToken_190 PatternToken_031,Category_S,S067|S006|S135|S137|S076
IT06793,TopicToken_06793 ProcessToken_121 PatternToken_054,Category_T,S084|S081|S196|S043
IT06794,TopicToken_06794 ProcessToken_012 PatternToken_091,Category_M,S047|S080|S197
IT06795,TopicToken_06795 ProcessToken_073 PatternToken_039,Category_H,S231|S225|S124|S099|S010
IT06796,TopicToken_06796 ProcessToken_028 PatternToken_032,Category_L,S216|S187|S196|S150|S214
IT06797,TopicToken_06797 ProcessToken_063 PatternToken_015,Category_S,S036|S092
IT06798,TopicToken_06798 ProcessToken_132 PatternToken_046,Category_L,S110|S054
IT06799,TopicToken_06799 ProcessToken_064 PatternToken_094,Category_L,S229|S137|S054
IT06800,TopicToken_06800 ProcessToken_116 PatternToken_060,Category_R,S185|S093
IT06801,TopicToken_06801 ProcessToken_197 PatternToken_039,Category_B,S086|S056|S141|S080|S200
IT06802,TopicToken_06802 ProcessToken_072 PatternToken_058,Category_B,S028|S182
IT06803,TopicToken_06803 ProcessToken_048 PatternToken_035,Category_B,S192|S146
IT06804,TopicToken_06804 ProcessToken_044 PatternToken_084,Category_R,S170|S235|S150
IT06805,TopicToken_06805 ProcessToken_020 PatternToken_040,Category_C,S033|S111|S091|S191
IT06806,TopicToken_06806 ProcessToken_163 PatternToken_032,Category_J,S240|S099|S053
IT06807,TopicToken_06807 ProcessToken_173 PatternToken_059,Category_O,S095|S018
IT06808,TopicToken_06808 ProcessToken_145 PatternToken_077,Category_M,S231|S175|S073|S071
IT06809,TopicToken_06809 ProcessToken_021 PatternToken_040,Category_B,S074|S185|S167
IT06810,TopicToken_06810 ProcessToken_023 PatternToken_099,Category_G,S178|S004|S159|S191
IT06811,TopicToken_06811 ProcessToken_154 PatternToken_073,Category_I,S064|S017|S154
IT06812,TopicToken_06812 ProcessToken_194 PatternToken_052,Category_F,S150|S231|S164|S059
IT06813,TopicToken_06813 ProcessToken_103 PatternToken_099,Category_L,S184|S134|S201|S047|S194
IT06814,TopicToken_06814 ProcessToken_004 PatternToken_095,Category_K,S176|S028|S185
IT06815,TopicToken_06815 ProcessToken_053 PatternToken_077,Category_Q,S074|S186|S148|S051|S220
IT06816,TopicToken_06816 ProcessToken_005 PatternToken_079,Category_F,S014|S020
IT06817,TopicToken_06817 ProcessToken_088 PatternToken_007,Category_J,S002|S034|S172|S239|S145
IT06818,TopicToken_06818 ProcessToken_159 PatternToken_100,Category_C,S141|S109|S085
IT06819,TopicToken_06819 ProcessToken_131 PatternToken_069,Category_O,S140|S031|S189|S221
IT06820,TopicToken_06820 ProcessToken_060 PatternToken_075,Category_H,S230|S076
IT06821,TopicToken_06821 ProcessToken_062 PatternToken_054,Category_H,S002|S084|S180
IT06822,TopicToken_06822 ProcessToken_138 PatternToken_080,Category_P,S196|S153|S168|S076
IT06823,TopicToken_06823 ProcessToken_179 PatternToken_083,Category_P,S004|S210
IT06824,TopicToken_06824 ProcessToken_122 PatternToken_085,Category_J,S023|S027|S160|S073
IT06825,TopicToken_06825 ProcessToken_029 PatternToken_011,Category_R,S082|S055|S145
IT06826,TopicToken_06826 ProcessToken_170 PatternToken_053,Category_Q,S060|S224|S095
IT06827,TopicToken_06827 ProcessToken_079 PatternToken_096,Category_R,S043|S092
IT06828,TopicToken_06828 ProcessToken_109 PatternToken_050,Category_B,S124|S089
IT06829,TopicToken_06829 ProcessToken_109 PatternToken_055,Category_G,S208|S050
IT06830,TopicToken_06830 ProcessToken_007 PatternToken_081,Category_H,S125|S208|S235|S101|S116
IT06831,TopicToken_06831 ProcessToken_002 PatternToken_087,Category_Q,S099|S233|S230|S228
IT06832,TopicToken_06832 ProcessToken_097 PatternToken_008,Category_S,S059|S013|S219
IT06833,TopicToken_06833 ProcessToken_194 PatternToken_009,Category_E,S046|S051
IT06834,TopicToken_06834 ProcessToken_167 PatternToken_064,Category_B,S104|S086|S226
IT06835,TopicToken_06835 ProcessToken_041 PatternToken_068,Category_I,S047|S037
IT06836,TopicToken_06836 ProcessToken_165 PatternToken_026,Category_I,S228|S018
IT06837,TopicToken_06837 ProcessToken_145 PatternToken_010,Category_K,S220|S153|S226|S092
IT06838,TopicToken_06838 ProcessToken_029 PatternToken_002,Category_B,S167|S088|S049|S027
IT06839,TopicToken_06839 ProcessToken_168 PatternToken_025,Category_S,S143|S175|S163
IT06840,TopicToken_06840 ProcessToken_161 PatternToken_075,Category_L,S066|S108|S132
IT06841,TopicToken_06841 ProcessToken_030 PatternToken_004,Category_C,S158|S172
IT06842,TopicToken_06842 ProcessToken_074 PatternToken_017,Category_L,S183|S082|S228
IT06843,TopicToken_06843 ProcessToken_086 PatternToken_026,Category_K,S033|S059|S066|S074
IT06844,TopicToken_06844 ProcessToken_134 PatternToken_041,Category_T,S226|S028|S201
IT06845,TopicToken_06845 ProcessToken_056 PatternToken_054,Category_R,S194|S063|S015|S086
IT06846,TopicToken_06846 ProcessToken_066 PatternToken_056,Category_D,S089|S024|S079|S009
IT06847,TopicToken_06847 ProcessToken_108 PatternToken_064,Category_O,S100|S084
IT06848,TopicToken_06848 ProcessToken_109 PatternToken_065,Category_P,S050|S183|S002|S049
IT06849,TopicToken_06849 ProcessToken_152 PatternToken_076,Category_J,S061|S028|S180|S003|S205
IT06850,TopicToken_06850 ProcessToken_193 PatternToken_049,Category_B,S135|S180
IT06851,TopicToken_06851 ProcessToken_159 PatternToken_074,Category_I,S093|S081
IT06852,TopicToken_06852 ProcessToken_060 PatternToken_001,Category_L,S218|S029|S135|S184
IT06853,TopicToken_06853 ProcessToken_003 PatternToken_022,Category_I,S219|S196|S096
IT06854,TopicToken_06854 ProcessToken_049 PatternToken_018,Category_G,S101|S147
IT06855,TopicToken_06855 ProcessToken_044 PatternToken_017,Category_L,S235|S167|S157|S225|S025
IT06856,TopicToken_06856 ProcessToken_016 PatternToken_046,Category_T,S211|S060|S152|S127|S058
IT06857,TopicToken_06857 ProcessToken_002 PatternToken_097,Category_C,S110|S007
IT06858,TopicToken_06858 ProcessToken_161 PatternToken_011,Category_F,S127|S171|S087|S044|S013
IT06859,TopicToken_06859 ProcessToken_136 PatternToken_004,Category_Q,S065|S166
IT06860,TopicToken_06860 ProcessToken_048 PatternToken_078,Category_K,S195|S076|S136
IT06861,TopicToken_06861 ProcessToken_169 PatternToken_067,Category_L,S152|S123|S195|S224|S023
IT06862,TopicToken_06862 ProcessToken_131 PatternToken_026,Category_G,S215|S137|S055|S032|S076
IT06863,TopicToken_06863 ProcessToken_188 PatternToken_099,Category_B,S201|S011|S182
IT06864,TopicToken_06864 ProcessToken_036 PatternToken_038,Category_R,S091|S179|S079|S075
IT06865,TopicToken_06865 ProcessToken_140 PatternToken_048,Category_C,S012|S105
IT06866,TopicToken_06866 ProcessToken_095 PatternToken_044,Category_J,S035|S213|S116|S112|S068
IT06867,TopicToken_06867 ProcessToken_026 PatternToken_031,Category_S,S107|S040|S019|S096
IT06868,TopicToken_06868 ProcessToken_140 PatternToken_083,Category_L,S225|S070|S235|S237
IT06869,TopicToken_06869 ProcessToken_131 PatternToken_096,Category_K,S023|S110|S039|S113
IT06870,TopicToken_06870 ProcessToken_180 PatternToken_095,Category_F,S001|S235|S237|S075
IT06871,TopicToken_06871 ProcessToken_114 PatternToken_035,Category_G,S151|S092
IT06872,TopicToken_06872 ProcessToken_171 PatternToken_006,Category_B,S096|S239|S157
IT06873,TopicToken_06873 ProcessToken_023 PatternToken_082,Category_R,S173|S164|S071|S194
IT06874,TopicToken_06874 ProcessToken_009 PatternToken_020,Category_K,S149|S136|S220
IT06875,TopicToken_06875 ProcessToken_151 PatternToken_044,Category_S,S133|S023|S052
IT06876,TopicToken_06876 ProcessToken_105 PatternToken_056,Category_A,S219|S119|S093|S168
IT06877,TopicToken_06877 ProcessToken_169 PatternToken_017,Category_F,S208|S223|S005
IT06878,TopicToken_06878 ProcessToken_113 PatternToken_076,Category_N,S170|S206|S096|S048|S178
IT06879,TopicToken_06879 ProcessToken_054 PatternToken_011,Category_N,S223|S006|S073|S238|S002
IT06880,TopicToken_06880 ProcessToken_082 PatternToken_002,Category_F,S117|S048|S023
IT06881,TopicToken_06881 ProcessToken_147 PatternToken_011,Category_S,S098|S163|S144|S191|S082
IT06882,TopicToken_06882 ProcessToken_177 PatternToken_077,Category_F,S068|S021|S138|S116|S223
IT06883,TopicToken_06883 ProcessToken_080 PatternToken_068,Category_D,S153|S075
IT06884,TopicToken_06884 ProcessToken_048 PatternToken_040,Category_P,S088|S065|S069|S208|S214
IT06885,TopicToken_06885 ProcessToken_103 PatternToken_059,Category_O,S036|S221|S215|S136
IT06886,TopicToken_06886 ProcessToken_115 PatternToken_031,Category_S,S079|S144
IT06887,TopicToken_06887 ProcessToken_068 PatternToken_006,Category_A,S062|S076
IT06888,TopicToken_06888 ProcessToken_048 PatternToken_080,Category_D,S041|S156
IT06889,TopicToken_06889 ProcessToken_128 PatternToken_083,Category_C,S175|S229
IT06890,TopicToken_06890 ProcessToken_190 PatternToken_038,Category_C,S096|S085
IT06891,TopicToken_06891 ProcessToken_100 PatternToken_016,Category_J,S054|S036|S076|S187|S140
IT06892,TopicToken_06892 ProcessToken_054 PatternToken_024,Category_G,S016|S168
IT06893,TopicToken_06893 ProcessToken_034 PatternToken_063,Category_P,S053|S032|S089
IT06894,TopicToken_06894 ProcessToken_081 PatternToken_021,Category_P,S066|S164|S185|S148|S055
IT06895,TopicToken_06895 ProcessToken_102 PatternToken_033,Category_D,S222|S163|S174|S004
IT06896,TopicToken_06896 ProcessToken_124 PatternToken_050,Category_J,S228|S161
IT06897,TopicToken_06897 ProcessToken_006 PatternToken_047,Category_T,S039|S021
IT06898,TopicToken_06898 ProcessToken_109 PatternToken_094,Category_K,S040|S202
IT06899,TopicToken_06899 ProcessToken_190 PatternToken_024,Category_I,S004|S147|S178|S017|S028
IT06900,TopicToken_06900 ProcessToken_139 PatternToken_053,Category_C,S050|S064|S189|S037
IT06901,TopicToken_06901 ProcessToken_002 PatternToken_038,Category_J,S097|S021|S150
IT06902,TopicToken_06902 ProcessToken_120 PatternToken_001,Category_B,S137|S234
IT06903,TopicToken_06903 ProcessToken_163 PatternToken_058,Category_M,S016|S207|S166|S032
IT06904,TopicToken_06904 ProcessToken_039 PatternToken_008,Category_O,S041|S122|S101
IT06905,TopicToken_06905 ProcessToken_009 PatternToken_029,Category_F,S107|S067|S162|S199|S074
IT06906,TopicToken_06906 ProcessToken_182 PatternToken_068,Category_N,S008|S201|S143
IT06907,TopicToken_06907 ProcessToken_192 PatternToken_074,Category_R,S222|S062
IT06908,TopicToken_06908 ProcessToken_152 PatternToken_050,Category_F,S121|S022
IT06909,TopicToken_06909 ProcessToken_190 PatternToken_006,Category_B,S100|S148
IT06910,TopicToken_06910 ProcessToken_117 PatternToken_043,Category_A,S135|S027
IT06911,TopicToken_06911 ProcessToken_043 PatternToken_007,Category_C,S193|S042|S227|S130|S116
IT06912,TopicToken_06912 ProcessToken_159 PatternToken_023,Category_M,S232|S088
IT06913,TopicToken_06913 ProcessToken_034 PatternToken_091,Category_T,S206|S071
IT06914,TopicToken_06914 ProcessToken_128 PatternToken_011,Category_T,S204|S149|S032
IT06915,TopicToken_06915 ProcessToken_079 PatternToken_029,Category_S,S054|S125|S096
IT06916,TopicToken_06916 ProcessToken_046 PatternToken_088,Category_N,S032|S085|S224|S065
IT06917,TopicToken_06917 ProcessToken_014 PatternToken_002,Category_J,S088|S206|S100|S084|S161
IT06918,TopicToken_06918 ProcessToken_016 PatternToken_056,Category_M,S004|S103|S082|S179|S131
IT06919,TopicToken_06919 ProcessToken_009 PatternToken_068,Category_D,S143|S115|S140|S194
IT06920,TopicToken_06920 ProcessToken_154 PatternToken_037,Category_I,S143|S058|S154|S022
IT06921,TopicToken_06921 ProcessToken_051 PatternToken_060,Category_K,S232|S234|S011|S111|S002
IT06922,TopicToken_06922 ProcessToken_047 PatternToken_010,Category_L,S010|S093|S001|S107
IT06923,TopicToken_06923 ProcessToken_036 PatternToken_063,Category_F,S188|S056|S131|S076
IT06924,TopicToken_06924 ProcessToken_118 PatternToken_014,Category_K,S156|S162
IT06925,TopicToken_06925 ProcessToken_126 PatternToken_046,Category_R,S117|S004
IT06926,TopicToken_06926 ProcessToken_114 PatternToken_051,Category_H,S085|S120|S017
IT06927,TopicToken_06927 ProcessToken_196 PatternToken_069,Category_E,S071|S006|S212|S076|S047
IT06928,TopicToken_06928 ProcessToken_179 PatternToken_008,Category_N,S108|S153|S198
IT06929,TopicToken_06929 ProcessToken_037 PatternToken_047,Category_H,S063|S033|S011
IT06930,TopicToken_06930 ProcessToken_176 PatternToken_051,Category_J,S003|S175
IT06931,TopicToken_06931 ProcessToken_038 PatternToken_085,Category_D,S062|S018|S091|S202
IT06932,TopicToken_06932 ProcessToken_089 PatternToken_078,Category_C,S169|S133
IT06933,TopicToken_06933 ProcessToken_056 PatternToken_057,Category_S,S064|S025|S070|S169|S094
IT06934,TopicToken_06934 ProcessToken_067 PatternToken_065,Category_J,S025|S104|S235
IT06935,TopicToken_06935 ProcessToken_140 PatternToken_077,Category_T,S197|S195|S196|S115|S063
IT06936,TopicToken_06936 ProcessToken_126 PatternToken_028,Category_F,S046|S168|S017|S091
IT06937,TopicToken_06937 ProcessToken_170 PatternToken_071,Category_Q,S082|S196|S146|S099|S178
IT06938,TopicToken_06938 ProcessToken_039 PatternToken_088,Category_S,S236|S103|S124|S105|S014
IT06939,TopicToken_06939 ProcessToken_025 PatternToken_045,Category_N,S017|S034
IT06940,TopicToken_06940 ProcessToken_174 PatternToken_022,Category_G,S162|S011
IT06941,TopicToken_06941 ProcessToken_172 PatternToken_088,Category_O,S235|S129|S197|S091
IT06942,TopicToken_06942 ProcessToken_150 PatternToken_086,Category_O,S192|S056|S189
IT06943,TopicToken_06943 ProcessToken_125 PatternToken_095,Category_L,S046|S190|S157|S153|S116
IT06944,TopicToken_06944 ProcessToken_184 PatternToken_035,Category_E,S151|S136|S085
IT06945,TopicToken_06945 ProcessToken_008 PatternToken_041,Category_M,S032|S192
IT06946,TopicToken_06946 ProcessToken_164 PatternToken_072,Category_B,S170|S047|S073|S177
IT06947,TopicToken_06947 ProcessToken_161 PatternToken_066,Category_N,S137|S004|S089|S038
IT06948,TopicToken_06948 ProcessToken_162 PatternToken_048,Category_R,S080|S061|S130|S215
IT06949,TopicToken_06949 ProcessToken_174 PatternToken_079,Category_J,S145|S099|S017
IT06950,TopicToken_06950 ProcessToken_113 PatternToken_025,Category_D,S227|S064|S199|S181
IT06951,TopicToken_06951 ProcessToken_089 PatternToken_010,Category_L,S092|S075
IT06952,TopicToken_06952 ProcessToken_017 PatternToken_030,Category_N,S072|S004|S022
IT06953,TopicToken_06953 ProcessToken_092 PatternToken_063,Category_R,S240|S206|S194|S156|S225
IT06954,TopicToken_06954 ProcessToken_194 PatternToken_050,Category_O,S225|S094|S105|S172|S055
IT06955,TopicToken_06955 ProcessToken_135 PatternToken_081,Category_H,S185|S126|S240|S133|S108
IT06956,TopicToken_06956 ProcessToken_065 PatternToken_034,Category_I,S015|S147|S197|S118|S057
IT06957,TopicToken_06957 ProcessToken_195 PatternToken_099,Category_K,S060|S150|S050
IT06958,TopicToken_06958 ProcessToken_089 PatternToken_056,Category_F,S093|S144
IT06959,TopicToken_06959 ProcessToken_082 PatternToken_091,Category_E,S186|S064
IT06960,TopicToken_06960 ProcessToken_101 PatternToken_031,Category_J,S225|S081|S183|S028
IT06961,TopicToken_06961 ProcessToken_038 PatternToken_019,Category_F,S130|S164|S182|S140|S124
IT06962,TopicToken_06962 ProcessToken_101 PatternToken_013,Category_K,S165|S208|S220
IT06963,TopicToken_06963 ProcessToken_165 PatternToken_017,Category_Q,S117|S005|S214|S232|S033
IT06964,TopicToken_06964 ProcessToken_080 PatternToken_083,Category_B,S092|S152
IT06965,TopicToken_06965 ProcessToken_090 PatternToken_095,Category_E,S018|S240|S002
IT06966,TopicToken_06966 ProcessToken_196 PatternToken_038,Category_R,S093|S020
IT06967,TopicToken_06967 ProcessToken_051 PatternToken_019,Category_T,S010|S027|S150|S034|S159
IT06968,TopicToken_06968 ProcessToken_138 PatternToken_098,Category_G,S039|S151|S117|S014|S061
IT06969,TopicToken_06969 ProcessToken_134 PatternToken_062,Category_N,S145|S105|S173|S177|S018
IT06970,TopicToken_06970 ProcessToken_116 PatternToken_001,Category_C,S047|S068|S186|S238
IT06971,TopicToken_06971 ProcessToken_097 PatternToken_027,Category_G,S160|S222
IT06972,TopicToken_06972 ProcessToken_112 PatternToken_050,Category_I,S022|S018
IT06973,TopicToken_06973 ProcessToken_136 PatternToken_037,Category_L,S045|S205|S148|S162
IT06974,TopicToken_06974 ProcessToken_145 PatternToken_094,Category_E,S127|S160
IT06975,TopicToken_06975 ProcessToken_169 PatternToken_079,Category_L,S075|S216|S229|S152
IT06976,TopicToken_06976 ProcessToken_169 PatternToken_057,Category_G,S025|S136
IT06977,TopicToken_06977 ProcessToken_171 PatternToken_047,Category_N,S229|S037
IT06978,TopicToken_06978 ProcessToken_024 PatternToken_079,Category_L,S021|S141
IT06979,TopicToken_06979 ProcessToken_092 PatternToken_080,Category_T,S139|S068|S005
IT06980,TopicToken_06980 ProcessToken_190 PatternToken_013,Category_Q,S189|S146|S084|S150|S075
IT06981,TopicToken_06981 ProcessToken_120 PatternToken_095,Category_I,S183|S142
IT06982,TopicToken_06982 ProcessToken_026 PatternToken_007,Category_K,S138|S163
IT06983,TopicToken_06983 ProcessToken_129 PatternToken_038,Category_D,S083|S131|S104|S118|S075
IT06984,TopicToken_06984 ProcessToken_138 PatternToken_036,Category_S,S127|S153|S161
IT06985,TopicToken_06985 ProcessToken_050 PatternToken_066,Category_O,S130|S176|S162
IT06986,TopicToken_06986 ProcessToken_056 PatternToken_010,Category_C,S235|S063|S135|S223
IT06987,TopicToken_06987 ProcessToken_198 PatternToken_046,Category_H,S133|S090|S062|S162
IT06988,TopicToken_06988 ProcessToken_075 PatternToken_023,Category_I,S180|S183|S200|S061|S059
IT06989,TopicToken_06989 ProcessToken_091 PatternToken_017,Category_T,S230|S030|S201|S086|S204
IT06990,TopicToken_06990 ProcessToken_063 PatternToken_059,Category_A,S077|S153|S131|S160
IT06991,TopicToken_06991 ProcessToken_030 PatternToken_074,Category_O,S240|S146|S229|S209
IT06992,TopicToken_06992 ProcessToken_193 PatternToken_078,Category_B,S058|S207|S040
IT06993,TopicToken_06993 ProcessToken_144 PatternToken_098,Category_I,S051|S198
IT06994,TopicToken_06994 ProcessToken_156 PatternToken_010,Category_M,S239|S059|S141
IT06995,TopicToken_06995 ProcessToken_080 PatternToken_072,Category_F,S203|S003|S200
IT06996,TopicToken_06996 ProcessToken_018 PatternToken_054,Category_M,S020|S081|S038|S111
IT06997,TopicToken_06997 ProcessToken_113 PatternToken_084,Category_J,S154|S186
IT06998,TopicToken_06998 ProcessToken_020 PatternToken_099,Category_P,S184|S032|S166|S105|S026
IT06999,TopicToken_06999 ProcessToken_077 PatternToken_024,Category_B,S154|S123
IT07000,TopicToken_07000 ProcessToken_194 PatternToken_035,Category_I,S110|S107|S028|S232|S221
IT07001,TopicToken_07001 ProcessToken_051 PatternToken_066,Category_E,S030|S021|S046|S126|S143
IT07002,TopicToken_07002 ProcessToken_107 PatternToken_070,Category_R,S007|S238|S001|S232|S223
IT07003,TopicToken_07003 ProcessToken_107 PatternToken_070,Category_G,S047|S186
IT07004,TopicToken_07004 ProcessToken_146 PatternToken_072,Category_O,S207|S181|S041|S122|S215
IT07005,TopicToken_07005 ProcessToken_081 PatternToken_080,Category_S,S008|S134|S182|S002|S162
IT07006,TopicToken_07006 ProcessToken_189 PatternToken_028,Category_P,S033|S106
IT07007,TopicToken_07007 ProcessToken_039 PatternToken_096,Category_P,S139|S178
IT07008,TopicToken_07008 ProcessToken_147 PatternToken_049,Category_P,S113|S008
IT07009,TopicToken_07009 ProcessToken_195 PatternToken_079,Category_J,S102|S209
IT07010,TopicToken_07010 ProcessToken_129 PatternToken_078,Category_M,S062|S045|S193
IT07011,TopicToken_07011 ProcessToken_147 PatternToken_014,Category_F,S085|S011|S103|S153|S120
IT07012,TopicToken_07012 ProcessToken_128 PatternToken_080,Category_K,S033|S060|S139|S216|S115
IT07013,TopicToken_07013 ProcessToken_138 PatternToken_075,Category_I,S216|S149|S240|S148
IT07014,TopicToken_07014 ProcessToken_071 PatternToken_090,Category_A,S231|S117|S104
IT07015,TopicToken_07015 ProcessToken_186 PatternToken_066,Category_L,S102|S154
IT07016,TopicToken_07016 ProcessToken_166 PatternToken_005,Category_H,S061|S230|S203|S201|S163
IT07017,TopicToken_07017 ProcessToken_128 PatternToken_094,Category_B,S128|S205|S165|S023
IT07018,TopicToken_07018 ProcessToken_100 PatternToken_049,Category_D,S069|S032
IT07019,TopicToken_07019 ProcessToken_153 PatternToken_093,Category_Q,S227|S120
IT07020,TopicToken_07020 ProcessToken_114 PatternToken_020,Category_S,S033|S197|S171|S007
IT07021,TopicToken_07021 ProcessToken_152 PatternToken_036,Category_E,S135|S197|S007
IT07022,TopicToken_07022 ProcessToken_185 PatternToken_087,Category_K,S175|S227
IT07023,TopicToken_07023 ProcessToken_123 PatternToken_087,Category_G,S199|S233
IT07024,TopicToken_07024 ProcessToken_143 PatternToken_055,Category_L,S104|S191|S092
IT07025,TopicToken_07025 ProcessToken_100 PatternToken_008,Category_L,S194|S193
IT07026,TopicToken_07026 ProcessToken_028 PatternToken_022,Category_H,S203|S055|S138|S068
IT07027,TopicToken_07027 ProcessToken_142 PatternToken_019,Category_G,S148|S220|S134|S125|S016
IT07028,TopicToken_07028 ProcessToken_088 PatternToken_055,Category_K,S099|S166|S002|S129|S239
IT07029,TopicToken_07029 ProcessToken_159 PatternToken_086,Category_E,S187|S184|S045
IT07030,TopicToken_07030 ProcessToken_019 PatternToken_071,Category_A,S226|S005
IT07031,TopicToken_07031 ProcessToken_194 PatternToken_069,Category_R,S201|S121|S167|S094
IT07032,TopicToken_07032 ProcessToken_136 PatternToken_005,Category_L,S165|S069|S169|S171|S202
IT07033,TopicToken_07033 ProcessToken_174 PatternToken_077,Category_M,S085|S184|S024|S099|S172
IT07034,TopicToken_07034 ProcessToken_152 PatternToken_043,Category_F,S010|S050|S222|S066|S084
IT07035,TopicToken_07035 ProcessToken_032 PatternToken_099,Category_F,S129|S096
IT07036,TopicToken_07036 ProcessToken_065 PatternToken_002,Category_G,S004|S040|S189|S179
IT07037,TopicToken_07037 ProcessToken_124 PatternToken_056,Category_E,S230|S211|S049|S100|S013
IT07038,TopicToken_07038 ProcessToken_139 PatternToken_097,Category_M,S236|S065
IT07039,TopicToken_07039 ProcessToken_042 PatternToken_009,Category_J,S067|S206|S065|S164
IT07040,TopicToken_07040 ProcessToken_198 PatternToken_092,Category_F,S037|S236|S209
IT07041,TopicToken_07041 ProcessToken_196 PatternToken_057,Category_R,S121|S182
IT07042,TopicToken_07042 ProcessToken_190 PatternToken_001,Category_C,S230|S116|S199|S122
IT07043,TopicToken_07043 ProcessToken_040 PatternToken_001,Category_F,S237|S056
IT07044,TopicToken_07044 ProcessToken_035 PatternToken_038,Category_C,S153|S108
IT07045,TopicToken_07045 ProcessToken_170 PatternToken_014,Category_T,S145|S174
IT07046,TopicToken_07046 ProcessToken_193 PatternToken_047,Category_N,S194|S029|S007
IT07047,TopicToken_07047 ProcessToken_116 PatternToken_079,Category_N,S095|S206|S047
IT07048,TopicToken_07048 ProcessToken_142 PatternToken_008,Category_I,S197|S106
IT07049,TopicToken_07049 ProcessToken_185 PatternToken_011,Category_N,S193|S165|S160|S234
IT07050,TopicToken_07050 ProcessToken_083 PatternToken_041,Category_G,S207|S014|S101|S093|S077
IT07051,TopicToken_07051 ProcessToken_098 PatternToken_071,Category_F,S069|S172|S124
IT07052,TopicToken_07052 ProcessToken_040 PatternToken_097,Category_E,S124|S039|S224
IT07053,TopicToken_07053 ProcessToken_179 PatternToken_083,Category_L,S013|S179|S195
IT07054,TopicToken_07054 ProcessToken_119 PatternToken_058,Category_F,S051|S238|S212
IT07055,TopicToken_07055 ProcessToken_043 PatternToken_064,Category_P,S021|S058|S072|S043|S163
IT07056,TopicToken_07056 ProcessToken_077 PatternToken_082,Category_Q,S004|S228|S138|S001|S077
IT07057,TopicToken_07057 ProcessToken_119 PatternToken_100,Category_P,S059|S034
IT07058,TopicToken_07058 ProcessToken_188 PatternToken_034,Category_L,S161|S207|S186|S155|S240
IT07059,TopicToken_07059 ProcessToken_121 PatternToken_055,Category_J,S192|S210|S181|S202|S174
IT07060,TopicToken_07060 ProcessToken_107 PatternToken_046,Category_E,S219|S225
IT07061,TopicToken_07061 ProcessToken_176 PatternToken_089,Category_Q,S009|S170|S037
IT07062,TopicToken_07062 ProcessToken_054 PatternToken_079,Category_A,S107|S116|S236|S025
IT07063,TopicToken_07063 ProcessToken_096 PatternToken_071,Category_P,S110|S014|S039|S104
IT07064,TopicToken_07064 ProcessToken_200 PatternToken_062,Category_P,S125|S169|S136|S097|S030
IT07065,TopicToken_07065 ProcessToken_086 PatternToken_004,Category_B,S231|S081|S213|S055|S148
IT07066,TopicToken_07066 ProcessToken_153 PatternToken_074,Category_T,S192|S139|S003|S214
IT07067,TopicToken_07067 ProcessToken_033 PatternToken_004,Category_Q,S029|S026|S154|S201|S041
IT07068,TopicToken_07068 ProcessToken_092 PatternToken_009,Category_D,S158|S109
IT07069,TopicToken_07069 ProcessToken_189 PatternToken_042,Category_E,S212|S118
IT07070,TopicToken_07070 ProcessToken_180 PatternToken_053,Category_K,S163|S036|S022|S101
IT07071,TopicToken_07071 ProcessToken_145 PatternToken_037,Category_D,S072|S117|S005
IT07072,TopicToken_07072 ProcessToken_107 PatternToken_002,Category_D,S005|S056|S232|S214
IT07073,TopicToken_07073 ProcessToken_144 PatternToken_056,Category_O,S015|S174|S067|S049
IT07074,TopicToken_07074 ProcessToken_008 PatternToken_092,Category_I,S166|S139|S038|S158|S224
IT07075,TopicToken_07075 ProcessToken_090 PatternToken_098,Category_E,S115|S238|S090
IT07076,TopicToken_07076 ProcessToken_166 PatternToken_015,Category_E,S014|S093|S232|S224|S016
IT07077,TopicToken_07077 ProcessToken_187 PatternToken_047,Category_K,S025|S118|S177
IT07078,TopicToken_07078 ProcessToken_052 PatternToken_021,Category_N,S056|S185|S203|S026
IT07079,TopicToken_07079 ProcessToken_166 PatternToken_071,Category_G,S129|S089|S169|S029
IT07080,TopicToken_07080 ProcessToken_181 PatternToken_021,Category_S,S035|S197
IT07081,TopicToken_07081 ProcessToken_182 PatternToken_059,Category_O,S005|S193|S026|S040
IT07082,TopicToken_07082 ProcessToken_067 PatternToken_078,Category_L,S196|S227|S055
IT07083,TopicToken_07083 ProcessToken_184 PatternToken_092,Category_T,S144|S174
IT07084,TopicToken_07084 ProcessToken_010 PatternToken_053,Category_C,S098|S128|S119|S110|S207
IT07085,TopicToken_07085 ProcessToken_048 PatternToken_080,Category_P,S206|S114|S151|S121|S108
IT07086,TopicToken_07086 ProcessToken_132 PatternToken_093,Category_M,S108|S131|S220|S226|S004
IT07087,TopicToken_07087 ProcessToken_007 PatternToken_004,Category_B,S160|S120|S095
IT07088,TopicToken_07088 ProcessToken_125 PatternToken_041,Category_C,S147|S096|S023|S078|S188
IT07089,TopicToken_07089 ProcessToken_107 PatternToken_019,Category_F,S208|S134
IT07090,TopicToken_07090 ProcessToken_065 PatternToken_094,Category_S,S124|S098|S100|S119|S207
IT07091,TopicToken_07091 ProcessToken_106 PatternToken_026,Category_P,S025|S141
IT07092,TopicToken_07092 ProcessToken_007 PatternToken_013,Category_H,S192|S049|S033
IT07093,TopicToken_07093 ProcessToken_005 PatternToken_089,Category_P,S148|S077
IT07094,TopicToken_07094 ProcessToken_151 PatternToken_030,Category_F,S036|S055
IT07095,TopicToken_07095 ProcessToken_177 PatternToken_028,Category_P,S227|S205|S209|S055
IT07096,TopicToken_07096 ProcessToken_099 PatternToken_065,Category_J,S212|S217
IT07097,TopicToken_07097 ProcessToken_041 PatternToken_019,Category_H,S144|S189|S033|S238
IT07098,TopicToken_07098 ProcessToken_135 PatternToken_030,Category_S,S063|S091|S047|S059
IT07099,TopicToken_07099 ProcessToken_061 PatternToken_087,Category_B,S210|S213|S018
IT07100,TopicToken_07100 ProcessToken_062 PatternToken_068,Category_N,S046|S007|S013|S119|S099
IT07101,TopicToken_07101 ProcessToken_001 PatternToken_085,Category_T,S057|S022
IT07102,TopicToken_07102 ProcessToken_088 PatternToken_030,Category_O,S149|S104|S067
IT07103,TopicToken_07103 ProcessToken_165 PatternToken_017,Category_S,S183|S034
IT07104,TopicToken_07104 ProcessToken_089 PatternToken_037,Category_E,S044|S025|S001
IT07105,TopicToken_07105 ProcessToken_059 PatternToken_080,Category_D,S133|S095|S112|S187|S163
IT07106,TopicToken_07106 ProcessToken_050 PatternToken_040,Category_B,S208|S005|S160|S233
IT07107,TopicToken_07107 ProcessToken_142 PatternToken_071,Category_H,S132|S096
IT07108,TopicToken_07108 ProcessToken_185 PatternToken_021,Category_D,S232|S087|S171|S074
IT07109,TopicToken_07109 ProcessToken_103 PatternToken_078,Category_E,S198|S053|S177|S147|S121
IT07110,TopicToken_07110 ProcessToken_105 PatternToken_080,Category_I,S013|S061|S051|S133|S228
IT07111,TopicToken_07111 ProcessToken_154 PatternToken_046,Category_S,S197|S176|S123
IT07112,TopicToken_07112 ProcessToken_165 PatternToken_045,Category_B,S229|S168|S189|S118|S124
IT07113,TopicToken_07113 ProcessToken_021 PatternToken_061,Category_F,S010|S045|S069|S164
IT07114,TopicToken_07114 ProcessToken_157 PatternToken_080,Category_M,S144|S035
IT07115,TopicToken_07115 ProcessToken_099 PatternToken_082,Category_L,S086|S020
IT07116,TopicToken_07116 ProcessToken_190 PatternToken_041,Category_I,S190|S203
IT07117,TopicToken_07117 ProcessToken_022 PatternToken_041,Category_H,S170|S232
IT07118,TopicToken_07118 ProcessToken_131 PatternToken_091,Category_G,S200|S143|S051|S176
IT07119,TopicToken_07119 ProcessToken_064 PatternToken_053,Category_R,S078|S024|S180|S228|S150
IT07120,TopicToken_07120 ProcessToken_183 PatternToken_085,Category_N,S061|S004|S031|S065|S152
IT07121,TopicToken_07121 ProcessToken_015 PatternToken_051,Category_S,S045|S079
IT07122,TopicToken_07122 ProcessToken_087 PatternToken_006,Category_I,S059|S015|S176|S005|S206
IT07123,TopicToken_07123 ProcessToken_079 PatternToken_100,Category_F,S156|S164|S133|S037|S198
IT07124,TopicToken_07124 ProcessToken_151 PatternToken_062,Category_M,S128|S064|S062
IT07125,TopicToken_07125 ProcessToken_112 PatternToken_044,Category_P,S197|S036|S081|S032|S039
IT07126,TopicToken_07126 ProcessToken_190 PatternToken_011,Category_D,S049|S228|S077|S139|S211
IT07127,TopicToken_07127 ProcessToken_150 PatternToken_098,Category_T,S036|S047
IT07128,TopicToken_07128 ProcessToken_162 PatternToken_036,Category_Q,S215|S211
IT07129,TopicToken_07129 ProcessToken_076 PatternToken_070,Category_D,S154|S059|S028
IT07130,TopicToken_07130 ProcessToken_173 PatternToken_025,Category_M,S103|S052
IT07131,TopicToken_07131 ProcessToken_135 PatternToken_014,Category_J,S113|S130
IT07132,TopicToken_07132 ProcessToken_131 PatternToken_055,Category_L,S214|S141|S038|S011
IT07133,TopicToken_07133 ProcessToken_090 PatternToken_065,Category_M,S141|S004|S105
IT07134,TopicToken_07134 ProcessToken_174 PatternToken_019,Category_F,S065|S146|S057
IT07135,TopicToken_07135 ProcessToken_021 PatternToken_009,Category_D,S003|S211|S090|S122|S215
IT07136,TopicToken_07136 ProcessToken_016 PatternToken_040,Category_T,S005|S036|S082|S210|S034
IT07137,TopicToken_07137 ProcessToken_156 PatternToken_059,Category_F,S127|S140|S133
IT07138,TopicToken_07138 ProcessToken_121 PatternToken_015,Category_N,S073|S157
IT07139,TopicToken_07139 ProcessToken_096 PatternToken_015,Category_J,S162|S051|S030|S033|S179
IT07140,TopicToken_07140 ProcessToken_090 PatternToken_070,Category_H,S012|S069|S051
IT07141,TopicToken_07141 ProcessToken_146 PatternToken_080,Category_T,S005|S196|S163|S099|S132
IT07142,TopicToken_07142 ProcessToken_007 PatternToken_047,Category_R,S112|S062|S165
IT07143,TopicToken_07143 ProcessToken_170 PatternToken_053,Category_H,S056|S140|S095|S179
IT07144,TopicToken_07144 ProcessToken_199 PatternToken_024,Category_A,S069|S179|S178
IT07145,TopicToken_07145 ProcessToken_039 PatternToken_059,Category_R,S131|S209
IT07146,TopicToken_07146 ProcessToken_200 PatternToken_006,Category_D,S117|S229|S101
IT07147,TopicToken_07147 ProcessToken_019 PatternToken_009,Category_T,S016|S094|S147|S185
IT07148,TopicToken_07148 ProcessToken_002 PatternToken_003,Category_F,S019|S228|S139|S032|S001
IT07149,TopicToken_07149 ProcessToken_054 PatternToken_095,Category_J,S047|S072|S014|S127
IT07150,TopicToken_07150 ProcessToken_064 PatternToken_032,Category_B,S231|S144|S036|S050
IT07151,TopicToken_07151 ProcessToken_126 PatternToken_079,Category_G,S235|S214
IT07152,TopicToken_07152 ProcessToken_058 PatternToken_057,Category_Q,S196|S096|S148
IT07153,TopicToken_07153 ProcessToken_113 PatternToken_043,Category_H,S002|S214
IT07154,TopicToken_07154 ProcessToken_047 PatternToken_001,Category_P,S218|S109|S234
IT07155,TopicToken_07155 ProcessToken_176 PatternToken_062,Category_G,S223|S234|S208
IT07156,TopicToken_07156 ProcessToken_047 PatternToken_059,Category_P,S128|S031|S049|S024
IT07157,TopicToken_07157 ProcessToken_121 PatternToken_037,Category_B,S188|S080|S199|S093
IT07158,TopicToken_07158 ProcessToken_191 PatternToken_035,Category_G,S006|S123|S188
IT07159,TopicToken_07159 ProcessToken_069 PatternToken_042,Category_C,S058|S203|S125
IT07160,TopicToken_07160 ProcessToken_189 PatternToken_075,Category_R,S103|S177|S230|S093|S059
IT07161,TopicToken_07161 ProcessToken_055 PatternToken_069,Category_P,S124|S101|S214|S174|S158
IT07162,TopicToken_07162 ProcessToken_086 PatternToken_052,Category_I,S092|S196|S021
IT07163,TopicToken_07163 ProcessToken_051 PatternToken_085,Category_A,S196|S041|S206|S089|S205
IT07164,TopicToken_07164 ProcessToken_029 PatternToken_044,Category_O,S196|S072|S111
IT07165,TopicToken_07165 ProcessToken_068 PatternToken_094,Category_S,S154|S231|S163|S064
IT07166,TopicToken_07166 ProcessToken_073 PatternToken_044,Category_R,S018|S099|S141
IT07167,TopicToken_07167 ProcessToken_131 PatternToken_007,Category_J,S194|S233|S225
IT07168,TopicToken_07168 ProcessToken_103 PatternToken_008,Category_M,S195|S162|S226|S194
IT07169,TopicToken_07169 ProcessToken_104 PatternToken_090,Category_M,S033|S047|S118|S193
IT07170,TopicToken_07170 ProcessToken_040 PatternToken_016,Category_J,S157|S008
IT07171,TopicToken_07171 ProcessToken_170 PatternToken_023,Category_N,S203|S087|S096|S033
IT07172,TopicToken_07172 ProcessToken_100 PatternToken_010,Category_A,S195|S056|S123|S230
IT07173,TopicToken_07173 ProcessToken_101 PatternToken_075,Category_M,S225|S019
IT07174,TopicToken_07174 ProcessToken_076 PatternToken_043,Category_J,S032|S207|S124|S028|S064
IT07175,TopicToken_07175 ProcessToken_130 PatternToken_054,Category_J,S093|S067|S198|S101
IT07176,TopicToken_07176 ProcessToken_152 PatternToken_019,Category_N,S176|S198|S029|S166|S155
IT07177,TopicToken_07177 ProcessToken_159 PatternToken_016,Category_M,S156|S116|S211|S002|S165
IT07178,TopicToken_07178 ProcessToken_066 PatternToken_029,Category_B,S039|S131|S212
IT07179,TopicToken_07179 ProcessToken_144 PatternToken_054,Category_J,S097|S197|S091|S154|S048
IT07180,TopicToken_07180 ProcessToken_184 PatternToken_049,Category_H,S027|S161|S003|S069|S099
IT07181,TopicToken_07181 ProcessToken_125 PatternToken_084,Category_M,S083|S108
IT07182,TopicToken_07182 ProcessToken_065 PatternToken_037,Category_M,S114|S238|S174|S055
IT07183,TopicToken_07183 ProcessToken_102 PatternToken_038,Category_L,S140|S218
IT07184,TopicToken_07184 ProcessToken_192 PatternToken_096,Category_E,S001|S112
IT07185,TopicToken_07185 ProcessToken_036 PatternToken_074,Category_S,S223|S077
IT07186,TopicToken_07186 ProcessToken_179 PatternToken_093,Category_H,S111|S067
IT07187,TopicToken_07187 ProcessToken_062 PatternToken_025,Category_K,S197|S227|S206
IT07188,TopicToken_07188 ProcessToken_160 PatternToken_030,Category_D,S027|S028|S144
IT07189,TopicToken_07189 ProcessToken_013 PatternToken_052,Category_G,S079|S033
IT07190,TopicToken_07190 ProcessToken_184 PatternToken_084,Category_M,S010|S133
IT07191,TopicToken_07191 ProcessToken_149 PatternToken_066,Category_R,S007|S065|S143|S046|S120
IT07192,TopicToken_07192 ProcessToken_124 PatternToken_035,Category_O,S193|S117
IT07193,TopicToken_07193 ProcessToken_077 PatternToken_097,Category_A,S188|S022|S093
IT07194,TopicToken_07194 ProcessToken_145 PatternToken_086,Category_T,S018|S150|S104|S117|S173
IT07195,TopicToken_07195 ProcessToken_062 PatternToken_099,Category_D,S052|S180|S221|S176
IT07196,TopicToken_07196 ProcessToken_015 PatternToken_021,Category_J,S030|S209|S048|S222|S070
IT07197,TopicToken_07197 ProcessToken_194 PatternToken_051,Category_K,S002|S136|S075
IT07198,TopicToken_07198 ProcessToken_141 PatternToken_047,Category_F,S088|S226|S240|S186|S120
IT07199,TopicToken_07199 ProcessToken_065 PatternToken_005,Category_D,S211|S049|S187|S031
IT07200,TopicToken_07200 ProcessToken_022 PatternToken_050,Category_F,S018|S118
IT07201,TopicToken_07201 ProcessToken_118 PatternToken_048,Category_S,S083|S230|S217|S239|S195
IT07202,TopicToken_07202 ProcessToken_020 PatternToken_015,Category_N,S062|S073|S202|S008|S011
IT07203,TopicToken_07203 ProcessToken_170 PatternToken_058,Category_E,S110|S142|S120|S054
IT07204,TopicToken_07204 ProcessToken_113 PatternToken_069,Category_G,S129|S096|S048|S145|S007
IT07205,TopicToken_07205 ProcessToken_050 PatternToken_080,Category_T,S006|S187
IT07206,TopicToken_07206 ProcessToken_091 PatternToken_014,Category_I,S078|S228|S058|S136|S159
IT07207,TopicToken_07207 ProcessToken_146 PatternToken_092,Category_O,S096|S191|S117|S017|S011
IT07208,TopicToken_07208 ProcessToken_064 PatternToken_082,Category_K,S011|S163
IT07209,TopicToken_07209 ProcessToken_121 PatternToken_091,Category_C,S134|S196|S097
IT07210,TopicToken_07210 ProcessToken_069 PatternToken_038,Category_B,S086|S041
IT07211,TopicToken_07211 ProcessToken_123 PatternToken_014,Category_A,S047|S207|S071|S126
IT07212,TopicToken_07212 ProcessToken_100 PatternToken_036,Category_G,S121|S162
IT07213,TopicToken_07213 ProcessToken_035 PatternToken_059,Category_C,S108|S084|S052|S106|S044
IT07214,TopicToken_07214 ProcessToken_149 PatternToken_036,Category_D,S176|S096|S050|S116
IT07215,TopicToken_07215 ProcessToken_056 PatternToken_031,Category_F,S237|S062|S047
IT07216,TopicToken_07216 ProcessToken_180 PatternToken_093,Category_K,S003|S088
IT07217,TopicToken_07217 ProcessToken_164 PatternToken_057,Category_A,S116|S223|S196
IT07218,TopicToken_07218 ProcessToken_100 PatternToken_011,Category_D,S149|S078|S071|S164
IT07219,TopicToken_07219 ProcessToken_174 PatternToken_006,Category_I,S047|S103|S172|S189
IT07220,TopicToken_07220 ProcessToken_157 PatternToken_011,Category_C,S125|S079|S045
IT07221,TopicToken_07221 ProcessToken_052 PatternToken_046,Category_A,S234|S235|S070|S045|S186
IT07222,TopicToken_07222 ProcessToken_103 PatternToken_007,Category_Q,S226|S010|S007|S176
IT07223,TopicToken_07223 ProcessToken_113 PatternToken_035,Category_G,S232|S199|S071
IT07224,TopicToken_07224 ProcessToken_087 PatternToken_030,Category_B,S054|S039|S091
IT07225,TopicToken_07225 ProcessToken_135 PatternToken_050,Category_K,S041|S186|S102|S023
IT07226,TopicToken_07226 ProcessToken_008 PatternToken_014,Category_R,S050|S234
IT07227,TopicToken_07227 ProcessToken_077 PatternToken_086,Category_Q,S044|S002|S034|S210
IT07228,TopicToken_07228 ProcessToken_113 PatternToken_010,Category_P,S038|S160
IT07229,TopicToken_07229 ProcessToken_134 PatternToken_044,Category_F,S104|S200|S027|S128
IT07230,TopicToken_07230 ProcessToken_067 PatternToken_050,Category_O,S034|S089|S016|S038|S223
IT07231,TopicToken_07231 ProcessToken_004 PatternToken_033,Category_S,S218|S235
IT07232,TopicToken_07232 ProcessToken_116 PatternToken_033,Category_L,S164|S217|S199|S154
IT07233,TopicToken_07233 ProcessToken_167 PatternToken_092,Category_Q,S191|S100|S004
IT07234,TopicToken_07234 ProcessToken_151 PatternToken_052,Category_T,S147|S203|S212|S135
IT07235,TopicToken_07235 ProcessToken_122 PatternToken_015,Category_G,S222|S047|S011|S217|S220
IT07236,TopicToken_07236 ProcessToken_175 PatternToken_023,Category_P,S079|S198|S184
IT07237,TopicToken_07237 ProcessToken_108 PatternToken_099,Category_T,S051|S233|S032
IT07238,TopicToken_07238 ProcessToken_077 PatternToken_081,Category_S,S144|S038|S057
IT07239,TopicToken_07239 ProcessToken_150 PatternToken_082,Category_B,S039|S098|S151|S054|S048
IT07240,TopicToken_07240 ProcessToken_183 PatternToken_051,Category_P,S063|S001|S114|S186
IT07241,TopicToken_07241 ProcessToken_013 PatternToken_089,Category_F,S040|S112|S154|S225
IT07242,TopicToken_07242 ProcessToken_102 PatternToken_028,Category_M,S076|S008|S239
IT07243,TopicToken_07243 ProcessToken_172 PatternToken_099,Category_H,S236|S124
IT07244,TopicToken_07244 ProcessToken_013 PatternToken_030,Category_P,S203|S037|S173|S176
IT07245,TopicToken_07245 ProcessToken_104 PatternToken_013,Category_O,S075|S205|S130|S040|S061
IT07246,TopicToken_07246 ProcessToken_114 PatternToken_096,Category_S,S134|S034
IT07247,TopicToken_07247 ProcessToken_137 PatternToken_050,Category_R,S171|S142|S017|S010|S218
IT07248,TopicToken_07248 ProcessToken_121 PatternToken_093,Category_K,S034|S212|S221
IT07249,TopicToken_07249 ProcessToken_181 PatternToken_057,Category_I,S011|S131|S172|S087|S092
IT07250,TopicToken_07250 ProcessToken_169 PatternToken_051,Category_A,S072|S115|S182
IT07251,TopicToken_07251 ProcessToken_137 PatternToken_075,Category_Q,S059|S179
IT07252,TopicToken_07252 ProcessToken_035 PatternToken_085,Category_F,S181|S169|S084|S188
IT07253,TopicToken_07253 ProcessToken_190 PatternToken_022,Category_A,S191|S190|S030|S015
IT07254,TopicToken_07254 ProcessToken_095 PatternToken_021,Category_R,S049|S170|S098|S095|S215
IT07255,TopicToken_07255 ProcessToken_087 PatternToken_047,Category_G,S177|S060|S224
IT07256,TopicToken_07256 ProcessToken_162 PatternToken_062,Category_N,S141|S158|S120|S010|S140
IT07257,TopicToken_07257 ProcessToken_158 PatternToken_031,Category_K,S131|S169|S129
IT07258,TopicToken_07258 ProcessToken_048 PatternToken_089,Category_C,S210|S211|S074|S122
IT07259,TopicToken_07259 ProcessToken_119 PatternToken_100,Category_F,S223|S053
IT07260,TopicToken_07260 ProcessToken_189 PatternToken_055,Category_S,S179|S035
IT07261,TopicToken_07261 ProcessToken_173 PatternToken_093,Category_B,S112|S170|S199|S101|S035
IT07262,TopicToken_07262 ProcessToken_072 PatternToken_089,Category_F,S094|S063|S218|S143|S225
IT07263,TopicToken_07263 ProcessToken_186 PatternToken_063,Category_I,S077|S018|S059|S098
IT07264,TopicToken_07264 ProcessToken_189 PatternToken_014,Category_A,S093|S220|S238|S182|S177
IT07265,TopicToken_07265 ProcessToken_144 PatternToken_025,Category_G,S020|S157|S010|S201|S027
IT07266,TopicToken_07266 ProcessToken_133 PatternToken_038,Category_N,S077|S029|S147
IT07267,TopicToken_07267 ProcessToken_078 PatternToken_020,Category_T,S153|S061|S214|S143
IT07268,TopicToken_07268 ProcessToken_158 PatternToken_047,Category_K,S068|S177|S054|S127|S023
IT07269,TopicToken_07269 ProcessToken_099 PatternToken_018,Category_B,S124|S022
IT07270,TopicToken_07270 ProcessToken_177 PatternToken_013,Category_M,S100|S128|S094|S196
IT07271,TopicToken_07271 ProcessToken_066 PatternToken_053,Category_D,S196|S086|S094|S056
IT07272,TopicToken_07272 ProcessToken_174 PatternToken_016,Category_R,S046|S227|S044|S214|S231
IT07273,TopicToken_07273 ProcessToken_086 PatternToken_024,Category_E,S102|S060|S100|S123|S078
IT07274,TopicToken_07274 ProcessToken_033 PatternToken_072,Category_N,S108|S096
IT07275,TopicToken_07275 ProcessToken_181 PatternToken_096,Category_M,S033|S084|S082|S074|S072
IT07276,TopicToken_07276 ProcessToken_041 PatternToken_075,Category_S,S117|S228|S048
IT07277,TopicToken_07277 ProcessToken_124 PatternToken_018,Category_F,S106|S226|S199|S142
IT07278,TopicToken_07278 ProcessToken_041 PatternToken_078,Category_B,S170|S185
IT07279,TopicToken_07279 ProcessToken_170 PatternToken_086,Category_T,S214|S204|S202|S229
IT07280,TopicToken_07280 ProcessToken_113 PatternToken_086,Category_O,S066|S115
IT07281,TopicToken_07281 ProcessToken_029 PatternToken_034,Category_N,S068|S195|S047|S215
IT07282,TopicToken_07282 ProcessToken_165 PatternToken_017,Category_H,S051|S066|S009
IT07283,TopicToken_07283 ProcessToken_109 PatternToken_029,Category_J,S062|S192|S229
IT07284,TopicToken_07284 ProcessToken_021 PatternToken_051,Category_K,S214|S103|S128|S057
IT07285,TopicToken_07285 ProcessToken_017 PatternToken_093,Category_I,S198|S002|S124
IT07286,TopicToken_07286 ProcessToken_012 PatternToken_015,Category_K,S238|S100|S215
IT07287,TopicToken_07287 ProcessToken_059 PatternToken_062,Category_Q,S139|S193|S132|S031|S172
IT07288,TopicToken_07288 ProcessToken_033 PatternToken_037,Category_P,S198|S156
IT07289,TopicToken_07289 ProcessToken_195 PatternToken_007,Category_I,S079|S209
IT07290,TopicToken_07290 ProcessToken_008 PatternToken_023,Category_C,S041|S100|S089
IT07291,TopicToken_07291 ProcessToken_178 PatternToken_034,Category_C,S117|S116|S152
IT07292,TopicToken_07292 ProcessToken_074 PatternToken_075,Category_E,S127|S148|S178|S044|S043
IT07293,TopicToken_07293 ProcessToken_091 PatternToken_041,Category_C,S119|S208|S238|S008
IT07294,TopicToken_07294 ProcessToken_058 PatternToken_057,Category_D,S085|S173|S153|S086|S112
IT07295,TopicToken_07295 ProcessToken_174 PatternToken_051,Category_L,S165|S168|S159
IT07296,TopicToken_07296 ProcessToken_061 PatternToken_058,Category_E,S052|S103|S050
IT07297,TopicToken_07297 ProcessToken_061 PatternToken_011,Category_E,S067|S046|S053
IT07298,TopicToken_07298 ProcessToken_057 PatternToken_077,Category_D,S118|S124|S176|S068
IT07299,TopicToken_07299 ProcessToken_167 PatternToken_048,Category_J,S022|S074|S171|S161
IT07300,TopicToken_07300 ProcessToken_110 PatternToken_065,Category_A,S198|S163|S090|S083|S056
IT07301,TopicToken_07301 ProcessToken_103 PatternToken_059,Category_O,S095|S212
IT07302,TopicToken_07302 ProcessToken_067 PatternToken_054,Category_N,S088|S188|S235|S075|S039
IT07303,TopicToken_07303 ProcessToken_038 PatternToken_014,Category_N,S056|S106|S131
IT07304,TopicToken_07304 ProcessToken_111 PatternToken_053,Category_H,S098|S083|S210|S113|S033
IT07305,TopicToken_07305 ProcessToken_070 PatternToken_048,Category_F,S133|S025|S127|S068|S095
IT07306,TopicToken_07306 ProcessToken_078 PatternToken_018,Category_N,S061|S033|S063|S120
IT07307,TopicToken_07307 ProcessToken_028 PatternToken_051,Category_K,S091|S070|S010|S229
IT07308,TopicToken_07308 ProcessToken_106 PatternToken_032,Category_P,S194|S216
IT07309,TopicToken_07309 ProcessToken_032 PatternToken_059,Category_S,S230|S044|S236|S162
IT07310,TopicToken_07310 ProcessToken_180 PatternToken_049,Category_G,S072|S198
IT07311,TopicToken_07311 ProcessToken_076 PatternToken_065,Category_M,S209|S118
IT07312,TopicToken_07312 ProcessToken_036 PatternToken_094,Category_P,S091|S011
IT07313,TopicToken_07313 ProcessToken_147 PatternToken_039,Category_D,S152|S105
IT07314,TopicToken_07314 ProcessToken_167 PatternToken_024,Category_K,S077|S140
IT07315,TopicToken_07315 ProcessToken_005 PatternToken_070,Category_T,S128|S050|S147|S164
IT07316,TopicToken_07316 ProcessToken_071 PatternToken_050,Category_I,S119|S142
IT07317,TopicToken_07317 ProcessToken_070 PatternToken_051,Category_N,S105|S204|S067|S218
IT07318,TopicToken_07318 ProcessToken_019 PatternToken_080,Category_P,S156|S143|S221
IT07319,TopicToken_07319 ProcessToken_042 PatternToken_041,Category_D,S231|S131|S064
IT07320,TopicToken_07320 ProcessToken_114 PatternToken_074,Category_F,S115|S012
IT07321,TopicToken_07321 ProcessToken_190 PatternToken_027,Category_B,S113|S023|S230|S167|S098
IT07322,TopicToken_07322 ProcessToken_084 PatternToken_042,Category_M,S141|S064|S181|S163|S203
IT07323,TopicToken_07323 ProcessToken_184 PatternToken_007,Category_C,S191|S184|S185
IT07324,TopicToken_07324 ProcessToken_097 PatternToken_037,Category_R,S052|S057
IT07325,TopicToken_07325 ProcessToken_054 PatternToken_009,Category_B,S220|S043|S140
IT07326,TopicToken_07326 ProcessToken_010 PatternToken_033,Category_R,S073|S193|S213|S059
IT07327,TopicToken_07327 ProcessToken_145 PatternToken_052,Category_M,S192|S186|S006|S118
IT07328,TopicToken_07328 ProcessToken_178 PatternToken_062,Category_E,S073|S175|S016|S078|S025
IT07329,TopicToken_07329 ProcessToken_034 PatternToken_053,Category_H,S180|S187|S010
IT07330,TopicToken_07330 ProcessToken_193 PatternToken_094,Category_F,S043|S022|S031|S103|S232
IT07331,TopicToken_07331 ProcessToken_064 PatternToken_031,Category_A,S023|S037
IT07332,TopicToken_07332 ProcessToken_192 PatternToken_042,Category_L,S072|S102|S183
IT07333,TopicToken_07333 ProcessToken_079 PatternToken_011,Category_E,S067|S027|S208|S072|S206
IT07334,TopicToken_07334 ProcessToken_125 PatternToken_060,Category_P,S075|S087|S189|S104|S233
IT07335,TopicToken_07335 ProcessToken_059 PatternToken_092,Category_J,S063|S044|S170|S052|S135
IT07336,TopicToken_07336 ProcessToken_081 PatternToken_042,Category_S,S230|S095
IT07337,TopicToken_07337 ProcessToken_188 PatternToken_090,Category_G,S224|S149|S145
IT07338,TopicToken_07338 ProcessToken_194 PatternToken_098,Category_F,S015|S231|S034|S130|S108
IT07339,TopicToken_07339 ProcessToken_200 PatternToken_097,Category_H,S188|S208
IT07340,TopicToken_07340 ProcessToken_175 PatternToken_065,Category_Q,S087|S098|S107|S116|S097
IT07341,TopicToken_07341 ProcessToken_017 PatternToken_032,Category_Q,S050|S158
IT07342,TopicToken_07342 ProcessToken_007 PatternToken_061,Category_O,S195|S120|S141|S155
IT07343,TopicToken_07343 ProcessToken_101 PatternToken_085,Category_S,S154|S214|S106|S202
IT07344,TopicToken_07344 ProcessToken_185 PatternToken_072,Category_I,S196|S115|S067|S231|S086
IT07345,TopicToken_07345 ProcessToken_029 PatternToken_060,Category_M,S111|S055|S087|S100
IT07346,TopicToken_07346 ProcessToken_048 PatternToken_050,Category_A,S177|S065|S044|S125|S185
IT07347,TopicToken_07347 ProcessToken_190 PatternToken_087,Category_F,S073|S231|S001
IT07348,TopicToken_07348 ProcessToken_033 PatternToken_082,Category_C,S188|S033|S021|S012
IT07349,TopicToken_07349 ProcessToken_124 PatternToken_081,Category_I,S225|S188|S235|S099
IT07350,TopicToken_07350 ProcessToken_189 PatternToken_065,Category_F,S231|S168|S029|S183|S118
IT07351,TopicToken_07351 ProcessToken_143 PatternToken_002,Category_I,S112|S196|S025|S210
IT07352,TopicToken_07352 ProcessToken_069 PatternToken_098,Category_P,S100|S211|S123|S154|S175
IT07353,TopicToken_07353 ProcessToken_142 PatternToken_093,Category_B,S110|S021|S096|S068|S129
IT07354,TopicToken_07354 ProcessToken_105 PatternToken_031,Category_R,S125|S095|S084|S188
IT07355,TopicToken_07355 ProcessToken_199 PatternToken_077,Category_D,S227|S072
IT07356,TopicToken_07356 ProcessToken_061 PatternToken_096,Category_K,S161|S190
IT07357,TopicToken_07357 ProcessToken_196 PatternToken_058,Category_O,S222|S008|S151
IT07358,TopicToken_07358 ProcessToken_097 PatternToken_083,Category_D,S192|S210|S057|S098|S215
IT07359,TopicToken_07359 ProcessToken_025 PatternToken_025,Category_M,S045|S179|S081|S145|S024
IT07360,TopicToken_07360 ProcessToken_140 PatternToken_072,Category_J,S060|S216
IT07361,TopicToken_07361 ProcessToken_073 PatternToken_008,Category_B,S201|S175
IT07362,TopicToken_07362 ProcessToken_141 PatternToken_081,Category_J,S240|S104|S025|S128
IT07363,TopicToken_07363 ProcessToken_170 PatternToken_028,Category_F,S099|S181|S083|S168
IT07364,TopicToken_07364 ProcessToken_176 PatternToken_036,Category_A,S077|S151
IT07365,TopicToken_07365 ProcessToken_003 PatternToken_012,Category_A,S044|S038
IT07366,TopicToken_07366 ProcessToken_161 PatternToken_011,Category_C,S196|S238|S195|S133
IT07367,TopicToken_07367 ProcessToken_177 PatternToken_060,Category_C,S221|S098|S168|S181|S176
IT07368,TopicToken_07368 ProcessToken_179 PatternToken_084,Category_P,S094|S119|S161|S211|S219
IT07369,TopicToken_07369 ProcessToken_085 PatternToken_092,Category_R,S123|S225|S191|S047
IT07370,TopicToken_07370 ProcessToken_042 PatternToken_097,Category_I,S100|S154|S035|S050|S002
IT07371,TopicToken_07371 ProcessToken_040 PatternToken_051,Category_F,S145|S133
IT07372,TopicToken_07372 ProcessToken_148 PatternToken_071,Category_N,S191|S143|S204|S236
IT07373,TopicToken_07373 ProcessToken_116 PatternToken_015,Category_A,S110|S083|S091
IT07374,TopicToken_07374 ProcessToken_105 PatternToken_017,Category_M,S059|S217|S089|S132|S168
IT07375,TopicToken_07375 ProcessToken_128 PatternToken_048,Category_D,S083|S240|S183|S239
IT07376,TopicToken_07376 ProcessToken_108 PatternToken_067,Category_L,S093|S057|S158|S171|S233
IT07377,TopicToken_07377 ProcessToken_179 PatternToken_083,Category_Q,S238|S137
IT07378,TopicToken_07378 ProcessToken_137 PatternToken_097,Category_I,S023|S021|S028
IT07379,TopicToken_07379 ProcessToken_142 PatternToken_076,Category_F,S111|S033|S041|S014|S196
IT07380,TopicToken_07380 ProcessToken_131 PatternToken_056,Category_T,S188|S166|S043
IT07381,TopicToken_07381 ProcessToken_139 PatternToken_043,Category_R,S184|S081|S112|S118|S124
IT07382,TopicToken_07382 ProcessToken_197 PatternToken_069,Category_J,S228|S093|S008|S068|S112
IT07383,TopicToken_07383 ProcessToken_103 PatternToken_057,Category_I,S233|S070|S165|S114|S238
IT07384,TopicToken_07384 ProcessToken_014 PatternToken_085,Category_D,S071|S017
IT07385,TopicToken_07385 ProcessToken_023 PatternToken_066,Category_B,S143|S154
IT07386,TopicToken_07386 ProcessToken_096 PatternToken_052,Category_P,S238|S083|S199|S206
IT07387,TopicToken_07387 ProcessToken_151 PatternToken_073,Category_I,S055|S096|S154|S072
IT07388,TopicToken_07388 ProcessToken_107 PatternToken_030,Category_S,S086|S061|S099
IT07389,TopicToken_07389 ProcessToken_037 PatternToken_005,Category_C,S194|S132
IT07390,TopicToken_07390 ProcessToken_118 PatternToken_029,Category_M,S027|S107|S033|S132|S010
IT07391,TopicToken_07391 ProcessToken_163 PatternToken_009,Category_O,S020|S149|S130|S193|S177
IT07392,TopicToken_07392 ProcessToken_132 PatternToken_069,Category_H,S216|S180
IT07393,TopicToken_07393 ProcessToken_062 PatternToken_054,Category_C,S008|S122
IT07394,TopicToken_07394 ProcessToken_155 PatternToken_070,Category_S,S208|S213|S001|S157
IT07395,TopicToken_07395 ProcessToken_079 PatternToken_044,Category_Q,S178|S161|S143|S184
IT07396,TopicToken_07396 ProcessToken_108 PatternToken_004,Category_B,S181|S039|S170
IT07397,TopicToken_07397 ProcessToken_196 PatternToken_011,Category_D,S123|S003|S215|S179
IT07398,TopicToken_07398 ProcessToken_189 PatternToken_094,Category_K,S048|S209
IT07399,TopicToken_07399 ProcessToken_178 PatternToken_082,Category_F,S069|S127|S070
IT07400,TopicToken_07400 ProcessToken_020 PatternToken_043,Category_G,S211|S236|S207
IT07401,TopicToken_07401 ProcessToken_059 PatternToken_031,Category_P,S199|S212
IT07402,TopicToken_07402 ProcessToken_108 PatternToken_028,Category_H,S111|S003
IT07403,TopicToken_07403 ProcessToken_035 PatternToken_093,Category_G,S231|S132|S181|S197
IT07404,TopicToken_07404 ProcessToken_191 PatternToken_043,Category_E,S193|S061|S234
IT07405,TopicToken_07405 ProcessToken_056 PatternToken_028,Category_M,S161|S061|S215|S204
IT07406,TopicToken_07406 ProcessToken_055 PatternToken_066,Category_G,S067|S013|S127|S194
IT07407,TopicToken_07407 ProcessToken_184 PatternToken_076,Category_E,S143|S190|S045
IT07408,TopicToken_07408 ProcessToken_149 PatternToken_001,Category_I,S132|S120|S240
IT07409,TopicToken_07409 ProcessToken_039 PatternToken_083,Category_R,S229|S132|S114|S165|S204
IT07410,TopicToken_07410 ProcessToken_028 PatternToken_064,Category_Q,S118|S215|S071|S239
IT07411,TopicToken_07411 ProcessToken_146 PatternToken_079,Category_H,S067|S025|S238
IT07412,TopicToken_07412 ProcessToken_125 PatternToken_098,Category_B,S191|S039
IT07413,TopicToken_07413 ProcessToken_153 PatternToken_036,Category_C,S003|S077|S190|S154
IT07414,TopicToken_07414 ProcessToken_066 PatternToken_041,Category_F,S048|S095|S141
IT07415,TopicToken_07415 ProcessToken_157 PatternToken_063,Category_T,S099|S123|S114|S059|S034
IT07416,TopicToken_07416 ProcessToken_003 PatternToken_006,Category_T,S030|S140|S003|S110
IT07417,TopicToken_07417 ProcessToken_112 PatternToken_014,Category_J,S084|S103|S179|S005|S089
IT07418,TopicToken_07418 ProcessToken_096 PatternToken_046,Category_F,S166|S231|S200
IT07419,TopicToken_07419 ProcessToken_197 PatternToken_090,Category_O,S082|S011|S096|S099|S122
IT07420,TopicToken_07420 ProcessToken_109 PatternToken_077,Category_E,S117|S211|S222|S185
IT07421,TopicToken_07421 ProcessToken_132 PatternToken_044,Category_I,S218|S185
IT07422,TopicToken_07422 ProcessToken_041 PatternToken_069,Category_S,S042|S117|S030|S161
IT07423,TopicToken_07423 ProcessToken_098 PatternToken_063,Category_S,S157|S040
IT07424,TopicToken_07424 ProcessToken_066 PatternToken_029,Category_M,S105|S120|S020|S006|S200
IT07425,TopicToken_07425 ProcessToken_123 PatternToken_089,Category_F,S034|S152|S208|S031
IT07426,TopicToken_07426 ProcessToken_013 PatternToken_019,Category_K,S199|S197
IT07427,TopicToken_07427 ProcessToken_154 PatternToken_038,Category_G,S233|S112|S166|S113
IT07428,TopicToken_07428 ProcessToken_085 PatternToken_056,Category_I,S013|S090|S147|S083|S094
IT07429,TopicToken_07429 ProcessToken_149 PatternToken_018,Category_A,S222|S105
IT07430,TopicToken_07430 ProcessToken_132 PatternToken_013,Category_O,S195|S240|S112|S029|S187
IT07431,TopicToken_07431 ProcessToken_040 PatternToken_100,Category_J,S104|S222
IT07432,TopicToken_07432 ProcessToken_128 PatternToken_029,Category_B,S061|S177
IT07433,TopicToken_07433 ProcessToken_079 PatternToken_001,Category_T,S120|S073|S051|S152
IT07434,TopicToken_07434 ProcessToken_035 PatternToken_095,Category_D,S098|S060|S112|S088|S176
IT07435,TopicToken_07435 ProcessToken_066 PatternToken_064,Category_O,S039|S098|S062
IT07436,TopicToken_07436 ProcessToken_051 PatternToken_030,Category_F,S195|S236|S112|S177|S094
IT07437,TopicToken_07437 ProcessToken_151 PatternToken_006,Category_S,S065|S215|S084|S114|S165
IT07438,TopicToken_07438 ProcessToken_161 PatternToken_100,Category_C,S174|S187|S142|S201
IT07439,TopicToken_07439 ProcessToken_065 PatternToken_090,Category_B,S128|S084|S111|S195|S159
IT07440,TopicToken_07440 ProcessToken_183 PatternToken_061,Category_E,S137|S006
IT07441,TopicToken_07441 ProcessToken_035 PatternToken_005,Category_F,S082|S063|S059|S137
IT07442,TopicToken_07442 ProcessToken_170 PatternToken_051,Category_B,S211|S065|S014|S210
IT07443,TopicToken_07443 ProcessToken_078 PatternToken_013,Category_K,S204|S085|S080|S226|S183
IT07444,TopicToken_07444 ProcessToken_120 PatternToken_073,Category_J,S180|S055|S007|S005
IT07445,TopicToken_07445 ProcessToken_081 PatternToken_031,Category_P,S088|S232|S152|S065
IT07446,TopicToken_07446 ProcessToken_044 PatternToken_026,Category_L,S031|S177
IT07447,TopicToken_07447 ProcessToken_150 PatternToken_015,Category_C,S018|S088
IT07448,TopicToken_07448 ProcessToken_078 PatternToken_033,Category_G,S013|S239|S030|S033|S040
IT07449,TopicToken_07449 ProcessToken_137 PatternToken_042,Category_R,S021|S213|S156|S084
IT07450,TopicToken_07450 ProcessToken_086 PatternToken_048,Category_A,S217|S132
IT07451,TopicToken_07451 ProcessToken_102 PatternToken_051,Category_J,S054|S151|S102|S188
IT07452,TopicToken_07452 ProcessToken_160 PatternToken_043,Category_O,S031|S072|S067|S107
IT07453,TopicToken_07453 ProcessToken_077 PatternToken_100,Category_A,S169|S088|S146
IT07454,TopicToken_07454 ProcessToken_119 PatternToken_055,Category_F,S158|S119|S105|S154|S180
IT07455,TopicToken_07455 ProcessToken_199 PatternToken_054,Category_L,S094|S002|S118|S067
IT07456,TopicToken_07456 ProcessToken_148 PatternToken_060,Category_K,S171|S233|S008|S200
IT07457,TopicToken_07457 ProcessToken_124 PatternToken_026,Category_B,S157|S139|S051|S011|S130
IT07458,TopicToken_07458 ProcessToken_026 PatternToken_061,Category_T,S084|S202|S125|S052|S019
IT07459,TopicToken_07459 ProcessToken_064 PatternToken_025,Category_N,S071|S054|S212|S200
IT07460,TopicToken_07460 ProcessToken_058 PatternToken_060,Category_C,S074|S091
IT07461,TopicToken_07461 ProcessToken_044 PatternToken_014,Category_G,S153|S001|S083
IT07462,TopicToken_07462 ProcessToken_064 PatternToken_070,Category_C,S140|S019|S002
IT07463,TopicToken_07463 ProcessToken_111 PatternToken_087,Category_N,S047|S054|S017|S156
IT07464,TopicToken_07464 ProcessToken_068 PatternToken_021,Category_O,S120|S128|S178|S235|S011
IT07465,TopicToken_07465 ProcessToken_114 PatternToken_091,Category_T,S019|S187|S060
IT07466,TopicToken_07466 ProcessToken_135 PatternToken_045,Category_P,S230|S015|S004|S191
IT07467,TopicToken_07467 ProcessToken_032 PatternToken_068,Category_M,S038|S094|S100|S230
IT07468,TopicToken_07468 ProcessToken_051 PatternToken_055,Category_L,S140|S015|S026|S047|S040
IT07469,TopicToken_07469 ProcessToken_046 PatternToken_022,Category_P,S128|S017|S155
IT07470,TopicToken_07470 ProcessToken_167 PatternToken_082,Category_A,S174|S075|S150|S033|S143
IT07471,TopicToken_07471 ProcessToken_079 PatternToken_019,Category_C,S048|S159
IT07472,TopicToken_07472 ProcessToken_128 PatternToken_097,Category_L,S054|S204|S017|S084|S192
IT07473,TopicToken_07473 ProcessToken_152 PatternToken_084,Category_L,S054|S025|S139
IT07474,TopicToken_07474 ProcessToken_183 PatternToken_091,Category_R,S050|S210|S198|S213|S167
IT07475,TopicToken_07475 ProcessToken_021 PatternToken_007,Category_I,S123|S239|S033
IT07476,TopicToken_07476 ProcessToken_093 PatternToken_044,Category_Q,S077|S154
IT07477,TopicToken_07477 ProcessToken_180 PatternToken_036,Category_R,S231|S075|S074|S015
IT07478,TopicToken_07478 ProcessToken_002 PatternToken_060,Category_N,S129|S016
IT07479,TopicToken_07479 ProcessToken_057 PatternToken_066,Category_H,S150|S208|S071|S224|S033
IT07480,TopicToken_07480 ProcessToken_198 PatternToken_008,Category_J,S132|S121|S237|S190
IT07481,TopicToken_07481 ProcessToken_049 PatternToken_076,Category_S,S013|S137|S131|S201|S187
IT07482,TopicToken_07482 ProcessToken_059 PatternToken_063,Category_C,S234|S060|S213
IT07483,TopicToken_07483 ProcessToken_098 PatternToken_055,Category_D,S182|S081|S013
IT07484,TopicToken_07484 ProcessToken_170 PatternToken_077,Category_F,S147|S167|S047
IT07485,TopicToken_07485 ProcessToken_104 PatternToken_074,Category_N,S202|S109|S022|S163
IT07486,TopicToken_07486 ProcessToken_193 PatternToken_066,Category_J,S097|S124
IT07487,TopicToken_07487 ProcessToken_051 PatternToken_017,Category_Q,S052|S111
IT07488,TopicToken_07488 ProcessToken_144 PatternToken_050,Category_I,S196|S225|S094|S155|S025
IT07489,TopicToken_07489 ProcessToken_087 PatternToken_078,Category_L,S175|S204|S015|S079
IT07490,TopicToken_07490 ProcessToken_169 PatternToken_041,Category_R,S175|S211
IT07491,TopicToken_07491 ProcessToken_171 PatternToken_021,Category_H,S107|S036|S034|S001|S192
IT07492,TopicToken_07492 ProcessToken_106 PatternToken_070,Category_S,S118|S166|S014|S071|S182
IT07493,TopicToken_07493 ProcessToken_078 PatternToken_009,Category_O,S129|S098|S148|S047|S222
IT07494,TopicToken_07494 ProcessToken_078 PatternToken_039,Category_H,S193|S239|S197|S089|S188
IT07495,TopicToken_07495 ProcessToken_129 PatternToken_015,Category_J,S175|S067|S031|S130
IT07496,TopicToken_07496 ProcessToken_121 PatternToken_040,Category_N,S149|S101|S139
IT07497,TopicToken_07497 ProcessToken_053 PatternToken_006,Category_O,S107|S182|S158|S040|S234
IT07498,TopicToken_07498 ProcessToken_051 PatternToken_020,Category_Q,S235|S085|S011|S229
IT07499,TopicToken_07499 ProcessToken_150 PatternToken_089,Category_P,S129|S016
IT07500,TopicToken_07500 ProcessToken_042 PatternToken_073,Category_C,S187|S106|S099|S150
IT07501,TopicToken_07501 ProcessToken_200 PatternToken_055,Category_B,S126|S076|S116|S239|S156
IT07502,TopicToken_07502 ProcessToken_064 PatternToken_047,Category_Q,S075|S060|S198|S125
IT07503,TopicToken_07503 ProcessToken_122 PatternToken_054,Category_B,S041|S006|S184|S049
IT07504,TopicToken_07504 ProcessToken_098 PatternToken_099,Category_G,S016|S071
IT07505,TopicToken_07505 ProcessToken_048 PatternToken_093,Category_H,S110|S111|S052
IT07506,TopicToken_07506 ProcessToken_092 PatternToken_084,Category_S,S118|S168|S156|S135
IT07507,TopicToken_07507 ProcessToken_017 PatternToken_074,Category_E,S015|S028
IT07508,TopicToken_07508 ProcessToken_121 PatternToken_069,Category_A,S205|S099|S174|S186
IT07509,TopicToken_07509 ProcessToken_122 PatternToken_093,Category_D,S224|S062
IT07510,TopicToken_07510 ProcessToken_074 PatternToken_067,Category_B,S082|S169|S224
IT07511,TopicToken_07511 ProcessToken_068 PatternToken_069,Category_C,S018|S166
IT07512,TopicToken_07512 ProcessToken_140 PatternToken_036,Category_E,S006|S073|S023|S026
IT07513,TopicToken_07513 ProcessToken_067 PatternToken_047,Category_C,S125|S070
IT07514,TopicToken_07514 ProcessToken_190 PatternToken_016,Category_G,S194|S021
IT07515,TopicToken_07515 ProcessToken_146 PatternToken_097,Category_B,S240|S044|S205|S169
IT07516,TopicToken_07516 ProcessToken_149 PatternToken_076,Category_D,S002|S119|S018
IT07517,TopicToken_07517 ProcessToken_122 PatternToken_087,Category_C,S193|S225
IT07518,TopicToken_07518 ProcessToken_100 PatternToken_055,Category_F,S209|S041|S194|S050
IT07519,TopicToken_07519 ProcessToken_187 PatternToken_057,Category_K,S068|S015|S191
IT07520,TopicToken_07520 ProcessToken_143 PatternToken_017,Category_J,S046|S032
IT07521,TopicToken_07521 ProcessToken_093 PatternToken_081,Category_C,S200|S234|S074|S232
IT07522,TopicToken_07522 ProcessToken_178 PatternToken_054,Category_R,S136|S210|S013|S139
IT07523,TopicToken_07523 ProcessToken_160 PatternToken_024,Category_O,S013|S099|S019
IT07524,TopicToken_07524 ProcessToken_176 PatternToken_045,Category_R,S163|S033
IT07525,TopicToken_07525 ProcessToken_154 PatternToken_048,Category_A,S027|S162
IT07526,TopicToken_07526 ProcessToken_015 PatternToken_080,Category_C,S090|S057|S136
IT07527,TopicToken_07527 ProcessToken_081 PatternToken_063,Category_H,S205|S209|S231|S031
IT07528,TopicToken_07528 ProcessToken_109 PatternToken_059,Category_A,S184|S100|S231
IT07529,TopicToken_07529 ProcessToken_119 PatternToken_001,Category_E,S167|S153
IT07530,TopicToken_07530 ProcessToken_199 PatternToken_061,Category_A,S146|S123|S164
IT07531,TopicToken_07531 ProcessToken_170 PatternToken_054,Category_T,S202|S161
IT07532,TopicToken_07532 ProcessToken_096 PatternToken_051,Category_O,S027|S181|S030
IT07533,TopicToken_07533 ProcessToken_035 PatternToken_011,Category_L,S142|S112|S018
IT07534,TopicToken_07534 ProcessToken_008 PatternToken_005,Category_G,S055|S037|S035|S199|S045
IT07535,TopicToken_07535 ProcessToken_006 PatternToken_050,Category_N,S198|S221
IT07536,TopicToken_07536 ProcessToken_189 PatternToken_002,Category_O,S191|S067|S095|S123
IT07537,TopicToken_07537 ProcessToken_199 PatternToken_098,Category_B,S174|S114
IT07538,TopicToken_07538 ProcessToken_080 PatternToken_065,Category_H,S055|S214|S178|S064
IT07539,TopicToken_07539 ProcessToken_118 PatternToken_097,Category_G,S044|S054|S129|S118
IT07540,TopicToken_07540 ProcessToken_049 PatternToken_054,Category_H,S144|S193|S041
IT07541,TopicToken_07541 ProcessToken_157 PatternToken_046,Category_G,S070|S092|S238|S072
IT07542,TopicToken_07542 ProcessToken_080 PatternToken_037,Category_P,S030|S230|S205|S018
IT07543,TopicToken_07543 ProcessToken_079 PatternToken_059,Category_F,S142|S132|S148|S136
IT07544,TopicToken_07544 ProcessToken_137 PatternToken_031,Category_K,S054|S115
IT07545,TopicToken_07545 ProcessToken_014 PatternToken_061,Category_F,S134|S186|S033|S230|S206
IT07546,TopicToken_07546 ProcessToken_134 PatternToken_070,Category_O,S150|S010|S239|S183|S198
IT07547,TopicToken_07547 ProcessToken_166 PatternToken_057,Category_G,S176|S070|S049|S078
IT07548,TopicToken_07548 ProcessToken_167 PatternToken_036,Category_E,S067|S212|S225|S057
IT07549,TopicToken_07549 ProcessToken_020 PatternToken_053,Category_E,S164|S215|S026|S114
IT07550,TopicToken_07550 ProcessToken_091 PatternToken_073,Category_E,S011|S013|S238|S160
IT07551,TopicToken_07551 ProcessToken_035 PatternToken_014,Category_P,S238|S170|S031
IT07552,TopicToken_07552 ProcessToken_127 PatternToken_070,Category_Q,S229|S009|S042|S061
IT07553,TopicToken_07553 ProcessToken_037 PatternToken_035,Category_T,S199|S049|S066
IT07554,TopicToken_07554 ProcessToken_006 PatternToken_031,Category_I,S093|S012|S117|S189|S064
IT07555,TopicToken_07555 ProcessToken_126 PatternToken_098,Category_H,S089|S124|S164|S146|S038
IT07556,TopicToken_07556 ProcessToken_186 PatternToken_002,Category_R,S202|S003|S053
IT07557,TopicToken_07557 ProcessToken_009 PatternToken_036,Category_F,S105|S149|S119|S057
IT07558,TopicToken_07558 ProcessToken_085 PatternToken_090,Category_C,S074|S129|S213|S138
IT07559,TopicToken_07559 ProcessToken_159 PatternToken_053,Category_K,S089|S026|S135
IT07560,TopicToken_07560 ProcessToken_098 PatternToken_045,Category_N,S221|S012|S216
IT07561,TopicToken_07561 ProcessToken_115 PatternToken_088,Category_L,S103|S230|S159|S186
IT07562,TopicToken_07562 ProcessToken_046 PatternToken_019,Category_A,S237|S140
IT07563,TopicToken_07563 ProcessToken_116 PatternToken_081,Category_H,S131|S047
IT07564,TopicToken_07564 ProcessToken_045 PatternToken_075,Category_B,S115|S057|S088|S185
IT07565,TopicToken_07565 ProcessToken_128 PatternToken_011,Category_K,S063|S033|S105
IT07566,TopicToken_07566 ProcessToken_114 PatternToken_036,Category_I,S210|S163|S117|S076
IT07567,TopicToken_07567 ProcessToken_070 PatternToken_050,Category_A,S140|S099
IT07568,TopicToken_07568 ProcessToken_081 PatternToken_030,Category_T,S082|S025|S210|S231|S228
IT07569,TopicToken_07569 ProcessToken_116 PatternToken_043,Category_O,S093|S022|S067|S112|S061
IT07570,TopicToken_07570 ProcessToken_035 PatternToken_006,Category_E,S017|S080|S210|S121|S004
IT07571,TopicToken_07571 ProcessToken_171 PatternToken_010,Category_E,S147|S080|S234|S152
IT07572,TopicToken_07572 ProcessToken_100 PatternToken_067,Category_F,S133|S204|S017
IT07573,TopicToken_07573 ProcessToken_167 PatternToken_023,Category_O,S007|S006|S074|S149
IT07574,TopicToken_07574 ProcessToken_115 PatternToken_024,Category_E,S238|S213
IT07575,TopicToken_07575 ProcessToken_197 PatternToken_054,Category_D,S139|S014
IT07576,TopicToken_07576 ProcessToken_130 PatternToken_017,Category_G,S086|S087
IT07577,TopicToken_07577 ProcessToken_043 PatternToken_084,Category_O,S094|S070
IT07578,TopicToken_07578 ProcessToken_145 PatternToken_006,Category_J,S038|S170|S019|S071
IT07579,TopicToken_07579 ProcessToken_145 PatternToken_046,Category_G,S065|S009
IT07580,TopicToken_07580 ProcessToken_161 PatternToken_050,Category_T,S031|S039|S006|S156|S048
IT07581,TopicToken_07581 ProcessToken_140 PatternToken_053,Category_N,S039|S168
IT07582,TopicToken_07582 ProcessToken_186 PatternToken_022,Category_I,S049|S202|S209|S193|S051
IT07583,TopicToken_07583 ProcessToken_138 PatternToken_052,Category_P,S091|S141|S069
IT07584,TopicToken_07584 ProcessToken_145 PatternToken_069,Category_H,S018|S137
IT07585,TopicToken_07585 ProcessToken_158 PatternToken_012,Category_C,S213|S117|S097|S070|S184
IT07586,TopicToken_07586 ProcessToken_110 PatternToken_094,Category_L,S166|S131|S172
IT07587,TopicToken_07587 ProcessToken_177 PatternToken_084,Category_O,S109|S194
IT07588,TopicToken_07588 ProcessToken_047 PatternToken_040,Category_Q,S165|S230|S174|S091
IT07589,TopicToken_07589 ProcessToken_123 PatternToken_047,Category_J,S120|S077|S198
IT07590,TopicToken_07590 ProcessToken_082 PatternToken_088,Category_L,S049|S081|S132|S028
IT07591,TopicToken_07591 ProcessToken_137 PatternToken_073,Category_B,S088|S081
IT07592,TopicToken_07592 ProcessToken_044 PatternToken_021,Category_E,S185|S181|S053|S158
IT07593,TopicToken_07593 ProcessToken_187 PatternToken_057,Category_K,S156|S103|S015|S037
IT07594,TopicToken_07594 ProcessToken_018 PatternToken_016,Category_L,S023|S057|S166|S066
IT07595,TopicToken_07595 ProcessToken_155 PatternToken_014,Category_F,S236|S187|S137|S180|S203
IT07596,TopicToken_07596 ProcessToken_088 PatternToken_029,Category_C,S218|S107|S097|S186|S063
IT07597,TopicToken_07597 ProcessToken_150 PatternToken_100,Category_B,S026|S080|S204|S122|S102
IT07598,TopicToken_07598 ProcessToken_170 PatternToken_062,Category_K,S020|S151
IT07599,TopicToken_07599 ProcessToken_128 PatternToken_010,Category_L,S240|S085|S049
IT07600,TopicToken_07600 ProcessToken_074 PatternToken_084,Category_A,S088|S016|S212|S213|S181
IT07601,TopicToken_07601 ProcessToken_153 PatternToken_046,Category_Q,S223|S097
IT07602,TopicToken_07602 ProcessToken_197 PatternToken_067,Category_F,S001|S150
IT07603,TopicToken_07603 ProcessToken_076 PatternToken_080,Category_C,S207|S040|S172
IT07604,TopicToken_07604 ProcessToken_168 PatternToken_010,Category_A,S182|S110|S229|S124
IT07605,TopicToken_07605 ProcessToken_140 PatternToken_001,Category_Q,S211|S041|S037|S201
IT07606,TopicToken_07606 ProcessToken_035 PatternToken_032,Category_Q,S032|S027
IT07607,TopicToken_07607 ProcessToken_001 PatternToken_093,Category_G,S238|S214|S078|S192
IT07608,TopicToken_07608 ProcessToken_050 PatternToken_067,Category_F,S106|S126|S026|S214
IT07609,TopicToken_07609 ProcessToken_029 PatternToken_091,Category_M,S010|S073|S167|S193
IT07610,TopicToken_07610 ProcessToken_053 PatternToken_042,Category_B,S101|S089|S031|S116|S019
IT07611,TopicToken_07611 ProcessToken_014 PatternToken_031,Category_P,S018|S100|S016|S154
IT07612,TopicToken_07612 ProcessToken_199 PatternToken_051,Category_R,S145|S059|S122
IT07613,TopicToken_07613 ProcessToken_011 PatternToken_049,Category_I,S212|S013|S235
IT07614,TopicToken_07614 ProcessToken_068 PatternToken_029,Category_F,S075|S102|S101|S178|S193
IT07615,TopicToken_07615 ProcessToken_136 PatternToken_026,Category_Q,S162|S017|S156
IT07616,TopicToken_07616 ProcessToken_148 PatternToken_025,Category_G,S133|S167|S049
IT07617,TopicToken_07617 ProcessToken_143 PatternToken_008,Category_C,S019|S221|S196|S023|S057
IT07618,TopicToken_07618 ProcessToken_056 PatternToken_084,Category_T,S031|S157|S053|S074|S059
IT07619,TopicToken_07619 ProcessToken_068 PatternToken_094,Category_H,S204|S026
IT07620,TopicToken_07620 ProcessToken_059 PatternToken_001,Category_M,S100|S185|S043|S219
IT07621,TopicToken_07621 ProcessToken_136 PatternToken_069,Category_D,S020|S187|S055|S038|S027
IT07622,TopicToken_07622 ProcessToken_068 PatternToken_079,Category_O,S047|S075|S180
IT07623,TopicToken_07623 ProcessToken_114 PatternToken_066,Category_A,S049|S003|S035
IT07624,TopicToken_07624 ProcessToken_156 PatternToken_008,Category_Q,S024|S134|S008|S012
IT07625,TopicToken_07625 ProcessToken_006 PatternToken_022,Category_T,S237|S119|S222
IT07626,TopicToken_07626 ProcessToken_116 PatternToken_001,Category_J,S186|S063|S205
IT07627,TopicToken_07627 ProcessToken_068 PatternToken_049,Category_M,S055|S238|S139|S062|S017
IT07628,TopicToken_07628 ProcessToken_056 PatternToken_055,Category_T,S127|S177|S090|S199
IT07629,TopicToken_07629 ProcessToken_154 PatternToken_047,Category_K,S001|S089
IT07630,TopicToken_07630 ProcessToken_088 PatternToken_017,Category_K,S016|S097
IT07631,TopicToken_07631 ProcessToken_154 PatternToken_011,Category_C,S078|S039|S090
IT07632,TopicToken_07632 ProcessToken_126 PatternToken_081,Category_I,S042|S107|S151|S212
IT07633,TopicToken_07633 ProcessToken_116 PatternToken_022,Category_E,S015|S219|S122|S229|S167
IT07634,TopicToken_07634 ProcessToken_154 PatternToken_069,Category_I,S025|S006|S114
IT07635,TopicToken_07635 ProcessToken_029 PatternToken_075,Category_R,S183|S219|S216|S218|S123
IT07636,TopicToken_07636 ProcessToken_190 PatternToken_093,Category_H,S062|S219
IT07637,TopicToken_07637 ProcessToken_129 PatternToken_054,Category_F,S218|S096
IT07638,TopicToken_07638 ProcessToken_040 PatternToken_054,Category_C,S220|S094|S110
IT07639,TopicToken_07639 ProcessToken_166 PatternToken_032,Category_N,S072|S195|S009|S059
IT07640,TopicToken_07640 ProcessToken_045 PatternToken_058,Category_Q,S121|S041|S062
IT07641,TopicToken_07641 ProcessToken_040 PatternToken_095,Category_D,S015|S105
IT07642,TopicToken_07642 ProcessToken_162 PatternToken_030,Category_R,S234|S146|S063|S061
IT07643,TopicToken_07643 ProcessToken_151 PatternToken_059,Category_F,S179|S204|S124
IT07644,TopicToken_07644 ProcessToken_087 PatternToken_003,Category_D,S225|S004|S136
IT07645,TopicToken_07645 ProcessToken_058 PatternToken_017,Category_H,S195|S113|S218
IT07646,TopicToken_07646 ProcessToken_123 PatternToken_017,Category_T,S148|S177|S039|S216
IT07647,TopicToken_07647 ProcessToken_054 PatternToken_080,Category_Q,S028|S120|S204
IT07648,TopicToken_07648 ProcessToken_184 PatternToken_059,Category_Q,S072|S188|S067|S217|S060
IT07649,TopicToken_07649 ProcessToken_184 PatternToken_048,Category_A,S156|S219
IT07650,TopicToken_07650 ProcessToken_194 PatternToken_063,Category_T,S110|S106|S008|S054
IT07651,TopicToken_07651 ProcessToken_164 PatternToken_061,Category_D,S236|S231|S085|S189|S096
IT07652,TopicToken_07652 ProcessToken_048 PatternToken_079,Category_J,S001|S087|S160|S226|S036
IT07653,TopicToken_07653 ProcessToken_094 PatternToken_023,Category_T,S004|S154
IT07654,TopicToken_07654 ProcessToken_139 PatternToken_035,Category_R,S057|S118|S202|S139
IT07655,TopicToken_07655 ProcessToken_199 PatternToken_018,Category_T,S111|S207|S075
IT07656,TopicToken_07656 ProcessToken_125 PatternToken_049,Category_E,S215|S191
IT07657,TopicToken_07657 ProcessToken_103 PatternToken_074,Category_R,S162|S032|S091
IT07658,TopicToken_07658 ProcessToken_084 PatternToken_067,Category_J,S136|S025|S153
IT07659,TopicToken_07659 ProcessToken_064 PatternToken_023,Category_G,S113|S109|S137|S140|S225
IT07660,TopicToken_07660 ProcessToken_013 PatternToken_083,Category_L,S108|S123|S223|S100|S192
IT07661,TopicToken_07661 ProcessToken_133 PatternToken_087,Category_G,S003|S001|S209
IT07662,TopicToken_07662 ProcessToken_032 PatternToken_021,Category_M,S153|S187|S142
IT07663,TopicToken_07663 ProcessToken_045 PatternToken_090,Category_A,S052|S208|S176|S124|S057
IT07664,TopicToken_07664 ProcessToken_040 PatternToken_090,Category_O,S018|S159|S016|S165
IT07665,TopicToken_07665 ProcessToken_200 PatternToken_080,Category_D,S125|S042|S155
IT07666,TopicToken_07666 ProcessToken_164 PatternToken_099,Category_J,S046|S166
IT07667,TopicToken_07667 ProcessToken_051 PatternToken_070,Category_G,S036|S111
IT07668,TopicToken_07668 ProcessToken_041 PatternToken_037,Category_I,S099|S229|S217|S023|S231
IT07669,TopicToken_07669 ProcessToken_077 PatternToken_023,Category_A,S213|S089|S102|S067
IT07670,TopicToken_07670 ProcessToken_165 PatternToken_015,Category_C,S149|S197|S016|S232
IT07671,TopicToken_07671 ProcessToken_017 PatternToken_017,Category_K,S015|S200
IT07672,TopicToken_07672 ProcessToken_051 PatternToken_072,Category_K,S157|S064
IT07673,TopicToken_07673 ProcessToken_057 PatternToken_093,Category_M,S025|S019|S011
IT07674,TopicToken_07674 ProcessToken_064 PatternToken_012,Category_K,S192|S196|S063|S229|S095
IT07675,TopicToken_07675 ProcessToken_030 PatternToken_089,Category_M,S162|S104|S001|S191
IT07676,TopicToken_07676 ProcessToken_023 PatternToken_035,Category_C,S077|S136|S177
IT07677,TopicToken_07677 ProcessToken_023 PatternToken_098,Category_P,S216|S135|S102|S028|S162
IT07678,TopicToken_07678 ProcessToken_032 PatternToken_033,Category_S,S091|S030|S202
IT07679,TopicToken_07679 ProcessToken_194 PatternToken_080,Category_N,S096|S129|S164
IT07680,TopicToken_07680 ProcessToken_133 PatternToken_069,Category_J,S147|S041
IT07681,TopicToken_07681 ProcessToken_088 PatternToken_099,Category_P,S145|S037|S201
IT07682,TopicToken_07682 ProcessToken_157 PatternToken_056,Category_F,S236|S213
IT07683,TopicToken_07683 ProcessToken_024 PatternToken_025,Category_N,S067|S025
IT07684,TopicToken_07684 ProcessToken_113 PatternToken_089,Category_G,S195|S239|S070|S166|S045
IT07685,TopicToken_07685 ProcessToken_108 PatternToken_076,Category_M,S095|S110|S174
IT07686,TopicToken_07686 ProcessToken_017 PatternToken_014,Category_I,S047|S082|S173
IT07687,TopicToken_07687 ProcessToken_165 PatternToken_037,Category_B,S236|S149|S039|S065
IT07688,TopicToken_07688 ProcessToken_041 PatternToken_029,Category_I,S185|S216|S049|S017|S121
IT07689,TopicToken_07689 ProcessToken_018 PatternToken_046,Category_H,S159|S113|S127|S143
IT07690,TopicToken_07690 ProcessToken_100 PatternToken_032,Category_F,S160|S062
IT07691,TopicToken_07691 ProcessToken_030 PatternToken_082,Category_H,S084|S204
IT07692,TopicToken_07692 ProcessToken_071 PatternToken_097,Category_J,S179|S239|S061|S142
IT07693,TopicToken_07693 ProcessToken_101 PatternToken_078,Category_H,S029|S160|S119|S023
IT07694,TopicToken_07694 ProcessToken_180 PatternToken_050,Category_T,S030|S192|S202|S159
IT07695,TopicToken_07695 ProcessToken_151 PatternToken_097,Category_B,S186|S070|S051
IT07696,TopicToken_07696 ProcessToken_155 PatternToken_010,Category_M,S119|S161
IT07697,TopicToken_07697 ProcessToken_007 PatternToken_007,Category_M,S098|S067|S168|S180
IT07698,TopicToken_07698 ProcessToken_030 PatternToken_100,Category_N,S122|S010
IT07699,TopicToken_07699 ProcessToken_062 PatternToken_002,Category_Q,S226|S224|S002
IT07700,TopicToken_07700 ProcessToken_013 PatternToken_062,Category_Q,S144|S156
IT07701,TopicToken_07701 ProcessToken_096 PatternToken_049,Category_Q,S064|S100
IT07702,TopicToken_07702 ProcessToken_163 PatternToken_091,Category_D,S054|S038|S102
IT07703,TopicToken_07703 ProcessToken_198 PatternToken_077,Category_G,S056|S079
IT07704,TopicToken_07704 ProcessToken_034 PatternToken_089,Category_G,S108|S230
IT07705,TopicToken_07705 ProcessToken_117 PatternToken_055,Category_D,S209|S056|S095|S180
IT07706,TopicToken_07706 ProcessToken_072 PatternToken_013,Category_J,S046|S024|S027|S052|S043
IT07707,TopicToken_07707 ProcessToken_035 PatternToken_011,Category_K,S222|S181|S131
IT07708,TopicToken_07708 ProcessToken_135 PatternToken_076,Category_B,S080|S141|S098|S182|S089
IT07709,TopicToken_07709 ProcessToken_090 PatternToken_052,Category_F,S063|S206|S172
IT07710,TopicToken_07710 ProcessToken_185 PatternToken_095,Category_R,S229|S023|S235|S167|S019
IT07711,TopicToken_07711 ProcessToken_092 PatternToken_050,Category_T,S011|S141|S225|S001
IT07712,TopicToken_07712 ProcessToken_042 PatternToken_051,Category_E,S162|S159|S062
IT07713,TopicToken_07713 ProcessToken_169 PatternToken_011,Category_A,S031|S041|S013
IT07714,TopicToken_07714 ProcessToken_006 PatternToken_003,Category_F,S139|S012|S062
IT07715,TopicToken_07715 ProcessToken_124 PatternToken_075,Category_M,S162|S114|S072|S142
IT07716,TopicToken_07716 ProcessToken_110 PatternToken_005,Category_T,S154|S070|S240
IT07717,TopicToken_07717 ProcessToken_022 PatternToken_075,Category_S,S083|S177|S138
IT07718,TopicToken_07718 ProcessToken_182 PatternToken_017,Category_G,S237|S056|S137|S171
IT07719,TopicToken_07719 ProcessToken_173 PatternToken_094,Category_C,S176|S237
IT07720,TopicToken_07720 ProcessToken_088 PatternToken_094,Category_G,S054|S053|S109|S229
IT07721,TopicToken_07721 ProcessToken_028 PatternToken_050,Category_K,S239|S200|S046
IT07722,TopicToken_07722 ProcessToken_059 PatternToken_014,Category_P,S205|S034|S090|S052|S215
IT07723,TopicToken_07723 ProcessToken_105 PatternToken_097,Category_Q,S175|S205|S235
IT07724,TopicToken_07724 ProcessToken_059 PatternToken_020,Category_C,S165|S042|S040|S166
IT07725,TopicToken_07725 ProcessToken_195 PatternToken_018,Category_A,S056|S235|S083
IT07726,TopicToken_07726 ProcessToken_142 PatternToken_073,Category_M,S119|S013|S044|S170
IT07727,TopicToken_07727 ProcessToken_156 PatternToken_028,Category_A,S212|S232|S159
IT07728,TopicToken_07728 ProcessToken_040 PatternToken_055,Category_E,S087|S036|S095
IT07729,TopicToken_07729 ProcessToken_063 PatternToken_077,Category_N,S049|S082|S134|S030
IT07730,TopicToken_07730 ProcessToken_088 PatternToken_095,Category_H,S049|S113|S029|S125
IT07731,TopicToken_07731 ProcessToken_189 PatternToken_066,Category_S,S094|S117
IT07732,TopicToken_07732 ProcessToken_173 PatternToken_023,Category_E,S233|S097|S045|S216
IT07733,TopicToken_07733 ProcessToken_033 PatternToken_054,Category_C,S210|S162|S080|S088
IT07734,TopicToken_07734 ProcessToken_136 PatternToken_041,Category_R,S055|S178|S181|S162
IT07735,TopicToken_07735 ProcessToken_125 PatternToken_095,Category_Q,S231|S115
IT07736,TopicToken_07736 ProcessToken_157 PatternToken_090,Category_N,S065|S153
IT07737,TopicToken_07737 ProcessToken_160 PatternToken_090,Category_S,S059|S233
IT07738,TopicToken_07738 ProcessToken_072 PatternToken_064,Category_T,S196|S133
IT07739,TopicToken_07739 ProcessToken_158 PatternToken_093,Category_R,S194|S230|S132|S106
IT07740,TopicToken_07740 ProcessToken_039 PatternToken_050,Category_H,S031|S156|S168
IT07741,TopicToken_07741 ProcessToken_168 PatternToken_073,Category_D,S045|S047|S118|S170|S214
IT07742,TopicToken_07742 ProcessToken_025 PatternToken_097,Category_G,S167|S216|S148
IT07743,TopicToken_07743 ProcessToken_056 PatternToken_021,Category_A,S197|S160|S113|S095
IT07744,TopicToken_07744 ProcessToken_200 PatternToken_012,Category_A,S237|S209|S001|S053|S171
IT07745,TopicToken_07745 ProcessToken_063 PatternToken_039,Category_G,S057|S171
IT07746,TopicToken_07746 ProcessToken_089 PatternToken_075,Category_N,S096|S227|S173|S239|S143
IT07747,TopicToken_07747 ProcessToken_113 PatternToken_073,Category_P,S130|S156|S148
IT07748,TopicToken_07748 ProcessToken_126 PatternToken_005,Category_F,S081|S045|S008|S002
IT07749,TopicToken_07749 ProcessToken_188 PatternToken_015,Category_A,S140|S114|S123|S130
IT07750,TopicToken_07750 ProcessToken_054 PatternToken_072,Category_N,S094|S142
IT07751,TopicToken_07751 ProcessToken_034 PatternToken_041,Category_T,S204|S009
IT07752,TopicToken_07752 ProcessToken_176 PatternToken_096,Category_F,S174|S051|S011
IT07753,TopicToken_07753 ProcessToken_117 PatternToken_042,Category_N,S233|S223|S197|S215
IT07754,TopicToken_07754 ProcessToken_127 PatternToken_030,Category_K,S204|S036|S107
IT07755,TopicToken_07755 ProcessToken_038 PatternToken_092,Category_L,S098|S066
IT07756,TopicToken_07756 ProcessToken_142 PatternToken_100,Category_B,S207|S232|S201|S223|S149
IT07757,TopicToken_07757 ProcessToken_061 PatternToken_004,Category_S,S039|S159|S011|S133
IT07758,TopicToken_07758 ProcessToken_178 PatternToken_039,Category_O,S084|S211|S171|S043
IT07759,TopicToken_07759 ProcessToken_020 PatternToken_096,Category_D,S197|S093|S104
IT07760,TopicToken_07760 ProcessToken_056 PatternToken_070,Category_H,S109|S087|S188|S010|S033
IT07761,TopicToken_07761 ProcessToken_169 PatternToken_007,Category_N,S201|S237|S013|S203
IT07762,TopicToken_07762 ProcessToken_128 PatternToken_060,Category_L,S232|S101|S109
IT07763,TopicToken_07763 ProcessToken_009 PatternToken_061,Category_J,S240|S111|S217|S218|S230
IT07764,TopicToken_07764 ProcessToken_097 PatternToken_050,Category_A,S095|S194|S149|S156
IT07765,TopicToken_07765 ProcessToken_127 PatternToken_065,Category_Q,S070|S036|S209|S137
IT07766,TopicToken_07766 ProcessToken_048 PatternToken_098,Category_K,S211|S126|S109|S124
IT07767,TopicToken_07767 ProcessToken_112 PatternToken_100,Category_R,S050|S049
IT07768,TopicToken_07768 ProcessToken_166 PatternToken_021,Category_C,S143|S173
IT07769,TopicToken_07769 ProcessToken_029 PatternToken_052,Category_E,S018|S095
IT07770,TopicToken_07770 ProcessToken_115 PatternToken_084,Category_B,S010|S175|S004
IT07771,TopicToken_07771 ProcessToken_140 PatternToken_078,Category_M,S078|S102|S217|S160
IT07772,TopicToken_07772 ProcessToken_035 PatternToken_097,Category_L,S013|S107|S054|S232|S022
IT07773,TopicToken_07773 ProcessToken_126 PatternToken_004,Category_M,S120|S102|S216|S104|S022
IT07774,TopicToken_07774 ProcessToken_139 PatternToken_076,Category_H,S047|S239|S142|S098
IT07775,TopicToken_07775 ProcessToken_073 PatternToken_071,Category_L,S221|S190
IT07776,TopicToken_07776 ProcessToken_130 PatternToken_093,Category_J,S040|S223|S081|S240
IT07777,TopicToken_07777 ProcessToken_125 PatternToken_046,Category_D,S143|S102|S121|S022
IT07778,TopicToken_07778 ProcessToken_125 PatternToken_037,Category_K,S014|S063|S132
IT07779,TopicToken_07779 ProcessToken_081 PatternToken_015,Category_D,S021|S239
IT07780,TopicToken_07780 ProcessToken_026 PatternToken_004,Category_P,S135|S175
IT07781,TopicToken_07781 ProcessToken_200 PatternToken_076,Category_O,S183|S193|S094
IT07782,TopicToken_07782 ProcessToken_004 PatternToken_018,Category_P,S040|S051|S114|S161|S100
IT07783,TopicToken_07783 ProcessToken_095 PatternToken_082,Category_S,S008|S152|S104
IT07784,TopicToken_07784 ProcessToken_128 PatternToken_082,Category_G,S198|S136|S164
IT07785,TopicToken_07785 ProcessToken_088 PatternToken_067,Category_G,S153|S079
IT07786,TopicToken_07786 ProcessToken_110 PatternToken_068,Category_E,S099|S095|S218|S222|S011
IT07787,TopicToken_07787 ProcessToken_010 PatternToken_036,Category_M,S004|S117|S219|S179|S131
IT07788,TopicToken_07788 ProcessToken_071 PatternToken_019,Category_G,S098|S073|S058
IT07789,TopicToken_07789 ProcessToken_013 PatternToken_020,Category_S,S127|S207|S016|S007|S080
IT07790,TopicToken_07790 ProcessToken_114 PatternToken_084,Category_H,S104|S055|S234
IT07791,TopicToken_07791 ProcessToken_110 PatternToken_069,Category_A,S075|S169
IT07792,TopicToken_07792 ProcessToken_004 PatternToken_090,Category_A,S209|S097
IT07793,TopicToken_07793 ProcessToken_143 PatternToken_057,Category_O,S106|S205
IT07794,TopicToken_07794 ProcessToken_187 PatternToken_056,Category_A,S115|S029|S019|S097|S049
IT07795,TopicToken_07795 ProcessToken_079 PatternToken_022,Category_L,S070|S235|S081
IT07796,TopicToken_07796 ProcessToken_189 PatternToken_044,Category_D,S233|S127|S031
IT07797,TopicToken_07797 ProcessToken_014 PatternToken_084,Category_N,S070|S122|S224
IT07798,TopicToken_07798 ProcessToken_129 PatternToken_005,Category_E,S054|S145|S238|S148|S107
IT07799,TopicToken_07799 ProcessToken_040 PatternToken_020,Category_B,S227|S179|S016|S032|S167
IT07800,TopicToken_07800 ProcessToken_189 PatternToken_083,Category_S,S181|S217|S049|S233|S058
IT07801,TopicToken_07801 ProcessToken_112 PatternToken_043,Category_O,S199|S124|S224|S078
IT07802,TopicToken_07802 ProcessToken_035 PatternToken_078,Category_K,S096|S215
IT07803,TopicToken_07803 ProcessToken_078 PatternToken_009,Category_D,S093|S216|S064
IT07804,TopicToken_07804 ProcessToken_168 PatternToken_085,Category_C,S168|S167|S160
IT07805,TopicToken_07805 ProcessToken_086 PatternToken_063,Category_I,S021|S140|S202|S065
IT07806,TopicToken_07806 ProcessToken_103 PatternToken_053,Category_R,S139|S145|S075|S045
IT07807,TopicToken_07807 ProcessToken_070 PatternToken_095,Category_R,S131|S022|S011|S091|S033
IT07808,TopicToken_07808 ProcessToken_052 PatternToken_064,Category_C,S034|S051|S084|S172|S167
IT07809,TopicToken_07809 ProcessToken_037 PatternToken_028,Category_C,S166|S046|S211|S034
IT07810,TopicToken_07810 ProcessToken_105 PatternToken_031,Category_B,S215|S196|S057
IT07811,TopicToken_07811 ProcessToken_001 PatternToken_092,Category_R,S036|S237
IT07812,TopicToken_07812 ProcessToken_094 PatternToken_084,Category_J,S153|S008|S071|S011|S164
IT07813,TopicToken_07813 ProcessToken_027 PatternToken_016,Category_E,S184|S007|S211|S131|S117
IT07814,TopicToken_07814 ProcessToken_012 PatternToken_059,Category_A,S218|S201
IT07815,TopicToken_07815 ProcessToken_069 PatternToken_046,Category_C,S126|S092|S108
IT07816,TopicToken_07816 ProcessToken_070 PatternToken_097,Category_G,S061|S151|S013|S194|S235
IT07817,TopicToken_07817 ProcessToken_156 PatternToken_069,Category_T,S059|S127|S113|S222|S064
IT07818,TopicToken_07818 ProcessToken_022 PatternToken_076,Category_E,S142|S122|S227|S208
IT07819,TopicToken_07819 ProcessToken_087 PatternToken_029,Category_G,S187|S176|S183
IT07820,TopicToken_07820 ProcessToken_002 PatternToken_053,Category_I,S226|S025|S019|S181|S153
IT07821,TopicToken_07821 ProcessToken_071 PatternToken_041,Category_D,S160|S190
IT07822,TopicToken_07822 ProcessToken_028 PatternToken_050,Category_M,S007|S053|S119|S018|S090
IT07823,TopicToken_07823 ProcessToken_033 PatternToken_036,Category_R,S046|S149
IT07824,TopicToken_07824 ProcessToken_056 PatternToken_021,Category_M,S121|S105|S046|S150|S025
IT07825,TopicToken_07825 ProcessToken_103 PatternToken_098,Category_N,S063|S091|S144|S216
IT07826,TopicToken_07826 ProcessToken_081 PatternToken_051,Category_H,S095|S040|S052|S168
IT07827,TopicToken_07827 ProcessToken_151 PatternToken_003,Category_J,S172|S222
IT07828,TopicToken_07828 ProcessToken_180 PatternToken_013,Category_S,S177|S162|S041|S018
IT07829,TopicToken_07829 ProcessToken_069 PatternToken_035,Category_O,S096|S153|S185
IT07830,TopicToken_07830 ProcessToken_064 PatternToken_041,Category_F,S217|S228|S118|S133|S106
IT07831,TopicToken_07831 ProcessToken_053 PatternToken_056,Category_H,S071|S092|S025
IT07832,TopicToken_07832 ProcessToken_010 PatternToken_033,Category_H,S111|S182|S054
IT07833,TopicToken_07833 ProcessToken_191 PatternToken_042,Category_S,S208|S143|S004|S036|S135
IT07834,TopicToken_07834 ProcessToken_004 PatternToken_081,Category_R,S175|S031|S046|S126|S236
IT07835,TopicToken_07835 ProcessToken_024 PatternToken_035,Category_K,S099|S021|S084
IT07836,TopicToken_07836 ProcessToken_091 PatternToken_045,Category_O,S207|S170|S076|S089
IT07837,TopicToken_07837 ProcessToken_058 PatternToken_026,Category_K,S098|S027|S137
IT07838,TopicToken_07838 ProcessToken_119 PatternToken_084,Category_Q,S051|S016
IT07839,TopicToken_07839 ProcessToken_024 PatternToken_083,Category_A,S204|S224
IT07840,TopicToken_07840 ProcessToken_083 PatternToken_097,Category_K,S116|S069
IT07841,TopicToken_07841 ProcessToken_053 PatternToken_077,Category_K,S081|S168|S096|S080
IT07842,TopicToken_07842 ProcessToken_034 PatternToken_005,Category_F,S014|S217|S123
IT07843,TopicToken_07843 ProcessToken_166 PatternToken_095,Category_O,S213|S232|S163|S204
IT07844,TopicToken_07844 ProcessToken_157 PatternToken_062,Category_E,S012|S218|S056
IT07845,TopicToken_07845 ProcessToken_082 PatternToken_099,Category_K,S056|S114
IT07846,TopicToken_07846 ProcessToken_040 PatternToken_028,Category_K,S240|S172|S157|S053
IT07847,TopicToken_07847 ProcessToken_200 PatternToken_090,Category_A,S168|S219
IT07848,TopicToken_07848 ProcessToken_193 PatternToken_030,Category_O,S088|S110|S003|S071
IT07849,TopicToken_07849 ProcessToken_161 PatternToken_026,Category_A,S092|S224|S026
IT07850,TopicToken_07850 ProcessToken_002 PatternToken_090,Category_L,S127|S061|S112
IT07851,TopicToken_07851 ProcessToken_141 PatternToken_049,Category_R,S190|S205|S182|S002|S080
IT07852,TopicToken_07852 ProcessToken_023 PatternToken_022,Category_L,S149|S171|S230
IT07853,TopicToken_07853 ProcessToken_084 PatternToken_038,Category_I,S087|S151
IT07854,TopicToken_07854 ProcessToken_145 PatternToken_061,Category_H,S174|S186|S087|S125|S151
IT07855,TopicToken_07855 ProcessToken_050 PatternToken_042,Category_P,S120|S065
IT07856,TopicToken_07856 ProcessToken_179 PatternToken_079,Category_G,S220|S110|S225|S188
IT07857,TopicToken_07857 ProcessToken_130 PatternToken_027,Category_C,S021|S128|S229|S171|S177
IT07858,TopicToken_07858 ProcessToken_004 PatternToken_068,Category_A,S225|S182|S121|S174
IT07859,TopicToken_07859 ProcessToken_186 PatternToken_056,Category_L,S054|S027|S131|S049
IT07860,TopicToken_07860 ProcessToken_159 PatternToken_033,Category_R,S058|S080|S077|S112
IT07861,TopicToken_07861 ProcessToken_194 PatternToken_008,Category_J,S139|S168|S180|S125
IT07862,TopicToken_07862 ProcessToken_125 PatternToken_052,Category_K,S152|S204
IT07863,TopicToken_07863 ProcessToken_097 PatternToken_097,Category_T,S143|S041|S205
IT07864,TopicToken_07864 ProcessToken_044 PatternToken_092,Category_Q,S223|S152|S002|S111
IT07865,TopicToken_07865 ProcessToken_035 PatternToken_012,Category_P,S200|S131
IT07866,TopicToken_07866 ProcessToken_096 PatternToken_010,Category_B,S106|S042|S159
IT07867,TopicToken_07867 ProcessToken_023 PatternToken_045,Category_J,S136|S212|S211|S015
IT07868,TopicToken_07868 ProcessToken_111 PatternToken_059,Category_Q,S140|S114|S146|S167
IT07869,TopicToken_07869 ProcessToken_166 PatternToken_043,Category_E,S045|S120|S123
IT07870,TopicToken_07870 ProcessToken_094 PatternToken_035,Category_G,S147|S013|S076
IT07871,TopicToken_07871 ProcessToken_023 PatternToken_012,Category_R,S151|S020
IT07872,TopicToken_07872 ProcessToken_139 PatternToken_073,Category_S,S024|S102|S127|S203|S087
IT07873,TopicToken_07873 ProcessToken_071 PatternToken_013,Category_L,S081|S016
IT07874,TopicToken_07874 ProcessToken_196 PatternToken_057,Category_E,S025|S029|S182
IT07875,TopicToken_07875 ProcessToken_194 PatternToken_041,Category_B,S074|S025
IT07876,TopicToken_07876 ProcessToken_135 PatternToken_044,Category_R,S239|S140|S166
IT07877,TopicToken_07877 ProcessToken_005 PatternToken_060,Category_L,S123|S090|S015|S045|S067
IT07878,TopicToken_07878 ProcessToken_054 PatternToken_069,Category_N,S064|S124|S048
IT07879,TopicToken_07879 ProcessToken_112 PatternToken_021,Category_N,S116|S095|S133|S135
IT07880,TopicToken_07880 ProcessToken_135 PatternToken_019,Category_A,S153|S075|S076
IT07881,TopicToken_07881 ProcessToken_059 PatternToken_095,Category_D,S212|S010
IT07882,TopicToken_07882 ProcessToken_084 PatternToken_081,Category_J,S135|S239|S022
IT07883,TopicToken_07883 ProcessToken_183 PatternToken_061,Category_B,S179|S136|S146|S052|S008
IT07884,TopicToken_07884 ProcessToken_187 PatternToken_013,Category_G,S076|S049
IT07885,TopicToken_07885 ProcessToken_056 PatternToken_072,Category_F,S034|S070|S050|S078
IT07886,TopicToken_07886 ProcessToken_058 PatternToken_100,Category_T,S008|S190|S092
IT07887,TopicToken_07887 ProcessToken_054 PatternToken_004,Category_A,S178|S130|S119|S157
IT07888,TopicToken_07888 ProcessToken_200 PatternToken_087,Category_F,S148|S020|S146|S027|S201
IT07889,TopicToken_07889 ProcessToken_118 PatternToken_050,Category_E,S154|S060|S170|S219|S234
IT07890,TopicToken_07890 ProcessToken_035 PatternToken_052,Category_S,S081|S031
IT07891,TopicToken_07891 ProcessToken_185 PatternToken_048,Category_L,S185|S116
IT07892,TopicToken_07892 ProcessToken_130 PatternToken_082,Category_F,S027|S216
IT07893,TopicToken_07893 ProcessToken_018 PatternToken_026,Category_O,S156|S185|S119|S168
IT07894,TopicToken_07894 ProcessToken_147 PatternToken_053,Category_B,S006|S171
IT07895,TopicToken_07895 ProcessToken_142 PatternToken_061,Category_A,S155|S030|S219
IT07896,TopicToken_07896 ProcessToken_197 PatternToken_096,Category_J,S180|S088|S067|S019|S062
IT07897,TopicToken_07897 ProcessToken_170 PatternToken_076,Category_M,S130|S031|S115|S030|S127
IT07898,TopicToken_07898 ProcessToken_150 PatternToken_083,Category_H,S068|S012
IT07899,TopicToken_07899 ProcessToken_180 PatternToken_013,Category_H,S174|S069|S029|S233|S202
IT07900,TopicToken_07900 ProcessToken_149 PatternToken_045,Category_K,S070|S063|S154
IT07901,TopicToken_07901 ProcessToken_028 PatternToken_061,Category_M,S005|S210|S001
IT07902,TopicToken_07902 ProcessToken_119 PatternToken_018,Category_Q,S165|S041
IT07903,TopicToken_07903 ProcessToken_121 PatternToken_084,Category_O,S059|S075|S041
IT07904,TopicToken_07904 ProcessToken_006 PatternToken_039,Category_A,S240|S140|S002
IT07905,TopicToken_07905 ProcessToken_114 PatternToken_004,Category_D,S143|S167|S111
IT07906,TopicToken_07906 ProcessToken_093 PatternToken_054,Category_K,S190|S183|S207|S156
IT07907,TopicToken_07907 ProcessToken_113 PatternToken_058,Category_P,S046|S116|S147
IT07908,TopicToken_07908 ProcessToken_010 PatternToken_066,Category_T,S110|S107|S177
IT07909,TopicToken_07909 ProcessToken_045 PatternToken_092,Category_R,S224|S203|S198|S098|S206
IT07910,TopicToken_07910 ProcessToken_167 PatternToken_095,Category_A,S045|S024|S103|S122
IT07911,TopicToken_07911 ProcessToken_133 PatternToken_087,Category_D,S064|S141|S124
IT07912,TopicToken_07912 ProcessToken_062 PatternToken_007,Category_T,S032|S019|S067|S171|S121
IT07913,TopicToken_07913 ProcessToken_130 PatternToken_070,Category_A,S051|S065
IT07914,TopicToken_07914 ProcessToken_051 PatternToken_014,Category_P,S133|S132|S107|S068|S048
IT07915,TopicToken_07915 ProcessToken_012 PatternToken_017,Category_T,S116|S158
IT07916,TopicToken_07916 ProcessToken_039 PatternToken_013,Category_E,S152|S071|S132|S030
IT07917,TopicToken_07917 ProcessToken_112 PatternToken_072,Category_L,S085|S009
IT07918,TopicToken_07918 ProcessToken_200 PatternToken_007,Category_O,S006|S118
IT07919,TopicToken_07919 ProcessToken_001 PatternToken_058,Category_F,S069|S124|S014|S042
IT07920,TopicToken_07920 ProcessToken_145 PatternToken_035,Category_E,S076|S226|S064|S154|S067
IT07921,TopicToken_07921 ProcessToken_178 PatternToken_094,Category_B,S126|S128|S172|S010|S184
IT07922,TopicToken_07922 ProcessToken_197 PatternToken_056,Category_N,S239|S106|S179|S156|S203
IT07923,TopicToken_07923 ProcessToken_170 PatternToken_060,Category_O,S209|S002|S061
IT07924,TopicToken_07924 ProcessToken_167 PatternToken_050,Category_O,S215|S029|S142
IT07925,TopicToken_07925 ProcessToken_041 PatternToken_038,Category_P,S094|S235|S018
IT07926,TopicToken_07926 ProcessToken_089 PatternToken_098,Category_I,S009|S238|S183
IT07927,TopicToken_07927 ProcessToken_028 PatternToken_091,Category_K,S032|S121|S174
IT07928,TopicToken_07928 ProcessToken_112 PatternToken_029,Category_T,S037|S014|S234|S208
IT07929,TopicToken_07929 ProcessToken_137 PatternToken_087,Category_G,S082|S168|S143|S080|S056
IT07930,TopicToken_07930 ProcessToken_142 PatternToken_014,Category_I,S096|S082|S041
IT07931,TopicToken_07931 ProcessToken_042 PatternToken_057,Category_A,S114|S124|S207|S095|S119
IT07932,TopicToken_07932 ProcessToken_161 PatternToken_052,Category_S,S134|S166|S111|S224
IT07933,TopicToken_07933 ProcessToken_013 PatternToken_085,Category_C,S148|S161|S192|S130
IT07934,TopicToken_07934 ProcessToken_017 PatternToken_020,Category_F,S032|S127|S222|S027|S066
IT07935,TopicToken_07935 ProcessToken_071 PatternToken_100,Category_E,S222|S146|S024|S009
IT07936,TopicToken_07936 ProcessToken_079 PatternToken_055,Category_T,S079|S221
IT07937,TopicToken_07937 ProcessToken_042 PatternToken_059,Category_C,S191|S004|S210|S226
IT07938,TopicToken_07938 ProcessToken_007 PatternToken_017,Category_B,S237|S143|S137
IT07939,TopicToken_07939 ProcessToken_188 PatternToken_047,Category_C,S024|S102|S118
IT07940,TopicToken_07940 ProcessToken_113 PatternToken_033,Category_L,S071|S008|S104|S236
IT07941,TopicToken_07941 ProcessToken_091 PatternToken_077,Category_R,S212|S028
IT07942,TopicToken_07942 ProcessToken_120 PatternToken_092,Category_T,S055|S197|S147|S166|S163
IT07943,TopicToken_07943 ProcessToken_007 PatternToken_056,Category_A,S206|S185|S042|S189
IT07944,TopicToken_07944 ProcessToken_111 PatternToken_092,Category_I,S057|S146|S154|S120|S030
IT07945,TopicToken_07945 ProcessToken_047 PatternToken_075,Category_R,S233|S216|S225|S161
IT07946,TopicToken_07946 ProcessToken_090 PatternToken_001,Category_L,S220|S009|S109
IT07947,TopicToken_07947 ProcessToken_188 PatternToken_001,Category_B,S195|S222|S177|S139
IT07948,TopicToken_07948 ProcessToken_114 PatternToken_030,Category_K,S221|S052
IT07949,TopicToken_07949 ProcessToken_015 PatternToken_012,Category_J,S128|S185|S176|S144|S174
IT07950,TopicToken_07950 ProcessToken_076 PatternToken_075,Category_B,S137|S010|S135|S153
IT07951,TopicToken_07951 ProcessToken_165 PatternToken_015,Category_F,S071|S174|S051|S026|S201
IT07952,TopicToken_07952 ProcessToken_055 PatternToken_012,Category_L,S163|S120|S146
IT07953,TopicToken_07953 ProcessToken_077 PatternToken_005,Category_M,S130|S065
IT07954,TopicToken_07954 ProcessToken_150 PatternToken_071,Category_B,S088|S186
IT07955,TopicToken_07955 ProcessToken_121 PatternToken_022,Category_B,S132|S041
IT07956,TopicToken_07956 ProcessToken_153 PatternToken_031,Category_Q,S042|S101
IT07957,TopicToken_07957 ProcessToken_002 PatternToken_077,Category_N,S212|S236|S041|S225
IT07958,TopicToken_07958 ProcessToken_079 PatternToken_010,Category_R,S225|S238|S182
IT07959,TopicToken_07959 ProcessToken_001 PatternToken_005,Category_F,S004|S117|S039
IT07960,TopicToken_07960 ProcessToken_064 PatternToken_098,Category_P,S226|S018
IT07961,TopicToken_07961 ProcessToken_089 PatternToken_091,Category_E,S069|S085
IT07962,TopicToken_07962 ProcessToken_106 PatternToken_039,Category_Q,S060|S164|S098|S209|S004
IT07963,TopicToken_07963 ProcessToken_091 PatternToken_017,Category_T,S076|S054|S187|S171
IT07964,TopicToken_07964 ProcessToken_100 PatternToken_009,Category_D,S240|S112
IT07965,TopicToken_07965 ProcessToken_175 PatternToken_021,Category_M,S238|S056|S214|S142
IT07966,TopicToken_07966 ProcessToken_131 PatternToken_093,Category_J,S050|S037|S033
IT07967,TopicToken_07967 ProcessToken_177 PatternToken_070,Category_A,S170|S131|S088|S194|S171
IT07968,TopicToken_07968 ProcessToken_143 PatternToken_086,Category_A,S005|S192
IT07969,TopicToken_07969 ProcessToken_057 PatternToken_088,Category_I,S073|S210|S168|S142
IT07970,TopicToken_07970 ProcessToken_080 PatternToken_003,Category_G,S222|S226|S039
IT07971,TopicToken_07971 ProcessToken_105 PatternToken_090,Category_Q,S206|S121|S097|S159|S013
IT07972,TopicToken_07972 ProcessToken_197 PatternToken_048,Category_H,S133|S016|S187
IT07973,TopicToken_07973 ProcessToken_028 PatternToken_009,Category_C,S154|S032|S069|S200|S018
IT07974,TopicToken_07974 ProcessToken_149 PatternToken_094,Category_S,S228|S195|S223
IT07975,TopicToken_07975 ProcessToken_101 PatternToken_019,Category_I,S059|S075
IT07976,TopicToken_07976 ProcessToken_073 PatternToken_064,Category_E,S148|S063|S228|S083
IT07977,TopicToken_07977 ProcessToken_019 PatternToken_030,Category_T,S092|S037
IT07978,TopicToken_07978 ProcessToken_082 PatternToken_079,Category_B,S030|S164|S156|S056
IT07979,TopicToken_07979 ProcessToken_144 PatternToken_068,Category_O,S124|S085|S154|S081
IT07980,TopicToken_07980 ProcessToken_103 PatternToken_007,Category_O,S040|S177|S086
IT07981,TopicToken_07981 ProcessToken_046 PatternToken_003,Category_J,S176|S087|S180|S159
IT07982,TopicToken_07982 ProcessToken_115 PatternToken_039,Category_D,S152|S179|S178
IT07983,TopicToken_07983 ProcessToken_092 PatternToken_011,Category_L,S083|S113|S097
IT07984,TopicToken_07984 ProcessToken_044 PatternToken_055,Category_C,S165|S159
IT07985,TopicToken_07985 ProcessToken_193 PatternToken_001,Category_B,S122|S015
IT07986,TopicToken_07986 ProcessToken_175 PatternToken_030,Category_Q,S102|S194|S067|S126|S191
IT07987,TopicToken_07987 ProcessToken_124 PatternToken_041,Category_G,S064|S167
IT07988,TopicToken_07988 ProcessToken_065 PatternToken_057,Category_R,S151|S162
IT07989,TopicToken_07989 ProcessToken_111 PatternToken_040,Category_C,S148|S034|S071|S029|S162
IT07990,TopicToken_07990 ProcessToken_079 PatternToken_005,Category_C,S239|S172|S222|S217
IT07991,TopicToken_07991 ProcessToken_194 PatternToken_020,Category_M,S215|S204|S031
IT07992,TopicToken_07992 ProcessToken_153 PatternToken_004,Category_A,S016|S129|S038|S175|S075
IT07993,TopicToken_07993 ProcessToken_009 PatternToken_015,Category_R,S041|S102|S066
IT07994,TopicToken_07994 ProcessToken_011 PatternToken_091,Category_M,S090|S225
IT07995,TopicToken_07995 ProcessToken_090 PatternToken_012,Category_P,S161|S116|S118|S011
IT07996,TopicToken_07996 ProcessToken_067 PatternToken_025,Category_A,S061|S090|S163|S161|S223
IT07997,TopicToken_07997 ProcessToken_058 PatternToken_087,Category_M,S109|S018|S017
IT07998,TopicToken_07998 ProcessToken_173 PatternToken_073,Category_T,S091|S175|S226|S122
IT07999,TopicToken_07999 ProcessToken_062 PatternToken_006,Category_Q,S231|S216
IT08000,TopicToken_08000 ProcessToken_046 PatternToken_097,Category_H,S157|S176
IT08001,TopicToken_08001 ProcessToken_143 PatternToken_057,Category_F,S105|S026|S174
IT08002,TopicToken_08002 ProcessToken_021 PatternToken_031,Category_I,S012|S187|S202|S013
IT08003,TopicToken_08003 ProcessToken_183 PatternToken_036,Category_F,S210|S226|S047|S098
IT08004,TopicToken_08004 ProcessToken_002 PatternToken_028,Category_H,S190|S181
IT08005,TopicToken_08005 ProcessToken_191 PatternToken_017,Category_C,S130|S159
IT08006,TopicToken_08006 ProcessToken_033 PatternToken_075,Category_T,S198|S047|S138
IT08007,TopicToken_08007 ProcessToken_108 PatternToken_039,Category_D,S192|S202
IT08008,TopicToken_08008 ProcessToken_021 PatternToken_018,Category_N,S081|S058
IT08009,TopicToken_08009 ProcessToken_074 PatternToken_032,Category_C,S028|S057
IT08010,TopicToken_08010 ProcessToken_076 PatternToken_039,Category_C,S103|S054|S079|S052
IT08011,TopicToken_08011 ProcessToken_160 PatternToken_096,Category_G,S237|S051|S086|S150
IT08012,TopicToken_08012 ProcessToken_179 PatternToken_071,Category_B,S030|S214
IT08013,TopicToken_08013 ProcessToken_058 PatternToken_001,Category_H,S067|S030
IT08014,TopicToken_08014 ProcessToken_013 PatternToken_005,Category_S,S116|S096
IT08015,TopicToken_08015 ProcessToken_177 PatternToken_090,Category_K,S180|S149|S109
IT08016,TopicToken_08016 ProcessToken_091 PatternToken_006,Category_B,S021|S059|S116
IT08017,TopicToken_08017 ProcessToken_111 PatternToken_018,Category_P,S070|S191
IT08018,TopicToken_08018 ProcessToken_152 PatternToken_024,Category_S,S234|S027
IT08019,TopicToken_08019 ProcessToken_190 PatternToken_011,Category_T,S106|S093|S173|S190|S071
IT08020,TopicToken_08020 ProcessToken_025 PatternToken_050,Category_C,S065|S014|S170|S151
IT08021,TopicToken_08021 ProcessToken_117 PatternToken_014,Category_C,S211|S111
IT08022,TopicToken_08022 ProcessToken_008 PatternToken_046,Category_G,S072|S198|S066|S049
IT08023,TopicToken_08023 ProcessToken_005 PatternToken_062,Category_E,S168|S117|S087|S144
IT08024,TopicToken_08024 ProcessToken_002 PatternToken_056,Category_R,S128|S121|S091
IT08025,TopicToken_08025 ProcessToken_153 PatternToken_065,Category_P,S179|S119|S053
IT08026,TopicToken_08026 ProcessToken_052 PatternToken_031,Category_P,S092|S022|S224|S129|S033
IT08027,TopicToken_08027 ProcessToken_112 PatternToken_087,Category_N,S186|S062|S004|S223|S086
IT08028,TopicToken_08028 ProcessToken_151 PatternToken_017,Category_E,S087|S231|S063|S079|S218
IT08029,TopicToken_08029 ProcessToken_177 PatternToken_088,Category_L,S176|S206|S234
IT08030,TopicToken_08030 ProcessToken_171 PatternToken_040,Category_C,S217|S237
IT08031,TopicToken_08031 ProcessToken_160 PatternToken_063,Category_E,S138|S136|S164|S013|S127
IT08032,TopicToken_08032 ProcessToken_038 PatternToken_081,Category_E,S074|S231|S055
IT08033,TopicToken_08033 ProcessToken_180 PatternToken_018,Category_J,S187|S104
IT08034,TopicToken_08034 ProcessToken_007 PatternToken_021,Category_T,S136|S101|S215|S191|S233
IT08035,TopicToken_08035 ProcessToken_003 PatternToken_071,Category_B,S233|S043|S172|S178
IT08036,TopicToken_08036 ProcessToken_104 PatternToken_026,Category_A,S146|S129
IT08037,TopicToken_08037 ProcessToken_021 PatternToken_091,Category_E,S107|S017
IT08038,TopicToken_08038 ProcessToken_189 PatternToken_033,Category_R,S141|S172|S065
IT08039,TopicToken_08039 ProcessToken_181 PatternToken_080,Category_D,S227|S176|S002|S189|S024
IT08040,TopicToken_08040 ProcessToken_096 PatternToken_063,Category_J,S033|S030|S129|S170
IT08041,TopicToken_08041 ProcessToken_088 PatternToken_054,Category_L,S195|S235|S005|S018|S122
IT08042,TopicToken_08042 ProcessToken_066 PatternToken_063,Category_D,S056|S024|S158|S052
IT08043,TopicToken_08043 ProcessToken_107 PatternToken_030,Category_K,S166|S071|S233
IT08044,TopicToken_08044 ProcessToken_038 PatternToken_075,Category_Q,S066|S049|S216|S001|S047
IT08045,TopicToken_08045 ProcessToken_003 PatternToken_007,Category_Q,S074|S171
IT08046,TopicToken_08046 ProcessToken_077 PatternToken_097,Category_J,S210|S109|S064|S011
IT08047,TopicToken_08047 ProcessToken_013 PatternToken_033,Category_M,S131|S130|S054
IT08048,TopicToken_08048 ProcessToken_112 PatternToken_095,Category_O,S200|S056|S075|S016|S043
IT08049,TopicToken_08049 ProcessToken_039 PatternToken_034,Category_R,S057|S034|S123|S006
IT08050,TopicToken_08050 ProcessToken_062 PatternToken_038,Category_D,S148|S165|S176|S231|S169
IT08051,TopicToken_08051 ProcessToken_112 PatternToken_080,Category_P,S121|S092|S118
IT08052,TopicToken_08052 ProcessToken_159 PatternToken_057,Category_O,S120|S136|S212|S194
IT08053,TopicToken_08053 ProcessToken_138 PatternToken_098,Category_I,S150|S126|S223|S190|S226
IT08054,TopicToken_08054 ProcessToken_037 PatternToken_005,Category_S,S040|S141|S183|S180
IT08055,TopicToken_08055 ProcessToken_189 PatternToken_044,Category_B,S228|S162|S040
IT08056,TopicToken_08056 ProcessToken_093 PatternToken_028,Category_M,S054|S213|S173
IT08057,TopicToken_08057 ProcessToken_023 PatternToken_081,Category_M,S090|S035|S094
IT08058,TopicToken_08058 ProcessToken_200 PatternToken_057,Category_D,S077|S162|S207
IT08059,TopicToken_08059 ProcessToken_141 PatternToken_088,Category_B,S212|S150|S175
IT08060,TopicToken_08060 ProcessToken_199 PatternToken_083,Category_B,S192|S213
IT08061,TopicToken_08061 ProcessToken_047 PatternToken_010,Category_N,S150|S194|S093|S113
IT08062,TopicToken_08062 ProcessToken_146 PatternToken_057,Category_L,S159|S231|S064|S172
IT08063,TopicToken_08063 ProcessToken_152 PatternToken_042,Category_O,S179|S218|S004|S136|S078
IT08064,TopicToken_08064 ProcessToken_153 PatternToken_019,Category_K,S235|S035
IT08065,TopicToken_08065 ProcessToken_194 PatternToken_052,Category_S,S173|S105|S025|S011
IT08066,TopicToken_08066 ProcessToken_081 PatternToken_056,Category_I,S056|S192|S057
IT08067,TopicToken_08067 ProcessToken_093 PatternToken_066,Category_C,S112|S074|S033|S096|S237
IT08068,TopicToken_08068 ProcessToken_092 PatternToken_089,Category_T,S133|S087
IT08069,TopicToken_08069 ProcessToken_164 PatternToken_059,Category_M,S002|S017|S183|S097
IT08070,TopicToken_08070 ProcessToken_186 PatternToken_081,Category_J,S049|S007|S209
IT08071,TopicToken_08071 ProcessToken_017 PatternToken_048,Category_R,S169|S223|S174
IT08072,TopicToken_08072 ProcessToken_006 PatternToken_026,Category_F,S121|S153|S004
IT08073,TopicToken_08073 ProcessToken_133 PatternToken_065,Category_S,S226|S164
IT08074,TopicToken_08074 ProcessToken_108 PatternToken_100,Category_L,S237|S145|S054
IT08075,TopicToken_08075 ProcessToken_066 PatternToken_015,Category_O,S169|S046|S100|S016|S112
IT08076,TopicToken_08076 ProcessToken_098 PatternToken_074,Category_O,S028|S214|S228|S160|S059
IT08077,TopicToken_08077 ProcessToken_039 PatternToken_085,Category_D,S065|S042|S096|S101|S040
IT08078,TopicToken_08078 ProcessToken_118 PatternToken_012,Category_L,S076|S204|S084
IT08079,TopicToken_08079 ProcessToken_171 PatternToken_049,Category_R,S086|S083|S157|S222|S011
IT08080,TopicToken_08080 ProcessToken_186 PatternToken_098,Category_C,S058|S189|S202|S134|S022
IT08081,TopicToken_08081 ProcessToken_135 PatternToken_067,Category_Q,S021|S174
IT08082,TopicToken_08082 ProcessToken_043 PatternToken_096,Category_F,S065|S100|S089|S162|S184
IT08083,TopicToken_08083 ProcessToken_195 PatternToken_022,Category_H,S078|S086|S112
IT08084,TopicToken_08084 ProcessToken_081 PatternToken_037,Category_I,S164|S201
IT08085,TopicToken_08085 ProcessToken_095 PatternToken_095,Category_L,S115|S101|S088|S227|S188
IT08086,TopicToken_08086 ProcessToken_031 PatternToken_027,Category_A,S144|S176|S037
IT08087,TopicToken_08087 ProcessToken_086 PatternToken_052,Category_S,S011|S061|S121|S167|S157
IT08088,TopicToken_08088 ProcessToken_094 PatternToken_002,Category_E,S038|S100
IT08089,TopicToken_08089 ProcessToken_084 PatternToken_035,Category_E,S136|S060|S128|S234|S070
IT08090,TopicToken_08090 ProcessToken_011 PatternToken_068,Category_C,S224|S222|S194|S206|S001
IT08091,TopicToken_08091 ProcessToken_070 PatternToken_072,Category_O,S008|S105|S097
IT08092,TopicToken_08092 ProcessToken_140 PatternToken_056,Category_J,S018|S130
IT08093,TopicToken_08093 ProcessToken_093 PatternToken_038,Category_C,S034|S032|S148|S120|S181
IT08094,TopicToken_08094 ProcessToken_110 PatternToken_040,Category_D,S144|S209|S237|S187|S198
IT08095,TopicToken_08095 ProcessToken_188 PatternToken_054,Category_K,S132|S042|S022
IT08096,TopicToken_08096 ProcessToken_190 PatternToken_038,Category_K,S053|S119
IT08097,TopicToken_08097 ProcessToken_052 PatternToken_074,Category_A,S116|S171|S196|S127
IT08098,TopicToken_08098 ProcessToken_125 PatternToken_051,Category_N,S216|S139|S187|S006|S001
IT08099,TopicToken_08099 ProcessToken_130 PatternToken_051,Category_C,S011|S219
IT08100,TopicToken_08100 ProcessToken_100 PatternToken_047,Category_T,S238|S109|S128|S137
IT08101,TopicToken_08101 ProcessToken_130 PatternToken_065,Category_M,S194|S072|S232
IT08102,TopicToken_08102 ProcessToken_192 PatternToken_088,Category_Q,S213|S087|S056|S132|S069
IT08103,TopicToken_08103 ProcessToken_060 PatternToken_066,Category_Q,S132|S188|S070|S076|S231
IT08104,TopicToken_08104 ProcessToken_032 PatternToken_081,Category_S,S050|S101|S053|S228|S227
IT08105,TopicToken_08105 ProcessToken_027 PatternToken_089,Category_R,S192|S201|S204|S012
IT08106,TopicToken_08106 ProcessToken_091 PatternToken_020,Category_N,S219|S093|S197
IT08107,TopicToken_08107 ProcessToken_024 PatternToken_036,Category_D,S219|S115|S016|S168
IT08108,TopicToken_08108 ProcessToken_119 PatternToken_079,Category_O,S010|S030
IT08109,TopicToken_08109 ProcessToken_125 PatternToken_058,Category_L,S081|S053|S142|S015
IT08110,TopicToken_08110 ProcessToken_169 PatternToken_008,Category_A,S054|S119|S084|S002|S211
IT08111,TopicToken_08111 ProcessToken_149 PatternToken_007,Category_G,S163|S142|S034
IT08112,TopicToken_08112 ProcessToken_105 PatternToken_011,Category_J,S075|S001|S063
IT08113,TopicToken_08113 ProcessToken_141 PatternToken_074,Category_I,S073|S021|S157|S115|S056
IT08114,TopicToken_08114 ProcessToken_075 PatternToken_073,Category_G,S098|S174|S115|S165
IT08115,TopicToken_08115 ProcessToken_078 PatternToken_022,Category_K,S019|S011|S216
IT08116,TopicToken_08116 ProcessToken_129 PatternToken_093,Category_B,S032|S217|S101
IT08117,TopicToken_08117 ProcessToken_051 PatternToken_090,Category_F,S237|S058
IT08118,TopicToken_08118 ProcessToken_150 PatternToken_059,Category_R,S230|S187
IT08119,TopicToken_08119 ProcessToken_043 PatternToken_081,Category_S,S170|S226|S225
IT08120,TopicToken_08120 ProcessToken_061 PatternToken_067,Category_S,S168|S065
IT08121,TopicToken_08121 ProcessToken_167 PatternToken_034,Category_A,S145|S070|S006|S181
IT08122,TopicToken_08122 ProcessToken_170 PatternToken_090,Category_T,S079|S117|S156|S153
IT08123,TopicToken_08123 ProcessToken_187 PatternToken_001,Category_T,S109|S064|S061
IT08124,TopicToken_08124 ProcessToken_146 PatternToken_068,Category_G,S205|S034
IT08125,TopicToken_08125 ProcessToken_032 PatternToken_037,Category_M,S077|S168
IT08126,TopicToken_08126 ProcessToken_001 PatternToken_037,Category_D,S004|S085|S178|S020
IT08127,TopicToken_08127 ProcessToken_116 PatternToken_060,Category_T,S002|S084
IT08128,TopicToken_08128 ProcessToken_063 PatternToken_090,Category_N,S209|S008|S128|S025|S217
IT08129,TopicToken_08129 ProcessToken_013 PatternToken_092,Category_B,S023|S070|S212
IT08130,TopicToken_08130 ProcessToken_001 PatternToken_025,Category_H,S092|S103|S074|S053|S100
IT08131,TopicToken_08131 ProcessToken_038 PatternToken_075,Category_L,S040|S187|S113|S154|S080
IT08132,TopicToken_08132 ProcessToken_084 PatternToken_032,Category_D,S222|S197
IT08133,TopicToken_08133 ProcessToken_052 PatternToken_014,Category_S,S204|S175|S066|S003
IT08134,TopicToken_08134 ProcessToken_129 PatternToken_018,Category_J,S024|S204|S026|S165
IT08135,TopicToken_08135 ProcessToken_072 PatternToken_039,Category_D,S144|S117|S232|S025|S072
IT08136,TopicToken_08136 ProcessToken_010 PatternToken_066,Category_Q,S030|S085|S099|S102
IT08137,TopicToken_08137 ProcessToken_115 PatternToken_064,Category_T,S058|S086|S087|S091|S014
IT08138,TopicToken_08138 ProcessToken_162 PatternToken_070,Category_G,S231|S102|S193
IT08139,TopicToken_08139 ProcessToken_113 PatternToken_096,Category_E,S177|S107
IT08140,TopicToken_08140 ProcessToken_130 PatternToken_100,Category_D,S136|S193|S107|S210
IT08141,TopicToken_08141 ProcessToken_132 PatternToken_053,Category_A,S230|S147|S161|S240|S166
IT08142,TopicToken_08142 ProcessToken_062 PatternToken_018,Category_D,S008|S027
IT08143,TopicToken_08143 ProcessToken_160 PatternToken_054,Category_H,S022|S128
IT08144,TopicToken_08144 ProcessToken_052 PatternToken_091,Category_G,S168|S141|S076|S091|S035
IT08145,TopicToken_08145 ProcessToken_059 PatternToken_023,Category_M,S146|S062
IT08146,TopicToken_08146 ProcessToken_167 PatternToken_066,Category_M,S238|S098|S120|S094
IT08147,TopicToken_08147 ProcessToken_142 PatternToken_019,Category_R,S053|S026|S006|S232
IT08148,TopicToken_08148 ProcessToken_093 PatternToken_076,Category_N,S229|S011|S091
IT08149,TopicToken_08149 ProcessToken_174 PatternToken_093,Category_C,S028|S106|S116|S152
IT08150,TopicToken_08150 ProcessToken_033 PatternToken_003,Category_O,S113|S238|S224|S096
IT08151,TopicToken_08151 ProcessToken_084 PatternToken_014,Category_G,S015|S077|S099
IT08152,TopicToken_08152 ProcessToken_143 PatternToken_064,Category_L,S133|S138|S163|S232
IT08153,TopicToken_08153 ProcessToken_056 PatternToken_065,Category_A,S143|S210
IT08154,TopicToken_08154 ProcessToken_172 PatternToken_002,Category_M,S002|S168|S112|S135
IT08155,TopicToken_08155 ProcessToken_076 PatternToken_022,Category_Q,S028|S227
IT08156,TopicToken_08156 ProcessToken_170 PatternToken_068,Category_B,S169|S236
IT08157,TopicToken_08157 ProcessToken_019 PatternToken_012,Category_R,S071|S230|S075|S211
IT08158,TopicToken_08158 ProcessToken_032 PatternToken_050,Category_I,S104|S015|S189|S050
IT08159,TopicToken_08159 ProcessToken_002 PatternToken_038,Category_J,S156|S166|S045|S003
IT08160,TopicToken_08160 ProcessToken_152 PatternToken_023,Category_R,S145|S036|S022|S231|S171
IT08161,TopicToken_08161 ProcessToken_096 PatternToken_015,Category_A,S179|S240
IT08162,TopicToken_08162 ProcessToken_129 PatternToken_047,Category_H,S222|S014|S208|S097
IT08163,TopicToken_08163 ProcessToken_084 PatternToken_006,Category_B,S231|S030|S226|S054
IT08164,TopicToken_08164 ProcessToken_165 PatternToken_058,Category_P,S211|S097|S003|S117|S044
IT08165,TopicToken_08165 ProcessToken_123 PatternToken_031,Category_O,S187|S202|S212|S126|S150
IT08166,TopicToken_08166 ProcessToken_068 PatternToken_078,Category_S,S234|S143|S090|S150
IT08167,TopicToken_08167 ProcessToken_091 PatternToken_064,Category_F,S095|S185
IT08168,TopicToken_08168 ProcessToken_189 PatternToken_026,Category_I,S158|S185|S057|S157
IT08169,TopicToken_08169 ProcessToken_048 PatternToken_071,Category_E,S083|S090|S089
IT08170,TopicToken_08170 ProcessToken_046 PatternToken_084,Category_D,S111|S152
IT08171,TopicToken_08171 ProcessToken_177 PatternToken_033,Category_E,S048|S230|S140|S089|S051
IT08172,TopicToken_08172 ProcessToken_077 PatternToken_031,Category_G,S071|S087
IT08173,TopicToken_08173 ProcessToken_156 PatternToken_029,Category_C,S036|S066|S136|S131
IT08174,TopicToken_08174 ProcessToken_159 PatternToken_053,Category_N,S229|S122|S180
IT08175,TopicToken_08175 ProcessToken_078 PatternToken_037,Category_B,S139|S113|S029|S124
IT08176,TopicToken_08176 ProcessToken_154 PatternToken_047,Category_G,S042|S134
IT08177,TopicToken_08177 ProcessToken_023 PatternToken_064,Category_R,S057|S134|S038|S187|S034
IT08178,TopicToken_08178 ProcessToken_006 PatternToken_064,Category_T,S218|S198|S068|S150|S027
IT08179,TopicToken_08179 ProcessToken_175 PatternToken_052,Category_K,S104|S213|S220|S132|S144
IT08180,TopicToken_08180 ProcessToken_133 PatternToken_053,Category_B,S176|S023|S212
IT08181,TopicToken_08181 ProcessToken_168 PatternToken_094,Category_K,S050|S089|S102
IT08182,TopicToken_08182 ProcessToken_164 PatternToken_033,Category_D,S038|S235|S231|S085|S052
IT08183,TopicToken_08183 ProcessToken_152 PatternToken_061,Category_Q,S072|S027|S230
IT08184,TopicToken_08184 ProcessToken_008 PatternToken_069,Category_Q,S186|S152|S029|S178
IT08185,TopicToken_08185 ProcessToken_135 PatternToken_049,Category_T,S023|S129|S233|S091|S137
IT08186,TopicToken_08186 ProcessToken_041 PatternToken_075,Category_H,S235|S162|S217|S081|S176
IT08187,TopicToken_08187 ProcessToken_169 PatternToken_089,Category_H,S205|S193|S154
IT08188,TopicToken_08188 ProcessToken_112 PatternToken_031,Category_B,S006|S094|S019|S193|S220
IT08189,TopicToken_08189 ProcessToken_054 PatternToken_099,Category_P,S183|S076
IT08190,TopicToken_08190 ProcessToken_034 PatternToken_003,Category_E,S109|S144|S047
IT08191,TopicToken_08191 ProcessToken_011 PatternToken_066,Category_F,S202|S182|S072
IT08192,TopicToken_08192 ProcessToken_188 PatternToken_017,Category_T,S016|S162
IT08193,TopicToken_08193 ProcessToken_114 PatternToken_006,Category_B,S198|S111|S225|S031
IT08194,TopicToken_08194 ProcessToken_032 PatternToken_001,Category_M,S064|S108
IT08195,TopicToken_08195 ProcessToken_027 PatternToken_001,Category_G,S094|S185
IT08196,TopicToken_08196 ProcessToken_101 PatternToken_090,Category_N,S082|S060|S224|S116
IT08197,TopicToken_08197 ProcessToken_060 PatternToken_040,Category_E,S169|S200|S054|S016|S184
IT08198,TopicToken_08198 ProcessToken_116 PatternToken_027,Category_B,S199|S085|S056|S195|S069
IT08199,TopicToken_08199 ProcessToken_194 PatternToken_015,Category_R,S040|S158|S213|S183
IT08200,TopicToken_08200 ProcessToken_119 PatternToken_085,Category_O,S096|S139|S112|S026
IT08201,TopicToken_08201 ProcessToken_033 PatternToken_057,Category_Q,S138|S058|S156|S151|S152
IT08202,TopicToken_08202 ProcessToken_025 PatternToken_020,Category_S,S016|S231|S002|S232
IT08203,TopicToken_08203 ProcessToken_044 PatternToken_067,Category_S,S234|S186|S122
IT08204,TopicToken_08204 ProcessToken_003 PatternToken_059,Category_C,S198|S114
IT08205,TopicToken_08205 ProcessToken_054 PatternToken_067,Category_B,S122|S200|S112|S064|S195
IT08206,TopicToken_08206 ProcessToken_118 PatternToken_014,Category_A,S067|S103|S223
IT08207,TopicToken_08207 ProcessToken_073 PatternToken_001,Category_O,S069|S091|S226|S220|S141
IT08208,TopicToken_08208 ProcessToken_160 PatternToken_080,Category_R,S079|S207
IT08209,TopicToken_08209 ProcessToken_186 PatternToken_076,Category_M,S192|S037
IT08210,TopicToken_08210 ProcessToken_107 PatternToken_094,Category_M,S156|S139|S024|S235
IT08211,TopicToken_08211 ProcessToken_079 PatternToken_049,Category_I,S068|S057
IT08212,TopicToken_08212 ProcessToken_145 PatternToken_080,Category_F,S105|S196|S068|S131
IT08213,TopicToken_08213 ProcessToken_096 PatternToken_045,Category_P,S072|S144|S061|S009|S016
IT08214,TopicToken_08214 ProcessToken_144 PatternToken_078,Category_I,S075|S223|S178|S119
IT08215,TopicToken_08215 ProcessToken_094 PatternToken_007,Category_G,S011|S108|S184|S138
IT08216,TopicToken_08216 ProcessToken_180 PatternToken_077,Category_J,S070|S162
IT08217,TopicToken_08217 ProcessToken_077 PatternToken_083,Category_P,S035|S011|S041|S126
IT08218,TopicToken_08218 ProcessToken_138 PatternToken_090,Category_O,S030|S126|S185
IT08219,TopicToken_08219 ProcessToken_162 PatternToken_053,Category_P,S017|S150
IT08220,TopicToken_08220 ProcessToken_097 PatternToken_005,Category_C,S045|S208|S008|S150
IT08221,TopicToken_08221 ProcessToken_058 PatternToken_072,Category_T,S157|S017|S171
IT08222,TopicToken_08222 ProcessToken_036 PatternToken_023,Category_N,S073|S162
IT08223,TopicToken_08223 ProcessToken_157 PatternToken_033,Category_S,S069|S176|S165
IT08224,TopicToken_08224 ProcessToken_114 PatternToken_001,Category_D,S194|S070
IT08225,TopicToken_08225 ProcessToken_178 PatternToken_001,Category_Q,S170|S010|S102|S227|S139
IT08226,TopicToken_08226 ProcessToken_004 PatternToken_051,Category_M,S155|S023
IT08227,TopicToken_08227 ProcessToken_093 PatternToken_006,Category_E,S026|S002
IT08228,TopicToken_08228 ProcessToken_167 PatternToken_099,Category_C,S039|S050|S087
IT08229,TopicToken_08229 ProcessToken_022 PatternToken_014,Category_C,S181|S232
IT08230,TopicToken_08230 ProcessToken_006 PatternToken_091,Category_R,S064|S017
IT08231,TopicToken_08231 ProcessToken_071 PatternToken_027,Category_M,S185|S100
IT08232,TopicToken_08232 ProcessToken_191 PatternToken_020,Category_H,S177|S052
IT08233,TopicToken_08233 ProcessToken_124 PatternToken_061,Category_J,S194|S128|S207
IT08234,TopicToken_08234 ProcessToken_173 PatternToken_042,Category_C,S112|S123
IT08235,TopicToken_08235 ProcessToken_043 PatternToken_036,Category_K,S001|S134
IT08236,TopicToken_08236 ProcessToken_177 PatternToken_016,Category_A,S088|S098|S032
IT08237,TopicToken_08237 ProcessToken_046 PatternToken_066,Category_J,S177|S231|S236|S169|S208
IT08238,TopicToken_08238 ProcessToken_187 PatternToken_081,Category_A,S051|S076|S228|S030|S130
IT08239,TopicToken_08239 ProcessToken_023 PatternToken_025,Category_Q,S072|S096
IT08240,TopicToken_08240 ProcessToken_136 PatternToken_061,Category_O,S077|S210|S111
IT08241,TopicToken_08241 ProcessToken_044 PatternToken_094,Category_F,S039|S114|S029
IT08242,TopicToken_08242 ProcessToken_001 PatternToken_046,Category_J,S156|S116|S206
IT08243,TopicToken_08243 ProcessToken_088 PatternToken_024,Category_R,S037|S055|S011|S120|S054
IT08244,TopicToken_08244 ProcessToken_040 PatternToken_061,Category_M,S155|S217
IT08245,TopicToken_08245 ProcessToken_067 PatternToken_059,Category_R,S112|S075|S029|S035|S090
IT08246,TopicToken_08246 ProcessToken_057 PatternToken_096,Category_O,S041|S132
IT08247,TopicToken_08247 ProcessToken_017 PatternToken_094,Category_A,S086|S150|S196|S130|S019
IT08248,TopicToken_08248 ProcessToken_048 PatternToken_044,Category_I,S174|S170|S226|S052
IT08249,TopicToken_08249 ProcessToken_169 PatternToken_075,Category_B,S079|S158
IT08250,TopicToken_08250 ProcessToken_143 PatternToken_030,Category_M,S031|S022|S029|S039|S148
IT08251,TopicToken_08251 ProcessToken_108 PatternToken_034,Category_A,S015|S146|S129
IT08252,TopicToken_08252 ProcessToken_154 PatternToken_082,Category_N,S034|S049
IT08253,TopicToken_08253 ProcessToken_092 PatternToken_089,Category_L,S008|S213|S087|S067
IT08254,TopicToken_08254 ProcessToken_074 PatternToken_081,Category_B,S079|S046
IT08255,TopicToken_08255 ProcessToken_199 PatternToken_070,Category_L,S001|S165|S060|S027
IT08256,TopicToken_08256 ProcessToken_102 PatternToken_062,Category_P,S081|S043|S123|S025
IT08257,TopicToken_08257 ProcessToken_165 PatternToken_098,Category_Q,S121|S107|S193
IT08258,TopicToken_08258 ProcessToken_182 PatternToken_016,Category_H,S139|S045|S055|S030
IT08259,TopicToken_08259 ProcessToken_194 PatternToken_002,Category_S,S167|S162|S127|S165|S100
IT08260,TopicToken_08260 ProcessToken_155 PatternToken_059,Category_A,S016|S012|S064
IT08261,TopicToken_08261 ProcessToken_118 PatternToken_077,Category_B,S174|S055|S224|S136|S098
IT08262,TopicToken_08262 ProcessToken_096 PatternToken_001,Category_R,S100|S191
IT08263,TopicToken_08263 ProcessToken_146 PatternToken_028,Category_K,S138|S083
IT08264,TopicToken_08264 ProcessToken_100 PatternToken_038,Category_D,S074|S200|S238|S231
IT08265,TopicToken_08265 ProcessToken_128 PatternToken_058,Category_A,S022|S131|S038|S134|S198
IT08266,TopicToken_08266 ProcessToken_168 PatternToken_067,Category_R,S079|S130
IT08267,TopicToken_08267 ProcessToken_034 PatternToken_090,Category_P,S215|S218|S078
IT08268,TopicToken_08268 ProcessToken_048 PatternToken_025,Category_G,S128|S185
IT08269,TopicToken_08269 ProcessToken_191 PatternToken_094,Category_L,S240|S155
IT08270,TopicToken_08270 ProcessToken_171 PatternToken_099,Category_A,S205|S058|S193
IT08271,TopicToken_08271 ProcessToken_040 PatternToken_087,Category_N,S064|S154
IT08272,TopicToken_08272 ProcessToken_002 PatternToken_057,Category_O,S128|S141
IT08273,TopicToken_08273 ProcessToken_062 PatternToken_062,Category_E,S168|S191
IT08274,TopicToken_08274 ProcessToken_192 PatternToken_043,Category_F,S148|S200
IT08275,TopicToken_08275 ProcessToken_190 PatternToken_080,Category_A,S207|S081|S145|S178
IT08276,TopicToken_08276 ProcessToken_034 PatternToken_077,Category_P,S078|S167
IT08277,TopicToken_08277 ProcessToken_039 PatternToken_078,Category_N,S105|S238
IT08278,TopicToken_08278 ProcessToken_193 PatternToken_068,Category_I,S096|S172|S021
IT08279,TopicToken_08279 ProcessToken_139 PatternToken_002,Category_F,S121|S055|S123|S221
IT08280,TopicToken_08280 ProcessToken_072 PatternToken_042,Category_O,S010|S055|S107|S234|S068
IT08281,TopicToken_08281 ProcessToken_089 PatternToken_003,Category_E,S150|S122
IT08282,TopicToken_08282 ProcessToken_162 PatternToken_081,Category_N,S084|S182|S130
IT08283,TopicToken_08283 ProcessToken_016 PatternToken_009,Category_Q,S220|S023|S008
IT08284,TopicToken_08284 ProcessToken_152 PatternToken_014,Category_R,S158|S045|S018|S011
IT08285,TopicToken_08285 ProcessToken_042 PatternToken_038,Category_T,S073|S016
IT08286,TopicToken_08286 ProcessToken_002 PatternToken_024,Category_L,S088|S148|S098|S164|S138
IT08287,TopicToken_08287 ProcessToken_116 PatternToken_079,Category_D,S025|S020|S200
IT08288,TopicToken_08288 ProcessToken_178 PatternToken_054,Category_A,S211|S216|S048
IT08289,TopicToken_08289 ProcessToken_187 PatternToken_070,Category_B,S127|S097|S117|S007
IT08290,TopicToken_08290 ProcessToken_181 PatternToken_074,Category_R,S020|S023|S154|S065|S174
IT08291,TopicToken_08291 ProcessToken_179 PatternToken_006,Category_C,S188|S078
IT08292,TopicToken_08292 ProcessToken_014 PatternToken_037,Category_S,S230|S217
IT08293,TopicToken_08293 ProcessToken_175 PatternToken_091,Category_O,S200|S035|S096
IT08294,TopicToken_08294 ProcessToken_044 PatternToken_069,Category_Q,S080|S059|S122|S037
IT08295,TopicToken_08295 ProcessToken_075 PatternToken_048,Category_K,S195|S094
IT08296,TopicToken_08296 ProcessToken_198 PatternToken_076,Category_A,S212|S239|S169|S016|S108
IT08297,TopicToken_08297 ProcessToken_033 PatternToken_022,Category_H,S136|S047|S193|S192|S170
IT08298,TopicToken_08298 ProcessToken_110 PatternToken_091,Category_L,S132|S156|S078|S181|S119
IT08299,TopicToken_08299 ProcessToken_147 PatternToken_028,Category_L,S165|S028|S198|S216|S108
IT08300,TopicToken_08300 ProcessToken_060 PatternToken_061,Category_I,S091|S105|S009|S152|S128
IT08301,TopicToken_08301 ProcessToken_054 PatternToken_093,Category_H,S218|S162|S098|S232|S055
IT08302,TopicToken_08302 ProcessToken_036 PatternToken_096,Category_O,S104|S227
IT08303,TopicToken_08303 ProcessToken_076 PatternToken_069,Category_M,S157|S014|S134
IT08304,TopicToken_08304 ProcessToken_034 PatternToken_040,Category_E,S144|S080|S204|S151
IT08305,TopicToken_08305 ProcessToken_141 PatternToken_091,Category_Q,S232|S100
IT08306,TopicToken_08306 ProcessToken_105 PatternToken_088,Category_F,S091|S056|S138|S057
IT08307,TopicToken_08307 ProcessToken_020 PatternToken_086,Category_E,S157|S123|S019|S028|S095
IT08308,TopicToken_08308 ProcessToken_034 PatternToken_078,Category_D,S024|S068
IT08309,TopicToken_08309 ProcessToken_087 PatternToken_068,Category_O,S073|S148|S230
IT08310,TopicToken_08310 ProcessToken_004 PatternToken_038,Category_R,S114|S052|S011|S143|S049
IT08311,TopicToken_08311 ProcessToken_183 PatternToken_062,Category_C,S225|S090|S029|S042
IT08312,TopicToken_08312 ProcessToken_177 PatternToken_001,Category_R,S224|S067|S136|S189
IT08313,TopicToken_08313 ProcessToken_173 PatternToken_083,Category_C,S190|S153|S166|S213
IT08314,TopicToken_08314 ProcessToken_068 PatternToken_058,Category_J,S159|S004
IT08315,TopicToken_08315 ProcessToken_070 PatternToken_012,Category_H,S157|S191|S056|S207
IT08316,TopicToken_08316 ProcessToken_066 PatternToken_048,Category_H,S106|S114
IT08317,TopicToken_08317 ProcessToken_186 PatternToken_012,Category_M,S082|S033
IT08318,TopicToken_08318 ProcessToken_064 PatternToken_015,Category_O,S144|S160|S170|S060|S023
IT08319,TopicToken_08319 ProcessToken_090 PatternToken_050,Category_C,S114|S066|S039|S023|S222
IT08320,TopicToken_08320 ProcessToken_121 PatternToken_082,Category_T,S091|S185|S076|S212
IT08321,TopicToken_08321 ProcessToken_020 PatternToken_058,Category_F,S055|S225|S220
IT08322,TopicToken_08322 ProcessToken_123 PatternToken_070,Category_F,S076|S098
IT08323,TopicToken_08323 ProcessToken_091 PatternToken_038,Category_Q,S046|S021
IT08324,TopicToken_08324 ProcessToken_178 PatternToken_008,Category_L,S152|S136|S097|S128
IT08325,TopicToken_08325 ProcessToken_148 PatternToken_047,Category_E,S183|S196
IT08326,TopicToken_08326 ProcessToken_011 PatternToken_011,Category_I,S127|S124|S104
IT08327,TopicToken_08327 ProcessToken_101 PatternToken_050,Category_S,S026|S197|S019
IT08328,TopicToken_08328 ProcessToken_129 PatternToken_013,Category_E,S232|S172|S039|S182|S154
IT08329,TopicToken_08329 ProcessToken_177 PatternToken_029,Category_K,S198|S222|S228
IT08330,TopicToken_08330 ProcessToken_168 PatternToken_040,Category_I,S193|S213
IT08331,TopicToken_08331 ProcessToken_031 PatternToken_084,Category_T,S089|S190|S216|S218
IT08332,TopicToken_08332 ProcessToken_148 PatternToken_057,Category_H,S212|S043|S025|S016|S042
IT08333,TopicToken_08333 ProcessToken_031 PatternToken_018,Category_D,S042|S136
IT08334,TopicToken_08334 ProcessToken_200 PatternToken_050,Category_I,S152|S064|S026
IT08335,TopicToken_08335 ProcessToken_052 PatternToken_047,Category_D,S087|S101|S142
IT08336,TopicToken_08336 ProcessToken_172 PatternToken_051,Category_I,S146|S074|S062
IT08337,TopicToken_08337 ProcessToken_116 PatternToken_067,Category_G,S026|S055|S170|S089
IT08338,TopicToken_08338 ProcessToken_105 PatternToken_087,Category_S,S140|S105|S043|S118
IT08339,TopicToken_08339 ProcessToken_015 PatternToken_088,Category_T,S068|S066|S205|S075|S032
IT08340,TopicToken_08340 ProcessToken_176 PatternToken_035,Category_B,S224|S080
IT08341,TopicToken_08341 ProcessToken_085 PatternToken_059,Category_K,S013|S096|S118|S154|S211
IT08342,TopicToken_08342 ProcessToken_142 PatternToken_058,Category_F,S052|S123|S034|S089|S071
IT08343,TopicToken_08343 ProcessToken_171 PatternToken_085,Category_P,S045|S134|S152
IT08344,TopicToken_08344 ProcessToken_099 PatternToken_046,Category_P,S016|S093
IT08345,TopicToken_08345 ProcessToken_178 PatternToken_072,Category_M,S170|S156
IT08346,TopicToken_08346 ProcessToken_160 PatternToken_041,Category_E,S027|S235|S020|S085
IT08347,TopicToken_08347 ProcessToken_086 PatternToken_083,Category_J,S158|S065|S136|S230
IT08348,TopicToken_08348 ProcessToken_090 PatternToken_009,Category_G,S030|S122|S236|S098|S013
IT08349,TopicToken_08349 ProcessToken_194 PatternToken_063,Category_F,S183|S138|S117
IT08350,TopicToken_08350 ProcessToken_180 PatternToken_022,Category_B,S003|S109|S239|S117
IT08351,TopicToken_08351 ProcessToken_129 PatternToken_061,Category_I,S136|S187|S093|S103
IT08352,TopicToken_08352 ProcessToken_166 PatternToken_026,Category_P,S215|S044
IT08353,TopicToken_08353 ProcessToken_089 PatternToken_090,Category_H,S002|S044|S164|S048|S166
IT08354,TopicToken_08354 ProcessToken_021 PatternToken_070,Category_H,S240|S212|S031|S064
IT08355,TopicToken_08355 ProcessToken_037 PatternToken_028,Category_S,S021|S223|S109|S073|S066
IT08356,TopicToken_08356 ProcessToken_173 PatternToken_057,Category_T,S057|S189
IT08357,TopicToken_08357 ProcessToken_087 PatternToken_058,Category_J,S086|S104|S232|S174|S138
IT08358,TopicToken_08358 ProcessToken_135 PatternToken_013,Category_N,S151|S200|S075|S074
IT08359,TopicToken_08359 ProcessToken_010 PatternToken_099,Category_S,S038|S051|S138|S231
IT08360,TopicToken_08360 ProcessToken_037 PatternToken_029,Category_N,S122|S119|S037|S078|S134
IT08361,TopicToken_08361 ProcessToken_134 PatternToken_061,Category_E,S148|S205|S051|S089
IT08362,TopicToken_08362 ProcessToken_029 PatternToken_001,Category_M,S161|S164
IT08363,TopicToken_08363 ProcessToken_024 PatternToken_090,Category_A,S148|S152|S024|S012|S070
IT08364,TopicToken_08364 ProcessToken_115 PatternToken_097,Category_D,S137|S006|S211|S086
IT08365,TopicToken_08365 ProcessToken_120 PatternToken_068,Category_S,S132|S017|S099
IT08366,TopicToken_08366 ProcessToken_099 PatternToken_016,Category_D,S069|S142|S160|S077|S161
IT08367,TopicToken_08367 ProcessToken_140 PatternToken_044,Category_P,S232|S225
IT08368,TopicToken_08368 ProcessToken_042 PatternToken_085,Category_J,S039|S133|S111|S095|S141
IT08369,TopicToken_08369 ProcessToken_193 PatternToken_074,Category_B,S105|S125|S120|S094
IT08370,TopicToken_08370 ProcessToken_050 PatternToken_014,Category_C,S080|S119|S212|S009
IT08371,TopicToken_08371 ProcessToken_146 PatternToken_033,Category_S,S015|S087|S007
IT08372,TopicToken_08372 ProcessToken_182 PatternToken_029,Category_P,S012|S192|S062|S009
IT08373,TopicToken_08373 ProcessToken_005 PatternToken_027,Category_I,S096|S230|S033|S034|S135
IT08374,TopicToken_08374 ProcessToken_149 PatternToken_046,Category_I,S207|S102|S009|S221
IT08375,TopicToken_08375 ProcessToken_121 PatternToken_029,Category_I,S204|S063|S046|S170
IT08376,TopicToken_08376 ProcessToken_149 PatternToken_027,Category_S,S004|S184
IT08377,TopicToken_08377 ProcessToken_160 PatternToken_026,Category_T,S005|S233
IT08378,TopicToken_08378 ProcessToken_115 PatternToken_009,Category_P,S203|S141|S036|S083|S031
IT08379,TopicToken_08379 ProcessToken_036 PatternToken_003,Category_B,S135|S118|S104|S114
IT08380,TopicToken_08380 ProcessToken_131 PatternToken_059,Category_J,S219|S091|S203|S234|S088
IT08381,TopicToken_08381 ProcessToken_106 PatternToken_093,Category_T,S075|S201|S072
IT08382,TopicToken_08382 ProcessToken_121 PatternToken_069,Category_P,S029|S116
IT08383,TopicToken_08383 ProcessToken_055 PatternToken_068,Category_M,S023|S155
IT08384,TopicToken_08384 ProcessToken_023 PatternToken_041,Category_R,S133|S048|S055
IT08385,TopicToken_08385 ProcessToken_145 PatternToken_046,Category_G,S069|S221|S068
IT08386,TopicToken_08386 ProcessToken_181 PatternToken_049,Category_I,S087|S151|S037
IT08387,TopicToken_08387 ProcessToken_137 PatternToken_099,Category_E,S066|S113|S010
IT08388,TopicToken_08388 ProcessToken_138 PatternToken_099,Category_J,S156|S179|S204|S062|S063
IT08389,TopicToken_08389 ProcessToken_068 PatternToken_072,Category_G,S161|S136|S092
IT08390,TopicToken_08390 ProcessToken_010 PatternToken_072,Category_L,S153|S129|S180|S064|S043
IT08391,TopicToken_08391 ProcessToken_189 PatternToken_077,Category_I,S070|S076|S015
IT08392,TopicToken_08392 ProcessToken_104 PatternToken_045,Category_P,S024|S161|S091|S228|S001
IT08393,TopicToken_08393 ProcessToken_090 PatternToken_016,Category_T,S092|S153
IT08394,TopicToken_08394 ProcessToken_143 PatternToken_012,Category_D,S058|S081|S019
IT08395,TopicToken_08395 ProcessToken_060 PatternToken_076,Category_T,S159|S050|S068|S097|S185
IT08396,TopicToken_08396 ProcessToken_152 PatternToken_024,Category_C,S102|S061
IT08397,TopicToken_08397 ProcessToken_071 PatternToken_021,Category_M,S156|S073|S207|S119
IT08398,TopicToken_08398 ProcessToken_196 PatternToken_067,Category_G,S009|S225|S150|S123|S142
IT08399,TopicToken_08399 ProcessToken_171 PatternToken_001,Category_E,S079|S088|S175
IT08400,TopicToken_08400 ProcessToken_096 PatternToken_056,Category_Q,S086|S105
IT08401,TopicToken_08401 ProcessToken_127 PatternToken_040,Category_D,S136|S220|S227
IT08402,TopicToken_08402 ProcessToken_121 PatternToken_028,Category_S,S029|S201|S006
IT08403,TopicToken_08403 ProcessToken_055 PatternToken_020,Category_D,S065|S237|S126|S206
IT08404,TopicToken_08404 ProcessToken_054 PatternToken_002,Category_E,S139|S197|S064
IT08405,TopicToken_08405 ProcessToken_129 PatternToken_095,Category_E,S167|S128|S145|S033
IT08406,TopicToken_08406 ProcessToken_120 PatternToken_071,Category_G,S029|S040|S099|S013|S088
IT08407,TopicToken_08407 ProcessToken_092 PatternToken_033,Category_H,S114|S128|S020|S067
IT08408,TopicToken_08408 ProcessToken_130 PatternToken_027,Category_H,S035|S169
IT08409,TopicToken_08409 ProcessToken_156 PatternToken_070,Category_L,S164|S013
IT08410,TopicToken_08410 ProcessToken_136 PatternToken_069,Category_G,S171|S083|S091
IT08411,TopicToken_08411 ProcessToken_194 PatternToken_014,Category_B,S031|S058|S073|S006|S016
IT08412,TopicToken_08412 ProcessToken_110 PatternToken_066,Category_S,S201|S235|S157|S168|S020
IT08413,TopicToken_08413 ProcessToken_062 PatternToken_046,Category_L,S030|S134
IT08414,TopicToken_08414 ProcessToken_078 PatternToken_072,Category_T,S070|S029|S125
IT08415,TopicToken_08415 ProcessToken_068 PatternToken_074,Category_H,S175|S012
IT08416,TopicToken_08416 ProcessToken_135 PatternToken_042,Category_R,S200|S017|S225
IT08417,TopicToken_08417 ProcessToken_061 PatternToken_024,Category_T,S050|S189|S040|S148|S208
IT08418,TopicToken_08418 ProcessToken_067 PatternToken_013,Category_O,S122|S064|S036|S201
IT08419,TopicToken_08419 ProcessToken_034 PatternToken_086,Category_P,S082|S238|S045
IT08420,TopicToken_08420 ProcessToken_099 PatternToken_035,Category_B,S040|S142|S141|S044|S155
IT08421,TopicToken_08421 ProcessToken_114 PatternToken_076,Category_F,S149|S220|S233|S083
IT08422,TopicToken_08422 ProcessToken_181 PatternToken_016,Category_S,S136|S004|S138
IT08423,TopicToken_08423 ProcessToken_111 PatternToken_036,Category_F,S009|S219|S142|S014
IT08424,TopicToken_08424 ProcessToken_063 PatternToken_024,Category_J,S059|S065|S034|S100|S235
IT08425,TopicToken_08425 ProcessToken_073 PatternToken_043,Category_J,S168|S141|S087|S134
IT08426,TopicToken_08426 ProcessToken_052 PatternToken_022,Category_M,S099|S026|S129|S185|S092
IT08427,TopicToken_08427 ProcessToken_109 PatternToken_021,Category_Q,S024|S022
IT08428,TopicToken_08428 ProcessToken_102 PatternToken_042,Category_A,S018|S155
IT08429,TopicToken_08429 ProcessToken_162 PatternToken_086,Category_D,S037|S084|S209|S107
IT08430,TopicToken_08430 ProcessToken_158 PatternToken_082,Category_Q,S096|S104|S158|S105|S076
IT08431,TopicToken_08431 ProcessToken_063 PatternToken_029,Category_I,S105|S067|S040|S210|S190
IT08432,TopicToken_08432 ProcessToken_081 PatternToken_055,Category_Q,S102|S028|S193
IT08433,TopicToken_08433 ProcessToken_058 PatternToken_015,Category_J,S098|S165|S065
IT08434,TopicToken_08434 ProcessToken_101 PatternToken_054,Category_B,S230|S135|S060
IT08435,TopicToken_08435 ProcessToken_149 PatternToken_056,Category_D,S055|S086
IT08436,TopicToken_08436 ProcessToken_004 PatternToken_043,Category_B,S122|S014|S100
IT08437,TopicToken_08437 ProcessToken_020 PatternToken_081,Category_Q,S224|S089|S152|S086
IT08438,TopicToken_08438 ProcessToken_171 PatternToken_034,Category_R,S201|S061|S058|S021
IT08439,TopicToken_08439 ProcessToken_108 PatternToken_036,Category_C,S217|S063|S131|S239|S071
IT08440,TopicToken_08440 ProcessToken_033 PatternToken_080,Category_I,S075|S125
IT08441,TopicToken_08441 ProcessToken_180 PatternToken_089,Category_O,S041|S175|S042|S046|S033
IT08442,TopicToken_08442 ProcessToken_093 PatternToken_011,Category_F,S169|S225|S118|S111
IT08443,TopicToken_08443 ProcessToken_024 PatternToken_053,Category_R,S166|S169|S230|S175
IT08444,TopicToken_08444 ProcessToken_018 PatternToken_085,Category_M,S177|S233|S063
IT08445,TopicToken_08445 ProcessToken_077 PatternToken_009,Category_P,S064|S052|S123|S189
IT08446,TopicToken_08446 ProcessToken_197 PatternToken_054,Category_I,S228|S003
IT08447,TopicToken_08447 ProcessToken_088 PatternToken_012,Category_G,S162|S089
IT08448,TopicToken_08448 ProcessToken_054 PatternToken_035,Category_T,S084|S125|S193
IT08449,TopicToken_08449 ProcessToken_194 PatternToken_016,Category_L,S069|S197
IT08450,TopicToken_08450 ProcessToken_023 PatternToken_010,Category_K,S201|S226|S013|S161|S172
IT08451,TopicToken_08451 ProcessToken_123 PatternToken_039,Category_N,S066|S189|S141|S157
IT08452,TopicToken_08452 ProcessToken_041 PatternToken_019,Category_S,S148|S078|S001
IT08453,TopicToken_08453 ProcessToken_160 PatternToken_065,Category_R,S115|S224
IT08454,TopicToken_08454 ProcessToken_110 PatternToken_093,Category_E,S111|S214|S080|S191
IT08455,TopicToken_08455 ProcessToken_091 PatternToken_099,Category_C,S080|S098
IT08456,TopicToken_08456 ProcessToken_030 PatternToken_054,Category_J,S020|S184|S154
IT08457,TopicToken_08457 ProcessToken_172 PatternToken_089,Category_T,S202|S210|S020|S159
IT08458,TopicToken_08458 ProcessToken_178 PatternToken_066,Category_N,S161|S157
IT08459,TopicToken_08459 ProcessToken_189 PatternToken_023,Category_K,S132|S092|S145|S115|S170
IT08460,TopicToken_08460 ProcessToken_031 PatternToken_008,Category_K,S129|S035|S188|S083
IT08461,TopicToken_08461 ProcessToken_175 PatternToken_063,Category_H,S104|S024|S222|S223
IT08462,TopicToken_08462 ProcessToken_065 PatternToken_073,Category_H,S234|S193|S089
IT08463,TopicToken_08463 ProcessToken_147 PatternToken_089,Category_M,S221|S099|S067
IT08464,TopicToken_08464 ProcessToken_086 PatternToken_055,Category_T,S088|S052|S188
IT08465,TopicToken_08465 ProcessToken_128 PatternToken_026,Category_Q,S013|S213|S179|S125
IT08466,TopicToken_08466 ProcessToken_139 PatternToken_021,Category_B,S033|S090|S211
IT08467,TopicToken_08467 ProcessToken_061 PatternToken_097,Category_D,S082|S171|S152
IT08468,TopicToken_08468 ProcessToken_082 PatternToken_037,Category_A,S042|S165|S079|S107
IT08469,TopicToken_08469 ProcessToken_196 PatternToken_067,Category_A,S172|S077|S216|S013
IT08470,TopicToken_08470 ProcessToken_070 PatternToken_033,Category_F,S018|S068
IT08471,TopicToken_08471 ProcessToken_076 PatternToken_045,Category_E,S100|S156|S080
IT08472,TopicToken_08472 ProcessToken_016 PatternToken_059,Category_A,S013|S010|S027|S019|S097
IT08473,TopicToken_08473 ProcessToken_136 PatternToken_055,Category_T,S033|S156
IT08474,TopicToken_08474 ProcessToken_052 PatternToken_091,Category_M,S037|S151|S216|S009
IT08475,TopicToken_08475 ProcessToken_158 PatternToken_064,Category_I,S129|S024|S238|S120|S187
IT08476,TopicToken_08476 ProcessToken_082 PatternToken_061,Category_D,S156|S030|S047
IT08477,TopicToken_08477 ProcessToken_072 PatternToken_098,Category_H,S108|S137
IT08478,TopicToken_08478 ProcessToken_070 PatternToken_087,Category_O,S010|S039|S150|S166
IT08479,TopicToken_08479 ProcessToken_176 PatternToken_076,Category_P,S020|S104|S227|S199
IT08480,TopicToken_08480 ProcessToken_108 PatternToken_089,Category_F,S189|S054|S167|S122
IT08481,TopicToken_08481 ProcessToken_132 PatternToken_094,Category_C,S027|S088
IT08482,TopicToken_08482 ProcessToken_152 PatternToken_069,Category_D,S224|S201|S155|S027|S092
IT08483,TopicToken_08483 ProcessToken_043 PatternToken_085,Category_Q,S048|S208
IT08484,TopicToken_08484 ProcessToken_192 PatternToken_001,Category_T,S051|S192|S133|S199|S213
IT08485,TopicToken_08485 ProcessToken_192 PatternToken_055,Category_O,S180|S087|S149
IT08486,TopicToken_08486 ProcessToken_012 PatternToken_027,Category_B,S118|S073|S100|S140
IT08487,TopicToken_08487 ProcessToken_099 PatternToken_086,Category_J,S041|S144|S157|S080
IT08488,TopicToken_08488 ProcessToken_125 PatternToken_065,Category_T,S065|S190
IT08489,TopicToken_08489 ProcessToken_006 PatternToken_046,Category_N,S135|S222
IT08490,TopicToken_08490 ProcessToken_191 PatternToken_006,Category_J,S112|S182|S105|S138
IT08491,TopicToken_08491 ProcessToken_195 PatternToken_057,Category_C,S009|S143|S075
IT08492,TopicToken_08492 ProcessToken_131 PatternToken_016,Category_T,S121|S018|S090|S035|S125
IT08493,TopicToken_08493 ProcessToken_073 PatternToken_097,Category_D,S003|S050|S212|S058|S179
IT08494,TopicToken_08494 ProcessToken_128 PatternToken_027,Category_N,S071|S043|S124|S057
IT08495,TopicToken_08495 ProcessToken_050 PatternToken_051,Category_T,S011|S080|S228|S020|S148
IT08496,TopicToken_08496 ProcessToken_112 PatternToken_083,Category_O,S089|S049|S183|S080
IT08497,TopicToken_08497 ProcessToken_114 PatternToken_033,Category_R,S101|S040|S015|S130
IT08498,TopicToken_08498 ProcessToken_071 PatternToken_019,Category_P,S192|S028|S012|S164
IT08499,TopicToken_08499 ProcessToken_198 PatternToken_069,Category_T,S233|S038|S202|S025|S064
IT08500,TopicToken_08500 ProcessToken_189 PatternToken_050,Category_I,S056|S203|S117|S043|S195
IT08501,TopicToken_08501 ProcessToken_091 PatternToken_052,Category_T,S227|S073|S226
IT08502,TopicToken_08502 ProcessToken_161 PatternToken_060,Category_A,S182|S071
IT08503,TopicToken_08503 ProcessToken_040 PatternToken_033,Category_D,S111|S240
IT08504,TopicToken_08504 ProcessToken_114 PatternToken_087,Category_F,S187|S084|S165|S094|S112
IT08505,TopicToken_08505 ProcessToken_170 PatternToken_084,Category_I,S072|S214|S077|S186
IT08506,TopicToken_08506 ProcessToken_104 PatternToken_004,Category_H,S084|S093|S165|S156
IT08507,TopicToken_08507 ProcessToken_105 PatternToken_086,Category_A,S178|S196|S016|S021
IT08508,TopicToken_08508 ProcessToken_127 PatternToken_085,Category_A,S118|S123
IT08509,TopicToken_08509 ProcessToken_109 PatternToken_100,Category_N,S161|S119|S208
IT08510,TopicToken_08510 ProcessToken_096 PatternToken_060,Category_T,S079|S013|S210|S010
IT08511,TopicToken_08511 ProcessToken_034 PatternToken_048,Category_I,S106|S016|S200|S215|S036
IT08512,TopicToken_08512 ProcessToken_036 PatternToken_092,Category_M,S068|S035|S161|S162
IT08513,TopicToken_08513 ProcessToken_144 PatternToken_002,Category_R,S166|S070|S151|S007|S183
IT08514,TopicToken_08514 ProcessToken_073 PatternToken_067,Category_B,S210|S227|S175|S087
IT08515,TopicToken_08515 ProcessToken_152 PatternToken_005,Category_P,S045|S227|S013|S149
IT08516,TopicToken_08516 ProcessToken_049 PatternToken_046,Category_Q,S231|S167
IT08517,TopicToken_08517 ProcessToken_138 PatternToken_038,Category_J,S048|S178|S041|S071|S032
IT08518,TopicToken_08518 ProcessToken_187 PatternToken_015,Category_J,S101|S076|S192
IT08519,TopicToken_08519 ProcessToken_052 PatternToken_090,Category_O,S019|S050|S088|S052|S075
IT08520,TopicToken_08520 ProcessToken_194 PatternToken_017,Category_Q,S195|S198|S055|S027|S033
IT08521,TopicToken_08521 ProcessToken_037 PatternToken_094,Category_G,S084|S074
IT08522,TopicToken_08522 ProcessToken_179 PatternToken_087,Category_H,S135|S175|S159
IT08523,TopicToken_08523 ProcessToken_133 PatternToken_089,Category_N,S118|S078|S060
IT08524,TopicToken_08524 ProcessToken_075 PatternToken_008,Category_Q,S133|S080|S012|S180
IT08525,TopicToken_08525 ProcessToken_124 PatternToken_030,Category_A,S188|S136
IT08526,TopicToken_08526 ProcessToken_142 PatternToken_037,Category_G,S152|S021
IT08527,TopicToken_08527 ProcessToken_089 PatternToken_041,Category_H,S176|S030|S183|S180
IT08528,TopicToken_08528 ProcessToken_091 PatternToken_021,Category_T,S232|S081
IT08529,TopicToken_08529 ProcessToken_065 PatternToken_029,Category_T,S127|S113|S131|S162
IT08530,TopicToken_08530 ProcessToken_172 PatternToken_031,Category_D,S192|S237|S133|S033
IT08531,TopicToken_08531 ProcessToken_119 PatternToken_018,Category_J,S178|S026
IT08532,TopicToken_08532 ProcessToken_077 PatternToken_042,Category_A,S065|S112|S025|S219
IT08533,TopicToken_08533 ProcessToken_104 PatternToken_011,Category_C,S089|S133
IT08534,TopicToken_08534 ProcessToken_107 PatternToken_046,Category_M,S088|S012|S223
IT08535,TopicToken_08535 ProcessToken_185 PatternToken_060,Category_N,S105|S188|S013|S006
IT08536,TopicToken_08536 ProcessToken_087 PatternToken_071,Category_C,S113|S179
IT08537,TopicToken_08537 ProcessToken_078 PatternToken_097,Category_R,S055|S166
IT08538,TopicToken_08538 ProcessToken_151 PatternToken_025,Category_H,S090|S200
IT08539,TopicToken_08539 ProcessToken_149 PatternToken_091,Category_B,S088|S031|S186
IT08540,TopicToken_08540 ProcessToken_150 PatternToken_002,Category_J,S084|S208|S010
IT08541,TopicToken_08541 ProcessToken_064 PatternToken_063,Category_S,S139|S198|S144|S024
IT08542,TopicToken_08542 ProcessToken_027 PatternToken_073,Category_O,S210|S122|S143|S195|S157
IT08543,TopicToken_08543 ProcessToken_163 PatternToken_057,Category_J,S049|S043|S225|S235
IT08544,TopicToken_08544 ProcessToken_040 PatternToken_051,Category_C,S019|S202|S099|S228|S119
IT08545,TopicToken_08545 ProcessToken_138 PatternToken_057,Category_N,S169|S035|S240|S110
IT08546,TopicToken_08546 ProcessToken_067 PatternToken_049,Category_J,S052|S210|S076|S200|S194
IT08547,TopicToken_08547 ProcessToken_193 PatternToken_017,Category_K,S163|S188|S086|S171
IT08548,TopicToken_08548 ProcessToken_076 PatternToken_008,Category_F,S193|S088|S208|S001
IT08549,TopicToken_08549 ProcessToken_193 PatternToken_049,Category_N,S198|S030
IT08550,TopicToken_08550 ProcessToken_097 PatternToken_053,Category_P,S127|S125|S060
IT08551,TopicToken_08551 ProcessToken_175 PatternToken_006,Category_R,S234|S207|S047|S240
IT08552,TopicToken_08552 ProcessToken_012 PatternToken_023,Category_S,S017|S031|S016
IT08553,TopicToken_08553 ProcessToken_166 PatternToken_020,Category_G,S146|S166|S119|S154|S127
IT08554,TopicToken_08554 ProcessToken_123 PatternToken_014,Category_H,S140|S112|S011|S054
IT08555,TopicToken_08555 ProcessToken_060 PatternToken_100,Category_M,S012|S215|S138|S112
IT08556,TopicToken_08556 ProcessToken_087 PatternToken_075,Category_M,S219|S009
IT08557,TopicToken_08557 ProcessToken_195 PatternToken_027,Category_P,S197|S207|S078|S187
IT08558,TopicToken_08558 ProcessToken_177 PatternToken_075,Category_A,S204|S188|S035
IT08559,TopicToken_08559 ProcessToken_108 PatternToken_048,Category_S,S190|S215|S072|S034|S227
IT08560,TopicToken_08560 ProcessToken_123 PatternToken_099,Category_L,S206|S080
IT08561,TopicToken_08561 ProcessToken_160 PatternToken_039,Category_H,S124|S067|S072
IT08562,TopicToken_08562 ProcessToken_197 PatternToken_021,Category_N,S080|S161
IT08563,TopicToken_08563 ProcessToken_054 PatternToken_067,Category_P,S141|S200|S234
IT08564,TopicToken_08564 ProcessToken_100 PatternToken_090,Category_H,S045|S103|S170|S122|S037
IT08565,TopicToken_08565 ProcessToken_012 PatternToken_034,Category_I,S174|S226
IT08566,TopicToken_08566 ProcessToken_046 PatternToken_069,Category_D,S111|S143|S116|S096|S123
IT08567,TopicToken_08567 ProcessToken_053 PatternToken_035,Category_S,S009|S080|S193
IT08568,TopicToken_08568 ProcessToken_156 PatternToken_067,Category_P,S236|S062|S004|S002
IT08569,TopicToken_08569 ProcessToken_120 PatternToken_011,Category_O,S021|S217|S102
IT08570,TopicToken_08570 ProcessToken_187 PatternToken_089,Category_S,S070|S048|S043
IT08571,TopicToken_08571 ProcessToken_165 PatternToken_084,Category_J,S017|S068|S235|S196
IT08572,TopicToken_08572 ProcessToken_124 PatternToken_003,Category_I,S148|S105|S153
IT08573,TopicToken_08573 ProcessToken_009 PatternToken_011,Category_G,S055|S150|S212|S173|S136
IT08574,TopicToken_08574 ProcessToken_068 PatternToken_010,Category_L,S235|S230
IT08575,TopicToken_08575 ProcessToken_073 PatternToken_086,Category_G,S213|S065|S218
IT08576,TopicToken_08576 ProcessToken_055 PatternToken_099,Category_L,S121|S199
IT08577,TopicToken_08577 ProcessToken_154 PatternToken_027,Category_D,S213|S205|S168
IT08578,TopicToken_08578 ProcessToken_069 PatternToken_047,Category_B,S237|S141
IT08579,TopicToken_08579 ProcessToken_074 PatternToken_036,Category_M,S161|S222|S134|S141
IT08580,TopicToken_08580 ProcessToken_181 PatternToken_014,Category_N,S053|S039|S140
IT08581,TopicToken_08581 ProcessToken_195 PatternToken_082,Category_G,S119|S008|S107|S229|S157
IT08582,TopicToken_08582 ProcessToken_018 PatternToken_032,Category_A,S187|S066|S234
IT08583,TopicToken_08583 ProcessToken_115 PatternToken_078,Category_R,S180|S231|S217|S116|S237
IT08584,TopicToken_08584 ProcessToken_124 PatternToken_083,Category_E,S180|S074|S175
IT08585,TopicToken_08585 ProcessToken_151 PatternToken_096,Category_P,S116|S206|S041
IT08586,TopicToken_08586 ProcessToken_075 PatternToken_001,Category_P,S008|S211|S003
IT08587,TopicToken_08587 ProcessToken_071 PatternToken_023,Category_R,S161|S171|S107|S110|S064
IT08588,TopicToken_08588 ProcessToken_026 PatternToken_012,Category_B,S207|S219
IT08589,TopicToken_08589 ProcessToken_063 PatternToken_087,Category_R,S154|S161|S126|S185
IT08590,TopicToken_08590 ProcessToken_043 PatternToken_054,Category_O,S010|S134|S229
IT08591,TopicToken_08591 ProcessToken_200 PatternToken_094,Category_S,S126|S053
IT08592,TopicToken_08592 ProcessToken_163 PatternToken_063,Category_N,S093|S103|S220|S043|S024
IT08593,TopicToken_08593 ProcessToken_049 PatternToken_064,Category_O,S133|S113
IT08594,TopicToken_08594 ProcessToken_053 PatternToken_015,Category_H,S234|S105|S031
IT08595,TopicToken_08595 ProcessToken_182 PatternToken_093,Category_D,S101|S054
IT08596,TopicToken_08596 ProcessToken_061 PatternToken_018,Category_L,S075|S238|S095|S052|S079
IT08597,TopicToken_08597 ProcessToken_114 PatternToken_061,Category_N,S141|S190|S158
IT08598,TopicToken_08598 ProcessToken_104 PatternToken_009,Category_B,S158|S064|S216|S016|S056
IT08599,TopicToken_08599 ProcessToken_039 PatternToken_077,Category_N,S153|S037|S020
IT08600,TopicToken_08600 ProcessToken_020 PatternToken_089,Category_C,S038|S056
IT08601,TopicToken_08601 ProcessToken_013 PatternToken_068,Category_H,S033|S045
IT08602,TopicToken_08602 ProcessToken_030 PatternToken_015,Category_R,S208|S113|S066
IT08603,TopicToken_08603 ProcessToken_079 PatternToken_078,Category_Q,S126|S068|S091
IT08604,TopicToken_08604 ProcessToken_024 PatternToken_075,Category_F,S104|S203|S232|S162
IT08605,TopicToken_08605 ProcessToken_140 PatternToken_091,Category_B,S239|S101|S079
IT08606,TopicToken_08606 ProcessToken_086 PatternToken_035,Category_E,S105|S076|S106|S072
IT08607,TopicToken_08607 ProcessToken_167 PatternToken_048,Category_J,S074|S051|S219|S117
IT08608,TopicToken_08608 ProcessToken_199 PatternToken_098,Category_A,S059|S175|S195|S183
IT08609,TopicToken_08609 ProcessToken_081 PatternToken_019,Category_T,S037|S054
IT08610,TopicToken_08610 ProcessToken_157 PatternToken_089,Category_O,S130|S176|S163
IT08611,TopicToken_08611 ProcessToken_183 PatternToken_030,Category_O,S036|S059|S090|S148|S025
IT08612,TopicToken_08612 ProcessToken_032 PatternToken_086,Category_O,S206|S092|S084|S058|S055
IT08613,TopicToken_08613 ProcessToken_176 PatternToken_056,Category_I,S095|S177|S019|S145|S030
IT08614,TopicToken_08614 ProcessToken_086 PatternToken_079,Category_T,S129|S221
IT08615,TopicToken_08615 ProcessToken_022 PatternToken_091,Category_C,S090|S215
IT08616,TopicToken_08616 ProcessToken_195 PatternToken_005,Category_D,S218|S077
IT08617,TopicToken_08617 ProcessToken_048 PatternToken_014,Category_K,S100|S029|S191|S162
IT08618,TopicToken_08618 ProcessToken_032 PatternToken_055,Category_K,S034|S061|S177|S032
IT08619,TopicToken_08619 ProcessToken_144 PatternToken_057,Category_D,S153|S150
IT08620,TopicToken_08620 ProcessToken_097 PatternToken_061,Category_J,S216|S203
IT08621,TopicToken_08621 ProcessToken_058 PatternToken_046,Category_F,S228|S188|S240|S215|S067
IT08622,TopicToken_08622 ProcessToken_062 PatternToken_020,Category_T,S014|S090|S075
IT08623,TopicToken_08623 ProcessToken_115 PatternToken_051,Category_B,S147|S061
IT08624,TopicToken_08624 ProcessToken_101 PatternToken_003,Category_E,S058|S098|S069|S191
IT08625,TopicToken_08625 ProcessToken_040 PatternToken_032,Category_H,S019|S072|S239|S170
IT08626,TopicToken_08626 ProcessToken_154 PatternToken_069,Category_P,S167|S210
IT08627,TopicToken_08627 ProcessToken_050 PatternToken_001,Category_D,S179|S161|S071|S091|S009
IT08628,TopicToken_08628 ProcessToken_154 PatternToken_068,Category_C,S047|S231|S155|S082|S012
IT08629,TopicToken_08629 ProcessToken_006 PatternToken_060,Category_F,S063|S207
IT08630,TopicToken_08630 ProcessToken_130 PatternToken_028,Category_B,S141|S133|S041
IT08631,TopicToken_08631 ProcessToken_144 PatternToken_018,Category_B,S210|S109|S078
IT08632,TopicToken_08632 ProcessToken_064 PatternToken_043,Category_O,S048|S168
IT08633,TopicToken_08633 ProcessToken_103 PatternToken_069,Category_T,S209|S101|S129
IT08634,TopicToken_08634 ProcessToken_085 PatternToken_083,Category_B,S092|S214|S162
IT08635,TopicToken_08635 ProcessToken_184 PatternToken_060,Category_O,S234|S142
IT08636,TopicToken_08636 ProcessToken_171 PatternToken_051,Category_F,S067|S032|S001
IT08637,TopicToken_08637 ProcessToken_194 PatternToken_037,Category_F,S171|S069|S076|S213
IT08638,TopicToken_08638 ProcessToken_157 PatternToken_023,Category_L,S001|S138|S223
IT08639,TopicToken_08639 ProcessToken_055 PatternToken_100,Category_L,S057|S089|S219|S048|S119
IT08640,TopicToken_08640 ProcessToken_150 PatternToken_034,Category_Q,S015|S014
IT08641,TopicToken_08641 ProcessToken_055 PatternToken_013,Category_C,S008|S054
IT08642,TopicToken_08642 ProcessToken_074 PatternToken_079,Category_S,S117|S202
IT08643,TopicToken_08643 ProcessToken_193 PatternToken_072,Category_O,S236|S144|S222
IT08644,TopicToken_08644 ProcessToken_113 PatternToken_067,Category_G,S122|S199|S057|S107
IT08645,TopicToken_08645 ProcessToken_158 PatternToken_058,Category_N,S145|S055|S090|S081
IT08646,TopicToken_08646 ProcessToken_113 PatternToken_080,Category_S,S090|S104
IT08647,TopicToken_08647 ProcessToken_048 PatternToken_026,Category_T,S057|S124|S071
IT08648,TopicToken_08648 ProcessToken_144 PatternToken_041,Category_B,S202|S074|S117|S166|S209
IT08649,TopicToken_08649 ProcessToken_042 PatternToken_087,Category_R,S158|S091|S046|S025
IT08650,TopicToken_08650 ProcessToken_132 PatternToken_005,Category_H,S237|S075
IT08651,TopicToken_08651 ProcessToken_029 PatternToken_026,Category_C,S130|S078|S095|S169|S159
IT08652,TopicToken_08652 ProcessToken_040 PatternToken_030,Category_O,S202|S111|S211|S193|S184
IT08653,TopicToken_08653 ProcessToken_092 PatternToken_054,Category_G,S013|S223|S213|S137
IT08654,TopicToken_08654 ProcessToken_184 PatternToken_036,Category_N,S155|S194
IT08655,TopicToken_08655 ProcessToken_100 PatternToken_022,Category_E,S102|S218
IT08656,TopicToken_08656 ProcessToken_062 PatternToken_058,Category_M,S125|S087|S127
IT08657,TopicToken_08657 ProcessToken_040 PatternToken_011,Category_B,S201|S191|S214|S160
IT08658,TopicToken_08658 ProcessToken_133 PatternToken_069,Category_J,S098|S046|S120
IT08659,TopicToken_08659 ProcessToken_035 PatternToken_076,Category_A,S231|S057|S189|S006|S179
IT08660,TopicToken_08660 ProcessToken_074 PatternToken_058,Category_B,S072|S145|S185
IT08661,TopicToken_08661 ProcessToken_017 PatternToken_036,Category_D,S129|S113|S136|S221
IT08662,TopicToken_08662 ProcessToken_018 PatternToken_056,Category_H,S161|S196|S168
IT08663,TopicToken_08663 ProcessToken_101 PatternToken_046,Category_L,S142|S106|S084
IT08664,TopicToken_08664 ProcessToken_144 PatternToken_006,Category_Q,S083|S233|S006
IT08665,TopicToken_08665 ProcessToken_027 PatternToken_069,Category_K,S002|S096
IT08666,TopicToken_08666 ProcessToken_114 PatternToken_014,Category_D,S208|S068|S133|S150
IT08667,TopicToken_08667 ProcessToken_061 PatternToken_072,Category_C,S154|S057|S095|S123|S056
IT08668,TopicToken_08668 ProcessToken_198 PatternToken_058,Category_T,S158|S059|S163|S148
IT08669,TopicToken_08669 ProcessToken_064 PatternToken_044,Category_L,S221|S072|S143
IT08670,TopicToken_08670 ProcessToken_176 PatternToken_065,Category_L,S194|S035|S202
IT08671,TopicToken_08671 ProcessToken_069 PatternToken_083,Category_T,S076|S173|S196|S045
IT08672,TopicToken_08672 ProcessToken_061 PatternToken_023,Category_A,S165|S043|S014|S021
IT08673,TopicToken_08673 ProcessToken_136 PatternToken_036,Category_K,S201|S112|S206|S070|S038
IT08674,TopicToken_08674 ProcessToken_086 PatternToken_036,Category_M,S125|S203|S109
IT08675,TopicToken_08675 ProcessToken_097 PatternToken_017,Category_H,S060|S137|S201
IT08676,TopicToken_08676 ProcessToken_046 PatternToken_053,Category_I,S003|S172|S041
IT08677,TopicToken_08677 ProcessToken_196 PatternToken_053,Category_J,S065|S200
IT08678,TopicToken_08678 ProcessToken_046 PatternToken_054,Category_G,S029|S092|S233|S163|S200
IT08679,TopicToken_08679 ProcessToken_076 PatternToken_076,Category_I,S093|S185|S187|S062
IT08680,TopicToken_08680 ProcessToken_091 PatternToken_015,Category_B,S180|S200|S079|S183|S054
IT08681,TopicToken_08681 ProcessToken_026 PatternToken_025,Category_D,S200|S148
IT08682,TopicToken_08682 ProcessToken_026 PatternToken_077,Category_S,S168|S228|S213|S211
IT08683,TopicToken_08683 ProcessToken_172 PatternToken_004,Category_L,S181|S041
IT08684,TopicToken_08684 ProcessToken_081 PatternToken_010,Category_Q,S076|S103|S017
IT08685,TopicToken_08685 ProcessToken_061 PatternToken_052,Category_P,S015|S230|S069
IT08686,TopicToken_08686 ProcessToken_171 PatternToken_024,Category_F,S011|S169|S064
IT08687,TopicToken_08687 ProcessToken_138 PatternToken_053,Category_A,S037|S087|S116|S136|S034
IT08688,TopicToken_08688 ProcessToken_088 PatternToken_024,Category_C,S089|S117|S093|S140
IT08689,TopicToken_08689 ProcessToken_141 PatternToken_047,Category_B,S134|S097|S210|S178|S042
IT08690,TopicToken_08690 ProcessToken_007 PatternToken_028,Category_F,S150|S118|S110|S195|S073
IT08691,TopicToken_08691 ProcessToken_081 PatternToken_050,Category_O,S056|S214
IT08692,TopicToken_08692 ProcessToken_078 PatternToken_100,Category_I,S020|S011|S014|S223|S094
IT08693,TopicToken_08693 ProcessToken_040 PatternToken_037,Category_Q,S132|S047|S174
IT08694,TopicToken_08694 ProcessToken_198 PatternToken_078,Category_D,S042|S014|S155
IT08695,TopicToken_08695 ProcessToken_173 PatternToken_084,Category_A,S070|S126|S159|S055|S221
IT08696,TopicToken_08696 ProcessToken_055 PatternToken_095,Category_L,S216|S204
IT08697,TopicToken_08697 ProcessToken_141 PatternToken_100,Category_D,S238|S224
IT08698,TopicToken_08698 ProcessToken_030 PatternToken_073,Category_Q,S179|S153
IT08699,TopicToken_08699 ProcessToken_093 PatternToken_018,Category_K,S016|S073|S186|S058|S206
IT08700,TopicToken_08700 ProcessToken_149 PatternToken_065,Category_D,S143|S041|S198|S122
IT08701,TopicToken_08701 ProcessToken_084 PatternToken_033,Category_M,S115|S207
IT08702,TopicToken_08702 ProcessToken_029 PatternToken_058,Category_C,S073|S106|S162|S151
IT08703,TopicToken_08703 ProcessToken_102 PatternToken_078,Category_T,S053|S104
IT08704,TopicToken_08704 ProcessToken_040 PatternToken_033,Category_C,S194|S121
IT08705,TopicToken_08705 ProcessToken_001 PatternToken_033,Category_C,S209|S009
IT08706,TopicToken_08706 ProcessToken_078 PatternToken_011,Category_P,S024|S140|S233|S084
IT08707,TopicToken_08707 ProcessToken_141 PatternToken_057,Category_I,S106|S234|S218
IT08708,TopicToken_08708 ProcessToken_078 PatternToken_098,Category_A,S059|S067|S100|S192|S049
IT08709,TopicToken_08709 ProcessToken_117 PatternToken_035,Category_N,S221|S124|S179|S094
IT08710,TopicToken_08710 ProcessToken_102 PatternToken_096,Category_D,S153|S186|S142|S034|S207
IT08711,TopicToken_08711 ProcessToken_034 PatternToken_083,Category_H,S147|S115|S143|S006
IT08712,TopicToken_08712 ProcessToken_113 PatternToken_029,Category_D,S016|S073|S083
IT08713,TopicToken_08713 ProcessToken_028 PatternToken_066,Category_H,S205|S211|S048|S130
IT08714,TopicToken_08714 ProcessToken_004 PatternToken_040,Category_Q,S066|S132
IT08715,TopicToken_08715 ProcessToken_100 PatternToken_054,Category_A,S082|S042|S127
IT08716,TopicToken_08716 ProcessToken_176 PatternToken_034,Category_H,S065|S060
IT08717,TopicToken_08717 ProcessToken_165 PatternToken_078,Category_M,S155|S011
IT08718,TopicToken_08718 ProcessToken_158 PatternToken_074,Category_D,S002|S101|S072
IT08719,TopicToken_08719 ProcessToken_173 PatternToken_080,Category_A,S151|S066|S148|S032
IT08720,TopicToken_08720 ProcessToken_061 PatternToken_001,Category_K,S116|S210|S092|S064|S057
IT08721,TopicToken_08721 ProcessToken_076 PatternToken_093,Category_R,S224|S090
IT08722,TopicToken_08722 ProcessToken_144 PatternToken_003,Category_P,S077|S226|S175
IT08723,TopicToken_08723 ProcessToken_184 PatternToken_011,Category_K,S234|S053
IT08724,TopicToken_08724 ProcessToken_115 PatternToken_097,Category_I,S120|S193|S175
IT08725,TopicToken_08725 ProcessToken_195 PatternToken_030,Category_F,S230|S091|S145|S022
IT08726,TopicToken_08726 ProcessToken_159 PatternToken_099,Category_M,S043|S178|S239
IT08727,TopicToken_08727 ProcessToken_101 PatternToken_007,Category_P,S140|S159|S161
IT08728,TopicToken_08728 ProcessToken_200 PatternToken_021,Category_L,S121|S206|S232|S234
IT08729,TopicToken_08729 ProcessToken_160 PatternToken_033,Category_H,S179|S065|S084|S120
IT08730,TopicToken_08730 ProcessToken_027 PatternToken_047,Category_E,S033|S189|S144|S106
IT08731,TopicToken_08731 ProcessToken_044 PatternToken_047,Category_S,S020|S095|S146
IT08732,TopicToken_08732 ProcessToken_198 PatternToken_042,Category_R,S138|S033|S208
IT08733,TopicToken_08733 ProcessToken_136 PatternToken_037,Category_E,S028|S201|S228|S071
IT08734,TopicToken_08734 ProcessToken_014 PatternToken_095,Category_K,S140|S123
IT08735,TopicToken_08735 ProcessToken_094 PatternToken_048,Category_I,S110|S041
IT08736,TopicToken_08736 ProcessToken_110 PatternToken_076,Category_C,S086|S117|S235|S199|S161
IT08737,TopicToken_08737 ProcessToken_027 PatternToken_050,Category_O,S211|S047
IT08738,TopicToken_08738 ProcessToken_140 PatternToken_070,Category_S,S119|S209
IT08739,TopicToken_08739 ProcessToken_144 PatternToken_053,Category_O,S212|S064|S008|S137
IT08740,TopicToken_08740 ProcessToken_129 PatternToken_070,Category_O,S002|S172|S177|S148|S171
IT08741,TopicToken_08741 ProcessToken_049 PatternToken_094,Category_T,S026|S192|S115
IT08742,TopicToken_08742 ProcessToken_129 PatternToken_099,Category_C,S126|S038|S228
IT08743,TopicToken_08743 ProcessToken_102 PatternToken_022,Category_T,S083|S143|S113|S189
IT08744,TopicToken_08744 ProcessToken_074 PatternToken_032,Category_O,S232|S178
IT08745,TopicToken_08745 ProcessToken_007 PatternToken_076,Category_B,S084|S077|S045|S200
IT08746,TopicToken_08746 ProcessToken_015 PatternToken_091,Category_R,S222|S165|S183|S117
IT08747,TopicToken_08747 ProcessToken_085 PatternToken_090,Category_T,S017|S113|S018|S177|S144
IT08748,TopicToken_08748 ProcessToken_142 PatternToken_074,Category_K,S205|S152|S081
IT08749,TopicToken_08749 ProcessToken_013 PatternToken_091,Category_Q,S041|S118|S093|S186|S025
IT08750,TopicToken_08750 ProcessToken_088 PatternToken_058,Category_M,S181|S029|S066|S125|S176
IT08751,TopicToken_08751 ProcessToken_119 PatternToken_091,Category_T,S017|S155
IT08752,TopicToken_08752 ProcessToken_079 PatternToken_099,Category_P,S035|S232|S150|S005|S043
IT08753,TopicToken_08753 ProcessToken_007 PatternToken_088,Category_D,S200|S110
IT08754,TopicToken_08754 ProcessToken_038 PatternToken_088,Category_B,S079|S038
IT08755,TopicToken_08755 ProcessToken_082 PatternToken_086,Category_S,S095|S185|S188
IT08756,TopicToken_08756 ProcessToken_099 PatternToken_045,Category_O,S212|S139|S216
IT08757,TopicToken_08757 ProcessToken_188 PatternToken_007,Category_Q,S215|S032|S022|S211|S087
IT08758,TopicToken_08758 ProcessToken_096 PatternToken_050,Category_N,S137|S093|S092|S027|S167
IT08759,TopicToken_08759 ProcessToken_157 PatternToken_077,Category_C,S232|S192|S119
IT08760,TopicToken_08760 ProcessToken_125 PatternToken_083,Category_S,S047|S118|S154|S217
IT08761,TopicToken_08761 ProcessToken_129 PatternToken_069,Category_J,S235|S156|S021
IT08762,TopicToken_08762 ProcessToken_167 PatternToken_011,Category_A,S072|S101|S015|S008|S127
IT08763,TopicToken_08763 ProcessToken_155 PatternToken_051,Category_A,S186|S219|S017|S105
IT08764,TopicToken_08764 ProcessToken_068 PatternToken_070,Category_T,S094|S167|S011
IT08765,TopicToken_08765 ProcessToken_153 PatternToken_016,Category_T,S023|S114
IT08766,TopicToken_08766 ProcessToken_088 PatternToken_087,Category_K,S016|S140|S198|S030
IT08767,TopicToken_08767 ProcessToken_046 PatternToken_092,Category_A,S161|S094|S102|S229|S009
IT08768,TopicToken_08768 ProcessToken_167 PatternToken_071,Category_G,S081|S087|S181|S213|S019
IT08769,TopicToken_08769 ProcessToken_152 PatternToken_078,Category_H,S175|S147|S031
IT08770,TopicToken_08770 ProcessToken_144 PatternToken_042,Category_C,S162|S173|S238
IT08771,TopicToken_08771 ProcessToken_094 PatternToken_043,Category_B,S144|S234|S056
IT08772,TopicToken_08772 ProcessToken_195 PatternToken_015,Category_B,S085|S034|S108
IT08773,TopicToken_08773 ProcessToken_130 PatternToken_067,Category_O,S105|S131|S220
IT08774,TopicToken_08774 ProcessToken_055 PatternToken_044,Category_P,S040|S101|S147
IT08775,TopicToken_08775 ProcessToken_132 PatternToken_045,Category_P,S197|S116|S225|S081|S048
IT08776,TopicToken_08776 ProcessToken_102 PatternToken_095,Category_M,S173|S211
IT08777,TopicToken_08777 ProcessToken_149 PatternToken_052,Category_I,S147|S222|S136|S225
IT08778,TopicToken_08778 ProcessToken_058 PatternToken_011,Category_S,S080|S219|S027|S180
IT08779,TopicToken_08779 ProcessToken_100 PatternToken_026,Category_G,S218|S229|S048|S136
IT08780,TopicToken_08780 ProcessToken_138 PatternToken_007,Category_K,S118|S240|S074|S196
IT08781,TopicToken_08781 ProcessToken_010 PatternToken_072,Category_P,S224|S089|S020|S149
IT08782,TopicToken_08782 ProcessToken_054 PatternToken_083,Category_T,S077|S095|S186|S088
IT08783,TopicToken_08783 ProcessToken_179 PatternToken_013,Category_N,S240|S138
IT08784,TopicToken_08784 ProcessToken_019 PatternToken_081,Category_M,S030|S074
IT08785,TopicToken_08785 ProcessToken_132 PatternToken_050,Category_S,S211|S091|S032|S022|S044
IT08786,TopicToken_08786 ProcessToken_144 PatternToken_030,Category_D,S097|S179|S145|S234
IT08787,TopicToken_08787 ProcessToken_107 PatternToken_074,Category_A,S185|S181|S086|S014
IT08788,TopicToken_08788 ProcessToken_151 PatternToken_032,Category_R,S228|S146|S113
IT08789,TopicToken_08789 ProcessToken_166 PatternToken_092,Category_T,S218|S109|S040|S179|S143
IT08790,TopicToken_08790 ProcessToken_130 PatternToken_038,Category_T,S161|S230|S220|S231|S239
IT08791,TopicToken_08791 ProcessToken_153 PatternToken_054,Category_O,S007|S232|S226
IT08792,TopicToken_08792 ProcessToken_058 PatternToken_054,Category_E,S195|S073|S004|S015|S010
IT08793,TopicToken_08793 ProcessToken_031 PatternToken_036,Category_P,S059|S048
IT08794,TopicToken_08794 ProcessToken_043 PatternToken_024,Category_T,S019|S046
IT08795,TopicToken_08795 ProcessToken_111 PatternToken_014,Category_L,S037|S181|S195|S217|S099
IT08796,TopicToken_08796 ProcessToken_019 PatternToken_031,Category_E,S098|S127
IT08797,TopicToken_08797 ProcessToken_153 PatternToken_087,Category_E,S113|S072|S229
IT08798,TopicToken_08798 ProcessToken_150 PatternToken_086,Category_L,S117|S170|S137|S167|S062
IT08799,TopicToken_08799 ProcessToken_181 PatternToken_041,Category_G,S146|S155
IT08800,TopicToken_08800 ProcessToken_147 PatternToken_009,Category_R,S129|S100|S070|S095|S198
IT08801,TopicToken_08801 ProcessToken_133 PatternToken_083,Category_P,S012|S161
IT08802,TopicToken_08802 ProcessToken_136 PatternToken_004,Category_I,S005|S148|S062|S185
IT08803,TopicToken_08803 ProcessToken_057 PatternToken_055,Category_S,S030|S231|S015|S144|S227
IT08804,TopicToken_08804 ProcessToken_084 PatternToken_077,Category_K,S016|S102|S166|S026|S187
IT08805,TopicToken_08805 ProcessToken_003 PatternToken_050,Category_I,S149|S205|S036|S077
IT08806,TopicToken_08806 ProcessToken_081 PatternToken_052,Category_R,S213|S148|S045|S090|S165
IT08807,TopicToken_08807 ProcessToken_049 PatternToken_030,Category_P,S162|S188
IT08808,TopicToken_08808 ProcessToken_192 PatternToken_030,Category_H,S224|S011|S190
IT08809,TopicToken_08809 ProcessToken_104 PatternToken_006,Category_E,S034|S147|S098
IT08810,TopicToken_08810 ProcessToken_036 PatternToken_089,Category_G,S013|S018
IT08811,TopicToken_08811 ProcessToken_179 PatternToken_095,Category_M,S077|S145|S156|S006|S058
IT08812,TopicToken_08812 ProcessToken_032 PatternToken_076,Category_R,S174|S224|S031
IT08813,TopicToken_08813 ProcessToken_001 PatternToken_019,Category_T,S123|S231|S169|S216
IT08814,TopicToken_08814 ProcessToken_047 PatternToken_082,Category_H,S167|S090|S098|S161
IT08815,TopicToken_08815 ProcessToken_139 PatternToken_003,Category_R,S035|S003|S238|S229
IT08816,TopicToken_08816 ProcessToken_173 PatternToken_034,Category_S,S051|S006|S027|S236
IT08817,TopicToken_08817 ProcessToken_107 PatternToken_026,Category_T,S100|S162|S065
IT08818,TopicToken_08818 ProcessToken_175 PatternToken_097,Category_H,S208|S005|S067
IT08819,TopicToken_08819 ProcessToken_097 PatternToken_071,Category_E,S174|S068
IT08820,TopicToken_08820 ProcessToken_078 PatternToken_077,Category_K,S213|S031|S126|S062|S133
IT08821,TopicToken_08821 ProcessToken_005 PatternToken_070,Category_S,S155|S113|S053|S029
IT08822,TopicToken_08822 ProcessToken_081 PatternToken_016,Category_R,S110|S208|S183
IT08823,TopicToken_08823 ProcessToken_160 PatternToken_033,Category_C,S115|S118
IT08824,TopicToken_08824 ProcessToken_015 PatternToken_052,Category_O,S164|S160|S191|S119
IT08825,TopicToken_08825 ProcessToken_104 PatternToken_037,Category_M,S040|S240
IT08826,TopicToken_08826 ProcessToken_062 PatternToken_017,Category_E,S095|S147
IT08827,TopicToken_08827 ProcessToken_010 PatternToken_069,Category_N,S239|S112
IT08828,TopicToken_08828 ProcessToken_041 PatternToken_079,Category_Q,S159|S113|S032
IT08829,TopicToken_08829 ProcessToken_186 PatternToken_097,Category_G,S113|S019|S104
IT08830,TopicToken_08830 ProcessToken_031 PatternToken_034,Category_L,S020|S219|S084
IT08831,TopicToken_08831 ProcessToken_019 PatternToken_100,Category_L,S202|S176|S179|S166|S159
IT08832,TopicToken_08832 ProcessToken_042 PatternToken_016,Category_J,S159|S171
IT08833,TopicToken_08833 ProcessToken_079 PatternToken_073,Category_B,S110|S158|S043
IT08834,TopicToken_08834 ProcessToken_191 PatternToken_049,Category_F,S046|S061|S146
IT08835,TopicToken_08835 ProcessToken_117 PatternToken_018,Category_D,S208|S121
IT08836,TopicToken_08836 ProcessToken_051 PatternToken_090,Category_L,S109|S112|S234
IT08837,TopicToken_08837 ProcessToken_152 PatternToken_066,Category_B,S044|S115|S054
IT08838,TopicToken_08838 ProcessToken_018 PatternToken_026,Category_C,S124|S039|S116|S163|S061
IT08839,TopicToken_08839 ProcessToken_192 PatternToken_055,Category_Q,S208|S222|S013
IT08840,TopicToken_08840 ProcessToken_056 PatternToken_011,Category_P,S153|S055|S217|S146
IT08841,TopicToken_08841 ProcessToken_154 PatternToken_100,Category_H,S214|S209
IT08842,TopicToken_08842 ProcessToken_005 PatternToken_066,Category_Q,S113|S136|S005|S026|S195
IT08843,TopicToken_08843 ProcessToken_164 PatternToken_046,Category_M,S176|S137|S097|S078|S153
IT08844,TopicToken_08844 ProcessToken_173 PatternToken_032,Category_T,S004|S102
IT08845,TopicToken_08845 ProcessToken_135 PatternToken_007,Category_I,S207|S077|S230|S138|S238
IT08846,TopicToken_08846 ProcessToken_068 PatternToken_045,Category_M,S210|S189|S021|S024|S228
IT08847,TopicToken_08847 ProcessToken_053 PatternToken_084,Category_Q,S148|S070|S026|S151
IT08848,TopicToken_08848 ProcessToken_046 PatternToken_031,Category_T,S116|S032|S141
IT08849,TopicToken_08849 ProcessToken_107 PatternToken_007,Category_C,S013|S235|S021|S130|S204
IT08850,TopicToken_08850 ProcessToken_184 PatternToken_010,Category_K,S162|S117|S153
IT08851,TopicToken_08851 ProcessToken_098 PatternToken_020,Category_P,S010|S129|S240|S142|S191
IT08852,TopicToken_08852 ProcessToken_070 PatternToken_093,Category_M,S168|S177|S089|S215|S008
IT08853,TopicToken_08853 ProcessToken_138 PatternToken_030,Category_A,S232|S026|S072
IT08854,TopicToken_08854 ProcessToken_180 PatternToken_100,Category_D,S166|S009|S103
IT08855,TopicToken_08855 ProcessToken_001 PatternToken_002,Category_L,S084|S088
IT08856,TopicToken_08856 ProcessToken_055 PatternToken_087,Category_E,S106|S024
IT08857,TopicToken_08857 ProcessToken_172 PatternToken_067,Category_G,S167|S021
IT08858,TopicToken_08858 ProcessToken_189 PatternToken_031,Category_R,S055|S068|S019
IT08859,TopicToken_08859 ProcessToken_161 PatternToken_045,Category_R,S167|S234|S068
IT08860,TopicToken_08860 ProcessToken_047 PatternToken_052,Category_G,S218|S140|S239
IT08861,TopicToken_08861 ProcessToken_021 PatternToken_046,Category_Q,S121|S212|S230
IT08862,TopicToken_08862 ProcessToken_120 PatternToken_047,Category_Q,S125|S111|S138|S139
IT08863,TopicToken_08863 ProcessToken_127 PatternToken_089,Category_T,S141|S004|S152|S010|S113
IT08864,TopicToken_08864 ProcessToken_141 PatternToken_045,Category_D,S231|S094|S027|S169
IT08865,TopicToken_08865 ProcessToken_184 PatternToken_038,Category_Q,S146|S095|S225|S164
IT08866,TopicToken_08866 ProcessToken_194 PatternToken_035,Category_E,S056|S149
IT08867,TopicToken_08867 ProcessToken_094 PatternToken_005,Category_T,S006|S010|S012|S227
IT08868,TopicToken_08868 ProcessToken_179 PatternToken_019,Category_G,S139|S076|S036|S057|S016
IT08869,TopicToken_08869 ProcessToken_054 PatternToken_003,Category_M,S044|S055|S038|S024
IT08870,TopicToken_08870 ProcessToken_113 PatternToken_087,Category_A,S012|S066
IT08871,TopicToken_08871 ProcessToken_081 PatternToken_026,Category_R,S002|S076|S118|S152
IT08872,TopicToken_08872 ProcessToken_093 PatternToken_030,Category_N,S115|S106|S193
IT08873,TopicToken_08873 ProcessToken_075 PatternToken_064,Category_I,S240|S048|S066|S221|S150
IT08874,TopicToken_08874 ProcessToken_076 PatternToken_098,Category_M,S200|S109|S094|S228|S147
IT08875,TopicToken_08875 ProcessToken_078 PatternToken_048,Category_O,S144|S119
IT08876,TopicToken_08876 ProcessToken_021 PatternToken_002,Category_O,S209|S097|S054|S036
IT08877,TopicToken_08877 ProcessToken_116 PatternToken_064,Category_M,S037|S020
IT08878,TopicToken_08878 ProcessToken_106 PatternToken_012,Category_D,S235|S060
IT08879,TopicToken_08879 ProcessToken_029 PatternToken_062,Category_T,S224|S051
IT08880,TopicToken_08880 ProcessToken_060 PatternToken_057,Category_P,S024|S173|S050|S014|S042
IT08881,TopicToken_08881 ProcessToken_094 PatternToken_044,Category_A,S207|S216|S201
IT08882,TopicToken_08882 ProcessToken_191 PatternToken_004,Category_N,S227|S182|S016|S154|S050
IT08883,TopicToken_08883 ProcessToken_176 PatternToken_050,Category_H,S121|S211|S028
IT08884,TopicToken_08884 ProcessToken_117 PatternToken_072,Category_I,S133|S136|S042
IT08885,TopicToken_08885 ProcessToken_045 PatternToken_029,Category_N,S016|S177|S012
IT08886,TopicToken_08886 ProcessToken_077 PatternToken_096,Category_I,S018|S173|S034
IT08887,TopicToken_08887 ProcessToken_065 PatternToken_080,Category_O,S160|S023|S129|S165|S196
IT08888,TopicToken_08888 ProcessToken_149 PatternToken_003,Category_H,S110|S150|S171
IT08889,TopicToken_08889 ProcessToken_120 PatternToken_011,Category_T,S178|S052|S006|S094
IT08890,TopicToken_08890 ProcessToken_103 PatternToken_072,Category_M,S206|S033
IT08891,TopicToken_08891 ProcessToken_085 PatternToken_068,Category_L,S095|S184|S018
IT08892,TopicToken_08892 ProcessToken_074 PatternToken_038,Category_H,S037|S149|S103|S152
IT08893,TopicToken_08893 ProcessToken_115 PatternToken_004,Category_F,S098|S052
IT08894,TopicToken_08894 ProcessToken_147 PatternToken_007,Category_J,S188|S113
IT08895,TopicToken_08895 ProcessToken_050 PatternToken_008,Category_E,S201|S065|S042|S143
IT08896,TopicToken_08896 ProcessToken_132 PatternToken_077,Category_Q,S064|S147|S126
IT08897,TopicToken_08897 ProcessToken_112 PatternToken_023,Category_M,S084|S102|S109|S028
IT08898,TopicToken_08898 ProcessToken_038 PatternToken_099,Category_F,S081|S215
IT08899,TopicToken_08899 ProcessToken_030 PatternToken_088,Category_M,S146|S204|S008
IT08900,TopicToken_08900 ProcessToken_183 PatternToken_002,Category_C,S079|S146|S084|S140
IT08901,TopicToken_08901 ProcessToken_138 PatternToken_051,Category_G,S016|S104|S037|S198|S025
IT08902,TopicToken_08902 ProcessToken_034 PatternToken_082,Category_N,S137|S089|S118|S156
IT08903,TopicToken_08903 ProcessToken_098 PatternToken_093,Category_D,S015|S096|S157
IT08904,TopicToken_08904 ProcessToken_134 PatternToken_066,Category_S,S221|S083
IT08905,TopicToken_08905 ProcessToken_118 PatternToken_073,Category_R,S109|S049|S046|S194
IT08906,TopicToken_08906 ProcessToken_080 PatternToken_064,Category_L,S171|S091|S115
IT08907,TopicToken_08907 ProcessToken_054 PatternToken_077,Category_Q,S200|S046|S115|S233
IT08908,TopicToken_08908 ProcessToken_026 PatternToken_090,Category_G,S192|S240|S105|S224|S102
IT08909,TopicToken_08909 ProcessToken_166 PatternToken_018,Category_D,S012|S091|S061|S106|S227
IT08910,TopicToken_08910 ProcessToken_125 PatternToken_080,Category_K,S148|S074|S030|S085
IT08911,TopicToken_08911 ProcessToken_186 PatternToken_059,Category_O,S111|S132|S179
IT08912,TopicToken_08912 ProcessToken_085 PatternToken_082,Category_P,S055|S075|S068|S233
IT08913,TopicToken_08913 ProcessToken_130 PatternToken_031,Category_A,S024|S212|S027|S042|S055
IT08914,TopicToken_08914 ProcessToken_119 PatternToken_031,Category_L,S160|S126
IT08915,TopicToken_08915 ProcessToken_173 PatternToken_064,Category_D,S044|S014
IT08916,TopicToken_08916 ProcessToken_176 PatternToken_024,Category_G,S240|S165|S007|S201|S135
IT08917,TopicToken_08917 ProcessToken_165 PatternToken_042,Category_J,S118|S105
IT08918,TopicToken_08918 ProcessToken_146 PatternToken_047,Category_G,S203|S178
IT08919,TopicToken_08919 ProcessToken_063 PatternToken_004,Category_E,S014|S007|S197|S235
IT08920,TopicToken_08920 ProcessToken_181 PatternToken_084,Category_H,S223|S045|S060|S130|S052
IT08921,TopicToken_08921 ProcessToken_029 PatternToken_069,Category_F,S098|S152|S149|S107|S201
IT08922,TopicToken_08922 ProcessToken_065 PatternToken_030,Category_M,S240|S239
IT08923,TopicToken_08923 ProcessToken_016 PatternToken_015,Category_N,S059|S012|S184|S164
IT08924,TopicToken_08924 ProcessToken_059 PatternToken_008,Category_B,S197|S014|S226|S173|S011
IT08925,TopicToken_08925 ProcessToken_131 PatternToken_016,Category_N,S033|S145
IT08926,TopicToken_08926 ProcessToken_165 PatternToken_064,Category_P,S045|S124
IT08927,TopicToken_08927 ProcessToken_094 PatternToken_069,Category_J,S062|S089
IT08928,TopicToken_08928 ProcessToken_089 PatternToken_010,Category_A,S237|S209|S035|S114|S154
IT08929,TopicToken_08929 ProcessToken_109 PatternToken_009,Category_E,S008|S077
IT08930,TopicToken_08930 ProcessToken_055 PatternToken_060,Category_O,S119|S028|S097|S152
IT08931,TopicToken_08931 ProcessToken_043 PatternToken_016,Category_T,S088|S185|S036|S080|S146
IT08932,TopicToken_08932 ProcessToken_082 PatternToken_064,Category_B,S186|S110|S048|S102
IT08933,TopicToken_08933 ProcessToken_070 PatternToken_057,Category_D,S231|S039|S045
IT08934,TopicToken_08934 ProcessToken_183 PatternToken_070,Category_I,S237|S007|S165
IT08935,TopicToken_08935 ProcessToken_082 PatternToken_028,Category_H,S223|S057|S175|S088|S156
IT08936,TopicToken_08936 ProcessToken_162 PatternToken_046,Category_F,S236|S106|S140|S030
IT08937,TopicToken_08937 ProcessToken_080 PatternToken_014,Category_O,S054|S177|S151
IT08938,TopicToken_08938 ProcessToken_129 PatternToken_020,Category_J,S185|S209|S164|S169
IT08939,TopicToken_08939 ProcessToken_164 PatternToken_087,Category_J,S012|S034|S057|S077|S166
IT08940,TopicToken_08940 ProcessToken_064 PatternToken_057,Category_N,S230|S208
IT08941,TopicToken_08941 ProcessToken_118 PatternToken_028,Category_H,S212|S145|S122|S192|S023
IT08942,TopicToken_08942 ProcessToken_061 PatternToken_047,Category_P,S224|S172
IT08943,TopicToken_08943 ProcessToken_199 PatternToken_054,Category_H,S099|S144|S069|S053
IT08944,TopicToken_08944 ProcessToken_028 PatternToken_073,Category_A,S065|S179|S047|S139
IT08945,TopicToken_08945 ProcessToken_101 PatternToken_050,Category_F,S023|S239|S195|S110
IT08946,TopicToken_08946 ProcessToken_032 PatternToken_015,Category_C,S156|S210|S198|S060|S144
IT08947,TopicToken_08947 ProcessToken_123 PatternToken_022,Category_H,S022|S148|S204|S062
IT08948,TopicToken_08948 ProcessToken_036 PatternToken_063,Category_M,S191|S113|S073
IT08949,TopicToken_08949 ProcessToken_119 PatternToken_072,Category_I,S120|S005|S090|S198
IT08950,TopicToken_08950 ProcessToken_044 PatternToken_030,Category_L,S067|S142|S054
IT08951,TopicToken_08951 ProcessToken_009 PatternToken_085,Category_J,S191|S150|S063|S156
IT08952,TopicToken_08952 ProcessToken_081 PatternToken_076,Category_I,S210|S066|S122|S167
IT08953,TopicToken_08953 ProcessToken_007 PatternToken_092,Category_O,S104|S223|S129|S166|S157
IT08954,TopicToken_08954 ProcessToken_100 PatternToken_025,Category_L,S175|S214|S050|S101
IT08955,TopicToken_08955 ProcessToken_132 PatternToken_017,Category_P,S225|S075
IT08956,TopicToken_08956 ProcessToken_032 PatternToken_035,Category_C,S025|S064|S121|S132
IT08957,TopicToken_08957 ProcessToken_019 PatternToken_090,Category_E,S222|S029
IT08958,TopicToken_08958 ProcessToken_025 PatternToken_036,Category_Q,S041|S207|S174
IT08959,TopicToken_08959 ProcessToken_184 PatternToken_031,Category_J,S045|S146|S124|S034
IT08960,TopicToken_08960 ProcessToken_064 PatternToken_036,Category_D,S158|S122|S029
IT08961,TopicToken_08961 ProcessToken_063 PatternToken_052,Category_G,S232|S177
IT08962,TopicToken_08962 ProcessToken_193 PatternToken_039,Category_M,S094|S062|S154
IT08963,TopicToken_08963 ProcessToken_064 PatternToken_058,Category_I,S170|S102|S183
IT08964,TopicToken_08964 ProcessToken_142 PatternToken_065,Category_F,S081|S217|S004|S019
IT08965,TopicToken_08965 ProcessToken_091 PatternToken_081,Category_E,S125|S034|S032
IT08966,TopicToken_08966 ProcessToken_155 PatternToken_075,Category_L,S188|S010|S171
IT08967,TopicToken_08967 ProcessToken_180 PatternToken_081,Category_S,S144|S177|S024
IT08968,TopicToken_08968 ProcessToken_077 PatternToken_007,Category_N,S223|S109
IT08969,TopicToken_08969 ProcessToken_063 PatternToken_042,Category_I,S124|S049|S137|S196|S237
IT08970,TopicToken_08970 ProcessToken_134 PatternToken_070,Category_I,S004|S070|S099|S119|S115
IT08971,TopicToken_08971 ProcessToken_118 PatternToken_070,Category_N,S062|S071|S053
IT08972,TopicToken_08972 ProcessToken_042 PatternToken_031,Category_G,S207|S200|S065|S037
IT08973,TopicToken_08973 ProcessToken_153 PatternToken_050,Category_R,S103|S140|S152
IT08974,TopicToken_08974 ProcessToken_122 PatternToken_037,Category_K,S113|S038|S104|S081
IT08975,TopicToken_08975 ProcessToken_049 PatternToken_082,Category_I,S180|S102|S152|S136
IT08976,TopicToken_08976 ProcessToken_183 PatternToken_066,Category_G,S143|S063|S099|S085
IT08977,TopicToken_08977 ProcessToken_122 PatternToken_050,Category_H,S013|S160|S073|S106
IT08978,TopicToken_08978 ProcessToken_110 PatternToken_044,Category_T,S019|S014|S046|S013
IT08979,TopicToken_08979 ProcessToken_158 PatternToken_030,Category_C,S122|S202|S041|S087
IT08980,TopicToken_08980 ProcessToken_078 PatternToken_014,Category_F,S058|S098
IT08981,TopicToken_08981 ProcessToken_085 PatternToken_051,Category_A,S038|S204|S119|S135
IT08982,TopicToken_08982 ProcessToken_066 PatternToken_021,Category_P,S063|S229|S146|S087|S225
IT08983,TopicToken_08983 ProcessToken_045 PatternToken_097,Category_F,S221|S222|S083|S114
IT08984,TopicToken_08984 ProcessToken_001 PatternToken_046,Category_A,S002|S189|S136|S067
IT08985,TopicToken_08985 ProcessToken_086 PatternToken_098,Category_P,S021|S206|S107|S220|S095
IT08986,TopicToken_08986 ProcessToken_166 PatternToken_064,Category_I,S023|S044
IT08987,TopicToken_08987 ProcessToken_110 PatternToken_088,Category_I,S211|S125
IT08988,TopicToken_08988 ProcessToken_047 PatternToken_092,Category_P,S161|S060|S002
IT08989,TopicToken_08989 ProcessToken_119 PatternToken_012,Category_T,S005|S001|S062|S183|S169
IT08990,TopicToken_08990 ProcessToken_035 PatternToken_020,Category_Q,S157|S238|S037
IT08991,TopicToken_08991 ProcessToken_162 PatternToken_029,Category_S,S026|S117|S212|S076|S053
IT08992,TopicToken_08992 ProcessToken_197 PatternToken_013,Category_N,S098|S007|S189|S110|S102
IT08993,TopicToken_08993 ProcessToken_162 PatternToken_023,Category_A,S230|S204|S047|S170
IT08994,TopicToken_08994 ProcessToken_125 PatternToken_036,Category_H,S216|S029
IT08995,TopicToken_08995 ProcessToken_199 PatternToken_094,Category_S,S086|S045|S110|S141|S234
IT08996,TopicToken_08996 ProcessToken_100 PatternToken_076,Category_F,S016|S080|S063|S023|S148
IT08997,TopicToken_08997 ProcessToken_136 PatternToken_090,Category_S,S157|S028
IT08998,TopicToken_08998 ProcessToken_179 PatternToken_007,Category_K,S212|S207|S137|S165
IT08999,TopicToken_08999 ProcessToken_004 PatternToken_029,Category_H,S094|S212|S115|S046|S158
IT09000,TopicToken_09000 ProcessToken_037 PatternToken_014,Category_B,S137|S056|S105|S012
IT09001,TopicToken_09001 ProcessToken_119 PatternToken_080,Category_D,S030|S158|S071|S092|S194
IT09002,TopicToken_09002 ProcessToken_166 PatternToken_098,Category_H,S028|S108
IT09003,TopicToken_09003 ProcessToken_082 PatternToken_096,Category_P,S134|S178|S158|S102
IT09004,TopicToken_09004 ProcessToken_020 PatternToken_069,Category_K,S012|S193|S053|S182
IT09005,TopicToken_09005 ProcessToken_081 PatternToken_064,Category_E,S158|S220|S053
IT09006,TopicToken_09006 ProcessToken_030 PatternToken_039,Category_A,S097|S038|S171
IT09007,TopicToken_09007 ProcessToken_019 PatternToken_087,Category_R,S040|S143|S209|S072
IT09008,TopicToken_09008 ProcessToken_061 PatternToken_054,Category_B,S029|S210|S065|S067|S174
IT09009,TopicToken_09009 ProcessToken_085 PatternToken_072,Category_O,S109|S226|S221
IT09010,TopicToken_09010 ProcessToken_088 PatternToken_048,Category_E,S012|S221
IT09011,TopicToken_09011 ProcessToken_014 PatternToken_011,Category_M,S079|S026|S043|S190
IT09012,TopicToken_09012 ProcessToken_067 PatternToken_039,Category_G,S222|S099|S075|S029
IT09013,TopicToken_09013 ProcessToken_129 PatternToken_013,Category_M,S175|S038|S054|S110
IT09014,TopicToken_09014 ProcessToken_154 PatternToken_090,Category_C,S096|S188|S226|S193|S213
IT09015,TopicToken_09015 ProcessToken_077 PatternToken_099,Category_L,S223|S066|S195
IT09016,TopicToken_09016 ProcessToken_058 PatternToken_064,Category_C,S005|S201|S182|S049|S218
IT09017,TopicToken_09017 ProcessToken_032 PatternToken_037,Category_H,S105|S050|S226|S227|S013
IT09018,TopicToken_09018 ProcessToken_144 PatternToken_094,Category_H,S146|S223
IT09019,TopicToken_09019 ProcessToken_103 PatternToken_074,Category_D,S029|S132|S056|S213
IT09020,TopicToken_09020 ProcessToken_021 PatternToken_038,Category_O,S190|S028|S137
IT09021,TopicToken_09021 ProcessToken_182 PatternToken_026,Category_G,S205|S131|S055|S075
IT09022,TopicToken_09022 ProcessToken_025 PatternToken_088,Category_R,S048|S055|S077
IT09023,TopicToken_09023 ProcessToken_043 PatternToken_084,Category_I,S109|S192|S172|S045|S239
IT09024,TopicToken_09024 ProcessToken_129 PatternToken_077,Category_R,S203|S035|S085
IT09025,TopicToken_09025 ProcessToken_099 PatternToken_029,Category_S,S063|S097
IT09026,TopicToken_09026 ProcessToken_200 PatternToken_004,Category_R,S030|S148|S005|S120
IT09027,TopicToken_09027 ProcessToken_064 PatternToken_040,Category_D,S197|S030
IT09028,TopicToken_09028 ProcessToken_188 PatternToken_078,Category_H,S112|S096
IT09029,TopicToken_09029 ProcessToken_168 PatternToken_027,Category_M,S134|S138
IT09030,TopicToken_09030 ProcessToken_193 PatternToken_059,Category_J,S072|S228|S093|S197
IT09031,TopicToken_09031 ProcessToken_002 PatternToken_014,Category_Q,S003|S029
IT09032,TopicToken_09032 ProcessToken_153 PatternToken_001,Category_L,S021|S167|S015|S014
IT09033,TopicToken_09033 ProcessToken_141 PatternToken_042,Category_C,S132|S080|S240|S050
IT09034,TopicToken_09034 ProcessToken_075 PatternToken_042,Category_J,S238|S186|S080|S085|S205
IT09035,TopicToken_09035 ProcessToken_200 PatternToken_097,Category_M,S217|S010
IT09036,TopicToken_09036 ProcessToken_060 PatternToken_079,Category_T,S005|S216|S208|S030|S144
IT09037,TopicToken_09037 ProcessToken_105 PatternToken_007,Category_H,S088|S019
IT09038,TopicToken_09038 ProcessToken_142 PatternToken_027,Category_T,S088|S159|S099
IT09039,TopicToken_09039 ProcessToken_169 PatternToken_098,Category_M,S008|S066|S062|S210|S153
IT09040,TopicToken_09040 ProcessToken_144 PatternToken_091,Category_F,S070|S212|S001|S151
IT09041,TopicToken_09041 ProcessToken_038 PatternToken_094,Category_H,S134|S039|S185|S041|S199
IT09042,TopicToken_09042 ProcessToken_026 PatternToken_017,Category_S,S189|S043
IT09043,TopicToken_09043 ProcessToken_138 PatternToken_078,Category_B,S062|S125|S172
IT09044,TopicToken_09044 ProcessToken_141 PatternToken_001,Category_P,S094|S013
IT09045,TopicToken_09045 ProcessToken_172 PatternToken_026,Category_R,S030|S057|S069
IT09046,TopicToken_09046 ProcessToken_013 PatternToken_044,Category_C,S131|S061|S213|S221
IT09047,TopicToken_09047 ProcessToken_128 PatternToken_044,Category_C,S147|S162|S226|S228|S061
IT09048,TopicToken_09048 ProcessToken_092 PatternToken_061,Category_Q,S004|S025|S222|S201|S015
IT09049,TopicToken_09049 ProcessToken_056 PatternToken_038,Category_B,S148|S109|S140|S106|S096
IT09050,TopicToken_09050 ProcessToken_038 PatternToken_094,Category_T,S231|S103|S215
IT09051,TopicToken_09051 ProcessToken_183 PatternToken_066,Category_B,S194|S128
IT09052,TopicToken_09052 ProcessToken_105 PatternToken_041,Category_E,S220|S062|S016|S114
IT09053,TopicToken_09053 ProcessToken_055 PatternToken_087,Category_O,S234|S136|S119
IT09054,TopicToken_09054 ProcessToken_095 PatternToken_007,Category_H,S021|S094|S052
IT09055,TopicToken_09055 ProcessToken_071 PatternToken_059,Category_C,S026|S172|S100
IT09056,TopicToken_09056 ProcessToken_014 PatternToken_097,Category_H,S177|S057|S128
IT09057,TopicToken_09057 ProcessToken_182 PatternToken_029,Category_C,S181|S127|S226|S132|S095
IT09058,TopicToken_09058 ProcessToken_015 PatternToken_025,Category_P,S066|S006|S144
IT09059,TopicToken_09059 ProcessToken_177 PatternToken_073,Category_O,S113|S154
IT09060,TopicToken_09060 ProcessToken_002 PatternToken_048,Category_B,S156|S104|S178|S068
IT09061,TopicToken_09061 ProcessToken_155 PatternToken_043,Category_B,S176|S240
IT09062,TopicToken_09062 ProcessToken_155 PatternToken_086,Category_A,S084|S168
IT09063,TopicToken_09063 ProcessToken_071 PatternToken_083,Category_M,S021|S165|S087
IT09064,TopicToken_09064 ProcessToken_009 PatternToken_063,Category_D,S232|S162|S153
IT09065,TopicToken_09065 ProcessToken_136 PatternToken_052,Category_N,S182|S123
IT09066,TopicToken_09066 ProcessToken_034 PatternToken_065,Category_S,S116|S218|S222
IT09067,TopicToken_09067 ProcessToken_166 PatternToken_065,Category_B,S159|S235
IT09068,TopicToken_09068 ProcessToken_162 PatternToken_052,Category_R,S090|S184|S152|S230
IT09069,TopicToken_09069 ProcessToken_117 PatternToken_095,Category_L,S138|S207
IT09070,TopicToken_09070 ProcessToken_120 PatternToken_087,Category_Q,S070|S018|S240
IT09071,TopicToken_09071 ProcessToken_115 PatternToken_070,Category_K,S017|S039|S098|S115|S099
IT09072,TopicToken_09072 ProcessToken_116 PatternToken_053,Category_L,S076|S018|S221
IT09073,TopicToken_09073 ProcessToken_057 PatternToken_001,Category_K,S210|S043|S005
IT09074,TopicToken_09074 ProcessToken_144 PatternToken_067,Category_D,S200|S221|S059|S069
IT09075,TopicToken_09075 ProcessToken_114 PatternToken_008,Category_I,S071|S029|S193|S153
IT09076,TopicToken_09076 ProcessToken_164 PatternToken_047,Category_N,S115|S146|S016|S160|S025
IT09077,TopicToken_09077 ProcessToken_174 PatternToken_020,Category_I,S122|S116|S213
IT09078,TopicToken_09078 ProcessToken_131 PatternToken_028,Category_M,S148|S095|S171|S156|S058
IT09079,TopicToken_09079 ProcessToken_021 PatternToken_054,Category_B,S018|S009|S227|S133|S199
IT09080,TopicToken_09080 ProcessToken_092 PatternToken_008,Category_T,S180|S062|S198|S027|S183
IT09081,TopicToken_09081 ProcessToken_025 PatternToken_065,Category_L,S055|S023|S193
IT09082,TopicToken_09082 ProcessToken_005 PatternToken_086,Category_S,S136|S166|S034|S090
IT09083,TopicToken_09083 ProcessToken_013 PatternToken_082,Category_D,S110|S080|S201|S135
IT09084,TopicToken_09084 ProcessToken_035 PatternToken_019,Category_A,S194|S088|S092|S204
IT09085,TopicToken_09085 ProcessToken_026 PatternToken_022,Category_H,S113|S058
IT09086,TopicToken_09086 ProcessToken_191 PatternToken_037,Category_I,S217|S184|S071|S037|S215
IT09087,TopicToken_09087 ProcessToken_001 PatternToken_067,Category_K,S122|S221
IT09088,TopicToken_09088 ProcessToken_066 PatternToken_026,Category_F,S217|S131|S023
IT09089,TopicToken_09089 ProcessToken_049 PatternToken_049,Category_B,S128|S125|S013|S009|S129
IT09090,TopicToken_09090 ProcessToken_183 PatternToken_093,Category_G,S179|S183
IT09091,TopicToken_09091 ProcessToken_073 PatternToken_075,Category_F,S124|S033
IT09092,TopicToken_09092 ProcessToken_107 PatternToken_011,Category_N,S130|S186|S177|S182
IT09093,TopicToken_09093 ProcessToken_178 PatternToken_038,Category_F,S035|S036|S127
IT09094,TopicToken_09094 ProcessToken_099 PatternToken_019,Category_S,S166|S006|S073|S183|S012
IT09095,TopicToken_09095 ProcessToken_130 PatternToken_040,Category_M,S135|S045|S032|S240
IT09096,TopicToken_09096 ProcessToken_013 PatternToken_095,Category_R,S126|S232
IT09097,TopicToken_09097 ProcessToken_066 PatternToken_093,Category_M,S179|S122|S192
IT09098,TopicToken_09098 ProcessToken_184 PatternToken_040,Category_Q,S083|S222|S086|S058|S173
IT09099,TopicToken_09099 ProcessToken_090 PatternToken_096,Category_O,S082|S101
IT09100,TopicToken_09100 ProcessToken_051 PatternToken_039,Category_K,S149|S053|S206
IT09101,TopicToken_09101 ProcessToken_157 PatternToken_054,Category_O,S207|S028|S178|S118|S122
IT09102,TopicToken_09102 ProcessToken_063 PatternToken_100,Category_P,S004|S161|S133
IT09103,TopicToken_09103 ProcessToken_161 PatternToken_085,Category_B,S021|S023
IT09104,TopicToken_09104 ProcessToken_152 PatternToken_069,Category_R,S175|S233|S192
IT09105,TopicToken_09105 ProcessToken_088 PatternToken_094,Category_R,S027|S226
IT09106,TopicToken_09106 ProcessToken_095 PatternToken_077,Category_A,S192|S176|S230
IT09107,TopicToken_09107 ProcessToken_081 PatternToken_017,Category_M,S194|S002|S042|S092
IT09108,TopicToken_09108 ProcessToken_162 PatternToken_052,Category_P,S214|S151|S165|S147|S082
IT09109,TopicToken_09109 ProcessToken_119 PatternToken_036,Category_Q,S088|S223|S069|S067|S201
IT09110,TopicToken_09110 ProcessToken_180 PatternToken_066,Category_S,S186|S139
IT09111,TopicToken_09111 ProcessToken_147 PatternToken_058,Category_D,S092|S066|S024|S126|S053
IT09112,TopicToken_09112 ProcessToken_059 PatternToken_060,Category_D,S222|S063|S111
IT09113,TopicToken_09113 ProcessToken_021 PatternToken_014,Category_S,S100|S179|S083|S229
IT09114,TopicToken_09114 ProcessToken_054 PatternToken_081,Category_G,S103|S095
IT09115,TopicToken_09115 ProcessToken_091 PatternToken_071,Category_E,S028|S208|S228
IT09116,TopicToken_09116 ProcessToken_028 PatternToken_036,Category_N,S128|S106
IT09117,TopicToken_09117 ProcessToken_101 PatternToken_025,Category_O,S112|S240|S095|S092|S037
IT09118,TopicToken_09118 ProcessToken_125 PatternToken_083,Category_J,S028|S096|S031|S111
IT09119,TopicToken_09119 ProcessToken_017 PatternToken_046,Category_A,S190|S071|S170
IT09120,TopicToken_09120 ProcessToken_113 PatternToken_011,Category_R,S138|S149|S183|S124|S058
IT09121,TopicToken_09121 ProcessToken_171 PatternToken_060,Category_O,S075|S140|S129
IT09122,TopicToken_09122 ProcessToken_053 PatternToken_034,Category_R,S218|S079|S103|S182|S152
IT09123,TopicToken_09123 ProcessToken_015 PatternToken_044,Category_G,S079|S012|S069
IT09124,TopicToken_09124 ProcessToken_066 PatternToken_017,Category_O,S221|S017|S238|S220|S104
IT09125,TopicToken_09125 ProcessToken_069 PatternToken_017,Category_L,S083|S188|S126|S056
IT09126,TopicToken_09126 ProcessToken_065 PatternToken_042,Category_M,S043|S148|S069|S020
IT09127,TopicToken_09127 ProcessToken_100 PatternToken_082,Category_N,S065|S116|S239
IT09128,TopicToken_09128 ProcessToken_019 PatternToken_051,Category_C,S106|S167|S193|S199
IT09129,TopicToken_09129 ProcessToken_078 PatternToken_004,Category_I,S078|S161|S179|S072|S131
IT09130,TopicToken_09130 ProcessToken_028 PatternToken_025,Category_K,S064|S229
IT09131,TopicToken_09131 ProcessToken_167 PatternToken_078,Category_R,S056|S074|S237|S071
IT09132,TopicToken_09132 ProcessToken_109 PatternToken_044,Category_F,S174|S216
IT09133,TopicToken_09133 ProcessToken_141 PatternToken_072,Category_J,S203|S190|S016|S100
IT09134,TopicToken_09134 ProcessToken_132 PatternToken_087,Category_G,S087|S124|S058|S062
IT09135,TopicToken_09135 ProcessToken_021 PatternToken_065,Category_O,S128|S037|S070|S160|S237
IT09136,TopicToken_09136 ProcessToken_027 PatternToken_021,Category_K,S206|S018|S133|S083
IT09137,TopicToken_09137 ProcessToken_018 PatternToken_035,Category_O,S091|S015|S184|S047|S192
IT09138,TopicToken_09138 ProcessToken_078 PatternToken_092,Category_L,S073|S109|S034
IT09139,TopicToken_09139 ProcessToken_141 PatternToken_072,Category_R,S027|S116|S011|S164
IT09140,TopicToken_09140 ProcessToken_099 PatternToken_021,Category_P,S191|S065|S148
IT09141,TopicToken_09141 ProcessToken_003 PatternToken_076,Category_H,S161|S037
IT09142,TopicToken_09142 ProcessToken_173 PatternToken_038,Category_H,S023|S020
IT09143,TopicToken_09143 ProcessToken_102 PatternToken_099,Category_S,S193|S107|S007|S178
IT09144,TopicToken_09144 ProcessToken_150 PatternToken_038,Category_H,S236|S028|S009|S198|S019
IT09145,TopicToken_09145 ProcessToken_027 PatternToken_078,Category_N,S059|S126|S149|S046|S086
IT09146,TopicToken_09146 ProcessToken_011 PatternToken_084,Category_M,S066|S003|S026|S228|S116
IT09147,TopicToken_09147 ProcessToken_042 PatternToken_010,Category_F,S030|S154|S201
IT09148,TopicToken_09148 ProcessToken_177 PatternToken_077,Category_R,S021|S047
IT09149,TopicToken_09149 ProcessToken_045 PatternToken_017,Category_Q,S037|S167|S168|S144|S077
IT09150,TopicToken_09150 ProcessToken_086 PatternToken_063,Category_E,S168|S010|S084
IT09151,TopicToken_09151 ProcessToken_076 PatternToken_026,Category_K,S105|S150|S112|S208
IT09152,TopicToken_09152 ProcessToken_024 PatternToken_033,Category_S,S207|S141|S031|S162|S238
IT09153,TopicToken_09153 ProcessToken_030 PatternToken_039,Category_C,S222|S152|S135|S027
IT09154,TopicToken_09154 ProcessToken_127 PatternToken_045,Category_C,S107|S132|S069|S001|S217
IT09155,TopicToken_09155 ProcessToken_049 PatternToken_036,Category_J,S069|S206
IT09156,TopicToken_09156 ProcessToken_018 PatternToken_047,Category_A,S004|S031|S140|S056
IT09157,TopicToken_09157 ProcessToken_124 PatternToken_035,Category_A,S085|S113|S020
IT09158,TopicToken_09158 ProcessToken_064 PatternToken_092,Category_L,S233|S144|S096|S236
IT09159,TopicToken_09159 ProcessToken_013 PatternToken_042,Category_M,S106|S120|S239
IT09160,TopicToken_09160 ProcessToken_112 PatternToken_077,Category_I,S154|S192|S030|S070|S073
IT09161,TopicToken_09161 ProcessToken_119 PatternToken_049,Category_Q,S046|S186|S150|S141
IT09162,TopicToken_09162 ProcessToken_170 PatternToken_040,Category_P,S166|S155|S132|S084|S080
IT09163,TopicToken_09163 ProcessToken_074 PatternToken_085,Category_T,S175|S009
IT09164,TopicToken_09164 ProcessToken_137 PatternToken_020,Category_R,S057|S219
IT09165,TopicToken_09165 ProcessToken_115 PatternToken_098,Category_P,S222|S196
IT09166,TopicToken_09166 ProcessToken_034 PatternToken_072,Category_K,S105|S235|S237|S159|S211
IT09167,TopicToken_09167 ProcessToken_090 PatternToken_050,Category_S,S192|S098|S027|S076
IT09168,TopicToken_09168 ProcessToken_073 PatternToken_038,Category_K,S129|S009|S093
IT09169,TopicToken_09169 ProcessToken_164 PatternToken_095,Category_F,S072|S147|S084|S141|S037
IT09170,TopicToken_09170 ProcessToken_032 PatternToken_045,Category_C,S074|S166|S168|S175
IT09171,TopicToken_09171 ProcessToken_149 PatternToken_064,Category_C,S047|S153|S186
IT09172,TopicToken_09172 ProcessToken_159 PatternToken_022,Category_R,S042|S029|S235|S096|S221
IT09173,TopicToken_09173 ProcessToken_089 PatternToken_047,Category_G,S052|S069|S174|S189|S034
IT09174,TopicToken_09174 ProcessToken_052 PatternToken_096,Category_K,S101|S001|S156|S098
IT09175,TopicToken_09175 ProcessToken_035 PatternToken_078,Category_O,S078|S080
IT09176,TopicToken_09176 ProcessToken_011 PatternToken_056,Category_M,S191|S198
IT09177,TopicToken_09177 ProcessToken_102 PatternToken_084,Category_K,S057|S124|S132|S007|S137
IT09178,TopicToken_09178 ProcessToken_093 PatternToken_094,Category_T,S119|S107|S144|S003
IT09179,TopicToken_09179 ProcessToken_164 PatternToken_092,Category_I,S193|S190
IT09180,TopicToken_09180 ProcessToken_007 PatternToken_087,Category_B,S139|S066
IT09181,TopicToken_09181 ProcessToken_090 PatternToken_081,Category_O,S004|S216
IT09182,TopicToken_09182 ProcessToken_149 PatternToken_001,Category_L,S021|S041|S209
IT09183,TopicToken_09183 ProcessToken_074 PatternToken_092,Category_M,S036|S173|S228|S120
IT09184,TopicToken_09184 ProcessToken_033 PatternToken_061,Category_E,S042|S096|S189|S112
IT09185,TopicToken_09185 ProcessToken_168 PatternToken_052,Category_D,S195|S118
IT09186,TopicToken_09186 ProcessToken_170 PatternToken_071,Category_S,S132|S129
IT09187,TopicToken_09187 ProcessToken_117 PatternToken_092,Category_P,S234|S050|S109|S172|S118
IT09188,TopicToken_09188 ProcessToken_031 PatternToken_082,Category_F,S067|S141|S159|S022|S062
IT09189,TopicToken_09189 ProcessToken_054 PatternToken_060,Category_F,S203|S022
IT09190,TopicToken_09190 ProcessToken_193 PatternToken_029,Category_Q,S003|S238
IT09191,TopicToken_09191 ProcessToken_119 PatternToken_018,Category_N,S097|S051
IT09192,TopicToken_09192 ProcessToken_169 PatternToken_048,Category_B,S189|S145|S072|S043
IT09193,TopicToken_09193 ProcessToken_075 PatternToken_097,Category_D,S125|S210|S085
IT09194,TopicToken_09194 ProcessToken_093 PatternToken_056,Category_S,S230|S081|S196|S065|S118
IT09195,TopicToken_09195 ProcessToken_048 PatternToken_072,Category_H,S179|S216|S178|S058
IT09196,TopicToken_09196 ProcessToken_001 PatternToken_047,Category_O,S192|S168|S019|S194|S023
IT09197,TopicToken_09197 ProcessToken_153 PatternToken_057,Category_N,S058|S027|S163|S084
IT09198,TopicToken_09198 ProcessToken_062 PatternToken_072,Category_N,S068|S182
IT09199,TopicToken_09199 ProcessToken_118 PatternToken_009,Category_F,S190|S026|S152|S004
IT09200,TopicToken_09200 ProcessToken_168 PatternToken_044,Category_G,S181|S163
IT09201,TopicToken_09201 ProcessToken_069 PatternToken_057,Category_B,S056|S022|S205|S090|S006
IT09202,TopicToken_09202 ProcessToken_123 PatternToken_093,Category_O,S070|S021|S137|S144
IT09203,TopicToken_09203 ProcessToken_176 PatternToken_063,Category_I,S054|S127
IT09204,TopicToken_09204 ProcessToken_045 PatternToken_066,Category_R,S073|S071
IT09205,TopicToken_09205 ProcessToken_037 PatternToken_064,Category_L,S233|S041|S139|S127|S169
IT09206,TopicToken_09206 ProcessToken_113 PatternToken_040,Category_E,S222|S116
IT09207,TopicToken_09207 ProcessToken_087 PatternToken_032,Category_L,S041|S017|S042
IT09208,TopicToken_09208 ProcessToken_130 PatternToken_035,Category_H,S033|S086|S191|S164
IT09209,TopicToken_09209 ProcessToken_005 PatternToken_032,Category_Q,S107|S073
IT09210,TopicToken_09210 ProcessToken_144 PatternToken_080,Category_T,S038|S128
IT09211,TopicToken_09211 ProcessToken_048 PatternToken_040,Category_N,S088|S135|S200|S012
IT09212,TopicToken_09212 ProcessToken_179 PatternToken_088,Category_N,S201|S160|S073
IT09213,TopicToken_09213 ProcessToken_022 PatternToken_013,Category_K,S110|S028|S169|S180
IT09214,TopicToken_09214 ProcessToken_078 PatternToken_082,Category_E,S222|S077|S174|S172
IT09215,TopicToken_09215 ProcessToken_002 PatternToken_052,Category_D,S051|S238|S080|S228|S153
IT09216,TopicToken_09216 ProcessToken_008 PatternToken_057,Category_Q,S082|S021|S128|S156
IT09217,TopicToken_09217 ProcessToken_189 PatternToken_029,Category_M,S104|S047|S161
IT09218,TopicToken_09218 ProcessToken_190 PatternToken_089,Category_R,S157|S189|S072|S088|S238
IT09219,TopicToken_09219 ProcessToken_096 PatternToken_013,Category_T,S009|S051|S167|S223
IT09220,TopicToken_09220 ProcessToken_045 PatternToken_098,Category_B,S083|S168|S184|S182
IT09221,TopicToken_09221 ProcessToken_066 PatternToken_012,Category_N,S026|S224|S001|S216|S232
IT09222,TopicToken_09222 ProcessToken_112 PatternToken_053,Category_B,S195|S159
IT09223,TopicToken_09223 ProcessToken_158 PatternToken_008,Category_I,S210|S138|S219|S041|S222
IT09224,TopicToken_09224 ProcessToken_044 PatternToken_012,Category_C,S230|S139|S007
IT09225,TopicToken_09225 ProcessToken_147 PatternToken_069,Category_F,S151|S119|S202
IT09226,TopicToken_09226 ProcessToken_166 PatternToken_017,Category_D,S140|S084|S039
IT09227,TopicToken_09227 ProcessToken_132 PatternToken_099,Category_R,S124|S034|S222|S146|S013
IT09228,TopicToken_09228 ProcessToken_183 PatternToken_072,Category_S,S233|S128|S134|S140
IT09229,TopicToken_09229 ProcessToken_039 PatternToken_062,Category_B,S078|S021|S131
IT09230,TopicToken_09230 ProcessToken_062 PatternToken_025,Category_S,S214|S122
IT09231,TopicToken_09231 ProcessToken_128 PatternToken_085,Category_Q,S173|S231
IT09232,TopicToken_09232 ProcessToken_147 PatternToken_028,Category_O,S077|S090|S021|S078|S177
IT09233,TopicToken_09233 ProcessToken_195 PatternToken_072,Category_G,S066|S233|S132|S045
IT09234,TopicToken_09234 ProcessToken_129 PatternToken_068,Category_P,S020|S056|S132|S066
IT09235,TopicToken_09235 ProcessToken_067 PatternToken_090,Category_Q,S042|S160|S099|S165|S172
IT09236,TopicToken_09236 ProcessToken_005 PatternToken_095,Category_I,S051|S056|S205|S152
IT09237,TopicToken_09237 ProcessToken_124 PatternToken_095,Category_H,S031|S178|S213
IT09238,TopicToken_09238 ProcessToken_116 PatternToken_073,Category_I,S075|S082|S141
IT09239,TopicToken_09239 ProcessToken_076 PatternToken_060,Category_S,S103|S028|S078|S088
IT09240,TopicToken_09240 ProcessToken_189 PatternToken_029,Category_E,S179|S129|S141
IT09241,TopicToken_09241 ProcessToken_077 PatternToken_018,Category_H,S105|S183|S160|S010
IT09242,TopicToken_09242 ProcessToken_121 PatternToken_006,Category_G,S114|S213|S102|S039|S206
IT09243,TopicToken_09243 ProcessToken_174 PatternToken_075,Category_S,S019|S188
IT09244,TopicToken_09244 ProcessToken_040 PatternToken_021,Category_R,S208|S205|S184|S115|S220
IT09245,TopicToken_09245 ProcessToken_152 PatternToken_080,Category_H,S065|S200|S014
IT09246,TopicToken_09246 ProcessToken_144 PatternToken_015,Category_D,S231|S118
IT09247,TopicToken_09247 ProcessToken_023 PatternToken_027,Category_F,S218|S053
IT09248,TopicToken_09248 ProcessToken_020 PatternToken_003,Category_S,S159|S219|S034|S097|S145
IT09249,TopicToken_09249 ProcessToken_075 PatternToken_011,Category_E,S219|S078
IT09250,TopicToken_09250 ProcessToken_154 PatternToken_086,Category_M,S094|S177|S048|S072|S234
IT09251,TopicToken_09251 ProcessToken_101 PatternToken_009,Category_O,S036|S029|S089
IT09252,TopicToken_09252 ProcessToken_170 PatternToken_030,Category_O,S174|S143
IT09253,TopicToken_09253 ProcessToken_078 PatternToken_020,Category_P,S104|S179|S079|S103
IT09254,TopicToken_09254 ProcessToken_132 PatternToken_063,Category_F,S129|S208|S171|S202
IT09255,TopicToken_09255 ProcessToken_008 PatternToken_043,Category_Q,S134|S175|S136|S066|S106
IT09256,TopicToken_09256 ProcessToken_048 PatternToken_072,Category_K,S022|S009|S084|S137|S063
IT09257,TopicToken_09257 ProcessToken_052 PatternToken_025,Category_F,S179|S045
IT09258,TopicToken_09258 ProcessToken_004 PatternToken_054,Category_R,S115|S015
IT09259,TopicToken_09259 ProcessToken_144 PatternToken_096,Category_N,S001|S055|S145
IT09260,TopicToken_09260 ProcessToken_170 PatternToken_066,Category_E,S168|S114|S018|S176|S010
IT09261,TopicToken_09261 ProcessToken_171 PatternToken_082,Category_Q,S153|S134
IT09262,TopicToken_09262 ProcessToken_126 PatternToken_078,Category_M,S205|S060|S084|S087|S030
IT09263,TopicToken_09263 ProcessToken_112 PatternToken_097,Category_R,S197|S010|S067|S188|S062
IT09264,TopicToken_09264 ProcessToken_046 PatternToken_034,Category_F,S176|S080|S215|S175
IT09265,TopicToken_09265 ProcessToken_121 PatternToken_012,Category_S,S136|S049|S222|S188|S019
IT09266,TopicToken_09266 ProcessToken_001 PatternToken_049,Category_B,S063|S091|S032|S118
IT09267,TopicToken_09267 ProcessToken_091 PatternToken_027,Category_Q,S206|S184|S148|S003
IT09268,TopicToken_09268 ProcessToken_008 PatternToken_045,Category_T,S032|S220
IT09269,TopicToken_09269 ProcessToken_171 PatternToken_088,Category_K,S073|S154
IT09270,TopicToken_09270 ProcessToken_005 PatternToken_032,Category_L,S083|S160|S026|S021
IT09271,TopicToken_09271 ProcessToken_135 PatternToken_057,Category_M,S051|S239|S103|S012|S204
IT09272,TopicToken_09272 ProcessToken_119 PatternToken_054,Category_A,S066|S195|S184
IT09273,TopicToken_09273 ProcessToken_137 PatternToken_019,Category_I,S186|S041|S063|S223
IT09274,TopicToken_09274 ProcessToken_005 PatternToken_078,Category_H,S199|S146|S078|S222
IT09275,TopicToken_09275 ProcessToken_135 PatternToken_022,Category_C,S064|S031|S172
IT09276,TopicToken_09276 ProcessToken_085 PatternToken_009,Category_N,S161|S071|S181|S205
IT09277,TopicToken_09277 ProcessToken_101 PatternToken_028,Category_C,S037|S208|S122|S240
IT09278,TopicToken_09278 ProcessToken_062 PatternToken_069,Category_H,S150|S074
IT09279,TopicToken_09279 ProcessToken_102 PatternToken_025,Category_K,S173|S039
IT09280,TopicToken_09280 ProcessToken_033 PatternToken_025,Category_A,S196|S027
IT09281,TopicToken_09281 ProcessToken_045 PatternToken_022,Category_R,S121|S193
IT09282,TopicToken_09282 ProcessToken_069 PatternToken_066,Category_S,S049|S021|S183|S186
IT09283,TopicToken_09283 ProcessToken_037 PatternToken_044,Category_A,S145|S048
IT09284,TopicToken_09284 ProcessToken_108 PatternToken_030,Category_C,S209|S186
IT09285,TopicToken_09285 ProcessToken_175 PatternToken_036,Category_B,S168|S111|S201|S013|S076
IT09286,TopicToken_09286 ProcessToken_016 PatternToken_020,Category_B,S238|S137|S237|S009|S179
IT09287,TopicToken_09287 ProcessToken_040 PatternToken_007,Category_T,S198|S205|S208|S215
IT09288,TopicToken_09288 ProcessToken_188 PatternToken_010,Category_R,S023|S034
IT09289,TopicToken_09289 ProcessToken_024 PatternToken_057,Category_Q,S089|S153|S113|S112|S240
IT09290,TopicToken_09290 ProcessToken_142 PatternToken_057,Category_C,S222|S122
IT09291,TopicToken_09291 ProcessToken_036 PatternToken_058,Category_Q,S086|S124
IT09292,TopicToken_09292 ProcessToken_157 PatternToken_092,Category_C,S182|S092|S167|S178
IT09293,TopicToken_09293 ProcessToken_110 PatternToken_003,Category_C,S186|S128|S009|S133
IT09294,TopicToken_09294 ProcessToken_007 PatternToken_085,Category_T,S188|S082|S081|S165
IT09295,TopicToken_09295 ProcessToken_102 PatternToken_048,Category_Q,S192|S001|S200|S197
IT09296,TopicToken_09296 ProcessToken_175 PatternToken_041,Category_H,S029|S203|S163|S046|S109
IT09297,TopicToken_09297 ProcessToken_055 PatternToken_059,Category_F,S006|S164
IT09298,TopicToken_09298 ProcessToken_057 PatternToken_063,Category_Q,S061|S071|S090|S190|S172
IT09299,TopicToken_09299 ProcessToken_158 PatternToken_050,Category_E,S209|S044|S185|S122
IT09300,TopicToken_09300 ProcessToken_104 PatternToken_050,Category_P,S100|S131|S219|S208|S015
IT09301,TopicToken_09301 ProcessToken_123 PatternToken_037,Category_H,S031|S020|S229
IT09302,TopicToken_09302 ProcessToken_059 PatternToken_097,Category_S,S126|S188|S089|S133
IT09303,TopicToken_09303 ProcessToken_081 PatternToken_014,Category_T,S198|S030|S137|S084
IT09304,TopicToken_09304 ProcessToken_075 PatternToken_005,Category_S,S113|S044
IT09305,TopicToken_09305 ProcessToken_028 PatternToken_010,Category_D,S010|S154|S184|S028|S199
IT09306,TopicToken_09306 ProcessToken_088 PatternToken_087,Category_E,S158|S111|S196
IT09307,TopicToken_09307 ProcessToken_129 PatternToken_043,Category_E,S033|S031|S090|S103|S135
IT09308,TopicToken_09308 ProcessToken_121 PatternToken_040,Category_D,S118|S125|S018|S208
IT09309,TopicToken_09309 ProcessToken_041 PatternToken_030,Category_E,S058|S104|S169|S149
IT09310,TopicToken_09310 ProcessToken_133 PatternToken_040,Category_O,S157|S189|S188|S168
IT09311,TopicToken_09311 ProcessToken_002 PatternToken_075,Category_H,S029|S125
IT09312,TopicToken_09312 ProcessToken_145 PatternToken_067,Category_Q,S059|S148|S084|S145|S215
IT09313,TopicToken_09313 ProcessToken_099 PatternToken_053,Category_I,S100|S129
IT09314,TopicToken_09314 ProcessToken_041 PatternToken_079,Category_R,S150|S207
IT09315,TopicToken_09315 ProcessToken_031 PatternToken_073,Category_T,S014|S016|S235|S215
IT09316,TopicToken_09316 ProcessToken_046 PatternToken_007,Category_A,S217|S160
IT09317,TopicToken_09317 ProcessToken_094 PatternToken_017,Category_M,S219|S075|S051|S048|S057
IT09318,TopicToken_09318 ProcessToken_159 PatternToken_043,Category_K,S212|S044|S013|S122
IT09319,TopicToken_09319 ProcessToken_138 PatternToken_099,Category_C,S077|S179|S040
IT09320,TopicToken_09320 ProcessToken_140 PatternToken_052,Category_F,S103|S049
IT09321,TopicToken_09321 ProcessToken_005 PatternToken_057,Category_D,S010|S120|S116|S070
IT09322,TopicToken_09322 ProcessToken_069 PatternToken_048,Category_E,S036|S103|S182|S068|S133
IT09323,TopicToken_09323 ProcessToken_192 PatternToken_040,Category_M,S213|S095
IT09324,TopicToken_09324 ProcessToken_050 PatternToken_016,Category_L,S230|S020
IT09325,TopicToken_09325 ProcessToken_082 PatternToken_023,Category_C,S111|S120|S239
IT09326,TopicToken_09326 ProcessToken_043 PatternToken_049,Category_C,S178|S018|S058
IT09327,TopicToken_09327 ProcessToken_180 PatternToken_009,Category_H,S122|S083|S126
IT09328,TopicToken_09328 ProcessToken_067 PatternToken_087,Category_A,S159|S141|S117|S011
IT09329,TopicToken_09329 ProcessToken_157 PatternToken_004,Category_R,S137|S006
IT09330,TopicToken_09330 ProcessToken_015 PatternToken_003,Category_K,S211|S084|S154|S066|S172
IT09331,TopicToken_09331 ProcessToken_150 PatternToken_044,Category_E,S187|S050|S082
IT09332,TopicToken_09332 ProcessToken_066 PatternToken_087,Category_I,S142|S112
IT09333,TopicToken_09333 ProcessToken_083 PatternToken_007,Category_R,S082|S097|S110|S180|S150
IT09334,TopicToken_09334 ProcessToken_044 PatternToken_071,Category_P,S181|S023
IT09335,TopicToken_09335 ProcessToken_182 PatternToken_095,Category_L,S057|S138
IT09336,TopicToken_09336 ProcessToken_090 PatternToken_081,Category_C,S047|S214|S152|S222
IT09337,TopicToken_09337 ProcessToken_193 PatternToken_066,Category_D,S040|S046|S144|S215|S079
IT09338,TopicToken_09338 ProcessToken_038 PatternToken_018,Category_F,S122|S023
IT09339,TopicToken_09339 ProcessToken_012 PatternToken_025,Category_F,S084|S079
IT09340,TopicToken_09340 ProcessToken_020 PatternToken_034,Category_S,S069|S136|S125|S151|S226
IT09341,TopicToken_09341 ProcessToken_021 PatternToken_056,Category_G,S018|S072|S059
IT09342,TopicToken_09342 ProcessToken_087 PatternToken_028,Category_D,S221|S127|S033|S101|S059
IT09343,TopicToken_09343 ProcessToken_171 PatternToken_054,Category_L,S086|S185|S178|S201|S036
IT09344,TopicToken_09344 ProcessToken_051 PatternToken_041,Category_I,S098|S177|S046|S023
IT09345,TopicToken_09345 ProcessToken_127 PatternToken_037,Category_Q,S018|S233|S104|S063|S155
IT09346,TopicToken_09346 ProcessToken_106 PatternToken_088,Category_P,S143|S021|S068|S078
IT09347,TopicToken_09347 ProcessToken_180 PatternToken_081,Category_Q,S095|S229|S092|S009
IT09348,TopicToken_09348 ProcessToken_131 PatternToken_058,Category_E,S227|S156|S215|S086|S024
IT09349,TopicToken_09349 ProcessToken_053 PatternToken_028,Category_E,S065|S167|S211|S129|S006
IT09350,TopicToken_09350 ProcessToken_146 PatternToken_006,Category_M,S212|S022|S069|S034
IT09351,TopicToken_09351 ProcessToken_039 PatternToken_074,Category_E,S150|S136|S163|S148
IT09352,TopicToken_09352 ProcessToken_084 PatternToken_089,Category_T,S045|S042|S067
IT09353,TopicToken_09353 ProcessToken_119 PatternToken_077,Category_N,S089|S177|S232|S197
IT09354,TopicToken_09354 ProcessToken_074 PatternToken_026,Category_G,S192|S015
IT09355,TopicToken_09355 ProcessToken_172 PatternToken_073,Category_D,S107|S065|S072|S191|S188
IT09356,TopicToken_09356 ProcessToken_164 PatternToken_094,Category_N,S011|S148|S076|S012|S095
IT09357,TopicToken_09357 ProcessToken_189 PatternToken_073,Category_K,S023|S116
IT09358,TopicToken_09358 ProcessToken_155 PatternToken_053,Category_F,S026|S048
IT09359,TopicToken_09359 ProcessToken_015 PatternToken_041,Category_H,S108|S117
IT09360,TopicToken_09360 ProcessToken_012 PatternToken_008,Category_E,S073|S019|S030|S197
IT09361,TopicToken_09361 ProcessToken_031 PatternToken_035,Category_C,S012|S179
IT09362,TopicToken_09362 ProcessToken_063 PatternToken_008,Category_L,S052|S147
IT09363,TopicToken_09363 ProcessToken_168 PatternToken_011,Category_B,S210|S116
IT09364,TopicToken_09364 ProcessToken_056 PatternToken_092,Category_R,S039|S093|S072
IT09365,TopicToken_09365 ProcessToken_156 PatternToken_036,Category_T,S143|S112|S037
IT09366,TopicToken_09366 ProcessToken_153 PatternToken_056,Category_G,S142|S238|S214|S045
IT09367,TopicToken_09367 ProcessToken_020 PatternToken_074,Category_O,S006|S073|S070
IT09368,TopicToken_09368 ProcessToken_079 PatternToken_044,Category_S,S035|S190|S002|S064|S009
IT09369,TopicToken_09369 ProcessToken_101 PatternToken_066,Category_Q,S048|S025
IT09370,TopicToken_09370 ProcessToken_160 PatternToken_065,Category_Q,S189|S065
IT09371,TopicToken_09371 ProcessToken_064 PatternToken_042,Category_R,S178|S167|S183|S052
IT09372,TopicToken_09372 ProcessToken_152 PatternToken_077,Category_J,S164|S101
IT09373,TopicToken_09373 ProcessToken_070 PatternToken_070,Category_C,S223|S207|S111
IT09374,TopicToken_09374 ProcessToken_075 PatternToken_087,Category_C,S162|S232
IT09375,TopicToken_09375 ProcessToken_117 PatternToken_099,Category_T,S216|S182|S205|S103
IT09376,TopicToken_09376 ProcessToken_009 PatternToken_085,Category_B,S072|S185
IT09377,TopicToken_09377 ProcessToken_064 PatternToken_085,Category_P,S130|S162|S236|S223
IT09378,TopicToken_09378 ProcessToken_012 PatternToken_006,Category_M,S028|S066
IT09379,TopicToken_09379 ProcessToken_033 PatternToken_038,Category_C,S106|S011|S042|S027|S054
IT09380,TopicToken_09380 ProcessToken_105 PatternToken_020,Category_G,S075|S150
IT09381,TopicToken_09381 ProcessToken_189 PatternToken_067,Category_C,S161|S114|S108|S187
IT09382,TopicToken_09382 ProcessToken_114 PatternToken_019,Category_C,S222|S202|S097|S232|S039
IT09383,TopicToken_09383 ProcessToken_028 PatternToken_077,Category_M,S005|S076
IT09384,TopicToken_09384 ProcessToken_142 PatternToken_030,Category_L,S159|S163|S154|S084|S170
IT09385,TopicToken_09385 ProcessToken_183 PatternToken_037,Category_K,S110|S187|S152|S233|S066
IT09386,TopicToken_09386 ProcessToken_161 PatternToken_081,Category_H,S181|S222|S029
IT09387,TopicToken_09387 ProcessToken_076 PatternToken_009,Category_F,S106|S201
IT09388,TopicToken_09388 ProcessToken_133 PatternToken_059,Category_R,S093|S175|S016|S065|S115
IT09389,TopicToken_09389 ProcessToken_158 PatternToken_013,Category_C,S027|S072|S078|S098
IT09390,TopicToken_09390 ProcessToken_070 PatternToken_005,Category_D,S200|S063|S087|S205|S022
IT09391,TopicToken_09391 ProcessToken_133 PatternToken_035,Category_J,S226|S002|S084
IT09392,TopicToken_09392 ProcessToken_198 PatternToken_070,Category_E,S140|S201|S049
IT09393,TopicToken_09393 ProcessToken_015 PatternToken_095,Category_C,S135|S131|S189
IT09394,TopicToken_09394 ProcessToken_057 PatternToken_019,Category_O,S085|S017
IT09395,TopicToken_09395 ProcessToken_146 PatternToken_052,Category_P,S194|S086|S031|S132|S171
IT09396,TopicToken_09396 ProcessToken_110 PatternToken_038,Category_N,S003|S213|S191|S100|S071
IT09397,TopicToken_09397 ProcessToken_154 PatternToken_062,Category_N,S066|S239|S180|S208
IT09398,TopicToken_09398 ProcessToken_143 PatternToken_090,Category_L,S034|S222|S037|S139
IT09399,TopicToken_09399 ProcessToken_025 PatternToken_051,Category_E,S192|S170|S198|S177|S180
IT09400,TopicToken_09400 ProcessToken_173 PatternToken_038,Category_K,S156|S039
IT09401,TopicToken_09401 ProcessToken_025 PatternToken_007,Category_A,S186|S234|S133|S081|S160
IT09402,TopicToken_09402 ProcessToken_182 PatternToken_064,Category_M,S172|S046
IT09403,TopicToken_09403 ProcessToken_114 PatternToken_069,Category_O,S185|S080|S132|S162
IT09404,TopicToken_09404 ProcessToken_039 PatternToken_091,Category_D,S036|S188
IT09405,TopicToken_09405 ProcessToken_079 PatternToken_034,Category_S,S112|S102|S167
IT09406,TopicToken_09406 ProcessToken_152 PatternToken_051,Category_R,S147|S204|S064|S076|S097
IT09407,TopicToken_09407 ProcessToken_040 PatternToken_066,Category_D,S232|S139|S046|S047|S141
IT09408,TopicToken_09408 ProcessToken_062 PatternToken_081,Category_J,S162|S067|S021
IT09409,TopicToken_09409 ProcessToken_107 PatternToken_097,Category_M,S107|S078|S009
IT09410,TopicToken_09410 ProcessToken_123 PatternToken_049,Category_T,S039|S212|S073|S222|S017
IT09411,TopicToken_09411 ProcessToken_010 PatternToken_097,Category_T,S100|S171|S015|S127|S090
IT09412,TopicToken_09412 ProcessToken_051 PatternToken_082,Category_F,S135|S215|S086
IT09413,TopicToken_09413 ProcessToken_008 PatternToken_028,Category_D,S155|S027|S205|S048|S197
IT09414,TopicToken_09414 ProcessToken_086 PatternToken_077,Category_G,S204|S218|S078|S006
IT09415,TopicToken_09415 ProcessToken_127 PatternToken_096,Category_E,S144|S006
IT09416,TopicToken_09416 ProcessToken_026 PatternToken_031,Category_H,S154|S122|S052|S200
IT09417,TopicToken_09417 ProcessToken_173 PatternToken_058,Category_H,S111|S127|S008
IT09418,TopicToken_09418 ProcessToken_106 PatternToken_008,Category_T,S201|S181|S120|S170|S230
IT09419,TopicToken_09419 ProcessToken_194 PatternToken_095,Category_A,S057|S066|S024
IT09420,TopicToken_09420 ProcessToken_135 PatternToken_067,Category_B,S114|S088|S110
IT09421,TopicToken_09421 ProcessToken_110 PatternToken_032,Category_N,S080|S233|S098|S030
IT09422,TopicToken_09422 ProcessToken_143 PatternToken_047,Category_K,S105|S196|S147
IT09423,TopicToken_09423 ProcessToken_077 PatternToken_053,Category_R,S092|S158|S201
IT09424,TopicToken_09424 ProcessToken_009 PatternToken_007,Category_Q,S102|S080|S088|S198
IT09425,TopicToken_09425 ProcessToken_008 PatternToken_006,Category_F,S084|S148
IT09426,TopicToken_09426 ProcessToken_122 PatternToken_024,Category_R,S138|S030|S217|S182|S204
IT09427,TopicToken_09427 ProcessToken_108 PatternToken_006,Category_B,S079|S096|S071
IT09428,TopicToken_09428 ProcessToken_035 PatternToken_068,Category_F,S171|S028|S056|S132|S169
IT09429,TopicToken_09429 ProcessToken_090 PatternToken_036,Category_S,S026|S095|S027|S106
IT09430,TopicToken_09430 ProcessToken_146 PatternToken_066,Category_E,S188|S059
IT09431,TopicToken_09431 ProcessToken_032 PatternToken_041,Category_N,S179|S216|S180|S104|S159
IT09432,TopicToken_09432 ProcessToken_189 PatternToken_040,Category_P,S052|S098|S016
IT09433,TopicToken_09433 ProcessToken_169 PatternToken_011,Category_F,S141|S208|S161
IT09434,TopicToken_09434 ProcessToken_190 PatternToken_022,Category_O,S055|S200|S060|S052|S069
IT09435,TopicToken_09435 ProcessToken_149 PatternToken_091,Category_H,S078|S173|S225|S026
IT09436,TopicToken_09436 ProcessToken_141 PatternToken_041,Category_C,S208|S209|S058|S019
IT09437,TopicToken_09437 ProcessToken_153 PatternToken_094,Category_K,S231|S028|S025
IT09438,TopicToken_09438 ProcessToken_038 PatternToken_097,Category_I,S216|S043|S066
IT09439,TopicToken_09439 ProcessToken_082 PatternToken_042,Category_S,S231|S232
IT09440,TopicToken_09440 ProcessToken_152 PatternToken_042,Category_J,S232|S092|S072|S089|S146
IT09441,TopicToken_09441 ProcessToken_053 PatternToken_011,Category_G,S170|S223|S043|S238|S052
IT09442,TopicToken_09442 ProcessToken_178 PatternToken_008,Category_R,S210|S048|S052|S067|S141
IT09443,TopicToken_09443 ProcessToken_037 PatternToken_059,Category_C,S012|S145
IT09444,TopicToken_09444 ProcessToken_192 PatternToken_063,Category_E,S048|S113|S230|S235|S179
IT09445,TopicToken_09445 ProcessToken_082 PatternToken_039,Category_N,S234|S049|S122|S216|S215
IT09446,TopicToken_09446 ProcessToken_127 PatternToken_022,Category_H,S159|S178|S103|S061|S104
IT09447,TopicToken_09447 ProcessToken_113 PatternToken_056,Category_K,S005|S083|S109
IT09448,TopicToken_09448 ProcessToken_092 PatternToken_051,Category_I,S062|S159|S019
IT09449,TopicToken_09449 ProcessToken_035 PatternToken_068,Category_I,S074|S240|S168|S182|S020
IT09450,TopicToken_09450 ProcessToken_026 PatternToken_066,Category_G,S176|S186|S130|S110|S119
IT09451,TopicToken_09451 ProcessToken_056 PatternToken_058,Category_R,S235|S155|S164|S022
IT09452,TopicToken_09452 ProcessToken_013 PatternToken_049,Category_R,S192|S194
IT09453,TopicToken_09453 ProcessToken_123 PatternToken_048,Category_E,S212|S238|S080
IT09454,TopicToken_09454 ProcessToken_038 PatternToken_046,Category_K,S181|S025|S092|S213|S201
IT09455,TopicToken_09455 ProcessToken_092 PatternToken_017,Category_B,S084|S106|S178|S119|S102
IT09456,TopicToken_09456 ProcessToken_086 PatternToken_018,Category_N,S116|S154
IT09457,TopicToken_09457 ProcessToken_184 PatternToken_050,Category_O,S175|S096|S170
IT09458,TopicToken_09458 ProcessToken_051 PatternToken_053,Category_K,S023|S153|S065|S125|S220
IT09459,TopicToken_09459 ProcessToken_168 PatternToken_077,Category_M,S129|S089|S121|S005|S029
IT09460,TopicToken_09460 ProcessToken_190 PatternToken_024,Category_O,S161|S224|S063|S151
IT09461,TopicToken_09461 ProcessToken_120 PatternToken_094,Category_J,S029|S132|S055
IT09462,TopicToken_09462 ProcessToken_152 PatternToken_007,Category_R,S239|S104|S052|S230|S138
IT09463,TopicToken_09463 ProcessToken_027 PatternToken_093,Category_K,S030|S033|S034|S099
IT09464,TopicToken_09464 ProcessToken_158 PatternToken_070,Category_E,S085|S009|S091
IT09465,TopicToken_09465 ProcessToken_185 PatternToken_031,Category_A,S224|S214|S037
IT09466,TopicToken_09466 ProcessToken_147 PatternToken_056,Category_G,S058|S071|S194|S090|S132
IT09467,TopicToken_09467 ProcessToken_161 PatternToken_054,Category_F,S110|S069|S236|S029
IT09468,TopicToken_09468 ProcessToken_107 PatternToken_017,Category_I,S184|S124|S035|S216
IT09469,TopicToken_09469 ProcessToken_154 PatternToken_028,Category_O,S046|S227|S217|S213
IT09470,TopicToken_09470 ProcessToken_145 PatternToken_092,Category_I,S071|S055|S178|S129
IT09471,TopicToken_09471 ProcessToken_047 PatternToken_090,Category_O,S104|S034|S093
IT09472,TopicToken_09472 ProcessToken_042 PatternToken_021,Category_D,S187|S122|S012|S200
IT09473,TopicToken_09473 ProcessToken_180 PatternToken_050,Category_O,S054|S058|S049
IT09474,TopicToken_09474 ProcessToken_023 PatternToken_034,Category_R,S145|S129|S204|S037|S221
IT09475,TopicToken_09475 ProcessToken_059 PatternToken_067,Category_D,S047|S202
IT09476,TopicToken_09476 ProcessToken_157 PatternToken_074,Category_P,S228|S146|S226|S180
IT09477,TopicToken_09477 ProcessToken_040 PatternToken_019,Category_E,S065|S062|S124|S191
IT09478,TopicToken_09478 ProcessToken_179 PatternToken_011,Category_P,S030|S097|S194|S041|S100
IT09479,TopicToken_09479 ProcessToken_091 PatternToken_063,Category_N,S029|S039
IT09480,TopicToken_09480 ProcessToken_050 PatternToken_078,Category_P,S001|S209|S009|S235|S048
IT09481,TopicToken_09481 ProcessToken_086 PatternToken_031,Category_I,S003|S235|S207|S118|S180
IT09482,TopicToken_09482 ProcessToken_172 PatternToken_028,Category_A,S174|S186
IT09483,TopicToken_09483 ProcessToken_093 PatternToken_063,Category_R,S165|S230|S072|S102
IT09484,TopicToken_09484 ProcessToken_066 PatternToken_007,Category_M,S234|S207|S050|S150
IT09485,TopicToken_09485 ProcessToken_008 PatternToken_057,Category_G,S230|S220|S147|S221
IT09486,TopicToken_09486 ProcessToken_049 PatternToken_084,Category_R,S195|S085
IT09487,TopicToken_09487 ProcessToken_197 PatternToken_063,Category_A,S170|S133|S014|S053|S064
IT09488,TopicToken_09488 ProcessToken_168 PatternToken_008,Category_P,S045|S163
IT09489,TopicToken_09489 ProcessToken_039 PatternToken_050,Category_C,S165|S059
IT09490,TopicToken_09490 ProcessToken_069 PatternToken_090,Category_M,S134|S205|S159|S009|S199
IT09491,TopicToken_09491 ProcessToken_044 PatternToken_045,Category_L,S166|S167|S145|S120|S011
IT09492,TopicToken_09492 ProcessToken_021 PatternToken_087,Category_Q,S054|S046|S152
IT09493,TopicToken_09493 ProcessToken_180 PatternToken_005,Category_F,S037|S046|S196
IT09494,TopicToken_09494 ProcessToken_117 PatternToken_048,Category_R,S002|S010|S058
IT09495,TopicToken_09495 ProcessToken_195 PatternToken_037,Category_K,S040|S210
IT09496,TopicToken_09496 ProcessToken_199 PatternToken_097,Category_K,S071|S221|S163|S098|S211
IT09497,TopicToken_09497 ProcessToken_090 PatternToken_054,Category_E,S134|S008|S101|S015
IT09498,TopicToken_09498 ProcessToken_068 PatternToken_047,Category_A,S204|S036
IT09499,TopicToken_09499 ProcessToken_009 PatternToken_037,Category_O,S153|S159|S112|S119|S118
IT09500,TopicToken_09500 ProcessToken_116 PatternToken_086,Category_B,S039|S120|S115
IT09501,TopicToken_09501 ProcessToken_105 PatternToken_011,Category_H,S113|S234|S095
IT09502,TopicToken_09502 ProcessToken_137 PatternToken_025,Category_T,S059|S172|S109
IT09503,TopicToken_09503 ProcessToken_113 PatternToken_031,Category_E,S001|S128|S053|S041|S026
IT09504,TopicToken_09504 ProcessToken_129 PatternToken_021,Category_M,S197|S027|S132|S066
IT09505,TopicToken_09505 ProcessToken_090 PatternToken_067,Category_O,S204|S029|S024
IT09506,TopicToken_09506 ProcessToken_183 PatternToken_075,Category_I,S121|S047
IT09507,TopicToken_09507 ProcessToken_051 PatternToken_032,Category_L,S162|S221|S138
IT09508,TopicToken_09508 ProcessToken_166 PatternToken_068,Category_N,S053|S110|S188|S171|S150
IT09509,TopicToken_09509 ProcessToken_130 PatternToken_060,Category_L,S094|S072
IT09510,TopicToken_09510 ProcessToken_109 PatternToken_003,Category_K,S081|S062
IT09511,TopicToken_09511 ProcessToken_071 PatternToken_054,Category_O,S232|S156|S104
IT09512,TopicToken_09512 ProcessToken_154 PatternToken_079,Category_N,S120|S095|S066
IT09513,TopicToken_09513 ProcessToken_134 PatternToken_074,Category_F,S020|S209|S012|S234|S166
IT09514,TopicToken_09514 ProcessToken_017 PatternToken_047,Category_E,S055|S143|S202|S154
IT09515,TopicToken_09515 ProcessToken_051 PatternToken_090,Category_A,S115|S185
IT09516,TopicToken_09516 ProcessToken_179 PatternToken_034,Category_R,S182|S151|S178|S053
IT09517,TopicToken_09517 ProcessToken_123 PatternToken_042,Category_L,S133|S117|S004|S180
IT09518,TopicToken_09518 ProcessToken_082 PatternToken_091,Category_P,S061|S088|S204|S008
IT09519,TopicToken_09519 ProcessToken_115 PatternToken_029,Category_N,S098|S189|S106
IT09520,TopicToken_09520 ProcessToken_104 PatternToken_007,Category_L,S145|S154
IT09521,TopicToken_09521 ProcessToken_048 PatternToken_027,Category_L,S200|S146|S066|S032
IT09522,TopicToken_09522 ProcessToken_149 PatternToken_002,Category_M,S233|S010|S146|S062|S045
IT09523,TopicToken_09523 ProcessToken_171 PatternToken_076,Category_L,S206|S020|S068|S106|S224
IT09524,TopicToken_09524 ProcessToken_042 PatternToken_077,Category_N,S215|S103|S046|S191|S130
IT09525,TopicToken_09525 ProcessToken_135 PatternToken_086,Category_K,S142|S095|S098
IT09526,TopicToken_09526 ProcessToken_038 PatternToken_061,Category_J,S216|S082|S085
IT09527,TopicToken_09527 ProcessToken_102 PatternToken_061,Category_S,S136|S040
IT09528,TopicToken_09528 ProcessToken_064 PatternToken_056,Category_L,S053|S223|S121
IT09529,TopicToken_09529 ProcessToken_025 PatternToken_055,Category_P,S139|S095|S105|S236|S197
IT09530,TopicToken_09530 ProcessToken_199 PatternToken_097,Category_F,S001|S105|S121|S193|S196
IT09531,TopicToken_09531 ProcessToken_101 PatternToken_046,Category_M,S197|S201|S131
IT09532,TopicToken_09532 ProcessToken_088 PatternToken_016,Category_P,S025|S212|S064|S115
IT09533,TopicToken_09533 ProcessToken_018 PatternToken_031,Category_E,S068|S045|S128|S101|S219
IT09534,TopicToken_09534 ProcessToken_187 PatternToken_064,Category_N,S143|S150|S154|S129
IT09535,TopicToken_09535 ProcessToken_096 PatternToken_058,Category_Q,S123|S023|S238|S131|S098
IT09536,TopicToken_09536 ProcessToken_094 PatternToken_036,Category_J,S016|S136|S094|S216
IT09537,TopicToken_09537 ProcessToken_098 PatternToken_006,Category_M,S171|S012|S131|S149
IT09538,TopicToken_09538 ProcessToken_149 PatternToken_074,Category_S,S092|S197
IT09539,TopicToken_09539 ProcessToken_108 PatternToken_058,Category_Q,S129|S160|S097|S151
IT09540,TopicToken_09540 ProcessToken_049 PatternToken_035,Category_H,S179|S234|S172
IT09541,TopicToken_09541 ProcessToken_195 PatternToken_073,Category_S,S006|S035
IT09542,TopicToken_09542 ProcessToken_051 PatternToken_077,Category_L,S219|S106
IT09543,TopicToken_09543 ProcessToken_089 PatternToken_037,Category_O,S015|S238|S153|S165|S053
IT09544,TopicToken_09544 ProcessToken_154 PatternToken_043,Category_L,S223|S087
IT09545,TopicToken_09545 ProcessToken_150 PatternToken_080,Category_F,S208|S198|S127|S145
IT09546,TopicToken_09546 ProcessToken_200 PatternToken_012,Category_Q,S117|S031|S191
IT09547,TopicToken_09547 ProcessToken_067 PatternToken_017,Category_D,S032|S207|S107
IT09548,TopicToken_09548 ProcessToken_113 PatternToken_020,Category_J,S095|S055|S050|S141|S120
IT09549,TopicToken_09549 ProcessToken_157 PatternToken_032,Category_F,S183|S025|S037
IT09550,TopicToken_09550 ProcessToken_004 PatternToken_002,Category_F,S129|S020|S141|S193
IT09551,TopicToken_09551 ProcessToken_036 PatternToken_058,Category_M,S086|S161|S171|S159|S040
IT09552,TopicToken_09552 ProcessToken_031 PatternToken_065,Category_P,S167|S103|S117|S218
IT09553,TopicToken_09553 ProcessToken_142 PatternToken_001,Category_R,S111|S161
IT09554,TopicToken_09554 ProcessToken_161 PatternToken_050,Category_A,S073|S004
IT09555,TopicToken_09555 ProcessToken_177 PatternToken_024,Category_L,S009|S100|S046|S186|S157
IT09556,TopicToken_09556 ProcessToken_069 PatternToken_084,Category_H,S111|S129|S194
IT09557,TopicToken_09557 ProcessToken_102 PatternToken_100,Category_L,S121|S122|S016|S101|S224
IT09558,TopicToken_09558 ProcessToken_170 PatternToken_050,Category_H,S101|S190|S132|S018
IT09559,TopicToken_09559 ProcessToken_165 PatternToken_057,Category_Q,S089|S148
IT09560,TopicToken_09560 ProcessToken_043 PatternToken_020,Category_M,S191|S083|S139
IT09561,TopicToken_09561 ProcessToken_194 PatternToken_052,Category_G,S134|S061
IT09562,TopicToken_09562 ProcessToken_076 PatternToken_044,Category_E,S190|S014
IT09563,TopicToken_09563 ProcessToken_145 PatternToken_015,Category_E,S214|S043
IT09564,TopicToken_09564 ProcessToken_089 PatternToken_040,Category_T,S110|S003|S194
IT09565,TopicToken_09565 ProcessToken_089 PatternToken_063,Category_Q,S039|S051|S205|S200
IT09566,TopicToken_09566 ProcessToken_075 PatternToken_030,Category_M,S024|S213|S050|S004|S081
IT09567,TopicToken_09567 ProcessToken_193 PatternToken_008,Category_N,S101|S234
IT09568,TopicToken_09568 ProcessToken_139 PatternToken_034,Category_S,S151|S088|S165
IT09569,TopicToken_09569 ProcessToken_004 PatternToken_100,Category_T,S001|S008|S105|S226
IT09570,TopicToken_09570 ProcessToken_084 PatternToken_058,Category_A,S042|S093|S110|S112|S021
IT09571,TopicToken_09571 ProcessToken_153 PatternToken_051,Category_B,S041|S160|S057|S016
IT09572,TopicToken_09572 ProcessToken_152 PatternToken_036,Category_L,S230|S108|S150|S174|S102
IT09573,TopicToken_09573 ProcessToken_068 PatternToken_098,Category_O,S074|S151|S170|S196
IT09574,TopicToken_09574 ProcessToken_159 PatternToken_030,Category_K,S123|S173|S158|S223
IT09575,TopicToken_09575 ProcessToken_200 PatternToken_026,Category_P,S100|S080|S111|S218|S033
IT09576,TopicToken_09576 ProcessToken_200 PatternToken_098,Category_L,S131|S097
IT09577,TopicToken_09577 ProcessToken_005 PatternToken_038,Category_B,S018|S161|S192|S085
IT09578,TopicToken_09578 ProcessToken_182 PatternToken_002,Category_M,S083|S175|S105
IT09579,TopicToken_09579 ProcessToken_010 PatternToken_073,Category_N,S202|S211|S093|S101|S238
IT09580,TopicToken_09580 ProcessToken_007 PatternToken_028,Category_H,S061|S175|S185|S075
IT09581,TopicToken_09581 ProcessToken_004 PatternToken_008,Category_L,S130|S219|S020|S060|S230
IT09582,TopicToken_09582 ProcessToken_134 PatternToken_084,Category_Q,S085|S080|S215|S015|S231
IT09583,TopicToken_09583 ProcessToken_086 PatternToken_006,Category_O,S080|S056|S143|S021|S175
IT09584,TopicToken_09584 ProcessToken_016 PatternToken_044,Category_I,S164|S170|S109|S207
IT09585,TopicToken_09585 ProcessToken_195 PatternToken_011,Category_A,S240|S183|S065|S197|S127
IT09586,TopicToken_09586 ProcessToken_167 PatternToken_092,Category_B,S220|S006
IT09587,TopicToken_09587 ProcessToken_071 PatternToken_027,Category_A,S117|S193|S212|S026|S100
IT09588,TopicToken_09588 ProcessToken_038 PatternToken_012,Category_H,S072|S150|S092|S032
IT09589,TopicToken_09589 ProcessToken_125 PatternToken_045,Category_P,S126|S078|S036|S201
IT09590,TopicToken_09590 ProcessToken_166 PatternToken_030,Category_M,S196|S059|S192
IT09591,TopicToken_09591 ProcessToken_019 PatternToken_083,Category_I,S025|S204|S044|S133
IT09592,TopicToken_09592 ProcessToken_120 PatternToken_058,Category_O,S053|S203
IT09593,TopicToken_09593 ProcessToken_147 PatternToken_014,Category_D,S104|S111|S100
IT09594,TopicToken_09594 ProcessToken_157 PatternToken_070,Category_T,S222|S176|S109
IT09595,TopicToken_09595 ProcessToken_111 PatternToken_018,Category_G,S092|S042|S121|S209|S072
IT09596,TopicToken_09596 ProcessToken_130 PatternToken_066,Category_L,S230|S106|S049|S032|S058
IT09597,TopicToken_09597 ProcessToken_131 PatternToken_009,Category_S,S038|S012|S070
IT09598,TopicToken_09598 ProcessToken_129 PatternToken_009,Category_J,S151|S069|S148|S013
IT09599,TopicToken_09599 ProcessToken_094 PatternToken_039,Category_M,S112|S032
IT09600,TopicToken_09600 ProcessToken_139 PatternToken_034,Category_G,S209|S083|S092|S178
IT09601,TopicToken_09601 ProcessToken_143 PatternToken_083,Category_G,S176|S099|S014
IT09602,TopicToken_09602 ProcessToken_038 PatternToken_087,Category_C,S171|S081|S004|S141
IT09603,TopicToken_09603 ProcessToken_181 PatternToken_027,Category_B,S084|S033
IT09604,TopicToken_09604 ProcessToken_180 PatternToken_033,Category_P,S100|S206|S015|S008|S125
IT09605,TopicToken_09605 ProcessToken_004 PatternToken_014,Category_L,S026|S090|S045
IT09606,TopicToken_09606 ProcessToken_135 PatternToken_022,Category_T,S176|S188|S173|S096
IT09607,TopicToken_09607 ProcessToken_158 PatternToken_074,Category_G,S124|S239|S223
IT09608,TopicToken_09608 ProcessToken_089 PatternToken_029,Category_C,S235|S115|S086|S063
IT09609,TopicToken_09609 ProcessToken_037 PatternToken_061,Category_Q,S083|S050|S120|S084
IT09610,TopicToken_09610 ProcessToken_116 PatternToken_009,Category_A,S204|S009|S025|S209|S123
IT09611,TopicToken_09611 ProcessToken_082 PatternToken_051,Category_I,S193|S060
IT09612,TopicToken_09612 ProcessToken_177 PatternToken_062,Category_C,S125|S145|S132|S195
IT09613,TopicToken_09613 ProcessToken_022 PatternToken_091,Category_A,S132|S101|S167
IT09614,TopicToken_09614 ProcessToken_191 PatternToken_043,Category_C,S012|S009
IT09615,TopicToken_09615 ProcessToken_018 PatternToken_055,Category_T,S109|S130|S041|S218
IT09616,TopicToken_09616 ProcessToken_176 PatternToken_094,Category_H,S239|S028|S035|S177
IT09617,TopicToken_09617 ProcessToken_116 PatternToken_097,Category_T,S190|S043|S135|S074
IT09618,TopicToken_09618 ProcessToken_042 PatternToken_045,Category_C,S021|S224|S163
IT09619,TopicToken_09619 ProcessToken_061 PatternToken_068,Category_A,S024|S239|S104
IT09620,TopicToken_09620 ProcessToken_186 PatternToken_021,Category_Q,S078|S004|S235|S137|S188
IT09621,TopicToken_09621 ProcessToken_052 PatternToken_063,Category_E,S236|S089|S139|S144
IT09622,TopicToken_09622 ProcessToken_089 PatternToken_002,Category_D,S111|S063|S055
IT09623,TopicToken_09623 ProcessToken_044 PatternToken_010,Category_K,S218|S033|S048|S055
IT09624,TopicToken_09624 ProcessToken_035 PatternToken_056,Category_G,S070|S154|S036
IT09625,TopicToken_09625 ProcessToken_035 PatternToken_029,Category_F,S092|S125
IT09626,TopicToken_09626 ProcessToken_022 PatternToken_038,Category_M,S147|S173|S165
IT09627,TopicToken_09627 ProcessToken_181 PatternToken_059,Category_C,S045|S120|S032|S096|S209
IT09628,TopicToken_09628 ProcessToken_148 PatternToken_002,Category_B,S107|S148
IT09629,TopicToken_09629 ProcessToken_128 PatternToken_095,Category_H,S164|S163|S105|S100|S222
IT09630,TopicToken_09630 ProcessToken_027 PatternToken_016,Category_K,S026|S106|S239
IT09631,TopicToken_09631 ProcessToken_174 PatternToken_086,Category_S,S136|S149|S015|S098|S207
IT09632,TopicToken_09632 ProcessToken_182 PatternToken_059,Category_R,S169|S057|S161
IT09633,TopicToken_09633 ProcessToken_090 PatternToken_045,Category_Q,S154|S004|S133|S153|S176
IT09634,TopicToken_09634 ProcessToken_168 PatternToken_043,Category_K,S119|S026|S051|S234|S025
IT09635,TopicToken_09635 ProcessToken_107 PatternToken_079,Category_I,S096|S115|S165|S030|S073
IT09636,TopicToken_09636 ProcessToken_186 PatternToken_024,Category_H,S083|S200|S131
IT09637,TopicToken_09637 ProcessToken_192 PatternToken_033,Category_C,S155|S022|S174
IT09638,TopicToken_09638 ProcessToken_040 PatternToken_083,Category_Q,S081|S228|S103|S130|S225
IT09639,TopicToken_09639 ProcessToken_169 PatternToken_031,Category_P,S189|S101|S155|S206|S175
IT09640,TopicToken_09640 ProcessToken_069 PatternToken_065,Category_O,S143|S191|S116
IT09641,TopicToken_09641 ProcessToken_182 PatternToken_034,Category_T,S058|S096|S168|S099|S238
IT09642,TopicToken_09642 ProcessToken_101 PatternToken_042,Category_G,S085|S022|S018
IT09643,TopicToken_09643 ProcessToken_143 PatternToken_073,Category_D,S064|S114|S199
IT09644,TopicToken_09644 ProcessToken_175 PatternToken_052,Category_I,S018|S147|S225|S182
IT09645,TopicToken_09645 ProcessToken_013 PatternToken_068,Category_G,S021|S179|S213|S175
IT09646,TopicToken_09646 ProcessToken_152 PatternToken_052,Category_I,S224|S216|S152|S060|S159
IT09647,TopicToken_09647 ProcessToken_185 PatternToken_005,Category_O,S111|S108|S231|S058|S129
IT09648,TopicToken_09648 ProcessToken_131 PatternToken_046,Category_P,S176|S044|S188|S170
IT09649,TopicToken_09649 ProcessToken_086 PatternToken_028,Category_E,S106|S097|S032|S177
IT09650,TopicToken_09650 ProcessToken_009 PatternToken_028,Category_J,S227|S195|S122|S143|S077
IT09651,TopicToken_09651 ProcessToken_006 PatternToken_060,Category_R,S099|S074|S138|S094|S131
IT09652,TopicToken_09652 ProcessToken_140 PatternToken_087,Category_S,S117|S125|S178|S009|S164
IT09653,TopicToken_09653 ProcessToken_066 PatternToken_095,Category_D,S062|S218|S150
IT09654,TopicToken_09654 ProcessToken_017 PatternToken_075,Category_Q,S204|S190|S154
IT09655,TopicToken_09655 ProcessToken_068 PatternToken_035,Category_P,S031|S215
IT09656,TopicToken_09656 ProcessToken_136 PatternToken_082,Category_O,S063|S062|S084
IT09657,TopicToken_09657 ProcessToken_062 PatternToken_025,Category_G,S213|S082|S010
IT09658,TopicToken_09658 ProcessToken_146 PatternToken_034,Category_M,S057|S204|S030|S139
IT09659,TopicToken_09659 ProcessToken_014 PatternToken_073,Category_P,S066|S175|S077
IT09660,TopicToken_09660 ProcessToken_071 PatternToken_092,Category_C,S097|S042|S031
IT09661,TopicToken_09661 ProcessToken_030 PatternToken_011,Category_M,S040|S235|S042|S027|S121
IT09662,TopicToken_09662 ProcessToken_123 PatternToken_061,Category_H,S183|S231
IT09663,TopicToken_09663 ProcessToken_109 PatternToken_004,Category_B,S144|S189|S100|S073
IT09664,TopicToken_09664 ProcessToken_072 PatternToken_071,Category_C,S117|S240|S143|S051
IT09665,TopicToken_09665 ProcessToken_005 PatternToken_067,Category_A,S128|S163
IT09666,TopicToken_09666 ProcessToken_173 PatternToken_054,Category_D,S060|S013|S004|S129
IT09667,TopicToken_09667 ProcessToken_124 PatternToken_075,Category_G,S190|S127|S193|S084|S221
IT09668,TopicToken_09668 ProcessToken_055 PatternToken_070,Category_B,S161|S031|S151|S047
IT09669,TopicToken_09669 ProcessToken_161 PatternToken_029,Category_E,S221|S012|S162|S035|S180
IT09670,TopicToken_09670 ProcessToken_104 PatternToken_075,Category_H,S046|S223|S042|S025
IT09671,TopicToken_09671 ProcessToken_151 PatternToken_086,Category_I,S171|S108|S036|S078|S228
IT09672,TopicToken_09672 ProcessToken_098 PatternToken_002,Category_M,S146|S221
IT09673,TopicToken_09673 ProcessToken_040 PatternToken_084,Category_H,S179|S044|S119
IT09674,TopicToken_09674 ProcessToken_072 PatternToken_002,Category_E,S064|S105
IT09675,TopicToken_09675 ProcessToken_003 PatternToken_076,Category_C,S028|S223|S022
IT09676,TopicToken_09676 ProcessToken_146 PatternToken_021,Category_O,S046|S039
IT09677,TopicToken_09677 ProcessToken_004 PatternToken_004,Category_K,S101|S234
IT09678,TopicToken_09678 ProcessToken_165 PatternToken_063,Category_H,S210|S168|S093
IT09679,TopicToken_09679 ProcessToken_028 PatternToken_031,Category_F,S118|S065|S194|S063
IT09680,TopicToken_09680 ProcessToken_181 PatternToken_002,Category_K,S053|S025|S202|S207
IT09681,TopicToken_09681 ProcessToken_150 PatternToken_060,Category_E,S142|S176
IT09682,TopicToken_09682 ProcessToken_143 PatternToken_012,Category_B,S074|S128|S006
IT09683,TopicToken_09683 ProcessToken_080 PatternToken_060,Category_T,S025|S179|S076|S236
IT09684,TopicToken_09684 ProcessToken_170 PatternToken_021,Category_F,S047|S086|S108|S227|S138
IT09685,TopicToken_09685 ProcessToken_159 PatternToken_078,Category_T,S053|S132|S151
IT09686,TopicToken_09686 ProcessToken_177 PatternToken_093,Category_E,S130|S051|S212
IT09687,TopicToken_09687 ProcessToken_179 PatternToken_053,Category_Q,S217|S038|S185|S062|S098
IT09688,TopicToken_09688 ProcessToken_147 PatternToken_082,Category_S,S097|S200
IT09689,TopicToken_09689 ProcessToken_163 PatternToken_067,Category_H,S178|S197|S008|S154|S212
IT09690,TopicToken_09690 ProcessToken_170 PatternToken_047,Category_E,S111|S099|S178|S225|S182
IT09691,TopicToken_09691 ProcessToken_086 PatternToken_061,Category_K,S019|S085|S008|S109|S092
IT09692,TopicToken_09692 ProcessToken_153 PatternToken_036,Category_D,S069|S173|S167
IT09693,TopicToken_09693 ProcessToken_056 PatternToken_030,Category_H,S220|S014|S097
IT09694,TopicToken_09694 ProcessToken_184 PatternToken_081,Category_E,S026|S135|S126|S200
IT09695,TopicToken_09695 ProcessToken_170 PatternToken_092,Category_E,S116|S209|S118|S240|S066
IT09696,TopicToken_09696 ProcessToken_146 PatternToken_060,Category_R,S194|S133|S155|S166
IT09697,TopicToken_09697 ProcessToken_012 PatternToken_020,Category_N,S020|S007|S208
IT09698,TopicToken_09698 ProcessToken_048 PatternToken_028,Category_B,S020|S008|S200|S064|S027
IT09699,TopicToken_09699 ProcessToken_051 PatternToken_084,Category_K,S235|S155|S108|S134
IT09700,TopicToken_09700 ProcessToken_091 PatternToken_024,Category_C,S114|S206
IT09701,TopicToken_09701 ProcessToken_033 PatternToken_070,Category_H,S063|S186|S129
IT09702,TopicToken_09702 ProcessToken_023 PatternToken_026,Category_P,S054|S183|S217|S100|S223
IT09703,TopicToken_09703 ProcessToken_006 PatternToken_037,Category_C,S113|S127|S191
IT09704,TopicToken_09704 ProcessToken_049 PatternToken_002,Category_O,S025|S141|S153|S168
IT09705,TopicToken_09705 ProcessToken_022 PatternToken_004,Category_P,S073|S213|S136
IT09706,TopicToken_09706 ProcessToken_149 PatternToken_078,Category_P,S106|S190|S209|S093
IT09707,TopicToken_09707 ProcessToken_176 PatternToken_040,Category_E,S025|S056|S109|S001|S105
IT09708,TopicToken_09708 ProcessToken_082 PatternToken_018,Category_S,S088|S015|S064
IT09709,TopicToken_09709 ProcessToken_010 PatternToken_074,Category_C,S098|S051|S131
IT09710,TopicToken_09710 ProcessToken_071 PatternToken_008,Category_I,S163|S030|S239
IT09711,TopicToken_09711 ProcessToken_082 PatternToken_003,Category_Q,S219|S136|S077
IT09712,TopicToken_09712 ProcessToken_117 PatternToken_059,Category_K,S110|S170|S100|S068
IT09713,TopicToken_09713 ProcessToken_189 PatternToken_016,Category_D,S118|S039|S128|S013|S100
IT09714,TopicToken_09714 ProcessToken_033 PatternToken_050,Category_G,S223|S113|S127|S080
IT09715,TopicToken_09715 ProcessToken_061 PatternToken_001,Category_L,S164|S122|S185|S101|S024
IT09716,TopicToken_09716 ProcessToken_123 PatternToken_060,Category_K,S080|S133
IT09717,TopicToken_09717 ProcessToken_085 PatternToken_066,Category_Q,S158|S214|S215|S197|S009
IT09718,TopicToken_09718 ProcessToken_012 PatternToken_010,Category_R,S187|S108|S224|S188|S065
IT09719,TopicToken_09719 ProcessToken_001 PatternToken_007,Category_P,S231|S216
IT09720,TopicToken_09720 ProcessToken_142 PatternToken_070,Category_R,S086|S152
IT09721,TopicToken_09721 ProcessToken_058 PatternToken_083,Category_B,S216|S206|S163|S177
IT09722,TopicToken_09722 ProcessToken_066 PatternToken_006,Category_O,S040|S003
IT09723,TopicToken_09723 ProcessToken_135 PatternToken_054,Category_C,S040|S131|S022|S056|S069
IT09724,TopicToken_09724 ProcessToken_190 PatternToken_059,Category_Q,S004|S170|S058
IT09725,TopicToken_09725 ProcessToken_151 PatternToken_093,Category_S,S003|S018|S128
IT09726,TopicToken_09726 ProcessToken_021 PatternToken_059,Category_K,S135|S030|S239
IT09727,TopicToken_09727 ProcessToken_186 PatternToken_041,Category_I,S129|S056|S068|S199
IT09728,TopicToken_09728 ProcessToken_186 PatternToken_062,Category_L,S187|S153|S214
IT09729,TopicToken_09729 ProcessToken_029 PatternToken_016,Category_F,S232|S057|S051|S201|S224
IT09730,TopicToken_09730 ProcessToken_052 PatternToken_090,Category_L,S120|S235|S140
IT09731,TopicToken_09731 ProcessToken_003 PatternToken_091,Category_D,S203|S047|S005
IT09732,TopicToken_09732 ProcessToken_083 PatternToken_019,Category_B,S014|S015
IT09733,TopicToken_09733 ProcessToken_122 PatternToken_064,Category_D,S187|S131|S148|S149
IT09734,TopicToken_09734 ProcessToken_166 PatternToken_031,Category_R,S160|S226
IT09735,TopicToken_09735 ProcessToken_054 PatternToken_085,Category_N,S123|S137|S189|S066|S082
IT09736,TopicToken_09736 ProcessToken_067 PatternToken_068,Category_G,S193|S151|S126|S239|S061
IT09737,TopicToken_09737 ProcessToken_018 PatternToken_049,Category_A,S184|S086|S068
IT09738,TopicToken_09738 ProcessToken_164 PatternToken_075,Category_D,S142|S212|S174|S123|S166
IT09739,TopicToken_09739 ProcessToken_148 PatternToken_078,Category_F,S230|S146|S195|S126|S181
IT09740,TopicToken_09740 ProcessToken_160 PatternToken_029,Category_T,S095|S010|S148|S168
IT09741,TopicToken_09741 ProcessToken_171 PatternToken_077,Category_P,S106|S052|S183|S111
IT09742,TopicToken_09742 ProcessToken_166 PatternToken_009,Category_J,S151|S196|S011
IT09743,TopicToken_09743 ProcessToken_152 PatternToken_081,Category_G,S134|S231
IT09744,TopicToken_09744 ProcessToken_051 PatternToken_079,Category_O,S013|S021|S189|S106
IT09745,TopicToken_09745 ProcessToken_152 PatternToken_078,Category_N,S009|S031|S238|S225|S079
IT09746,TopicToken_09746 ProcessToken_062 PatternToken_085,Category_R,S028|S044|S240
IT09747,TopicToken_09747 ProcessToken_141 PatternToken_015,Category_E,S008|S202|S180|S093
IT09748,TopicToken_09748 ProcessToken_115 PatternToken_095,Category_I,S004|S142|S026
IT09749,TopicToken_09749 ProcessToken_096 PatternToken_049,Category_I,S097|S155|S041|S208
IT09750,TopicToken_09750 ProcessToken_122 PatternToken_019,Category_Q,S056|S005
IT09751,TopicToken_09751 ProcessToken_194 PatternToken_042,Category_T,S040|S141|S065|S155|S041
IT09752,TopicToken_09752 ProcessToken_162 PatternToken_048,Category_A,S193|S219
IT09753,TopicToken_09753 ProcessToken_181 PatternToken_032,Category_C,S037|S069|S134
IT09754,TopicToken_09754 ProcessToken_039 PatternToken_074,Category_I,S028|S060
IT09755,TopicToken_09755 ProcessToken_167 PatternToken_074,Category_F,S165|S108|S094|S183
IT09756,TopicToken_09756 ProcessToken_044 PatternToken_031,Category_S,S047|S147|S068|S013
IT09757,TopicToken_09757 ProcessToken_182 PatternToken_038,Category_B,S178|S097|S102|S103|S059
IT09758,TopicToken_09758 ProcessToken_188 PatternToken_058,Category_T,S072|S006|S010|S049|S088
IT09759,TopicToken_09759 ProcessToken_192 PatternToken_021,Category_O,S131|S184|S165
IT09760,TopicToken_09760 ProcessToken_017 PatternToken_013,Category_J,S072|S079
IT09761,TopicToken_09761 ProcessToken_168 PatternToken_006,Category_R,S052|S012|S124|S238|S107
IT09762,TopicToken_09762 ProcessToken_094 PatternToken_062,Category_M,S210|S212
IT09763,TopicToken_09763 ProcessToken_156 PatternToken_052,Category_E,S038|S162
IT09764,TopicToken_09764 ProcessToken_181 PatternToken_043,Category_D,S085|S120|S023|S108|S178
IT09765,TopicToken_09765 ProcessToken_025 PatternToken_064,Category_I,S133|S087
IT09766,TopicToken_09766 ProcessToken_139 PatternToken_091,Category_N,S209|S069|S185
IT09767,TopicToken_09767 ProcessToken_025 PatternToken_042,Category_E,S008|S194|S087|S221|S116
IT09768,TopicToken_09768 ProcessToken_119 PatternToken_082,Category_Q,S199|S204|S086|S234|S084
IT09769,TopicToken_09769 ProcessToken_198 PatternToken_059,Category_R,S063|S155|S209|S061
IT09770,TopicToken_09770 ProcessToken_059 PatternToken_018,Category_L,S187|S070|S091|S041|S084
IT09771,TopicToken_09771 ProcessToken_149 PatternToken_087,Category_N,S158|S127|S031
IT09772,TopicToken_09772 ProcessToken_099 PatternToken_014,Category_E,S021|S122|S236|S179|S004
IT09773,TopicToken_09773 ProcessToken_115 PatternToken_044,Category_S,S212|S192|S106
IT09774,TopicToken_09774 ProcessToken_022 PatternToken_043,Category_R,S170|S193|S143
IT09775,TopicToken_09775 ProcessToken_125 PatternToken_055,Category_H,S204|S187|S051|S239
IT09776,TopicToken_09776 ProcessToken_174 PatternToken_010,Category_F,S060|S047|S183|S131|S147
IT09777,TopicToken_09777 ProcessToken_056 PatternToken_003,Category_P,S220|S052|S186|S069
IT09778,TopicToken_09778 ProcessToken_077 PatternToken_007,Category_Q,S202|S084
IT09779,TopicToken_09779 ProcessToken_060 PatternToken_018,Category_H,S106|S211|S226|S140|S104
IT09780,TopicToken_09780 ProcessToken_144 PatternToken_074,Category_A,S098|S217|S031|S081
IT09781,TopicToken_09781 ProcessToken_177 PatternToken_016,Category_F,S220|S118|S135
IT09782,TopicToken_09782 ProcessToken_067 PatternToken_024,Category_I,S235|S110|S079|S215
IT09783,TopicToken_09783 ProcessToken_004 PatternToken_018,Category_S,S104|S185|S138|S013|S032
IT09784,TopicToken_09784 ProcessToken_070 PatternToken_030,Category_J,S190|S159|S148|S110
IT09785,TopicToken_09785 ProcessToken_086 PatternToken_016,Category_Q,S154|S031|S030|S193
IT09786,TopicToken_09786 ProcessToken_018 PatternToken_020,Category_E,S167|S122
IT09787,TopicToken_09787 ProcessToken_059 PatternToken_065,Category_O,S044|S041|S021|S178|S136
IT09788,TopicToken_09788 ProcessToken_195 PatternToken_094,Category_J,S180|S236|S089|S099
IT09789,TopicToken_09789 ProcessToken_064 PatternToken_099,Category_L,S014|S088
IT09790,TopicToken_09790 ProcessToken_146 PatternToken_051,Category_H,S052|S031|S122|S145
IT09791,TopicToken_09791 ProcessToken_111 PatternToken_053,Category_P,S204|S084|S153
IT09792,TopicToken_09792 ProcessToken_077 PatternToken_086,Category_A,S157|S143
IT09793,TopicToken_09793 ProcessToken_184 PatternToken_072,Category_P,S008|S090|S192|S074
IT09794,TopicToken_09794 ProcessToken_190 PatternToken_047,Category_G,S236|S139|S070|S178|S007
IT09795,TopicToken_09795 ProcessToken_098 PatternToken_032,Category_I,S136|S222
IT09796,TopicToken_09796 ProcessToken_118 PatternToken_001,Category_E,S065|S083
IT09797,TopicToken_09797 ProcessToken_195 PatternToken_073,Category_K,S085|S176|S072
IT09798,TopicToken_09798 ProcessToken_076 PatternToken_031,Category_I,S092|S218
IT09799,TopicToken_09799 ProcessToken_116 PatternToken_044,Category_E,S222|S130|S192|S200|S193
IT09800,TopicToken_09800 ProcessToken_007 PatternToken_033,Category_G,S205|S016
IT09801,TopicToken_09801 ProcessToken_040 PatternToken_070,Category_Q,S150|S174
IT09802,TopicToken_09802 ProcessToken_091 PatternToken_044,Category_C,S028|S144|S111|S004|S072
IT09803,TopicToken_09803 ProcessToken_046 PatternToken_076,Category_K,S019|S168
IT09804,TopicToken_09804 ProcessToken_018 PatternToken_034,Category_S,S049|S027|S020|S240
IT09805,TopicToken_09805 ProcessToken_087 PatternToken_084,Category_S,S099|S045|S119
IT09806,TopicToken_09806 ProcessToken_131 PatternToken_004,Category_R,S065|S028|S025
IT09807,TopicToken_09807 ProcessToken_180 PatternToken_050,Category_R,S212|S200
IT09808,TopicToken_09808 ProcessToken_105 PatternToken_067,Category_S,S180|S107
IT09809,TopicToken_09809 ProcessToken_036 PatternToken_041,Category_J,S121|S080|S059
IT09810,TopicToken_09810 ProcessToken_030 PatternToken_074,Category_I,S173|S230|S128|S155|S121
IT09811,TopicToken_09811 ProcessToken_050 PatternToken_081,Category_G,S024|S226|S194|S132|S137
IT09812,TopicToken_09812 ProcessToken_108 PatternToken_078,Category_B,S105|S130|S107|S052
IT09813,TopicToken_09813 ProcessToken_037 PatternToken_056,Category_M,S003|S161|S081
IT09814,TopicToken_09814 ProcessToken_029 PatternToken_082,Category_D,S214|S098|S053|S193
IT09815,TopicToken_09815 ProcessToken_168 PatternToken_013,Category_E,S032|S231
IT09816,TopicToken_09816 ProcessToken_127 PatternToken_087,Category_I,S043|S158|S100|S025|S219
IT09817,TopicToken_09817 ProcessToken_015 PatternToken_003,Category_D,S147|S079|S099
IT09818,TopicToken_09818 ProcessToken_127 PatternToken_050,Category_F,S148|S080|S190|S181
IT09819,TopicToken_09819 ProcessToken_008 PatternToken_064,Category_E,S079|S096|S041|S083
IT09820,TopicToken_09820 ProcessToken_012 PatternToken_060,Category_R,S128|S035|S213|S217|S058
IT09821,TopicToken_09821 ProcessToken_087 PatternToken_059,Category_D,S155|S045
IT09822,TopicToken_09822 ProcessToken_128 PatternToken_017,Category_R,S133|S051|S183|S047
IT09823,TopicToken_09823 ProcessToken_147 PatternToken_070,Category_R,S147|S083
IT09824,TopicToken_09824 ProcessToken_199 PatternToken_002,Category_S,S215|S097
IT09825,TopicToken_09825 ProcessToken_007 PatternToken_008,Category_L,S130|S050|S074|S183|S040
IT09826,TopicToken_09826 ProcessToken_194 PatternToken_011,Category_D,S203|S148
IT09827,TopicToken_09827 ProcessToken_071 PatternToken_095,Category_T,S108|S158|S180|S210|S225
IT09828,TopicToken_09828 ProcessToken_106 PatternToken_009,Category_G,S078|S065|S227|S135
IT09829,TopicToken_09829 ProcessToken_195 PatternToken_090,Category_T,S110|S190|S010
IT09830,TopicToken_09830 ProcessToken_128 PatternToken_018,Category_E,S150|S063|S071|S030
IT09831,TopicToken_09831 ProcessToken_050 PatternToken_074,Category_C,S063|S201
IT09832,TopicToken_09832 ProcessToken_142 PatternToken_035,Category_L,S057|S239
IT09833,TopicToken_09833 ProcessToken_191 PatternToken_038,Category_S,S221|S096|S077|S107|S103
IT09834,TopicToken_09834 ProcessToken_087 PatternToken_031,Category_O,S070|S110|S072|S192
IT09835,TopicToken_09835 ProcessToken_024 PatternToken_079,Category_N,S231|S071|S130|S020
IT09836,TopicToken_09836 ProcessToken_137 PatternToken_008,Category_K,S214|S135
IT09837,TopicToken_09837 ProcessToken_114 PatternToken_077,Category_M,S068|S168|S005|S167|S240
IT09838,TopicToken_09838 ProcessToken_036 PatternToken_092,Category_T,S113|S096|S034|S002|S169
IT09839,TopicToken_09839 ProcessToken_168 PatternToken_089,Category_J,S200|S201|S059|S115|S087
IT09840,TopicToken_09840 ProcessToken_088 PatternToken_057,Category_P,S071|S142|S198
IT09841,TopicToken_09841 ProcessToken_025 PatternToken_052,Category_P,S003|S015|S029
IT09842,TopicToken_09842 ProcessToken_053 PatternToken_074,Category_Q,S118|S022|S151|S149
IT09843,TopicToken_09843 ProcessToken_062 PatternToken_014,Category_O,S215|S213|S062|S099
IT09844,TopicToken_09844 ProcessToken_070 PatternToken_081,Category_E,S079|S072
IT09845,TopicToken_09845 ProcessToken_109 PatternToken_032,Category_B,S121|S074|S082
IT09846,TopicToken_09846 ProcessToken_154 PatternToken_066,Category_E,S087|S074
IT09847,TopicToken_09847 ProcessToken_038 PatternToken_077,Category_G,S072|S187|S207|S180
IT09848,TopicToken_09848 ProcessToken_146 PatternToken_009,Category_S,S037|S102
IT09849,TopicToken_09849 ProcessToken_082 PatternToken_008,Category_O,S229|S054|S107|S129|S218
IT09850,TopicToken_09850 ProcessToken_145 PatternToken_043,Category_J,S033|S153|S188
IT09851,TopicToken_09851 ProcessToken_070 PatternToken_035,Category_M,S206|S192|S053
IT09852,TopicToken_09852 ProcessToken_140 PatternToken_100,Category_B,S011|S194|S188
IT09853,TopicToken_09853 ProcessToken_029 PatternToken_003,Category_T,S074|S082|S053|S122|S187
IT09854,TopicToken_09854 ProcessToken_010 PatternToken_097,Category_J,S141|S133
IT09855,TopicToken_09855 ProcessToken_055 PatternToken_074,Category_O,S083|S118|S227|S038|S072
IT09856,TopicToken_09856 ProcessToken_001 PatternToken_034,Category_Q,S175|S194|S073|S221|S213
IT09857,TopicToken_09857 ProcessToken_084 PatternToken_063,Category_H,S164|S237|S202|S123
IT09858,TopicToken_09858 ProcessToken_095 PatternToken_008,Category_K,S071|S083|S224
IT09859,TopicToken_09859 ProcessToken_118 PatternToken_070,Category_F,S042|S163
IT09860,TopicToken_09860 ProcessToken_193 PatternToken_082,Category_Q,S224|S174|S115|S199|S132
IT09861,TopicToken_09861 ProcessToken_165 PatternToken_049,Category_Q,S197|S036
IT09862,TopicToken_09862 ProcessToken_030 PatternToken_035,Category_T,S015|S075|S180|S230
IT09863,TopicToken_09863 ProcessToken_068 PatternToken_068,Category_G,S155|S129|S198|S062
IT09864,TopicToken_09864 ProcessToken_187 PatternToken_005,Category_I,S199|S036|S107|S082|S094
IT09865,TopicToken_09865 ProcessToken_188 PatternToken_012,Category_C,S034|S041|S061|S010|S121
IT09866,TopicToken_09866 ProcessToken_117 PatternToken_037,Category_A,S155|S074
IT09867,TopicToken_09867 ProcessToken_183 PatternToken_054,Category_N,S175|S180
IT09868,TopicToken_09868 ProcessToken_053 PatternToken_082,Category_L,S102|S117|S208|S200|S145
IT09869,TopicToken_09869 ProcessToken_097 PatternToken_033,Category_G,S090|S214|S016
IT09870,TopicToken_09870 ProcessToken_105 PatternToken_026,Category_F,S080|S011|S223|S035|S199
IT09871,TopicToken_09871 ProcessToken_047 PatternToken_042,Category_G,S017|S194
IT09872,TopicToken_09872 ProcessToken_110 PatternToken_085,Category_L,S117|S067|S238
IT09873,TopicToken_09873 ProcessToken_047 PatternToken_079,Category_C,S018|S122|S065|S144
IT09874,TopicToken_09874 ProcessToken_143 PatternToken_100,Category_I,S037|S236|S225|S185|S154
IT09875,TopicToken_09875 ProcessToken_091 PatternToken_064,Category_T,S052|S082|S049
IT09876,TopicToken_09876 ProcessToken_163 PatternToken_068,Category_E,S240|S154|S069|S002
IT09877,TopicToken_09877 ProcessToken_007 PatternToken_022,Category_G,S131|S225
IT09878,TopicToken_09878 ProcessToken_008 PatternToken_054,Category_S,S236|S058|S138|S008
IT09879,TopicToken_09879 ProcessToken_010 PatternToken_084,Category_H,S187|S134|S003
IT09880,TopicToken_09880 ProcessToken_164 PatternToken_005,Category_S,S071|S029
IT09881,TopicToken_09881 ProcessToken_042 PatternToken_071,Category_H,S140|S096|S092|S222
IT09882,TopicToken_09882 ProcessToken_179 PatternToken_096,Category_Q,S184|S105
IT09883,TopicToken_09883 ProcessToken_012 PatternToken_095,Category_B,S200|S155|S179|S207|S162
IT09884,TopicToken_09884 ProcessToken_048 PatternToken_062,Category_Q,S103|S171
IT09885,TopicToken_09885 ProcessToken_024 PatternToken_043,Category_B,S048|S072|S099|S240|S220
IT09886,TopicToken_09886 ProcessToken_004 PatternToken_098,Category_K,S017|S181|S217
IT09887,TopicToken_09887 ProcessToken_026 PatternToken_090,Category_J,S217|S026|S033|S055
IT09888,TopicToken_09888 ProcessToken_127 PatternToken_043,Category_J,S147|S076
IT09889,TopicToken_09889 ProcessToken_017 PatternToken_083,Category_H,S128|S142
IT09890,TopicToken_09890 ProcessToken_039 PatternToken_099,Category_I,S022|S124
IT09891,TopicToken_09891 ProcessToken_132 PatternToken_095,Category_T,S010|S138|S130
