relation_id,user_id_1,user_id_2,timestamp,degree_1_pre_event,degree_2_pre_event,mutual_connections_pre_event,same_company_baseline,same_industry_baseline,same_function_baseline,seniority_gap_baseline,supply_chain_compatibility,signed_counterfactual_sensitivity,counterfactual_intervention
R00001,U1168,U1170,2023-01-01T00:26:30,0,0,0,0,0,0,2,0.8,0.24,remove_supply_chain_context
R00002,U0056,U0057,2023-01-01T04:18:53,0,0,0,0,0,0,5,0.375,-0.1,remove_supply_chain_context
R00003,U0682,U1365,2023-01-01T10:27:07,0,0,0,0,0,0,1,0.9,0.32000000000000006,remove_supply_chain_context
R00004,U0757,U0758,2023-01-01T11:22:56,0,0,0,0,0,0,1,0.325,-0.13999999999999999,remove_supply_chain_context
R00005,U0137,U0138,2023-01-01T12:45:46,0,0,0,0,0,0,2,0.8,0.24,remove_supply_chain_context
R00006,U0936,U0938,2023-01-01T13:26:41,0,0,0,0,0,0,1,0.8,0.24,remove_supply_chain_context
R00007,U1047,U1049,2023-01-01T13:51:04,0,0,0,0,0,0,4,0.375,-0.1,remove_supply_chain_context
R00008,U0903,U0905,2023-01-01T16:35:20,0,0,0,0,0,0,6,0.375,-0.1,remove_supply_chain_context
R00009,U0290,U0998,2023-01-02T01:55:00,0,0,0,0,0,0,4,0.9,0.32000000000000006,remove_supply_chain_context
R00010,U0639,U0641,2023-01-02T07:32:46,0,0,0,0,0,0,3,0.375,-0.1,remove_supply_chain_context
R00011,U0157,U0159,2023-01-02T10:58:49,0,0,0,0,0,0,2,0.8,0.24,remove_supply_chain_context
R00012,U0750,U0751,2023-01-02T11:01:56,0,0,0,0,0,0,2,0.44,-0.048,remove_supply_chain_context
R00013,U0513,U0515,2023-01-02T19:45:40,0,0,0,0,1,0,1,0.9,0.32000000000000006,remove_supply_chain_context
R00014,U0344,U0346,2023-01-03T09:12:43,0,0,0,0,0,0,1,0.375,-0.1,remove_supply_chain_context
R00015,U0245,U0248,2023-01-03T09:46:11,0,0,0,0,0,0,5,0.9,0.32000000000000006,remove_supply_chain_context
R00016,U0164,U0874,2023-01-03T11:44:12,0,0,0,0,0,0,1,0.44,-0.048,remove_supply_chain_context
R00017,U1302,U1303,2023-01-03T15:05:41,0,0,0,0,0,1,3,0.325,-0.13999999999999999,remove_supply_chain_context
R00018,U1061,U1064,2023-01-03T19:14:32,0,0,0,0,0,0,2,0.375,-0.1,remove_supply_chain_context
R00019,U1029,U1031,2023-01-03T21:27:15,0,0,0,0,0,0,1,0.8,0.24,remove_supply_chain_context
R00020,U1148,U1149,2023-01-03T21:59:05,0,0,0,0,0,0,2,0.325,-0.13999999999999999,remove_supply_chain_context
R00021,U0928,U0932,2023-01-04T00:47:31,0,0,0,0,0,1,0,0.9,0.32000000000000006,remove_supply_chain_context
R00022,U0327,U1034,2023-01-04T12:12:18,0,0,0,0,0,0,6,0.375,-0.1,remove_supply_chain_context
R00023,U1363,U1365,2023-01-04T20:04:16,0,1,0,0,0,0,0,0.9,0.32000000000000006,remove_supply_chain_context
R00024,U1155,U1157,2023-01-05T00:28:29,0,0,0,0,0,0,1,0.375,-0.1,remove_supply_chain_context
R00025,U0312,U1018,2023-01-05T04:55:13,0,0,0,0,0,0,3,0.8,0.24,remove_supply_chain_context
R00026,U0429,U0431,2023-01-05T11:31:34,0,0,0,0,0,0,0,0.9,0.32000000000000006,remove_supply_chain_context
R00027,U0200,U0202,2023-01-05T11:54:16,0,0,0,0,0,0,4,0.325,-0.13999999999999999,remove_supply_chain_context
R00028,U0697,U0700,2023-01-05T14:39:23,0,0,0,0,0,0,0,0.44,-0.048,remove_supply_chain_context
R00029,U0204,U0205,2023-01-05T15:48:54,0,0,0,0,0,0,1,0.8,0.24,remove_supply_chain_context
R00030,U0610,U0611,2023-01-05T16:15:05,0,0,0,0,0,0,1,0.375,-0.1,remove_supply_chain_context
R00031,U0850,U0851,2023-01-05T18:26:44,0,0,0,0,1,0,1,0.8,0.24,remove_supply_chain_context
R00032,U0357,U0359,2023-01-05T19:07:01,0,0,0,0,0,0,0,0.375,-0.1,remove_supply_chain_context
R00033,U0868,U0870,2023-01-06T00:05:10,0,0,0,0,0,0,2,0.375,-0.1,remove_supply_chain_context
R00034,U0776,U0779,2023-01-06T00:44:19,0,0,0,0,0,0,1,0.375,-0.1,remove_supply_chain_context
R00035,U1219,U1220,2023-01-06T01:00:51,0,0,0,0,0,0,4,0.8,0.24,remove_supply_chain_context
R00036,U1314,U1315,2023-01-06T06:53:10,0,0,0,0,0,0,4,0.375,-0.1,remove_supply_chain_context
R00037,U0359,U0361,2023-01-06T09:56:59,1,0,0,0,0,0,1,0.375,-0.1,remove_supply_chain_context
R00038,U0199,U0911,2023-01-06T10:00:14,0,0,0,0,0,0,3,0.9,0.32000000000000006,remove_supply_chain_context
R00039,U0855,U0857,2023-01-06T10:37:35,0,0,0,0,0,0,2,0.375,-0.1,remove_supply_chain_context
R00040,U1024,U1026,2023-01-06T12:18:32,0,0,0,0,1,0,0,0.375,-0.1,remove_supply_chain_context
R00041,U1124,U1126,2023-01-06T19:55:50,0,0,0,0,0,0,2,0.9,0.32000000000000006,remove_supply_chain_context
R00042,U0564,U0565,2023-01-06T20:48:27,0,0,0,0,0,0,3,0.9,0.32000000000000006,remove_supply_chain_context
R00043,U0723,U0724,2023-01-06T21:08:50,0,0,0,0,0,0,3,0.375,-0.1,remove_supply_chain_context
R00044,U0425,U0427,2023-01-07T00:33:45,0,0,0,0,0,0,1,0.44,-0.048,remove_supply_chain_context
R00045,U0170,U0171,2023-01-07T02:09:44,0,0,0,0,0,0,2,0.9,0.32000000000000006,remove_supply_chain_context
R00046,U1130,U1132,2023-01-07T02:11:33,0,0,0,0,0,0,4,0.9,0.32000000000000006,remove_supply_chain_context
R00047,U0582,U0583,2023-01-07T04:33:51,0,0,0,0,0,0,3,0.8,0.24,remove_supply_chain_context
R00048,U0357,U0358,2023-01-07T08:09:30,1,0,0,0,0,0,1,0.9,0.32000000000000006,remove_supply_chain_context
R00049,U1237,U1238,2023-01-07T10:42:15,0,0,0,0,0,0,1,0.9,0.32000000000000006,remove_supply_chain_context
R00050,U0077,U0792,2023-01-07T12:41:25,0,0,0,0,0,0,2,0.44,-0.048,remove_supply_chain_context
R00051,U0638,U1325,2023-01-07T13:55:02,0,0,0,0,0,0,3,0.325,-0.13999999999999999,remove_supply_chain_context
R00052,U0814,U0815,2023-01-07T14:41:13,0,0,0,0,0,0,0,0.8,0.24,remove_supply_chain_context
R00053,U0653,U0656,2023-01-07T15:18:52,0,0,0,0,0,0,1,0.8,0.24,remove_supply_chain_context
R00054,U0202,U0204,2023-01-07T16:45:36,1,1,0,0,0,0,0,0.44,-0.048,remove_supply_chain_context
R00055,U0178,U0180,2023-01-07T17:33:41,0,0,0,0,0,0,0,0.9,0.32000000000000006,remove_supply_chain_context
R00056,U0778,U0780,2023-01-07T20:32:45,0,0,0,0,0,0,4,0.325,-0.13999999999999999,remove_supply_chain_context
R00057,U1270,U1271,2023-01-07T21:10:42,0,0,0,0,0,0,3,0.9,0.32000000000000006,remove_supply_chain_context
R00058,U0576,U0577,2023-01-07T22:47:48,0,0,0,0,0,0,1,0.44,-0.048,remove_supply_chain_context
R00059,U1341,U1344,2023-01-08T00:41:02,0,0,0,0,0,0,3,0.44,-0.048,remove_supply_chain_context
R00060,U0468,U1171,2023-01-08T03:38:06,0,0,0,0,0,0,1,0.8,0.24,remove_supply_chain_context
R00061,U0837,U0839,2023-01-08T10:27:35,0,0,0,0,0,0,3,0.325,-0.13999999999999999,remove_supply_chain_context
R00062,U0514,U0516,2023-01-08T11:13:27,0,0,0,0,0,0,2,0.9,0.32000000000000006,remove_supply_chain_context
R00063,U1165,U1167,2023-01-08T11:22:17,0,0,0,0,0,0,2,0.8,0.24,remove_supply_chain_context
R00064,U1285,U1286,2023-01-08T13:28:34,0,0,0,0,0,0,0,0.9,0.32000000000000006,remove_supply_chain_context
R00065,U0833,U0835,2023-01-08T17:05:52,0,0,0,0,0,0,2,0.9,0.32000000000000006,remove_supply_chain_context
R00066,U0313,U0315,2023-01-08T17:12:43,0,0,0,0,0,0,1,0.9,0.32000000000000006,remove_supply_chain_context
R00067,U0388,U1097,2023-01-08T20:46:42,0,0,0,0,0,0,2,0.375,-0.1,remove_supply_chain_context
R00068,U0530,U0531,2023-01-09T04:50:08,0,0,0,0,0,0,3,0.44,-0.048,remove_supply_chain_context
R00069,U0541,U0542,2023-01-09T08:19:05,0,0,0,0,0,0,1,0.44,-0.048,remove_supply_chain_context
R00070,U1014,U1017,2023-01-09T08:53:43,0,0,0,0,0,0,6,0.9,0.32000000000000006,remove_supply_chain_context
R00071,U0511,U0513,2023-01-09T11:20:36,0,1,0,0,0,0,3,0.375,-0.1,remove_supply_chain_context
R00072,U0479,U1184,2023-01-09T11:31:46,0,0,0,0,0,0,1,0.9,0.32000000000000006,remove_supply_chain_context
R00073,U0597,U1289,2023-01-09T14:06:21,0,0,0,0,0,0,4,0.375,-0.1,remove_supply_chain_context
R00074,U0338,U1046,2023-01-09T15:10:28,0,0,0,0,0,0,1,0.9,0.32000000000000006,remove_supply_chain_context
R00075,U0770,U0772,2023-01-09T16:50:41,0,0,0,0,0,0,0,0.375,-0.1,remove_supply_chain_context
R00076,U0455,U1159,2023-01-09T17:06:21,0,0,0,0,0,0,2,0.325,-0.13999999999999999,remove_supply_chain_context
R00077,U0007,U0011,2023-01-09T18:24:28,0,0,0,0,0,0,3,0.375,-0.1,remove_supply_chain_context
R00078,U0075,U0077,2023-01-09T19:42:34,0,1,0,0,0,0,5,0.8,0.24,remove_supply_chain_context
R00079,U0780,U0781,2023-01-09T19:44:52,1,0,0,0,0,0,1,0.375,-0.1,remove_supply_chain_context
R00080,U1008,U1009,2023-01-09T20:53:08,0,0,0,0,0,0,2,0.375,-0.1,remove_supply_chain_context
R00081,U0635,U0637,2023-01-09T22:31:48,0,0,0,0,0,0,1,0.325,-0.13999999999999999,remove_supply_chain_context
R00082,U0269,U0270,2023-01-09T22:35:19,0,0,0,0,0,0,5,0.375,-0.1,remove_supply_chain_context
R00083,U0576,U1272,2023-01-09T23:46:23,1,0,0,0,0,0,3,0.8,0.24,remove_supply_chain_context
R00084,U0175,U0886,2023-01-10T02:18:58,0,0,0,0,0,0,1,0.8,0.24,remove_supply_chain_context
R00085,U0664,U0666,2023-01-10T05:51:53,0,0,0,0,0,0,2,0.44,-0.048,remove_supply_chain_context
R00086,U1389,U1392,2023-01-10T07:29:44,0,0,0,0,0,0,3,0.44,-0.048,remove_supply_chain_context
R00087,U1339,U1341,2023-01-10T12:21:28,0,1,0,0,0,0,3,0.44,-0.048,remove_supply_chain_context
R00088,U0741,U0742,2023-01-10T13:00:02,0,0,0,0,0,0,2,0.8,0.24,remove_supply_chain_context
R00089,U0138,U0140,2023-01-10T13:21:02,1,0,0,0,0,0,4,0.44,-0.048,remove_supply_chain_context
R00090,U0940,U0941,2023-01-10T14:28:58,0,0,0,0,0,0,3,0.9,0.32000000000000006,remove_supply_chain_context
R00091,U0087,U0803,2023-01-10T15:00:28,0,0,0,0,0,0,0,0.375,-0.1,remove_supply_chain_context
R00092,U0110,U0111,2023-01-10T17:11:04,0,0,0,0,0,0,2,0.9,0.32000000000000006,remove_supply_chain_context
R00093,U0371,U1078,2023-01-10T18:45:44,0,0,0,0,0,0,1,0.9,0.32000000000000006,remove_supply_chain_context
R00094,U0144,U0855,2023-01-10T21:39:15,0,1,0,0,0,0,1,0.8,0.24,remove_supply_chain_context
R00095,U0728,U0730,2023-01-10T22:53:59,0,0,0,0,0,0,2,0.375,-0.1,remove_supply_chain_context
R00096,U0227,U0939,2023-01-10T23:55:12,0,0,0,0,0,0,1,0.44,-0.048,remove_supply_chain_context
R00097,U1180,U1181,2023-01-11T00:49:38,0,0,0,0,0,0,1,0.375,-0.1,remove_supply_chain_context
R00098,U0278,U0283,2023-01-11T03:04:32,0,0,0,0,0,0,0,0.44,-0.048,remove_supply_chain_context
R00099,U0460,U0462,2023-01-11T03:54:32,0,0,0,0,0,0,0,0.375,-0.1,remove_supply_chain_context
R00100,U1267,U1269,2023-01-11T05:33:11,0,0,0,0,0,0,0,0.9,0.32000000000000006,remove_supply_chain_context
R00101,U0593,U0596,2023-01-11T08:13:36,0,0,0,0,0,0,3,0.9,0.32000000000000006,remove_supply_chain_context
R00102,U0856,U0858,2023-01-11T09:37:48,0,0,0,0,0,0,4,0.44,-0.048,remove_supply_chain_context
R00103,U0814,U0816,2023-01-11T14:23:57,1,0,0,0,1,0,0,0.325,-0.13999999999999999,remove_supply_chain_context
R00104,U0637,U0638,2023-01-11T18:24:17,1,1,0,0,0,0,1,0.375,-0.1,remove_supply_chain_context
R00105,U0642,U0643,2023-01-11T18:32:18,0,0,0,0,0,1,4,0.325,-0.13999999999999999,remove_supply_chain_context
R00106,U0424,U1133,2023-01-11T22:56:27,0,0,0,0,0,0,3,0.44,-0.048,remove_supply_chain_context
R00107,U0327,U0329,2023-01-12T02:09:52,1,0,0,0,0,0,2,0.44,-0.048,remove_supply_chain_context
R00108,U0089,U0805,2023-01-12T02:19:11,0,0,0,0,0,0,4,0.375,-0.1,remove_supply_chain_context
R00109,U0676,U0679,2023-01-12T02:45:09,0,0,0,0,0,0,3,0.375,-0.1,remove_supply_chain_context
R00110,U0330,U0331,2023-01-12T03:52:33,0,0,0,0,0,0,1,0.325,-0.13999999999999999,remove_supply_chain_context
R00111,U0656,U0657,2023-01-12T05:12:39,1,0,0,0,0,0,3,0.375,-0.1,remove_supply_chain_context
R00112,U0014,U0016,2023-01-12T09:14:58,0,0,0,0,0,0,2,0.9,0.32000000000000006,remove_supply_chain_context
R00113,U0716,U0718,2023-01-12T19:05:13,0,0,0,0,0,0,5,0.9,0.32000000000000006,remove_supply_chain_context
R00114,U0920,U0921,2023-01-12T19:21:36,0,0,0,0,0,0,2,0.325,-0.13999999999999999,remove_supply_chain_context
R00115,U0210,U0212,2023-01-12T19:23:44,0,0,0,0,0,0,1,0.375,-0.1,remove_supply_chain_context
R00116,U1156,U1157,2023-01-12T20:51:38,0,1,0,0,0,0,3,0.325,-0.13999999999999999,remove_supply_chain_context
R00117,U0742,U0744,2023-01-13T00:49:48,1,0,0,0,1,0,1,0.44,-0.048,remove_supply_chain_context
R00118,U1037,U1039,2023-01-13T02:58:41,0,0,0,0,0,0,1,0.325,-0.13999999999999999,remove_supply_chain_context
R00119,U0475,U1180,2023-01-13T10:32:07,0,1,0,0,0,1,2,0.375,-0.1,remove_supply_chain_context
R00120,U0859,U0861,2023-01-13T10:33:18,0,0,0,0,0,0,2,0.44,-0.048,remove_supply_chain_context
R00121,U0954,U0955,2023-01-13T11:10:37,0,0,0,0,0,0,1,0.375,-0.1,remove_supply_chain_context
R00122,U0008,U0723,2023-01-13T14:10:36,0,1,0,0,0,0,2,0.44,-0.048,remove_supply_chain_context
R00123,U0251,U0253,2023-01-13T17:11:48,0,0,0,0,0,0,1,0.8,0.24,remove_supply_chain_context
R00124,U0265,U0267,2023-01-13T17:22:32,0,0,0,0,0,0,1,0.44,-0.048,remove_supply_chain_context
R00125,U1060,U1061,2023-01-13T18:27:56,0,1,0,0,0,0,0,0.375,-0.1,remove_supply_chain_context
R00126,U0257,U0966,2023-01-13T19:12:06,0,0,0,0,0,0,1,0.375,-0.1,remove_supply_chain_context
R00127,U1315,U1316,2023-01-13T19:33:55,1,0,0,0,0,0,5,0.375,-0.1,remove_supply_chain_context
R00128,U1115,U1117,2023-01-13T19:45:41,0,0,0,0,0,0,3,0.9,0.32000000000000006,remove_supply_chain_context
R00129,U0982,U0985,2023-01-14T04:42:43,0,0,0,0,0,0,0,0.8,0.24,remove_supply_chain_context
R00130,U0236,U0238,2023-01-14T15:20:55,0,0,0,0,0,0,2,0.9,0.32000000000000006,remove_supply_chain_context
R00131,U0464,U1168,2023-01-14T18:09:03,0,1,0,0,0,0,3,0.375,-0.1,remove_supply_chain_context
R00132,U1102,U1103,2023-01-14T18:56:07,0,0,0,0,0,0,0,0.375,-0.1,remove_supply_chain_context
R00133,U0508,U1208,2023-01-14T21:19:05,0,0,0,0,0,0,3,0.375,-0.1,remove_supply_chain_context
R00134,U0538,U0539,2023-01-14T22:19:25,0,0,0,0,0,0,2,0.9,0.32000000000000006,remove_supply_chain_context
R00135,U0336,U1044,2023-01-15T03:18:58,0,0,0,0,0,0,3,0.8,0.24,remove_supply_chain_context
R00136,U0384,U1093,2023-01-15T03:58:26,0,0,0,0,0,0,2,0.44,-0.048,remove_supply_chain_context
R00137,U0499,U0502,2023-01-15T04:36:26,0,0,0,0,0,0,5,0.44,-0.048,remove_supply_chain_context
R00138,U0948,U0949,2023-01-15T06:01:41,0,0,0,0,0,0,2,0.375,-0.1,remove_supply_chain_context
R00139,U0582,U0584,2023-01-15T07:46:18,1,0,0,0,0,0,3,0.325,-0.13999999999999999,remove_supply_chain_context
R00140,U1061,U1063,2023-01-15T08:04:14,2,0,0,0,0,0,3,0.375,-0.1,remove_supply_chain_context
R00141,U1075,U1078,2023-01-15T16:15:47,0,1,0,0,0,0,2,0.8,0.24,remove_supply_chain_context
R00142,U0532,U0534,2023-01-15T17:26:13,0,0,0,0,0,0,3,0.9,0.32000000000000006,remove_supply_chain_context
R00143,U0462,U0464,2023-01-15T20:25:29,1,1,0,0,0,0,2,0.325,-0.13999999999999999,remove_supply_chain_context
R00144,U0678,U0679,2023-01-15T21:12:22,0,1,0,0,0,0,0,0.375,-0.1,remove_supply_chain_context
R00145,U0152,U0154,2023-01-15T21:25:59,0,0,0,0,0,0,3,0.9,0.32000000000000006,remove_supply_chain_context
R00146,U0562,U0564,2023-01-16T00:30:26,0,1,0,0,0,0,3,0.9,0.32000000000000006,remove_supply_chain_context
R00147,U0851,U0852,2023-01-16T05:27:48,1,0,0,0,0,0,1,0.9,0.32000000000000006,remove_supply_chain_context
R00148,U1180,U1182,2023-01-16T05:47:11,2,0,0,0,0,0,1,0.325,-0.13999999999999999,remove_supply_chain_context
R00149,U0521,U0523,2023-01-16T06:02:02,0,0,0,0,0,0,4,0.8,0.24,remove_supply_chain_context
R00150,U0904,U0906,2023-01-16T06:17:52,0,0,0,0,0,0,0,0.375,-0.1,remove_supply_chain_context
R00151,U0525,U1223,2023-01-16T06:54:26,0,0,0,0,0,1,3,0.44,-0.048,remove_supply_chain_context
R00152,U1399,U1401,2023-01-16T15:10:43,0,0,0,0,1,0,0,0.9,0.32000000000000006,remove_supply_chain_context
R00153,U0488,U1193,2023-01-16T16:01:33,0,0,0,0,0,1,1,0.44,-0.048,remove_supply_chain_context
R00154,U0218,U0221,2023-01-17T04:53:44,0,0,0,0,1,0,2,0.8,0.24,remove_supply_chain_context
R00155,U0006,U0718,2023-01-17T20:46:28,0,1,0,0,0,0,6,0.44,-0.048,remove_supply_chain_context
R00156,U0667,U0670,2023-01-18T00:10:19,0,0,0,0,0,0,2,0.44,-0.048,remove_supply_chain_context
R00157,U1283,U1284,2023-01-18T02:11:04,0,0,0,0,0,0,6,0.325,-0.13999999999999999,remove_supply_chain_context
R00158,U1314,U1316,2023-01-18T07:07:23,1,1,1,0,0,0,1,0.325,-0.13999999999999999,remove_supply_chain_context
R00159,U0291,U1000,2023-01-18T08:37:32,0,0,0,0,0,0,1,0.44,-0.048,remove_supply_chain_context
R00160,U0580,U0582,2023-01-18T12:03:53,0,2,0,0,0,0,0,0.9,0.32000000000000006,remove_supply_chain_context
R00161,U0552,U0553,2023-01-18T19:01:03,0,0,0,0,0,0,1,0.375,-0.1,remove_supply_chain_context
R00162,U0864,U0865,2023-01-18T21:01:59,0,0,0,0,0,0,1,0.44,-0.048,remove_supply_chain_context
R00163,U0318,U1023,2023-01-18T23:11:59,0,0,0,0,0,0,3,0.375,-0.1,remove_supply_chain_context
R00164,U0653,U0654,2023-01-19T06:03:04,1,0,0,0,0,0,1,0.44,-0.048,remove_supply_chain_context
R00165,U0363,U0364,2023-01-19T07:27:38,0,0,0,0,0,0,1,0.8,0.24,remove_supply_chain_context
R00166,U0672,U1357,2023-01-19T09:01:34,0,0,0,0,0,1,3,0.9,0.32000000000000006,remove_supply_chain_context
R00167,U0118,U0119,2023-01-19T10:07:39,0,0,0,0,0,0,1,0.9,0.32000000000000006,remove_supply_chain_context
R00168,U0151,U0152,2023-01-19T10:53:46,0,1,0,0,0,0,3,0.325,-0.13999999999999999,remove_supply_chain_context
R00169,U0684,U1367,2023-01-19T11:06:22,0,0,0,0,0,0,5,0.9,0.32000000000000006,remove_supply_chain_context
R00170,U1035,U1037,2023-01-19T11:28:01,0,1,0,0,0,0,6,0.8,0.24,remove_supply_chain_context
R00171,U1174,U1175,2023-01-19T13:08:31,0,0,0,0,0,0,2,0.9,0.32000000000000006,remove_supply_chain_context
R00172,U1014,U1015,2023-01-19T14:52:39,1,0,0,0,0,0,4,0.8,0.24,remove_supply_chain_context
R00173,U0696,U0699,2023-01-19T17:24:40,0,0,0,0,0,0,4,0.44,-0.048,remove_supply_chain_context
R00174,U0163,U0873,2023-01-19T23:02:21,0,0,0,0,0,0,1,0.9,0.32000000000000006,remove_supply_chain_context
R00175,U0907,U0908,2023-01-20T00:05:35,0,0,0,0,0,0,2,0.8,0.24,remove_supply_chain_context
R00176,U0567,U1264,2023-01-20T00:32:54,0,0,0,0,0,0,1,0.8,0.24,remove_supply_chain_context
R00177,U1071,U1072,2023-01-20T02:32:33,0,0,0,0,0,0,1,0.325,-0.13999999999999999,remove_supply_chain_context
R00178,U0249,U0959,2023-01-20T08:00:03,0,0,0,0,0,0,4,0.375,-0.1,remove_supply_chain_context
R00179,U0320,U0322,2023-01-20T08:48:01,0,0,0,0,0,0,4,0.325,-0.13999999999999999,remove_supply_chain_context
R00180,U0399,U0401,2023-01-20T08:54:30,0,0,0,0,0,0,0,0.325,-0.13999999999999999,remove_supply_chain_context
R00181,U1396,U1397,2023-01-20T13:04:02,0,0,0,0,0,0,6,0.325,-0.13999999999999999,remove_supply_chain_context
R00182,U0847,U0848,2023-01-20T15:28:19,0,0,0,0,0,0,5,0.44,-0.048,remove_supply_chain_context
R00183,U1104,U1106,2023-01-20T17:23:07,0,0,0,1,1,0,1,0.375,-0.1,remove_supply_chain_context
R00184,U0025,U0026,2023-01-20T20:24:12,0,0,0,0,0,0,5,0.9,0.32000000000000006,remove_supply_chain_context
R00185,U1002,U1003,2023-01-21T00:19:34,0,0,0,0,0,0,1,0.8,0.24,remove_supply_chain_context
R00186,U1272,U1273,2023-01-21T03:13:55,1,0,0,0,0,0,1,0.44,-0.048,remove_supply_chain_context
R00187,U0337,U0338,2023-01-21T05:08:32,0,1,0,0,1,0,3,0.8,0.24,remove_supply_chain_context
R00188,U0463,U0465,2023-01-21T05:11:20,0,0,0,0,0,0,5,0.325,-0.13999999999999999,remove_supply_chain_context
R00189,U0961,U0964,2023-01-21T08:34:19,0,0,0,0,0,0,0,0.9,0.32000000000000006,remove_supply_chain_context
R00190,U0045,U0757,2023-01-21T09:25:39,0,1,0,0,0,0,3,0.375,-0.1,remove_supply_chain_context
R00191,U0305,U0309,2023-01-21T17:02:52,0,0,0,0,0,0,2,0.8,0.24,remove_supply_chain_context
R00192,U0875,U0876,2023-01-21T19:48:27,0,0,0,0,0,0,1,0.9,0.32000000000000006,remove_supply_chain_context
R00193,U0239,U0951,2023-01-21T20:01:13,0,0,0,0,0,0,1,0.375,-0.1,remove_supply_chain_context
R00194,U0616,U0620,2023-01-22T00:46:15,0,0,0,0,0,0,1,0.9,0.32000000000000006,remove_supply_chain_context
R00195,U0477,U1182,2023-01-22T02:19:37,0,1,0,0,0,0,3,0.375,-0.1,remove_supply_chain_context
R00196,U0067,U0068,2023-01-22T14:02:50,0,0,0,0,0,0,5,0.9,0.32000000000000006,remove_supply_chain_context
R00197,U1296,U1297,2023-01-22T17:25:41,0,0,0,0,0,0,3,0.9,0.32000000000000006,remove_supply_chain_context
R00198,U0270,U0977,2023-01-22T22:37:55,1,0,0,0,0,0,5,0.375,-0.1,remove_supply_chain_context
R00199,U1018,U1020,2023-01-23T01:43:18,1,0,0,0,0,0,6,0.9,0.32000000000000006,remove_supply_chain_context
R00200,U0221,U0933,2023-01-23T02:08:02,1,0,0,0,0,0,2,0.375,-0.1,remove_supply_chain_context
R00201,U0661,U0663,2023-01-23T04:27:45,0,0,0,0,0,0,0,0.325,-0.13999999999999999,remove_supply_chain_context
R00202,U0084,U0085,2023-01-24T00:50:30,0,0,0,0,0,0,5,0.8,0.24,remove_supply_chain_context
R00203,U1293,U1296,2023-01-24T00:53:16,0,1,0,0,0,0,2,0.8,0.24,remove_supply_chain_context
R00204,U0415,U1125,2023-01-24T01:01:45,0,0,0,0,0,0,2,0.44,-0.048,remove_supply_chain_context
R00205,U0568,U0570,2023-01-24T02:03:41,0,0,0,0,0,1,4,0.375,-0.1,remove_supply_chain_context
R00206,U0204,U0207,2023-01-24T16:24:38,2,0,0,0,0,0,1,0.9,0.32000000000000006,remove_supply_chain_context
R00207,U0159,U0161,2023-01-24T19:35:01,1,0,0,0,0,0,3,0.9,0.32000000000000006,remove_supply_chain_context
R00208,U0047,U0049,2023-01-25T01:20:36,0,0,0,0,0,0,1,0.8,0.24,remove_supply_chain_context
R00209,U0347,U1053,2023-01-25T04:55:24,0,0,0,0,0,0,1,0.375,-0.1,remove_supply_chain_context
R00210,U0043,U0045,2023-01-25T06:28:09,0,1,0,0,0,0,2,0.9,0.32000000000000006,remove_supply_chain_context
R00211,U1362,U1363,2023-01-25T07:46:41,0,1,0,0,0,0,2,0.8,0.24,remove_supply_chain_context
R00212,U0042,U0043,2023-01-25T08:33:00,0,1,0,0,0,0,4,0.8,0.24,remove_supply_chain_context
R00213,U0043,U0044,2023-01-25T10:54:04,2,0,0,0,0,0,1,0.8,0.24,remove_supply_chain_context
R00214,U0369,U0371,2023-01-25T11:05:19,0,1,0,0,0,0,0,0.375,-0.1,remove_supply_chain_context
R00215,U0237,U0239,2023-01-25T16:23:44,0,1,0,0,0,0,0,0.44,-0.048,remove_supply_chain_context
R00216,U0240,U0242,2023-01-25T16:26:32,0,0,0,0,0,0,1,0.375,-0.1,remove_supply_chain_context
R00217,U0173,U0177,2023-01-25T16:41:04,0,0,0,0,0,0,5,0.375,-0.1,remove_supply_chain_context
R00218,U0587,U0588,2023-01-25T18:00:24,0,0,0,0,0,0,0,0.375,-0.1,remove_supply_chain_context
R00219,U0760,U0762,2023-01-25T18:52:35,0,0,0,0,0,0,2,0.8,0.24,remove_supply_chain_context
R00220,U0410,U0411,2023-01-25T19:29:51,0,0,0,0,0,0,3,0.8,0.24,remove_supply_chain_context
R00221,U1120,U1121,2023-01-25T20:15:18,0,0,0,0,0,0,0,0.375,-0.1,remove_supply_chain_context
R00222,U0102,U0104,2023-01-25T21:32:22,0,0,0,0,0,0,1,0.9,0.32000000000000006,remove_supply_chain_context
R00223,U1095,U1097,2023-01-26T00:31:34,0,1,0,0,0,0,0,0.375,-0.1,remove_supply_chain_context
R00224,U0301,U0302,2023-01-26T07:20:47,0,0,0,0,0,0,4,0.375,-0.1,remove_supply_chain_context
R00225,U0670,U0672,2023-01-26T09:03:46,1,1,0,0,0,0,5,0.8,0.24,remove_supply_chain_context
R00226,U0209,U0212,2023-01-26T09:39:39,0,1,0,0,0,0,3,0.375,-0.1,remove_supply_chain_context
R00227,U0303,U0304,2023-01-26T11:47:16,0,0,0,0,0,0,2,0.9,0.32000000000000006,remove_supply_chain_context
R00228,U1166,U1167,2023-01-26T13:26:57,0,1,0,0,0,0,0,0.9,0.32000000000000006,remove_supply_chain_context
R00229,U0313,U0316,2023-01-26T13:51:43,1,0,0,0,0,0,4,0.8,0.24,remove_supply_chain_context
R00230,U0170,U0880,2023-01-26T19:13:33,1,0,0,0,0,0,2,0.325,-0.13999999999999999,remove_supply_chain_context
R00231,U0520,U0521,2023-01-27T05:36:36,0,1,0,0,0,0,1,0.375,-0.1,remove_supply_chain_context
R00232,U0700,U1388,2023-01-27T10:00:58,1,0,0,0,0,0,4,0.8,0.24,remove_supply_chain_context
R00233,U0829,U0830,2023-01-27T11:07:15,0,0,0,0,0,0,5,0.325,-0.13999999999999999,remove_supply_chain_context
R00234,U0726,U0728,2023-01-27T11:48:06,0,1,0,0,0,0,4,0.375,-0.1,remove_supply_chain_context
R00235,U0482,U0484,2023-01-27T18:14:27,0,0,0,0,0,0,0,0.325,-0.13999999999999999,remove_supply_chain_context
R00236,U0179,U0890,2023-01-27T19:53:07,0,0,0,0,0,0,3,0.9,0.32000000000000006,remove_supply_chain_context
R00237,U0107,U0108,2023-01-27T22:04:56,0,0,0,0,0,0,1,0.375,-0.1,remove_supply_chain_context
R00238,U1261,U1264,2023-01-27T23:13:36,0,1,0,0,0,0,5,0.9,0.32000000000000006,remove_supply_chain_context
R00239,U0520,U0523,2023-01-28T00:25:13,1,1,1,0,0,0,5,0.375,-0.1,remove_supply_chain_context
R00240,U1355,U1356,2023-01-28T04:09:14,0,0,0,0,0,0,1,0.325,-0.13999999999999999,remove_supply_chain_context
R00241,U1024,U1025,2023-01-28T06:09:04,1,0,0,0,0,0,4,0.9,0.32000000000000006,remove_supply_chain_context
R00242,U0501,U0502,2023-01-28T06:57:36,0,1,0,0,0,0,0,0.8,0.24,remove_supply_chain_context
R00243,U0093,U0094,2023-01-28T08:34:48,0,0,0,0,0,1,2,0.8,0.24,remove_supply_chain_context
R00244,U1054,U1056,2023-01-28T12:07:45,0,0,0,0,0,0,4,0.9,0.32000000000000006,remove_supply_chain_context
R00245,U0478,U0479,2023-01-28T18:36:33,0,1,0,0,0,0,4,0.44,-0.048,remove_supply_chain_context
R00246,U1179,U1180,2023-01-28T18:36:57,0,3,0,0,0,0,1,0.375,-0.1,remove_supply_chain_context
R00247,U1133,U1135,2023-01-28T19:19:42,1,0,0,0,0,0,1,0.325,-0.13999999999999999,remove_supply_chain_context
R00248,U0875,U0877,2023-01-28T20:21:43,1,0,0,0,0,0,2,0.8,0.24,remove_supply_chain_context
R00249,U0247,U0957,2023-01-28T21:17:08,0,0,0,0,0,0,2,0.8,0.24,remove_supply_chain_context
R00250,U1243,U1245,2023-02-01T01:13:30,0,0,0,0,0,1,1,0.375,-0.1,remove_supply_chain_context
R00251,U0253,U0256,2023-02-01T07:52:12,1,0,0,0,0,0,0,0.375,-0.1,remove_supply_chain_context
R00252,U0623,U0624,2023-02-01T07:56:19,0,0,0,0,0,0,1,0.375,-0.1,remove_supply_chain_context
R00253,U1231,U1232,2023-02-01T08:17:01,0,0,0,0,0,0,4,0.9,0.32000000000000006,remove_supply_chain_context
R00254,U0484,U0485,2023-02-01T09:05:38,1,0,0,0,0,0,2,0.375,-0.1,remove_supply_chain_context
R00255,U0457,U1161,2023-02-01T09:55:36,0,0,0,0,0,0,0,0.375,-0.1,remove_supply_chain_context
R00256,U0531,U1231,2023-02-01T10:03:56,1,1,0,0,0,0,3,0.325,-0.13999999999999999,remove_supply_chain_context
R00257,U0023,U0025,2023-02-01T10:51:03,0,1,0,0,0,0,0,0.44,-0.048,remove_supply_chain_context
R00258,U0099,U0101,2023-02-01T13:08:42,0,0,0,0,0,0,2,0.9,0.32000000000000006,remove_supply_chain_context
R00259,U1070,U1071,2023-02-01T17:15:27,0,1,0,0,0,0,0,0.375,-0.1,remove_supply_chain_context
R00260,U1360,U1361,2023-02-02T04:27:12,0,0,0,0,0,0,1,0.9,0.32000000000000006,remove_supply_chain_context
R00261,U1192,U1193,2023-02-02T04:44:21,0,1,0,0,0,0,2,0.9,0.32000000000000006,remove_supply_chain_context
R00262,U0179,U0180,2023-02-02T07:47:06,1,1,0,0,0,0,3,0.375,-0.1,remove_supply_chain_context
R00263,U0480,U1185,2023-02-02T11:27:14,0,0,0,0,0,0,0,0.9,0.32000000000000006,remove_supply_chain_context
R00264,U0348,U0350,2023-02-02T21:43:25,0,0,0,0,0,0,4,0.44,-0.048,remove_supply_chain_context
R00265,U0111,U0113,2023-02-02T21:53:03,1,0,0,0,0,0,3,0.44,-0.048,remove_supply_chain_context
R00266,U0170,U0172,2023-02-03T04:30:02,2,0,0,0,0,0,1,0.375,-0.1,remove_supply_chain_context
R00267,U1107,U1109,2023-02-03T06:29:12,0,0,0,0,0,0,0,0.375,-0.1,remove_supply_chain_context
R00268,U0241,U0242,2023-02-03T06:34:18,0,1,0,0,0,0,2,0.9,0.32000000000000006,remove_supply_chain_context
R00269,U1222,U1223,2023-02-03T10:16:54,0,1,0,0,0,0,3,0.9,0.32000000000000006,remove_supply_chain_context
R00270,U0101,U0103,2023-02-03T12:48:34,1,0,0,0,0,0,4,0.375,-0.1,remove_supply_chain_context
R00271,U0529,U1229,2023-02-03T13:40:40,0,0,0,0,0,0,3,0.9,0.32000000000000006,remove_supply_chain_context
R00272,U0524,U0525,2023-02-03T17:29:05,0,1,0,0,0,0,5,0.325,-0.13999999999999999,remove_supply_chain_context
R00273,U0180,U0182,2023-02-03T23:13:57,2,0,0,0,0,0,2,0.325,-0.13999999999999999,remove_supply_chain_context
R00274,U0663,U0664,2023-02-04T04:15:21,1,1,0,0,0,0,0,0.375,-0.1,remove_supply_chain_context
R00275,U0834,U0837,2023-02-04T04:57:05,0,1,0,0,0,0,5,0.375,-0.1,remove_supply_chain_context
R00276,U0076,U0078,2023-02-04T05:08:32,0,0,0,0,0,0,2,0.375,-0.1,remove_supply_chain_context
R00277,U0078,U0080,2023-02-04T08:02:11,1,0,0,0,0,0,0,0.375,-0.1,remove_supply_chain_context
R00278,U0863,U0865,2023-02-04T10:01:17,0,1,0,0,0,0,2,0.8,0.24,remove_supply_chain_context
R00279,U0791,U0792,2023-02-04T13:41:27,0,1,0,0,0,0,3,0.325,-0.13999999999999999,remove_supply_chain_context
R00280,U0374,U0376,2023-02-04T15:09:37,0,0,0,0,0,0,5,0.44,-0.048,remove_supply_chain_context
R00281,U1220,U1222,2023-02-04T15:29:11,1,1,0,0,0,0,5,0.375,-0.1,remove_supply_chain_context
R00282,U0278,U0279,2023-02-04T21:07:02,1,0,0,0,0,1,1,0.9,0.32000000000000006,remove_supply_chain_context
R00283,U0681,U0682,2023-02-05T01:47:48,0,1,0,0,0,0,2,0.44,-0.048,remove_supply_chain_context
R00284,U1371,U1372,2023-02-05T03:42:40,0,0,0,0,0,1,0,0.44,-0.048,remove_supply_chain_context
R00285,U0221,U0222,2023-02-05T08:37:22,2,0,0,0,0,0,3,0.44,-0.048,remove_supply_chain_context
R00286,U0905,U0907,2023-02-05T08:37:49,1,1,0,0,0,1,3,0.325,-0.13999999999999999,remove_supply_chain_context
R00287,U0769,U0771,2023-02-05T09:23:29,0,0,0,0,0,0,6,0.375,-0.1,remove_supply_chain_context
R00288,U0657,U1343,2023-02-05T10:17:38,1,0,0,0,0,0,1,0.44,-0.048,remove_supply_chain_context
R00289,U0254,U0256,2023-02-05T10:31:35,0,1,0,0,0,0,2,0.375,-0.1,remove_supply_chain_context
R00290,U1005,U1006,2023-02-05T10:56:18,0,0,0,0,0,0,4,0.375,-0.1,remove_supply_chain_context
R00291,U0483,U1188,2023-02-05T11:05:27,0,0,0,0,0,0,5,0.325,-0.13999999999999999,remove_supply_chain_context
R00292,U1222,U1226,2023-02-05T11:52:25,2,0,0,0,0,1,1,0.9,0.32000000000000006,remove_supply_chain_context
R00293,U0317,U0319,2023-02-05T16:46:19,0,0,0,0,0,0,4,0.9,0.32000000000000006,remove_supply_chain_context
R00294,U0501,U1201,2023-02-05T17:01:14,1,0,0,0,0,0,5,0.44,-0.048,remove_supply_chain_context
R00295,U0004,U0006,2023-02-05T19:23:25,0,1,0,0,0,0,6,0.9,0.32000000000000006,remove_supply_chain_context
R00296,U0290,U0292,2023-02-05T20:05:57,1,0,0,0,0,0,3,0.9,0.32000000000000006,remove_supply_chain_context
R00297,U0518,U1217,2023-02-05T20:55:50,0,0,0,0,0,0,0,0.9,0.32000000000000006,remove_supply_chain_context
R00298,U0299,U0300,2023-02-05T21:40:51,0,0,0,0,0,0,6,0.44,-0.048,remove_supply_chain_context
R00299,U0018,U0019,2023-02-05T22:32:22,0,0,0,0,0,0,4,0.325,-0.13999999999999999,remove_supply_chain_context
R00300,U0533,U0535,2023-02-05T23:32:43,0,0,0,0,0,0,1,0.9,0.32000000000000006,remove_supply_chain_context
R00301,U0648,U0649,2023-02-05T23:43:50,0,0,0,0,0,0,1,0.44,-0.048,remove_supply_chain_context
R00302,U1347,U1349,2023-02-06T00:04:57,0,0,0,0,0,0,5,0.375,-0.1,remove_supply_chain_context
R00303,U0201,U0914,2023-02-06T01:13:55,0,0,0,0,0,0,3,0.9,0.32000000000000006,remove_supply_chain_context
R00304,U0257,U0258,2023-02-06T02:00:31,1,0,0,0,0,0,4,0.9,0.32000000000000006,remove_supply_chain_context
R00305,U1401,U1403,2023-02-06T07:31:56,1,0,0,0,0,0,2,0.9,0.32000000000000006,remove_supply_chain_context
R00306,U1302,U1304,2023-02-06T08:51:09,1,0,0,0,1,0,4,0.8,0.24,remove_supply_chain_context
R00307,U0395,U0397,2023-02-06T19:03:30,0,0,0,0,0,0,0,0.375,-0.1,remove_supply_chain_context
R00308,U0233,U0234,2023-02-06T19:08:42,0,0,0,0,0,0,0,0.375,-0.1,remove_supply_chain_context
R00309,U0345,U1051,2023-02-06T19:56:16,0,0,0,0,0,0,2,0.375,-0.1,remove_supply_chain_context
R00310,U0724,U0725,2023-02-06T22:03:59,1,0,0,0,0,0,5,0.325,-0.13999999999999999,remove_supply_chain_context
R00311,U0817,U0819,2023-02-07T00:47:53,0,0,0,0,0,0,6,0.8,0.24,remove_supply_chain_context
R00312,U0539,U1239,2023-02-07T01:30:01,1,0,0,0,0,0,2,0.9,0.32000000000000006,remove_supply_chain_context
R00313,U0202,U0203,2023-02-07T03:49:34,2,0,0,0,0,0,5,0.9,0.32000000000000006,remove_supply_chain_context
R00314,U1042,U1044,2023-02-07T04:04:23,0,1,0,0,1,0,0,0.375,-0.1,remove_supply_chain_context
R00315,U0929,U0933,2023-02-07T05:05:48,0,1,0,0,0,0,1,0.9,0.32000000000000006,remove_supply_chain_context
R00316,U1154,U1155,2023-02-07T11:18:27,0,1,0,0,0,0,1,0.375,-0.1,remove_supply_chain_context
R00317,U0389,U0390,2023-02-07T14:22:44,0,0,0,0,0,0,4,0.9,0.32000000000000006,remove_supply_chain_context
R00318,U0615,U0616,2023-02-07T14:25:09,0,1,0,0,0,0,3,0.325,-0.13999999999999999,remove_supply_chain_context
R00319,U0147,U0858,2023-02-07T14:27:51,0,1,0,0,0,0,6,0.9,0.32000000000000006,remove_supply_chain_context
R00320,U0577,U0579,2023-02-07T14:51:20,1,0,0,0,0,0,2,0.9,0.32000000000000006,remove_supply_chain_context
R00321,U1159,U1160,2023-02-07T15:20:13,1,0,0,0,0,0,0,0.375,-0.1,remove_supply_chain_context
R00322,U0662,U1348,2023-02-07T17:46:06,0,0,0,0,0,0,1,0.325,-0.13999999999999999,remove_supply_chain_context
R00323,U0956,U0957,2023-02-07T18:05:30,0,1,0,0,0,0,0,0.44,-0.048,remove_supply_chain_context
R00324,U0542,U0544,2023-02-07T20:48:34,1,0,0,0,1,0,1,0.8,0.24,remove_supply_chain_context
R00325,U0423,U1132,2023-02-07T23:26:43,0,1,0,0,0,0,1,0.375,-0.1,remove_supply_chain_context
R00326,U1073,U1075,2023-02-08T02:39:04,0,1,0,0,0,1,3,0.375,-0.1,remove_supply_chain_context
R00327,U1169,U1171,2023-02-08T06:16:09,0,1,0,0,0,0,0,0.9,0.32000000000000006,remove_supply_chain_context
R00328,U0052,U0053,2023-02-08T13:34:59,0,0,0,0,0,1,2,0.8,0.24,remove_supply_chain_context
R00329,U0620,U1306,2023-02-08T14:13:58,1,0,0,0,0,0,3,0.44,-0.048,remove_supply_chain_context
R00330,U0438,U0442,2023-02-08T17:36:59,0,0,0,0,0,0,1,0.9,0.32000000000000006,remove_supply_chain_context
R00331,U0122,U0123,2023-02-08T19:25:09,0,0,0,0,0,0,3,0.9,0.32000000000000006,remove_supply_chain_context
R00332,U1083,U1085,2023-02-08T21:02:12,0,0,0,0,0,0,2,0.9,0.32000000000000006,remove_supply_chain_context
R00333,U1093,U1094,2023-02-08T21:13:37,1,0,0,0,0,0,2,0.44,-0.048,remove_supply_chain_context
R00334,U0021,U0022,2023-02-09T00:26:10,0,0,0,0,0,0,2,0.44,-0.048,remove_supply_chain_context
R00335,U0222,U0223,2023-02-09T01:10:03,1,0,0,0,0,0,2,0.44,-0.048,remove_supply_chain_context
R00336,U0616,U1305,2023-02-09T04:12:26,2,0,0,0,0,0,6,0.44,-0.048,remove_supply_chain_context
R00337,U1274,U1275,2023-02-09T04:46:02,0,0,0,0,0,1,2,0.9,0.32000000000000006,remove_supply_chain_context
R00338,U0927,U0928,2023-02-09T08:57:07,0,1,0,0,0,0,3,0.9,0.32000000000000006,remove_supply_chain_context
R00339,U0514,U0515,2023-02-09T11:27:23,1,1,0,0,0,1,3,0.8,0.24,remove_supply_chain_context
R00340,U0288,U0995,2023-02-09T11:39:23,0,0,0,0,0,0,4,0.375,-0.1,remove_supply_chain_context
R00341,U0610,U0613,2023-02-09T11:42:30,1,0,0,0,0,0,1,0.325,-0.13999999999999999,remove_supply_chain_context
R00342,U0950,U0951,2023-02-09T13:49:30,0,1,0,0,0,0,4,0.375,-0.1,remove_supply_chain_context
R00343,U0351,U0353,2023-02-09T18:16:25,0,0,0,0,0,0,4,0.44,-0.048,remove_supply_chain_context
R00344,U0105,U0107,2023-02-09T19:36:38,0,1,0,0,0,0,1,0.375,-0.1,remove_supply_chain_context
R00345,U0735,U0736,2023-02-09T20:00:25,0,0,0,0,0,0,3,0.325,-0.13999999999999999,remove_supply_chain_context
R00346,U0593,U1286,2023-02-10T00:13:37,1,1,0,0,0,0,2,0.44,-0.048,remove_supply_chain_context
R00347,U1040,U1044,2023-02-10T01:33:37,0,2,0,0,0,0,2,0.9,0.32000000000000006,remove_supply_chain_context
R00348,U0316,U0318,2023-02-10T04:11:15,1,1,0,0,1,0,4,0.9,0.32000000000000006,remove_supply_chain_context
R00349,U0670,U0671,2023-02-10T04:39:00,2,0,0,0,0,0,4,0.44,-0.048,remove_supply_chain_context
R00350,U0753,U0756,2023-02-10T10:07:11,0,0,0,0,1,0,3,0.8,0.24,remove_supply_chain_context
R00351,U0719,U0724,2023-02-10T12:53:33,0,2,0,0,0,0,4,0.44,-0.048,remove_supply_chain_context
R00352,U0262,U0264,2023-02-10T13:11:20,0,0,0,0,0,0,1,0.375,-0.1,remove_supply_chain_context
R00353,U0599,U0603,2023-02-10T16:20:56,0,0,0,0,1,0,3,0.44,-0.048,remove_supply_chain_context
R00354,U0031,U0034,2023-02-10T16:45:23,0,0,0,0,0,0,2,0.325,-0.13999999999999999,remove_supply_chain_context
R00355,U1200,U1201,2023-02-10T20:03:51,0,1,0,0,0,0,5,0.9,0.32000000000000006,remove_supply_chain_context
R00356,U1327,U1329,2023-02-10T21:49:50,0,0,0,0,0,0,0,0.375,-0.1,remove_supply_chain_context
R00357,U0629,U1315,2023-02-10T23:15:26,0,2,0,0,0,0,4,0.375,-0.1,remove_supply_chain_context
R00358,U1240,U1243,2023-02-11T06:12:23,0,1,0,0,0,0,1,0.44,-0.048,remove_supply_chain_context
R00359,U1239,U1240,2023-02-11T06:19:47,1,1,0,0,0,0,1,0.375,-0.1,remove_supply_chain_context
R00360,U0237,U0949,2023-02-11T09:28:26,1,1,0,0,0,0,1,0.325,-0.13999999999999999,remove_supply_chain_context
R00361,U0711,U0713,2023-02-11T09:34:45,0,0,0,0,0,0,1,0.9,0.32000000000000006,remove_supply_chain_context
R00362,U1104,U1105,2023-02-11T15:00:01,1,0,0,0,0,0,3,0.375,-0.1,remove_supply_chain_context
R00363,U0587,U0589,2023-02-11T22:50:00,1,0,0,0,0,0,1,0.8,0.24,remove_supply_chain_context
R00364,U0692,U0693,2023-02-11T23:13:54,0,0,0,0,0,0,5,0.9,0.32000000000000006,remove_supply_chain_context
R00365,U0371,U0373,2023-02-12T02:54:31,2,0,0,0,0,0,1,0.8,0.24,remove_supply_chain_context
R00366,U0784,U0785,2023-02-12T06:20:10,0,0,0,0,0,0,3,0.44,-0.048,remove_supply_chain_context
R00367,U0333,U0335,2023-02-12T06:37:42,0,0,0,0,0,0,1,0.375,-0.1,remove_supply_chain_context
R00368,U0386,U0387,2023-02-12T13:33:47,0,0,0,0,0,0,2,0.325,-0.13999999999999999,remove_supply_chain_context
R00369,U1299,U1300,2023-02-12T13:53:56,0,0,0,0,0,0,3,0.9,0.32000000000000006,remove_supply_chain_context
R00370,U0992,U0994,2023-02-12T14:25:41,0,0,0,0,0,1,3,0.44,-0.048,remove_supply_chain_context
R00371,U0581,U0582,2023-02-12T14:32:19,0,3,0,0,0,0,3,0.375,-0.1,remove_supply_chain_context
R00372,U0468,U0470,2023-02-12T21:29:58,1,0,0,0,0,0,1,0.375,-0.1,remove_supply_chain_context
R00373,U0116,U0117,2023-02-13T07:24:53,0,0,0,0,0,0,3,0.44,-0.048,remove_supply_chain_context
R00374,U0260,U0261,2023-02-13T07:25:47,0,0,0,0,0,0,0,0.375,-0.1,remove_supply_chain_context
R00375,U0666,U0668,2023-02-13T07:46:23,1,0,0,0,0,0,2,0.44,-0.048,remove_supply_chain_context
R00376,U0343,U0345,2023-02-13T14:37:29,0,1,0,0,0,0,4,0.9,0.32000000000000006,remove_supply_chain_context
R00377,U1036,U1037,2023-02-13T15:09:35,0,2,0,0,0,0,5,0.44,-0.048,remove_supply_chain_context
R00378,U0973,U0974,2023-02-13T21:13:14,0,0,0,0,0,0,4,0.9,0.32000000000000006,remove_supply_chain_context
R00379,U0674,U0676,2023-02-13T22:59:10,0,1,0,0,0,0,1,0.375,-0.1,remove_supply_chain_context
R00380,U0548,U0549,2023-02-13T23:22:34,0,0,0,0,0,0,6,0.44,-0.048,remove_supply_chain_context
R00381,U0055,U0056,2023-02-14T00:39:37,0,1,0,0,0,0,1,0.8,0.24,remove_supply_chain_context
R00382,U1083,U1084,2023-02-14T03:30:26,1,0,0,0,0,0,1,0.375,-0.1,remove_supply_chain_context
R00383,U0548,U0550,2023-02-14T05:00:35,1,0,0,0,0,0,0,0.44,-0.048,remove_supply_chain_context
R00384,U0140,U0142,2023-02-14T05:15:42,1,0,0,0,0,0,0,0.375,-0.1,remove_supply_chain_context
R00385,U1058,U1060,2023-02-14T06:53:30,0,1,0,0,0,0,4,0.375,-0.1,remove_supply_chain_context
R00386,U0329,U1036,2023-02-14T10:17:36,1,1,0,0,0,0,3,0.325,-0.13999999999999999,remove_supply_chain_context
R00387,U0232,U0234,2023-02-14T22:22:47,0,1,0,0,0,0,1,0.44,-0.048,remove_supply_chain_context
R00388,U0671,U0673,2023-02-14T22:29:10,1,0,0,0,0,0,4,0.44,-0.048,remove_supply_chain_context
R00389,U1123,U1125,2023-02-15T00:49:34,0,1,0,0,0,0,2,0.375,-0.1,remove_supply_chain_context
R00390,U0678,U0681,2023-02-15T01:05:20,1,1,0,0,0,1,5,0.375,-0.1,remove_supply_chain_context
R00391,U0299,U0301,2023-02-15T01:28:20,1,1,0,0,0,0,4,0.44,-0.048,remove_supply_chain_context
R00392,U0040,U0042,2023-02-15T01:55:55,0,1,0,0,0,0,0,0.375,-0.1,remove_supply_chain_context
R00393,U0319,U0320,2023-02-15T02:59:47,1,1,0,0,0,0,0,0.375,-0.1,remove_supply_chain_context
R00394,U1010,U1012,2023-02-15T05:23:30,0,0,0,0,0,0,5,0.8,0.24,remove_supply_chain_context
R00395,U0887,U0890,2023-02-15T06:31:17,0,1,0,0,0,0,1,0.375,-0.1,remove_supply_chain_context
R00396,U0110,U0825,2023-02-15T07:07:09,1,0,0,0,0,0,2,0.9,0.32000000000000006,remove_supply_chain_context
R00397,U0843,U0845,2023-02-15T08:15:59,0,0,0,0,0,0,2,0.375,-0.1,remove_supply_chain_context
R00398,U0687,U0689,2023-02-15T12:13:06,0,0,0,0,0,0,2,0.325,-0.13999999999999999,remove_supply_chain_context
R00399,U0250,U0253,2023-02-15T19:31:47,0,2,0,0,0,1,2,0.325,-0.13999999999999999,remove_supply_chain_context
R00400,U0384,U0386,2023-02-15T23:12:43,1,1,0,0,0,0,1,0.375,-0.1,remove_supply_chain_context
R00401,U0216,U0928,2023-02-16T01:40:00,0,2,0,0,0,0,1,0.375,-0.1,remove_supply_chain_context
R00402,U0633,U0634,2023-02-16T08:37:37,0,0,0,0,0,0,4,0.375,-0.1,remove_supply_chain_context
R00403,U1067,U1068,2023-02-16T09:28:17,0,0,0,0,0,0,4,0.375,-0.1,remove_supply_chain_context
R00404,U1357,U1359,2023-02-16T11:44:48,1,0,0,0,0,0,2,0.375,-0.1,remove_supply_chain_context
R00405,U0119,U0834,2023-02-16T14:58:14,1,1,0,0,0,0,4,0.9,0.32000000000000006,remove_supply_chain_context
R00406,U0460,U1164,2023-02-16T17:46:56,1,0,0,0,0,0,2,0.9,0.32000000000000006,remove_supply_chain_context
R00407,U1287,U1289,2023-02-17T01:57:36,0,1,0,0,1,0,2,0.375,-0.1,remove_supply_chain_context
R00408,U0055,U0057,2023-02-17T06:38:14,1,1,1,0,0,0,4,0.375,-0.1,remove_supply_chain_context
R00409,U0394,U1102,2023-02-17T08:24:01,0,1,0,0,0,0,1,0.8,0.24,remove_supply_chain_context
R00410,U0092,U0093,2023-02-17T09:16:12,0,1,0,0,0,0,3,0.375,-0.1,remove_supply_chain_context
R00411,U1309,U1311,2023-02-17T16:45:31,0,0,0,0,0,0,5,0.9,0.32000000000000006,remove_supply_chain_context
R00412,U0794,U0796,2023-02-17T17:27:51,0,0,0,0,0,0,0,0.44,-0.048,remove_supply_chain_context
R00413,U1097,U1098,2023-02-17T17:28:42,2,0,0,0,1,0,2,0.375,-0.1,remove_supply_chain_context
R00414,U0119,U0122,2023-02-17T23:23:38,2,1,0,0,0,0,2,0.325,-0.13999999999999999,remove_supply_chain_context
R00415,U1252,U1254,2023-02-18T03:51:03,0,0,0,0,0,0,5,0.375,-0.1,remove_supply_chain_context
R00416,U0861,U0862,2023-02-18T08:14:51,1,0,0,0,0,0,4,0.325,-0.13999999999999999,remove_supply_chain_context
R00417,U0232,U0233,2023-02-18T10:46:51,1,1,1,0,0,0,1,0.375,-0.1,remove_supply_chain_context
R00418,U1177,U1179,2023-02-18T11:05:11,0,1,0,0,0,0,3,0.9,0.32000000000000006,remove_supply_chain_context
R00419,U0632,U1317,2023-02-18T11:44:38,0,0,0,0,0,0,0,0.325,-0.13999999999999999,remove_supply_chain_context
R00420,U0225,U0227,2023-02-18T15:39:39,0,1,0,0,0,0,2,0.9,0.32000000000000006,remove_supply_chain_context
R00421,U1155,U1156,2023-02-18T23:26:30,2,1,1,0,0,1,2,0.375,-0.1,remove_supply_chain_context
R00422,U0134,U0845,2023-02-18T23:54:59,0,1,0,0,0,0,4,0.9,0.32000000000000006,remove_supply_chain_context
R00423,U0390,U1099,2023-02-19T02:03:11,1,0,0,0,0,0,4,0.9,0.32000000000000006,remove_supply_chain_context
R00424,U1146,U1148,2023-02-19T02:30:19,0,1,0,0,0,0,2,0.9,0.32000000000000006,remove_supply_chain_context
R00425,U0756,U0758,2023-02-19T03:02:49,1,1,0,0,0,0,2,0.44,-0.048,remove_supply_chain_context
R00426,U1396,U1398,2023-02-19T06:19:59,1,0,0,0,0,0,2,0.9,0.32000000000000006,remove_supply_chain_context
R00427,U0117,U0119,2023-02-19T06:48:31,1,3,0,0,0,0,2,0.375,-0.1,remove_supply_chain_context
R00428,U0168,U0170,2023-02-19T08:45:41,0,3,0,0,0,0,4,0.9,0.32000000000000006,remove_supply_chain_context
R00429,U0638,U0640,2023-02-19T10:37:52,2,0,0,0,0,0,2,0.9,0.32000000000000006,remove_supply_chain_context
R00430,U0711,U1402,2023-02-19T13:07:12,1,0,0,0,0,1,3,0.9,0.32000000000000006,remove_supply_chain_context
R00431,U0125,U0128,2023-02-19T13:45:51,0,0,0,0,0,0,6,0.375,-0.1,remove_supply_chain_context
R00432,U0639,U1326,2023-02-19T16:23:15,1,0,0,0,0,0,3,0.44,-0.048,remove_supply_chain_context
R00433,U0459,U0461,2023-02-19T19:07:50,0,0,0,0,0,0,1,0.9,0.32000000000000006,remove_supply_chain_context
R00434,U0313,U1019,2023-02-19T22:28:09,2,0,0,0,0,0,5,0.375,-0.1,remove_supply_chain_context
R00435,U0343,U0344,2023-02-19T22:51:51,1,1,0,0,0,0,1,0.375,-0.1,remove_supply_chain_context
R00436,U1199,U1201,2023-02-20T02:41:14,0,2,0,0,0,0,1,0.9,0.32000000000000006,remove_supply_chain_context
R00437,U0511,U0514,2023-02-20T03:26:01,1,2,0,0,0,0,1,0.375,-0.1,remove_supply_chain_context
R00438,U0627,U1312,2023-02-20T03:47:01,0,0,0,0,0,0,5,0.325,-0.13999999999999999,remove_supply_chain_context
R00439,U1259,U1260,2023-02-20T03:56:37,0,0,0,0,0,0,0,0.44,-0.048,remove_supply_chain_context
R00440,U0420,U1129,2023-02-20T08:15:34,0,0,0,0,0,1,2,0.325,-0.13999999999999999,remove_supply_chain_context
R00441,U0418,U0419,2023-02-20T10:21:51,0,0,0,0,0,0,4,0.8,0.24,remove_supply_chain_context
R00442,U1384,U1387,2023-02-20T12:19:22,0,0,0,0,0,0,2,0.9,0.32000000000000006,remove_supply_chain_context
R00443,U1190,U1192,2023-02-20T18:21:08,0,1,0,0,0,0,6,0.375,-0.1,remove_supply_chain_context
R00444,U0034,U0747,2023-02-20T18:32:37,1,0,0,0,0,0,1,0.44,-0.048,remove_supply_chain_context
R00445,U0444,U0446,2023-02-20T22:15:03,0,0,0,0,0,0,3,0.9,0.32000000000000006,remove_supply_chain_context
R00446,U0182,U0185,2023-02-21T02:19:08,1,0,0,0,0,0,1,0.375,-0.1,remove_supply_chain_context
R00447,U0507,U1207,2023-02-21T05:47:48,0,0,0,0,0,0,4,0.8,0.24,remove_supply_chain_context
R00448,U1223,U1227,2023-02-21T06:10:36,2,0,0,0,0,0,1,0.44,-0.048,remove_supply_chain_context
R00449,U0383,U1091,2023-02-21T08:13:56,0,0,0,0,0,0,3,0.9,0.32000000000000006,remove_supply_chain_context
R00450,U0437,U1145,2023-02-21T08:30:22,0,0,0,0,0,0,0,0.375,-0.1,remove_supply_chain_context
R00451,U1352,U1353,2023-02-21T10:54:09,0,0,0,0,0,0,2,0.375,-0.1,remove_supply_chain_context
R00452,U0516,U1215,2023-02-21T15:04:50,1,0,0,0,0,0,6,0.375,-0.1,remove_supply_chain_context
R00453,U0200,U0201,2023-02-21T16:12:51,1,1,0,0,0,0,1,0.325,-0.13999999999999999,remove_supply_chain_context
R00454,U0433,U1142,2023-02-21T16:18:09,0,0,0,0,0,0,2,0.375,-0.1,remove_supply_chain_context
R00455,U0961,U0962,2023-02-21T16:33:23,1,0,0,0,0,0,1,0.8,0.24,remove_supply_chain_context
R00456,U1311,U1314,2023-02-21T16:38:30,1,2,0,0,0,0,1,0.375,-0.1,remove_supply_chain_context
R00457,U0683,U0684,2023-02-21T17:44:36,0,1,0,0,0,0,3,0.375,-0.1,remove_supply_chain_context
R00458,U0338,U0342,2023-02-21T21:15:17,2,0,0,0,0,0,2,0.8,0.24,remove_supply_chain_context
R00459,U0641,U0643,2023-02-22T23:01:44,1,1,0,0,0,0,4,0.375,-0.1,remove_supply_chain_context
R00460,U0354,U0356,2023-02-23T05:40:51,0,0,0,0,0,0,1,0.9,0.32000000000000006,remove_supply_chain_context
R00461,U0469,U1172,2023-02-23T05:44:51,0,0,0,0,0,0,2,0.9,0.32000000000000006,remove_supply_chain_context
R00462,U1187,U1189,2023-02-23T06:48:17,0,0,0,0,0,0,5,0.44,-0.048,remove_supply_chain_context
R00463,U1025,U1026,2023-02-23T09:34:00,1,1,1,0,0,0,4,0.375,-0.1,remove_supply_chain_context
R00464,U0098,U0814,2023-02-23T10:11:47,0,2,0,0,0,0,3,0.8,0.24,remove_supply_chain_context
R00465,U0139,U0140,2023-02-23T11:35:46,0,2,0,0,0,0,2,0.375,-0.1,remove_supply_chain_context
R00466,U1329,U1331,2023-02-23T18:36:12,1,0,0,0,0,0,5,0.9,0.32000000000000006,remove_supply_chain_context
R00467,U0077,U0078,2023-02-23T23:46:41,2,2,0,0,0,0,1,0.375,-0.1,remove_supply_chain_context
R00468,U1006,U1007,2023-02-24T01:35:48,1,0,0,0,0,0,2,0.325,-0.13999999999999999,remove_supply_chain_context
R00469,U0673,U0674,2023-02-24T05:14:40,1,1,0,0,0,0,3,0.375,-0.1,remove_supply_chain_context
R00470,U0493,U0498,2023-02-24T07:39:01,0,0,0,0,0,0,1,0.375,-0.1,remove_supply_chain_context
R00471,U0092,U0094,2023-02-24T10:15:32,1,1,1,0,0,0,1,0.9,0.32000000000000006,remove_supply_chain_context
R00472,U0087,U0089,2023-02-24T10:57:22,1,1,0,0,0,0,2,0.9,0.32000000000000006,remove_supply_chain_context
R00473,U0428,U0430,2023-02-24T15:12:06,0,0,0,0,0,0,3,0.44,-0.048,remove_supply_chain_context
R00474,U0171,U0173,2023-02-24T21:40:58,1,1,0,0,0,1,2,0.375,-0.1,remove_supply_chain_context
R00475,U0715,U0716,2023-02-24T22:56:00,0,1,0,0,0,0,0,0.44,-0.048,remove_supply_chain_context
R00476,U1140,U1141,2023-02-25T01:30:26,0,0,0,0,0,0,2,0.375,-0.1,remove_supply_chain_context
R00477,U0199,U0201,2023-02-25T04:17:10,1,2,0,0,0,0,3,0.9,0.32000000000000006,remove_supply_chain_context
R00478,U0465,U0467,2023-02-25T04:50:11,1,0,0,0,0,0,3,0.375,-0.1,remove_supply_chain_context
R00479,U1181,U1183,2023-02-25T05:46:37,1,0,0,0,0,0,1,0.375,-0.1,remove_supply_chain_context
R00480,U0058,U0061,2023-02-25T06:58:46,0,0,0,0,0,0,4,0.9,0.32000000000000006,remove_supply_chain_context
R00481,U0467,U0469,2023-02-25T09:30:03,1,1,0,0,0,0,2,0.9,0.32000000000000006,remove_supply_chain_context
R00482,U1080,U1081,2023-02-25T15:17:47,0,0,0,0,0,0,1,0.375,-0.1,remove_supply_chain_context
R00483,U0239,U0240,2023-02-25T20:35:32,2,1,0,0,0,0,2,0.9,0.32000000000000006,remove_supply_chain_context
R00484,U0140,U0851,2023-02-25T21:11:18,3,2,0,0,0,1,5,0.8,0.24,remove_supply_chain_context
R00485,U0117,U0832,2023-02-25T21:19:23,2,0,0,0,0,0,0,0.375,-0.1,remove_supply_chain_context
R00486,U0745,U0747,2023-02-26T00:10:17,0,1,0,0,0,0,3,0.325,-0.13999999999999999,remove_supply_chain_context
R00487,U0240,U0952,2023-02-26T01:07:42,2,0,0,0,0,0,4,0.44,-0.048,remove_supply_chain_context
R00488,U0886,U0887,2023-02-26T02:18:43,1,1,0,0,0,0,1,0.8,0.24,remove_supply_chain_context
R00489,U0327,U0328,2023-02-26T03:03:04,2,0,0,0,0,0,5,0.9,0.32000000000000006,remove_supply_chain_context
R00490,U1229,U1230,2023-02-26T05:53:15,1,0,0,0,0,0,4,0.9,0.32000000000000006,remove_supply_chain_context
R00491,U1276,U1278,2023-02-26T07:27:38,0,0,0,0,0,1,0,0.9,0.32000000000000006,remove_supply_chain_context
R00492,U0755,U0757,2023-02-26T08:03:55,0,2,0,0,0,0,1,0.8,0.24,remove_supply_chain_context
R00493,U1218,U1220,2023-02-26T09:15:18,0,2,0,0,0,0,1,0.9,0.32000000000000006,remove_supply_chain_context
R00494,U0375,U1083,2023-02-26T10:36:43,0,2,0,0,0,0,2,0.375,-0.1,remove_supply_chain_context
R00495,U0910,U0911,2023-02-26T12:10:42,0,1,0,0,0,0,1,0.9,0.32000000000000006,remove_supply_chain_context
R00496,U1325,U1327,2023-02-26T13:57:43,1,1,0,0,0,0,0,0.375,-0.1,remove_supply_chain_context
R00497,U0412,U0414,2023-02-26T15:48:16,0,0,0,0,0,0,1,0.375,-0.1,remove_supply_chain_context
R00498,U0112,U0113,2023-02-26T15:51:58,0,1,0,0,0,0,0,0.375,-0.1,remove_supply_chain_context
R00499,U0779,U0780,2023-02-26T22:35:46,1,2,0,0,0,0,3,0.44,-0.048,remove_supply_chain_context
R00500,U1106,U1107,2023-02-27T03:17:03,1,1,0,0,0,1,2,0.375,-0.1,remove_supply_chain_context
R00501,U1009,U1011,2023-02-27T03:18:17,1,0,0,0,0,0,2,0.44,-0.048,remove_supply_chain_context
R00502,U1229,U1231,2023-02-27T03:37:37,2,2,0,0,0,0,1,0.9,0.32000000000000006,remove_supply_chain_context
R00503,U0221,U0223,2023-02-27T04:38:24,3,1,1,0,0,0,1,0.44,-0.048,remove_supply_chain_context
R00504,U1254,U1256,2023-02-27T08:23:58,1,0,0,0,0,0,0,0.375,-0.1,remove_supply_chain_context
R00505,U0851,U0853,2023-02-27T08:46:10,3,0,0,0,0,0,4,0.375,-0.1,remove_supply_chain_context
R00506,U0941,U0943,2023-02-27T09:52:32,1,0,0,0,0,0,6,0.44,-0.048,remove_supply_chain_context
R00507,U0215,U0927,2023-02-27T13:43:41,0,1,0,0,0,0,5,0.8,0.24,remove_supply_chain_context
R00508,U0635,U0636,2023-02-27T15:33:08,1,0,0,0,0,0,6,0.375,-0.1,remove_supply_chain_context
R00509,U0472,U0473,2023-02-27T16:08:46,0,0,0,0,0,0,2,0.9,0.32000000000000006,remove_supply_chain_context
R00510,U0433,U0434,2023-02-27T17:40:53,1,0,0,0,0,0,3,0.375,-0.1,remove_supply_chain_context
R00511,U0646,U1332,2023-02-27T17:49:06,0,0,0,0,0,0,1,0.44,-0.048,remove_supply_chain_context
R00512,U1184,U1186,2023-02-27T17:58:26,1,0,0,0,0,0,1,0.375,-0.1,remove_supply_chain_context
R00513,U0804,U0806,2023-02-27T18:33:56,0,0,0,0,0,0,2,0.9,0.32000000000000006,remove_supply_chain_context
R00514,U0924,U0926,2023-02-28T00:41:00,0,0,0,0,0,0,4,0.325,-0.13999999999999999,remove_supply_chain_context
R00515,U0958,U0959,2023-02-28T00:51:17,0,1,0,0,0,0,6,0.325,-0.13999999999999999,remove_supply_chain_context
R00516,U0051,U0763,2023-02-28T01:07:46,0,0,0,0,0,0,1,0.375,-0.1,remove_supply_chain_context
R00517,U0024,U0025,2023-02-28T02:59:56,0,2,0,0,0,0,2,0.9,0.32000000000000006,remove_supply_chain_context
R00518,U1369,U1372,2023-02-28T03:29:40,0,1,0,0,0,0,4,0.44,-0.048,remove_supply_chain_context
R00519,U0381,U0382,2023-02-28T04:09:28,0,0,0,0,0,0,0,0.375,-0.1,remove_supply_chain_context
R00520,U1306,U1308,2023-02-28T04:20:31,1,0,0,0,1,0,1,0.325,-0.13999999999999999,remove_supply_chain_context
R00521,U0988,U0989,2023-02-28T08:27:37,0,0,0,0,0,0,3,0.375,-0.1,remove_supply_chain_context
R00522,U0057,U0058,2023-02-28T09:56:05,2,1,0,0,0,0,5,0.8,0.24,remove_supply_chain_context
R00523,U0035,U0036,2023-02-28T10:52:40,0,0,0,0,0,0,1,0.8,0.24,remove_supply_chain_context
R00524,U0729,U0731,2023-02-28T14:52:36,0,0,0,0,0,0,5,0.375,-0.1,remove_supply_chain_context
R00525,U0470,U0471,2023-02-28T19:33:19,1,0,0,0,0,0,3,0.375,-0.1,remove_supply_chain_context
R00526,U1139,U1140,2023-02-28T22:01:45,0,1,0,0,0,0,0,0.375,-0.1,remove_supply_chain_context
R00527,U0253,U0254,2023-03-01T01:20:27,3,1,1,0,0,0,2,0.325,-0.13999999999999999,remove_supply_chain_context
R00528,U0520,U1219,2023-03-01T03:08:40,2,1,0,0,0,0,4,0.8,0.24,remove_supply_chain_context
R00529,U0570,U1267,2023-03-01T05:04:10,1,1,0,0,0,0,4,0.9,0.32000000000000006,remove_supply_chain_context
R00530,U0877,U0880,2023-03-01T05:18:56,1,1,0,0,0,0,1,0.325,-0.13999999999999999,remove_supply_chain_context
R00531,U0254,U0964,2023-03-01T13:18:54,2,1,0,0,0,0,3,0.9,0.32000000000000006,remove_supply_chain_context
R00532,U1234,U1235,2023-03-01T15:41:47,0,0,0,0,0,0,1,0.375,-0.1,remove_supply_chain_context
R00533,U0305,U0306,2023-03-01T15:52:07,1,0,0,0,0,0,2,0.325,-0.13999999999999999,remove_supply_chain_context
R00534,U0195,U0196,2023-03-01T16:13:27,0,0,0,0,0,0,3,0.375,-0.1,remove_supply_chain_context
R00535,U0012,U0013,2023-03-01T23:24:43,0,0,0,0,0,0,0,0.375,-0.1,remove_supply_chain_context
R00536,U0992,U0993,2023-03-02T01:32:21,1,0,0,0,0,0,0,0.375,-0.1,remove_supply_chain_context
R00537,U0168,U0169,2023-03-02T02:41:00,1,0,0,0,0,0,5,0.9,0.32000000000000006,remove_supply_chain_context
R00538,U0613,U1303,2023-03-02T03:51:19,1,1,0,0,0,0,1,0.9,0.32000000000000006,remove_supply_chain_context
R00539,U1307,U1308,2023-03-02T04:03:35,0,1,0,0,0,0,3,0.375,-0.1,remove_supply_chain_context
R00540,U0559,U1256,2023-03-02T09:49:16,0,1,0,0,0,0,1,0.9,0.32000000000000006,remove_supply_chain_context
R00541,U1390,U1392,2023-03-02T10:56:54,0,1,0,0,0,0,2,0.375,-0.1,remove_supply_chain_context
R00542,U0586,U0588,2023-03-02T12:11:08,0,1,0,0,0,0,1,0.375,-0.1,remove_supply_chain_context
R00543,U0401,U0403,2023-03-02T12:16:09,1,0,0,0,0,0,4,0.375,-0.1,remove_supply_chain_context
R00544,U0569,U0571,2023-03-02T16:29:30,0,0,0,0,0,0,2,0.8,0.24,remove_supply_chain_context
R00545,U0266,U0974,2023-03-02T16:35:42,0,1,0,0,0,0,5,0.375,-0.1,remove_supply_chain_context
R00546,U1003,U1004,2023-03-02T18:59:26,1,0,0,0,0,0,1,0.375,-0.1,remove_supply_chain_context
R00547,U0591,U0593,2023-03-02T22:45:46,0,2,0,0,0,1,0,0.44,-0.048,remove_supply_chain_context
R00548,U0093,U0810,2023-03-03T05:44:12,2,0,0,0,0,0,5,0.8,0.24,remove_supply_chain_context
R00549,U1327,U1328,2023-03-03T06:06:44,2,0,0,0,0,0,4,0.9,0.32000000000000006,remove_supply_chain_context
R00550,U0976,U0977,2023-03-03T06:13:07,0,1,0,0,0,0,5,0.44,-0.048,remove_supply_chain_context
R00551,U0311,U0312,2023-03-03T06:39:41,0,1,0,0,0,0,2,0.325,-0.13999999999999999,remove_supply_chain_context
R00552,U0212,U0214,2023-03-03T10:55:19,2,0,0,0,0,1,0,0.375,-0.1,remove_supply_chain_context
R00553,U0513,U0514,2023-03-03T11:08:09,2,3,2,0,0,0,4,0.325,-0.13999999999999999,remove_supply_chain_context
R00554,U0665,U0667,2023-03-03T12:49:37,0,1,0,0,0,0,4,0.8,0.24,remove_supply_chain_context
R00555,U0233,U0944,2023-03-03T14:03:17,2,0,0,0,0,0,0,0.44,-0.048,remove_supply_chain_context
R00556,U0317,U0318,2023-03-03T16:02:36,1,2,0,0,0,0,6,0.44,-0.048,remove_supply_chain_context
R00557,U1132,U1134,2023-03-03T16:27:34,2,0,0,0,0,0,0,0.8,0.24,remove_supply_chain_context
R00558,U0499,U0501,2023-03-03T20:15:17,1,2,1,0,0,0,5,0.8,0.24,remove_supply_chain_context
R00559,U0871,U0873,2023-03-03T22:40:15,0,1,0,0,0,0,4,0.9,0.32000000000000006,remove_supply_chain_context
R00560,U0306,U0311,2023-03-04T01:39:35,1,1,0,0,0,0,1,0.9,0.32000000000000006,remove_supply_chain_context
R00561,U1065,U1067,2023-03-04T07:01:13,0,1,0,0,0,0,0,0.325,-0.13999999999999999,remove_supply_chain_context
R00562,U1154,U1156,2023-03-04T09:18:34,1,2,1,0,0,0,1,0.9,0.32000000000000006,remove_supply_chain_context
R00563,U0413,U0414,2023-03-04T10:06:05,0,1,0,0,0,0,0,0.8,0.24,remove_supply_chain_context
R00564,U1168,U1169,2023-03-04T10:38:00,2,1,0,0,0,0,6,0.325,-0.13999999999999999,remove_supply_chain_context
R00565,U0073,U0074,2023-03-04T18:13:03,0,0,0,0,0,0,0,0.375,-0.1,remove_supply_chain_context
R00566,U0564,U1260,2023-03-04T23:26:59,2,1,0,0,0,0,2,0.9,0.32000000000000006,remove_supply_chain_context
R00567,U0388,U0389,2023-03-05T04:23:03,1,1,0,0,0,0,4,0.375,-0.1,remove_supply_chain_context
R00568,U0222,U0225,2023-03-05T06:47:07,2,1,0,0,0,0,0,0.44,-0.048,remove_supply_chain_context
R00569,U0538,U0540,2023-03-05T10:34:15,1,0,0,0,0,0,0,0.9,0.32000000000000006,remove_supply_chain_context
R00570,U0952,U0953,2023-03-05T11:12:22,1,0,0,0,0,0,5,0.44,-0.048,remove_supply_chain_context
R00571,U0533,U0534,2023-03-05T18:07:55,1,1,0,0,0,0,5,0.375,-0.1,remove_supply_chain_context
R00572,U0823,U0824,2023-03-05T19:47:28,0,0,0,0,0,0,1,0.9,0.32000000000000006,remove_supply_chain_context
R00573,U1288,U1290,2023-03-06T03:54:21,0,0,0,0,0,0,1,0.44,-0.048,remove_supply_chain_context
R00574,U0265,U0266,2023-03-06T14:26:13,1,1,0,0,0,0,1,0.375,-0.1,remove_supply_chain_context
R00575,U0646,U0649,2023-03-06T19:56:27,1,1,0,0,0,0,3,0.325,-0.13999999999999999,remove_supply_chain_context
R00576,U0625,U1310,2023-03-06T20:10:57,0,0,0,0,0,0,1,0.375,-0.1,remove_supply_chain_context
R00577,U0529,U0531,2023-03-06T23:41:05,1,2,0,0,0,1,1,0.325,-0.13999999999999999,remove_supply_chain_context
R00578,U0263,U0971,2023-03-07T04:31:42,0,0,0,0,0,0,1,0.44,-0.048,remove_supply_chain_context
R00579,U0768,U0769,2023-03-07T05:50:53,0,1,0,0,0,0,5,0.375,-0.1,remove_supply_chain_context
R00580,U0290,U0291,2023-03-07T11:53:22,2,1,0,0,0,0,3,0.8,0.24,remove_supply_chain_context
R00581,U0470,U0472,2023-03-07T12:09:28,2,1,0,0,0,0,4,0.325,-0.13999999999999999,remove_supply_chain_context
R00582,U0837,U0838,2023-03-07T17:37:32,2,0,0,0,0,0,1,0.325,-0.13999999999999999,remove_supply_chain_context
R00583,U0468,U0469,2023-03-07T18:33:27,2,2,0,0,0,0,0,0.375,-0.1,remove_supply_chain_context
R00584,U0118,U0122,2023-03-07T22:44:08,1,2,1,0,0,0,3,0.9,0.32000000000000006,remove_supply_chain_context
R00585,U0695,U1382,2023-03-07T23:33:29,0,0,0,0,0,0,1,0.375,-0.1,remove_supply_chain_context
R00586,U0975,U0976,2023-03-08T02:15:52,0,1,0,0,1,0,2,0.325,-0.13999999999999999,remove_supply_chain_context
R00587,U1045,U1046,2023-03-08T10:48:25,0,1,0,0,0,0,2,0.9,0.32000000000000006,remove_supply_chain_context
R00588,U0950,U0952,2023-03-08T14:29:13,1,2,0,0,0,0,5,0.325,-0.13999999999999999,remove_supply_chain_context
R00589,U0801,U0803,2023-03-08T15:21:57,0,1,0,0,0,0,3,0.9,0.32000000000000006,remove_supply_chain_context
R00590,U0263,U0265,2023-03-08T16:58:32,1,2,0,0,0,0,3,0.9,0.32000000000000006,remove_supply_chain_context
R00591,U0132,U0844,2023-03-08T18:16:55,0,0,0,0,0,0,1,0.44,-0.048,remove_supply_chain_context
R00592,U0082,U0083,2023-03-08T18:56:27,0,0,0,0,0,0,4,0.44,-0.048,remove_supply_chain_context
R00593,U1103,U1104,2023-03-08T20:09:16,1,2,0,0,0,0,2,0.325,-0.13999999999999999,remove_supply_chain_context
R00594,U0208,U0209,2023-03-08T22:37:35,0,1,0,0,0,0,3,0.325,-0.13999999999999999,remove_supply_chain_context
R00595,U0209,U0922,2023-03-09T03:12:03,2,0,0,0,0,0,0,0.9,0.32000000000000006,remove_supply_chain_context
R00596,U1114,U1117,2023-03-09T04:33:38,0,1,0,0,0,0,5,0.375,-0.1,remove_supply_chain_context
R00597,U0598,U0600,2023-03-09T05:17:55,0,0,0,0,0,1,1,0.375,-0.1,remove_supply_chain_context
R00598,U0936,U0939,2023-03-09T08:40:19,1,1,0,0,0,0,1,0.44,-0.048,remove_supply_chain_context
R00599,U0550,U0551,2023-03-09T10:04:22,1,0,0,0,0,0,6,0.375,-0.1,remove_supply_chain_context
R00600,U0300,U0301,2023-03-09T18:24:51,1,2,1,0,0,0,2,0.8,0.24,remove_supply_chain_context
R00601,U1090,U1091,2023-03-09T18:40:48,0,1,0,0,0,0,1,0.44,-0.048,remove_supply_chain_context
R00602,U1353,U1354,2023-03-09T19:55:01,1,0,0,0,0,1,1,0.8,0.24,remove_supply_chain_context
R00603,U0315,U1020,2023-03-09T21:26:23,1,1,0,0,0,0,5,0.9,0.32000000000000006,remove_supply_chain_context
R00604,U0249,U0251,2023-03-09T22:08:43,1,1,0,0,0,0,2,0.375,-0.1,remove_supply_chain_context
R00605,U1295,U1296,2023-03-09T22:48:28,0,2,0,0,0,0,1,0.325,-0.13999999999999999,remove_supply_chain_context
R00606,U0825,U0827,2023-03-09T23:24:42,1,0,0,0,0,0,1,0.375,-0.1,remove_supply_chain_context
R00607,U0806,U0810,2023-03-10T04:39:09,1,1,0,0,0,0,2,0.8,0.24,remove_supply_chain_context
R00608,U0913,U0914,2023-03-10T09:14:41,0,1,0,0,0,0,3,0.8,0.24,remove_supply_chain_context
R00609,U0298,U0299,2023-03-10T16:12:44,0,2,0,0,0,0,0,0.9,0.32000000000000006,remove_supply_chain_context
R00610,U0487,U0490,2023-03-10T16:28:49,0,0,0,0,0,0,1,0.325,-0.13999999999999999,remove_supply_chain_context
R00611,U0685,U1368,2023-03-10T23:54:52,0,0,0,0,0,0,4,0.44,-0.048,remove_supply_chain_context
R00612,U0283,U0990,2023-03-11T03:54:16,1,0,0,0,0,0,1,0.325,-0.13999999999999999,remove_supply_chain_context
R00613,U0115,U0830,2023-03-11T04:30:31,0,1,0,0,0,0,2,0.9,0.32000000000000006,remove_supply_chain_context
R00614,U0880,U0882,2023-03-11T09:29:48,2,0,0,0,0,0,1,0.9,0.32000000000000006,remove_supply_chain_context
R00615,U1290,U1293,2023-03-11T09:48:51,1,1,0,0,0,0,1,0.44,-0.048,remove_supply_chain_context
R00616,U1321,U1322,2023-03-11T11:23:49,0,0,0,0,0,1,1,0.9,0.32000000000000006,remove_supply_chain_context
R00617,U0412,U1121,2023-03-11T11:51:16,1,1,0,0,1,0,2,0.375,-0.1,remove_supply_chain_context
R00618,U0347,U0348,2023-03-11T13:49:50,1,1,0,0,0,0,3,0.8,0.24,remove_supply_chain_context
R00619,U0606,U0607,2023-03-11T16:53:04,0,0,0,0,0,0,4,0.375,-0.1,remove_supply_chain_context
R00620,U0132,U0135,2023-03-11T18:03:03,1,0,0,0,0,0,0,0.44,-0.048,remove_supply_chain_context
R00621,U1161,U1163,2023-03-11T19:18:44,1,0,0,0,0,0,3,0.375,-0.1,remove_supply_chain_context
R00622,U0070,U0782,2023-03-11T19:22:57,0,0,0,0,0,0,4,0.9,0.32000000000000006,remove_supply_chain_context
R00623,U0933,U0936,2023-03-11T19:52:27,2,2,0,0,0,0,3,0.44,-0.048,remove_supply_chain_context
R00624,U0925,U0927,2023-03-11T21:02:30,0,2,0,0,0,0,1,0.375,-0.1,remove_supply_chain_context
R00625,U1299,U1301,2023-03-12T03:04:20,1,0,0,0,0,0,5,0.375,-0.1,remove_supply_chain_context
R00626,U0577,U0580,2023-03-12T04:27:28,2,1,0,0,0,0,2,0.9,0.32000000000000006,remove_supply_chain_context
R00627,U0962,U0965,2023-03-12T07:06:25,1,0,0,0,0,0,2,0.8,0.24,remove_supply_chain_context
R00628,U1372,U1373,2023-03-12T09:50:45,2,0,0,0,0,0,0,0.325,-0.13999999999999999,remove_supply_chain_context
R00629,U0431,U0433,2023-03-12T10:29:39,1,2,0,0,0,0,0,0.9,0.32000000000000006,remove_supply_chain_context
R00630,U1049,U1051,2023-03-12T11:35:06,1,1,0,0,0,0,1,0.44,-0.048,remove_supply_chain_context
R00631,U0161,U0164,2023-03-12T11:36:50,1,1,0,0,0,0,3,0.8,0.24,remove_supply_chain_context
R00632,U1189,U1192,2023-03-12T17:59:16,1,2,0,0,1,0,5,0.375,-0.1,remove_supply_chain_context
R00633,U0386,U0388,2023-03-12T19:43:29,2,2,0,0,0,0,0,0.325,-0.13999999999999999,remove_supply_chain_context
R00634,U0955,U0957,2023-03-13T01:48:21,1,2,0,0,0,0,2,0.375,-0.1,remove_supply_chain_context
R00635,U0097,U0098,2023-03-13T02:26:09,0,1,0,0,0,0,2,0.8,0.24,remove_supply_chain_context
R00636,U0278,U0988,2023-03-13T02:41:25,2,1,0,0,0,0,1,0.9,0.32000000000000006,remove_supply_chain_context
R00637,U0194,U0906,2023-03-13T05:02:44,0,1,0,0,0,0,0,0.325,-0.13999999999999999,remove_supply_chain_context
R00638,U0024,U0737,2023-03-13T06:16:21,1,0,0,0,0,0,2,0.8,0.24,remove_supply_chain_context
R00639,U0640,U0641,2023-03-13T07:34:07,1,2,0,0,0,0,0,0.8,0.24,remove_supply_chain_context
R00640,U1284,U1286,2023-03-13T11:37:55,1,2,0,0,0,0,0,0.9,0.32000000000000006,remove_supply_chain_context
R00641,U0156,U0869,2023-03-13T15:31:22,0,0,0,0,0,0,3,0.375,-0.1,remove_supply_chain_context
R00642,U0631,U0632,2023-03-13T18:43:06,0,1,0,0,0,0,6,0.9,0.32000000000000006,remove_supply_chain_context
R00643,U0682,U0683,2023-03-13T21:38:17,2,1,0,0,0,0,1,0.375,-0.1,remove_supply_chain_context
R00644,U0241,U0953,2023-03-14T05:57:31,1,1,0,0,0,0,4,0.44,-0.048,remove_supply_chain_context
R00645,U0419,U1128,2023-03-14T06:43:34,1,0,0,0,0,0,2,0.375,-0.1,remove_supply_chain_context
R00646,U1395,U1396,2023-03-14T09:43:33,0,2,0,0,0,0,3,0.375,-0.1,remove_supply_chain_context
R00647,U0197,U0199,2023-03-14T11:58:17,0,2,0,0,0,0,0,0.9,0.32000000000000006,remove_supply_chain_context
R00648,U0559,U0561,2023-03-14T12:03:59,1,0,0,0,0,0,3,0.375,-0.1,remove_supply_chain_context
R00649,U0298,U1006,2023-03-14T12:49:43,1,2,0,0,0,0,5,0.44,-0.048,remove_supply_chain_context
R00650,U0862,U0863,2023-03-14T13:37:17,1,1,0,0,0,0,5,0.375,-0.1,remove_supply_chain_context
R00651,U0929,U0932,2023-03-14T17:16:26,1,1,0,0,0,0,2,0.375,-0.1,remove_supply_chain_context
R00652,U0637,U0639,2023-03-14T18:05:36,2,2,0,0,0,0,2,0.325,-0.13999999999999999,remove_supply_chain_context
R00653,U0998,U1000,2023-03-14T19:38:31,1,1,0,0,0,0,0,0.375,-0.1,remove_supply_chain_context
R00654,U0372,U1079,2023-03-14T21:47:07,0,0,0,0,0,0,3,0.9,0.32000000000000006,remove_supply_chain_context
R00655,U1053,U1054,2023-03-14T22:13:43,1,1,0,0,0,0,0,0.9,0.32000000000000006,remove_supply_chain_context
R00656,U0620,U0623,2023-03-14T23:00:55,2,1,0,0,0,0,4,0.375,-0.1,remove_supply_chain_context
R00657,U0584,U0586,2023-03-15T02:29:15,1,1,0,0,0,0,3,0.9,0.32000000000000006,remove_supply_chain_context
R00658,U1201,U1202,2023-03-15T05:00:07,3,0,0,0,0,1,1,0.44,-0.048,remove_supply_chain_context
R00659,U0141,U0143,2023-03-15T05:35:10,0,0,0,0,0,0,2,0.44,-0.048,remove_supply_chain_context
R00660,U0627,U0629,2023-03-15T16:17:06,1,1,0,0,0,0,3,0.375,-0.1,remove_supply_chain_context
R00661,U0752,U0753,2023-03-15T19:42:13,0,1,0,0,0,0,3,0.375,-0.1,remove_supply_chain_context
R00662,U0651,U1337,2023-03-15T22:05:46,0,0,0,0,0,0,0,0.375,-0.1,remove_supply_chain_context
R00663,U1213,U1214,2023-03-15T23:00:02,0,0,0,0,0,0,1,0.9,0.32000000000000006,remove_supply_chain_context
R00664,U0081,U0082,2023-03-16T02:24:39,0,1,0,0,0,0,4,0.375,-0.1,remove_supply_chain_context
R00665,U1190,U1193,2023-03-16T03:27:18,1,2,1,0,0,0,4,0.375,-0.1,remove_supply_chain_context
R00666,U0849,U0850,2023-03-16T07:35:52,0,1,0,0,0,0,2,0.375,-0.1,remove_supply_chain_context
R00667,U0899,U0901,2023-03-16T08:15:25,0,0,0,0,0,0,1,0.375,-0.1,remove_supply_chain_context
R00668,U0607,U1299,2023-03-16T10:20:34,1,2,0,0,0,0,0,0.375,-0.1,remove_supply_chain_context
R00669,U0768,U0770,2023-03-16T10:45:51,1,1,0,0,0,0,0,0.44,-0.048,remove_supply_chain_context
R00670,U0718,U0719,2023-03-16T15:52:14,2,1,0,0,0,0,1,0.375,-0.1,remove_supply_chain_context
R00671,U0683,U1366,2023-03-16T21:41:42,2,0,0,0,0,0,2,0.8,0.24,remove_supply_chain_context
R00672,U0705,U1395,2023-03-16T23:11:36,0,1,0,0,0,0,3,0.44,-0.048,remove_supply_chain_context
R00673,U1131,U1132,2023-03-17T01:40:47,0,3,0,0,0,0,1,0.9,0.32000000000000006,remove_supply_chain_context
R00674,U0043,U0755,2023-03-17T01:46:17,3,1,0,0,0,0,2,0.375,-0.1,remove_supply_chain_context
R00675,U0324,U0327,2023-03-17T02:27:45,0,3,0,0,0,0,2,0.9,0.32000000000000006,remove_supply_chain_context
R00676,U0499,U1200,2023-03-17T03:48:41,2,1,0,0,0,0,5,0.9,0.32000000000000006,remove_supply_chain_context
R00677,U0807,U0811,2023-03-17T04:17:04,0,0,0,0,1,1,1,0.375,-0.1,remove_supply_chain_context
R00678,U0853,U0855,2023-03-17T05:48:54,1,2,0,0,0,0,3,0.325,-0.13999999999999999,remove_supply_chain_context
R00679,U0877,U0878,2023-03-17T05:57:05,2,0,0,0,0,0,1,0.325,-0.13999999999999999,remove_supply_chain_context
R00680,U0537,U1237,2023-03-17T06:25:50,0,1,0,0,0,0,3,0.8,0.24,remove_supply_chain_context
R00681,U0304,U0305,2023-03-17T07:23:10,1,2,0,0,0,0,6,0.325,-0.13999999999999999,remove_supply_chain_context
R00682,U0962,U0964,2023-03-17T07:25:55,2,2,1,0,0,0,1,0.325,-0.13999999999999999,remove_supply_chain_context
R00683,U0309,U1015,2023-03-17T07:43:28,1,1,0,0,0,0,0,0.9,0.32000000000000006,remove_supply_chain_context
R00684,U1085,U1090,2023-03-17T17:45:56,1,1,0,0,0,0,2,0.375,-0.1,remove_supply_chain_context
R00685,U0481,U0483,2023-03-17T18:18:06,0,1,0,0,0,0,4,0.375,-0.1,remove_supply_chain_context
R00686,U0311,U1017,2023-03-17T18:28:09,2,1,0,0,0,0,1,0.375,-0.1,remove_supply_chain_context
R00687,U0478,U0480,2023-03-17T19:30:21,1,1,0,0,0,0,5,0.325,-0.13999999999999999,remove_supply_chain_context
R00688,U0705,U0707,2023-03-17T19:57:32,1,0,0,0,0,0,1,0.9,0.32000000000000006,remove_supply_chain_context
R00689,U1361,U1362,2023-03-17T20:33:25,1,1,0,0,0,0,2,0.325,-0.13999999999999999,remove_supply_chain_context
R00690,U0615,U1304,2023-03-17T20:48:54,1,1,0,0,0,0,2,0.325,-0.13999999999999999,remove_supply_chain_context
R00691,U0970,U0971,2023-03-17T22:32:24,0,1,0,0,0,0,5,0.44,-0.048,remove_supply_chain_context
R00692,U0943,U0945,2023-03-17T23:23:30,1,0,0,0,0,0,0,0.44,-0.048,remove_supply_chain_context
R00693,U0026,U0741,2023-03-18T00:04:14,1,1,0,0,0,0,6,0.9,0.32000000000000006,remove_supply_chain_context
R00694,U0145,U0147,2023-03-18T01:24:42,0,1,0,0,0,0,2,0.325,-0.13999999999999999,remove_supply_chain_context
R00695,U0881,U0883,2023-03-18T03:24:09,0,0,0,0,0,1,1,0.8,0.24,remove_supply_chain_context
R00696,U1254,U1255,2023-03-18T05:44:50,2,0,0,0,1,0,0,0.375,-0.1,remove_supply_chain_context
R00697,U0181,U0183,2023-03-18T06:38:36,0,0,0,0,0,0,3,0.375,-0.1,remove_supply_chain_context
R00698,U1395,U1397,2023-03-18T19:41:15,2,1,1,0,0,0,3,0.375,-0.1,remove_supply_chain_context
R00699,U0905,U0906,2023-03-19T01:43:22,2,2,0,0,0,0,4,0.44,-0.048,remove_supply_chain_context
R00700,U0782,U0784,2023-03-19T05:58:51,1,1,0,0,0,1,4,0.8,0.24,remove_supply_chain_context
R00701,U0656,U1341,2023-03-19T14:21:59,2,2,0,0,0,0,1,0.375,-0.1,remove_supply_chain_context
R00702,U0934,U0936,2023-03-19T15:08:53,0,3,0,0,0,0,1,0.44,-0.048,remove_supply_chain_context
R00703,U0056,U0770,2023-03-19T15:50:37,2,2,0,0,0,0,1,0.9,0.32000000000000006,remove_supply_chain_context
R00704,U0320,U1025,2023-03-19T16:00:04,2,2,0,0,0,0,3,0.8,0.24,remove_supply_chain_context
R00705,U0959,U0961,2023-03-19T16:12:27,2,2,0,0,0,0,2,0.44,-0.048,remove_supply_chain_context
R00706,U0049,U0761,2023-03-19T18:08:47,1,0,0,0,0,0,5,0.8,0.24,remove_supply_chain_context
R00707,U0076,U0791,2023-03-19T20:08:09,1,1,0,0,0,0,2,0.375,-0.1,remove_supply_chain_context
R00708,U0495,U1198,2023-03-20T05:02:55,0,0,0,0,0,0,2,0.9,0.32000000000000006,remove_supply_chain_context
R00709,U0087,U0088,2023-03-20T05:16:33,2,0,0,0,0,0,2,0.325,-0.13999999999999999,remove_supply_chain_context
R00710,U0476,U0478,2023-03-20T08:19:42,0,2,0,0,0,0,6,0.44,-0.048,remove_supply_chain_context
R00711,U0032,U0746,2023-03-20T10:09:34,0,0,0,0,0,0,2,0.9,0.32000000000000006,remove_supply_chain_context
R00712,U1111,U1115,2023-03-20T10:44:23,0,1,0,0,0,1,2,0.8,0.24,remove_supply_chain_context
R00713,U1045,U1047,2023-03-20T14:46:30,1,1,0,0,0,0,0,0.375,-0.1,remove_supply_chain_context
R00714,U0502,U0505,2023-03-20T17:51:48,2,0,0,0,0,0,5,0.375,-0.1,remove_supply_chain_context
R00715,U0827,U0828,2023-03-20T21:13:02,1,0,0,0,0,0,3,0.44,-0.048,remove_supply_chain_context
R00716,U0199,U0200,2023-03-20T21:55:39,3,2,1,0,0,0,2,0.9,0.32000000000000006,remove_supply_chain_context
R00717,U0003,U0004,2023-03-20T23:45:59,0,1,0,0,0,0,5,0.375,-0.1,remove_supply_chain_context
R00718,U1338,U1339,2023-03-21T00:25:36,0,1,0,0,0,0,4,0.375,-0.1,remove_supply_chain_context
R00719,U1117,U1118,2023-03-21T01:38:31,2,0,0,0,0,0,3,0.44,-0.048,remove_supply_chain_context
R00720,U0704,U1393,2023-03-21T07:24:54,0,0,0,0,0,0,1,0.375,-0.1,remove_supply_chain_context
R00721,U0191,U0193,2023-03-21T07:54:49,0,0,0,0,0,0,3,0.375,-0.1,remove_supply_chain_context
R00722,U1018,U1019,2023-03-21T09:48:10,2,1,0,0,0,1,5,0.375,-0.1,remove_supply_chain_context
R00723,U0057,U0771,2023-03-21T17:54:46,3,1,0,0,0,0,5,0.9,0.32000000000000006,remove_supply_chain_context
R00724,U0904,U0905,2023-03-21T21:52:49,1,3,1,0,0,0,4,0.9,0.32000000000000006,remove_supply_chain_context
R00725,U0874,U0875,2023-03-21T23:15:18,1,2,0,0,0,0,1,0.375,-0.1,remove_supply_chain_context
R00726,U1206,U1208,2023-03-21T23:55:04,0,1,0,0,0,0,0,0.9,0.32000000000000006,remove_supply_chain_context
R00727,U1058,U1059,2023-03-22T09:55:02,1,0,0,0,0,0,0,0.44,-0.048,remove_supply_chain_context
R00728,U0111,U0112,2023-03-22T11:05:16,2,1,1,0,0,0,3,0.9,0.32000000000000006,remove_supply_chain_context
R00729,U0220,U0221,2023-03-22T13:47:14,0,4,0,0,0,0,1,0.325,-0.13999999999999999,remove_supply_chain_context
R00730,U0687,U0690,2023-03-22T15:47:48,1,0,0,0,0,0,2,0.8,0.24,remove_supply_chain_context
R00731,U0045,U0046,2023-03-22T17:04:59,2,0,0,0,0,0,0,0.9,0.32000000000000006,remove_supply_chain_context
R00732,U0399,U0403,2023-03-22T20:36:41,1,1,1,0,0,0,4,0.44,-0.048,remove_supply_chain_context
R00733,U0068,U0070,2023-03-23T00:53:46,1,1,0,0,0,0,6,0.8,0.24,remove_supply_chain_context
R00734,U0024,U0026,2023-03-23T01:07:22,2,2,1,0,0,0,3,0.375,-0.1,remove_supply_chain_context
R00735,U1078,U1080,2023-03-23T06:15:35,2,1,0,0,0,0,3,0.44,-0.048,remove_supply_chain_context
R00736,U0182,U0893,2023-03-23T06:29:41,2,0,0,0,0,0,1,0.325,-0.13999999999999999,remove_supply_chain_context
R00737,U0681,U0683,2023-03-23T06:52:29,2,3,1,0,0,0,3,0.9,0.32000000000000006,remove_supply_chain_context
R00738,U0205,U0207,2023-03-23T08:55:05,1,1,1,0,0,0,0,0.375,-0.1,remove_supply_chain_context
R00739,U1266,U1267,2023-03-23T08:59:56,0,2,0,0,0,0,0,0.8,0.24,remove_supply_chain_context
R00740,U0922,U0925,2023-03-23T11:29:09,1,1,0,0,0,0,4,0.9,0.32000000000000006,remove_supply_chain_context
R00741,U0662,U0663,2023-03-23T12:24:20,1,2,0,0,0,0,1,0.9,0.32000000000000006,remove_supply_chain_context
R00742,U0163,U0164,2023-03-23T12:54:13,1,2,0,0,0,0,2,0.9,0.32000000000000006,remove_supply_chain_context
R00743,U1220,U1221,2023-03-23T14:05:25,3,0,0,0,0,0,4,0.375,-0.1,remove_supply_chain_context
R00744,U1356,U1357,2023-03-23T17:38:30,1,2,0,0,1,0,1,0.375,-0.1,remove_supply_chain_context
R00745,U0471,U1175,2023-03-23T18:09:27,1,1,0,0,0,0,1,0.9,0.32000000000000006,remove_supply_chain_context
R00746,U0030,U0744,2023-03-23T19:21:08,0,1,0,0,1,0,3,0.325,-0.13999999999999999,remove_supply_chain_context
R00747,U0122,U0124,2023-03-23T22:09:34,3,0,0,0,0,0,6,0.44,-0.048,remove_supply_chain_context
R00748,U1350,U1352,2023-03-23T22:46:12,0,1,0,0,0,0,4,0.375,-0.1,remove_supply_chain_context
R00749,U0802,U0804,2023-03-23T23:35:15,0,1,0,0,0,0,1,0.44,-0.048,remove_supply_chain_context
R00750,U0141,U0852,2023-03-24T06:17:45,1,1,0,0,0,0,1,0.375,-0.1,remove_supply_chain_context
R00751,U0414,U0417,2023-03-24T10:14:14,2,0,0,0,0,0,2,0.44,-0.048,remove_supply_chain_context
R00752,U1264,U1266,2023-03-24T14:54:53,2,1,0,0,0,0,5,0.44,-0.048,remove_supply_chain_context
R00753,U1125,U1126,2023-03-24T16:12:40,2,1,0,0,0,0,3,0.375,-0.1,remove_supply_chain_context
R00754,U0504,U0505,2023-03-24T18:36:19,0,1,0,0,0,0,1,0.9,0.32000000000000006,remove_supply_chain_context
R00755,U0026,U0027,2023-03-24T19:16:52,3,0,0,0,0,0,1,0.8,0.24,remove_supply_chain_context
R00756,U0443,U0446,2023-03-25T01:09:53,0,1,0,0,0,0,3,0.8,0.24,remove_supply_chain_context
R00757,U1354,U1356,2023-03-25T02:09:52,1,2,0,0,0,0,2,0.9,0.32000000000000006,remove_supply_chain_context
R00758,U0887,U0888,2023-03-25T02:34:10,2,0,0,0,0,0,3,0.44,-0.048,remove_supply_chain_context
R00759,U0109,U0111,2023-03-25T03:34:35,0,3,0,0,0,0,3,0.8,0.24,remove_supply_chain_context
R00760,U0424,U0425,2023-03-25T04:06:48,1,1,0,0,0,0,3,0.8,0.24,remove_supply_chain_context
R00761,U0565,U0567,2023-03-25T07:52:44,1,1,0,0,0,0,2,0.9,0.32000000000000006,remove_supply_chain_context
R00762,U1328,U1331,2023-03-25T10:33:06,1,1,0,0,0,0,1,0.9,0.32000000000000006,remove_supply_chain_context
R00763,U0766,U0768,2023-03-25T10:39:39,0,2,0,0,0,0,1,0.9,0.32000000000000006,remove_supply_chain_context
R00764,U0556,U0561,2023-03-25T11:47:37,0,1,0,0,0,0,2,0.9,0.32000000000000006,remove_supply_chain_context
R00765,U0668,U1354,2023-03-25T13:00:23,1,2,0,0,0,0,3,0.325,-0.13999999999999999,remove_supply_chain_context
R00766,U1101,U1103,2023-03-25T13:23:21,0,2,0,1,1,0,1,0.9,0.32000000000000006,remove_supply_chain_context
R00767,U1048,U1049,2023-03-25T15:17:53,0,2,0,0,0,0,1,0.8,0.24,remove_supply_chain_context
R00768,U0367,U1074,2023-03-25T15:29:06,0,0,0,0,0,0,0,0.9,0.32000000000000006,remove_supply_chain_context
R00769,U0641,U0642,2023-03-25T17:53:44,3,1,1,0,0,0,0,0.375,-0.1,remove_supply_chain_context
R00770,U0945,U0948,2023-03-25T19:32:07,1,1,0,0,0,0,3,0.375,-0.1,remove_supply_chain_context
R00771,U0745,U0746,2023-03-26T04:21:52,1,1,0,0,1,0,1,0.375,-0.1,remove_supply_chain_context
R00772,U0495,U0498,2023-03-26T07:37:00,1,1,0,0,0,0,3,0.9,0.32000000000000006,remove_supply_chain_context
R00773,U1100,U1102,2023-03-26T09:19:40,0,2,0,0,0,0,5,0.9,0.32000000000000006,remove_supply_chain_context
R00774,U0069,U0072,2023-03-26T13:28:16,0,0,0,0,0,0,4,0.9,0.32000000000000006,remove_supply_chain_context
R00775,U0739,U0742,2023-03-26T13:45:54,0,2,0,0,0,0,0,0.9,0.32000000000000006,remove_supply_chain_context
R00776,U0230,U0232,2023-03-26T15:59:46,0,2,0,0,0,0,2,0.375,-0.1,remove_supply_chain_context
R00777,U0701,U0702,2023-03-26T17:53:37,0,0,0,0,0,0,4,0.375,-0.1,remove_supply_chain_context
R00778,U0671,U1356,2023-03-26T18:00:13,2,3,0,0,0,0,1,0.8,0.24,remove_supply_chain_context
R00779,U0432,U0434,2023-03-26T20:36:39,0,1,0,0,0,0,0,0.375,-0.1,remove_supply_chain_context
R00780,U1108,U1109,2023-03-27T03:05:25,0,1,0,0,0,0,3,0.375,-0.1,remove_supply_chain_context
R00781,U0458,U0460,2023-03-27T06:13:27,0,2,0,0,0,0,1,0.375,-0.1,remove_supply_chain_context
R00782,U0114,U0116,2023-03-27T07:53:30,0,1,0,0,0,0,0,0.325,-0.13999999999999999,remove_supply_chain_context
R00783,U0220,U0222,2023-03-27T09:55:13,1,3,1,0,0,0,2,0.375,-0.1,remove_supply_chain_context
R00784,U1210,U1211,2023-03-27T14:24:19,0,0,0,0,0,0,1,0.8,0.24,remove_supply_chain_context
R00785,U0235,U0947,2023-03-27T20:24:18,0,0,0,0,0,0,0,0.8,0.24,remove_supply_chain_context
R00786,U0571,U0574,2023-03-28T03:50:18,1,0,0,0,0,0,3,0.44,-0.048,remove_supply_chain_context
R00787,U0993,U0994,2023-03-28T11:29:30,1,1,1,0,0,0,3,0.9,0.32000000000000006,remove_supply_chain_context
R00788,U0952,U0954,2023-03-28T15:43:03,3,1,0,0,0,0,1,0.44,-0.048,remove_supply_chain_context
R00789,U0636,U0637,2023-03-28T16:24:36,1,3,1,0,0,0,5,0.44,-0.048,remove_supply_chain_context
R00790,U0103,U0818,2023-03-28T17:44:00,1,0,0,0,0,0,1,0.9,0.32000000000000006,remove_supply_chain_context
R00791,U0265,U0973,2023-03-28T19:20:29,3,1,0,0,0,0,0,0.9,0.32000000000000006,remove_supply_chain_context
R00792,U0304,U1012,2023-03-28T19:32:53,2,1,0,0,0,0,0,0.325,-0.13999999999999999,remove_supply_chain_context
R00793,U1256,U1257,2023-03-28T22:25:46,2,0,0,0,0,0,3,0.325,-0.13999999999999999,remove_supply_chain_context
R00794,U0703,U0704,2023-03-28T22:41:26,0,1,0,0,0,0,3,0.44,-0.048,remove_supply_chain_context
R00795,U0250,U0251,2023-03-28T23:13:18,1,2,1,0,0,0,1,0.9,0.32000000000000006,remove_supply_chain_context
R00796,U0370,U1076,2023-04-01T01:28:24,0,0,0,0,0,0,6,0.44,-0.048,remove_supply_chain_context
R00797,U0143,U0145,2023-04-01T02:27:15,1,1,0,0,0,0,3,0.44,-0.048,remove_supply_chain_context
R00798,U0356,U0357,2023-04-01T02:33:39,1,2,0,0,0,1,2,0.8,0.24,remove_supply_chain_context
R00799,U0108,U0109,2023-04-01T04:10:46,1,1,0,0,0,0,1,0.44,-0.048,remove_supply_chain_context
R00800,U1186,U1188,2023-04-01T04:51:23,1,1,0,0,0,0,2,0.375,-0.1,remove_supply_chain_context
R00801,U1025,U1028,2023-04-01T08:45:27,3,0,0,0,0,1,2,0.9,0.32000000000000006,remove_supply_chain_context
R00802,U0429,U0430,2023-04-01T13:43:06,1,1,0,0,0,0,3,0.375,-0.1,remove_supply_chain_context
R00803,U0177,U0179,2023-04-01T15:47:25,1,2,0,0,0,0,5,0.325,-0.13999999999999999,remove_supply_chain_context
R00804,U0802,U0803,2023-04-01T16:45:55,1,2,0,0,0,0,2,0.375,-0.1,remove_supply_chain_context
R00805,U0227,U0230,2023-04-01T18:58:50,2,1,0,0,0,0,0,0.44,-0.048,remove_supply_chain_context
R00806,U0785,U0790,2023-04-01T19:21:52,1,0,0,0,0,0,1,0.9,0.32000000000000006,remove_supply_chain_context
R00807,U0858,U0859,2023-04-01T20:10:54,2,1,0,0,0,0,6,0.9,0.32000000000000006,remove_supply_chain_context
R00808,U0570,U0573,2023-04-01T21:38:28,2,0,0,0,0,0,1,0.375,-0.1,remove_supply_chain_context
R00809,U0838,U0841,2023-04-01T23:52:15,1,0,0,0,0,0,1,0.9,0.32000000000000006,remove_supply_chain_context
R00810,U0141,U0142,2023-04-02T01:44:27,2,1,0,0,0,0,3,0.8,0.24,remove_supply_chain_context
R00811,U1259,U1261,2023-04-02T02:40:28,1,1,0,0,0,0,5,0.8,0.24,remove_supply_chain_context
R00812,U0823,U0825,2023-04-02T03:46:36,1,2,0,0,0,0,3,0.375,-0.1,remove_supply_chain_context
R00813,U0972,U0974,2023-04-02T07:21:59,0,2,0,0,0,1,3,0.9,0.32000000000000006,remove_supply_chain_context
R00814,U0704,U0706,2023-04-02T08:52:46,2,0,0,0,0,0,0,0.44,-0.048,remove_supply_chain_context
R00815,U0167,U0169,2023-04-02T10:20:03,0,1,0,0,0,0,2,0.375,-0.1,remove_supply_chain_context
R00816,U0826,U0827,2023-04-02T15:13:29,0,2,0,0,0,0,1,0.325,-0.13999999999999999,remove_supply_chain_context
R00817,U0414,U0415,2023-04-02T15:30:36,3,1,0,0,0,0,4,0.9,0.32000000000000006,remove_supply_chain_context
R00818,U0095,U0097,2023-04-02T15:38:25,0,1,0,0,0,0,3,0.8,0.24,remove_supply_chain_context
R00819,U0334,U0335,2023-04-02T16:12:12,0,1,0,0,0,0,0,0.44,-0.048,remove_supply_chain_context
R00820,U0116,U0831,2023-04-02T20:33:08,2,0,0,0,0,0,0,0.375,-0.1,remove_supply_chain_context
R00821,U0376,U0380,2023-04-02T20:41:33,1,0,0,0,0,0,1,0.375,-0.1,remove_supply_chain_context
R00822,U1069,U1070,2023-04-03T00:26:59,0,1,0,0,0,0,1,0.44,-0.048,remove_supply_chain_context
R00823,U0689,U0691,2023-04-03T03:54:58,1,0,0,0,0,1,2,0.9,0.32000000000000006,remove_supply_chain_context
R00824,U0635,U1322,2023-04-03T05:14:36,2,1,0,0,0,0,4,0.325,-0.13999999999999999,remove_supply_chain_context
R00825,U1149,U1151,2023-04-03T06:14:58,1,0,0,0,0,0,4,0.44,-0.048,remove_supply_chain_context
R00826,U0699,U0701,2023-04-03T08:12:20,1,1,0,0,0,0,3,0.375,-0.1,remove_supply_chain_context
R00827,U0128,U0842,2023-04-03T08:20:48,1,0,0,0,0,0,3,0.8,0.24,remove_supply_chain_context
R00828,U0427,U1136,2023-04-03T08:26:04,1,0,0,0,0,0,0,0.8,0.24,remove_supply_chain_context
R00829,U0106,U0108,2023-04-03T14:31:52,0,2,0,0,0,0,1,0.375,-0.1,remove_supply_chain_context
R00830,U1204,U1206,2023-04-03T19:12:16,0,1,0,0,0,0,3,0.8,0.24,remove_supply_chain_context
R00831,U0317,U1022,2023-04-03T21:53:09,2,0,0,0,0,0,3,0.44,-0.048,remove_supply_chain_context
R00832,U0477,U0479,2023-04-03T22:05:14,1,2,0,0,0,0,3,0.9,0.32000000000000006,remove_supply_chain_context
R00833,U0582,U1277,2023-04-04T00:58:25,4,0,0,0,1,0,2,0.375,-0.1,remove_supply_chain_context
R00834,U0795,U0796,2023-04-04T02:31:33,0,1,0,0,0,0,5,0.325,-0.13999999999999999,remove_supply_chain_context
R00835,U1303,U1304,2023-04-04T05:32:45,2,2,1,0,0,0,1,0.9,0.32000000000000006,remove_supply_chain_context
R00836,U0856,U0857,2023-04-04T05:46:33,1,1,0,0,0,0,2,0.44,-0.048,remove_supply_chain_context
R00837,U0438,U0439,2023-04-04T09:47:35,1,0,0,0,0,0,4,0.8,0.24,remove_supply_chain_context
R00838,U0050,U0051,2023-04-04T17:46:33,0,1,0,0,0,0,4,0.9,0.32000000000000006,remove_supply_chain_context
R00839,U0414,U1124,2023-04-04T20:12:44,4,1,0,0,0,0,1,0.9,0.32000000000000006,remove_supply_chain_context
R00840,U1022,U1024,2023-04-04T22:07:07,1,2,0,0,0,0,2,0.375,-0.1,remove_supply_chain_context
R00841,U1151,U1154,2023-04-05T00:29:08,1,2,0,0,0,0,2,0.375,-0.1,remove_supply_chain_context
R00842,U0651,U0652,2023-04-05T02:49:41,1,0,0,0,0,0,3,0.44,-0.048,remove_supply_chain_context
R00843,U0793,U0795,2023-04-05T03:23:37,0,1,0,0,0,0,5,0.9,0.32000000000000006,remove_supply_chain_context
R00844,U1295,U1297,2023-04-05T12:45:06,1,1,1,0,0,1,2,0.9,0.32000000000000006,remove_supply_chain_context
R00845,U0360,U0361,2023-04-05T12:55:47,0,1,0,0,0,1,2,0.375,-0.1,remove_supply_chain_context
R00846,U0456,U0457,2023-04-05T13:14:07,0,1,0,0,0,0,1,0.9,0.32000000000000006,remove_supply_chain_context
R00847,U1238,U1239,2023-04-05T13:46:17,1,2,0,0,0,0,1,0.375,-0.1,remove_supply_chain_context
R00848,U1170,U1171,2023-04-05T14:24:43,1,2,0,0,0,0,4,0.325,-0.13999999999999999,remove_supply_chain_context
R00849,U0008,U0011,2023-04-05T15:06:43,1,1,0,0,0,0,4,0.375,-0.1,remove_supply_chain_context
R00850,U0573,U1269,2023-04-05T16:19:42,1,1,0,0,0,0,3,0.375,-0.1,remove_supply_chain_context
R00851,U0148,U0150,2023-04-05T16:55:33,0,0,0,0,0,0,4,0.9,0.32000000000000006,remove_supply_chain_context
R00852,U0144,U0146,2023-04-05T19:58:27,1,0,0,0,0,0,1,0.9,0.32000000000000006,remove_supply_chain_context
R00853,U0728,U0729,2023-04-05T22:21:29,2,1,0,0,0,0,5,0.325,-0.13999999999999999,remove_supply_chain_context
R00854,U0771,U0773,2023-04-05T23:37:47,2,0,0,0,0,0,2,0.325,-0.13999999999999999,remove_supply_chain_context
R00855,U0891,U0893,2023-04-06T03:15:48,0,1,0,0,1,0,3,0.44,-0.048,remove_supply_chain_context
R00856,U1186,U1187,2023-04-06T04:13:42,2,1,0,0,0,0,2,0.44,-0.048,remove_supply_chain_context
R00857,U1040,U1042,2023-04-06T04:29:53,1,1,1,0,0,0,2,0.9,0.32000000000000006,remove_supply_chain_context
R00858,U1271,U1273,2023-04-06T09:26:34,1,1,0,0,0,0,0,0.375,-0.1,remove_supply_chain_context
R00859,U0026,U0028,2023-04-06T09:35:36,4,0,0,0,0,0,0,0.44,-0.048,remove_supply_chain_context
R00860,U0607,U0610,2023-04-06T14:23:58,2,2,0,0,0,0,6,0.9,0.32000000000000006,remove_supply_chain_context
R00861,U0223,U0936,2023-04-06T15:10:57,2,4,0,0,0,0,2,0.375,-0.1,remove_supply_chain_context
R00862,U0295,U1005,2023-04-06T15:47:41,0,1,0,0,1,0,4,0.8,0.24,remove_supply_chain_context
R00863,U0985,U0987,2023-04-06T18:33:46,1,0,0,0,1,0,1,0.9,0.32000000000000006,remove_supply_chain_context
R00864,U0299,U1007,2023-04-07T03:08:32,3,1,0,0,1,1,3,0.9,0.32000000000000006,remove_supply_chain_context
R00865,U0566,U1262,2023-04-07T04:41:28,0,0,0,0,0,0,4,0.9,0.32000000000000006,remove_supply_chain_context
R00866,U0432,U0433,2023-04-07T09:21:33,1,3,1,0,0,0,3,0.8,0.24,remove_supply_chain_context
R00867,U0201,U0202,2023-04-07T10:19:34,3,3,1,0,0,0,3,0.325,-0.13999999999999999,remove_supply_chain_context
R00868,U1230,U1232,2023-04-07T11:10:06,1,1,0,0,0,0,1,0.8,0.24,remove_supply_chain_context
R00869,U0774,U0776,2023-04-07T12:54:49,0,1,0,0,0,1,1,0.44,-0.048,remove_supply_chain_context
R00870,U0472,U0474,2023-04-07T15:13:24,2,0,0,0,0,0,0,0.44,-0.048,remove_supply_chain_context
R00871,U0764,U0768,2023-04-07T18:43:17,0,3,0,0,0,0,0,0.9,0.32000000000000006,remove_supply_chain_context
R00872,U0957,U0959,2023-04-07T21:25:06,3,3,0,0,0,0,2,0.9,0.32000000000000006,remove_supply_chain_context
R00873,U0196,U0198,2023-04-08T04:57:38,1,0,0,0,0,0,1,0.8,0.24,remove_supply_chain_context
R00874,U0660,U0662,2023-04-08T07:38:48,0,2,0,0,0,0,1,0.9,0.32000000000000006,remove_supply_chain_context
R00875,U0903,U0904,2023-04-08T07:46:36,1,2,1,0,0,0,2,0.375,-0.1,remove_supply_chain_context
R00876,U0702,U1390,2023-04-08T13:03:13,1,1,0,0,0,0,2,0.44,-0.048,remove_supply_chain_context
R00877,U0818,U0819,2023-04-08T13:47:56,1,1,0,0,0,0,1,0.8,0.24,remove_supply_chain_context
R00878,U0987,U0989,2023-04-08T13:54:38,1,1,0,0,0,0,2,0.8,0.24,remove_supply_chain_context
R00879,U0998,U1002,2023-04-08T15:09:53,2,1,0,0,0,0,1,0.9,0.32000000000000006,remove_supply_chain_context
R00880,U1042,U1045,2023-04-08T20:13:15,2,2,0,0,0,0,1,0.325,-0.13999999999999999,remove_supply_chain_context
R00881,U0551,U1251,2023-04-08T23:20:56,1,0,0,0,0,0,1,0.8,0.24,remove_supply_chain_context
R00882,U0692,U0694,2023-04-09T01:03:57,1,0,0,0,0,0,6,0.325,-0.13999999999999999,remove_supply_chain_context
R00883,U0474,U1179,2023-04-09T02:11:30,1,2,0,0,0,0,2,0.9,0.32000000000000006,remove_supply_chain_context
R00884,U0080,U0082,2023-04-09T02:30:07,1,2,0,0,0,0,1,0.325,-0.13999999999999999,remove_supply_chain_context
R00885,U0173,U0175,2023-04-09T02:52:45,2,1,0,0,0,0,2,0.44,-0.048,remove_supply_chain_context
R00886,U0267,U0270,2023-04-09T03:58:03,1,2,0,0,0,0,3,0.375,-0.1,remove_supply_chain_context
R00887,U0810,U0811,2023-04-09T10:16:01,2,1,0,0,0,0,1,0.325,-0.13999999999999999,remove_supply_chain_context
R00888,U0205,U0208,2023-04-09T13:30:03,2,1,0,0,0,0,4,0.9,0.32000000000000006,remove_supply_chain_context
R00889,U0464,U0465,2023-04-09T14:15:41,2,2,0,0,0,0,3,0.325,-0.13999999999999999,remove_supply_chain_context
R00890,U1285,U1287,2023-04-09T17:11:05,1,1,0,0,0,0,2,0.375,-0.1,remove_supply_chain_context
R00891,U0514,U1213,2023-04-09T22:52:42,4,1,0,0,0,0,2,0.9,0.32000000000000006,remove_supply_chain_context
R00892,U1192,U1194,2023-04-10T00:14:49,3,0,0,0,0,0,2,0.8,0.24,remove_supply_chain_context
R00893,U0443,U0444,2023-04-10T04:21:52,1,1,1,0,0,0,6,0.9,0.32000000000000006,remove_supply_chain_context
R00894,U0523,U0525,2023-04-10T12:01:07,2,2,0,0,0,0,0,0.44,-0.048,remove_supply_chain_context
R00895,U0392,U0394,2023-04-10T14:11:04,0,1,0,0,0,0,6,0.9,0.32000000000000006,remove_supply_chain_context
R00896,U0019,U0021,2023-04-10T18:06:27,1,1,0,0,0,0,5,0.9,0.32000000000000006,remove_supply_chain_context
R00897,U0085,U0086,2023-04-10T19:04:57,1,0,0,0,0,0,2,0.8,0.24,remove_supply_chain_context
R00898,U0153,U0155,2023-04-10T19:48:52,0,0,0,0,0,0,0,0.9,0.32000000000000006,remove_supply_chain_context
R00899,U0154,U0155,2023-04-10T23:58:33,1,1,0,0,0,0,5,0.325,-0.13999999999999999,remove_supply_chain_context
R00900,U0673,U0675,2023-04-11T08:30:43,2,0,0,0,0,0,5,0.375,-0.1,remove_supply_chain_context
R00901,U1348,U1350,2023-04-11T11:06:12,1,1,0,0,0,0,2,0.44,-0.048,remove_supply_chain_context
R00902,U0437,U0439,2023-04-11T21:45:04,1,1,0,0,0,0,2,0.44,-0.048,remove_supply_chain_context
R00903,U0709,U0710,2023-04-11T22:56:46,0,0,0,0,0,0,1,0.375,-0.1,remove_supply_chain_context
R00904,U0216,U0220,2023-04-11T23:27:02,1,2,0,0,0,0,3,0.44,-0.048,remove_supply_chain_context
R00905,U0195,U0907,2023-04-12T03:09:16,1,2,0,0,0,0,1,0.44,-0.048,remove_supply_chain_context
R00906,U1284,U1285,2023-04-12T03:16:08,2,2,1,0,0,0,0,0.325,-0.13999999999999999,remove_supply_chain_context
R00907,U0220,U0932,2023-04-12T03:25:08,3,2,0,0,0,0,2,0.375,-0.1,remove_supply_chain_context
R00908,U0913,U0915,2023-04-12T04:54:08,1,0,0,0,0,0,3,0.375,-0.1,remove_supply_chain_context
R00909,U0894,U0897,2023-04-12T07:22:23,0,0,0,0,0,0,0,0.9,0.32000000000000006,remove_supply_chain_context
R00910,U1129,U1131,2023-04-12T09:28:16,1,1,0,0,0,0,1,0.375,-0.1,remove_supply_chain_context
R00911,U1157,U1159,2023-04-12T09:42:05,2,2,0,0,1,0,1,0.375,-0.1,remove_supply_chain_context
R00912,U0197,U0909,2023-04-12T11:35:11,1,0,0,0,0,0,6,0.325,-0.13999999999999999,remove_supply_chain_context
R00913,U1308,U1309,2023-04-12T14:50:14,2,1,0,0,0,0,3,0.44,-0.048,remove_supply_chain_context
R00914,U1322,U1323,2023-04-12T18:25:38,2,0,0,0,0,0,4,0.44,-0.048,remove_supply_chain_context
R00915,U0001,U1404,2023-04-12T22:13:24,0,0,0,0,0,0,1,0.9,0.32000000000000006,remove_supply_chain_context
R00916,U0240,U0241,2023-04-13T04:30:57,3,2,1,0,0,0,3,0.44,-0.048,remove_supply_chain_context
R00917,U0413,U0415,2023-04-13T09:55:55,1,2,1,0,0,0,4,0.325,-0.13999999999999999,remove_supply_chain_context
R00918,U0945,U0947,2023-04-13T13:35:35,2,1,0,0,0,0,3,0.9,0.32000000000000006,remove_supply_chain_context
R00919,U0577,U1273,2023-04-13T14:53:46,3,2,0,0,0,0,3,0.44,-0.048,remove_supply_chain_context
R00920,U0967,U0968,2023-04-13T21:06:22,0,0,0,0,0,0,0,0.375,-0.1,remove_supply_chain_context
R00921,U1012,U1013,2023-04-13T23:16:36,2,0,0,0,0,0,5,0.9,0.32000000000000006,remove_supply_chain_context
R00922,U0830,U0832,2023-04-14T00:33:16,2,1,0,0,0,0,5,0.375,-0.1,remove_supply_chain_context
R00923,U0248,U0250,2023-04-14T02:32:39,1,2,0,0,0,0,0,0.325,-0.13999999999999999,remove_supply_chain_context
R00924,U0434,U0437,2023-04-14T05:56:53,2,2,0,0,0,0,1,0.375,-0.1,remove_supply_chain_context
R00925,U1308,U1310,2023-04-14T06:39:04,3,1,0,0,0,0,1,0.375,-0.1,remove_supply_chain_context
R00926,U0335,U1042,2023-04-14T06:48:00,2,3,0,0,0,0,2,0.325,-0.13999999999999999,remove_supply_chain_context
R00927,U1029,U1033,2023-04-14T07:23:25,1,0,0,0,0,0,1,0.375,-0.1,remove_supply_chain_context
R00928,U0431,U0432,2023-04-14T07:32:25,2,2,1,0,0,0,3,0.375,-0.1,remove_supply_chain_context
R00929,U0095,U0812,2023-04-14T09:40:01,1,0,0,0,0,0,4,0.375,-0.1,remove_supply_chain_context
R00930,U0579,U0581,2023-04-14T13:26:19,1,1,0,0,0,0,3,0.375,-0.1,remove_supply_chain_context
R00931,U0563,U0565,2023-04-14T13:56:01,0,2,0,0,0,0,5,0.375,-0.1,remove_supply_chain_context
R00932,U0689,U1372,2023-04-14T14:29:42,2,3,0,0,0,0,0,0.44,-0.048,remove_supply_chain_context
R00933,U0600,U0603,2023-04-14T14:33:38,1,1,0,0,0,0,0,0.375,-0.1,remove_supply_chain_context
R00934,U0731,U0733,2023-04-14T15:34:46,1,0,0,0,0,0,2,0.8,0.24,remove_supply_chain_context
R00935,U0394,U0395,2023-04-14T17:53:12,2,1,0,0,0,0,2,0.9,0.32000000000000006,remove_supply_chain_context
R00936,U0159,U0871,2023-04-14T21:02:14,2,1,0,0,0,0,1,0.375,-0.1,remove_supply_chain_context
R00937,U0523,U0524,2023-04-14T21:43:41,3,1,1,0,0,0,5,0.375,-0.1,remove_supply_chain_context
R00938,U0719,U0723,2023-04-14T22:19:03,2,2,1,0,0,0,1,0.9,0.32000000000000006,remove_supply_chain_context
R00939,U0124,U0127,2023-04-14T22:19:16,1,0,0,0,0,0,5,0.325,-0.13999999999999999,remove_supply_chain_context
R00940,U0543,U1244,2023-04-15T02:14:19,0,0,0,0,0,0,4,0.9,0.32000000000000006,remove_supply_chain_context
R00941,U0787,U0790,2023-04-15T03:04:37,0,1,0,0,0,0,0,0.9,0.32000000000000006,remove_supply_chain_context
R00942,U0581,U0583,2023-04-15T06:43:19,2,1,1,0,0,0,6,0.9,0.32000000000000006,remove_supply_chain_context
R00943,U0942,U0944,2023-04-15T07:02:46,0,1,0,0,0,0,2,0.375,-0.1,remove_supply_chain_context
R00944,U0747,U0749,2023-04-15T08:05:35,2,0,0,0,0,0,5,0.325,-0.13999999999999999,remove_supply_chain_context
R00945,U0536,U0538,2023-04-15T08:54:52,0,2,0,0,0,0,3,0.44,-0.048,remove_supply_chain_context
R00946,U0001,U0714,2023-04-15T10:12:55,1,0,0,0,0,0,0,0.44,-0.048,remove_supply_chain_context
R00947,U0529,U0530,2023-04-15T12:02:39,2,1,1,0,0,0,2,0.375,-0.1,remove_supply_chain_context
R00948,U0173,U0883,2023-04-15T16:20:48,3,1,0,0,0,0,5,0.44,-0.048,remove_supply_chain_context
R00949,U0536,U0537,2023-04-15T17:25:05,1,1,0,0,0,0,0,0.44,-0.048,remove_supply_chain_context
R00950,U0432,U1141,2023-04-16T00:08:30,3,1,0,0,0,0,1,0.9,0.32000000000000006,remove_supply_chain_context
R00951,U0092,U0807,2023-04-16T00:11:39,2,1,0,0,0,0,2,0.325,-0.13999999999999999,remove_supply_chain_context
R00952,U0666,U0667,2023-04-16T00:35:43,2,2,0,0,0,0,2,0.375,-0.1,remove_supply_chain_context
R00953,U0706,U1396,2023-04-16T05:29:52,1,3,0,0,0,0,0,0.9,0.32000000000000006,remove_supply_chain_context
R00954,U0053,U0054,2023-04-16T08:25:59,1,0,0,0,0,0,2,0.325,-0.13999999999999999,remove_supply_chain_context
R00955,U0562,U1258,2023-04-16T09:19:04,1,0,0,0,0,0,3,0.325,-0.13999999999999999,remove_supply_chain_context
R00956,U0712,U0713,2023-04-16T09:44:14,0,1,0,0,0,0,1,0.325,-0.13999999999999999,remove_supply_chain_context
R00957,U0807,U0810,2023-04-16T10:23:15,2,3,1,0,0,0,0,0.44,-0.048,remove_supply_chain_context
R00958,U0190,U0901,2023-04-16T10:34:23,0,1,0,0,0,0,2,0.325,-0.13999999999999999,remove_supply_chain_context
R00959,U0431,U1140,2023-04-16T10:45:37,3,2,0,0,0,0,4,0.375,-0.1,remove_supply_chain_context
R00960,U0321,U0323,2023-04-16T16:12:00,0,0,0,0,0,0,2,0.8,0.24,remove_supply_chain_context
R00961,U0683,U0685,2023-04-16T16:44:24,4,1,0,0,0,0,2,0.9,0.32000000000000006,remove_supply_chain_context
R00962,U1004,U1006,2023-04-16T21:04:11,1,3,0,0,0,0,3,0.375,-0.1,remove_supply_chain_context
R00963,U0594,U0597,2023-04-16T21:14:57,0,1,0,0,0,0,1,0.325,-0.13999999999999999,remove_supply_chain_context
R00964,U1003,U1005,2023-04-17T00:16:27,2,2,0,0,0,0,0,0.9,0.32000000000000006,remove_supply_chain_context
R00965,U0458,U1162,2023-04-17T00:58:13,1,0,0,0,0,0,2,0.44,-0.048,remove_supply_chain_context
R00966,U0030,U0032,2023-04-17T01:42:20,1,1,0,0,0,1,3,0.8,0.24,remove_supply_chain_context
R00967,U0478,U1183,2023-04-17T21:26:39,3,1,0,0,0,0,3,0.44,-0.048,remove_supply_chain_context
R00968,U1094,U1095,2023-04-17T21:28:21,1,1,0,0,0,0,3,0.375,-0.1,remove_supply_chain_context
R00969,U1262,U1265,2023-04-17T22:30:48,1,0,0,0,0,0,4,0.375,-0.1,remove_supply_chain_context
R00970,U0916,U0918,2023-04-18T05:26:57,0,0,0,0,0,0,0,0.9,0.32000000000000006,remove_supply_chain_context
R00971,U0481,U1186,2023-04-18T06:54:06,1,3,0,0,0,0,1,0.8,0.24,remove_supply_chain_context
R00972,U1332,U1335,2023-04-18T14:18:53,1,0,0,0,0,0,1,0.325,-0.13999999999999999,remove_supply_chain_context
R00973,U0169,U0878,2023-04-18T14:39:24,2,1,0,0,0,0,1,0.44,-0.048,remove_supply_chain_context
R00974,U0051,U0053,2023-04-18T17:00:21,2,2,0,0,0,0,3,0.9,0.32000000000000006,remove_supply_chain_context
R00975,U0506,U0508,2023-04-18T19:34:14,0,1,0,0,0,0,3,0.375,-0.1,remove_supply_chain_context
R00976,U0480,U0481,2023-04-18T20:19:30,2,2,0,0,0,0,4,0.9,0.32000000000000006,remove_supply_chain_context
R00977,U0034,U0036,2023-04-18T20:38:28,2,1,0,0,0,0,1,0.375,-0.1,remove_supply_chain_context
R00978,U0208,U0210,2023-04-18T22:14:45,2,1,0,0,0,0,1,0.8,0.24,remove_supply_chain_context
R00979,U1214,U1216,2023-04-18T23:40:43,1,0,0,0,0,0,4,0.9,0.32000000000000006,remove_supply_chain_context
R00980,U1160,U1161,2023-04-19T03:04:12,1,2,0,0,0,0,2,0.9,0.32000000000000006,remove_supply_chain_context
R00981,U0987,U0988,2023-04-19T04:27:56,2,2,1,0,0,0,5,0.375,-0.1,remove_supply_chain_context
R00982,U0636,U1323,2023-04-19T05:15:39,2,1,0,0,0,0,6,0.44,-0.048,remove_supply_chain_context
R00983,U1051,U1053,2023-04-19T10:50:52,2,2,0,0,0,0,2,0.44,-0.048,remove_supply_chain_context
R00984,U0210,U0214,2023-04-19T12:43:40,2,1,1,0,0,0,1,0.325,-0.13999999999999999,remove_supply_chain_context
R00985,U0695,U0696,2023-04-19T14:20:17,1,1,0,0,0,0,0,0.375,-0.1,remove_supply_chain_context
R00986,U0712,U1403,2023-04-19T14:43:38,1,1,0,0,0,0,4,0.375,-0.1,remove_supply_chain_context
R00987,U0855,U0856,2023-04-19T18:44:59,3,2,1,0,0,0,0,0.9,0.32000000000000006,remove_supply_chain_context
R00988,U0247,U0248,2023-04-19T20:39:58,1,2,0,0,0,0,1,0.375,-0.1,remove_supply_chain_context
R00989,U1257,U1259,2023-04-19T22:16:38,1,2,0,0,0,0,2,0.8,0.24,remove_supply_chain_context
R00990,U0554,U0556,2023-04-20T01:29:40,0,1,0,0,0,0,0,0.375,-0.1,remove_supply_chain_context
R00991,U0691,U1375,2023-04-20T02:37:25,1,0,0,0,0,0,1,0.44,-0.048,remove_supply_chain_context
R00992,U0070,U0072,2023-04-20T04:18:31,2,1,0,0,0,0,0,0.9,0.32000000000000006,remove_supply_chain_context
R00993,U0161,U0872,2023-04-20T04:23:04,2,0,0,0,0,0,2,0.375,-0.1,remove_supply_chain_context
R00994,U1115,U1118,2023-04-20T05:40:48,2,1,1,0,0,0,0,0.9,0.32000000000000006,remove_supply_chain_context
R00995,U0032,U0034,2023-04-20T05:49:36,2,3,0,0,0,1,1,0.8,0.24,remove_supply_chain_context
R00996,U1221,U1223,2023-04-20T07:39:37,1,3,0,0,0,0,2,0.9,0.32000000000000006,remove_supply_chain_context
R00997,U0233,U0235,2023-04-20T16:22:57,3,1,0,0,0,0,0,0.44,-0.048,remove_supply_chain_context
R00998,U1230,U1231,2023-04-20T18:36:46,2,3,2,0,0,1,5,0.375,-0.1,remove_supply_chain_context
R00999,U0337,U0340,2023-04-20T21:43:42,1,0,0,0,0,0,4,0.9,0.32000000000000006,remove_supply_chain_context
R01000,U1334,U1336,2023-04-20T22:52:10,0,0,0,0,0,0,0,0.8,0.24,remove_supply_chain_context
R01001,U0976,U0979,2023-04-20T23:39:44,2,0,0,0,0,0,4,0.9,0.32000000000000006,remove_supply_chain_context
R01002,U0664,U1350,2023-04-21T00:22:54,2,2,0,0,0,0,2,0.375,-0.1,remove_supply_chain_context
R01003,U1246,U1247,2023-04-21T02:21:16,0,0,0,0,0,0,1,0.375,-0.1,remove_supply_chain_context
R01004,U0517,U1216,2023-04-21T02:54:29,0,1,0,0,0,0,5,0.325,-0.13999999999999999,remove_supply_chain_context
R01005,U0064,U0065,2023-04-21T04:32:08,0,0,0,0,0,0,4,0.8,0.24,remove_supply_chain_context
R01006,U0276,U0278,2023-04-21T04:51:29,0,3,0,0,0,0,0,0.375,-0.1,remove_supply_chain_context
R01007,U0036,U0039,2023-04-21T06:50:52,2,0,0,0,0,0,1,0.325,-0.13999999999999999,remove_supply_chain_context
R01008,U0418,U1127,2023-04-21T09:33:51,1,0,0,0,0,1,3,0.325,-0.13999999999999999,remove_supply_chain_context
R01009,U0668,U0671,2023-04-21T14:38:50,2,3,0,0,0,0,2,0.375,-0.1,remove_supply_chain_context
R01010,U0214,U0215,2023-04-21T14:43:00,2,1,0,0,0,0,5,0.325,-0.13999999999999999,remove_supply_chain_context
R01011,U0957,U0958,2023-04-21T19:38:47,4,1,1,0,0,0,4,0.9,0.32000000000000006,remove_supply_chain_context
R01012,U0286,U0287,2023-04-21T23:34:53,0,0,0,0,0,0,2,0.375,-0.1,remove_supply_chain_context
R01013,U0364,U1072,2023-04-22T07:47:05,1,1,0,0,0,0,0,0.8,0.24,remove_supply_chain_context
R01014,U1039,U1040,2023-04-22T08:43:00,1,2,0,0,0,0,5,0.325,-0.13999999999999999,remove_supply_chain_context
R01015,U0845,U0847,2023-04-22T09:04:26,2,1,0,0,0,0,1,0.375,-0.1,remove_supply_chain_context
R01016,U0098,U0101,2023-04-22T11:44:01,2,2,0,1,1,0,1,0.44,-0.048,remove_supply_chain_context
R01017,U0668,U0670,2023-04-22T11:53:53,3,3,1,0,0,0,2,0.375,-0.1,remove_supply_chain_context
R01018,U0594,U0596,2023-04-22T12:13:15,1,1,0,0,0,0,0,0.325,-0.13999999999999999,remove_supply_chain_context
R01019,U0437,U0438,2023-04-22T12:40:03,3,2,1,0,0,0,2,0.44,-0.048,remove_supply_chain_context
R01020,U1401,U1402,2023-04-22T17:37:22,2,1,0,0,0,0,3,0.9,0.32000000000000006,remove_supply_chain_context
R01021,U0803,U0805,2023-04-22T17:39:39,3,1,0,0,0,0,2,0.9,0.32000000000000006,remove_supply_chain_context
R01022,U0321,U1026,2023-04-22T20:32:51,1,2,0,0,0,0,1,0.325,-0.13999999999999999,remove_supply_chain_context
R01023,U0611,U1302,2023-04-22T23:25:32,1,2,0,0,0,0,4,0.8,0.24,remove_supply_chain_context
R01024,U0567,U0569,2023-04-23T00:42:46,2,1,0,0,0,0,1,0.44,-0.048,remove_supply_chain_context
R01025,U0396,U0399,2023-04-23T01:48:28,0,2,0,0,0,0,4,0.9,0.32000000000000006,remove_supply_chain_context
R01026,U1268,U1270,2023-04-23T08:21:24,0,1,0,0,1,0,5,0.325,-0.13999999999999999,remove_supply_chain_context
R01027,U0079,U0081,2023-04-23T15:44:01,0,1,0,0,0,0,1,0.375,-0.1,remove_supply_chain_context
R01028,U0997,U1000,2023-04-23T16:12:26,0,2,0,0,0,1,5,0.325,-0.13999999999999999,remove_supply_chain_context
R01029,U0207,U0920,2023-04-23T22:28:56,2,1,0,0,0,0,3,0.375,-0.1,remove_supply_chain_context
R01030,U0234,U0236,2023-04-24T00:09:09,2,1,0,0,0,0,1,0.9,0.32000000000000006,remove_supply_chain_context
R01031,U0600,U1293,2023-04-24T04:38:14,2,2,0,0,0,0,2,0.375,-0.1,remove_supply_chain_context
R01032,U0286,U0288,2023-04-24T04:41:21,1,1,0,0,0,0,4,0.375,-0.1,remove_supply_chain_context
R01033,U0841,U0842,2023-04-24T04:43:34,1,1,0,0,0,0,0,0.375,-0.1,remove_supply_chain_context
R01034,U0361,U1069,2023-04-24T18:34:10,2,1,0,0,0,0,3,0.375,-0.1,remove_supply_chain_context
R01035,U0177,U0887,2023-04-24T22:26:12,2,3,0,0,0,0,3,0.9,0.32000000000000006,remove_supply_chain_context
R01036,U0109,U0110,2023-04-25T02:52:38,2,2,1,0,1,0,1,0.375,-0.1,remove_supply_chain_context
R01037,U1164,U1165,2023-04-25T05:35:11,1,1,0,0,0,0,2,0.8,0.24,remove_supply_chain_context
R01038,U0519,U1218,2023-04-25T08:47:42,0,1,0,0,0,0,3,0.9,0.32000000000000006,remove_supply_chain_context
R01039,U0790,U0792,2023-04-25T10:00:57,2,2,0,0,0,0,2,0.8,0.24,remove_supply_chain_context
R01040,U0358,U0360,2023-04-25T11:25:43,1,1,0,0,0,0,2,0.375,-0.1,remove_supply_chain_context
R01041,U1188,U1190,2023-04-25T12:02:43,2,2,0,0,0,0,6,0.375,-0.1,remove_supply_chain_context
R01042,U0485,U0487,2023-04-25T16:32:16,1,1,0,0,0,0,3,0.375,-0.1,remove_supply_chain_context
R01043,U0264,U0972,2023-04-25T17:33:46,1,1,0,0,0,0,2,0.8,0.24,remove_supply_chain_context
R01044,U0554,U0559,2023-04-25T21:38:38,1,2,0,0,0,0,1,0.44,-0.048,remove_supply_chain_context
R01045,U1316,U1317,2023-04-26T01:46:23,2,1,0,0,0,0,1,0.375,-0.1,remove_supply_chain_context
R01046,U0042,U0753,2023-04-26T01:48:15,2,2,0,0,0,0,5,0.44,-0.048,remove_supply_chain_context
R01047,U0408,U1117,2023-04-26T01:53:07,0,3,0,0,0,0,0,0.375,-0.1,remove_supply_chain_context
R01048,U0857,U0859,2023-04-26T01:57:30,2,2,0,0,1,1,4,0.325,-0.13999999999999999,remove_supply_chain_context
R01049,U0586,U1280,2023-04-26T02:27:53,2,0,0,0,0,0,2,0.9,0.32000000000000006,remove_supply_chain_context
R01050,U0258,U0967,2023-04-26T03:48:34,1,1,0,0,0,1,1,0.8,0.24,remove_supply_chain_context
R01051,U0981,U0985,2023-04-26T06:20:24,0,2,0,0,0,0,2,0.375,-0.1,remove_supply_chain_context
R01052,U1238,U1240,2023-04-26T07:26:20,2,2,1,0,0,0,2,0.325,-0.13999999999999999,remove_supply_chain_context
R01053,U0554,U1254,2023-04-26T11:04:20,2,3,0,0,0,0,2,0.9,0.32000000000000006,remove_supply_chain_context
R01054,U0565,U0566,2023-04-26T11:14:31,3,1,0,0,0,0,6,0.375,-0.1,remove_supply_chain_context
R01055,U0810,U0812,2023-04-26T13:13:56,4,1,0,0,0,0,2,0.8,0.24,remove_supply_chain_context
R01056,U1339,U1340,2023-04-26T13:29:20,2,0,0,0,0,0,4,0.44,-0.048,remove_supply_chain_context
R01057,U0725,U0726,2023-04-26T14:44:14,1,1,0,0,0,0,5,0.8,0.24,remove_supply_chain_context
R01058,U1021,U1023,2023-04-26T14:55:15,0,1,0,0,0,0,1,0.375,-0.1,remove_supply_chain_context
R01059,U0634,U1321,2023-04-27T06:15:14,1,1,0,0,0,0,4,0.375,-0.1,remove_supply_chain_context
R01060,U1167,U1168,2023-04-27T11:28:20,2,3,0,0,0,0,3,0.9,0.32000000000000006,remove_supply_chain_context
R01061,U0600,U0604,2023-04-27T11:59:04,3,0,0,0,0,0,2,0.375,-0.1,remove_supply_chain_context
R01062,U0094,U0097,2023-04-27T13:46:49,2,2,0,0,0,0,0,0.325,-0.13999999999999999,remove_supply_chain_context
R01063,U0865,U0868,2023-04-27T14:10:18,2,1,0,0,0,0,1,0.44,-0.048,remove_supply_chain_context
R01064,U0883,U0887,2023-04-27T14:40:35,2,4,0,0,0,0,3,0.8,0.24,remove_supply_chain_context
R01065,U0865,U0869,2023-04-27T20:10:42,3,1,0,0,0,0,3,0.9,0.32000000000000006,remove_supply_chain_context
R01066,U1126,U1128,2023-04-27T21:05:09,2,1,0,0,0,0,3,0.375,-0.1,remove_supply_chain_context
R01067,U1227,U1230,2023-04-27T21:10:33,1,3,0,0,0,0,0,0.8,0.24,remove_supply_chain_context
R01068,U0471,U0473,2023-04-28T00:08:17,2,1,0,0,0,0,1,0.8,0.24,remove_supply_chain_context
R01069,U1398,U1399,2023-04-28T00:18:32,1,1,0,0,0,1,0,0.8,0.24,remove_supply_chain_context
R01070,U0505,U0507,2023-04-28T04:11:23,2,1,0,0,0,0,3,0.375,-0.1,remove_supply_chain_context
R01071,U0969,U0971,2023-04-28T07:17:12,0,2,0,0,0,0,6,0.9,0.32000000000000006,remove_supply_chain_context
R01072,U1369,U1371,2023-04-28T07:59:01,1,1,1,0,0,0,4,0.325,-0.13999999999999999,remove_supply_chain_context
R01073,U1249,U1250,2023-04-28T08:16:37,0,0,0,0,0,0,2,0.44,-0.048,remove_supply_chain_context
R01074,U0508,U0509,2023-04-28T10:38:44,2,0,0,0,0,0,3,0.375,-0.1,remove_supply_chain_context
R01075,U0113,U0828,2023-04-28T10:48:23,2,1,0,0,0,0,3,0.325,-0.13999999999999999,remove_supply_chain_context
R01076,U0955,U0956,2023-04-28T10:55:59,2,1,1,0,0,0,2,0.9,0.32000000000000006,remove_supply_chain_context
R01077,U1140,U1142,2023-04-28T11:02:50,3,1,0,0,0,0,2,0.325,-0.13999999999999999,remove_supply_chain_context
R01078,U0039,U0750,2023-04-28T13:32:58,1,1,0,0,0,0,4,0.375,-0.1,remove_supply_chain_context
R01079,U0531,U0532,2023-04-28T14:58:53,3,1,0,0,0,0,0,0.375,-0.1,remove_supply_chain_context
R01080,U0492,U0493,2023-05-01T08:20:11,0,1,0,0,0,0,0,0.375,-0.1,remove_supply_chain_context
R01081,U0273,U0981,2023-05-01T12:01:29,0,1,0,0,0,0,4,0.375,-0.1,remove_supply_chain_context
R01082,U0062,U0774,2023-05-01T13:23:20,0,1,0,0,0,0,3,0.375,-0.1,remove_supply_chain_context
R01083,U0091,U0092,2023-05-01T20:42:39,0,3,0,0,0,0,3,0.44,-0.048,remove_supply_chain_context
R01084,U0364,U0367,2023-05-01T20:56:19,2,1,0,0,0,0,0,0.375,-0.1,remove_supply_chain_context
R01085,U0653,U1339,2023-05-02T03:14:36,2,3,0,0,0,0,5,0.375,-0.1,remove_supply_chain_context
R01086,U0065,U0068,2023-05-02T07:50:48,1,2,0,0,0,0,0,0.44,-0.048,remove_supply_chain_context
R01087,U0422,U0423,2023-05-02T07:55:01,0,1,0,0,0,0,1,0.8,0.24,remove_supply_chain_context
R01088,U0469,U0470,2023-05-02T12:11:46,3,3,1,0,0,0,1,0.8,0.24,remove_supply_chain_context
R01089,U0397,U0401,2023-05-02T12:16:05,1,2,0,0,0,0,4,0.375,-0.1,remove_supply_chain_context
R01090,U0415,U0418,2023-05-02T18:46:52,3,2,0,0,0,0,4,0.9,0.32000000000000006,remove_supply_chain_context
R01091,U1379,U1381,2023-05-02T22:26:40,0,0,0,0,0,0,3,0.44,-0.048,remove_supply_chain_context
R01092,U1169,U1170,2023-05-03T00:37:22,2,2,2,0,0,1,4,0.9,0.32000000000000006,remove_supply_chain_context
R01093,U1305,U1306,2023-05-03T03:54:05,1,2,0,0,0,0,2,0.375,-0.1,remove_supply_chain_context
R01094,U0763,U0764,2023-05-03T07:39:04,1,1,0,0,0,0,5,0.9,0.32000000000000006,remove_supply_chain_context
R01095,U1399,U1402,2023-05-03T10:23:44,2,2,1,0,0,0,3,0.44,-0.048,remove_supply_chain_context
R01096,U0172,U0175,2023-05-03T11:06:14,1,2,0,0,0,0,1,0.375,-0.1,remove_supply_chain_context
R01097,U0367,U0369,2023-05-03T11:21:38,2,1,0,0,0,0,4,0.375,-0.1,remove_supply_chain_context
R01098,U0589,U1283,2023-05-03T11:48:49,1,1,0,0,0,0,3,0.8,0.24,remove_supply_chain_context
R01099,U1094,U1096,2023-05-03T18:00:47,2,0,0,0,0,0,2,0.375,-0.1,remove_supply_chain_context
R01100,U0285,U0286,2023-05-03T23:32:35,0,2,0,0,0,1,1,0.325,-0.13999999999999999,remove_supply_chain_context
R01101,U0527,U0530,2023-05-04T00:14:06,0,2,0,0,0,0,1,0.8,0.24,remove_supply_chain_context
R01102,U0517,U0518,2023-05-04T02:16:23,1,1,0,0,0,0,0,0.375,-0.1,remove_supply_chain_context
R01103,U0225,U0229,2023-05-04T14:12:12,2,0,0,0,0,0,3,0.375,-0.1,remove_supply_chain_context
R01104,U0142,U0143,2023-05-04T18:00:26,2,2,1,0,0,0,1,0.44,-0.048,remove_supply_chain_context
R01105,U0604,U0606,2023-05-04T19:31:31,1,1,0,0,0,0,1,0.375,-0.1,remove_supply_chain_context
R01106,U0415,U0417,2023-05-04T19:48:46,4,1,1,0,0,0,6,0.9,0.32000000000000006,remove_supply_chain_context
R01107,U0046,U0047,2023-05-04T20:24:43,1,1,0,0,0,1,2,0.375,-0.1,remove_supply_chain_context
R01108,U0599,U1292,2023-05-04T21:16:21,1,0,0,0,0,0,6,0.375,-0.1,remove_supply_chain_context
R01109,U0163,U0166,2023-05-05T06:02:12,2,0,0,0,0,0,1,0.325,-0.13999999999999999,remove_supply_chain_context
R01110,U0271,U0979,2023-05-05T06:43:30,0,1,0,0,0,0,1,0.325,-0.13999999999999999,remove_supply_chain_context
R01111,U0859,U0862,2023-05-05T07:33:37,3,2,1,0,0,0,6,0.375,-0.1,remove_supply_chain_context
R01112,U0652,U1338,2023-05-05T07:47:35,1,1,0,0,0,0,2,0.375,-0.1,remove_supply_chain_context
R01113,U0333,U0334,2023-05-05T12:08:45,1,1,1,0,0,0,1,0.9,0.32000000000000006,remove_supply_chain_context
R01114,U0774,U0778,2023-05-05T23:00:10,2,1,0,0,0,0,1,0.8,0.24,remove_supply_chain_context
R01115,U1235,U1237,2023-05-05T23:27:49,1,2,0,0,0,0,3,0.325,-0.13999999999999999,remove_supply_chain_context
R01116,U0383,U0385,2023-05-06T01:00:22,1,0,0,0,0,0,4,0.375,-0.1,remove_supply_chain_context
R01117,U0242,U0244,2023-05-06T03:04:18,2,0,0,0,0,0,1,0.375,-0.1,remove_supply_chain_context
R01118,U0712,U0714,2023-05-06T05:30:12,2,1,0,0,0,0,1,0.375,-0.1,remove_supply_chain_context
R01119,U0108,U0823,2023-05-06T07:49:41,3,2,0,0,0,0,1,0.375,-0.1,remove_supply_chain_context
R01120,U0157,U0161,2023-05-06T08:29:37,1,3,1,0,0,0,1,0.325,-0.13999999999999999,remove_supply_chain_context
R01121,U1098,U1100,2023-05-06T10:11:31,1,1,0,0,0,1,4,0.375,-0.1,remove_supply_chain_context
R01122,U0329,U0331,2023-05-06T12:59:17,2,1,0,0,0,0,0,0.325,-0.13999999999999999,remove_supply_chain_context
R01123,U0821,U0823,2023-05-06T14:56:24,0,3,0,0,0,0,3,0.375,-0.1,remove_supply_chain_context
R01124,U0180,U0181,2023-05-06T15:36:32,3,1,0,0,0,0,0,0.8,0.24,remove_supply_chain_context
R01125,U0507,U0509,2023-05-06T16:39:54,2,1,0,0,0,0,1,0.375,-0.1,remove_supply_chain_context
R01126,U0888,U0890,2023-05-06T17:54:00,1,2,1,0,0,0,2,0.325,-0.13999999999999999,remove_supply_chain_context
R01127,U0360,U0362,2023-05-06T18:05:06,2,0,0,0,0,0,2,0.325,-0.13999999999999999,remove_supply_chain_context
R01128,U0376,U1084,2023-05-06T19:03:00,2,1,0,0,0,0,5,0.8,0.24,remove_supply_chain_context
R01129,U0949,U0951,2023-05-06T23:26:36,2,2,0,0,0,0,0,0.375,-0.1,remove_supply_chain_context
R01130,U0393,U1101,2023-05-06T23:35:02,0,1,0,0,0,0,0,0.9,0.32000000000000006,remove_supply_chain_context
R01131,U1028,U1031,2023-05-07T00:39:17,1,1,0,0,0,0,2,0.375,-0.1,remove_supply_chain_context
R01132,U1163,U1164,2023-05-07T04:40:59,1,2,0,0,1,0,2,0.9,0.32000000000000006,remove_supply_chain_context
R01133,U0190,U0191,2023-05-07T06:39:03,1,1,0,0,0,0,0,0.9,0.32000000000000006,remove_supply_chain_context
R01134,U1143,U1146,2023-05-07T12:14:25,0,1,0,0,0,0,5,0.325,-0.13999999999999999,remove_supply_chain_context
R01135,U0982,U0986,2023-05-07T18:43:19,1,0,0,0,0,0,1,0.325,-0.13999999999999999,remove_supply_chain_context
R01136,U0315,U0317,2023-05-07T19:32:56,2,3,0,0,0,0,5,0.9,0.32000000000000006,remove_supply_chain_context
R01137,U1059,U1061,2023-05-07T21:04:51,1,3,0,0,0,0,4,0.375,-0.1,remove_supply_chain_context
R01138,U0779,U0781,2023-05-07T21:06:23,2,1,1,0,0,0,2,0.325,-0.13999999999999999,remove_supply_chain_context
R01139,U0447,U0452,2023-05-07T21:28:53,0,0,0,0,0,0,6,0.375,-0.1,remove_supply_chain_context
R01140,U1074,U1076,2023-05-07T23:05:16,1,1,0,0,0,0,1,0.8,0.24,remove_supply_chain_context
R01141,U0898,U0899,2023-05-08T04:41:54,0,1,0,0,0,0,3,0.44,-0.048,remove_supply_chain_context
R01142,U0684,U0686,2023-05-08T09:28:40,2,0,0,0,0,0,3,0.9,0.32000000000000006,remove_supply_chain_context
R01143,U1020,U1022,2023-05-08T10:03:57,2,2,0,0,0,0,3,0.325,-0.13999999999999999,remove_supply_chain_context
R01144,U0351,U0354,2023-05-08T13:18:31,1,1,0,0,0,0,4,0.44,-0.048,remove_supply_chain_context
R01145,U1245,U1247,2023-05-08T13:28:23,1,1,0,0,0,0,0,0.375,-0.1,remove_supply_chain_context
R01146,U0362,U0363,2023-05-08T14:04:25,1,1,0,0,0,0,0,0.325,-0.13999999999999999,remove_supply_chain_context
R01147,U0011,U0013,2023-05-08T14:41:16,2,1,0,0,0,0,1,0.375,-0.1,remove_supply_chain_context
R01148,U0192,U0194,2023-05-08T15:31:25,0,1,0,0,0,0,2,0.325,-0.13999999999999999,remove_supply_chain_context
R01149,U0702,U0703,2023-05-08T20:52:34,2,1,0,0,1,0,3,0.44,-0.048,remove_supply_chain_context
R01150,U0401,U0404,2023-05-08T22:48:05,3,0,0,0,0,0,3,0.325,-0.13999999999999999,remove_supply_chain_context
R01151,U0546,U0549,2023-05-08T23:30:21,0,1,0,0,0,0,5,0.325,-0.13999999999999999,remove_supply_chain_context
R01152,U0505,U1205,2023-05-08T23:50:12,3,0,0,0,0,0,2,0.375,-0.1,remove_supply_chain_context
R01153,U0465,U1169,2023-05-09T04:06:35,3,3,0,0,0,0,0,0.44,-0.048,remove_supply_chain_context
R01154,U0434,U0438,2023-05-09T04:10:05,3,3,1,0,0,0,3,0.325,-0.13999999999999999,remove_supply_chain_context
R01155,U0363,U0366,2023-05-09T04:24:00,2,0,0,0,0,0,3,0.8,0.24,remove_supply_chain_context
R01156,U0552,U0554,2023-05-09T04:30:34,1,3,0,0,0,1,1,0.375,-0.1,remove_supply_chain_context
R01157,U0467,U1170,2023-05-09T05:52:09,2,3,0,0,0,0,1,0.9,0.32000000000000006,remove_supply_chain_context
R01158,U1143,U1145,2023-05-09T06:35:32,1,1,0,0,0,0,4,0.375,-0.1,remove_supply_chain_context
R01159,U1390,U1393,2023-05-09T08:23:16,2,1,0,0,0,0,1,0.375,-0.1,remove_supply_chain_context
R01160,U1134,U1136,2023-05-09T09:33:25,1,1,0,0,0,0,3,0.9,0.32000000000000006,remove_supply_chain_context
R01161,U1271,U1272,2023-05-09T10:09:01,2,2,1,0,0,0,1,0.9,0.32000000000000006,remove_supply_chain_context
R01162,U0592,U0593,2023-05-09T10:36:15,0,3,0,0,0,0,2,0.44,-0.048,remove_supply_chain_context
R01163,U0463,U1167,2023-05-09T12:38:04,1,3,0,0,0,0,2,0.375,-0.1,remove_supply_chain_context
R01164,U0781,U0782,2023-05-09T19:55:52,2,2,0,0,0,0,1,0.9,0.32000000000000006,remove_supply_chain_context
R01165,U1341,U1343,2023-05-09T20:12:02,3,1,0,0,0,1,1,0.375,-0.1,remove_supply_chain_context
R01166,U0355,U1061,2023-05-09T21:45:23,0,4,0,0,0,0,2,0.375,-0.1,remove_supply_chain_context
R01167,U0333,U1039,2023-05-09T22:50:50,2,2,0,0,0,1,0,0.375,-0.1,remove_supply_chain_context
R01168,U0272,U0980,2023-05-10T00:38:01,0,0,0,0,0,0,0,0.375,-0.1,remove_supply_chain_context
R01169,U0072,U0074,2023-05-10T02:23:28,2,1,0,0,0,0,5,0.44,-0.048,remove_supply_chain_context
R01170,U0439,U0442,2023-05-10T02:30:03,2,1,1,0,0,0,3,0.325,-0.13999999999999999,remove_supply_chain_context
R01171,U0032,U0035,2023-05-10T03:03:18,3,1,0,0,0,0,1,0.325,-0.13999999999999999,remove_supply_chain_context
R01172,U0208,U0921,2023-05-10T07:51:14,3,1,0,0,0,0,3,0.9,0.32000000000000006,remove_supply_chain_context
R01173,U0238,U0239,2023-05-10T09:01:00,1,3,0,0,0,0,2,0.375,-0.1,remove_supply_chain_context
R01174,U0894,U0898,2023-05-10T09:31:31,1,1,0,0,0,0,1,0.44,-0.048,remove_supply_chain_context
R01175,U0526,U1226,2023-05-10T10:03:13,0,1,0,0,0,0,1,0.325,-0.13999999999999999,remove_supply_chain_context
R01176,U0113,U0115,2023-05-10T10:45:21,3,1,0,0,0,0,1,0.375,-0.1,remove_supply_chain_context
R01177,U1162,U1164,2023-05-10T13:54:09,1,3,0,0,0,0,1,0.8,0.24,remove_supply_chain_context
R01178,U0947,U0948,2023-05-10T14:22:58,2,2,1,0,0,0,0,0.8,0.24,remove_supply_chain_context
R01179,U0799,U0801,2023-05-10T17:31:38,0,1,0,0,0,0,5,0.375,-0.1,remove_supply_chain_context
R01180,U1338,U1340,2023-05-11T01:56:02,2,1,1,0,0,0,0,0.325,-0.13999999999999999,remove_supply_chain_context
R01181,U0237,U0238,2023-05-11T03:44:13,2,2,1,0,0,0,2,0.325,-0.13999999999999999,remove_supply_chain_context
R01182,U0592,U0594,2023-05-11T07:48:02,1,2,0,0,0,0,5,0.9,0.32000000000000006,remove_supply_chain_context
R01183,U0344,U0345,2023-05-11T13:32:44,2,2,1,0,0,0,5,0.44,-0.048,remove_supply_chain_context
R01184,U0108,U0110,2023-05-11T18:04:22,4,3,1,0,0,0,0,0.375,-0.1,remove_supply_chain_context
R01185,U0021,U0733,2023-05-12T00:43:04,2,1,0,0,0,0,2,0.8,0.24,remove_supply_chain_context
R01186,U1336,U1337,2023-05-12T01:59:11,1,1,0,0,0,0,2,0.375,-0.1,remove_supply_chain_context
R01187,U0335,U0336,2023-05-12T02:33:20,3,1,0,0,0,0,1,0.8,0.24,remove_supply_chain_context
R01188,U1253,U1254,2023-05-12T02:54:52,0,4,0,0,0,0,1,0.9,0.32000000000000006,remove_supply_chain_context
R01189,U0726,U0727,2023-05-12T04:51:31,2,0,0,0,0,0,3,0.325,-0.13999999999999999,remove_supply_chain_context
R01190,U1382,U1384,2023-05-12T07:55:12,1,1,0,0,0,0,2,0.325,-0.13999999999999999,remove_supply_chain_context
R01191,U1124,U1125,2023-05-12T08:39:37,2,3,1,0,0,0,1,0.44,-0.048,remove_supply_chain_context
R01192,U0750,U0752,2023-05-12T12:58:35,2,1,0,0,1,0,2,0.9,0.32000000000000006,remove_supply_chain_context
R01193,U0212,U0925,2023-05-12T16:42:15,3,2,0,0,0,0,1,0.375,-0.1,remove_supply_chain_context
R01194,U0451,U0453,2023-05-12T18:30:00,0,0,0,0,0,0,3,0.9,0.32000000000000006,remove_supply_chain_context
R01195,U0018,U0021,2023-05-12T20:32:38,1,3,1,0,0,1,1,0.9,0.32000000000000006,remove_supply_chain_context
R01196,U1297,U1299,2023-05-12T21:36:57,2,3,0,0,0,0,0,0.9,0.32000000000000006,remove_supply_chain_context
R01197,U0624,U0625,2023-05-12T22:26:44,1,1,0,0,0,0,1,0.44,-0.048,remove_supply_chain_context
R01198,U0028,U0743,2023-05-12T23:56:05,1,0,0,0,0,0,1,0.44,-0.048,remove_supply_chain_context
R01199,U0167,U0876,2023-05-13T00:55:18,1,1,0,0,0,0,1,0.8,0.24,remove_supply_chain_context
R01200,U0193,U0905,2023-05-13T02:38:00,1,4,0,0,0,0,5,0.325,-0.13999999999999999,remove_supply_chain_context
R01201,U0942,U0943,2023-05-13T03:42:24,1,2,0,0,0,0,1,0.8,0.24,remove_supply_chain_context
R01202,U0204,U0918,2023-05-13T04:20:39,3,1,0,0,0,0,5,0.375,-0.1,remove_supply_chain_context
R01203,U0571,U1268,2023-05-13T05:50:09,2,1,0,0,0,0,3,0.375,-0.1,remove_supply_chain_context
R01204,U1072,U1074,2023-05-13T09:02:55,2,2,0,0,0,0,0,0.44,-0.048,remove_supply_chain_context
R01205,U1052,U1054,2023-05-13T09:47:53,0,2,0,0,0,0,2,0.9,0.32000000000000006,remove_supply_chain_context
R01206,U0650,U0651,2023-05-13T09:51:04,0,2,0,0,0,0,4,0.9,0.32000000000000006,remove_supply_chain_context
R01207,U0565,U1261,2023-05-13T18:01:33,4,2,0,0,0,0,6,0.8,0.24,remove_supply_chain_context
R01208,U0498,U0499,2023-05-13T23:36:45,2,3,0,0,0,0,4,0.8,0.24,remove_supply_chain_context
R01209,U0456,U0458,2023-05-14T04:00:04,1,2,0,0,0,0,1,0.9,0.32000000000000006,remove_supply_chain_context
R01210,U0939,U0941,2023-05-14T04:24:36,2,2,0,0,0,0,3,0.375,-0.1,remove_supply_chain_context
R01211,U0013,U0015,2023-05-14T04:38:42,2,0,0,0,0,0,3,0.325,-0.13999999999999999,remove_supply_chain_context
R01212,U1121,U1123,2023-05-14T05:48:45,2,1,0,0,0,0,3,0.8,0.24,remove_supply_chain_context
R01213,U0177,U0178,2023-05-14T09:42:23,3,1,0,0,0,0,2,0.9,0.32000000000000006,remove_supply_chain_context
R01214,U0974,U0976,2023-05-14T13:10:49,3,3,0,0,0,0,6,0.8,0.24,remove_supply_chain_context
R01215,U0701,U0703,2023-05-14T17:27:56,2,2,1,0,0,0,1,0.9,0.32000000000000006,remove_supply_chain_context
R01216,U1334,U1335,2023-05-14T23:27:54,1,1,0,0,0,0,1,0.375,-0.1,remove_supply_chain_context
R01217,U0509,U0510,2023-05-15T02:28:39,2,0,0,0,0,0,2,0.44,-0.048,remove_supply_chain_context
R01218,U0207,U0209,2023-05-15T04:27:10,3,3,0,0,0,0,1,0.9,0.32000000000000006,remove_supply_chain_context
R01219,U0932,U0934,2023-05-15T12:43:26,3,1,0,0,0,0,1,0.8,0.24,remove_supply_chain_context
R01220,U0624,U0626,2023-05-15T13:11:13,2,0,0,0,0,0,2,0.9,0.32000000000000006,remove_supply_chain_context
R01221,U0411,U0412,2023-05-15T14:18:18,1,2,0,0,0,0,2,0.8,0.24,remove_supply_chain_context
R01222,U0591,U1284,2023-05-15T14:38:14,1,3,0,0,0,0,2,0.9,0.32000000000000006,remove_supply_chain_context
R01223,U0144,U0145,2023-05-15T17:21:30,2,2,0,0,0,0,1,0.9,0.32000000000000006,remove_supply_chain_context
R01224,U1118,U1120,2023-05-15T21:42:13,2,1,0,0,0,0,1,0.8,0.24,remove_supply_chain_context
R01225,U0475,U0477,2023-05-16T01:17:17,1,2,0,0,0,0,4,0.44,-0.048,remove_supply_chain_context
R01226,U0229,U0230,2023-05-16T02:23:45,1,2,0,0,0,1,1,0.8,0.24,remove_supply_chain_context
R01227,U0517,U0519,2023-05-16T15:43:26,2,1,0,0,0,0,2,0.375,-0.1,remove_supply_chain_context
R01228,U0370,U0372,2023-05-16T16:48:03,1,1,0,0,0,1,0,0.44,-0.048,remove_supply_chain_context
R01229,U0785,U0787,2023-05-16T19:38:17,2,1,1,0,0,0,1,0.375,-0.1,remove_supply_chain_context
R01230,U1135,U1136,2023-05-16T23:41:24,1,2,0,0,0,0,0,0.325,-0.13999999999999999,remove_supply_chain_context
R01231,U0593,U0594,2023-05-17T00:54:21,4,3,2,0,0,0,3,0.9,0.32000000000000006,remove_supply_chain_context
R01232,U0375,U0380,2023-05-17T09:42:11,1,1,0,0,0,0,3,0.8,0.24,remove_supply_chain_context
R01233,U0447,U1152,2023-05-17T14:38:37,1,0,0,0,0,0,1,0.9,0.32000000000000006,remove_supply_chain_context
R01234,U0146,U0857,2023-05-17T18:21:29,1,3,0,0,0,0,0,0.375,-0.1,remove_supply_chain_context
R01235,U0828,U0829,2023-05-17T22:28:49,2,1,0,0,1,0,1,0.375,-0.1,remove_supply_chain_context
R01236,U1137,U1139,2023-05-17T23:37:11,0,1,0,0,0,0,0,0.44,-0.048,remove_supply_chain_context
R01237,U0633,U0635,2023-05-18T04:22:43,1,3,0,0,0,0,5,0.9,0.32000000000000006,remove_supply_chain_context
R01238,U0119,U0123,2023-05-18T06:16:33,4,1,1,0,0,0,1,0.9,0.32000000000000006,remove_supply_chain_context
R01239,U0871,U0872,2023-05-18T06:59:03,2,1,0,0,0,0,2,0.325,-0.13999999999999999,remove_supply_chain_context
R01240,U0430,U1139,2023-05-18T07:34:18,2,2,0,0,0,0,1,0.9,0.32000000000000006,remove_supply_chain_context
R01241,U1382,U1383,2023-05-18T15:11:06,2,0,0,0,0,0,1,0.8,0.24,remove_supply_chain_context
R01242,U0007,U0008,2023-05-18T16:24:32,1,2,1,0,1,0,1,0.44,-0.048,remove_supply_chain_context
R01243,U0135,U0136,2023-05-18T19:11:52,1,0,0,0,0,0,1,0.375,-0.1,remove_supply_chain_context
R01244,U0460,U0461,2023-05-18T21:51:07,3,1,0,0,0,0,3,0.375,-0.1,remove_supply_chain_context
R01245,U0267,U0269,2023-05-19T01:58:53,2,1,1,0,0,0,2,0.44,-0.048,remove_supply_chain_context
R01246,U0699,U1387,2023-05-19T05:47:08,2,1,0,0,0,0,3,0.44,-0.048,remove_supply_chain_context
R01247,U0116,U0118,2023-05-19T05:57:25,3,2,0,0,0,0,0,0.44,-0.048,remove_supply_chain_context
R01248,U0053,U0766,2023-05-19T06:08:24,3,1,0,0,0,0,0,0.325,-0.13999999999999999,remove_supply_chain_context
R01249,U0659,U0661,2023-05-19T13:09:15,0,1,0,0,0,0,2,0.8,0.24,remove_supply_chain_context
R01250,U0142,U0144,2023-05-19T13:34:53,3,3,0,0,0,0,3,0.375,-0.1,remove_supply_chain_context
R01251,U1235,U1236,2023-05-19T15:51:33,2,0,0,0,0,0,0,0.9,0.32000000000000006,remove_supply_chain_context
R01252,U0732,U0733,2023-05-19T18:31:43,0,2,0,0,1,0,3,0.375,-0.1,remove_supply_chain_context
R01253,U0238,U0240,2023-05-19T21:54:16,3,4,1,0,0,0,0,0.375,-0.1,remove_supply_chain_context
R01254,U0392,U0393,2023-05-19T23:37:31,1,1,0,0,0,0,6,0.9,0.32000000000000006,remove_supply_chain_context
R01255,U0481,U0482,2023-05-20T01:15:40,3,1,0,0,0,0,2,0.375,-0.1,remove_supply_chain_context
R01256,U0452,U0453,2023-05-20T03:17:53,1,1,0,0,0,0,1,0.325,-0.13999999999999999,remove_supply_chain_context
R01257,U0575,U0576,2023-05-20T03:18:33,0,2,0,0,0,0,2,0.8,0.24,remove_supply_chain_context
R01258,U0568,U0569,2023-05-20T04:32:27,1,2,0,0,0,0,5,0.325,-0.13999999999999999,remove_supply_chain_context
R01259,U0112,U0114,2023-05-20T04:40:47,2,1,0,0,0,0,1,0.375,-0.1,remove_supply_chain_context
R01260,U0427,U0428,2023-05-20T05:51:36,2,1,0,0,0,0,2,0.375,-0.1,remove_supply_chain_context
R01261,U0245,U0247,2023-05-20T09:17:14,1,2,1,0,0,0,6,0.44,-0.048,remove_supply_chain_context
R01262,U0727,U0728,2023-05-20T10:01:52,1,3,1,0,0,0,1,0.375,-0.1,remove_supply_chain_context
R01263,U0385,U0387,2023-05-20T10:51:37,1,1,0,0,0,0,4,0.375,-0.1,remove_supply_chain_context
R01264,U0104,U0105,2023-05-20T11:06:31,1,1,0,0,0,0,2,0.9,0.32000000000000006,remove_supply_chain_context
R01265,U0236,U0948,2023-05-20T12:28:17,2,3,0,0,0,0,1,0.9,0.32000000000000006,remove_supply_chain_context
R01266,U0321,U0322,2023-05-20T15:29:35,2,1,0,0,0,0,4,0.44,-0.048,remove_supply_chain_context
R01267,U0846,U0848,2023-05-20T20:47:33,0,1,0,0,0,0,6,0.375,-0.1,remove_supply_chain_context
R01268,U1047,U1048,2023-05-21T00:08:20,2,1,1,0,0,0,5,0.9,0.32000000000000006,remove_supply_chain_context
R01269,U0692,U1376,2023-05-21T00:10:32,2,0,0,0,0,0,3,0.9,0.32000000000000006,remove_supply_chain_context
R01270,U0695,U0697,2023-05-21T00:58:27,2,1,0,0,0,0,1,0.325,-0.13999999999999999,remove_supply_chain_context
R01271,U0706,U0707,2023-05-21T08:28:17,2,1,0,0,0,0,5,0.9,0.32000000000000006,remove_supply_chain_context
R01272,U0286,U0993,2023-05-21T10:50:35,3,2,0,0,1,0,1,0.9,0.32000000000000006,remove_supply_chain_context
R01273,U0989,U0991,2023-05-21T11:44:27,2,0,0,0,0,1,3,0.375,-0.1,remove_supply_chain_context
R01274,U0004,U0007,2023-05-21T11:59:18,2,2,0,0,0,0,1,0.9,0.32000000000000006,remove_supply_chain_context
R01275,U0322,U0323,2023-05-21T12:00:16,2,1,1,0,0,0,6,0.44,-0.048,remove_supply_chain_context
R01276,U0890,U0892,2023-05-21T13:29:06,3,0,0,0,0,0,2,0.325,-0.13999999999999999,remove_supply_chain_context
R01277,U0276,U0986,2023-05-21T16:15:04,1,1,0,0,0,0,4,0.9,0.32000000000000006,remove_supply_chain_context
R01278,U0882,U0886,2023-05-21T18:55:03,1,2,0,0,0,0,4,0.9,0.32000000000000006,remove_supply_chain_context
R01279,U1084,U1085,2023-05-21T20:46:04,2,2,1,0,0,1,1,0.9,0.32000000000000006,remove_supply_chain_context
R01280,U0474,U0476,2023-05-21T23:03:58,2,1,0,0,0,0,0,0.44,-0.048,remove_supply_chain_context
R01281,U0001,U0003,2023-05-22T04:22:52,2,1,0,0,0,0,0,0.44,-0.048,remove_supply_chain_context
R01282,U0820,U0821,2023-05-22T11:36:49,0,1,0,0,0,0,1,0.375,-0.1,remove_supply_chain_context
R01283,U0295,U0299,2023-05-22T11:48:27,1,4,0,0,0,0,5,0.325,-0.13999999999999999,remove_supply_chain_context
R01284,U0016,U0729,2023-05-22T13:37:21,1,2,0,0,0,1,3,0.8,0.24,remove_supply_chain_context
R01285,U0493,U1197,2023-05-22T15:18:14,2,0,0,1,1,0,4,0.375,-0.1,remove_supply_chain_context
R01286,U0696,U1383,2023-05-22T19:13:38,2,1,0,0,0,0,2,0.375,-0.1,remove_supply_chain_context
R01287,U0074,U0787,2023-05-22T19:23:37,2,2,0,0,0,0,1,0.44,-0.048,remove_supply_chain_context
R01288,U0482,U1187,2023-05-23T02:30:43,2,2,0,0,1,0,3,0.9,0.32000000000000006,remove_supply_chain_context
R01289,U0515,U0516,2023-05-23T03:11:45,2,2,1,0,0,0,5,0.375,-0.1,remove_supply_chain_context
R01290,U1146,U1147,2023-05-23T03:37:58,2,0,0,0,0,0,4,0.44,-0.048,remove_supply_chain_context
R01291,U1389,U1390,2023-05-23T04:44:43,1,3,1,0,0,0,1,0.325,-0.13999999999999999,remove_supply_chain_context
R01292,U0646,U0648,2023-05-23T08:00:11,2,1,1,0,0,0,4,0.44,-0.048,remove_supply_chain_context
R01293,U0844,U0846,2023-05-23T10:42:28,1,1,0,0,0,0,3,0.325,-0.13999999999999999,remove_supply_chain_context
R01294,U0661,U0662,2023-05-23T13:16:42,2,3,1,0,0,1,1,0.9,0.32000000000000006,remove_supply_chain_context
R01295,U0003,U0006,2023-05-23T13:28:37,2,2,1,0,0,0,1,0.8,0.24,remove_supply_chain_context
R01296,U0515,U1214,2023-05-23T19:09:57,3,2,0,0,0,0,0,0.8,0.24,remove_supply_chain_context
R01297,U0928,U0929,2023-05-23T20:02:24,3,2,1,0,0,0,2,0.44,-0.048,remove_supply_chain_context
R01298,U0674,U1359,2023-05-23T20:38:33,2,1,0,0,0,0,3,0.375,-0.1,remove_supply_chain_context
R01299,U0302,U1010,2023-05-23T20:49:53,1,1,0,0,0,0,1,0.325,-0.13999999999999999,remove_supply_chain_context
R01300,U0613,U0616,2023-05-23T22:21:34,2,3,0,0,0,0,5,0.325,-0.13999999999999999,remove_supply_chain_context
R01301,U0488,U0491,2023-05-24T00:17:41,1,0,0,0,0,0,3,0.9,0.32000000000000006,remove_supply_chain_context
R01302,U0607,U0608,2023-05-24T05:31:39,3,0,0,0,0,0,6,0.375,-0.1,remove_supply_chain_context
R01303,U0580,U1275,2023-05-24T11:11:17,2,1,0,0,0,0,2,0.8,0.24,remove_supply_chain_context
R01304,U0876,U0877,2023-05-24T13:59:47,2,3,1,0,0,0,3,0.9,0.32000000000000006,remove_supply_chain_context
R01305,U1162,U1163,2023-05-24T15:55:26,2,2,1,0,0,0,3,0.325,-0.13999999999999999,remove_supply_chain_context
R01306,U0433,U0437,2023-05-25T01:48:06,4,4,1,0,0,0,2,0.8,0.24,remove_supply_chain_context
R01307,U0531,U0533,2023-05-25T03:14:27,4,2,0,0,0,0,2,0.9,0.32000000000000006,remove_supply_chain_context
R01308,U0357,U1064,2023-05-25T05:23:45,3,1,0,0,0,0,1,0.9,0.32000000000000006,remove_supply_chain_context
R01309,U1044,U1045,2023-05-25T05:35:56,3,3,1,0,0,0,1,0.375,-0.1,remove_supply_chain_context
R01310,U0124,U0125,2023-05-25T11:03:28,2,1,0,0,0,1,0,0.44,-0.048,remove_supply_chain_context
R01311,U0151,U0862,2023-05-25T12:01:28,1,3,0,0,0,0,0,0.375,-0.1,remove_supply_chain_context
R01312,U0192,U0193,2023-05-25T14:41:12,1,2,0,0,0,0,3,0.44,-0.048,remove_supply_chain_context
R01313,U0427,U0429,2023-05-25T18:10:57,3,2,0,0,0,0,4,0.8,0.24,remove_supply_chain_context
R01314,U0331,U0333,2023-05-25T18:23:50,2,3,0,0,0,0,1,0.44,-0.048,remove_supply_chain_context
R01315,U0888,U0891,2023-05-25T22:59:04,2,1,0,0,0,0,2,0.9,0.32000000000000006,remove_supply_chain_context
R01316,U0813,U0814,2023-05-26T00:58:25,0,3,0,0,0,0,0,0.9,0.32000000000000006,remove_supply_chain_context
R01317,U0279,U0284,2023-05-26T02:40:26,1,0,0,0,0,0,2,0.8,0.24,remove_supply_chain_context
R01318,U1050,U1051,2023-05-26T02:55:02,0,3,0,0,0,0,3,0.325,-0.13999999999999999,remove_supply_chain_context
R01319,U0185,U0897,2023-05-26T07:13:45,1,1,0,0,0,0,1,0.44,-0.048,remove_supply_chain_context
R01320,U0403,U0404,2023-05-26T07:41:05,2,1,1,0,0,0,1,0.375,-0.1,remove_supply_chain_context
R01321,U1184,U1185,2023-05-26T09:02:28,2,1,0,0,0,0,2,0.9,0.32000000000000006,remove_supply_chain_context
R01322,U0329,U0330,2023-05-26T09:14:47,3,1,1,0,0,0,1,0.325,-0.13999999999999999,remove_supply_chain_context
R01323,U0155,U0868,2023-05-26T10:43:29,2,2,0,0,0,0,3,0.44,-0.048,remove_supply_chain_context
R01324,U0209,U0210,2023-05-26T11:07:58,4,3,2,0,0,0,4,0.9,0.32000000000000006,remove_supply_chain_context
R01325,U0099,U0102,2023-05-26T12:11:31,1,1,0,0,0,1,6,0.9,0.32000000000000006,remove_supply_chain_context
R01326,U0417,U0419,2023-05-26T12:43:36,2,2,0,0,0,0,6,0.8,0.24,remove_supply_chain_context
R01327,U1223,U1226,2023-05-26T14:52:18,4,2,1,0,0,0,2,0.375,-0.1,remove_supply_chain_context
R01328,U0870,U0872,2023-05-26T16:33:50,1,2,0,0,0,0,2,0.9,0.32000000000000006,remove_supply_chain_context
R01329,U0434,U1143,2023-05-26T17:03:24,4,2,0,0,0,0,3,0.44,-0.048,remove_supply_chain_context
R01330,U1084,U1086,2023-05-26T17:09:24,3,0,0,0,0,0,3,0.325,-0.13999999999999999,remove_supply_chain_context
R01331,U1243,U1244,2023-05-26T17:29:06,2,1,0,0,0,0,1,0.375,-0.1,remove_supply_chain_context
R01332,U0610,U1301,2023-05-26T18:26:59,3,1,0,0,0,1,1,0.44,-0.048,remove_supply_chain_context
R01333,U1167,U1169,2023-05-26T18:42:39,4,4,1,0,0,0,3,0.8,0.24,remove_supply_chain_context
R01334,U0215,U0218,2023-05-27T00:03:46,2,1,0,0,0,0,1,0.375,-0.1,remove_supply_chain_context
R01335,U0951,U0953,2023-05-27T01:48:10,3,2,0,0,0,1,4,0.8,0.24,remove_supply_chain_context
R01336,U0262,U0263,2023-05-27T02:12:59,1,2,0,0,0,0,5,0.9,0.32000000000000006,remove_supply_chain_context
R01337,U0737,U0741,2023-05-27T03:53:32,1,2,0,0,0,0,5,0.44,-0.048,remove_supply_chain_context
R01338,U0272,U0273,2023-05-27T04:30:04,1,1,0,0,0,0,0,0.325,-0.13999999999999999,remove_supply_chain_context
R01339,U0510,U0511,2023-05-27T08:16:52,1,2,0,0,0,0,2,0.375,-0.1,remove_supply_chain_context
R01340,U0135,U0846,2023-05-27T10:28:15,2,2,0,0,0,0,2,0.44,-0.048,remove_supply_chain_context
R01341,U0102,U0817,2023-05-27T13:11:41,2,1,0,0,0,0,6,0.44,-0.048,remove_supply_chain_context
R01342,U0083,U0799,2023-05-27T13:55:15,1,1,0,0,0,0,3,0.375,-0.1,remove_supply_chain_context
R01343,U0944,U0947,2023-05-27T16:50:15,2,3,0,0,0,0,0,0.325,-0.13999999999999999,remove_supply_chain_context
R01344,U0193,U0194,2023-05-27T19:55:12,3,2,1,0,0,0,1,0.375,-0.1,remove_supply_chain_context
R01345,U0078,U0793,2023-05-27T23:45:56,3,1,0,0,0,0,4,0.44,-0.048,remove_supply_chain_context
R01346,U0419,U0420,2023-05-28T04:04:11,3,1,0,0,0,0,3,0.44,-0.048,remove_supply_chain_context
R01347,U0016,U0018,2023-05-28T07:46:41,2,2,0,0,0,0,1,0.375,-0.1,remove_supply_chain_context
R01348,U1028,U1029,2023-05-28T08:26:17,2,2,1,0,0,0,3,0.375,-0.1,remove_supply_chain_context
R01349,U0244,U0955,2023-05-28T10:06:51,1,3,0,0,0,0,2,0.375,-0.1,remove_supply_chain_context
R01350,U0863,U0864,2023-05-28T12:32:35,2,1,1,0,0,1,3,0.44,-0.048,remove_supply_chain_context
R01351,U1149,U1150,2023-05-28T23:39:19,2,0,0,0,0,0,1,0.375,-0.1,remove_supply_chain_context
R01352,U0166,U0167,2023-05-28T23:53:35,1,2,0,0,0,0,3,0.9,0.32000000000000006,remove_supply_chain_context
R01353,U0301,U1009,2023-06-01T02:15:32,3,2,0,0,0,0,2,0.9,0.32000000000000006,remove_supply_chain_context
R01354,U1363,U1364,2023-06-01T05:07:52,2,0,0,0,0,0,0,0.8,0.24,remove_supply_chain_context
R01355,U0525,U0526,2023-06-01T05:19:48,3,1,0,0,1,0,0,0.325,-0.13999999999999999,remove_supply_chain_context
R01356,U0261,U0263,2023-06-01T07:21:30,1,3,0,0,0,0,3,0.375,-0.1,remove_supply_chain_context
R01357,U0419,U0421,2023-06-01T08:19:19,4,0,0,0,0,0,4,0.375,-0.1,remove_supply_chain_context
R01358,U0180,U0891,2023-06-01T10:52:34,4,2,0,0,0,0,0,0.44,-0.048,remove_supply_chain_context
R01359,U0036,U0040,2023-06-01T16:40:00,3,1,0,0,0,0,1,0.325,-0.13999999999999999,remove_supply_chain_context
R01360,U0366,U0367,2023-06-01T17:43:27,1,3,0,0,0,0,2,0.9,0.32000000000000006,remove_supply_chain_context
R01361,U0544,U0546,2023-06-01T21:12:50,1,1,0,0,0,0,3,0.375,-0.1,remove_supply_chain_context
R01362,U1257,U1258,2023-06-02T03:23:07,2,1,0,0,0,0,0,0.9,0.32000000000000006,remove_supply_chain_context
R01363,U0605,U0607,2023-06-02T09:22:28,0,4,0,0,0,0,3,0.325,-0.13999999999999999,remove_supply_chain_context
R01364,U0633,U1320,2023-06-02T10:15:53,2,0,0,0,0,0,5,0.8,0.24,remove_supply_chain_context
R01365,U0833,U0834,2023-06-02T13:46:48,1,2,0,0,0,0,6,0.375,-0.1,remove_supply_chain_context
R01366,U1198,U1199,2023-06-02T21:13:46,1,1,0,0,0,0,4,0.44,-0.048,remove_supply_chain_context
R01367,U0689,U0690,2023-06-03T01:38:55,3,1,1,0,0,0,0,0.9,0.32000000000000006,remove_supply_chain_context
R01368,U0084,U0800,2023-06-03T01:43:40,1,0,0,0,0,0,3,0.44,-0.048,remove_supply_chain_context
R01369,U0039,U0041,2023-06-03T02:46:49,2,0,0,0,0,0,5,0.44,-0.048,remove_supply_chain_context
R01370,U0124,U0838,2023-06-03T04:02:54,3,2,0,0,0,0,4,0.375,-0.1,remove_supply_chain_context
R01371,U1393,U1396,2023-06-03T05:07:59,2,4,0,0,0,0,1,0.8,0.24,remove_supply_chain_context
R01372,U0375,U0376,2023-06-03T11:03:08,2,3,1,0,0,0,4,0.375,-0.1,remove_supply_chain_context
R01373,U0164,U0167,2023-06-03T13:58:32,3,3,0,0,0,1,0,0.8,0.24,remove_supply_chain_context
R01374,U1368,U1371,2023-06-03T14:47:38,1,2,0,0,0,0,5,0.375,-0.1,remove_supply_chain_context
R01375,U1023,U1024,2023-06-03T20:44:08,2,3,0,0,0,0,2,0.375,-0.1,remove_supply_chain_context
R01376,U0106,U0821,2023-06-03T21:17:46,1,2,0,0,0,1,1,0.375,-0.1,remove_supply_chain_context
R01377,U1211,U1212,2023-06-03T22:12:57,1,0,0,0,0,0,0,0.375,-0.1,remove_supply_chain_context
R01378,U0075,U0076,2023-06-04T03:50:01,1,2,0,0,0,0,2,0.8,0.24,remove_supply_chain_context
R01379,U0050,U0762,2023-06-04T05:21:44,1,1,0,0,0,0,2,0.8,0.24,remove_supply_chain_context
R01380,U1093,U1095,2023-06-04T14:23:57,2,2,1,0,1,0,1,0.325,-0.13999999999999999,remove_supply_chain_context
R01381,U0106,U0107,2023-06-04T15:54:43,2,2,1,0,0,0,0,0.325,-0.13999999999999999,remove_supply_chain_context
R01382,U0178,U0888,2023-06-04T16:40:50,2,3,0,0,0,0,2,0.44,-0.048,remove_supply_chain_context
R01383,U0271,U0272,2023-06-04T21:24:30,1,2,0,0,0,0,3,0.9,0.32000000000000006,remove_supply_chain_context
R01384,U0654,U1340,2023-06-05T01:53:20,1,2,0,0,0,0,0,0.375,-0.1,remove_supply_chain_context
R01385,U1340,U1343,2023-06-05T03:31:02,3,2,0,0,0,0,2,0.375,-0.1,remove_supply_chain_context
R01386,U0713,U1404,2023-06-05T07:16:39,2,1,0,0,0,0,1,0.375,-0.1,remove_supply_chain_context
R01387,U0864,U0868,2023-06-05T07:21:20,2,3,1,0,1,0,2,0.325,-0.13999999999999999,remove_supply_chain_context
R01388,U0006,U0008,2023-06-05T10:33:50,3,3,0,0,0,0,6,0.44,-0.048,remove_supply_chain_context
R01389,U0186,U0187,2023-06-05T15:52:37,0,0,0,0,1,0,1,0.325,-0.13999999999999999,remove_supply_chain_context
R01390,U0312,U0315,2023-06-05T16:38:31,2,3,0,0,0,0,2,0.9,0.32000000000000006,remove_supply_chain_context
R01391,U1324,U1326,2023-06-05T17:44:28,0,1,0,0,0,0,5,0.375,-0.1,remove_supply_chain_context
R01392,U0361,U0363,2023-06-05T18:29:35,3,3,0,0,0,0,0,0.375,-0.1,remove_supply_chain_context
R01393,U0759,U0760,2023-06-05T20:31:55,0,1,0,0,0,0,4,0.8,0.24,remove_supply_chain_context
R01394,U1136,U1138,2023-06-05T22:06:07,3,0,0,0,0,0,1,0.9,0.32000000000000006,remove_supply_chain_context
R01395,U0426,U0427,2023-06-05T23:27:19,0,4,0,0,0,0,2,0.375,-0.1,remove_supply_chain_context
R01396,U1324,U1325,2023-06-06T00:42:31,1,2,0,0,0,0,0,0.375,-0.1,remove_supply_chain_context
R01397,U0256,U0965,2023-06-06T05:00:17,2,1,0,0,0,0,2,0.8,0.24,remove_supply_chain_context
R01398,U1019,U1021,2023-06-06T15:31:00,2,1,0,0,0,0,1,0.325,-0.13999999999999999,remove_supply_chain_context
R01399,U0409,U0410,2023-06-06T17:27:45,0,1,0,0,0,0,0,0.8,0.24,remove_supply_chain_context
R01400,U0328,U0329,2023-06-06T17:42:01,1,4,1,0,0,0,3,0.375,-0.1,remove_supply_chain_context
R01401,U0381,U0383,2023-06-06T21:01:55,1,2,0,0,0,0,1,0.375,-0.1,remove_supply_chain_context
R01402,U1085,U1086,2023-06-06T21:44:04,3,1,1,0,0,0,2,0.9,0.32000000000000006,remove_supply_chain_context
R01403,U0868,U0869,2023-06-07T05:39:24,4,2,1,0,0,1,4,0.375,-0.1,remove_supply_chain_context
R01404,U1091,U1094,2023-06-07T19:07:41,2,3,0,0,0,0,2,0.8,0.24,remove_supply_chain_context
R01405,U1343,U1346,2023-06-07T22:57:20,3,0,0,0,0,1,0,0.9,0.32000000000000006,remove_supply_chain_context
R01406,U0665,U1351,2023-06-08T02:01:02,1,0,0,0,0,1,0,0.375,-0.1,remove_supply_chain_context
R01407,U0269,U0976,2023-06-08T14:21:23,2,4,0,0,0,0,5,0.375,-0.1,remove_supply_chain_context
R01408,U0287,U0288,2023-06-08T15:15:44,1,2,1,0,0,0,2,0.9,0.32000000000000006,remove_supply_chain_context
R01409,U1206,U1207,2023-06-08T19:10:22,2,1,0,0,0,0,3,0.325,-0.13999999999999999,remove_supply_chain_context
R01410,U0711,U0712,2023-06-08T19:41:34,2,3,1,0,0,0,2,0.8,0.24,remove_supply_chain_context
R01411,U0093,U0095,2023-06-08T20:41:42,3,2,0,0,0,0,1,0.325,-0.13999999999999999,remove_supply_chain_context
R01412,U1033,U1034,2023-06-09T00:01:54,1,1,0,0,0,0,5,0.44,-0.048,remove_supply_chain_context
R01413,U1212,U1213,2023-06-09T02:18:34,1,2,0,0,0,0,0,0.375,-0.1,remove_supply_chain_context
R01414,U1366,U1367,2023-06-09T03:37:23,1,1,0,0,0,0,4,0.44,-0.048,remove_supply_chain_context
R01415,U0443,U1149,2023-06-09T04:00:12,2,3,0,0,0,1,5,0.9,0.32000000000000006,remove_supply_chain_context
R01416,U0793,U0794,2023-06-09T05:37:09,2,1,0,0,0,0,0,0.375,-0.1,remove_supply_chain_context
R01417,U0318,U0320,2023-06-09T08:37:34,3,3,0,0,0,0,2,0.375,-0.1,remove_supply_chain_context
R01418,U1121,U1124,2023-06-09T12:19:14,3,3,0,0,0,0,2,0.375,-0.1,remove_supply_chain_context
R01419,U0353,U1059,2023-06-09T15:41:40,1,2,0,0,0,0,2,0.44,-0.048,remove_supply_chain_context
R01420,U0816,U0818,2023-06-09T20:51:03,1,2,0,0,0,0,1,0.9,0.32000000000000006,remove_supply_chain_context
R01421,U1119,U1121,2023-06-09T23:49:11,0,4,0,0,0,0,1,0.375,-0.1,remove_supply_chain_context
R01422,U0373,U0375,2023-06-10T00:05:43,1,3,0,0,0,0,0,0.8,0.24,remove_supply_chain_context
R01423,U1193,U1195,2023-06-10T01:38:34,3,0,0,0,0,0,2,0.9,0.32000000000000006,remove_supply_chain_context
R01424,U0901,U0903,2023-06-10T04:27:43,2,2,0,0,0,0,2,0.325,-0.13999999999999999,remove_supply_chain_context
R01425,U0620,U0622,2023-06-10T06:49:31,3,0,0,0,0,0,4,0.8,0.24,remove_supply_chain_context
R01426,U1267,U1268,2023-06-10T08:43:59,3,2,0,0,0,0,6,0.375,-0.1,remove_supply_chain_context
R01427,U0632,U0633,2023-06-10T12:09:28,2,3,0,0,0,0,1,0.9,0.32000000000000006,remove_supply_chain_context
R01428,U0473,U1177,2023-06-10T14:52:22,2,1,0,0,0,0,3,0.44,-0.048,remove_supply_chain_context
R01429,U0082,U0084,2023-06-10T15:41:03,3,2,0,0,0,0,5,0.8,0.24,remove_supply_chain_context
R01430,U0485,U1190,2023-06-10T17:32:18,2,3,0,0,0,1,1,0.9,0.32000000000000006,remove_supply_chain_context
R01431,U0805,U0807,2023-06-11T00:16:48,2,3,0,0,0,0,1,0.375,-0.1,remove_supply_chain_context
R01432,U0847,U0849,2023-06-11T03:08:19,2,1,0,0,0,0,3,0.375,-0.1,remove_supply_chain_context
R01433,U1054,U1058,2023-06-11T07:44:25,3,2,0,0,0,0,2,0.9,0.32000000000000006,remove_supply_chain_context
R01434,U0795,U0797,2023-06-11T11:57:28,2,0,0,0,0,0,6,0.9,0.32000000000000006,remove_supply_chain_context
R01435,U0755,U0756,2023-06-11T15:52:16,2,2,0,0,0,0,4,0.375,-0.1,remove_supply_chain_context
R01436,U0105,U0820,2023-06-11T18:17:15,2,1,0,0,0,0,3,0.9,0.32000000000000006,remove_supply_chain_context
R01437,U0113,U0114,2023-06-11T21:05:42,4,2,1,0,0,0,1,0.325,-0.13999999999999999,remove_supply_chain_context
R01438,U1017,U1018,2023-06-12T03:35:57,2,3,0,0,0,0,0,0.9,0.32000000000000006,remove_supply_chain_context
R01439,U0696,U0697,2023-06-12T05:11:07,3,2,1,0,0,0,1,0.375,-0.1,remove_supply_chain_context
R01440,U0849,U0851,2023-06-12T07:19:34,2,4,1,0,0,0,3,0.9,0.32000000000000006,remove_supply_chain_context
R01441,U0082,U0797,2023-06-12T10:30:08,4,1,0,0,0,0,6,0.9,0.32000000000000006,remove_supply_chain_context
R01442,U0710,U0712,2023-06-12T11:22:46,1,4,0,0,0,0,0,0.375,-0.1,remove_supply_chain_context
R01443,U0769,U0770,2023-06-12T11:29:58,2,3,1,0,0,0,5,0.325,-0.13999999999999999,remove_supply_chain_context
R01444,U0002,U1404,2023-06-12T12:12:33,0,2,0,0,0,0,3,0.325,-0.13999999999999999,remove_supply_chain_context
R01445,U0266,U0269,2023-06-12T15:22:46,2,3,0,0,0,0,4,0.375,-0.1,remove_supply_chain_context
R01446,U1128,U1129,2023-06-12T18:04:39,2,2,0,0,0,0,1,0.9,0.32000000000000006,remove_supply_chain_context
R01447,U1076,U1078,2023-06-12T20:06:14,2,3,0,0,0,0,4,0.8,0.24,remove_supply_chain_context
R01448,U0172,U0882,2023-06-13T00:48:28,2,2,0,0,0,1,2,0.375,-0.1,remove_supply_chain_context
R01449,U0331,U0334,2023-06-13T03:07:33,3,2,1,0,0,0,0,0.9,0.32000000000000006,remove_supply_chain_context
R01450,U0123,U0837,2023-06-13T17:14:18,2,3,0,0,0,0,2,0.44,-0.048,remove_supply_chain_context
R01451,U1356,U1358,2023-06-13T20:52:14,4,0,0,0,0,0,0,0.44,-0.048,remove_supply_chain_context
R01452,U0465,U0468,2023-06-13T22:16:21,4,3,0,0,0,0,1,0.375,-0.1,remove_supply_chain_context
R01453,U0479,U0480,2023-06-14T02:20:55,3,3,1,0,0,0,1,0.44,-0.048,remove_supply_chain_context
R01454,U0969,U0970,2023-06-14T03:57:42,1,1,1,0,0,0,1,0.375,-0.1,remove_supply_chain_context
R01455,U0927,U0929,2023-06-14T04:31:13,3,3,1,0,0,0,1,0.9,0.32000000000000006,remove_supply_chain_context
R01456,U1329,U1332,2023-06-14T06:58:25,2,2,0,0,0,0,0,0.375,-0.1,remove_supply_chain_context
R01457,U0048,U0760,2023-06-14T07:36:00,0,2,0,0,0,1,2,0.9,0.32000000000000006,remove_supply_chain_context
R01458,U0242,U0954,2023-06-15T01:34:06,3,2,0,0,0,0,2,0.375,-0.1,remove_supply_chain_context
R01459,U1286,U1288,2023-06-15T02:05:58,3,1,0,0,0,0,5,0.9,0.32000000000000006,remove_supply_chain_context
R01460,U0458,U0459,2023-06-15T06:01:26,3,1,0,0,0,0,3,0.325,-0.13999999999999999,remove_supply_chain_context
R01461,U1269,U1271,2023-06-15T11:51:01,2,3,0,0,0,0,4,0.375,-0.1,remove_supply_chain_context
R01462,U0287,U0289,2023-06-15T12:02:47,2,0,0,0,1,0,2,0.375,-0.1,remove_supply_chain_context
R01463,U1337,U1338,2023-06-15T12:55:38,2,3,0,0,0,0,1,0.44,-0.048,remove_supply_chain_context
R01464,U0492,U0495,2023-06-15T13:23:31,1,2,0,0,0,0,2,0.375,-0.1,remove_supply_chain_context
R01465,U0205,U0919,2023-06-15T13:32:43,3,0,0,0,0,0,3,0.375,-0.1,remove_supply_chain_context
R01466,U1281,U1283,2023-06-15T21:37:27,0,2,0,0,0,0,1,0.8,0.24,remove_supply_chain_context
R01467,U0792,U0793,2023-06-15T22:20:21,3,3,0,0,0,0,3,0.375,-0.1,remove_supply_chain_context
R01468,U0542,U0543,2023-06-16T02:22:16,2,1,0,0,0,0,3,0.325,-0.13999999999999999,remove_supply_chain_context
R01469,U0201,U0203,2023-06-16T03:35:43,4,1,1,0,0,0,2,0.9,0.32000000000000006,remove_supply_chain_context
R01470,U1392,U1393,2023-06-16T06:42:58,2,3,1,0,0,0,1,0.325,-0.13999999999999999,remove_supply_chain_context
R01471,U1150,U1152,2023-06-16T07:35:53,1,1,0,0,0,0,5,0.8,0.24,remove_supply_chain_context
R01472,U0193,U0195,2023-06-16T10:26:50,4,2,0,0,0,0,1,0.44,-0.048,remove_supply_chain_context
R01473,U0235,U0236,2023-06-16T17:31:53,2,3,0,0,0,0,1,0.375,-0.1,remove_supply_chain_context
R01474,U0138,U0849,2023-06-16T21:55:34,2,3,0,0,0,0,2,0.9,0.32000000000000006,remove_supply_chain_context
R01475,U0350,U0351,2023-06-16T22:08:28,1,2,0,0,0,0,6,0.375,-0.1,remove_supply_chain_context
R01476,U0498,U1199,2023-06-16T23:10:57,3,2,0,0,0,0,5,0.9,0.32000000000000006,remove_supply_chain_context
R01477,U0744,U0746,2023-06-17T01:00:46,2,2,0,0,0,0,2,0.44,-0.048,remove_supply_chain_context
R01478,U0736,U0739,2023-06-17T08:32:45,1,1,0,0,0,0,1,0.375,-0.1,remove_supply_chain_context
R01479,U1292,U1293,2023-06-17T09:23:33,1,3,0,0,0,0,5,0.375,-0.1,remove_supply_chain_context
R01480,U0112,U0827,2023-06-17T10:49:30,3,3,0,0,0,0,0,0.9,0.32000000000000006,remove_supply_chain_context
R01481,U0277,U0279,2023-06-17T16:35:13,0,2,0,0,0,0,2,0.44,-0.048,remove_supply_chain_context
R01482,U0977,U0980,2023-06-17T23:35:15,2,1,0,0,0,0,3,0.375,-0.1,remove_supply_chain_context
R01483,U0469,U0471,2023-06-18T04:39:02,4,3,1,0,0,0,4,0.375,-0.1,remove_supply_chain_context
R01484,U1296,U1298,2023-06-18T04:49:47,3,0,0,0,0,0,1,0.9,0.32000000000000006,remove_supply_chain_context
R01485,U0382,U0384,2023-06-18T07:30:57,1,2,0,0,0,0,0,0.8,0.24,remove_supply_chain_context
R01486,U1303,U1305,2023-06-18T08:11:39,3,2,0,0,0,0,2,0.9,0.32000000000000006,remove_supply_chain_context
R01487,U1183,U1184,2023-06-18T09:53:41,2,3,0,0,0,0,0,0.325,-0.13999999999999999,remove_supply_chain_context
R01488,U0049,U0051,2023-06-18T13:40:43,2,3,0,0,0,0,4,0.9,0.32000000000000006,remove_supply_chain_context
R01489,U0659,U0660,2023-06-18T14:57:21,1,1,0,0,0,0,2,0.9,0.32000000000000006,remove_supply_chain_context
R01490,U0485,U0488,2023-06-18T17:05:51,3,2,0,0,0,0,2,0.9,0.32000000000000006,remove_supply_chain_context
R01491,U1212,U1214,2023-06-18T19:23:52,2,3,1,0,0,0,1,0.8,0.24,remove_supply_chain_context
R01492,U0302,U0303,2023-06-18T19:42:43,2,1,0,0,0,0,4,0.375,-0.1,remove_supply_chain_context
R01493,U0540,U1240,2023-06-18T20:06:18,1,3,0,0,0,0,1,0.9,0.32000000000000006,remove_supply_chain_context
R01494,U1126,U1127,2023-06-18T21:24:36,3,1,0,0,0,0,4,0.375,-0.1,remove_supply_chain_context
R01495,U0470,U1174,2023-06-19T00:19:08,4,1,0,0,1,0,4,0.9,0.32000000000000006,remove_supply_chain_context
R01496,U1258,U1259,2023-06-19T02:43:35,2,3,1,0,0,0,2,0.325,-0.13999999999999999,remove_supply_chain_context
R01497,U0546,U1246,2023-06-19T03:58:14,2,1,0,0,0,0,4,0.9,0.32000000000000006,remove_supply_chain_context
R01498,U1181,U1182,2023-06-19T04:03:51,2,2,1,0,0,0,0,0.375,-0.1,remove_supply_chain_context
R01499,U0733,U0736,2023-06-19T06:04:42,3,2,0,0,0,0,0,0.8,0.24,remove_supply_chain_context
R01500,U1233,U1234,2023-06-19T09:53:15,0,1,0,0,0,0,3,0.375,-0.1,remove_supply_chain_context
R01501,U0231,U0233,2023-06-19T11:55:53,0,4,0,0,0,0,2,0.9,0.32000000000000006,remove_supply_chain_context
R01502,U0426,U1135,2023-06-19T13:58:52,1,2,0,0,0,0,2,0.44,-0.048,remove_supply_chain_context
R01503,U0613,U0615,2023-06-19T16:05:34,3,2,1,1,1,0,2,0.325,-0.13999999999999999,remove_supply_chain_context
R01504,U0803,U0804,2023-06-19T20:28:56,4,2,1,0,0,0,3,0.9,0.32000000000000006,remove_supply_chain_context
R01505,U0185,U0187,2023-06-20T06:03:42,2,1,0,0,0,1,2,0.8,0.24,remove_supply_chain_context
R01506,U0690,U0692,2023-06-20T06:35:12,2,3,0,0,0,0,6,0.9,0.32000000000000006,remove_supply_chain_context
R01507,U0078,U0079,2023-06-20T06:47:19,4,1,0,0,0,0,4,0.44,-0.048,remove_supply_chain_context
R01508,U0893,U0894,2023-06-20T07:05:11,2,2,0,0,0,0,1,0.8,0.24,remove_supply_chain_context
R01509,U1207,U1209,2023-06-20T10:00:18,2,0,0,0,0,0,5,0.9,0.32000000000000006,remove_supply_chain_context
R01510,U0274,U0276,2023-06-20T10:21:31,0,2,0,0,0,0,1,0.44,-0.048,remove_supply_chain_context
R01511,U0347,U0350,2023-06-20T12:40:58,2,2,1,0,0,0,1,0.44,-0.048,remove_supply_chain_context
R01512,U0502,U0504,2023-06-20T13:55:43,3,1,1,0,0,0,4,0.8,0.24,remove_supply_chain_context
R01513,U1193,U1194,2023-06-20T14:01:42,4,1,1,0,0,0,0,0.375,-0.1,remove_supply_chain_context
R01514,U0573,U0575,2023-06-20T14:22:47,2,1,0,0,0,0,1,0.9,0.32000000000000006,remove_supply_chain_context
R01515,U0548,U1247,2023-06-20T23:45:51,2,2,0,0,0,0,6,0.325,-0.13999999999999999,remove_supply_chain_context
R01516,U0115,U0117,2023-06-21T01:34:25,2,3,0,0,0,0,3,0.9,0.32000000000000006,remove_supply_chain_context
R01517,U1213,U1215,2023-06-21T03:41:02,3,1,0,0,0,0,2,0.44,-0.048,remove_supply_chain_context
R01518,U0642,U1329,2023-06-21T04:33:00,2,3,0,0,0,0,5,0.375,-0.1,remove_supply_chain_context
R01519,U0027,U0030,2023-06-21T07:17:09,1,2,0,0,0,0,5,0.325,-0.13999999999999999,remove_supply_chain_context
R01520,U1298,U1299,2023-06-21T07:28:25,1,4,0,0,0,0,2,0.8,0.24,remove_supply_chain_context
R01521,U0289,U0290,2023-06-21T09:49:06,1,3,0,0,0,0,4,0.325,-0.13999999999999999,remove_supply_chain_context
R01522,U0306,U1014,2023-06-21T19:16:25,2,2,0,0,0,0,4,0.9,0.32000000000000006,remove_supply_chain_context
R01523,U0107,U0822,2023-06-21T21:52:53,3,0,0,0,0,0,1,0.375,-0.1,remove_supply_chain_context
R01524,U0132,U0134,2023-06-21T23:06:33,2,1,0,0,0,0,4,0.375,-0.1,remove_supply_chain_context
R01525,U0705,U0706,2023-06-21T23:33:29,2,3,1,0,0,0,6,0.325,-0.13999999999999999,remove_supply_chain_context
R01526,U0663,U0665,2023-06-22T01:24:02,3,2,0,0,0,0,4,0.325,-0.13999999999999999,remove_supply_chain_context
R01527,U1387,U1388,2023-06-22T02:29:23,2,1,0,0,0,0,2,0.375,-0.1,remove_supply_chain_context
R01528,U0002,U0715,2023-06-22T07:43:59,1,1,0,0,0,0,4,0.9,0.32000000000000006,remove_supply_chain_context
R01529,U0966,U0968,2023-06-22T10:33:05,1,1,0,0,1,0,2,0.375,-0.1,remove_supply_chain_context
R01530,U0418,U0420,2023-06-22T14:11:22,3,2,1,0,0,0,1,0.44,-0.048,remove_supply_chain_context
R01531,U0054,U0056,2023-06-22T14:58:11,1,3,0,0,0,0,4,0.8,0.24,remove_supply_chain_context
R01532,U1164,U1166,2023-06-22T17:57:45,4,1,0,0,0,0,0,0.9,0.32000000000000006,remove_supply_chain_context
R01533,U0324,U1031,2023-06-23T01:27:54,1,2,0,0,0,0,1,0.325,-0.13999999999999999,remove_supply_chain_context
R01534,U0854,U0855,2023-06-23T09:52:05,0,4,0,0,0,0,0,0.375,-0.1,remove_supply_chain_context
R01535,U0686,U0687,2023-06-24T06:18:10,1,2,0,0,0,0,1,0.375,-0.1,remove_supply_chain_context
R01536,U0761,U0763,2023-06-24T08:04:16,1,2,0,0,0,0,0,0.8,0.24,remove_supply_chain_context
R01537,U0385,U1094,2023-06-24T16:16:21,2,4,0,0,0,0,3,0.375,-0.1,remove_supply_chain_context
R01538,U0019,U0732,2023-06-24T19:46:38,2,1,0,0,0,0,0,0.44,-0.048,remove_supply_chain_context
R01539,U0488,U0490,2023-06-25T08:05:32,3,1,0,0,0,0,0,0.375,-0.1,remove_supply_chain_context
R01540,U0615,U0620,2023-06-25T11:58:22,3,4,1,0,0,0,2,0.9,0.32000000000000006,remove_supply_chain_context
R01541,U0111,U0826,2023-06-25T14:20:06,4,1,0,0,0,0,2,0.325,-0.13999999999999999,remove_supply_chain_context
R01542,U0439,U1147,2023-06-26T03:06:19,3,1,0,0,0,0,1,0.325,-0.13999999999999999,remove_supply_chain_context
R01543,U1079,U1081,2023-06-26T08:01:06,1,1,0,0,1,0,3,0.9,0.32000000000000006,remove_supply_chain_context
R01544,U0408,U0410,2023-06-26T14:24:49,1,2,0,0,0,0,1,0.9,0.32000000000000006,remove_supply_chain_context
R01545,U0234,U0235,2023-06-26T16:36:31,3,3,2,0,0,0,0,0.375,-0.1,remove_supply_chain_context
R01546,U0482,U0483,2023-06-26T17:03:16,3,2,1,0,0,0,2,0.8,0.24,remove_supply_chain_context
R01547,U0081,U0083,2023-06-26T17:38:40,2,2,1,0,0,0,0,0.9,0.32000000000000006,remove_supply_chain_context
R01548,U0203,U0205,2023-06-26T21:04:45,2,4,0,0,0,0,4,0.9,0.32000000000000006,remove_supply_chain_context
R01549,U0549,U0550,2023-06-27T01:47:13,2,2,1,0,1,0,6,0.325,-0.13999999999999999,remove_supply_chain_context
R01550,U0654,U0656,2023-06-27T03:06:32,2,3,1,0,0,0,0,0.8,0.24,remove_supply_chain_context
R01551,U0751,U0753,2023-06-27T03:50:40,1,3,0,0,0,0,1,0.9,0.32000000000000006,remove_supply_chain_context
R01552,U1205,U1207,2023-06-27T04:35:59,1,3,0,0,0,0,3,0.375,-0.1,remove_supply_chain_context
R01553,U0526,U0527,2023-06-27T07:37:52,2,1,0,0,0,0,4,0.44,-0.048,remove_supply_chain_context
R01554,U0530,U1230,2023-06-27T10:29:23,3,4,0,0,0,0,1,0.325,-0.13999999999999999,remove_supply_chain_context
R01555,U0166,U0875,2023-06-27T11:53:31,2,3,0,0,0,0,3,0.8,0.24,remove_supply_chain_context
R01556,U1152,U1155,2023-06-27T12:46:44,2,3,0,0,0,0,3,0.375,-0.1,remove_supply_chain_context
R01557,U0323,U0326,2023-06-27T16:28:37,2,0,0,0,0,0,6,0.375,-0.1,remove_supply_chain_context
R01558,U0438,U1146,2023-06-27T18:52:10,4,3,0,0,1,0,1,0.44,-0.048,remove_supply_chain_context
R01559,U0949,U0950,2023-06-27T19:56:30,3,2,1,0,0,0,4,0.8,0.24,remove_supply_chain_context
R01560,U1171,U1174,2023-06-27T20:32:34,3,2,0,0,0,0,6,0.8,0.24,remove_supply_chain_context
R01561,U0086,U0087,2023-06-27T22:16:10,1,3,0,0,0,0,1,0.44,-0.048,remove_supply_chain_context
R01562,U0914,U0916,2023-06-28T01:59:06,2,1,0,0,0,0,5,0.375,-0.1,remove_supply_chain_context
R01563,U0459,U1163,2023-06-28T06:03:39,2,3,0,0,0,0,2,0.44,-0.048,remove_supply_chain_context
R01564,U1022,U1023,2023-06-28T06:45:29,3,3,1,0,0,0,0,0.375,-0.1,remove_supply_chain_context
R01565,U0008,U0012,2023-06-28T07:46:00,4,1,0,0,0,0,3,0.375,-0.1,remove_supply_chain_context
R01566,U1381,U1382,2023-06-28T09:27:29,1,3,0,0,0,0,4,0.375,-0.1,remove_supply_chain_context
R01567,U0532,U0533,2023-06-28T15:16:39,2,3,2,0,0,0,2,0.44,-0.048,remove_supply_chain_context
R01568,U0822,U0824,2023-06-28T19:35:51,1,1,0,0,0,0,2,0.44,-0.048,remove_supply_chain_context
R01569,U1038,U1040,2023-06-28T20:59:09,0,3,0,0,0,0,3,0.325,-0.13999999999999999,remove_supply_chain_context
R01570,U0283,U0285,2023-06-28T22:47:05,2,1,0,0,0,0,1,0.9,0.32000000000000006,remove_supply_chain_context
R01571,U1373,U1376,2023-07-01T00:52:06,1,1,0,0,0,0,3,0.375,-0.1,remove_supply_chain_context
R01572,U1279,U1280,2023-07-01T01:16:16,0,1,0,0,0,0,4,0.8,0.24,remove_supply_chain_context
R01573,U1095,U1096,2023-07-01T03:05:59,3,1,1,0,0,0,1,0.375,-0.1,remove_supply_chain_context
R01574,U0537,U0538,2023-07-01T05:33:09,2,3,1,0,0,0,3,0.325,-0.13999999999999999,remove_supply_chain_context
R01575,U0036,U0749,2023-07-01T05:36:27,4,1,0,0,0,0,5,0.325,-0.13999999999999999,remove_supply_chain_context
R01576,U0085,U0801,2023-07-01T06:35:22,2,2,0,0,0,0,6,0.44,-0.048,remove_supply_chain_context
R01577,U0369,U0370,2023-07-01T07:22:05,2,2,0,0,0,0,1,0.44,-0.048,remove_supply_chain_context
R01578,U1306,U1307,2023-07-01T07:56:59,3,1,1,0,0,0,4,0.375,-0.1,remove_supply_chain_context
R01579,U1159,U1161,2023-07-01T08:11:33,3,3,1,0,0,0,2,0.9,0.32000000000000006,remove_supply_chain_context
R01580,U0971,U0972,2023-07-01T08:59:46,3,2,0,0,0,0,3,0.44,-0.048,remove_supply_chain_context
R01581,U0463,U0464,2023-07-01T10:46:41,2,3,1,0,0,0,2,0.325,-0.13999999999999999,remove_supply_chain_context
R01582,U0110,U0112,2023-07-01T15:45:44,4,4,1,0,0,0,1,0.325,-0.13999999999999999,remove_supply_chain_context
R01583,U0848,U0849,2023-07-01T17:01:14,2,4,1,0,0,0,2,0.9,0.32000000000000006,remove_supply_chain_context
R01584,U0829,U0831,2023-07-01T18:50:34,2,1,0,0,0,0,3,0.9,0.32000000000000006,remove_supply_chain_context
R01585,U0142,U0853,2023-07-02T01:20:00,4,2,0,0,0,0,1,0.8,0.24,remove_supply_chain_context
R01586,U0701,U1389,2023-07-02T01:26:01,3,2,0,0,0,0,1,0.325,-0.13999999999999999,remove_supply_chain_context
R01587,U0718,U0723,2023-07-02T04:40:33,3,3,1,0,0,0,2,0.44,-0.048,remove_supply_chain_context
R01588,U1364,U1365,2023-07-02T04:55:51,1,2,1,0,0,0,0,0.9,0.32000000000000006,remove_supply_chain_context
R01589,U0947,U0949,2023-07-02T06:38:09,4,4,1,0,0,0,2,0.375,-0.1,remove_supply_chain_context
R01590,U0817,U0818,2023-07-02T11:57:30,2,3,1,0,0,0,5,0.325,-0.13999999999999999,remove_supply_chain_context
R01591,U0538,U1238,2023-07-02T12:52:42,4,3,0,0,0,0,1,0.325,-0.13999999999999999,remove_supply_chain_context
R01592,U0709,U0711,2023-07-02T19:24:12,1,3,0,0,0,0,3,0.9,0.32000000000000006,remove_supply_chain_context
R01593,U0915,U0918,2023-07-03T01:03:20,1,2,0,0,0,0,1,0.375,-0.1,remove_supply_chain_context
R01594,U1138,U1140,2023-07-03T07:05:17,1,4,0,0,0,0,1,0.375,-0.1,remove_supply_chain_context
R01595,U1397,U1399,2023-07-03T07:32:19,2,3,0,0,0,0,4,0.325,-0.13999999999999999,remove_supply_chain_context
R01596,U1046,U1047,2023-07-03T08:02:11,2,3,1,0,0,0,2,0.375,-0.1,remove_supply_chain_context
R01597,U0017,U0019,2023-07-03T08:26:51,0,3,0,0,0,0,5,0.9,0.32000000000000006,remove_supply_chain_context
R01598,U1037,U1038,2023-07-03T09:17:40,3,1,0,0,0,0,3,0.325,-0.13999999999999999,remove_supply_chain_context
R01599,U0559,U0562,2023-07-03T10:59:34,3,2,0,0,0,0,1,0.325,-0.13999999999999999,remove_supply_chain_context
R01600,U0404,U0405,2023-07-03T11:20:03,2,0,0,0,0,0,1,0.9,0.32000000000000006,remove_supply_chain_context
R01601,U1397,U1398,2023-07-03T11:20:48,3,2,2,0,0,0,4,0.9,0.32000000000000006,remove_supply_chain_context
R01602,U1020,U1021,2023-07-03T23:06:21,3,2,0,0,0,0,2,0.8,0.24,remove_supply_chain_context
R01603,U1258,U1260,2023-07-03T23:10:00,3,2,1,0,0,0,2,0.375,-0.1,remove_supply_chain_context
R01604,U0518,U0519,2023-07-04T02:05:23,2,2,1,0,0,0,2,0.8,0.24,remove_supply_chain_context
R01605,U0611,U0615,2023-07-04T03:06:09,2,4,0,0,0,1,2,0.44,-0.048,remove_supply_chain_context
R01606,U0772,U0773,2023-07-04T03:19:36,1,1,0,0,1,0,1,0.9,0.32000000000000006,remove_supply_chain_context
R01607,U0041,U0043,2023-07-04T07:38:42,1,4,0,0,0,0,1,0.8,0.24,remove_supply_chain_context
R01608,U0330,U1037,2023-07-04T08:26:54,2,4,0,0,0,0,3,0.44,-0.048,remove_supply_chain_context
R01609,U0537,U0539,2023-07-04T10:29:38,3,2,1,0,0,0,5,0.9,0.32000000000000006,remove_supply_chain_context
R01610,U0079,U0080,2023-07-04T15:33:51,2,2,1,0,0,0,4,0.9,0.32000000000000006,remove_supply_chain_context
R01611,U1106,U1108,2023-07-04T18:33:30,2,1,0,0,0,0,1,0.375,-0.1,remove_supply_chain_context
R01612,U0733,U0735,2023-07-05T00:27:35,4,1,1,1,1,1,3,0.9,0.32000000000000006,remove_supply_chain_context
R01613,U1202,U1205,2023-07-05T02:12:37,1,2,0,0,0,0,1,0.8,0.24,remove_supply_chain_context
R01614,U0075,U0790,2023-07-05T03:35:21,2,3,0,0,0,0,1,0.44,-0.048,remove_supply_chain_context
R01615,U0011,U0724,2023-07-05T09:23:22,3,3,0,0,0,0,1,0.375,-0.1,remove_supply_chain_context
R01616,U1086,U1091,2023-07-05T09:24:20,2,3,0,0,0,0,1,0.44,-0.048,remove_supply_chain_context
R01617,U0965,U0966,2023-07-05T10:41:24,2,2,0,0,0,0,0,0.9,0.32000000000000006,remove_supply_chain_context
R01618,U0592,U1285,2023-07-05T11:36:28,2,3,0,0,0,0,0,0.9,0.32000000000000006,remove_supply_chain_context
R01619,U0492,U1196,2023-07-05T11:49:42,2,0,0,0,0,0,4,0.9,0.32000000000000006,remove_supply_chain_context
R01620,U0704,U0705,2023-07-05T16:06:31,3,3,1,0,0,0,6,0.44,-0.048,remove_supply_chain_context
R01621,U0484,U0487,2023-07-05T17:17:39,2,2,1,0,0,0,1,0.8,0.24,remove_supply_chain_context
R01622,U0407,U0408,2023-07-05T18:00:55,0,2,0,0,0,0,1,0.8,0.24,remove_supply_chain_context
R01623,U1009,U1010,2023-07-05T19:58:30,3,2,0,0,0,0,1,0.9,0.32000000000000006,remove_supply_chain_context
R01624,U0608,U0611,2023-07-05T20:59:56,1,3,0,0,0,0,1,0.375,-0.1,remove_supply_chain_context
R01625,U1086,U1090,2023-07-06T00:04:32,3,2,2,0,0,0,0,0.8,0.24,remove_supply_chain_context
R01626,U1214,U1215,2023-07-06T04:58:51,4,2,1,0,0,0,1,0.9,0.32000000000000006,remove_supply_chain_context
R01627,U0626,U0627,2023-07-06T05:02:35,1,2,0,0,0,0,1,0.375,-0.1,remove_supply_chain_context
R01628,U0084,U0086,2023-07-06T06:12:44,3,2,1,0,0,0,3,0.44,-0.048,remove_supply_chain_context
R01629,U0753,U0755,2023-07-06T07:35:50,4,3,1,0,0,0,1,0.9,0.32000000000000006,remove_supply_chain_context
R01630,U0407,U1115,2023-07-06T08:21:59,1,3,0,0,0,0,2,0.375,-0.1,remove_supply_chain_context
R01631,U1289,U1290,2023-07-06T09:28:56,2,2,0,0,0,1,6,0.375,-0.1,remove_supply_chain_context
R01632,U0960,U0961,2023-07-06T10:48:16,0,3,0,0,0,0,0,0.44,-0.048,remove_supply_chain_context
R01633,U0964,U0966,2023-07-06T11:00:34,3,3,0,0,0,0,1,0.325,-0.13999999999999999,remove_supply_chain_context
R01634,U0077,U0079,2023-07-06T11:54:21,3,3,1,0,0,0,5,0.375,-0.1,remove_supply_chain_context
R01635,U0103,U0105,2023-07-06T14:07:31,2,3,0,0,0,0,3,0.9,0.32000000000000006,remove_supply_chain_context
R01636,U0169,U0171,2023-07-06T15:59:20,3,2,0,0,0,0,3,0.9,0.32000000000000006,remove_supply_chain_context
R01637,U0588,U0589,2023-07-07T00:02:21,2,2,1,0,0,0,1,0.375,-0.1,remove_supply_chain_context
R01638,U1049,U1050,2023-07-07T05:06:25,3,1,1,0,0,0,4,0.375,-0.1,remove_supply_chain_context
R01639,U1388,U1389,2023-07-07T10:43:06,2,3,0,0,0,0,1,0.9,0.32000000000000006,remove_supply_chain_context
R01640,U0337,U1045,2023-07-07T10:58:31,2,4,0,0,0,1,4,0.375,-0.1,remove_supply_chain_context
R01641,U1196,U1198,2023-07-07T11:54:33,1,2,0,0,0,0,4,0.375,-0.1,remove_supply_chain_context
R01642,U0387,U0388,2023-07-07T16:21:50,2,3,1,0,1,0,2,0.325,-0.13999999999999999,remove_supply_chain_context
R01643,U1010,U1011,2023-07-07T20:19:33,3,1,1,0,0,0,3,0.375,-0.1,remove_supply_chain_context
R01644,U0883,U0886,2023-07-07T22:15:04,3,3,1,0,1,0,4,0.8,0.24,remove_supply_chain_context
R01645,U1312,U1314,2023-07-08T00:49:37,1,3,0,0,0,1,2,0.325,-0.13999999999999999,remove_supply_chain_context
R01646,U0114,U0829,2023-07-08T03:07:06,3,3,0,0,0,0,3,0.375,-0.1,remove_supply_chain_context
R01647,U0989,U0990,2023-07-08T07:40:11,3,1,0,0,0,0,3,0.44,-0.048,remove_supply_chain_context
R01648,U0446,U0447,2023-07-08T08:24:04,2,2,0,0,0,0,3,0.325,-0.13999999999999999,remove_supply_chain_context
R01649,U0364,U0366,2023-07-08T11:04:06,3,2,2,0,0,0,2,0.44,-0.048,remove_supply_chain_context
R01650,U0140,U0141,2023-07-08T14:58:37,4,3,1,0,0,0,3,0.375,-0.1,remove_supply_chain_context
R01651,U0117,U0118,2023-07-08T16:10:42,4,3,2,0,0,0,3,0.8,0.24,remove_supply_chain_context
R01652,U0907,U0909,2023-07-08T20:28:37,3,1,0,0,0,0,3,0.375,-0.1,remove_supply_chain_context
R01653,U0346,U0347,2023-07-08T23:04:35,1,3,0,0,0,0,1,0.9,0.32000000000000006,remove_supply_chain_context
R01654,U0234,U0945,2023-07-09T01:09:39,4,3,0,0,0,0,3,0.375,-0.1,remove_supply_chain_context
R01655,U0759,U0761,2023-07-09T03:49:06,1,2,0,0,0,0,5,0.325,-0.13999999999999999,remove_supply_chain_context
R01656,U1237,U1239,2023-07-09T08:24:22,3,3,1,0,0,0,0,0.375,-0.1,remove_supply_chain_context
R01657,U1244,U1246,2023-07-09T08:29:14,2,2,0,0,0,0,1,0.9,0.32000000000000006,remove_supply_chain_context
R01658,U1348,U1349,2023-07-09T08:31:44,2,1,0,0,0,0,2,0.375,-0.1,remove_supply_chain_context
R01659,U1004,U1005,2023-07-09T10:14:16,2,3,2,0,0,0,1,0.44,-0.048,remove_supply_chain_context
R01660,U0543,U0546,2023-07-09T12:27:33,2,3,0,0,0,0,1,0.9,0.32000000000000006,remove_supply_chain_context
R01661,U1326,U1327,2023-07-09T15:13:21,2,3,0,0,0,0,5,0.44,-0.048,remove_supply_chain_context
R01662,U0214,U0926,2023-07-09T20:03:40,3,1,0,0,0,0,3,0.9,0.32000000000000006,remove_supply_chain_context
R01663,U0640,U1327,2023-07-09T23:37:22,2,4,0,0,0,0,5,0.9,0.32000000000000006,remove_supply_chain_context
R01664,U0652,U0653,2023-07-09T23:46:49,2,3,0,0,0,0,3,0.9,0.32000000000000006,remove_supply_chain_context
R01665,U1236,U1238,2023-07-10T03:44:54,1,4,0,0,0,0,4,0.375,-0.1,remove_supply_chain_context
R01666,U0061,U0064,2023-07-10T05:05:15,1,1,0,0,0,0,2,0.375,-0.1,remove_supply_chain_context
R01667,U1202,U1204,2023-07-10T06:21:11,2,1,0,0,0,1,2,0.375,-0.1,remove_supply_chain_context
R01668,U0598,U0599,2023-07-10T06:43:55,1,2,0,0,0,0,2,0.375,-0.1,remove_supply_chain_context
R01669,U0724,U0726,2023-07-10T07:57:25,4,3,1,0,0,0,0,0.9,0.32000000000000006,remove_supply_chain_context
R01670,U0648,U0650,2023-07-10T08:05:14,2,1,0,0,0,0,5,0.375,-0.1,remove_supply_chain_context
R01671,U0328,U0330,2023-07-10T13:39:21,2,3,1,0,0,0,2,0.375,-0.1,remove_supply_chain_context
R01672,U0454,U0455,2023-07-10T15:59:55,0,1,0,0,0,0,1,0.44,-0.048,remove_supply_chain_context
R01673,U0979,U0981,2023-07-10T16:23:29,2,2,0,0,0,0,2,0.9,0.32000000000000006,remove_supply_chain_context
R01674,U0409,U0411,2023-07-10T17:18:13,1,2,1,0,0,0,3,0.325,-0.13999999999999999,remove_supply_chain_context
R01675,U1137,U1138,2023-07-10T20:17:47,1,2,0,0,0,0,1,0.375,-0.1,remove_supply_chain_context
R01676,U0238,U0950,2023-07-11T01:42:02,4,3,0,0,0,0,1,0.8,0.24,remove_supply_chain_context
R01677,U1331,U1334,2023-07-11T04:14:11,2,2,0,0,0,0,3,0.8,0.24,remove_supply_chain_context
R01678,U1279,U1281,2023-07-11T06:24:11,1,1,0,0,0,1,0,0.8,0.24,remove_supply_chain_context
R01679,U0137,U0848,2023-07-11T07:34:20,1,3,0,0,0,0,6,0.9,0.32000000000000006,remove_supply_chain_context
R01680,U0477,U0478,2023-07-11T07:58:53,3,4,1,0,0,0,1,0.375,-0.1,remove_supply_chain_context
R01681,U0324,U0326,2023-07-11T13:43:04,2,1,0,0,0,0,4,0.9,0.32000000000000006,remove_supply_chain_context
R01682,U0300,U1008,2023-07-11T16:24:18,2,1,0,0,0,0,2,0.325,-0.13999999999999999,remove_supply_chain_context
R01683,U1325,U1326,2023-07-11T18:55:37,3,3,2,0,0,0,5,0.375,-0.1,remove_supply_chain_context
R01684,U0832,U0834,2023-07-11T19:41:42,2,3,0,0,1,0,6,0.375,-0.1,remove_supply_chain_context
R01685,U0403,U1108,2023-07-11T20:06:58,3,2,0,0,0,0,1,0.44,-0.048,remove_supply_chain_context
R01686,U1362,U1364,2023-07-11T21:05:10,2,2,1,0,0,0,2,0.44,-0.048,remove_supply_chain_context
R01687,U0491,U0492,2023-07-11T21:34:49,1,3,0,0,0,0,2,0.8,0.24,remove_supply_chain_context
R01688,U0145,U0856,2023-07-11T23:29:27,3,3,0,0,0,0,0,0.8,0.24,remove_supply_chain_context
R01689,U0573,U0574,2023-07-11T23:29:52,3,1,0,0,0,0,3,0.8,0.24,remove_supply_chain_context
R01690,U0410,U1119,2023-07-12T05:17:45,3,1,0,0,0,0,2,0.325,-0.13999999999999999,remove_supply_chain_context
R01691,U0039,U0040,2023-07-12T07:04:37,3,2,1,0,0,0,0,0.325,-0.13999999999999999,remove_supply_chain_context
R01692,U0190,U0192,2023-07-12T13:20:54,2,2,0,0,0,0,0,0.8,0.24,remove_supply_chain_context
R01693,U0383,U0384,2023-07-12T15:58:06,3,3,0,0,0,0,1,0.9,0.32000000000000006,remove_supply_chain_context
R01694,U0154,U0156,2023-07-12T19:52:15,2,1,0,0,0,0,3,0.375,-0.1,remove_supply_chain_context
R01695,U0906,U0908,2023-07-12T20:01:00,3,1,0,0,0,0,1,0.9,0.32000000000000006,remove_supply_chain_context
R01696,U0021,U0023,2023-07-12T22:47:13,4,1,0,0,0,0,4,0.375,-0.1,remove_supply_chain_context
R01697,U0350,U0353,2023-07-13T00:40:11,3,2,1,0,0,0,2,0.9,0.32000000000000006,remove_supply_chain_context
R01698,U1310,U1311,2023-07-13T02:00:14,2,2,0,0,0,0,1,0.44,-0.048,remove_supply_chain_context
R01699,U0994,U0997,2023-07-13T02:03:47,2,1,0,0,0,0,1,0.375,-0.1,remove_supply_chain_context
R01700,U0862,U0864,2023-07-13T05:36:18,4,3,1,0,0,0,2,0.325,-0.13999999999999999,remove_supply_chain_context
R01701,U1340,U1341,2023-07-13T08:51:08,4,4,2,0,0,0,1,0.325,-0.13999999999999999,remove_supply_chain_context
R01702,U1300,U1302,2023-07-13T08:56:08,1,3,0,0,1,0,2,0.375,-0.1,remove_supply_chain_context
R01703,U0155,U0157,2023-07-13T09:24:27,3,2,0,0,0,0,4,0.375,-0.1,remove_supply_chain_context
R01704,U0050,U0052,2023-07-13T10:19:46,2,1,0,0,0,0,3,0.375,-0.1,remove_supply_chain_context
R01705,U0271,U0273,2023-07-13T10:40:19,2,2,1,0,0,0,3,0.9,0.32000000000000006,remove_supply_chain_context
R01706,U0428,U0429,2023-07-13T14:29:30,2,3,2,0,0,0,6,0.375,-0.1,remove_supply_chain_context
R01707,U0157,U0870,2023-07-13T15:58:24,3,2,0,0,0,0,3,0.375,-0.1,remove_supply_chain_context
R01708,U1171,U1172,2023-07-13T16:06:27,4,1,0,0,0,0,3,0.8,0.24,remove_supply_chain_context
R01709,U1064,U1065,2023-07-13T17:41:28,2,1,0,0,0,0,1,0.325,-0.13999999999999999,remove_supply_chain_context
R01710,U0139,U0141,2023-07-13T20:21:38,1,4,1,0,0,0,1,0.325,-0.13999999999999999,remove_supply_chain_context
R01711,U0202,U0915,2023-07-13T20:22:57,4,2,0,0,0,0,6,0.375,-0.1,remove_supply_chain_context
R01712,U0455,U0456,2023-07-13T21:06:09,2,2,0,0,0,0,1,0.375,-0.1,remove_supply_chain_context
R01713,U1320,U1321,2023-07-13T22:25:16,1,2,0,0,0,0,5,0.9,0.32000000000000006,remove_supply_chain_context
R01714,U1361,U1363,2023-07-14T00:41:29,2,3,1,0,0,0,0,0.9,0.32000000000000006,remove_supply_chain_context
R01715,U1079,U1080,2023-07-14T02:25:25,2,2,1,0,0,0,2,0.9,0.32000000000000006,remove_supply_chain_context
R01716,U0118,U0833,2023-07-14T03:05:52,4,2,0,0,0,0,3,0.375,-0.1,remove_supply_chain_context
R01717,U1311,U1312,2023-07-14T04:07:06,3,2,1,0,0,0,1,0.375,-0.1,remove_supply_chain_context
R01718,U0878,U0881,2023-07-14T04:49:58,2,1,0,0,0,0,0,0.9,0.32000000000000006,remove_supply_chain_context
R01719,U0526,U0529,2023-07-14T07:17:50,3,3,0,0,0,1,3,0.375,-0.1,remove_supply_chain_context
R01720,U1098,U1099,2023-07-14T08:41:57,2,1,0,0,0,0,4,0.9,0.32000000000000006,remove_supply_chain_context
R01721,U0048,U0049,2023-07-14T09:27:28,1,3,0,0,0,0,2,0.44,-0.048,remove_supply_chain_context
R01722,U0316,U1021,2023-07-14T11:52:52,2,3,0,0,0,0,0,0.44,-0.048,remove_supply_chain_context
R01723,U0406,U0408,2023-07-14T12:30:41,0,3,0,0,0,0,5,0.9,0.32000000000000006,remove_supply_chain_context
R01724,U0649,U0651,2023-07-14T15:40:09,2,3,0,0,1,0,0,0.8,0.24,remove_supply_chain_context
R01725,U0034,U0035,2023-07-14T15:55:35,4,2,2,0,0,0,0,0.9,0.32000000000000006,remove_supply_chain_context
R01726,U0838,U0839,2023-07-14T16:39:44,3,1,1,0,0,0,2,0.325,-0.13999999999999999,remove_supply_chain_context
R01727,U0215,U0216,2023-07-14T18:30:04,3,2,0,0,0,0,1,0.44,-0.048,remove_supply_chain_context
R01728,U0212,U0215,2023-07-14T18:48:29,4,4,1,0,0,0,5,0.375,-0.1,remove_supply_chain_context
R01729,U1099,U1100,2023-07-14T23:14:04,2,2,1,0,0,0,0,0.9,0.32000000000000006,remove_supply_chain_context
R01730,U0040,U0041,2023-07-15T02:31:19,3,2,1,0,0,0,5,0.375,-0.1,remove_supply_chain_context
R01731,U0730,U0732,2023-07-15T04:35:22,1,2,0,0,0,0,3,0.375,-0.1,remove_supply_chain_context
R01732,U0991,U0992,2023-07-15T05:22:49,1,2,0,0,0,0,2,0.325,-0.13999999999999999,remove_supply_chain_context
R01733,U1145,U1147,2023-07-15T06:25:21,2,2,0,0,1,0,3,0.9,0.32000000000000006,remove_supply_chain_context
R01734,U0373,U1080,2023-07-15T13:59:27,2,3,0,0,0,0,3,0.375,-0.1,remove_supply_chain_context
R01735,U0556,U1255,2023-07-15T23:34:47,2,1,0,0,0,0,2,0.9,0.32000000000000006,remove_supply_chain_context
R01736,U0073,U0075,2023-07-16T00:41:39,1,3,0,0,0,0,0,0.8,0.24,remove_supply_chain_context
R01737,U0156,U0159,2023-07-16T01:32:07,2,3,0,0,0,0,0,0.44,-0.048,remove_supply_chain_context
R01738,U0727,U0729,2023-07-16T04:25:52,2,3,1,0,0,0,4,0.375,-0.1,remove_supply_chain_context
R01739,U1075,U1076,2023-07-16T09:20:49,2,3,1,0,0,0,6,0.325,-0.13999999999999999,remove_supply_chain_context
R01740,U0018,U0731,2023-07-16T10:46:56,3,2,0,0,0,0,3,0.9,0.32000000000000006,remove_supply_chain_context
R01741,U0389,U0392,2023-07-16T13:56:33,2,2,0,0,0,0,0,0.8,0.24,remove_supply_chain_context
R01742,U0315,U0316,2023-07-16T18:09:39,4,3,1,0,0,0,3,0.9,0.32000000000000006,remove_supply_chain_context
R01743,U1286,U1287,2023-07-16T18:39:17,4,2,1,0,0,0,2,0.9,0.32000000000000006,remove_supply_chain_context
R01744,U0355,U0357,2023-07-16T20:15:10,1,4,0,0,0,0,1,0.375,-0.1,remove_supply_chain_context
R01745,U0535,U0537,2023-07-17T00:46:10,1,4,0,0,0,0,6,0.9,0.32000000000000006,remove_supply_chain_context
R01746,U0461,U0462,2023-07-17T01:52:46,2,2,1,0,0,0,3,0.325,-0.13999999999999999,remove_supply_chain_context
R01747,U0570,U0571,2023-07-17T02:48:54,3,3,0,0,0,0,1,0.375,-0.1,remove_supply_chain_context
R01748,U0027,U0742,2023-07-17T13:55:40,2,3,0,0,0,0,3,0.375,-0.1,remove_supply_chain_context
R01749,U1194,U1195,2023-07-17T16:47:57,2,1,1,0,0,0,2,0.9,0.32000000000000006,remove_supply_chain_context
R01750,U0274,U0275,2023-07-17T17:18:59,1,0,0,0,0,0,1,0.375,-0.1,remove_supply_chain_context
R01751,U0966,U0967,2023-07-17T19:21:27,4,2,1,0,0,0,2,0.9,0.32000000000000006,remove_supply_chain_context
R01752,U0076,U0077,2023-07-18T07:51:48,3,4,2,0,0,0,3,0.325,-0.13999999999999999,remove_supply_chain_context
R01753,U0248,U0249,2023-07-18T08:38:32,3,2,0,0,0,0,3,0.44,-0.048,remove_supply_chain_context
R01754,U0797,U0800,2023-07-18T08:42:42,2,1,0,0,0,0,4,0.325,-0.13999999999999999,remove_supply_chain_context
R01755,U0074,U0075,2023-07-18T10:05:58,3,4,1,0,0,0,0,0.9,0.32000000000000006,remove_supply_chain_context
R01756,U0502,U1202,2023-07-18T10:19:57,4,3,0,0,0,0,4,0.8,0.24,remove_supply_chain_context
R01757,U0338,U0340,2023-07-18T13:06:35,3,1,1,0,0,0,1,0.375,-0.1,remove_supply_chain_context
R01758,U0542,U1243,2023-07-18T16:15:33,3,3,0,0,0,0,0,0.44,-0.048,remove_supply_chain_context
R01759,U0901,U0904,2023-07-18T18:08:49,3,3,1,0,0,0,0,0.375,-0.1,remove_supply_chain_context
R01760,U0977,U0979,2023-07-18T20:53:03,3,3,1,0,0,0,1,0.375,-0.1,remove_supply_chain_context
R01761,U0811,U0812,2023-07-19T01:15:22,2,2,1,0,0,0,1,0.9,0.32000000000000006,remove_supply_chain_context
R01762,U0703,U0705,2023-07-19T03:12:47,3,4,1,0,0,0,3,0.8,0.24,remove_supply_chain_context
R01763,U0235,U0237,2023-07-19T07:34:10,4,3,0,0,0,0,1,0.375,-0.1,remove_supply_chain_context
R01764,U1031,U1034,2023-07-19T10:16:42,3,2,0,0,0,0,5,0.9,0.32000000000000006,remove_supply_chain_context
R01765,U0951,U0952,2023-07-19T10:53:13,4,4,2,0,0,0,1,0.44,-0.048,remove_supply_chain_context
R01766,U0067,U0779,2023-07-19T12:53:47,1,3,0,0,0,0,2,0.325,-0.13999999999999999,remove_supply_chain_context
R01767,U0495,U0499,2023-07-19T13:50:41,3,4,1,0,0,0,1,0.325,-0.13999999999999999,remove_supply_chain_context
R01768,U0047,U0759,2023-07-19T20:30:53,2,2,0,0,0,0,1,0.325,-0.13999999999999999,remove_supply_chain_context
R01769,U1129,U1130,2023-07-19T20:50:33,3,1,0,0,0,0,4,0.9,0.32000000000000006,remove_supply_chain_context
R01770,U0236,U0237,2023-07-20T00:44:02,4,4,2,0,0,0,0,0.8,0.24,remove_supply_chain_context
R01771,U0080,U0081,2023-07-20T03:22:37,3,3,2,0,0,0,3,0.375,-0.1,remove_supply_chain_context
R01772,U0541,U0543,2023-07-20T04:36:22,1,3,1,0,0,0,2,0.44,-0.048,remove_supply_chain_context
R01773,U0127,U0841,2023-07-20T05:40:55,1,2,0,0,0,0,2,0.375,-0.1,remove_supply_chain_context
R01774,U0839,U0842,2023-07-20T06:36:24,2,2,0,0,0,0,1,0.9,0.32000000000000006,remove_supply_chain_context
R01775,U0123,U0124,2023-07-20T08:55:52,3,4,1,0,0,0,3,0.375,-0.1,remove_supply_chain_context
R01776,U1288,U1289,2023-07-20T10:38:27,2,3,1,0,0,0,5,0.9,0.32000000000000006,remove_supply_chain_context
R01777,U0138,U0139,2023-07-20T12:34:23,3,2,1,0,0,0,2,0.325,-0.13999999999999999,remove_supply_chain_context
R01778,U0334,U1040,2023-07-20T15:30:37,3,4,0,0,0,1,4,0.9,0.32000000000000006,remove_supply_chain_context
R01779,U0446,U1151,2023-07-20T15:44:04,3,2,0,0,0,0,2,0.375,-0.1,remove_supply_chain_context
R01780,U0604,U1296,2023-07-20T20:44:48,2,4,0,0,0,0,2,0.8,0.24,remove_supply_chain_context
R01781,U0968,U0970,2023-07-20T23:31:16,2,2,0,0,0,0,2,0.375,-0.1,remove_supply_chain_context
R01782,U0730,U0731,2023-07-20T23:52:26,2,3,0,1,1,0,2,0.325,-0.13999999999999999,remove_supply_chain_context
R01783,U0629,U0631,2023-07-21T03:47:34,2,1,0,0,1,0,4,0.8,0.24,remove_supply_chain_context
R01784,U1357,U1358,2023-07-21T06:11:05,3,1,1,0,0,0,1,0.325,-0.13999999999999999,remove_supply_chain_context
R01785,U0292,U1002,2023-07-21T06:55:11,1,2,0,0,0,0,0,0.8,0.24,remove_supply_chain_context
R01786,U0353,U0354,2023-07-21T10:04:34,3,2,1,0,1,0,0,0.8,0.24,remove_supply_chain_context
R01787,U0693,U0694,2023-07-21T15:26:31,1,1,1,0,0,0,1,0.8,0.24,remove_supply_chain_context
R01788,U0304,U0306,2023-07-21T21:25:01,3,3,1,0,0,0,4,0.325,-0.13999999999999999,remove_supply_chain_context
R01789,U0986,U0988,2023-07-21T22:56:59,2,3,0,0,0,0,5,0.44,-0.048,remove_supply_chain_context
R01790,U0534,U0536,2023-07-22T05:17:37,2,2,0,0,0,0,0,0.9,0.32000000000000006,remove_supply_chain_context
R01791,U0105,U0106,2023-07-22T05:17:51,4,3,1,0,0,0,1,0.375,-0.1,remove_supply_chain_context
R01792,U0973,U0975,2023-07-22T06:36:38,2,1,0,0,0,0,0,0.9,0.32000000000000006,remove_supply_chain_context
R01793,U0336,U0338,2023-07-22T08:13:23,2,4,0,0,0,0,3,0.44,-0.048,remove_supply_chain_context
R01794,U0523,U1221,2023-07-22T09:19:42,4,2,0,0,0,0,1,0.9,0.32000000000000006,remove_supply_chain_context
R01795,U0420,U0421,2023-07-22T10:10:43,3,1,1,0,0,0,1,0.9,0.32000000000000006,remove_supply_chain_context
R01796,U0136,U0847,2023-07-22T16:17:28,1,3,0,0,0,0,0,0.9,0.32000000000000006,remove_supply_chain_context
R01797,U0328,U1035,2023-07-22T19:09:33,3,1,0,0,0,0,1,0.9,0.32000000000000006,remove_supply_chain_context
R01798,U0938,U0940,2023-07-22T22:17:46,1,1,0,0,0,0,2,0.325,-0.13999999999999999,remove_supply_chain_context
R01799,U1147,U1148,2023-07-22T23:05:15,3,2,1,0,0,0,2,0.375,-0.1,remove_supply_chain_context
R01800,U1304,U1306,2023-07-22T23:32:55,3,4,0,0,0,0,1,0.375,-0.1,remove_supply_chain_context
R01801,U0933,U0934,2023-07-22T23:42:14,3,2,1,0,0,0,4,0.325,-0.13999999999999999,remove_supply_chain_context
R01802,U1215,U1217,2023-07-23T00:23:21,3,1,0,0,0,0,0,0.44,-0.048,remove_supply_chain_context
R01803,U0406,U0407,2023-07-23T10:54:06,1,2,1,0,0,0,4,0.375,-0.1,remove_supply_chain_context
R01804,U0681,U1364,2023-07-23T11:26:34,3,3,0,0,0,0,3,0.375,-0.1,remove_supply_chain_context
R01805,U0340,U0343,2023-07-23T14:24:38,2,2,0,0,0,0,1,0.325,-0.13999999999999999,remove_supply_chain_context
R01806,U0384,U0385,2023-07-23T18:13:37,4,3,1,0,0,0,3,0.9,0.32000000000000006,remove_supply_chain_context
R01807,U0139,U0850,2023-07-23T20:14:52,3,2,0,0,0,0,2,0.375,-0.1,remove_supply_chain_context
R01808,U0061,U0773,2023-07-23T20:39:05,2,2,0,0,0,0,2,0.9,0.32000000000000006,remove_supply_chain_context
R01809,U0832,U0833,2023-07-23T21:16:54,3,3,1,0,0,0,0,0.44,-0.048,remove_supply_chain_context
R01810,U0346,U1052,2023-07-24T00:43:34,2,1,0,0,0,1,0,0.8,0.24,remove_supply_chain_context
R01811,U0175,U0177,2023-07-24T01:17:30,3,4,1,1,1,0,3,0.375,-0.1,remove_supply_chain_context
R01812,U0089,U0092,2023-07-24T02:00:45,2,4,0,0,0,0,3,0.325,-0.13999999999999999,remove_supply_chain_context
R01813,U0776,U0778,2023-07-24T02:14:57,2,2,1,0,1,0,2,0.8,0.24,remove_supply_chain_context
R01814,U0258,U0261,2023-07-24T04:41:36,2,2,0,0,0,0,0,0.375,-0.1,remove_supply_chain_context
R01815,U1276,U1277,2023-07-24T05:28:24,1,1,0,0,0,0,0,0.375,-0.1,remove_supply_chain_context
R01816,U0326,U0327,2023-07-24T09:03:18,2,4,1,0,0,1,6,0.9,0.32000000000000006,remove_supply_chain_context
R01817,U1033,U1035,2023-07-24T09:07:59,2,2,0,0,0,0,5,0.375,-0.1,remove_supply_chain_context
R01818,U0690,U0691,2023-07-24T11:42:15,3,2,1,0,0,0,2,0.44,-0.048,remove_supply_chain_context
R01819,U0674,U0675,2023-07-24T12:30:32,3,1,1,0,0,0,2,0.375,-0.1,remove_supply_chain_context
R01820,U1216,U1218,2023-07-24T12:50:43,2,2,0,0,0,1,0,0.8,0.24,remove_supply_chain_context
R01821,U0700,U0701,2023-07-24T16:27:21,2,4,0,0,0,1,2,0.325,-0.13999999999999999,remove_supply_chain_context
R01822,U0790,U0791,2023-07-24T17:52:59,4,2,1,0,0,0,1,0.9,0.32000000000000006,remove_supply_chain_context
R01823,U0628,U0631,2023-07-24T18:31:00,0,2,0,0,0,0,4,0.375,-0.1,remove_supply_chain_context
R01824,U0540,U0541,2023-07-24T18:34:40,2,2,0,0,0,0,1,0.375,-0.1,remove_supply_chain_context
R01825,U0972,U0973,2023-07-24T22:21:49,3,3,1,0,0,0,1,0.325,-0.13999999999999999,remove_supply_chain_context
R01826,U1204,U1205,2023-07-24T23:13:56,2,3,1,0,0,0,3,0.375,-0.1,remove_supply_chain_context
R01827,U0508,U0510,2023-07-25T01:30:47,3,2,1,0,0,0,1,0.375,-0.1,remove_supply_chain_context
R01828,U0805,U0806,2023-07-25T02:26:30,3,2,0,0,0,0,1,0.9,0.32000000000000006,remove_supply_chain_context
R01829,U1038,U1039,2023-07-25T03:39:58,2,3,2,0,0,0,2,0.325,-0.13999999999999999,remove_supply_chain_context
R01830,U0182,U0183,2023-07-25T06:22:06,3,1,0,0,1,0,5,0.375,-0.1,remove_supply_chain_context
R01831,U1039,U1042,2023-07-25T06:42:05,4,4,1,0,0,0,3,0.9,0.32000000000000006,remove_supply_chain_context
R01832,U1251,U1252,2023-07-25T06:43:55,1,1,0,0,0,0,4,0.44,-0.048,remove_supply_chain_context
R01833,U1048,U1050,2023-07-25T10:49:21,2,2,1,0,0,0,5,0.9,0.32000000000000006,remove_supply_chain_context
R01834,U0968,U0969,2023-07-25T12:47:41,3,2,1,0,0,0,3,0.8,0.24,remove_supply_chain_context
R01835,U0791,U0793,2023-07-25T13:48:36,3,4,1,0,0,0,0,0.44,-0.048,remove_supply_chain_context
R01836,U0994,U0995,2023-07-26T01:44:02,3,1,0,0,0,0,4,0.9,0.32000000000000006,remove_supply_chain_context
R01837,U1293,U1295,2023-07-26T02:42:24,4,2,1,0,0,0,1,0.9,0.32000000000000006,remove_supply_chain_context
R01838,U0098,U0099,2023-07-26T05:41:31,3,2,1,0,0,0,1,0.9,0.32000000000000006,remove_supply_chain_context
R01839,U0735,U0737,2023-07-26T08:19:12,2,2,0,0,0,0,5,0.44,-0.048,remove_supply_chain_context
R01840,U0369,U1075,2023-07-26T10:10:28,3,3,0,0,0,0,1,0.8,0.24,remove_supply_chain_context
R01841,U1068,U1070,2023-07-26T14:38:20,1,2,0,0,0,0,3,0.44,-0.048,remove_supply_chain_context
R01842,U1196,U1197,2023-07-26T16:17:37,2,1,0,0,0,0,0,0.9,0.32000000000000006,remove_supply_chain_context
R01843,U1161,U1162,2023-07-26T18:14:58,4,3,1,0,0,0,0,0.44,-0.048,remove_supply_chain_context
R01844,U0663,U1349,2023-07-26T22:04:42,4,2,0,0,0,0,2,0.375,-0.1,remove_supply_chain_context
R01845,U0421,U0422,2023-07-26T23:01:27,2,1,0,0,0,0,3,0.325,-0.13999999999999999,remove_supply_chain_context
R01846,U1097,U1099,2023-07-27T06:46:22,3,3,1,0,0,0,2,0.44,-0.048,remove_supply_chain_context
R01847,U0491,U1195,2023-07-27T12:41:06,2,2,0,0,0,0,4,0.9,0.32000000000000006,remove_supply_chain_context
R01848,U0346,U0348,2023-07-27T13:20:29,3,2,1,0,0,0,4,0.325,-0.13999999999999999,remove_supply_chain_context
R01849,U1393,U1395,2023-07-27T14:13:17,4,3,1,0,0,0,2,0.375,-0.1,remove_supply_chain_context
R01850,U0242,U0245,2023-07-27T16:09:04,4,2,0,0,0,0,3,0.325,-0.13999999999999999,remove_supply_chain_context
R01851,U0300,U0302,2023-07-27T16:57:43,3,3,1,0,0,0,6,0.375,-0.1,remove_supply_chain_context
R01852,U0914,U0915,2023-07-27T16:58:09,3,3,1,0,0,0,6,0.375,-0.1,remove_supply_chain_context
R01853,U0197,U0198,2023-07-27T18:57:35,2,1,0,0,0,0,4,0.8,0.24,remove_supply_chain_context
R01854,U0539,U0540,2023-07-27T19:03:44,3,3,1,0,0,0,2,0.375,-0.1,remove_supply_chain_context
R01855,U0413,U1123,2023-07-27T20:02:32,2,2,0,0,0,0,0,0.9,0.32000000000000006,remove_supply_chain_context
R01856,U0244,U0245,2023-07-28T00:16:47,2,3,1,0,0,0,4,0.44,-0.048,remove_supply_chain_context
R01857,U0516,U0518,2023-07-28T04:28:33,3,3,0,0,0,0,6,0.8,0.24,remove_supply_chain_context
R01858,U0354,U0355,2023-07-28T06:18:51,3,2,0,0,0,1,0,0.375,-0.1,remove_supply_chain_context
R01859,U0980,U0982,2023-07-28T06:25:25,2,2,0,0,0,0,2,0.9,0.32000000000000006,remove_supply_chain_context
R01860,U0068,U0780,2023-07-28T06:59:08,3,3,0,0,0,0,0,0.375,-0.1,remove_supply_chain_context
R01861,U0359,U0360,2023-07-28T07:15:55,2,3,1,0,0,0,1,0.9,0.32000000000000006,remove_supply_chain_context
R01862,U0424,U0426,2023-07-28T12:45:31,2,2,0,0,0,0,4,0.9,0.32000000000000006,remove_supply_chain_context
R01863,U0743,U0744,2023-07-28T14:41:25,1,3,0,0,0,0,2,0.375,-0.1,remove_supply_chain_context
R01864,U0455,U0457,2023-07-28T19:42:06,3,2,1,0,0,0,0,0.44,-0.048,remove_supply_chain_context
R01865,U0756,U0757,2023-07-28T20:37:48,3,3,2,0,0,0,3,0.375,-0.1,remove_supply_chain_context
R01866,U0691,U0693,2023-08-01T00:29:54,3,2,0,0,0,0,1,0.325,-0.13999999999999999,remove_supply_chain_context
R01867,U1208,U1210,2023-08-01T00:30:58,2,1,0,0,0,0,0,0.9,0.32000000000000006,remove_supply_chain_context
R01868,U0065,U0067,2023-08-01T02:20:46,2,2,1,0,0,0,5,0.9,0.32000000000000006,remove_supply_chain_context
R01869,U0778,U0779,2023-08-01T03:06:01,3,4,2,0,0,0,1,0.375,-0.1,remove_supply_chain_context
R01870,U0411,U1120,2023-08-01T08:44:15,3,2,0,0,0,0,0,0.8,0.24,remove_supply_chain_context
R01871,U0539,U0541,2023-08-01T09:39:39,4,3,1,0,0,1,3,0.325,-0.13999999999999999,remove_supply_chain_context
R01872,U0876,U0878,2023-08-01T10:38:30,3,3,1,0,0,0,2,0.9,0.32000000000000006,remove_supply_chain_context
R01873,U1372,U1375,2023-08-01T11:13:34,4,1,0,0,0,0,3,0.9,0.32000000000000006,remove_supply_chain_context
R01874,U0309,U0311,2023-08-01T12:29:16,2,3,0,0,0,0,1,0.375,-0.1,remove_supply_chain_context
R01875,U1226,U1229,2023-08-01T12:51:10,3,3,0,0,0,0,1,0.375,-0.1,remove_supply_chain_context
R01876,U0284,U0286,2023-08-01T13:31:00,1,4,0,0,0,0,3,0.9,0.32000000000000006,remove_supply_chain_context
R01877,U0183,U0186,2023-08-01T14:00:48,2,1,0,0,0,0,5,0.325,-0.13999999999999999,remove_supply_chain_context
R01878,U0464,U0467,2023-08-01T15:22:17,4,3,1,0,0,0,0,0.44,-0.048,remove_supply_chain_context
R01879,U1233,U1235,2023-08-01T17:09:34,1,3,1,0,0,0,4,0.8,0.24,remove_supply_chain_context
R01880,U0372,U0374,2023-08-01T17:14:51,2,1,0,0,0,0,1,0.375,-0.1,remove_supply_chain_context
R01881,U1064,U1067,2023-08-01T22:23:18,3,2,1,0,0,0,1,0.325,-0.13999999999999999,remove_supply_chain_context
R01882,U1073,U1074,2023-08-02T03:48:39,1,3,0,0,0,0,2,0.9,0.32000000000000006,remove_supply_chain_context
R01883,U0408,U0409,2023-08-02T03:52:29,4,2,1,0,0,0,1,0.325,-0.13999999999999999,remove_supply_chain_context
R01884,U0583,U1278,2023-08-02T05:37:40,2,1,0,0,0,0,5,0.8,0.24,remove_supply_chain_context
R01885,U0811,U0813,2023-08-02T05:59:17,3,1,0,0,0,0,3,0.375,-0.1,remove_supply_chain_context
R01886,U1051,U1052,2023-08-02T07:52:56,4,2,0,0,0,0,4,0.44,-0.048,remove_supply_chain_context
R01887,U0168,U0877,2023-08-02T15:54:49,2,4,0,0,0,0,5,0.9,0.32000000000000006,remove_supply_chain_context
R01888,U0003,U0716,2023-08-02T16:31:07,3,2,0,0,0,0,0,0.375,-0.1,remove_supply_chain_context
R01889,U1280,U1281,2023-08-02T21:45:03,2,2,1,0,0,0,4,0.44,-0.048,remove_supply_chain_context
R01890,U0563,U0564,2023-08-02T22:50:07,1,3,1,0,0,0,2,0.375,-0.1,remove_supply_chain_context
R01891,U0752,U0755,2023-08-03T03:24:03,2,4,1,0,0,0,4,0.44,-0.048,remove_supply_chain_context
R01892,U0757,U0759,2023-08-03T03:51:47,4,3,0,0,0,0,4,0.9,0.32000000000000006,remove_supply_chain_context
R01893,U0342,U0343,2023-08-03T12:50:47,1,3,0,0,0,0,2,0.9,0.32000000000000006,remove_supply_chain_context
R01894,U0091,U0806,2023-08-03T21:35:32,1,3,0,0,0,0,3,0.375,-0.1,remove_supply_chain_context
R01895,U0830,U0831,2023-08-03T22:24:28,3,2,1,0,0,0,2,0.9,0.32000000000000006,remove_supply_chain_context
R01896,U0102,U0103,2023-08-03T23:57:12,3,3,0,0,0,0,0,0.9,0.32000000000000006,remove_supply_chain_context
R01897,U0344,U1050,2023-08-04T02:50:39,3,3,0,0,0,0,0,0.44,-0.048,remove_supply_chain_context
R01898,U0487,U1192,2023-08-04T03:05:19,3,4,0,0,0,0,2,0.375,-0.1,remove_supply_chain_context
R01899,U0028,U0031,2023-08-04T04:04:41,2,1,0,0,0,0,0,0.375,-0.1,remove_supply_chain_context
R01900,U1346,U1348,2023-08-04T04:30:15,1,3,0,0,0,0,2,0.44,-0.048,remove_supply_chain_context
R01901,U0608,U1300,2023-08-04T14:10:45,2,2,0,0,0,0,3,0.325,-0.13999999999999999,remove_supply_chain_context
R01902,U0941,U0942,2023-08-04T14:55:54,3,2,1,0,1,0,5,0.8,0.24,remove_supply_chain_context
R01903,U0370,U0371,2023-08-04T15:20:59,3,3,1,0,0,0,1,0.375,-0.1,remove_supply_chain_context
R01904,U0207,U0208,2023-08-04T15:51:27,4,4,2,0,0,0,4,0.8,0.24,remove_supply_chain_context
R01905,U0011,U0012,2023-08-04T20:45:19,4,2,2,0,0,0,1,0.325,-0.13999999999999999,remove_supply_chain_context
R01906,U0342,U0344,2023-08-04T23:38:48,2,4,1,0,0,0,3,0.9,0.32000000000000006,remove_supply_chain_context
R01907,U0821,U0822,2023-08-04T23:44:18,3,2,0,0,0,0,0,0.325,-0.13999999999999999,remove_supply_chain_context
R01908,U0285,U0287,2023-08-05T00:27:51,2,3,1,0,0,0,3,0.375,-0.1,remove_supply_chain_context
R01909,U0737,U0739,2023-08-05T04:43:29,3,2,0,0,0,0,3,0.9,0.32000000000000006,remove_supply_chain_context
R01910,U1141,U1143,2023-08-05T05:05:38,2,3,0,0,0,0,4,0.8,0.24,remove_supply_chain_context
R01911,U0292,U0294,2023-08-05T06:57:43,2,0,0,0,0,0,4,0.44,-0.048,remove_supply_chain_context
R01912,U0878,U0880,2023-08-05T10:09:06,4,3,1,0,0,0,2,0.325,-0.13999999999999999,remove_supply_chain_context
R01913,U0741,U0743,2023-08-05T11:40:46,3,2,0,0,0,0,5,0.375,-0.1,remove_supply_chain_context
R01914,U0266,U0267,2023-08-05T13:14:33,3,3,2,0,0,0,2,0.9,0.32000000000000006,remove_supply_chain_context
R01915,U0035,U0748,2023-08-05T17:08:32,3,0,0,0,0,0,2,0.325,-0.13999999999999999,remove_supply_chain_context
R01916,U0261,U0969,2023-08-05T19:10:59,3,3,0,0,0,0,2,0.44,-0.048,remove_supply_chain_context
R01917,U0425,U1134,2023-08-05T20:28:18,2,2,0,0,0,0,2,0.375,-0.1,remove_supply_chain_context
R01918,U0136,U0138,2023-08-05T22:49:44,2,4,0,0,0,0,1,0.375,-0.1,remove_supply_chain_context
R01919,U1364,U1366,2023-08-05T23:28:23,4,2,0,0,0,0,2,0.44,-0.048,remove_supply_chain_context
R01920,U1056,U1059,2023-08-06T00:19:29,1,3,0,0,0,0,2,0.375,-0.1,remove_supply_chain_context
R01921,U0679,U0682,2023-08-06T04:58:54,2,3,0,0,0,0,3,0.8,0.24,remove_supply_chain_context
R01922,U0191,U0192,2023-08-06T12:51:34,2,3,2,0,0,0,0,0.9,0.32000000000000006,remove_supply_chain_context
R01923,U0549,U1249,2023-08-06T15:03:30,3,1,0,1,1,0,1,0.44,-0.048,remove_supply_chain_context
R01924,U1335,U1336,2023-08-06T15:44:45,2,2,1,0,0,0,1,0.375,-0.1,remove_supply_chain_context
R01925,U1123,U1124,2023-08-06T16:40:00,3,4,2,0,0,0,1,0.9,0.32000000000000006,remove_supply_chain_context
R01926,U0561,U0563,2023-08-06T17:30:12,2,2,0,0,0,0,3,0.325,-0.13999999999999999,remove_supply_chain_context
R01927,U0260,U0262,2023-08-06T17:42:05,1,2,0,0,0,0,2,0.325,-0.13999999999999999,remove_supply_chain_context
R01928,U0710,U0711,2023-08-06T22:03:46,2,4,2,0,0,0,2,0.375,-0.1,remove_supply_chain_context
R01929,U1343,U1344,2023-08-07T01:23:14,4,1,1,0,0,0,4,0.9,0.32000000000000006,remove_supply_chain_context
R01930,U0980,U0981,2023-08-07T06:16:52,3,3,0,0,0,0,4,0.8,0.24,remove_supply_chain_context
R01931,U0069,U0781,2023-08-07T13:21:53,1,3,0,0,0,0,1,0.8,0.24,remove_supply_chain_context
R01932,U0041,U0752,2023-08-07T16:06:15,3,3,0,0,0,0,3,0.9,0.32000000000000006,remove_supply_chain_context
R01933,U0046,U0048,2023-08-07T21:59:42,2,2,0,0,0,0,1,0.325,-0.13999999999999999,remove_supply_chain_context
R01934,U0707,U0709,2023-08-08T02:13:44,2,2,0,0,0,0,0,0.44,-0.048,remove_supply_chain_context
R01935,U1102,U1104,2023-08-08T02:34:02,3,3,1,0,0,0,2,0.375,-0.1,remove_supply_chain_context
R01936,U0035,U0039,2023-08-08T06:19:16,4,4,1,0,0,0,2,0.8,0.24,remove_supply_chain_context
R01937,U1273,U1274,2023-08-08T08:00:48,3,1,0,0,0,0,1,0.44,-0.048,remove_supply_chain_context
R01938,U0381,U1086,2023-08-08T09:04:55,2,4,0,0,0,0,1,0.375,-0.1,remove_supply_chain_context
R01939,U0919,U0920,2023-08-08T13:31:36,1,2,0,0,0,0,0,0.9,0.32000000000000006,remove_supply_chain_context
R01940,U0423,U0425,2023-08-08T13:49:21,2,3,0,0,0,0,3,0.9,0.32000000000000006,remove_supply_chain_context
R01941,U1360,U1362,2023-08-08T18:33:37,1,3,1,0,0,0,1,0.9,0.32000000000000006,remove_supply_chain_context
R01942,U0430,U0431,2023-08-08T22:07:27,3,4,1,0,0,1,3,0.8,0.24,remove_supply_chain_context
R01943,U0196,U0908,2023-08-08T23:12:10,2,2,0,0,0,0,4,0.9,0.32000000000000006,remove_supply_chain_context
R01944,U1366,U1368,2023-08-09T05:18:00,3,2,0,0,0,0,4,0.375,-0.1,remove_supply_chain_context
R01945,U0146,U0147,2023-08-09T09:58:13,2,2,0,0,0,0,4,0.325,-0.13999999999999999,remove_supply_chain_context
R01946,U1063,U1064,2023-08-09T11:27:54,1,4,1,0,0,0,1,0.8,0.24,remove_supply_chain_context
R01947,U0544,U0548,2023-08-09T12:16:22,2,3,0,0,0,0,4,0.44,-0.048,remove_supply_chain_context
R01948,U0533,U1233,2023-08-09T12:28:54,4,2,0,0,0,0,1,0.9,0.32000000000000006,remove_supply_chain_context
R01949,U0355,U0356,2023-08-09T13:56:03,3,2,2,0,0,0,1,0.9,0.32000000000000006,remove_supply_chain_context
R01950,U1376,U1381,2023-08-09T15:04:50,2,2,0,0,0,0,3,0.375,-0.1,remove_supply_chain_context
R01951,U0749,U0750,2023-08-09T16:41:41,2,3,0,0,0,0,2,0.375,-0.1,remove_supply_chain_context
R01952,U0839,U0841,2023-08-09T18:09:20,3,3,2,0,0,0,1,0.9,0.32000000000000006,remove_supply_chain_context
R01953,U0426,U0428,2023-08-09T18:28:52,3,3,1,0,0,0,4,0.44,-0.048,remove_supply_chain_context
R01954,U0493,U0495,2023-08-09T20:29:52,3,4,2,0,0,0,2,0.44,-0.048,remove_supply_chain_context
R01955,U1307,U1309,2023-08-09T20:46:20,2,2,1,0,0,0,0,0.375,-0.1,remove_supply_chain_context
R01956,U0922,U0924,2023-08-09T23:35:29,2,1,0,0,0,0,4,0.8,0.24,remove_supply_chain_context
R01957,U1105,U1107,2023-08-10T05:23:20,1,2,0,0,1,0,0,0.375,-0.1,remove_supply_chain_context
R01958,U0309,U0312,2023-08-10T07:43:30,3,3,1,0,0,0,1,0.375,-0.1,remove_supply_chain_context
R01959,U0964,U0965,2023-08-10T08:40:27,4,3,2,0,0,0,1,0.9,0.32000000000000006,remove_supply_chain_context
R01960,U0642,U0646,2023-08-10T09:31:05,3,3,0,0,0,0,4,0.375,-0.1,remove_supply_chain_context
R01961,U0421,U0423,2023-08-10T11:41:44,3,3,1,0,0,0,4,0.9,0.32000000000000006,remove_supply_chain_context
R01962,U1290,U1292,2023-08-10T23:41:49,3,2,1,0,0,0,6,0.325,-0.13999999999999999,remove_supply_chain_context
R01963,U0616,U0622,2023-08-11T01:41:21,4,1,1,0,0,1,5,0.375,-0.1,remove_supply_chain_context
R01964,U1217,U1219,2023-08-11T01:57:15,2,2,0,0,0,0,2,0.9,0.32000000000000006,remove_supply_chain_context
R01965,U0536,U1236,2023-08-11T04:45:57,3,2,0,0,0,0,0,0.44,-0.048,remove_supply_chain_context
R01966,U1260,U1261,2023-08-11T04:53:28,3,3,1,0,0,0,5,0.44,-0.048,remove_supply_chain_context
R01967,U1219,U1221,2023-08-11T06:12:22,3,3,1,0,0,0,0,0.375,-0.1,remove_supply_chain_context
R01968,U0611,U0613,2023-08-11T09:04:47,4,4,2,0,0,0,0,0.44,-0.048,remove_supply_chain_context
R01969,U0643,U0648,2023-08-11T09:19:22,2,3,0,0,0,0,4,0.325,-0.13999999999999999,remove_supply_chain_context
R01970,U0270,U0271,2023-08-11T12:39:54,3,3,0,0,0,0,5,0.9,0.32000000000000006,remove_supply_chain_context
R01971,U0816,U0817,2023-08-11T15:06:40,2,3,1,0,0,0,4,0.9,0.32000000000000006,remove_supply_chain_context
R01972,U0787,U0791,2023-08-11T15:17:41,3,4,1,0,0,0,1,0.325,-0.13999999999999999,remove_supply_chain_context
R01973,U0062,U0064,2023-08-12T03:40:57,1,2,0,0,0,0,4,0.375,-0.1,remove_supply_chain_context
R01974,U0654,U0657,2023-08-12T04:25:38,3,2,1,0,0,0,3,0.9,0.32000000000000006,remove_supply_chain_context
R01975,U0155,U0156,2023-08-12T05:05:58,4,3,1,0,0,0,2,0.375,-0.1,remove_supply_chain_context
R01976,U0747,U0748,2023-08-12T06:30:01,3,1,0,0,0,0,1,0.9,0.32000000000000006,remove_supply_chain_context
R01977,U0648,U1334,2023-08-12T13:52:07,4,3,0,0,0,0,3,0.44,-0.048,remove_supply_chain_context
R01978,U1247,U1250,2023-08-12T15:04:08,3,1,0,0,1,0,3,0.44,-0.048,remove_supply_chain_context
R01979,U0800,U0802,2023-08-13T00:45:44,2,2,0,0,1,0,1,0.8,0.24,remove_supply_chain_context
R01980,U1096,U1097,2023-08-13T04:16:01,2,4,1,0,0,0,1,0.44,-0.048,remove_supply_chain_context
R01981,U0292,U0293,2023-08-13T06:37:57,3,0,0,0,0,0,3,0.44,-0.048,remove_supply_chain_context
R01982,U1231,U1233,2023-08-13T07:12:28,4,3,0,0,0,0,2,0.44,-0.048,remove_supply_chain_context
R01983,U0967,U0969,2023-08-13T07:38:01,3,4,1,0,0,0,3,0.375,-0.1,remove_supply_chain_context
R01984,U1221,U1222,2023-08-13T09:01:37,4,3,2,0,0,1,1,0.8,0.24,remove_supply_chain_context
R01985,U0404,U1109,2023-08-13T13:50:10,3,2,0,0,0,0,3,0.8,0.24,remove_supply_chain_context
R01986,U1280,U1282,2023-08-13T14:23:17,3,0,0,0,0,0,4,0.375,-0.1,remove_supply_chain_context
R01987,U0442,U0444,2023-08-13T16:31:55,2,2,0,0,0,0,5,0.9,0.32000000000000006,remove_supply_chain_context
R01988,U0261,U0262,2023-08-13T19:18:51,4,3,2,0,0,0,2,0.375,-0.1,remove_supply_chain_context
R01989,U1358,U1359,2023-08-13T19:53:46,2,2,1,0,0,0,3,0.44,-0.048,remove_supply_chain_context
R01990,U0288,U0289,2023-08-13T20:34:03,3,2,1,0,0,0,4,0.375,-0.1,remove_supply_chain_context
R01991,U0541,U1241,2023-08-13T21:44:21,4,0,0,0,0,0,1,0.9,0.32000000000000006,remove_supply_chain_context
R01992,U0081,U0796,2023-08-14T02:15:18,4,2,0,0,0,1,1,0.375,-0.1,remove_supply_chain_context
R01993,U1275,U1277,2023-08-14T04:19:35,2,2,0,0,0,0,4,0.8,0.24,remove_supply_chain_context
R01994,U0569,U1266,2023-08-14T05:00:34,3,2,0,0,0,0,5,0.44,-0.048,remove_supply_chain_context
R01995,U0262,U0970,2023-08-14T10:40:57,4,3,0,0,0,0,1,0.375,-0.1,remove_supply_chain_context
R01996,U1217,U1218,2023-08-14T12:40:51,3,3,0,0,0,0,5,0.8,0.24,remove_supply_chain_context
R01997,U1175,U1177,2023-08-14T15:30:02,2,2,0,0,0,0,3,0.375,-0.1,remove_supply_chain_context
R01998,U1208,U1209,2023-08-14T19:45:05,3,1,0,0,0,0,2,0.8,0.24,remove_supply_chain_context
R01999,U0700,U0702,2023-08-14T20:09:46,3,3,1,0,0,0,6,0.44,-0.048,remove_supply_chain_context
R02000,U0047,U0048,2023-08-14T20:33:26,3,3,2,0,0,0,3,0.44,-0.048,remove_supply_chain_context
R02001,U1142,U1143,2023-08-14T22:04:59,2,4,0,0,1,0,4,0.9,0.32000000000000006,remove_supply_chain_context
R02002,U1251,U1253,2023-08-14T22:30:25,2,1,0,0,0,0,0,0.8,0.24,remove_supply_chain_context
R02003,U0911,U0913,2023-08-14T23:01:24,2,2,0,0,0,0,0,0.325,-0.13999999999999999,remove_supply_chain_context
R02004,U0306,U0309,2023-08-14T23:05:11,4,4,2,0,0,0,0,0.8,0.24,remove_supply_chain_context
R02005,U1215,U1216,2023-08-15T02:01:27,4,3,1,0,0,0,5,0.44,-0.048,remove_supply_chain_context
R02006,U0123,U0125,2023-08-15T02:14:58,4,2,1,0,0,0,3,0.9,0.32000000000000006,remove_supply_chain_context
R02007,U0782,U0785,2023-08-15T04:03:00,3,3,1,0,0,0,1,0.44,-0.048,remove_supply_chain_context
R02008,U0348,U1054,2023-08-15T06:14:11,3,4,0,0,0,0,2,0.325,-0.13999999999999999,remove_supply_chain_context
R02009,U1358,U1360,2023-08-15T07:15:54,3,2,0,0,0,0,1,0.8,0.24,remove_supply_chain_context
R02010,U0546,U0548,2023-08-15T14:08:31,4,4,2,0,0,0,1,0.375,-0.1,remove_supply_chain_context
R02011,U0283,U0284,2023-08-15T14:30:39,3,2,0,0,0,0,3,0.375,-0.1,remove_supply_chain_context
R02012,U0218,U0220,2023-08-15T16:32:23,2,4,1,0,0,1,3,0.9,0.32000000000000006,remove_supply_chain_context
R02013,U0154,U0865,2023-08-15T17:25:36,3,4,0,0,0,0,3,0.325,-0.13999999999999999,remove_supply_chain_context
R02014,U0161,U0163,2023-08-15T20:28:37,4,3,1,0,0,1,1,0.375,-0.1,remove_supply_chain_context
R02015,U0052,U0764,2023-08-15T22:08:23,2,2,0,0,0,0,3,0.9,0.32000000000000006,remove_supply_chain_context
R02016,U0812,U0814,2023-08-16T03:52:45,3,4,0,0,0,0,2,0.375,-0.1,remove_supply_chain_context
R02017,U1195,U1196,2023-08-16T06:00:08,3,3,0,0,0,0,2,0.9,0.32000000000000006,remove_supply_chain_context
R02018,U0594,U1287,2023-08-16T07:23:45,4,3,0,0,0,0,3,0.325,-0.13999999999999999,remove_supply_chain_context
R02019,U0751,U0752,2023-08-16T09:05:40,2,4,2,0,0,0,4,0.9,0.32000000000000006,remove_supply_chain_context
R02020,U0148,U0151,2023-08-17T05:33:58,1,2,0,0,1,0,0,0.375,-0.1,remove_supply_chain_context
R02021,U0744,U0745,2023-08-17T09:01:29,4,2,1,0,0,0,1,0.375,-0.1,remove_supply_chain_context
R02022,U0746,U0747,2023-08-17T09:33:32,3,4,1,0,0,0,4,0.375,-0.1,remove_supply_chain_context
R02023,U1108,U1111,2023-08-17T15:10:24,3,1,0,0,0,0,3,0.375,-0.1,remove_supply_chain_context
R02024,U0245,U0956,2023-08-17T16:38:51,4,2,0,0,0,0,4,0.44,-0.048,remove_supply_chain_context
R02025,U0330,U0333,2023-08-17T16:40:52,4,4,1,0,0,0,2,0.375,-0.1,remove_supply_chain_context
R02026,U0918,U0920,2023-08-17T23:12:46,3,3,0,0,0,0,1,0.9,0.32000000000000006,remove_supply_chain_context
R02027,U0815,U0816,2023-08-18T00:55:39,1,3,1,0,0,0,0,0.9,0.32000000000000006,remove_supply_chain_context
R02028,U0131,U0132,2023-08-18T04:41:40,0,3,0,0,0,0,2,0.44,-0.048,remove_supply_chain_context
R02029,U0178,U0179,2023-08-18T07:48:12,3,3,2,0,0,0,3,0.8,0.24,remove_supply_chain_context
R02030,U0606,U1298,2023-08-18T08:21:31,2,2,0,0,0,0,2,0.8,0.24,remove_supply_chain_context
R02031,U1065,U1068,2023-08-18T11:55:45,2,2,1,0,0,0,4,0.44,-0.048,remove_supply_chain_context
R02032,U1081,U1084,2023-08-18T14:18:21,2,4,0,0,0,0,5,0.9,0.32000000000000006,remove_supply_chain_context
R02033,U0115,U0116,2023-08-18T14:55:56,3,4,1,0,0,0,0,0.375,-0.1,remove_supply_chain_context
R02034,U0322,U0324,2023-08-18T17:13:11,3,3,0,0,0,0,4,0.375,-0.1,remove_supply_chain_context
R02035,U0366,U1073,2023-08-18T18:10:01,3,2,0,0,0,0,0,0.9,0.32000000000000006,remove_supply_chain_context
R02036,U1332,U1334,2023-08-18T18:48:37,3,4,1,0,0,0,2,0.44,-0.048,remove_supply_chain_context
R02037,U0417,U1126,2023-08-19T02:05:07,3,4,0,0,0,0,1,0.44,-0.048,remove_supply_chain_context
R02038,U1245,U1246,2023-08-19T04:02:11,2,3,1,0,0,0,1,0.375,-0.1,remove_supply_chain_context
R02039,U0672,U0674,2023-08-19T05:11:49,2,4,0,0,0,0,2,0.375,-0.1,remove_supply_chain_context
R02040,U0714,U0715,2023-08-19T07:07:07,2,2,0,0,0,0,0,0.9,0.32000000000000006,remove_supply_chain_context
R02041,U0831,U0833,2023-08-19T12:30:46,3,4,0,0,0,0,3,0.44,-0.048,remove_supply_chain_context
R02042,U0411,U0413,2023-08-19T18:30:00,4,3,0,0,0,0,3,0.325,-0.13999999999999999,remove_supply_chain_context
R02043,U0656,U0659,2023-08-19T21:27:44,4,2,0,0,0,0,2,0.8,0.24,remove_supply_chain_context
R02044,U0371,U0372,2023-08-19T22:15:32,4,3,1,0,0,0,1,0.325,-0.13999999999999999,remove_supply_chain_context
R02045,U1336,U1338,2023-08-19T23:39:55,3,4,1,0,0,0,1,0.375,-0.1,remove_supply_chain_context
R02046,U1351,U1353,2023-08-20T00:29:08,1,2,0,0,0,0,0,0.9,0.32000000000000006,remove_supply_chain_context
R02047,U0948,U0950,2023-08-20T02:50:05,4,4,1,0,0,0,2,0.9,0.32000000000000006,remove_supply_chain_context
R02048,U1349,U1351,2023-08-20T07:00:16,3,2,0,0,0,0,6,0.9,0.32000000000000006,remove_supply_chain_context
R02049,U1265,U1267,2023-08-20T09:08:27,1,4,0,0,0,0,0,0.8,0.24,remove_supply_chain_context
R02050,U0291,U0293,2023-08-20T10:06:15,2,1,0,0,0,0,3,0.9,0.32000000000000006,remove_supply_chain_context
R02051,U1120,U1123,2023-08-20T10:42:18,3,4,1,0,0,0,3,0.375,-0.1,remove_supply_chain_context
R02052,U1344,U1347,2023-08-20T11:31:22,2,1,0,0,0,0,5,0.9,0.32000000000000006,remove_supply_chain_context
R02053,U0229,U0940,2023-08-20T12:22:04,2,2,0,0,0,0,0,0.44,-0.048,remove_supply_chain_context
R02054,U1059,U1060,2023-08-20T13:39:14,4,2,2,0,0,0,4,0.325,-0.13999999999999999,remove_supply_chain_context
R02055,U1310,U1312,2023-08-20T14:44:48,3,3,1,0,0,0,2,0.375,-0.1,remove_supply_chain_context
R02056,U0258,U0260,2023-08-20T17:41:17,3,2,1,0,0,0,0,0.325,-0.13999999999999999,remove_supply_chain_context
R02057,U1008,U1010,2023-08-20T18:19:45,2,4,1,0,0,0,3,0.375,-0.1,remove_supply_chain_context
R02058,U0405,U0407,2023-08-20T22:04:35,1,3,0,0,0,0,2,0.44,-0.048,remove_supply_chain_context
R02059,U1211,U1213,2023-08-21T02:14:00,2,4,1,0,1,0,0,0.375,-0.1,remove_supply_chain_context
R02060,U0374,U1081,2023-08-21T03:07:17,2,3,0,0,0,1,5,0.375,-0.1,remove_supply_chain_context
R02061,U0104,U0106,2023-08-21T07:34:54,2,4,1,0,0,0,3,0.8,0.24,remove_supply_chain_context
R02062,U0253,U0962,2023-08-21T14:49:17,4,3,0,0,0,0,0,0.9,0.32000000000000006,remove_supply_chain_context
R02063,U0686,U0689,2023-08-21T15:53:12,2,4,1,0,0,0,3,0.44,-0.048,remove_supply_chain_context
R02064,U0638,U0639,2023-08-21T16:04:27,3,3,1,0,0,0,1,0.44,-0.048,remove_supply_chain_context
R02065,U1376,U1379,2023-08-21T17:09:54,3,1,1,0,0,0,0,0.375,-0.1,remove_supply_chain_context
R02066,U0729,U0730,2023-08-21T21:04:18,4,3,2,0,0,0,3,0.375,-0.1,remove_supply_chain_context
R02067,U0566,U0567,2023-08-21T21:42:26,2,3,1,0,0,0,4,0.44,-0.048,remove_supply_chain_context
R02068,U0256,U0258,2023-08-21T23:18:37,3,4,0,0,0,0,1,0.9,0.32000000000000006,remove_supply_chain_context
R02069,U0845,U0846,2023-08-22T00:07:43,3,3,0,0,0,0,2,0.8,0.24,remove_supply_chain_context
R02070,U0636,U0638,2023-08-22T00:30:23,3,4,1,0,0,0,4,0.325,-0.13999999999999999,remove_supply_chain_context
R02071,U1172,U1175,2023-08-22T01:49:40,2,3,0,0,0,0,1,0.9,0.32000000000000006,remove_supply_chain_context
R02072,U0953,U0954,2023-08-22T03:56:11,3,3,1,0,0,0,4,0.325,-0.13999999999999999,remove_supply_chain_context
R02073,U1118,U1119,2023-08-22T07:02:31,3,2,0,0,0,0,0,0.9,0.32000000000000006,remove_supply_chain_context
R02074,U0146,U0148,2023-08-22T07:18:19,3,2,0,0,0,0,2,0.8,0.24,remove_supply_chain_context
R02075,U0834,U0835,2023-08-22T07:36:17,4,1,1,0,0,0,4,0.375,-0.1,remove_supply_chain_context
R02076,U0094,U0811,2023-08-22T10:26:25,3,4,0,0,0,0,2,0.375,-0.1,remove_supply_chain_context
R02077,U0576,U0579,2023-08-22T11:26:25,3,2,1,0,0,0,1,0.375,-0.1,remove_supply_chain_context
R02078,U0939,U0940,2023-08-22T12:13:36,3,3,1,0,0,0,0,0.44,-0.048,remove_supply_chain_context
R02079,U0707,U0708,2023-08-22T13:33:35,3,0,0,0,0,0,5,0.375,-0.1,remove_supply_chain_context
R02080,U1365,U1367,2023-08-22T16:20:12,3,2,0,0,0,0,2,0.325,-0.13999999999999999,remove_supply_chain_context
R02081,U0841,U0843,2023-08-22T19:20:24,4,1,0,0,0,0,3,0.375,-0.1,remove_supply_chain_context
R02082,U0442,U0443,2023-08-22T19:40:15,3,3,1,0,0,0,1,0.9,0.32000000000000006,remove_supply_chain_context
R02083,U0473,U0475,2023-08-22T21:43:17,3,2,0,0,1,0,1,0.44,-0.048,remove_supply_chain_context
R02084,U0095,U0098,2023-08-22T21:51:20,3,4,1,0,0,0,5,0.44,-0.048,remove_supply_chain_context
R02085,U1005,U1007,2023-08-23T04:11:42,4,2,1,0,0,0,2,0.375,-0.1,remove_supply_chain_context
R02086,U0915,U0916,2023-08-23T05:50:32,4,2,2,0,0,0,1,0.375,-0.1,remove_supply_chain_context
R02087,U0022,U0735,2023-08-23T14:33:41,1,3,0,0,0,0,3,0.9,0.32000000000000006,remove_supply_chain_context
R02088,U0504,U0506,2023-08-23T14:50:30,2,1,0,0,0,0,1,0.8,0.24,remove_supply_chain_context
R02089,U1205,U1206,2023-08-23T16:08:12,4,3,2,0,0,1,0,0.375,-0.1,remove_supply_chain_context
R02090,U0394,U0396,2023-08-23T18:16:20,3,1,0,0,0,0,2,0.9,0.32000000000000006,remove_supply_chain_context
R02091,U0480,U0482,2023-08-23T19:24:09,4,4,1,0,1,0,2,0.44,-0.048,remove_supply_chain_context
R02092,U0023,U0736,2023-08-23T22:48:04,2,3,0,0,0,0,2,0.375,-0.1,remove_supply_chain_context
R02093,U1135,U1137,2023-08-24T01:11:59,3,2,0,0,0,0,0,0.9,0.32000000000000006,remove_supply_chain_context
R02094,U0660,U1346,2023-08-24T06:35:40,2,2,0,0,0,0,2,0.375,-0.1,remove_supply_chain_context
R02095,U0406,U1114,2023-08-24T08:00:09,2,1,0,0,0,0,0,0.9,0.32000000000000006,remove_supply_chain_context
R02096,U0275,U0276,2023-08-24T09:55:43,1,3,1,0,0,0,0,0.375,-0.1,remove_supply_chain_context
R02097,U0153,U0154,2023-08-24T13:00:51,1,4,1,0,0,0,5,0.9,0.32000000000000006,remove_supply_chain_context
R02098,U0535,U1235,2023-08-24T14:59:29,2,4,0,0,0,0,6,0.325,-0.13999999999999999,remove_supply_chain_context
R02099,U0908,U0910,2023-08-24T16:12:58,3,1,0,0,1,0,1,0.8,0.24,remove_supply_chain_context
R02100,U0852,U0853,2023-08-24T16:55:04,2,3,1,0,0,0,3,0.375,-0.1,remove_supply_chain_context
R02101,U0045,U0047,2023-08-24T21:32:19,3,4,1,0,0,0,2,0.375,-0.1,remove_supply_chain_context
R02102,U0001,U0002,2023-08-25T01:18:00,3,2,1,0,0,0,4,0.9,0.32000000000000006,remove_supply_chain_context
R02103,U0459,U0460,2023-08-25T01:28:35,3,4,2,0,0,0,2,0.44,-0.048,remove_supply_chain_context
R02104,U0099,U0815,2023-08-25T03:44:36,3,2,0,0,0,0,4,0.375,-0.1,remove_supply_chain_context
R02105,U0525,U0527,2023-08-25T05:52:41,4,2,1,0,0,0,4,0.375,-0.1,remove_supply_chain_context
R02106,U0625,U0626,2023-08-25T08:48:51,2,2,1,0,0,0,3,0.375,-0.1,remove_supply_chain_context
R02107,U1147,U1149,2023-08-25T09:06:05,4,4,1,0,0,0,0,0.44,-0.048,remove_supply_chain_context
R02108,U0591,U0592,2023-08-25T16:34:55,2,3,1,0,0,0,2,0.325,-0.13999999999999999,remove_supply_chain_context
R02109,U1100,U1101,2023-08-25T16:54:33,3,2,0,0,0,1,6,0.375,-0.1,remove_supply_chain_context
R02110,U0040,U0751,2023-08-25T19:48:07,4,3,0,0,0,0,6,0.375,-0.1,remove_supply_chain_context
R02111,U0643,U1331,2023-08-26T05:16:02,3,3,0,0,0,0,4,0.44,-0.048,remove_supply_chain_context
R02112,U0988,U0990,2023-08-26T05:27:19,4,2,1,0,0,0,0,0.9,0.32000000000000006,remove_supply_chain_context
R02113,U0794,U0795,2023-08-26T07:21:51,2,3,2,0,1,0,5,0.375,-0.1,remove_supply_chain_context
R02114,U1197,U1199,2023-08-26T08:40:50,2,3,0,0,0,0,0,0.375,-0.1,remove_supply_chain_context
R02115,U0275,U0277,2023-08-26T21:46:59,2,1,0,0,0,0,3,0.375,-0.1,remove_supply_chain_context
R02116,U0605,U0606,2023-08-27T02:42:07,1,3,1,0,0,0,1,0.375,-0.1,remove_supply_chain_context
R02117,U0524,U0526,2023-08-27T08:41:42,2,4,1,0,0,0,5,0.325,-0.13999999999999999,remove_supply_chain_context
R02118,U1326,U1328,2023-08-27T12:48:26,4,2,1,0,0,0,1,0.375,-0.1,remove_supply_chain_context
R02119,U0766,U0769,2023-08-27T16:03:24,2,3,1,0,0,0,4,0.375,-0.1,remove_supply_chain_context
R02120,U0909,U0910,2023-08-27T16:39:48,2,2,0,0,0,0,4,0.9,0.32000000000000006,remove_supply_chain_context
R02121,U0505,U0506,2023-08-27T22:29:39,4,2,1,0,0,0,2,0.375,-0.1,remove_supply_chain_context
R02122,U0367,U0370,2023-08-28T00:29:47,4,4,1,0,0,0,5,0.9,0.32000000000000006,remove_supply_chain_context
R02123,U0784,U0787,2023-08-28T00:43:53,2,4,1,0,0,0,4,0.375,-0.1,remove_supply_chain_context
R02124,U1099,U1101,2023-08-28T01:23:33,4,3,1,0,0,0,6,0.375,-0.1,remove_supply_chain_context
R02125,U0382,U0383,2023-08-28T01:55:49,2,4,2,0,0,1,1,0.9,0.32000000000000006,remove_supply_chain_context
R02126,U0640,U0642,2023-08-28T05:40:43,3,4,1,0,0,0,0,0.9,0.32000000000000006,remove_supply_chain_context
R02127,U0979,U0980,2023-08-28T07:18:25,4,4,2,0,0,0,2,0.375,-0.1,remove_supply_chain_context
R02128,U0857,U0858,2023-08-28T09:49:00,4,3,2,0,0,0,2,0.8,0.24,remove_supply_chain_context
R02129,U0925,U0926,2023-08-28T12:00:04,3,2,0,0,0,0,4,0.375,-0.1,remove_supply_chain_context
R02130,U1265,U1266,2023-08-28T16:09:33,2,3,1,0,0,0,0,0.325,-0.13999999999999999,remove_supply_chain_context
R02131,U0624,U1309,2023-08-28T16:36:59,3,3,0,0,0,0,4,0.9,0.32000000000000006,remove_supply_chain_context
R02132,U0691,U0692,2023-08-28T18:23:15,4,4,2,0,0,0,4,0.9,0.32000000000000006,remove_supply_chain_context
R02133,U0649,U0650,2023-08-28T21:11:17,3,2,2,0,0,0,4,0.375,-0.1,remove_supply_chain_context
R02134,U0088,U0804,2023-08-28T22:01:16,1,3,0,0,0,0,5,0.375,-0.1,remove_supply_chain_context
R02135,U0372,U0373,2023-08-28T22:24:58,4,3,1,0,0,1,2,0.9,0.32000000000000006,remove_supply_chain_context
R02136,U1375,U1376,2023-09-01T03:00:26,2,4,0,0,0,0,0,0.8,0.24,remove_supply_chain_context
R02137,U0147,U0148,2023-09-01T04:06:11,3,3,1,0,0,0,6,0.9,0.32000000000000006,remove_supply_chain_context
R02138,U1384,U1388,2023-09-01T04:06:31,2,3,1,0,0,0,4,0.9,0.32000000000000006,remove_supply_chain_context
R02139,U1232,U1233,2023-09-01T07:24:39,2,4,1,0,0,0,2,0.9,0.32000000000000006,remove_supply_chain_context
R02140,U1261,U1262,2023-09-01T12:28:57,4,2,0,0,0,1,4,0.8,0.24,remove_supply_chain_context
R02141,U0091,U0093,2023-09-01T13:14:51,2,4,1,0,0,0,0,0.9,0.32000000000000006,remove_supply_chain_context
R02142,U0708,U0710,2023-09-01T14:07:45,1,3,0,0,0,0,4,0.375,-0.1,remove_supply_chain_context
R02143,U0156,U0157,2023-09-01T18:13:25,4,4,2,0,0,0,2,0.8,0.24,remove_supply_chain_context
R02144,U0666,U1352,2023-09-01T21:58:40,3,2,0,0,0,0,4,0.325,-0.13999999999999999,remove_supply_chain_context
R02145,U1134,U1135,2023-09-01T22:08:07,3,4,1,0,0,0,3,0.9,0.32000000000000006,remove_supply_chain_context
R02146,U0650,U0652,2023-09-01T22:58:44,3,3,1,0,0,0,1,0.375,-0.1,remove_supply_chain_context
R02147,U0462,U1166,2023-09-01T23:12:06,3,2,0,0,0,0,2,0.44,-0.048,remove_supply_chain_context
R02148,U1183,U1185,2023-09-02T03:40:05,3,2,1,0,0,0,2,0.9,0.32000000000000006,remove_supply_chain_context
R02149,U0452,U0454,2023-09-02T04:06:57,2,1,0,0,0,0,5,0.375,-0.1,remove_supply_chain_context
R02150,U1070,U1072,2023-09-02T04:07:36,3,3,1,0,0,0,1,0.44,-0.048,remove_supply_chain_context
R02151,U1046,U1048,2023-09-02T06:03:26,3,3,1,0,0,0,3,0.375,-0.1,remove_supply_chain_context
R02152,U0393,U0394,2023-09-02T09:04:15,2,4,1,0,0,0,0,0.325,-0.13999999999999999,remove_supply_chain_context
R02153,U1379,U1382,2023-09-02T09:59:33,2,4,1,0,0,0,1,0.9,0.32000000000000006,remove_supply_chain_context
R02154,U1142,U1145,2023-09-02T10:32:36,3,3,1,0,0,0,0,0.44,-0.048,remove_supply_chain_context
R02155,U0924,U0925,2023-09-02T11:46:27,2,4,2,0,0,0,0,0.375,-0.1,remove_supply_chain_context
R02156,U1172,U1174,2023-09-02T12:28:52,3,3,2,0,0,0,3,0.325,-0.13999999999999999,remove_supply_chain_context
R02157,U0824,U0825,2023-09-02T20:33:09,2,3,1,0,0,0,2,0.9,0.32000000000000006,remove_supply_chain_context
R02158,U0678,U1362,2023-09-02T20:40:56,2,4,0,0,0,0,4,0.9,0.32000000000000006,remove_supply_chain_context
R02159,U0667,U1353,2023-09-03T02:14:25,3,3,0,0,0,0,4,0.9,0.32000000000000006,remove_supply_chain_context
R02160,U0586,U0587,2023-09-03T02:26:30,3,2,1,0,0,0,1,0.9,0.32000000000000006,remove_supply_chain_context
R02161,U1275,U1276,2023-09-03T05:54:14,3,2,1,0,0,0,4,0.9,0.32000000000000006,remove_supply_chain_context
R02162,U1026,U1028,2023-09-03T09:00:58,3,3,1,0,0,0,2,0.375,-0.1,remove_supply_chain_context
R02163,U1392,U1395,2023-09-03T10:07:20,3,4,1,0,0,0,3,0.375,-0.1,remove_supply_chain_context
R02164,U0804,U0805,2023-09-03T11:56:25,4,4,2,0,0,0,1,0.325,-0.13999999999999999,remove_supply_chain_context
R02165,U0474,U0475,2023-09-03T17:47:46,3,3,0,0,0,0,1,0.375,-0.1,remove_supply_chain_context
R02166,U0056,U0058,2023-09-03T21:14:54,4,2,1,0,0,0,0,0.375,-0.1,remove_supply_chain_context
R02167,U1076,U1079,2023-09-04T00:52:00,4,3,0,0,0,0,3,0.375,-0.1,remove_supply_chain_context
R02168,U0356,U0358,2023-09-04T03:33:05,3,2,1,0,0,0,3,0.375,-0.1,remove_supply_chain_context
R02169,U0673,U1358,2023-09-04T11:31:57,3,4,0,0,0,0,3,0.8,0.24,remove_supply_chain_context
R02170,U0303,U0305,2023-09-04T12:02:33,2,3,1,0,0,0,4,0.8,0.24,remove_supply_chain_context
R02171,U0723,U0725,2023-09-04T13:33:06,4,2,1,0,0,0,2,0.44,-0.048,remove_supply_chain_context
R02172,U0316,U0317,2023-09-04T14:21:53,4,4,2,0,0,0,2,0.9,0.32000000000000006,remove_supply_chain_context
R02173,U1323,U1324,2023-09-04T16:04:06,2,2,0,0,0,0,5,0.9,0.32000000000000006,remove_supply_chain_context
R02174,U0334,U0336,2023-09-04T20:14:19,4,3,1,0,0,0,1,0.8,0.24,remove_supply_chain_context
R02175,U0634,U0636,2023-09-04T20:15:14,2,4,0,0,0,0,5,0.375,-0.1,remove_supply_chain_context
R02176,U0714,U0716,2023-09-04T20:20:37,3,3,1,0,0,0,0,0.375,-0.1,remove_supply_chain_context
R02177,U0430,U0432,2023-09-04T23:07:15,4,4,1,0,0,0,0,0.9,0.32000000000000006,remove_supply_chain_context
R02178,U0125,U0127,2023-09-05T08:06:45,3,2,1,0,0,0,5,0.375,-0.1,remove_supply_chain_context
R02179,U0444,U1150,2023-09-05T08:31:38,3,2,0,0,1,0,0,0.9,0.32000000000000006,remove_supply_chain_context
R02180,U0467,U0468,2023-09-05T10:42:58,4,4,2,0,0,0,2,0.44,-0.048,remove_supply_chain_context
R02181,U0229,U0231,2023-09-05T12:12:44,3,1,0,0,0,0,2,0.325,-0.13999999999999999,remove_supply_chain_context
R02182,U0223,U0225,2023-09-05T13:02:26,3,3,1,0,0,0,2,0.8,0.24,remove_supply_chain_context
R02183,U0186,U0190,2023-09-05T14:41:33,2,3,0,0,0,0,1,0.375,-0.1,remove_supply_chain_context
R02184,U1252,U1253,2023-09-05T18:14:14,2,2,2,0,0,0,4,0.8,0.24,remove_supply_chain_context
R02185,U0763,U0766,2023-09-05T20:09:53,3,3,0,0,0,0,4,0.9,0.32000000000000006,remove_supply_chain_context
R02186,U0360,U1068,2023-09-06T00:59:30,4,3,0,0,0,0,3,0.44,-0.048,remove_supply_chain_context
R02187,U1152,U1154,2023-09-06T01:23:25,3,3,1,0,0,0,2,0.8,0.24,remove_supply_chain_context
R02188,U0764,U0766,2023-09-06T09:05:02,3,4,2,0,0,0,1,0.44,-0.048,remove_supply_chain_context
R02189,U0580,U0581,2023-09-06T12:04:56,3,3,1,0,0,0,3,0.44,-0.048,remove_supply_chain_context
R02190,U0171,U0172,2023-09-06T12:51:03,3,3,1,0,0,0,1,0.8,0.24,remove_supply_chain_context
R02191,U1188,U1189,2023-09-06T16:13:47,3,2,0,0,0,0,5,0.9,0.32000000000000006,remove_supply_chain_context
R02192,U0069,U0070,2023-09-06T16:21:22,2,3,1,0,0,0,4,0.325,-0.13999999999999999,remove_supply_chain_context
R02193,U1371,U1373,2023-09-06T21:29:15,3,2,1,0,0,0,0,0.44,-0.048,remove_supply_chain_context
R02194,U0844,U0845,2023-09-06T22:38:25,2,4,1,0,0,1,1,0.8,0.24,remove_supply_chain_context
R02195,U0013,U0726,2023-09-07T10:25:52,3,4,0,0,0,0,2,0.44,-0.048,remove_supply_chain_context
R02196,U1157,U1160,2023-09-07T11:01:48,3,2,1,0,0,1,1,0.9,0.32000000000000006,remove_supply_chain_context
R02197,U0127,U0131,2023-09-07T12:23:10,3,1,0,0,0,0,3,0.375,-0.1,remove_supply_chain_context
R02198,U0637,U1324,2023-09-07T16:25:01,4,3,0,0,0,0,4,0.9,0.32000000000000006,remove_supply_chain_context
R02199,U0451,U0452,2023-09-07T17:48:49,1,3,1,0,0,0,4,0.8,0.24,remove_supply_chain_context
R02200,U0530,U0532,2023-09-07T21:19:20,4,3,1,0,0,1,3,0.375,-0.1,remove_supply_chain_context
R02201,U0716,U0717,2023-09-07T22:38:52,4,0,0,0,0,0,0,0.44,-0.048,remove_supply_chain_context
R02202,U1053,U1056,2023-09-08T05:35:48,3,2,1,0,0,0,4,0.44,-0.048,remove_supply_chain_context
R02203,U0439,U0443,2023-09-08T08:14:18,4,4,1,0,0,0,4,0.9,0.32000000000000006,remove_supply_chain_context
R02204,U0350,U1056,2023-09-08T16:10:37,4,3,0,0,0,1,6,0.9,0.32000000000000006,remove_supply_chain_context
R02205,U0758,U0759,2023-09-08T22:28:09,2,4,1,0,0,0,3,0.9,0.32000000000000006,remove_supply_chain_context
R02206,U0583,U0586,2023-09-08T23:50:01,3,4,0,0,0,0,3,0.375,-0.1,remove_supply_chain_context
R02207,U0960,U0962,2023-09-09T02:20:25,1,4,1,0,0,0,1,0.44,-0.048,remove_supply_chain_context
R02208,U1266,U1268,2023-09-09T08:07:05,4,3,1,0,0,0,6,0.9,0.32000000000000006,remove_supply_chain_context
R02209,U0294,U0298,2023-09-09T09:24:29,1,2,0,0,0,0,6,0.325,-0.13999999999999999,remove_supply_chain_context
R02210,U0185,U0186,2023-09-09T10:59:54,3,3,1,0,0,0,1,0.9,0.32000000000000006,remove_supply_chain_context
R02211,U0672,U0673,2023-09-09T11:52:46,3,4,1,0,0,0,5,0.8,0.24,remove_supply_chain_context
R02212,U0662,U0664,2023-09-09T14:01:39,4,3,1,0,0,0,1,0.375,-0.1,remove_supply_chain_context
R02213,U1119,U1120,2023-09-09T14:15:51,3,4,2,0,0,0,1,0.9,0.32000000000000006,remove_supply_chain_context
R02214,U0608,U0610,2023-09-09T14:50:58,3,4,2,0,0,0,0,0.44,-0.048,remove_supply_chain_context
R02215,U0016,U0017,2023-09-09T15:30:08,3,1,0,0,0,0,2,0.44,-0.048,remove_supply_chain_context
R02216,U0781,U0784,2023-09-09T19:54:27,4,3,1,0,0,0,5,0.9,0.32000000000000006,remove_supply_chain_context
R02217,U1320,U1322,2023-09-10T00:03:43,2,3,1,0,0,0,4,0.325,-0.13999999999999999,remove_supply_chain_context
R02218,U0294,U1004,2023-09-10T00:09:01,2,3,0,0,0,0,4,0.375,-0.1,remove_supply_chain_context
R02219,U0550,U0552,2023-09-10T05:29:16,3,2,0,0,0,0,3,0.325,-0.13999999999999999,remove_supply_chain_context
R02220,U0251,U0961,2023-09-10T09:41:43,3,4,0,0,0,0,0,0.375,-0.1,remove_supply_chain_context
R02221,U1109,U1111,2023-09-10T14:07:45,3,2,1,0,0,0,0,0.8,0.24,remove_supply_chain_context
R02222,U0293,U1003,2023-09-10T14:23:16,2,3,0,0,0,0,4,0.8,0.24,remove_supply_chain_context
R02223,U0195,U0197,2023-09-10T14:47:44,3,3,0,0,0,0,2,0.9,0.32000000000000006,remove_supply_chain_context
R02224,U0661,U1347,2023-09-10T15:05:50,3,2,0,0,0,0,3,0.8,0.24,remove_supply_chain_context
R02225,U0097,U0813,2023-09-10T17:06:58,3,2,0,0,0,0,1,0.9,0.32000000000000006,remove_supply_chain_context
R02226,U0995,U0998,2023-09-10T18:05:39,2,3,0,0,0,0,0,0.325,-0.13999999999999999,remove_supply_chain_context
R02227,U0002,U0003,2023-09-10T18:23:30,3,4,1,0,0,0,4,0.9,0.32000000000000006,remove_supply_chain_context
R02228,U0506,U1206,2023-09-10T19:32:47,3,4,0,0,0,1,0,0.375,-0.1,remove_supply_chain_context
R02229,U0641,U1328,2023-09-10T20:24:25,4,3,0,0,0,0,1,0.44,-0.048,remove_supply_chain_context
R02230,U1127,U1129,2023-09-10T21:39:52,2,4,0,0,0,0,0,0.375,-0.1,remove_supply_chain_context
R02231,U0231,U0942,2023-09-11T02:00:45,2,3,0,0,0,0,0,0.8,0.24,remove_supply_chain_context
R02232,U1068,U1069,2023-09-11T06:19:15,4,2,1,0,0,1,2,0.44,-0.048,remove_supply_chain_context
R02233,U1074,U1075,2023-09-11T06:23:59,4,4,2,0,0,0,5,0.8,0.24,remove_supply_chain_context
R02234,U1375,U1379,2023-09-11T07:51:33,3,3,1,0,0,0,0,0.9,0.32000000000000006,remove_supply_chain_context
R02235,U0181,U0892,2023-09-11T07:57:19,2,1,0,0,0,0,2,0.375,-0.1,remove_supply_chain_context
R02236,U0918,U0919,2023-09-11T08:34:59,4,2,1,0,0,0,1,0.8,0.24,remove_supply_chain_context
R02237,U0606,U0608,2023-09-11T12:10:07,4,4,1,0,0,0,2,0.9,0.32000000000000006,remove_supply_chain_context
R02238,U0382,U1090,2023-09-11T13:22:20,3,3,0,0,0,0,1,0.325,-0.13999999999999999,remove_supply_chain_context
R02239,U0001,U1403,2023-09-11T20:29:38,4,2,0,0,0,0,5,0.44,-0.048,remove_supply_chain_context
R02240,U1170,U1172,2023-09-11T21:58:26,4,4,1,0,0,0,1,0.9,0.32000000000000006,remove_supply_chain_context
R02241,U0749,U0751,2023-09-11T23:51:27,3,4,1,0,0,0,0,0.375,-0.1,remove_supply_chain_context
R02242,U0453,U0455,2023-09-12T00:49:54,2,4,0,0,0,0,3,0.44,-0.048,remove_supply_chain_context
R02243,U0049,U0050,2023-09-12T01:55:34,4,3,1,0,0,0,0,0.325,-0.13999999999999999,remove_supply_chain_context
R02244,U0022,U0024,2023-09-12T05:59:29,2,3,0,0,0,0,0,0.375,-0.1,remove_supply_chain_context
R02245,U0294,U0295,2023-09-12T06:51:20,3,2,0,0,0,0,1,0.9,0.32000000000000006,remove_supply_chain_context
R02246,U0088,U0091,2023-09-12T15:29:24,2,3,0,0,0,0,0,0.9,0.32000000000000006,remove_supply_chain_context
R02247,U0417,U0418,2023-09-12T17:19:07,4,4,2,0,0,0,2,0.325,-0.13999999999999999,remove_supply_chain_context
R02248,U0746,U0748,2023-09-12T22:28:50,4,2,1,0,0,0,5,0.8,0.24,remove_supply_chain_context
R02249,U0068,U0069,2023-09-12T22:43:20,4,3,1,0,0,0,2,0.8,0.24,remove_supply_chain_context
R02250,U0312,U0313,2023-09-13T00:11:34,4,3,1,0,0,1,3,0.375,-0.1,remove_supply_chain_context
R02251,U0094,U0095,2023-09-13T07:16:04,4,4,2,0,0,0,3,0.9,0.32000000000000006,remove_supply_chain_context
R02252,U0256,U0257,2023-09-13T09:40:27,4,2,1,0,0,0,3,0.8,0.24,remove_supply_chain_context
R02253,U0603,U0605,2023-09-13T11:45:00,2,2,0,0,0,0,0,0.8,0.24,remove_supply_chain_context
R02254,U1177,U1180,2023-09-13T14:20:31,3,4,1,0,0,0,2,0.375,-0.1,remove_supply_chain_context
R02255,U1234,U1236,2023-09-13T22:49:03,2,3,1,0,0,0,1,0.8,0.24,remove_supply_chain_context
R02256,U0524,U1222,2023-09-14T01:07:33,3,4,0,0,0,0,5,0.9,0.32000000000000006,remove_supply_chain_context
R02257,U0819,U0821,2023-09-14T02:22:25,2,4,0,0,0,0,5,0.375,-0.1,remove_supply_chain_context
R02258,U0389,U1098,2023-09-14T02:32:51,3,3,0,0,0,1,4,0.375,-0.1,remove_supply_chain_context
R02259,U1353,U1355,2023-09-14T16:44:39,4,1,0,0,0,0,4,0.325,-0.13999999999999999,remove_supply_chain_context
R02260,U1383,U1387,2023-09-14T23:31:10,2,3,0,0,0,0,1,0.325,-0.13999999999999999,remove_supply_chain_context
R02261,U0596,U0598,2023-09-15T03:14:54,2,2,0,0,0,0,1,0.375,-0.1,remove_supply_chain_context
R02262,U0175,U0178,2023-09-15T06:50:02,4,4,1,0,0,1,1,0.8,0.24,remove_supply_chain_context
R02263,U1156,U1159,2023-09-15T07:43:50,3,4,1,0,0,0,2,0.375,-0.1,remove_supply_chain_context
R02264,U0198,U0199,2023-09-15T11:29:55,2,4,1,0,0,0,4,0.375,-0.1,remove_supply_chain_context
R02265,U0911,U0914,2023-09-15T11:40:17,3,4,1,0,0,0,3,0.9,0.32000000000000006,remove_supply_chain_context
R02266,U0971,U0973,2023-09-15T13:28:14,4,4,1,0,0,0,4,0.44,-0.048,remove_supply_chain_context
R02267,U0239,U0241,2023-09-15T17:07:58,4,3,1,0,0,0,1,0.9,0.32000000000000006,remove_supply_chain_context
R02268,U0244,U0247,2023-09-15T22:24:39,3,3,1,0,0,0,2,0.8,0.24,remove_supply_chain_context
R02269,U0780,U0782,2023-09-15T23:33:38,4,4,1,0,0,0,2,0.8,0.24,remove_supply_chain_context
R02270,U0826,U0828,2023-09-16T01:40:24,2,3,1,0,0,0,2,0.375,-0.1,remove_supply_chain_context
R02271,U0072,U0784,2023-09-16T05:17:07,3,4,0,0,1,1,0,0.9,0.32000000000000006,remove_supply_chain_context
R02272,U1298,U1300,2023-09-16T07:48:47,3,3,1,0,0,0,1,0.375,-0.1,remove_supply_chain_context
R02273,U1002,U1004,2023-09-16T08:11:21,3,4,1,0,0,0,0,0.375,-0.1,remove_supply_chain_context
R02274,U1216,U1217,2023-09-16T09:43:48,4,4,2,0,0,0,5,0.44,-0.048,remove_supply_chain_context
R02275,U0198,U0200,2023-09-16T10:13:08,3,3,1,0,0,0,2,0.8,0.24,remove_supply_chain_context
R02276,U0013,U0014,2023-09-16T14:18:28,4,1,0,0,0,0,2,0.9,0.32000000000000006,remove_supply_chain_context
R02277,U0490,U1194,2023-09-16T16:52:42,2,3,0,0,0,0,1,0.44,-0.048,remove_supply_chain_context
R02278,U0561,U0562,2023-09-16T18:54:46,3,3,1,0,0,0,4,0.44,-0.048,remove_supply_chain_context
R02279,U1199,U1200,2023-09-16T20:19:09,4,2,1,0,0,0,6,0.375,-0.1,remove_supply_chain_context
R02280,U0390,U0392,2023-09-16T22:58:56,2,3,1,0,0,0,4,0.325,-0.13999999999999999,remove_supply_chain_context
R02281,U0395,U1103,2023-09-17T03:16:10,2,3,0,0,0,0,1,0.44,-0.048,remove_supply_chain_context
R02282,U1017,U1019,2023-09-17T08:22:27,3,3,1,0,0,0,5,0.375,-0.1,remove_supply_chain_context
R02283,U1015,U1018,2023-09-17T09:23:54,2,4,0,0,0,0,2,0.9,0.32000000000000006,remove_supply_chain_context
R02284,U0622,U0623,2023-09-17T09:55:21,2,2,1,0,0,0,0,0.375,-0.1,remove_supply_chain_context
R02285,U0897,U0899,2023-09-17T10:59:49,2,2,0,0,0,0,4,0.375,-0.1,remove_supply_chain_context
R02286,U0629,U0632,2023-09-17T13:38:30,3,3,1,0,0,0,2,0.375,-0.1,remove_supply_chain_context
R02287,U0995,U0997,2023-09-17T14:05:01,3,2,1,0,0,0,5,0.375,-0.1,remove_supply_chain_context
R02288,U0556,U0559,2023-09-17T14:41:18,3,4,2,0,0,0,1,0.9,0.32000000000000006,remove_supply_chain_context
R02289,U0974,U0975,2023-09-17T16:21:17,4,2,2,0,0,0,4,0.8,0.24,remove_supply_chain_context
R02290,U0825,U0826,2023-09-17T21:15:32,4,3,1,0,0,0,2,0.375,-0.1,remove_supply_chain_context
R02291,U0628,U0629,2023-09-18T06:16:31,1,4,1,0,0,0,0,0.375,-0.1,remove_supply_chain_context
R02292,U0697,U0699,2023-09-18T15:11:23,3,3,1,0,0,0,5,0.375,-0.1,remove_supply_chain_context
R02293,U0014,U0727,2023-09-18T16:20:15,2,3,0,0,0,0,1,0.44,-0.048,remove_supply_chain_context
R02294,U0058,U0062,2023-09-18T16:33:47,3,2,0,0,0,0,6,0.9,0.32000000000000006,remove_supply_chain_context
R02295,U0203,U0916,2023-09-18T23:04:58,3,3,0,0,0,0,0,0.375,-0.1,remove_supply_chain_context
R02296,U0194,U0195,2023-09-18T23:33:43,3,4,1,0,0,0,0,0.9,0.32000000000000006,remove_supply_chain_context
R02297,U0171,U0881,2023-09-19T00:50:19,4,2,0,0,0,0,2,0.325,-0.13999999999999999,remove_supply_chain_context
R02298,U1034,U1035,2023-09-19T01:03:55,3,3,1,0,0,0,0,0.375,-0.1,remove_supply_chain_context
R02299,U0792,U0794,2023-09-19T03:41:01,4,3,1,0,0,0,3,0.375,-0.1,remove_supply_chain_context
R02300,U1241,U1244,2023-09-19T04:46:13,1,3,0,0,0,0,1,0.325,-0.13999999999999999,remove_supply_chain_context
R02301,U1166,U1168,2023-09-19T09:25:25,3,4,1,0,1,0,3,0.325,-0.13999999999999999,remove_supply_chain_context
R02302,U0881,U0882,2023-09-19T10:02:50,3,3,0,0,0,0,1,0.375,-0.1,remove_supply_chain_context
R02303,U0920,U0922,2023-09-19T14:34:31,4,3,0,0,0,0,2,0.375,-0.1,remove_supply_chain_context
R02304,U1198,U1200,2023-09-19T18:25:06,3,3,1,0,0,0,2,0.325,-0.13999999999999999,remove_supply_chain_context
R02305,U0301,U0303,2023-09-19T18:58:58,4,3,1,0,0,0,0,0.9,0.32000000000000006,remove_supply_chain_context
R02306,U0926,U0927,2023-09-19T19:41:01,3,4,1,0,0,0,3,0.325,-0.13999999999999999,remove_supply_chain_context
R02307,U1130,U1131,2023-09-19T22:03:12,2,2,2,0,0,0,3,0.375,-0.1,remove_supply_chain_context
R02308,U0264,U0265,2023-09-19T23:53:13,2,4,0,0,0,0,1,0.325,-0.13999999999999999,remove_supply_chain_context
R02309,U1365,U1366,2023-09-20T01:37:59,4,4,2,0,0,0,2,0.375,-0.1,remove_supply_chain_context
R02310,U1105,U1106,2023-09-20T01:43:54,2,3,2,0,0,0,2,0.8,0.24,remove_supply_chain_context
R02311,U0323,U1029,2023-09-20T02:32:53,3,3,0,0,0,0,0,0.375,-0.1,remove_supply_chain_context
R02312,U0908,U0909,2023-09-20T10:33:11,4,3,2,0,0,0,5,0.9,0.32000000000000006,remove_supply_chain_context
R02313,U0861,U0863,2023-09-20T10:48:24,2,3,1,0,0,0,1,0.375,-0.1,remove_supply_chain_context
R02314,U1101,U1102,2023-09-20T13:41:46,4,4,2,0,0,0,1,0.44,-0.048,remove_supply_chain_context
R02315,U1367,U1368,2023-09-20T19:40:21,3,3,1,0,0,0,0,0.375,-0.1,remove_supply_chain_context
R02316,U0361,U0362,2023-09-20T19:40:42,4,2,2,0,0,0,0,0.375,-0.1,remove_supply_chain_context
R02317,U1317,U1321,2023-09-20T20:37:51,2,3,0,0,0,0,1,0.8,0.24,remove_supply_chain_context
R02318,U1125,U1127,2023-09-20T22:50:42,4,3,1,0,0,1,1,0.9,0.32000000000000006,remove_supply_chain_context
R02319,U0510,U1210,2023-09-21T10:11:03,3,2,0,0,0,0,2,0.9,0.32000000000000006,remove_supply_chain_context
R02320,U0473,U0474,2023-09-21T10:32:02,4,4,2,0,0,0,2,0.9,0.32000000000000006,remove_supply_chain_context
R02321,U1071,U1073,2023-09-21T10:58:14,2,3,0,0,0,0,1,0.9,0.32000000000000006,remove_supply_chain_context
R02322,U0853,U0854,2023-09-21T17:50:19,4,1,1,0,0,0,3,0.44,-0.048,remove_supply_chain_context
R02323,U0475,U0476,2023-09-21T18:43:01,4,2,1,0,0,1,1,0.375,-0.1,remove_supply_chain_context
R02324,U0574,U0575,2023-09-21T21:46:50,2,2,1,0,0,0,2,0.375,-0.1,remove_supply_chain_context
R02325,U1000,U1002,2023-09-22T04:20:29,3,4,1,0,0,0,1,0.375,-0.1,remove_supply_chain_context
R02326,U1398,U1401,2023-09-22T05:36:42,3,3,1,0,0,0,0,0.375,-0.1,remove_supply_chain_context
R02327,U0351,U1058,2023-09-22T05:41:45,3,3,0,0,0,0,2,0.325,-0.13999999999999999,remove_supply_chain_context
R02328,U1175,U1176,2023-09-22T06:26:34,4,0,0,0,0,0,3,0.375,-0.1,remove_supply_chain_context
R02329,U0632,U0634,2023-09-22T09:28:34,4,3,1,0,0,0,5,0.9,0.32000000000000006,remove_supply_chain_context
R02330,U0131,U0843,2023-09-22T10:25:02,2,2,0,0,0,0,4,0.375,-0.1,remove_supply_chain_context
R02331,U0152,U0153,2023-09-22T11:47:52,2,2,1,0,0,0,2,0.375,-0.1,remove_supply_chain_context
R02332,U0451,U1154,2023-09-22T12:32:31,2,4,0,0,0,0,1,0.9,0.32000000000000006,remove_supply_chain_context
R02333,U0540,U0542,2023-09-22T15:58:08,4,4,1,0,1,0,2,0.9,0.32000000000000006,remove_supply_chain_context
R02334,U1019,U1020,2023-09-22T16:24:53,4,4,2,0,0,0,1,0.9,0.32000000000000006,remove_supply_chain_context
R02335,U0340,U0342,2023-09-23T00:55:50,3,3,2,0,0,0,3,0.9,0.32000000000000006,remove_supply_chain_context
R02336,U0053,U0055,2023-09-23T08:19:30,4,2,0,0,0,0,1,0.375,-0.1,remove_supply_chain_context
R02337,U0598,U1290,2023-09-23T09:07:08,3,4,0,0,0,0,2,0.375,-0.1,remove_supply_chain_context
R02338,U0230,U0231,2023-09-23T10:01:33,3,3,1,0,0,0,1,0.9,0.32000000000000006,remove_supply_chain_context
R02339,U0476,U1181,2023-09-23T10:27:40,3,3,0,0,0,0,2,0.375,-0.1,remove_supply_chain_context
R02340,U0289,U0291,2023-09-23T13:17:00,3,3,1,0,0,0,1,0.9,0.32000000000000006,remove_supply_chain_context
R02341,U1269,U1270,2023-09-23T14:15:21,3,2,1,0,0,0,1,0.9,0.32000000000000006,remove_supply_chain_context
R02342,U0603,U1295,2023-09-23T17:25:27,3,3,0,0,0,0,1,0.9,0.32000000000000006,remove_supply_chain_context
R02343,U1056,U1058,2023-09-23T22:54:57,4,4,2,0,0,1,2,0.375,-0.1,remove_supply_chain_context
R02344,U1388,U1390,2023-09-23T23:44:15,4,4,1,0,0,0,0,0.8,0.24,remove_supply_chain_context
R02345,U0664,U0665,2023-09-24T01:08:22,4,3,1,0,0,0,4,0.375,-0.1,remove_supply_chain_context
R02346,U0232,U0943,2023-09-24T01:52:00,3,3,0,0,0,0,4,0.375,-0.1,remove_supply_chain_context
R02347,U0796,U0797,2023-09-24T03:14:33,3,3,1,0,0,0,1,0.9,0.32000000000000006,remove_supply_chain_context
R02348,U0588,U0591,2023-09-24T05:19:00,3,3,0,0,1,0,0,0.375,-0.1,remove_supply_chain_context
R02349,U1346,U1347,2023-09-24T05:53:01,3,3,0,0,0,0,1,0.44,-0.048,remove_supply_chain_context
R02350,U1011,U1012,2023-09-24T08:20:14,2,3,1,0,0,0,2,0.9,0.32000000000000006,remove_supply_chain_context
R02351,U0386,U1095,2023-09-24T10:47:13,3,4,0,0,0,0,2,0.44,-0.048,remove_supply_chain_context
R02352,U0899,U0903,2023-09-24T14:23:38,3,3,1,0,0,0,1,0.375,-0.1,remove_supply_chain_context
R02353,U1287,U1288,2023-09-24T15:51:25,4,3,2,0,0,0,3,0.375,-0.1,remove_supply_chain_context
R02354,U1349,U1350,2023-09-24T15:55:54,4,3,1,0,0,0,0,0.9,0.32000000000000006,remove_supply_chain_context
R02355,U0275,U0985,2023-09-24T17:27:23,3,3,0,0,0,1,3,0.9,0.32000000000000006,remove_supply_chain_context
R02356,U0331,U1038,2023-09-24T18:27:16,4,3,0,0,0,0,1,0.375,-0.1,remove_supply_chain_context
R02357,U1246,U1249,2023-09-24T20:30:55,4,2,0,0,0,0,0,0.375,-0.1,remove_supply_chain_context
R02358,U0192,U0904,2023-09-24T22:20:28,4,4,0,0,0,0,2,0.375,-0.1,remove_supply_chain_context
R02359,U0623,U1308,2023-09-25T08:34:34,3,4,0,0,0,0,2,0.9,0.32000000000000006,remove_supply_chain_context
R02360,U1402,U1403,2023-09-25T09:03:53,3,3,1,0,0,0,5,0.375,-0.1,remove_supply_chain_context
R02361,U0731,U0732,2023-09-25T16:10:55,4,3,2,0,0,0,1,0.375,-0.1,remove_supply_chain_context
R02362,U0088,U0089,2023-09-25T17:14:42,3,3,1,0,0,1,0,0.9,0.32000000000000006,remove_supply_chain_context
R02363,U0796,U0799,2023-09-25T17:56:59,4,2,0,0,0,0,4,0.325,-0.13999999999999999,remove_supply_chain_context
R02364,U0813,U0815,2023-09-25T20:06:24,3,3,1,0,0,0,0,0.375,-0.1,remove_supply_chain_context
R02365,U1107,U1108,2023-09-26T02:40:07,3,4,2,0,0,0,3,0.44,-0.048,remove_supply_chain_context
R02366,U0083,U0084,2023-09-26T02:49:33,3,4,1,0,0,0,1,0.44,-0.048,remove_supply_chain_context
R02367,U1226,U1227,2023-09-26T03:53:10,4,2,1,0,0,0,3,0.325,-0.13999999999999999,remove_supply_chain_context
R02368,U0107,U0109,2023-09-26T05:21:30,4,3,1,0,0,0,0,0.9,0.32000000000000006,remove_supply_chain_context
R02369,U0284,U0285,2023-09-26T06:43:39,3,3,2,0,0,0,4,0.8,0.24,remove_supply_chain_context
R02370,U0561,U1257,2023-09-26T14:52:31,4,3,0,0,0,0,1,0.44,-0.048,remove_supply_chain_context
R02371,U0773,U0776,2023-09-26T15:44:32,3,3,0,0,0,0,2,0.9,0.32000000000000006,remove_supply_chain_context
R02372,U0685,U0686,2023-09-26T19:15:34,2,3,0,0,0,0,2,0.375,-0.1,remove_supply_chain_context
R02373,U1139,U1141,2023-09-26T21:20:29,3,3,1,0,0,0,2,0.9,0.32000000000000006,remove_supply_chain_context
R02374,U0318,U0319,2023-09-26T21:25:06,4,2,2,0,0,0,2,0.9,0.32000000000000006,remove_supply_chain_context
R02375,U0031,U0032,2023-09-26T21:26:31,2,4,1,0,0,0,3,0.8,0.24,remove_supply_chain_context
R02376,U1383,U1384,2023-09-26T22:52:07,3,3,2,0,1,0,3,0.9,0.32000000000000006,remove_supply_chain_context
R02377,U1091,U1093,2023-09-27T10:38:55,4,3,1,0,0,0,0,0.8,0.24,remove_supply_chain_context
R02378,U0544,U1245,2023-09-27T11:02:26,3,3,0,0,0,1,2,0.9,0.32000000000000006,remove_supply_chain_context
R02379,U0276,U0277,2023-09-27T13:11:48,4,2,1,0,0,0,3,0.8,0.24,remove_supply_chain_context
R02380,U0518,U0520,2023-09-27T14:25:31,4,3,0,0,0,0,6,0.375,-0.1,remove_supply_chain_context
R02381,U0167,U0168,2023-09-28T01:24:00,4,3,1,0,0,0,3,0.9,0.32000000000000006,remove_supply_chain_context
R02382,U1387,U1389,2023-09-28T04:26:31,4,4,1,0,0,0,1,0.9,0.32000000000000006,remove_supply_chain_context
R02383,U1069,U1071,2023-09-28T07:40:36,3,3,1,0,0,0,1,0.375,-0.1,remove_supply_chain_context
R02384,U1262,U1264,2023-09-28T08:16:23,3,3,1,0,0,0,1,0.325,-0.13999999999999999,remove_supply_chain_context
R02385,U0686,U1369,2023-09-28T12:30:55,4,2,0,0,0,0,1,0.44,-0.048,remove_supply_chain_context
R02386,U0461,U0463,2023-09-28T19:25:37,3,3,0,0,0,0,1,0.325,-0.13999999999999999,remove_supply_chain_context
R02387,U1301,U1302,2023-09-28T19:32:36,2,4,0,0,0,0,4,0.9,0.32000000000000006,remove_supply_chain_context
R02388,U0442,U1148,2023-09-28T20:29:23,4,3,0,0,0,0,2,0.44,-0.048,remove_supply_chain_context
R02389,U1012,U1014,2023-09-28T20:41:49,4,3,0,0,0,0,0,0.9,0.32000000000000006,remove_supply_chain_context
R02390,U0702,U0704,2023-09-28T22:03:26,4,4,1,0,0,0,0,0.44,-0.048,remove_supply_chain_context
R02391,U0392,U1100,2023-09-28T22:40:55,4,4,0,0,0,0,0,0.9,0.32000000000000006,remove_supply_chain_context
R02392,U0025,U0739,2023-10-01T06:51:06,3,3,0,0,0,0,1,0.8,0.24,remove_supply_chain_context
R02393,U0015,U0017,2023-10-01T08:45:34,1,2,0,0,0,0,5,0.44,-0.048,remove_supply_chain_context
R02394,U0172,U0173,2023-10-01T10:37:07,4,4,2,0,0,0,3,0.375,-0.1,remove_supply_chain_context
R02395,U0543,U0544,2023-10-01T12:06:04,4,4,2,0,0,0,2,0.8,0.24,remove_supply_chain_context
R02396,U1096,U1098,2023-10-01T14:34:17,3,4,1,0,0,0,1,0.375,-0.1,remove_supply_chain_context
R02397,U0291,U0292,2023-10-01T17:26:14,4,4,2,0,0,0,0,0.9,0.32000000000000006,remove_supply_chain_context
R02398,U1322,U1324,2023-10-02T01:09:31,4,4,1,0,0,0,1,0.9,0.32000000000000006,remove_supply_chain_context
R02399,U0461,U1165,2023-10-02T03:23:39,4,2,0,0,0,0,1,0.44,-0.048,remove_supply_chain_context
R02400,U0012,U0014,2023-10-02T09:23:38,3,3,1,0,0,0,2,0.44,-0.048,remove_supply_chain_context
R02401,U0263,U0264,2023-10-02T15:28:25,4,3,2,0,0,0,4,0.8,0.24,remove_supply_chain_context
R02402,U0534,U0535,2023-10-02T15:59:27,3,3,1,0,0,0,6,0.44,-0.048,remove_supply_chain_context
R02403,U0164,U0166,2023-10-02T17:34:49,4,3,2,0,0,0,3,0.9,0.32000000000000006,remove_supply_chain_context
R02404,U0405,U1111,2023-10-03T00:03:27,2,3,0,0,0,0,2,0.9,0.32000000000000006,remove_supply_chain_context
R02405,U0758,U0760,2023-10-03T02:22:49,3,3,1,0,0,0,1,0.325,-0.13999999999999999,remove_supply_chain_context
R02406,U0054,U0055,2023-10-03T02:50:22,2,3,2,0,0,0,3,0.44,-0.048,remove_supply_chain_context
R02407,U0659,U1344,2023-10-03T04:43:57,3,3,0,0,0,0,0,0.9,0.32000000000000006,remove_supply_chain_context
R02408,U1218,U1219,2023-10-03T06:01:22,4,4,2,0,0,0,3,0.325,-0.13999999999999999,remove_supply_chain_context
R02409,U1292,U1295,2023-10-03T06:15:35,3,4,1,0,0,0,4,0.44,-0.048,remove_supply_chain_context
R02410,U0519,U0521,2023-10-03T06:28:31,3,2,0,0,0,0,3,0.325,-0.13999999999999999,remove_supply_chain_context
R02411,U1227,U1229,2023-10-03T09:10:00,3,4,2,0,0,0,4,0.375,-0.1,remove_supply_chain_context
R02412,U0302,U0304,2023-10-03T09:51:07,4,4,1,0,0,0,6,0.8,0.24,remove_supply_chain_context
R02413,U0135,U0137,2023-10-03T11:25:47,3,2,0,0,0,0,2,0.8,0.24,remove_supply_chain_context
R02414,U1241,U1243,2023-10-03T11:54:06,2,4,1,0,0,0,0,0.375,-0.1,remove_supply_chain_context
R02415,U1274,U1276,2023-10-03T12:53:16,2,3,1,0,0,0,2,0.325,-0.13999999999999999,remove_supply_chain_context
R02416,U0709,U1399,2023-10-03T15:19:49,3,4,0,0,0,0,3,0.44,-0.048,remove_supply_chain_context
R02417,U0340,U1047,2023-10-03T17:21:51,4,4,0,0,0,1,0,0.9,0.32000000000000006,remove_supply_chain_context
R02418,U0279,U0989,2023-10-03T22:59:27,3,4,0,0,1,0,1,0.375,-0.1,remove_supply_chain_context
R02419,U0694,U0696,2023-10-03T23:34:42,2,4,0,0,0,0,5,0.8,0.24,remove_supply_chain_context
R02420,U1011,U1013,2023-10-04T02:25:23,3,1,1,0,0,0,3,0.375,-0.1,remove_supply_chain_context
R02421,U1239,U1241,2023-10-04T04:22:32,4,3,0,0,0,0,2,0.325,-0.13999999999999999,remove_supply_chain_context
R02422,U0399,U1106,2023-10-04T05:46:47,3,4,0,0,0,0,2,0.9,0.32000000000000006,remove_supply_chain_context
R02423,U0086,U0802,2023-10-04T08:24:27,3,3,0,0,0,0,1,0.8,0.24,remove_supply_chain_context
R02424,U0550,U1250,2023-10-04T11:43:23,4,2,0,0,0,0,3,0.44,-0.048,remove_supply_chain_context
R02425,U0225,U0938,2023-10-04T12:21:10,4,2,0,0,0,0,5,0.9,0.32000000000000006,remove_supply_chain_context
R02426,U0085,U0087,2023-10-04T12:33:54,3,4,1,0,0,0,3,0.8,0.24,remove_supply_chain_context
R02427,U1034,U1036,2023-10-04T13:21:38,4,2,0,0,0,0,1,0.375,-0.1,remove_supply_chain_context
R02428,U0649,U1335,2023-10-04T14:55:02,4,3,0,0,0,0,3,0.375,-0.1,remove_supply_chain_context
R02429,U1367,U1369,2023-10-04T15:02:44,4,3,0,0,0,0,1,0.44,-0.048,remove_supply_chain_context
R02430,U0842,U0844,2023-10-04T17:30:31,3,3,0,0,0,0,0,0.9,0.32000000000000006,remove_supply_chain_context
R02431,U1301,U1303,2023-10-04T19:10:08,3,4,1,0,0,0,1,0.9,0.32000000000000006,remove_supply_chain_context
R02432,U1255,U1257,2023-10-04T21:59:13,2,4,0,0,0,0,3,0.325,-0.13999999999999999,remove_supply_chain_context
R02433,U1013,U1015,2023-10-04T23:08:11,2,3,0,0,0,0,1,0.8,0.24,remove_supply_chain_context
R02434,U0267,U0975,2023-10-04T23:15:26,4,3,0,0,0,0,1,0.375,-0.1,remove_supply_chain_context
R02435,U0080,U0795,2023-10-05T02:55:23,4,4,0,0,0,0,1,0.9,0.32000000000000006,remove_supply_chain_context
R02436,U0566,U0568,2023-10-05T03:00:47,3,2,0,0,0,0,0,0.44,-0.048,remove_supply_chain_context
R02437,U0650,U1336,2023-10-05T03:12:20,4,4,0,0,0,0,2,0.325,-0.13999999999999999,remove_supply_chain_context
R02438,U0051,U0052,2023-10-05T03:31:55,4,3,2,0,0,0,1,0.375,-0.1,remove_supply_chain_context
R02439,U1297,U1298,2023-10-05T10:17:30,3,4,2,0,0,0,2,0.325,-0.13999999999999999,remove_supply_chain_context
R02440,U0515,U0517,2023-10-05T11:05:58,4,3,0,0,0,0,1,0.325,-0.13999999999999999,remove_supply_chain_context
R02441,U1277,U1278,2023-10-05T12:03:25,3,2,1,0,0,0,0,0.375,-0.1,remove_supply_chain_context
R02442,U0588,U1282,2023-10-05T12:03:50,4,1,0,0,0,0,3,0.9,0.32000000000000006,remove_supply_chain_context
R02443,U0187,U0191,2023-10-05T13:17:15,2,3,0,0,0,0,0,0.8,0.24,remove_supply_chain_context
R02444,U0254,U0257,2023-10-05T14:21:41,3,3,1,0,0,0,5,0.375,-0.1,remove_supply_chain_context
R02445,U0812,U0813,2023-10-05T20:23:12,4,4,2,0,0,0,2,0.8,0.24,remove_supply_chain_context
R02446,U0589,U0592,2023-10-05T20:28:57,3,4,0,0,1,0,3,0.325,-0.13999999999999999,remove_supply_chain_context
R02447,U0699,U0700,2023-10-05T22:38:46,4,4,2,0,0,0,5,0.375,-0.1,remove_supply_chain_context
R02448,U0064,U0776,2023-10-05T22:56:51,3,4,0,0,0,0,2,0.9,0.32000000000000006,remove_supply_chain_context
R02449,U1321,U1323,2023-10-06T01:31:50,4,3,1,0,0,0,5,0.9,0.32000000000000006,remove_supply_chain_context
R02450,U1176,U1179,2023-10-06T02:11:49,1,3,0,0,1,0,3,0.9,0.32000000000000006,remove_supply_chain_context
R02451,U0498,U0501,2023-10-06T03:25:04,4,3,1,0,0,0,1,0.325,-0.13999999999999999,remove_supply_chain_context
R02452,U0083,U0085,2023-10-06T04:00:30,4,4,1,0,0,0,4,0.44,-0.048,remove_supply_chain_context
R02453,U0831,U0832,2023-10-06T04:38:04,4,4,2,0,0,1,3,0.44,-0.048,remove_supply_chain_context
R02454,U0152,U0863,2023-10-06T07:23:29,3,4,0,0,0,0,2,0.44,-0.048,remove_supply_chain_context
R02455,U1090,U1093,2023-10-06T08:38:33,4,4,1,0,0,0,1,0.44,-0.048,remove_supply_chain_context
R02456,U0575,U1271,2023-10-06T11:22:39,3,4,0,0,0,0,0,0.9,0.32000000000000006,remove_supply_chain_context
R02457,U1355,U1357,2023-10-06T14:35:39,2,4,1,0,0,0,0,0.375,-0.1,remove_supply_chain_context
R02458,U1000,U1003,2023-10-06T19:22:52,4,4,1,0,0,0,0,0.375,-0.1,remove_supply_chain_context
R02459,U0159,U0163,2023-10-06T23:10:00,4,4,1,0,0,0,2,0.375,-0.1,remove_supply_chain_context
R02460,U1354,U1355,2023-10-07T00:31:47,3,3,2,0,0,0,3,0.9,0.32000000000000006,remove_supply_chain_context
R02461,U1335,U1337,2023-10-07T03:57:39,4,3,1,0,0,0,3,0.375,-0.1,remove_supply_chain_context
R02462,U0581,U1276,2023-10-07T04:56:04,4,4,0,0,0,0,1,0.375,-0.1,remove_supply_chain_context
R02463,U0827,U0829,2023-10-07T07:07:04,4,4,1,0,0,0,4,0.9,0.32000000000000006,remove_supply_chain_context
R02464,U0568,U1265,2023-10-07T16:21:46,3,3,0,0,0,0,0,0.44,-0.048,remove_supply_chain_context
R02465,U1210,U1212,2023-10-07T17:23:03,3,3,1,0,0,0,1,0.375,-0.1,remove_supply_chain_context
R02466,U0380,U0381,2023-10-07T18:31:55,2,3,0,0,0,0,0,0.375,-0.1,remove_supply_chain_context
R02467,U0326,U0328,2023-10-07T20:38:46,3,4,1,0,0,0,1,0.9,0.32000000000000006,remove_supply_chain_context
R02468,U0799,U0800,2023-10-07T21:57:31,3,3,0,0,0,0,1,0.9,0.32000000000000006,remove_supply_chain_context
R02469,U0147,U0150,2023-10-07T23:52:22,4,1,1,0,0,1,2,0.8,0.24,remove_supply_chain_context
R02470,U0975,U0977,2023-10-08T05:07:19,4,4,1,0,0,0,3,0.44,-0.048,remove_supply_chain_context
R02471,U0425,U0426,2023-10-08T07:46:04,4,4,2,0,0,0,1,0.375,-0.1,remove_supply_chain_context
R02472,U0694,U1381,2023-10-08T09:03:35,3,3,0,0,0,0,0,0.9,0.32000000000000006,remove_supply_chain_context
R02473,U0850,U0852,2023-10-08T09:36:41,3,3,1,0,0,0,0,0.325,-0.13999999999999999,remove_supply_chain_context
R02474,U0623,U0625,2023-10-08T16:11:28,4,3,1,0,0,0,0,0.9,0.32000000000000006,remove_supply_chain_context
R02475,U0893,U0897,2023-10-08T20:47:37,3,3,1,0,0,0,1,0.9,0.32000000000000006,remove_supply_chain_context
R02476,U0509,U1209,2023-10-09T00:26:21,3,2,0,0,0,0,2,0.375,-0.1,remove_supply_chain_context
R02477,U0605,U1297,2023-10-09T02:08:48,3,4,0,0,0,0,3,0.375,-0.1,remove_supply_chain_context
R02478,U0462,U0463,2023-10-09T04:11:18,4,4,2,0,0,0,4,0.325,-0.13999999999999999,remove_supply_chain_context
R02479,U0423,U0424,2023-10-09T04:15:39,4,3,1,0,0,0,6,0.325,-0.13999999999999999,remove_supply_chain_context
R02480,U0762,U0763,2023-10-09T05:26:28,2,4,0,0,0,0,3,0.9,0.32000000000000006,remove_supply_chain_context
R02481,U0773,U0774,2023-10-09T05:40:06,4,3,1,0,0,0,1,0.375,-0.1,remove_supply_chain_context
R02482,U0506,U0507,2023-10-09T10:58:48,4,3,1,0,0,0,1,0.375,-0.1,remove_supply_chain_context
R02483,U0479,U0481,2023-10-09T14:36:52,4,4,1,0,0,0,3,0.375,-0.1,remove_supply_chain_context
R02484,U0397,U1105,2023-10-09T17:09:15,2,3,0,0,0,0,4,0.375,-0.1,remove_supply_chain_context
R02485,U0454,U0456,2023-10-09T18:20:01,2,3,1,0,0,0,0,0.9,0.32000000000000006,remove_supply_chain_context
R02486,U0454,U1157,2023-10-09T23:32:40,3,4,0,0,0,0,4,0.325,-0.13999999999999999,remove_supply_chain_context
R02487,U0057,U0061,2023-10-09T23:46:58,4,3,1,0,0,0,1,0.9,0.32000000000000006,remove_supply_chain_context
R02488,U0562,U0563,2023-10-10T00:39:20,4,3,2,0,0,0,1,0.375,-0.1,remove_supply_chain_context
R02489,U0597,U0598,2023-10-10T05:09:46,2,4,0,0,0,0,0,0.375,-0.1,remove_supply_chain_context
R02490,U1131,U1133,2023-10-10T07:25:53,3,2,0,0,0,0,1,0.8,0.24,remove_supply_chain_context
R02491,U0251,U0254,2023-10-10T07:56:49,4,4,1,0,0,0,3,0.8,0.24,remove_supply_chain_context
R02492,U0483,U0484,2023-10-10T08:38:35,3,3,1,0,0,0,2,0.9,0.32000000000000006,remove_supply_chain_context
R02493,U0134,U0136,2023-10-10T10:53:08,2,3,0,0,0,0,5,0.44,-0.048,remove_supply_chain_context
R02494,U1250,U1251,2023-10-10T12:52:25,3,3,0,0,0,0,2,0.9,0.32000000000000006,remove_supply_chain_context
R02495,U0869,U0870,2023-10-10T13:54:40,3,3,1,0,0,0,2,0.8,0.24,remove_supply_chain_context
R02496,U0491,U0493,2023-10-10T17:38:13,3,4,1,0,0,1,2,0.375,-0.1,remove_supply_chain_context
R02497,U0150,U0861,2023-10-10T19:40:03,2,3,0,0,0,0,0,0.44,-0.048,remove_supply_chain_context
R02498,U0311,U0313,2023-10-10T22:45:19,4,4,1,0,0,0,1,0.375,-0.1,remove_supply_chain_context
R02499,U0472,U1176,2023-10-11T03:33:08,3,2,0,0,0,0,5,0.44,-0.048,remove_supply_chain_context
R02500,U0410,U0412,2023-10-11T03:36:53,4,3,1,0,0,0,1,0.8,0.24,remove_supply_chain_context
R02501,U0986,U0987,2023-10-11T05:10:59,3,3,1,0,0,0,0,0.325,-0.13999999999999999,remove_supply_chain_context
R02502,U1174,U1176,2023-10-11T06:16:43,4,3,1,0,0,0,5,0.375,-0.1,remove_supply_chain_context
R02503,U0997,U0998,2023-10-11T07:44:22,3,4,2,0,0,0,5,0.44,-0.048,remove_supply_chain_context
R02504,U1317,U1320,2023-10-11T11:42:18,3,3,1,0,0,0,6,0.375,-0.1,remove_supply_chain_context
R02505,U0397,U0399,2023-10-11T15:56:10,3,4,1,0,0,0,4,0.44,-0.048,remove_supply_chain_context
R02506,U0625,U0627,2023-10-11T17:50:35,4,3,1,0,1,0,4,0.44,-0.048,remove_supply_chain_context
R02507,U0651,U0653,2023-10-11T20:11:45,4,4,1,0,0,1,0,0.375,-0.1,remove_supply_chain_context
R02508,U1300,U1301,2023-10-12T05:14:41,4,4,2,0,0,0,2,0.44,-0.048,remove_supply_chain_context
R02509,U0137,U0139,2023-10-12T12:48:01,3,4,1,0,0,0,4,0.9,0.32000000000000006,remove_supply_chain_context
R02510,U0708,U0709,2023-10-12T13:55:02,2,4,2,0,0,0,5,0.325,-0.13999999999999999,remove_supply_chain_context
R02511,U1036,U1038,2023-10-12T17:24:04,3,4,1,0,0,0,2,0.375,-0.1,remove_supply_chain_context
R02512,U0015,U0016,2023-10-12T17:31:01,2,4,1,0,0,0,3,0.44,-0.048,remove_supply_chain_context
R02513,U0504,U1204,2023-10-12T19:04:54,3,3,0,0,0,0,2,0.375,-0.1,remove_supply_chain_context
R02514,U0552,U1252,2023-10-12T19:24:45,3,3,0,0,0,0,2,0.375,-0.1,remove_supply_chain_context
R02515,U0274,U0982,2023-10-13T01:39:20,2,3,0,0,0,0,2,0.8,0.24,remove_supply_chain_context
R02516,U0376,U0381,2023-10-13T01:45:48,4,4,1,0,0,1,1,0.44,-0.048,remove_supply_chain_context
R02517,U0054,U0768,2023-10-13T03:27:30,3,4,0,0,0,0,3,0.9,0.32000000000000006,remove_supply_chain_context
R02518,U0017,U0730,2023-10-13T08:11:28,3,4,0,0,0,0,2,0.325,-0.13999999999999999,remove_supply_chain_context
R02519,U0513,U1212,2023-10-13T08:25:27,3,4,0,0,1,0,2,0.9,0.32000000000000006,remove_supply_chain_context
R02520,U0022,U0023,2023-10-13T10:01:37,3,3,1,0,0,1,2,0.9,0.32000000000000006,remove_supply_chain_context
R02521,U0320,U0321,2023-10-13T12:02:49,4,3,1,0,0,0,0,0.375,-0.1,remove_supply_chain_context
R02522,U0991,U0993,2023-10-13T13:40:58,2,3,1,0,0,0,2,0.375,-0.1,remove_supply_chain_context
R02523,U0356,U1063,2023-10-13T14:46:30,4,2,0,0,0,0,0,0.9,0.32000000000000006,remove_supply_chain_context
R02524,U0909,U0911,2023-10-13T15:55:46,4,4,1,0,0,0,3,0.325,-0.13999999999999999,remove_supply_chain_context
R02525,U0575,U0577,2023-10-13T16:33:53,4,4,1,0,0,0,3,0.44,-0.048,remove_supply_chain_context
R02526,U0230,U0941,2023-10-13T22:27:23,4,4,0,0,0,0,4,0.375,-0.1,remove_supply_chain_context
R02527,U0136,U0137,2023-10-14T11:43:45,4,4,2,0,0,0,1,0.9,0.32000000000000006,remove_supply_chain_context
R02528,U0926,U0928,2023-10-14T11:54:46,4,4,1,0,0,0,0,0.9,0.32000000000000006,remove_supply_chain_context
R02529,U0403,U0405,2023-10-14T13:29:44,4,3,1,0,0,0,2,0.375,-0.1,remove_supply_chain_context
R02530,U0353,U0355,2023-10-14T13:40:50,4,4,1,0,0,0,0,0.375,-0.1,remove_supply_chain_context
R02531,U0521,U1220,2023-10-14T16:47:27,3,4,0,0,0,0,1,0.325,-0.13999999999999999,remove_supply_chain_context
R02532,U0380,U0382,2023-10-14T17:09:56,3,4,1,0,0,0,0,0.325,-0.13999999999999999,remove_supply_chain_context
R02533,U0748,U0750,2023-10-14T18:19:12,3,4,0,0,0,0,4,0.375,-0.1,remove_supply_chain_context
R02534,U0247,U0249,2023-10-14T18:28:54,4,3,1,0,0,1,4,0.9,0.32000000000000006,remove_supply_chain_context
R02535,U0166,U0168,2023-10-14T23:21:54,4,4,1,0,0,0,6,0.9,0.32000000000000006,remove_supply_chain_context
R02536,U0693,U1379,2023-10-15T00:32:30,3,4,0,0,0,0,2,0.375,-0.1,remove_supply_chain_context
R02537,U0932,U0933,2023-10-15T05:02:59,4,4,2,0,0,0,3,0.8,0.24,remove_supply_chain_context
R02538,U1331,U1332,2023-10-15T14:58:09,4,4,2,0,0,0,5,0.44,-0.048,remove_supply_chain_context
R02539,U0835,U0837,2023-10-15T17:39:32,2,4,1,0,0,0,1,0.8,0.24,remove_supply_chain_context
R02540,U0842,U0843,2023-10-15T20:59:45,4,3,1,0,0,0,3,0.9,0.32000000000000006,remove_supply_chain_context
R02541,U0626,U1311,2023-10-15T20:59:52,3,4,0,0,0,0,3,0.44,-0.048,remove_supply_chain_context
R02542,U1132,U1133,2023-10-15T21:16:32,4,3,1,0,0,0,2,0.325,-0.13999999999999999,remove_supply_chain_context
R02543,U0527,U1227,2023-10-15T22:15:30,3,4,0,0,0,0,0,0.375,-0.1,remove_supply_chain_context
R02544,U0055,U0769,2023-10-15T23:04:50,4,4,0,0,0,0,5,0.325,-0.13999999999999999,remove_supply_chain_context
R02545,U1272,U1274,2023-10-16T05:54:59,3,3,1,0,0,0,2,0.8,0.24,remove_supply_chain_context
R02546,U0210,U0924,2023-10-16T06:05:47,4,3,0,0,0,0,0,0.8,0.24,remove_supply_chain_context
R02547,U1289,U1292,2023-10-16T07:08:57,4,4,1,0,0,0,0,0.44,-0.048,remove_supply_chain_context
R02548,U0507,U0508,2023-10-16T07:19:02,4,4,2,0,0,0,4,0.44,-0.048,remove_supply_chain_context
R02549,U0569,U0570,2023-10-16T07:21:31,4,4,2,0,0,0,1,0.375,-0.1,remove_supply_chain_context
R02550,U1381,U1383,2023-10-16T15:55:11,4,4,1,0,0,0,3,0.375,-0.1,remove_supply_chain_context
R02551,U0288,U0290,2023-10-16T21:03:14,4,4,1,0,0,0,0,0.375,-0.1,remove_supply_chain_context
R02552,U0985,U0986,2023-10-16T21:40:54,4,4,2,0,0,0,1,0.9,0.32000000000000006,remove_supply_chain_context
R02553,U1304,U1305,2023-10-17T02:59:11,4,3,2,0,0,1,1,0.44,-0.048,remove_supply_chain_context
R02554,U0354,U1060,2023-10-17T05:20:42,4,3,0,0,0,0,2,0.375,-0.1,remove_supply_chain_context
R02555,U0150,U0152,2023-10-17T09:47:18,3,4,0,0,0,0,1,0.9,0.32000000000000006,remove_supply_chain_context
R02556,U0452,U1155,2023-10-17T16:37:50,4,4,0,0,0,0,2,0.325,-0.13999999999999999,remove_supply_chain_context
R02557,U1044,U1046,2023-10-17T17:02:41,4,4,1,0,0,0,1,0.375,-0.1,remove_supply_chain_context
R02558,U0713,U0715,2023-10-17T21:07:25,3,3,0,0,0,0,2,0.375,-0.1,remove_supply_chain_context
R02559,U0693,U0695,2023-10-17T21:52:58,4,3,0,0,0,0,4,0.375,-0.1,remove_supply_chain_context
R02560,U0579,U1274,2023-10-18T02:31:09,3,4,0,0,0,0,0,0.9,0.32000000000000006,remove_supply_chain_context
R02561,U1035,U1036,2023-10-18T04:23:55,4,4,2,0,1,0,1,0.44,-0.048,remove_supply_chain_context
R02562,U0046,U0758,2023-10-18T07:13:56,3,4,0,0,0,0,2,0.9,0.32000000000000006,remove_supply_chain_context
R02563,U0603,U0604,2023-10-18T11:16:55,4,3,1,0,0,0,2,0.325,-0.13999999999999999,remove_supply_chain_context
R02564,U0553,U0556,2023-10-18T13:51:39,1,4,0,0,0,0,2,0.9,0.32000000000000006,remove_supply_chain_context
R02565,U1127,U1128,2023-10-18T15:09:53,4,3,2,0,0,0,1,0.44,-0.048,remove_supply_chain_context
R02566,U0675,U0676,2023-10-18T19:48:16,2,2,1,0,0,0,1,0.44,-0.048,remove_supply_chain_context
R02567,U0453,U1156,2023-10-18T20:54:32,3,4,0,0,0,0,3,0.375,-0.1,remove_supply_chain_context
R02568,U0067,U0069,2023-10-18T23:14:57,3,4,1,0,0,0,3,0.9,0.32000000000000006,remove_supply_chain_context
R02569,U0065,U0778,2023-10-19T04:11:59,3,4,0,0,0,0,4,0.9,0.32000000000000006,remove_supply_chain_context
R02570,U0366,U0369,2023-10-19T06:35:26,4,4,1,0,0,0,2,0.8,0.24,remove_supply_chain_context
R02571,U0345,U0346,2023-10-19T09:20:49,3,4,1,0,0,0,6,0.9,0.32000000000000006,remove_supply_chain_context
R02572,U0684,U0685,2023-10-19T11:40:42,3,3,2,0,0,0,1,0.8,0.24,remove_supply_chain_context
R02573,U0446,U0451,2023-10-19T14:45:28,4,3,0,0,0,1,1,0.375,-0.1,remove_supply_chain_context
R02574,U0892,U0893,2023-10-19T15:17:42,2,4,0,0,0,0,1,0.375,-0.1,remove_supply_chain_context
R02575,U1023,U1025,2023-10-19T16:19:50,4,4,1,0,0,0,2,0.8,0.24,remove_supply_chain_context
R02576,U0412,U0413,2023-10-19T21:31:27,4,4,2,0,0,0,1,0.9,0.32000000000000006,remove_supply_chain_context
R02577,U0676,U0678,2023-10-19T23:57:41,3,3,1,0,0,0,3,0.325,-0.13999999999999999,remove_supply_chain_context
R02578,U0687,U1371,2023-10-20T01:07:08,3,4,0,0,0,0,2,0.9,0.32000000000000006,remove_supply_chain_context
R02579,U0970,U0972,2023-10-20T03:28:37,4,4,1,0,0,0,2,0.44,-0.048,remove_supply_chain_context
R02580,U1197,U1198,2023-10-20T03:32:35,3,4,2,0,0,0,4,0.9,0.32000000000000006,remove_supply_chain_context
R02581,U1250,U1252,2023-10-20T04:12:34,4,4,1,0,0,0,2,0.9,0.32000000000000006,remove_supply_chain_context
R02582,U0690,U1373,2023-10-20T09:23:46,4,3,0,0,0,0,0,0.375,-0.1,remove_supply_chain_context
R02583,U1232,U1234,2023-10-20T14:47:38,3,3,1,0,0,0,1,0.375,-0.1,remove_supply_chain_context
R02584,U0643,U0646,2023-10-20T17:26:35,4,4,2,0,0,0,0,0.44,-0.048,remove_supply_chain_context
R02585,U0023,U0024,2023-10-20T20:16:10,4,4,2,0,0,0,2,0.375,-0.1,remove_supply_chain_context
R02586,U0631,U1316,2023-10-20T23:40:50,3,3,0,0,0,0,5,0.375,-0.1,remove_supply_chain_context
R02587,U0510,U0513,2023-10-21T02:53:02,4,4,1,0,0,0,5,0.8,0.24,remove_supply_chain_context
R02588,U0323,U0324,2023-10-21T06:04:12,4,4,2,0,0,0,2,0.375,-0.1,remove_supply_chain_context
R02589,U0667,U0668,2023-10-21T06:08:50,4,4,2,0,0,0,0,0.325,-0.13999999999999999,remove_supply_chain_context
R02590,U0660,U0661,2023-10-21T06:46:22,3,4,2,0,0,0,0,0.9,0.32000000000000006,remove_supply_chain_context
R02591,U1350,U1351,2023-10-21T13:33:00,4,3,1,0,0,0,6,0.44,-0.048,remove_supply_chain_context
R02592,U0626,U0628,2023-10-21T14:35:14,4,2,0,0,0,1,2,0.375,-0.1,remove_supply_chain_context
R02593,U0089,U0091,2023-10-21T17:36:25,4,4,2,0,0,0,0,0.44,-0.048,remove_supply_chain_context
R02594,U0679,U0681,2023-10-21T19:42:05,3,4,2,0,0,0,5,0.44,-0.048,remove_supply_chain_context
R02595,U0519,U0520,2023-10-21T20:02:03,4,4,2,0,0,0,4,0.375,-0.1,remove_supply_chain_context
R02596,U0535,U0536,2023-10-22T01:23:12,4,4,2,0,0,0,6,0.375,-0.1,remove_supply_chain_context
R02597,U0589,U0591,2023-10-22T04:27:57,4,4,2,0,0,0,1,0.325,-0.13999999999999999,remove_supply_chain_context
R02598,U0062,U0065,2023-10-22T05:29:31,3,4,1,0,0,0,0,0.9,0.32000000000000006,remove_supply_chain_context
R02599,U0760,U0761,2023-10-22T09:34:27,4,3,1,0,0,0,1,0.9,0.32000000000000006,remove_supply_chain_context
R02600,U1052,U1053,2023-10-22T14:59:56,3,4,2,0,0,0,2,0.325,-0.13999999999999999,remove_supply_chain_context
R02601,U0717,U0719,2023-10-22T15:01:21,1,3,0,0,0,0,4,0.9,0.32000000000000006,remove_supply_chain_context
R02602,U0143,U0144,2023-10-22T17:41:37,3,4,2,0,0,0,2,0.9,0.32000000000000006,remove_supply_chain_context
R02603,U0906,U0907,2023-10-23T01:47:53,4,4,2,0,0,0,1,0.375,-0.1,remove_supply_chain_context
R02604,U1013,U1014,2023-10-23T02:20:41,3,4,2,0,0,0,5,0.325,-0.13999999999999999,remove_supply_chain_context
R02605,U0639,U0640,2023-10-23T04:49:35,4,4,2,0,0,0,3,0.9,0.32000000000000006,remove_supply_chain_context
R02606,U0279,U0283,2023-10-23T09:19:52,4,4,2,0,0,0,1,0.9,0.32000000000000006,remove_supply_chain_context
R02607,U0223,U0227,2023-10-23T12:15:19,4,3,1,0,0,0,0,0.375,-0.1,remove_supply_chain_context
R02608,U0456,U1160,2023-10-23T16:16:38,4,3,0,0,0,0,3,0.325,-0.13999999999999999,remove_supply_chain_context
R02609,U1078,U1079,2023-10-23T20:03:16,4,4,2,0,0,0,1,0.375,-0.1,remove_supply_chain_context
R02610,U0898,U0901,2023-10-23T20:23:48,2,4,1,0,0,0,2,0.375,-0.1,remove_supply_chain_context
R02611,U0527,U0529,2023-10-23T21:49:02,4,4,2,0,0,0,1,0.9,0.32000000000000006,remove_supply_chain_context
R02612,U0359,U1067,2023-10-24T00:05:53,3,3,0,0,0,0,0,0.8,0.24,remove_supply_chain_context
R02613,U1282,U1283,2023-10-24T00:13:55,2,3,0,0,0,0,1,0.375,-0.1,remove_supply_chain_context
R02614,U1182,U1184,2023-10-24T00:43:52,3,4,0,0,0,0,1,0.375,-0.1,remove_supply_chain_context
R02615,U0990,U0991,2023-10-24T03:52:03,3,3,1,0,0,0,0,0.375,-0.1,remove_supply_chain_context
R02616,U0873,U0874,2023-10-24T06:32:32,2,2,0,0,0,0,2,0.375,-0.1,remove_supply_chain_context
R02617,U0072,U0073,2023-10-24T10:49:52,4,2,1,0,0,0,5,0.9,0.32000000000000006,remove_supply_chain_context
R02618,U0710,U1401,2023-10-24T12:56:27,4,4,0,0,0,0,2,0.9,0.32000000000000006,remove_supply_chain_context
R02619,U0584,U1279,2023-10-24T13:25:36,2,2,0,0,0,1,5,0.8,0.24,remove_supply_chain_context
R02620,U1060,U1063,2023-10-24T17:56:20,4,3,1,0,1,0,3,0.44,-0.048,remove_supply_chain_context
R02621,U0874,U0876,2023-10-24T19:14:15,3,4,1,0,0,0,2,0.44,-0.048,remove_supply_chain_context
R02622,U0214,U0216,2023-10-24T21:10:33,4,3,1,0,0,0,4,0.375,-0.1,remove_supply_chain_context
R02623,U0052,U0054,2023-10-24T21:33:50,4,4,1,0,0,0,0,0.9,0.32000000000000006,remove_supply_chain_context
R02624,U0471,U0472,2023-10-24T23:54:54,4,4,2,0,0,0,1,0.375,-0.1,remove_supply_chain_context
R02625,U1359,U1360,2023-10-25T10:45:08,3,3,1,0,0,0,4,0.44,-0.048,remove_supply_chain_context
R02626,U0025,U0027,2023-10-25T11:15:44,4,3,1,0,0,0,4,0.325,-0.13999999999999999,remove_supply_chain_context
R02627,U0880,U0881,2023-10-25T13:13:33,4,4,2,0,0,0,2,0.9,0.32000000000000006,remove_supply_chain_context
R02628,U0363,U1071,2023-10-25T16:16:45,4,4,0,0,0,0,2,0.375,-0.1,remove_supply_chain_context
R02629,U0270,U0272,2023-10-25T17:27:26,4,3,1,0,0,0,2,0.325,-0.13999999999999999,remove_supply_chain_context
R02630,U0943,U0944,2023-10-25T21:03:37,4,3,1,0,0,0,3,0.375,-0.1,remove_supply_chain_context
R02631,U0128,U0131,2023-10-26T09:41:44,2,3,0,0,0,0,4,0.375,-0.1,remove_supply_chain_context
R02632,U0006,U0007,2023-10-26T09:46:17,4,3,2,0,0,0,5,0.44,-0.048,remove_supply_chain_context
R02633,U1359,U1361,2023-10-26T14:12:47,4,3,1,0,0,0,3,0.9,0.32000000000000006,remove_supply_chain_context
R02634,U0521,U0524,2023-10-26T14:31:14,4,4,1,0,0,0,1,0.9,0.32000000000000006,remove_supply_chain_context
R02635,U0127,U0128,2023-10-26T16:20:24,4,3,2,0,0,0,1,0.325,-0.13999999999999999,remove_supply_chain_context
R02636,U0030,U0031,2023-10-27T00:54:45,3,3,1,0,0,0,6,0.44,-0.048,remove_supply_chain_context
R02637,U0490,U0492,2023-10-27T03:16:49,3,4,0,0,0,1,1,0.44,-0.048,remove_supply_chain_context
R02638,U0388,U0390,2023-10-27T04:34:02,4,3,1,0,0,0,0,0.44,-0.048,remove_supply_chain_context
R02639,U0717,U0718,2023-10-27T08:09:06,2,4,2,0,0,0,5,0.375,-0.1,remove_supply_chain_context
R02640,U0269,U0271,2023-10-27T09:22:50,4,4,1,0,0,0,0,0.8,0.24,remove_supply_chain_context
R02641,U0241,U0244,2023-10-27T10:34:35,4,4,1,0,0,0,1,0.375,-0.1,remove_supply_chain_context
R02642,U0732,U0735,2023-10-27T12:58:27,4,4,1,0,1,0,0,0.375,-0.1,remove_supply_chain_context
R02643,U0150,U0151,2023-10-27T13:01:53,4,3,2,0,0,0,4,0.8,0.24,remove_supply_chain_context
R02644,U0587,U1281,2023-10-27T15:34:39,3,3,0,0,0,0,3,0.8,0.24,remove_supply_chain_context
R02645,U0203,U0204,2023-10-27T16:20:38,4,4,2,0,0,0,5,0.375,-0.1,remove_supply_chain_context
R02646,U0015,U0728,2023-10-27T17:15:00,3,4,0,0,0,0,1,0.8,0.24,remove_supply_chain_context
R02647,U0179,U0181,2023-10-27T17:57:40,4,3,1,0,0,0,3,0.375,-0.1,remove_supply_chain_context
R02648,U1160,U1162,2023-10-28T01:01:09,4,4,1,0,0,0,2,0.9,0.32000000000000006,remove_supply_chain_context
R02649,U0405,U0406,2023-10-28T07:55:18,4,3,1,0,0,0,2,0.9,0.32000000000000006,remove_supply_chain_context
R02650,U0846,U0847,2023-10-28T11:39:46,4,4,2,0,0,0,1,0.375,-0.1,remove_supply_chain_context
R02651,U0409,U1118,2023-10-28T12:57:13,3,4,0,0,1,0,2,0.325,-0.13999999999999999,remove_supply_chain_context
R02652,U0583,U0584,2023-10-28T14:32:53,4,3,2,0,0,0,0,0.8,0.24,remove_supply_chain_context
R02653,U0342,U1048,2023-10-28T15:32:04,4,4,0,0,0,0,2,0.9,0.32000000000000006,remove_supply_chain_context
R02654,U0336,U0337,2023-10-28T17:59:13,4,3,1,0,0,0,0,0.44,-0.048,remove_supply_chain_context
R02655,U0216,U0218,2023-10-28T20:40:21,4,3,2,0,0,0,0,0.375,-0.1,remove_supply_chain_context
R02656,U1007,U1008,2023-10-28T20:40:58,3,3,0,0,0,0,1,0.375,-0.1,remove_supply_chain_context
R02657,U0429,U1138,2023-10-28T21:18:27,4,3,0,0,0,0,5,0.9,0.32000000000000006,remove_supply_chain_context
R02658,U0742,U0743,2023-11-01T00:02:45,4,3,2,0,0,0,3,0.375,-0.1,remove_supply_chain_context
R02659,U0289,U0997,2023-11-01T02:11:11,4,4,0,0,0,0,5,0.375,-0.1,remove_supply_chain_context
R02660,U0260,U0968,2023-11-01T06:17:05,3,4,0,0,0,0,1,0.9,0.32000000000000006,remove_supply_chain_context
R02661,U0835,U0838,2023-11-01T12:58:36,3,4,1,0,0,0,0,0.9,0.32000000000000006,remove_supply_chain_context
R02662,U0553,U1253,2023-11-01T17:29:05,2,3,0,0,0,0,3,0.8,0.24,remove_supply_chain_context
R02663,U0725,U0727,2023-11-01T22:21:00,3,4,1,0,0,0,2,0.9,0.32000000000000006,remove_supply_chain_context
R02664,U0295,U0298,2023-11-01T22:38:00,3,3,2,0,0,0,5,0.9,0.32000000000000006,remove_supply_chain_context
R02665,U0679,U1363,2023-11-01T23:00:55,4,4,0,0,0,0,2,0.375,-0.1,remove_supply_chain_context
R02666,U0122,U0835,2023-11-02T03:28:04,4,4,0,0,0,0,2,0.9,0.32000000000000006,remove_supply_chain_context
R02667,U0634,U0635,2023-11-02T08:35:20,4,4,2,0,0,0,1,0.375,-0.1,remove_supply_chain_context
R02668,U0103,U0104,2023-11-02T12:32:46,4,3,2,0,0,0,1,0.325,-0.13999999999999999,remove_supply_chain_context
R02669,U0319,U0321,2023-11-02T14:49:05,3,4,1,0,0,0,0,0.8,0.24,remove_supply_chain_context
R02670,U0761,U0762,2023-11-02T14:54:29,4,3,2,0,0,0,3,0.325,-0.13999999999999999,remove_supply_chain_context
R02671,U0264,U0266,2023-11-02T17:33:01,4,4,1,0,0,1,0,0.44,-0.048,remove_supply_chain_context
R02672,U1283,U1285,2023-11-02T21:08:53,4,4,1,0,0,0,6,0.325,-0.13999999999999999,remove_supply_chain_context
R02673,U0891,U0892,2023-11-03T05:51:35,3,3,1,0,0,0,2,0.9,0.32000000000000006,remove_supply_chain_context
R02674,U0890,U0891,2023-11-03T06:28:52,4,4,2,0,0,0,0,0.8,0.24,remove_supply_chain_context
R02675,U0097,U0099,2023-11-03T09:15:25,4,4,1,0,0,0,3,0.375,-0.1,remove_supply_chain_context
R02676,U0074,U0076,2023-11-03T18:45:14,4,4,1,0,0,0,2,0.325,-0.13999999999999999,remove_supply_chain_context
R02677,U0183,U0894,2023-11-03T22:16:04,3,3,0,0,0,0,5,0.9,0.32000000000000006,remove_supply_chain_context
R02678,U0806,U0807,2023-11-03T22:58:58,4,4,2,0,0,0,2,0.8,0.24,remove_supply_chain_context
R02679,U0319,U1024,2023-11-04T02:17:55,4,4,0,0,0,0,1,0.8,0.24,remove_supply_chain_context
R02680,U1067,U1069,2023-11-04T02:23:51,4,4,1,0,0,0,2,0.375,-0.1,remove_supply_chain_context
R02681,U0872,U0874,2023-11-04T05:12:45,3,4,0,0,0,0,0,0.375,-0.1,remove_supply_chain_context
R02682,U1021,U1022,2023-11-04T06:27:06,4,4,2,0,0,0,1,0.9,0.32000000000000006,remove_supply_chain_context
R02683,U1200,U1202,2023-11-04T08:43:27,4,4,1,0,0,0,4,0.375,-0.1,remove_supply_chain_context
R02684,U1249,U1251,2023-11-04T08:53:57,3,4,1,0,0,0,0,0.9,0.32000000000000006,remove_supply_chain_context
R02685,U0145,U0146,2023-11-04T10:29:09,4,4,2,0,0,0,2,0.325,-0.13999999999999999,remove_supply_chain_context
R02686,U0421,U1130,2023-11-04T10:35:53,4,3,0,0,0,0,1,0.375,-0.1,remove_supply_chain_context
R02687,U1063,U1065,2023-11-04T17:40:56,4,3,1,0,0,0,2,0.9,0.32000000000000006,remove_supply_chain_context
R02688,U0273,U0275,2023-11-04T19:31:40,3,4,0,0,0,0,1,0.9,0.32000000000000006,remove_supply_chain_context
R02689,U0153,U0864,2023-11-05T04:26:58,3,4,0,0,0,0,1,0.375,-0.1,remove_supply_chain_context
R02690,U0848,U0850,2023-11-05T05:57:04,4,4,1,0,0,0,4,0.375,-0.1,remove_supply_chain_context
R02691,U0273,U0274,2023-11-05T09:18:12,4,3,1,0,0,0,0,0.44,-0.048,remove_supply_chain_context
R02692,U0048,U0050,2023-11-05T11:07:00,4,4,1,0,0,0,2,0.375,-0.1,remove_supply_chain_context
R02693,U1260,U1262,2023-11-05T14:17:17,4,4,1,0,0,0,1,0.8,0.24,remove_supply_chain_context
R02694,U0657,U0660,2023-11-05T17:34:35,3,4,0,0,0,0,3,0.9,0.32000000000000006,remove_supply_chain_context
R02695,U1185,U1187,2023-11-05T18:31:22,3,3,0,0,0,0,5,0.8,0.24,remove_supply_chain_context
R02696,U0187,U0190,2023-11-05T19:26:21,3,4,2,0,0,0,0,0.375,-0.1,remove_supply_chain_context
R02697,U0897,U0898,2023-11-05T22:50:56,4,3,2,0,0,0,1,0.375,-0.1,remove_supply_chain_context
R02698,U0187,U0899,2023-11-05T23:01:12,4,4,0,0,0,0,3,0.9,0.32000000000000006,remove_supply_chain_context
R02699,U0532,U1232,2023-11-06T06:44:15,4,4,0,0,0,0,1,0.44,-0.048,remove_supply_chain_context
R02700,U1316,U1320,2023-11-06T10:48:24,4,4,1,0,0,0,5,0.44,-0.048,remove_supply_chain_context
R02701,U0362,U0364,2023-11-06T11:28:51,3,4,1,0,0,0,1,0.8,0.24,remove_supply_chain_context
R02702,U0675,U1360,2023-11-06T16:02:30,3,4,0,0,0,0,1,0.375,-0.1,remove_supply_chain_context
R02703,U1281,U1282,2023-11-06T16:30:57,4,3,2,0,0,0,0,0.9,0.32000000000000006,remove_supply_chain_context
R02704,U1189,U1190,2023-11-06T18:16:32,3,4,2,0,0,0,1,0.44,-0.048,remove_supply_chain_context
R02705,U0151,U0153,2023-11-06T18:26:18,4,4,1,0,0,0,1,0.375,-0.1,remove_supply_chain_context
R02706,U0058,U0772,2023-11-06T19:44:35,4,2,0,0,0,0,1,0.8,0.24,remove_supply_chain_context
R02707,U0574,U1270,2023-11-06T22:59:39,3,3,0,0,0,0,5,0.325,-0.13999999999999999,remove_supply_chain_context
R02708,U0387,U1096,2023-11-07T00:04:29,3,4,0,0,0,0,3,0.325,-0.13999999999999999,remove_supply_chain_context
R02709,U0599,U0600,2023-11-07T02:39:19,3,4,2,0,0,0,3,0.325,-0.13999999999999999,remove_supply_chain_context
R02710,U0041,U0042,2023-11-07T02:52:45,4,3,2,0,0,0,5,0.44,-0.048,remove_supply_chain_context
R02711,U0194,U0196,2023-11-07T07:31:02,4,3,1,0,0,0,3,0.44,-0.048,remove_supply_chain_context
R02712,U0293,U0294,2023-11-07T07:38:29,3,4,1,0,0,0,1,0.325,-0.13999999999999999,remove_supply_chain_context
R02713,U0483,U0485,2023-11-07T09:26:31,4,4,1,0,0,0,0,0.44,-0.048,remove_supply_chain_context
R02714,U0819,U0820,2023-11-07T13:17:10,3,2,1,0,0,0,6,0.8,0.24,remove_supply_chain_context
R02715,U0715,U0717,2023-11-07T13:55:38,4,3,1,0,0,0,0,0.325,-0.13999999999999999,remove_supply_chain_context
R02716,U0771,U0772,2023-11-07T14:46:59,3,3,1,0,0,0,1,0.9,0.32000000000000006,remove_supply_chain_context
R02717,U0938,U0939,2023-11-07T15:14:29,3,4,2,0,0,0,2,0.44,-0.048,remove_supply_chain_context
R02718,U0820,U0822,2023-11-07T15:39:40,3,3,1,0,0,0,1,0.44,-0.048,remove_supply_chain_context
R02719,U0858,U0861,2023-11-07T16:29:34,4,4,1,0,0,0,4,0.375,-0.1,remove_supply_chain_context
R02720,U0736,U0737,2023-11-07T16:52:44,4,4,2,0,0,0,2,0.375,-0.1,remove_supply_chain_context
R02721,U0109,U0824,2023-11-07T20:08:14,4,3,0,0,0,1,1,0.9,0.32000000000000006,remove_supply_chain_context
R02722,U0343,U1049,2023-11-07T20:26:38,4,4,0,0,1,0,3,0.8,0.24,remove_supply_chain_context
R02723,U0305,U1013,2023-11-07T20:56:26,4,4,0,0,0,0,1,0.9,0.32000000000000006,remove_supply_chain_context
R02724,U0886,U0888,2023-11-07T23:02:30,4,4,1,0,0,0,4,0.44,-0.048,remove_supply_chain_context
R02725,U0401,U1107,2023-11-08T03:09:22,4,4,0,0,0,0,0,0.375,-0.1,remove_supply_chain_context
R02726,U0843,U0844,2023-11-08T06:11:02,4,4,2,0,0,0,3,0.375,-0.1,remove_supply_chain_context
R02727,U1309,U1310,2023-11-08T07:16:45,4,4,2,0,0,0,4,0.9,0.32000000000000006,remove_supply_chain_context
R02728,U0298,U0300,2023-11-08T08:42:44,4,4,1,0,0,0,6,0.375,-0.1,remove_supply_chain_context
R02729,U0919,U0921,2023-11-08T09:35:05,3,2,1,0,0,0,2,0.9,0.32000000000000006,remove_supply_chain_context
R02730,U0801,U0802,2023-11-08T10:36:47,3,4,1,0,0,0,5,0.44,-0.048,remove_supply_chain_context
R02731,U0017,U0018,2023-11-08T12:53:42,4,4,2,0,0,0,1,0.9,0.32000000000000006,remove_supply_chain_context
R02732,U0380,U1085,2023-11-08T12:55:19,4,4,0,0,0,0,3,0.44,-0.048,remove_supply_chain_context
R02733,U0476,U0477,2023-11-08T14:33:00,4,4,2,0,0,0,5,0.375,-0.1,remove_supply_chain_context
R02734,U0200,U0913,2023-11-08T15:18:35,4,3,0,0,0,0,1,0.9,0.32000000000000006,remove_supply_chain_context
R02735,U0131,U0134,2023-11-08T16:04:44,4,3,1,0,0,0,2,0.9,0.32000000000000006,remove_supply_chain_context
R02736,U0031,U0745,2023-11-08T16:40:35,4,3,0,0,0,0,4,0.44,-0.048,remove_supply_chain_context
R02737,U1026,U1029,2023-11-08T17:44:22,4,4,1,0,0,0,1,0.44,-0.048,remove_supply_chain_context
R02738,U1176,U1177,2023-11-08T21:28:35,4,4,2,0,0,0,0,0.325,-0.13999999999999999,remove_supply_chain_context
R02739,U0285,U0992,2023-11-08T23:51:49,4,3,0,0,0,0,2,0.375,-0.1,remove_supply_chain_context
R02740,U0358,U0359,2023-11-09T03:14:48,3,4,2,0,0,0,1,0.44,-0.048,remove_supply_chain_context
R02741,U1187,U1188,2023-11-09T07:28:07,4,4,2,0,0,0,0,0.375,-0.1,remove_supply_chain_context
R02742,U1323,U1325,2023-11-09T09:16:20,4,4,1,0,1,0,5,0.44,-0.048,remove_supply_chain_context
R02743,U0993,U0995,2023-11-09T11:19:35,4,4,1,0,0,0,1,0.325,-0.13999999999999999,remove_supply_chain_context
R02744,U1352,U1354,2023-11-09T15:52:08,3,4,1,0,0,0,1,0.375,-0.1,remove_supply_chain_context
R02745,U0104,U0819,2023-11-09T16:54:04,4,4,0,0,0,0,1,0.9,0.32000000000000006,remove_supply_chain_context
R02746,U0954,U0956,2023-11-09T18:25:26,4,3,1,0,0,0,1,0.375,-0.1,remove_supply_chain_context
R02747,U0374,U0375,2023-11-09T18:37:17,3,4,1,0,0,0,1,0.9,0.32000000000000006,remove_supply_chain_context
R02748,U0387,U0389,2023-11-10T00:43:54,4,4,1,0,0,0,6,0.375,-0.1,remove_supply_chain_context
R02749,U0248,U0958,2023-11-10T02:09:52,4,2,0,0,0,0,5,0.9,0.32000000000000006,remove_supply_chain_context
R02750,U1109,U1114,2023-11-10T02:23:51,4,2,0,0,0,0,0,0.8,0.24,remove_supply_chain_context
R02751,U0390,U0393,2023-11-10T03:26:14,4,3,1,0,0,0,2,0.9,0.32000000000000006,remove_supply_chain_context
R02752,U1031,U1033,2023-11-10T04:28:21,4,3,2,0,0,1,0,0.375,-0.1,remove_supply_chain_context
R02753,U0743,U0745,2023-11-10T05:30:10,4,4,1,0,0,0,3,0.325,-0.13999999999999999,remove_supply_chain_context
R02754,U1141,U1142,2023-11-10T06:42:03,4,4,2,0,0,0,0,0.375,-0.1,remove_supply_chain_context
R02755,U1103,U1105,2023-11-10T06:43:02,4,4,1,0,0,0,5,0.44,-0.048,remove_supply_chain_context
R02756,U0231,U0232,2023-11-10T07:31:32,4,4,2,0,1,0,3,0.375,-0.1,remove_supply_chain_context
R02757,U0670,U1355,2023-11-10T07:33:04,4,4,0,0,0,0,2,0.44,-0.048,remove_supply_chain_context
R02758,U0824,U0826,2023-11-10T08:47:28,4,4,1,0,0,0,0,0.44,-0.048,remove_supply_chain_context
R02759,U0125,U0839,2023-11-10T19:10:09,4,4,0,0,0,1,2,0.9,0.32000000000000006,remove_supply_chain_context
R02760,U1270,U1272,2023-11-10T20:24:29,4,4,1,0,0,0,4,0.325,-0.13999999999999999,remove_supply_chain_context
R02761,U0396,U1104,2023-11-10T20:53:26,2,4,0,0,1,0,1,0.44,-0.048,remove_supply_chain_context
R02762,U0940,U0942,2023-11-10T23:37:19,4,4,1,0,0,0,2,0.9,0.32000000000000006,remove_supply_chain_context
R02763,U0675,U0678,2023-11-11T03:14:34,4,4,1,0,0,1,4,0.375,-0.1,remove_supply_chain_context
R02764,U0956,U0958,2023-11-11T04:34:37,4,3,1,0,0,0,4,0.375,-0.1,remove_supply_chain_context
R02765,U0671,U0672,2023-11-11T06:43:23,4,4,2,0,0,0,1,0.44,-0.048,remove_supply_chain_context
R02766,U0596,U1288,2023-11-11T12:20:53,3,4,0,0,0,0,0,0.375,-0.1,remove_supply_chain_context
R02767,U0892,U0894,2023-11-11T13:55:08,4,4,1,0,0,0,0,0.9,0.32000000000000006,remove_supply_chain_context
R02768,U0665,U0666,2023-11-11T15:03:48,4,4,2,0,0,0,6,0.9,0.32000000000000006,remove_supply_chain_context
R02769,U0044,U0045,2023-11-11T17:58:39,1,4,1,0,1,0,3,0.375,-0.1,remove_supply_chain_context
R02770,U0322,U1028,2023-11-11T18:03:53,4,4,0,0,0,0,3,0.325,-0.13999999999999999,remove_supply_chain_context
R02771,U0064,U0067,2023-11-11T21:03:43,4,4,1,0,1,0,1,0.375,-0.1,remove_supply_chain_context
R02772,U0869,U0871,2023-11-12T00:09:56,4,3,0,0,0,0,2,0.44,-0.048,remove_supply_chain_context
R02773,U0921,U0922,2023-11-12T01:52:28,3,4,1,0,0,0,0,0.375,-0.1,remove_supply_chain_context
R02774,U0070,U0073,2023-11-12T04:53:12,4,3,1,0,0,0,5,0.8,0.24,remove_supply_chain_context
R02775,U0564,U0566,2023-11-12T07:08:14,4,4,1,0,0,0,3,0.9,0.32000000000000006,remove_supply_chain_context
R02776,U1007,U1009,2023-11-12T07:39:29,4,4,1,0,0,0,1,0.44,-0.048,remove_supply_chain_context
R02777,U0114,U0115,2023-11-12T08:43:48,4,4,2,0,0,0,0,0.44,-0.048,remove_supply_chain_context
R02778,U0042,U0044,2023-11-12T10:21:20,4,2,1,0,0,1,5,0.325,-0.13999999999999999,remove_supply_chain_context
R02779,U0007,U0719,2023-11-12T10:45:50,4,4,0,0,0,0,0,0.375,-0.1,remove_supply_chain_context
R02780,U0373,U0374,2023-11-12T12:03:01,4,4,2,1,1,0,1,0.9,0.32000000000000006,remove_supply_chain_context
R02781,U1050,U1052,2023-11-12T16:52:46,4,4,1,0,0,1,1,0.375,-0.1,remove_supply_chain_context
R02782,U0420,U0422,2023-11-12T17:39:02,4,2,1,0,0,0,2,0.9,0.32000000000000006,remove_supply_chain_context
R02783,U0407,U0409,2023-11-12T20:54:48,4,4,1,0,0,1,0,0.9,0.32000000000000006,remove_supply_chain_context
R02784,U0882,U0883,2023-11-12T21:26:23,4,4,2,0,0,0,0,0.9,0.32000000000000006,remove_supply_chain_context
R02785,U1182,U1183,2023-11-12T21:29:28,4,4,2,0,0,1,1,0.44,-0.048,remove_supply_chain_context
R02786,U0553,U0554,2023-11-12T21:33:16,3,4,2,0,0,0,2,0.44,-0.048,remove_supply_chain_context
R02787,U1179,U1181,2023-11-12T23:18:51,4,4,1,0,0,0,0,0.8,0.24,remove_supply_chain_context
R02788,U0511,U1211,2023-11-13T08:10:13,3,3,0,0,0,0,1,0.8,0.24,remove_supply_chain_context
R02789,U0748,U0749,2023-11-13T08:42:01,4,4,2,0,0,0,6,0.9,0.32000000000000006,remove_supply_chain_context
R02790,U0345,U0347,2023-11-13T11:23:57,4,4,1,0,0,0,5,0.325,-0.13999999999999999,remove_supply_chain_context
R02791,U0257,U0260,2023-11-13T12:36:34,4,4,1,0,0,0,4,0.9,0.32000000000000006,remove_supply_chain_context
R02792,U0694,U0695,2023-11-13T18:02:11,4,4,2,0,0,0,5,0.9,0.32000000000000006,remove_supply_chain_context
R02793,U0501,U0504,2023-11-13T18:18:41,4,4,1,0,0,0,4,0.325,-0.13999999999999999,remove_supply_chain_context
R02794,U1080,U1083,2023-11-13T18:45:16,4,3,0,0,0,0,5,0.8,0.24,remove_supply_chain_context
R02795,U0628,U1314,2023-11-13T20:16:22,3,4,0,0,0,0,0,0.375,-0.1,remove_supply_chain_context
R02796,U1305,U1307,2023-11-13T22:59:04,4,3,1,0,0,0,6,0.375,-0.1,remove_supply_chain_context
R02797,U0685,U0687,2023-11-14T05:30:35,4,4,1,0,0,0,1,0.9,0.32000000000000006,remove_supply_chain_context
R02798,U1282,U1284,2023-11-14T08:57:02,4,4,1,0,0,0,5,0.375,-0.1,remove_supply_chain_context
R02799,U0014,U0015,2023-11-14T09:01:20,4,4,2,0,0,0,1,0.9,0.32000000000000006,remove_supply_chain_context
R02800,U1351,U1352,2023-11-14T11:24:46,4,4,2,0,0,1,2,0.375,-0.1,remove_supply_chain_context
R02801,U0828,U0830,2023-11-14T13:24:45,4,4,1,0,0,0,4,0.375,-0.1,remove_supply_chain_context
R02802,U0815,U0817,2023-11-14T16:30:51,4,4,1,0,0,0,4,0.8,0.24,remove_supply_chain_context
R02803,U1403,U1404,2023-11-14T17:05:14,4,3,1,0,0,0,4,0.375,-0.1,remove_supply_chain_context
R02804,U0739,U0741,2023-11-14T19:13:47,4,4,2,0,0,0,2,0.375,-0.1,remove_supply_chain_context
R02805,U0697,U1384,2023-11-14T19:24:59,4,4,0,0,0,0,0,0.375,-0.1,remove_supply_chain_context
R02806,U1133,U1134,2023-11-14T21:34:19,4,4,2,0,1,0,2,0.9,0.32000000000000006,remove_supply_chain_context
R02807,U0706,U0708,2023-11-14T21:50:30,4,3,1,0,0,0,0,0.44,-0.048,remove_supply_chain_context
R02808,U0303,U1011,2023-11-15T00:30:12,4,4,0,0,0,0,0,0.325,-0.13999999999999999,remove_supply_chain_context
R02809,U0596,U0597,2023-11-15T01:34:17,4,3,2,0,0,0,1,0.325,-0.13999999999999999,remove_supply_chain_context
R02810,U1328,U1329,2023-11-15T02:13:31,4,4,2,0,0,0,4,0.44,-0.048,remove_supply_chain_context
R02811,U0222,U0934,2023-11-15T04:09:10,4,3,0,0,0,0,5,0.375,-0.1,remove_supply_chain_context
R02812,U0422,U0424,2023-11-15T04:20:21,3,4,1,0,0,1,5,0.9,0.32000000000000006,remove_supply_chain_context
R02813,U0490,U0491,2023-11-15T04:47:03,4,4,2,0,0,0,3,0.44,-0.048,remove_supply_chain_context
R02814,U0597,U0599,2023-11-15T11:22:47,4,4,1,0,0,0,2,0.9,0.32000000000000006,remove_supply_chain_context
R02815,U0551,U0553,2023-11-15T14:23:25,2,4,0,0,0,0,4,0.8,0.24,remove_supply_chain_context
R02816,U0101,U0816,2023-11-15T16:12:00,3,4,0,0,0,0,2,0.375,-0.1,remove_supply_chain_context
R02817,U0447,U0451,2023-11-15T18:02:28,3,4,2,0,0,0,2,0.375,-0.1,remove_supply_chain_context
R02818,U0428,U1137,2023-11-15T19:28:17,4,3,0,0,0,0,2,0.375,-0.1,remove_supply_chain_context
R02819,U0128,U0132,2023-11-15T20:33:49,4,4,1,0,0,0,2,0.325,-0.13999999999999999,remove_supply_chain_context
R02820,U0277,U0987,2023-11-15T22:08:41,3,4,0,0,0,0,1,0.325,-0.13999999999999999,remove_supply_chain_context
R02821,U0218,U0929,2023-11-15T22:46:49,4,4,0,0,0,0,3,0.325,-0.13999999999999999,remove_supply_chain_context
R02822,U1277,U1279,2023-11-15T23:44:17,4,3,0,0,0,0,0,0.375,-0.1,remove_supply_chain_context
R02823,U1117,U1119,2023-11-16T00:51:15,4,4,1,0,0,0,3,0.9,0.32000000000000006,remove_supply_chain_context
R02824,U1163,U1165,2023-11-16T00:51:42,4,3,1,0,0,0,0,0.9,0.32000000000000006,remove_supply_chain_context
R02825,U0852,U0854,2023-11-16T05:40:29,4,2,1,0,0,0,0,0.9,0.32000000000000006,remove_supply_chain_context
R02826,U0772,U0774,2023-11-16T12:45:41,4,4,1,0,0,0,2,0.375,-0.1,remove_supply_chain_context
R02827,U0086,U0088,2023-11-16T14:10:38,4,4,1,0,0,0,3,0.375,-0.1,remove_supply_chain_context
R02828,U1111,U1114,2023-11-16T14:39:09,4,3,1,0,1,0,0,0.44,-0.048,remove_supply_chain_context
R02829,U0818,U0820,2023-11-16T15:02:04,4,4,1,0,0,0,5,0.8,0.24,remove_supply_chain_context
R02830,U0079,U0794,2023-11-16T15:27:08,4,4,0,0,0,0,0,0.375,-0.1,remove_supply_chain_context
R02831,U0958,U0960,2023-11-16T18:45:26,4,2,0,0,0,0,4,0.44,-0.048,remove_supply_chain_context
R02832,U0708,U1398,2023-11-16T22:41:02,4,4,0,0,0,0,2,0.375,-0.1,remove_supply_chain_context
R02833,U0854,U0856,2023-11-16T22:42:43,3,4,1,0,1,0,0,0.8,0.24,remove_supply_chain_context
R02834,U1207,U1208,2023-11-17T00:07:04,4,4,2,0,0,0,3,0.9,0.32000000000000006,remove_supply_chain_context
R02835,U0579,U0580,2023-11-17T06:04:12,4,4,2,0,0,0,0,0.9,0.32000000000000006,remove_supply_chain_context
R02836,U0770,U0771,2023-11-17T06:15:06,4,4,2,0,0,0,1,0.44,-0.048,remove_supply_chain_context
R02837,U1273,U1275,2023-11-17T13:31:16,4,4,1,0,1,0,1,0.375,-0.1,remove_supply_chain_context
R02838,U0622,U1307,2023-11-17T22:12:25,3,4,0,0,0,0,5,0.375,-0.1,remove_supply_chain_context
R02839,U0101,U0102,2023-11-17T23:33:03,4,4,2,0,0,0,4,0.44,-0.048,remove_supply_chain_context
R02840,U1368,U1369,2023-11-18T02:04:39,4,4,2,0,0,0,1,0.375,-0.1,remove_supply_chain_context
R02841,U0990,U0992,2023-11-18T03:29:57,4,4,1,0,0,0,2,0.375,-0.1,remove_supply_chain_context
R02842,U0657,U0659,2023-11-18T04:10:38,4,4,2,0,0,0,5,0.9,0.32000000000000006,remove_supply_chain_context
R02843,U0870,U0871,2023-11-18T08:09:44,4,4,2,0,0,1,0,0.8,0.24,remove_supply_chain_context
R02844,U0944,U0945,2023-11-18T10:57:12,4,4,2,0,0,1,3,0.9,0.32000000000000006,remove_supply_chain_context
R02845,U0004,U0717,2023-11-18T15:45:52,3,4,0,0,1,0,5,0.44,-0.048,remove_supply_chain_context
R02846,U0631,U0633,2023-11-18T16:46:40,4,4,1,0,1,0,5,0.325,-0.13999999999999999,remove_supply_chain_context
R02847,U0797,U0799,2023-11-18T19:57:16,4,4,2,0,0,0,5,0.9,0.32000000000000006,remove_supply_chain_context
R02848,U1268,U1269,2023-11-18T21:38:54,4,4,2,0,0,0,6,0.8,0.24,remove_supply_chain_context
R02849,U0676,U1361,2023-11-18T21:48:51,4,4,0,0,0,0,1,0.9,0.32000000000000006,remove_supply_chain_context
R02850,U1150,U1151,2023-11-18T22:34:17,3,3,1,0,0,0,5,0.375,-0.1,remove_supply_chain_context
R02851,U1255,U1256,2023-11-19T00:20:23,3,3,2,0,0,0,0,0.325,-0.13999999999999999,remove_supply_chain_context
R02852,U0509,U0511,2023-11-19T02:56:39,4,4,1,0,0,0,0,0.375,-0.1,remove_supply_chain_context
R02853,U1278,U1280,2023-11-19T03:24:46,3,4,0,0,1,0,4,0.44,-0.048,remove_supply_chain_context
R02854,U1236,U1237,2023-11-19T03:31:24,4,4,2,0,0,0,3,0.8,0.24,remove_supply_chain_context
R02855,U0395,U0396,2023-11-19T05:04:23,3,3,1,0,0,0,0,0.9,0.32000000000000006,remove_supply_chain_context
R02856,U0183,U0185,2023-11-19T09:06:26,4,4,2,0,0,0,6,0.9,0.32000000000000006,remove_supply_chain_context
R02857,U1402,U1404,2023-11-19T11:06:46,4,4,1,0,0,0,1,0.325,-0.13999999999999999,remove_supply_chain_context
R02858,U0563,U1259,2023-11-19T11:19:46,4,4,0,0,0,0,4,0.375,-0.1,remove_supply_chain_context
R02859,U0981,U0982,2023-11-19T11:33:01,4,4,2,0,0,0,2,0.375,-0.1,remove_supply_chain_context
R02860,U0227,U0229,2023-11-19T11:50:20,4,4,2,0,0,0,1,0.44,-0.048,remove_supply_chain_context
R02861,U0921,U0924,2023-11-19T13:36:21,4,4,1,0,0,0,4,0.375,-0.1,remove_supply_chain_context
R02862,U0012,U0725,2023-11-19T14:13:29,4,4,0,0,0,1,3,0.375,-0.1,remove_supply_chain_context
R02863,U0534,U1234,2023-11-19T18:00:05,4,4,0,0,0,0,1,0.9,0.32000000000000006,remove_supply_chain_context
R02864,U0396,U0397,2023-11-19T23:08:21,4,4,2,0,0,0,0,0.375,-0.1,remove_supply_chain_context
R02865,U0516,U0517,2023-11-19T23:53:33,4,4,2,0,0,1,6,0.375,-0.1,remove_supply_chain_context
R02866,U1278,U1279,2023-11-20T00:47:31,4,4,2,0,0,0,0,0.8,0.24,remove_supply_chain_context
R02867,U0027,U0028,2023-11-20T01:04:50,4,3,1,0,0,0,1,0.8,0.24,remove_supply_chain_context
R02868,U0571,U0573,2023-11-20T01:47:47,4,4,2,0,0,0,0,0.8,0.24,remove_supply_chain_context
R02869,U1209,U1211,2023-11-20T04:18:20,3,4,0,0,0,0,1,0.325,-0.13999999999999999,remove_supply_chain_context
R02870,U0019,U0022,2023-11-20T05:24:56,4,4,1,0,0,0,3,0.9,0.32000000000000006,remove_supply_chain_context
R02871,U0444,U0447,2023-11-20T09:46:41,4,4,1,0,0,0,6,0.9,0.32000000000000006,remove_supply_chain_context
R02872,U0800,U0801,2023-11-20T12:09:08,4,4,2,0,0,0,4,0.44,-0.048,remove_supply_chain_context
R02873,U1148,U1150,2023-11-20T13:28:15,4,4,1,0,0,0,3,0.44,-0.048,remove_supply_chain_context
R02874,U0567,U0568,2023-11-20T14:10:53,4,4,2,0,0,0,4,0.44,-0.048,remove_supply_chain_context
R02875,U1136,U1137,2023-11-20T17:54:00,4,4,2,0,0,0,0,0.9,0.32000000000000006,remove_supply_chain_context
R02876,U0762,U0764,2023-11-20T18:01:51,4,4,1,0,0,0,2,0.325,-0.13999999999999999,remove_supply_chain_context
R02877,U0604,U0605,2023-11-20T18:27:33,4,4,2,0,0,0,2,0.8,0.24,remove_supply_chain_context
R02878,U1201,U1204,2023-11-20T19:54:10,4,4,1,0,0,1,1,0.9,0.32000000000000006,remove_supply_chain_context
R02879,U1195,U1197,2023-11-20T20:35:09,4,4,1,0,0,0,2,0.375,-0.1,remove_supply_chain_context
R02880,U1347,U1348,2023-11-21T00:18:35,4,4,2,0,0,0,3,0.325,-0.13999999999999999,remove_supply_chain_context
R02881,U0028,U0030,2023-11-21T03:30:58,4,4,2,0,0,0,6,0.9,0.32000000000000006,remove_supply_chain_context
R02882,U0549,U0551,2023-11-21T04:17:04,4,3,1,0,0,0,0,0.375,-0.1,remove_supply_chain_context
R02883,U0287,U0994,2023-11-21T04:37:09,4,4,0,0,0,0,2,0.44,-0.048,remove_supply_chain_context
R02884,U0358,U1065,2023-11-21T05:19:06,4,4,0,0,0,0,1,0.375,-0.1,remove_supply_chain_context
R02885,U0484,U1189,2023-11-21T07:28:18,4,4,0,0,0,0,2,0.375,-0.1,remove_supply_chain_context
R02886,U0959,U0960,2023-11-21T10:21:00,4,3,2,0,0,0,2,0.44,-0.048,remove_supply_chain_context
R02887,U0044,U0046,2023-11-21T11:59:54,3,4,1,0,0,0,3,0.9,0.32000000000000006,remove_supply_chain_context
R02888,U1337,U1339,2023-11-21T13:12:39,4,4,1,0,0,0,5,0.9,0.32000000000000006,remove_supply_chain_context
R02889,U0916,U0919,2023-11-21T13:42:43,4,4,1,0,0,0,1,0.9,0.32000000000000006,remove_supply_chain_context
R02890,U1145,U1146,2023-11-21T17:03:45,4,4,2,0,0,0,1,0.375,-0.1,remove_supply_chain_context
R02891,U0822,U0823,2023-11-21T18:03:23,4,4,2,0,0,0,3,0.375,-0.1,remove_supply_chain_context
R02892,U0872,U0873,2023-11-21T18:31:18,4,3,2,0,0,0,2,0.8,0.24,remove_supply_chain_context
R02893,U0002,U0004,2023-11-21T22:11:50,4,4,1,0,0,0,1,0.9,0.32000000000000006,remove_supply_chain_context
R02894,U0457,U0459,2023-11-22T01:52:26,3,4,0,0,0,1,1,0.375,-0.1,remove_supply_chain_context
R02895,U0627,U0628,2023-11-22T07:17:41,4,4,2,0,0,0,3,0.44,-0.048,remove_supply_chain_context
R02896,U1312,U1315,2023-11-22T09:27:23,4,3,1,0,0,0,6,0.44,-0.048,remove_supply_chain_context
R02897,U0134,U0135,2023-11-22T11:47:09,4,4,2,0,0,0,4,0.9,0.32000000000000006,remove_supply_chain_context
R02898,U0249,U0250,2023-11-22T11:58:42,4,3,2,0,0,0,3,0.44,-0.048,remove_supply_chain_context
R02899,U1209,U1210,2023-11-22T12:44:58,4,4,2,0,0,0,2,0.9,0.32000000000000006,remove_supply_chain_context
R02900,U1114,U1115,2023-11-22T13:48:35,4,4,2,0,0,0,2,0.8,0.24,remove_supply_chain_context
R02901,U0284,U0991,2023-11-22T14:21:54,4,4,0,0,0,0,4,0.375,-0.1,remove_supply_chain_context
R02902,U1185,U1186,2023-11-22T15:22:48,4,4,2,0,0,0,3,0.8,0.24,remove_supply_chain_context
R02903,U0073,U0785,2023-11-22T19:44:38,4,4,0,0,0,0,2,0.375,-0.1,remove_supply_chain_context
R02904,U0682,U0684,2023-11-22T23:45:01,4,4,1,0,0,0,4,0.325,-0.13999999999999999,remove_supply_chain_context
R02905,U0044,U0756,2023-11-23T02:46:13,4,4,0,0,0,0,3,0.44,-0.048,remove_supply_chain_context
R02906,U0584,U0587,2023-11-23T09:25:55,4,4,1,0,1,0,2,0.8,0.24,remove_supply_chain_context
R02907,U0143,U0854,2023-11-23T16:24:48,4,4,0,0,0,0,3,0.325,-0.13999999999999999,remove_supply_chain_context
R02908,U0422,U1131,2023-11-23T18:00:05,4,4,0,0,0,0,1,0.375,-0.1,remove_supply_chain_context
R02909,U0181,U0182,2023-11-23T21:48:41,4,4,2,0,0,0,2,0.8,0.24,remove_supply_chain_context
R02910,U1240,U1241,2023-11-24T00:42:58,4,4,2,0,0,0,1,0.375,-0.1,remove_supply_chain_context
R02911,U0348,U0351,2023-11-24T04:30:38,4,4,1,0,0,0,2,0.9,0.32000000000000006,remove_supply_chain_context
R02912,U1244,U1245,2023-11-24T04:51:55,4,4,2,0,0,0,0,0.44,-0.048,remove_supply_chain_context
R02913,U0148,U0859,2023-11-24T12:03:26,4,4,0,0,0,0,6,0.375,-0.1,remove_supply_chain_context
R02914,U0362,U1070,2023-11-24T14:25:43,4,4,0,0,0,1,2,0.8,0.24,remove_supply_chain_context
R02915,U0191,U0903,2023-11-24T16:39:16,4,4,0,0,0,0,4,0.9,0.32000000000000006,remove_supply_chain_context
R02916,U0457,U0458,2023-11-24T17:08:26,4,4,2,0,1,0,2,0.375,-0.1,remove_supply_chain_context
R02917,U0652,U0654,2023-11-24T18:10:23,4,4,1,0,0,0,2,0.375,-0.1,remove_supply_chain_context
R02918,U1315,U1317,2023-11-24T18:35:05,4,4,1,0,0,0,6,0.325,-0.13999999999999999,remove_supply_chain_context
R02919,U0272,U0274,2023-11-24T19:16:29,4,4,1,0,0,0,0,0.44,-0.048,remove_supply_chain_context
R02920,U1015,U1017,2023-11-24T19:26:37,4,4,2,0,0,0,2,0.325,-0.13999999999999999,remove_supply_chain_context
R02921,U0293,U0295,2023-11-24T20:34:58,4,4,1,0,0,0,0,0.9,0.32000000000000006,remove_supply_chain_context
R02922,U0169,U0170,2023-11-24T22:20:15,4,4,2,0,0,0,1,0.375,-0.1,remove_supply_chain_context
R02923,U0393,U0395,2023-11-24T22:28:13,4,4,1,0,0,0,2,0.9,0.32000000000000006,remove_supply_chain_context
R02924,U0910,U0913,2023-11-25T03:38:09,3,4,1,0,0,0,1,0.8,0.24,remove_supply_chain_context
R02925,U1256,U1258,2023-11-25T07:30:05,4,4,1,0,0,0,3,0.9,0.32000000000000006,remove_supply_chain_context
R02926,U0404,U0406,2023-11-25T13:07:23,4,4,1,0,0,0,3,0.9,0.32000000000000006,remove_supply_chain_context
R02927,U1006,U1008,2023-11-25T15:54:30,4,4,1,0,0,0,1,0.375,-0.1,remove_supply_chain_context
R02928,U1165,U1166,2023-11-25T16:21:43,4,4,2,0,0,1,2,0.9,0.32000000000000006,remove_supply_chain_context
R02929,U0707,U1397,2023-11-25T22:28:17,4,4,0,0,0,0,1,0.325,-0.13999999999999999,remove_supply_chain_context
R02930,U1253,U1255,2023-11-26T02:09:56,4,4,1,0,0,0,1,0.8,0.24,remove_supply_chain_context
R02931,U0385,U0386,2023-11-26T02:30:38,4,4,2,0,0,0,2,0.44,-0.048,remove_supply_chain_context
R02932,U0965,U0967,2023-11-26T03:15:19,4,4,1,0,0,0,2,0.375,-0.1,remove_supply_chain_context
R02933,U1247,U1249,2023-11-26T06:21:15,4,4,2,0,0,0,1,0.325,-0.13999999999999999,remove_supply_chain_context
R02934,U1128,U1130,2023-11-26T07:25:13,4,4,1,0,0,0,3,0.44,-0.048,remove_supply_chain_context
R02935,U1373,U1375,2023-11-26T15:12:53,4,4,2,0,0,0,3,0.9,0.32000000000000006,remove_supply_chain_context
R02936,U0487,U0488,2023-11-26T21:04:55,4,4,2,0,0,0,1,0.44,-0.048,remove_supply_chain_context
R02937,U1194,U1196,2023-11-26T23:50:23,4,4,1,0,0,0,4,0.325,-0.13999999999999999,remove_supply_chain_context
R02938,U0335,U0337,2023-11-27T01:38:04,4,4,1,0,0,0,1,0.44,-0.048,remove_supply_chain_context
R02939,U0198,U0910,2023-11-27T06:16:51,4,4,0,0,0,0,2,0.9,0.32000000000000006,remove_supply_chain_context
R02940,U0953,U0955,2023-11-27T06:26:08,4,4,1,0,0,0,5,0.375,-0.1,remove_supply_chain_context
R02941,U0713,U0714,2023-11-27T09:35:05,4,4,2,0,0,0,2,0.375,-0.1,remove_supply_chain_context
R02942,U0061,U0062,2023-11-27T10:04:01,4,4,2,0,0,0,2,0.9,0.32000000000000006,remove_supply_chain_context
R02943,U1138,U1139,2023-11-27T10:22:45,4,4,2,0,0,0,1,0.325,-0.13999999999999999,remove_supply_chain_context
R02944,U0326,U1033,2023-11-27T12:39:06,4,4,0,0,0,1,5,0.44,-0.048,remove_supply_chain_context
R02945,U0186,U0898,2023-11-27T12:51:04,4,4,0,0,0,0,1,0.8,0.24,remove_supply_chain_context
R02946,U1151,U1152,2023-11-27T14:37:50,4,4,2,0,0,0,0,0.375,-0.1,remove_supply_chain_context
R02947,U1081,U1083,2023-11-27T16:58:26,4,4,2,0,0,0,6,0.9,0.32000000000000006,remove_supply_chain_context
R02948,U0196,U0197,2023-11-27T20:15:35,4,4,2,0,0,0,5,0.44,-0.048,remove_supply_chain_context
R02949,U0574,U0576,2023-11-28T01:47:51,4,4,1,0,0,0,4,0.9,0.32000000000000006,remove_supply_chain_context
R02950,U0703,U1392,2023-11-28T06:48:40,4,4,0,0,0,0,3,0.375,-0.1,remove_supply_chain_context
R02951,U0250,U0960,2023-11-28T07:14:29,4,4,0,0,0,0,1,0.9,0.32000000000000006,remove_supply_chain_context
R02952,U0873,U0875,2023-11-28T07:59:53,4,4,1,0,0,0,3,0.8,0.24,remove_supply_chain_context
R02953,U0453,U0454,2023-11-28T08:20:06,4,4,2,0,0,0,4,0.44,-0.048,remove_supply_chain_context
R02954,U0551,U0552,2023-11-28T11:42:21,4,4,2,0,0,0,3,0.375,-0.1,remove_supply_chain_context
R02955,U0934,U0938,2023-11-28T12:48:01,4,4,1,0,0,1,0,0.8,0.24,remove_supply_chain_context
R02956,U0277,U0278,2023-11-28T15:06:56,4,4,2,0,0,0,3,0.375,-0.1,remove_supply_chain_context
R02957,U0622,U0624,2023-11-28T16:41:35,4,4,1,0,0,0,1,0.9,0.32000000000000006,remove_supply_chain_context
R02958,U1072,U1073,2023-11-28T19:32:02,4,4,2,0,0,0,2,0.9,0.32000000000000006,remove_supply_chain_context
R02959,U1264,U1265,2023-11-28T21:21:26,4,4,2,0,0,0,5,0.44,-0.048,remove_supply_chain_context
R02960,U1344,U1346,2023-11-28T23:19:08,4,4,2,0,0,0,4,0.375,-0.1,remove_supply_chain_context
R02961,U0997,U1369,2023-12-01T00:00:00,5,5,0,0,0,0,4,0.8,0.24,remove_supply_chain_context
R02962,U0628,U1091,2023-12-01T00:00:01,5,5,0,0,0,0,1,0.8,0.24,remove_supply_chain_context
R02963,U0753,U1341,2023-12-01T00:00:02,5,5,0,1,1,0,2,0.9,0.32000000000000006,remove_supply_chain_context
R02964,U0265,U1211,2023-12-01T00:00:03,5,5,0,0,0,0,0,0.9,0.32000000000000006,remove_supply_chain_context
R02965,U0634,U0793,2023-12-02T00:00:01,5,5,0,0,0,0,0,0.44,-0.048,remove_supply_chain_context
R02966,U0771,U1134,2023-12-02T00:00:02,5,5,0,0,0,0,1,0.9,0.32000000000000006,remove_supply_chain_context
R02967,U0493,U0779,2023-12-02T00:00:03,5,5,0,0,0,0,1,0.9,0.32000000000000006,remove_supply_chain_context
R02968,U0315,U0705,2023-12-02T00:00:04,5,5,0,0,0,0,1,0.8,0.24,remove_supply_chain_context
R02969,U0292,U1107,2023-12-03T00:00:01,5,5,0,0,0,1,2,0.9,0.32000000000000006,remove_supply_chain_context
R02970,U0277,U0498,2023-12-03T00:00:02,5,5,0,0,0,0,3,0.325,-0.13999999999999999,remove_supply_chain_context
R02971,U0215,U0336,2023-12-03T00:00:03,5,5,0,0,0,0,5,0.325,-0.13999999999999999,remove_supply_chain_context
R02972,U0623,U1300,2023-12-03T00:00:04,5,5,0,0,0,1,2,0.9,0.32000000000000006,remove_supply_chain_context
R02973,U0548,U0819,2023-12-04T00:00:01,5,5,0,0,0,0,6,0.375,-0.1,remove_supply_chain_context
R02974,U0093,U0143,2023-12-04T00:00:02,5,5,0,0,1,0,4,0.44,-0.048,remove_supply_chain_context
R02975,U0239,U1335,2023-12-04T00:00:03,5,5,0,0,0,1,2,0.375,-0.1,remove_supply_chain_context
R02976,U0193,U0346,2023-12-04T00:00:04,5,5,0,0,1,0,5,0.8,0.24,remove_supply_chain_context
R02977,U0434,U1022,2023-12-05T00:00:01,5,5,0,0,0,0,0,0.325,-0.13999999999999999,remove_supply_chain_context
R02978,U0155,U0245,2023-12-05T00:00:02,5,5,0,0,0,0,1,0.8,0.24,remove_supply_chain_context
R02979,U0191,U1010,2023-12-05T00:00:03,5,5,0,0,0,0,3,0.8,0.24,remove_supply_chain_context
R02980,U0431,U1132,2023-12-05T00:00:04,5,5,0,0,0,0,1,0.9,0.32000000000000006,remove_supply_chain_context
R02981,U0321,U1347,2023-12-06T00:00:01,5,5,0,1,1,0,1,0.9,0.32000000000000006,remove_supply_chain_context
R02982,U0292,U1328,2023-12-06T00:00:02,6,5,0,0,0,0,3,0.9,0.32000000000000006,remove_supply_chain_context
R02983,U0070,U0650,2023-12-06T00:00:03,5,5,0,0,0,0,1,0.9,0.32000000000000006,remove_supply_chain_context
R02984,U0407,U0625,2023-12-06T00:00:04,5,5,0,0,0,1,3,0.325,-0.13999999999999999,remove_supply_chain_context
R02985,U0427,U0749,2023-12-07T00:00:01,5,5,0,0,0,0,2,0.375,-0.1,remove_supply_chain_context
R02986,U0824,U1358,2023-12-07T00:00:02,5,5,0,0,0,0,0,0.375,-0.1,remove_supply_chain_context
R02987,U0166,U0726,2023-12-07T00:00:03,5,5,0,0,0,0,5,0.8,0.24,remove_supply_chain_context
R02988,U0057,U0567,2023-12-08T00:00:00,5,5,0,0,0,0,3,0.8,0.24,remove_supply_chain_context
R02989,U0356,U0469,2023-12-08T00:00:01,5,5,0,0,1,0,2,0.9,0.32000000000000006,remove_supply_chain_context
R02990,U0822,U1299,2023-12-08T00:00:02,5,5,0,0,0,0,5,0.9,0.32000000000000006,remove_supply_chain_context
R02991,U0571,U1091,2023-12-08T00:00:03,5,6,0,0,0,0,0,0.325,-0.13999999999999999,remove_supply_chain_context
R02992,U0908,U0938,2023-12-09T00:00:01,5,5,0,0,0,0,4,0.8,0.24,remove_supply_chain_context
R02993,U0397,U1167,2023-12-09T00:00:02,5,5,0,0,0,0,1,0.9,0.32000000000000006,remove_supply_chain_context
R02994,U0571,U1306,2023-12-09T00:00:03,6,5,0,0,0,0,1,0.9,0.32000000000000006,remove_supply_chain_context
R02995,U0635,U0712,2023-12-09T00:00:04,5,5,0,0,0,0,4,0.375,-0.1,remove_supply_chain_context
R02996,U0530,U1084,2023-12-10T00:00:01,5,5,0,0,0,1,5,0.375,-0.1,remove_supply_chain_context
R02997,U0195,U0785,2023-12-10T00:00:02,5,5,0,0,0,0,1,0.375,-0.1,remove_supply_chain_context
R02998,U0954,U0971,2023-12-10T00:00:03,5,5,0,0,0,0,1,0.375,-0.1,remove_supply_chain_context
R02999,U0372,U0957,2023-12-10T00:00:04,5,5,0,0,0,1,4,0.375,-0.1,remove_supply_chain_context
R03000,U0542,U1068,2023-12-11T00:00:01,5,5,0,0,0,0,4,0.8,0.24,remove_supply_chain_context
R03001,U0221,U0659,2023-12-11T00:00:02,5,5,0,0,0,0,3,0.8,0.24,remove_supply_chain_context
R03002,U0027,U1065,2023-12-11T00:00:03,5,5,0,0,0,0,4,0.9,0.32000000000000006,remove_supply_chain_context
R03003,U0159,U1208,2023-12-11T00:00:04,5,5,0,0,1,0,0,0.375,-0.1,remove_supply_chain_context
R03004,U0736,U1368,2023-12-12T00:00:01,5,5,0,0,0,0,2,0.44,-0.048,remove_supply_chain_context
R03005,U0760,U0929,2023-12-12T00:00:02,5,5,0,0,0,0,3,0.9,0.32000000000000006,remove_supply_chain_context
R03006,U0483,U1137,2023-12-12T00:00:03,5,5,0,0,0,0,1,0.9,0.32000000000000006,remove_supply_chain_context
R03007,U0552,U0668,2023-12-12T00:00:04,5,5,0,0,0,0,1,0.325,-0.13999999999999999,remove_supply_chain_context
R03008,U0779,U1141,2023-12-13T00:00:01,6,5,0,0,0,0,1,0.9,0.32000000000000006,remove_supply_chain_context
R03009,U0875,U1074,2023-12-13T00:00:02,5,5,0,0,0,0,2,0.8,0.24,remove_supply_chain_context
R03010,U0087,U0382,2023-12-13T00:00:03,5,5,0,0,0,0,2,0.9,0.32000000000000006,remove_supply_chain_context
R03011,U0821,U0962,2023-12-13T00:00:04,5,5,0,0,0,1,2,0.375,-0.1,remove_supply_chain_context
R03012,U0383,U0521,2023-12-14T00:00:01,5,5,0,0,0,0,1,0.44,-0.048,remove_supply_chain_context
R03013,U0452,U1309,2023-12-14T00:00:02,5,5,0,0,0,0,0,0.9,0.32000000000000006,remove_supply_chain_context
R03014,U0131,U0326,2023-12-14T00:00:03,5,5,0,0,0,0,4,0.9,0.32000000000000006,remove_supply_chain_context
R03015,U0692,U0756,2023-12-15T00:00:00,5,5,0,0,0,0,2,0.9,0.32000000000000006,remove_supply_chain_context
R03016,U0570,U0857,2023-12-15T00:00:01,5,5,0,0,0,0,0,0.375,-0.1,remove_supply_chain_context
R03017,U0487,U0928,2023-12-15T00:00:02,5,5,0,0,0,0,2,0.9,0.32000000000000006,remove_supply_chain_context
R03018,U0180,U0873,2023-12-15T00:00:03,5,5,0,0,0,0,3,0.8,0.24,remove_supply_chain_context
R03019,U0707,U1039,2023-12-16T00:00:01,5,5,0,0,0,0,0,0.9,0.32000000000000006,remove_supply_chain_context
R03020,U0752,U1018,2023-12-16T00:00:02,5,5,0,0,0,0,2,0.9,0.32000000000000006,remove_supply_chain_context
R03021,U0914,U1344,2023-12-16T00:00:03,5,5,0,0,0,0,0,0.9,0.32000000000000006,remove_supply_chain_context
R03022,U0111,U1350,2023-12-16T00:00:04,5,5,0,0,0,0,1,0.375,-0.1,remove_supply_chain_context
R03023,U0714,U0919,2023-12-17T00:00:01,5,5,0,0,0,0,1,0.9,0.32000000000000006,remove_supply_chain_context
R03024,U0437,U0759,2023-12-17T00:00:02,5,5,0,0,0,0,1,0.8,0.24,remove_supply_chain_context
R03025,U0300,U0869,2023-12-17T00:00:03,5,5,0,0,0,1,6,0.9,0.32000000000000006,remove_supply_chain_context
R03026,U0051,U0074,2023-12-17T00:00:04,5,5,0,0,0,0,0,0.325,-0.13999999999999999,remove_supply_chain_context
R03027,U0194,U0791,2023-12-18T00:00:01,5,5,0,0,0,0,3,0.44,-0.048,remove_supply_chain_context
R03028,U0936,U1257,2023-12-18T00:00:02,5,5,0,0,0,0,1,0.8,0.24,remove_supply_chain_context
R03029,U1065,U1175,2023-12-18T00:00:03,6,5,0,0,0,0,1,0.9,0.32000000000000006,remove_supply_chain_context
R03030,U0052,U0638,2023-12-18T00:00:04,5,5,0,0,0,0,0,0.375,-0.1,remove_supply_chain_context
R03031,U0579,U1156,2023-12-19T00:00:01,5,5,0,0,0,0,1,0.8,0.24,remove_supply_chain_context
R03032,U0108,U0716,2023-12-19T00:00:02,5,5,0,0,0,0,2,0.8,0.24,remove_supply_chain_context
R03033,U0250,U0426,2023-12-19T00:00:03,5,5,0,0,0,0,3,0.8,0.24,remove_supply_chain_context
R03034,U0559,U0936,2023-12-19T00:00:04,5,6,0,0,0,0,1,0.9,0.32000000000000006,remove_supply_chain_context
R03035,U0024,U1199,2023-12-20T00:00:01,5,5,0,0,0,0,3,0.9,0.32000000000000006,remove_supply_chain_context
R03036,U0369,U0958,2023-12-20T00:00:02,5,5,0,0,0,0,1,0.8,0.24,remove_supply_chain_context
R03037,U0119,U0434,2023-12-20T00:00:03,5,6,0,0,0,0,1,0.375,-0.1,remove_supply_chain_context
R03038,U0097,U0903,2023-12-20T00:00:04,5,5,0,0,0,0,3,0.9,0.32000000000000006,remove_supply_chain_context
R03039,U0567,U0611,2023-12-21T00:00:01,6,5,0,0,0,1,1,0.375,-0.1,remove_supply_chain_context
R03040,U0034,U0513,2023-12-21T00:00:02,5,5,0,0,1,0,2,0.9,0.32000000000000006,remove_supply_chain_context
R03041,U0191,U0814,2023-12-21T00:00:03,6,5,0,0,0,0,0,0.44,-0.048,remove_supply_chain_context
R03042,U0187,U0792,2023-12-22T00:00:00,5,5,0,0,0,0,2,0.9,0.32000000000000006,remove_supply_chain_context
R03043,U0460,U0671,2023-12-22T00:00:01,5,5,0,0,0,0,1,0.375,-0.1,remove_supply_chain_context
R03044,U0180,U0357,2023-12-22T00:00:02,6,5,0,0,0,1,2,0.8,0.24,remove_supply_chain_context
R03045,U0752,U0940,2023-12-22T00:00:03,6,5,0,0,0,0,1,0.8,0.24,remove_supply_chain_context
R03046,U0078,U0364,2023-12-23T00:00:01,5,5,0,0,0,0,4,0.375,-0.1,remove_supply_chain_context
R03047,U0053,U1085,2023-12-23T00:00:02,5,5,0,0,1,0,0,0.8,0.24,remove_supply_chain_context
R03048,U0652,U0692,2023-12-23T00:00:03,5,6,0,0,0,0,2,0.9,0.32000000000000006,remove_supply_chain_context
R03049,U0200,U0941,2023-12-23T00:00:04,5,5,0,0,0,1,4,0.8,0.24,remove_supply_chain_context
R03050,U0166,U0689,2023-12-24T00:00:01,6,5,0,0,0,0,0,0.44,-0.048,remove_supply_chain_context
R03051,U0728,U0936,2023-12-24T00:00:02,5,7,0,1,1,0,1,0.375,-0.1,remove_supply_chain_context
R03052,U0810,U1278,2023-12-24T00:00:03,5,5,0,0,0,0,5,0.325,-0.13999999999999999,remove_supply_chain_context
R03053,U0517,U0748,2023-12-24T00:00:04,5,5,0,0,0,0,0,0.9,0.32000000000000006,remove_supply_chain_context
R03054,U0407,U0532,2023-12-25T00:00:01,6,5,0,0,0,0,1,0.44,-0.048,remove_supply_chain_context
R03055,U0138,U0263,2023-12-25T00:00:02,5,5,0,0,0,1,1,0.8,0.24,remove_supply_chain_context
R03056,U0260,U0588,2023-12-25T00:00:03,5,5,0,0,0,0,0,0.44,-0.048,remove_supply_chain_context
R03057,U1042,U1085,2023-12-25T00:00:04,5,6,0,0,0,0,2,0.9,0.32000000000000006,remove_supply_chain_context
R03058,U0361,U1315,2023-12-26T00:00:01,5,5,0,0,0,0,0,0.9,0.32000000000000006,remove_supply_chain_context
R03059,U0200,U0925,2023-12-26T00:00:02,6,5,0,0,0,0,2,0.44,-0.048,remove_supply_chain_context
R03060,U0447,U1195,2023-12-26T00:00:03,5,5,0,0,0,0,4,0.9,0.32000000000000006,remove_supply_chain_context
R03061,U0415,U0972,2023-12-26T00:00:04,5,5,0,0,0,1,3,0.9,0.32000000000000006,remove_supply_chain_context
R03062,U0460,U0929,2023-12-27T00:00:01,6,6,0,0,0,1,1,0.9,0.32000000000000006,remove_supply_chain_context
R03063,U1075,U1278,2023-12-27T00:00:02,5,6,0,0,0,0,5,0.9,0.32000000000000006,remove_supply_chain_context
R03064,U0142,U0257,2023-12-27T00:00:03,5,5,0,0,1,0,6,0.8,0.24,remove_supply_chain_context
R03065,U0755,U1299,2023-12-27T00:00:04,5,6,0,0,0,0,0,0.9,0.32000000000000006,remove_supply_chain_context
R03066,U0396,U0527,2023-12-28T00:00:01,5,5,0,0,0,0,1,0.9,0.32000000000000006,remove_supply_chain_context
R03067,U0803,U1343,2023-12-28T00:00:02,5,5,0,0,0,0,1,0.9,0.32000000000000006,remove_supply_chain_context
R03068,U0571,U0822,2023-12-28T00:00:03,7,6,0,0,0,0,2,0.9,0.32000000000000006,remove_supply_chain_context
R03069,U0142,U0668,2024-01-01T00:00:00,6,6,0,0,0,1,4,0.8,0.24,remove_supply_chain_context
R03070,U0317,U0877,2024-01-01T00:00:01,5,5,0,0,0,0,1,0.9,0.32000000000000006,remove_supply_chain_context
R03071,U0062,U0712,2024-01-01T00:00:02,5,6,0,0,0,1,4,0.375,-0.1,remove_supply_chain_context
R03072,U0457,U0517,2024-01-01T00:00:03,5,6,0,0,0,0,2,0.375,-0.1,remove_supply_chain_context
R03073,U0360,U1259,2024-01-02T00:00:01,5,5,0,0,1,0,3,0.9,0.32000000000000006,remove_supply_chain_context
R03074,U0518,U1307,2024-01-02T00:00:02,5,5,0,0,0,0,6,0.44,-0.048,remove_supply_chain_context
R03075,U0143,U0959,2024-01-02T00:00:03,6,5,0,0,0,0,5,0.8,0.24,remove_supply_chain_context
R03076,U0733,U0785,2024-01-02T00:00:04,5,6,0,0,0,0,0,0.9,0.32000000000000006,remove_supply_chain_context
R03077,U0676,U0760,2024-01-03T00:00:01,5,6,0,0,0,1,3,0.8,0.24,remove_supply_chain_context
R03078,U0515,U1303,2024-01-03T00:00:02,5,5,0,0,0,0,1,0.375,-0.1,remove_supply_chain_context
R03079,U0136,U1341,2024-01-03T00:00:03,5,6,0,0,0,0,2,0.8,0.24,remove_supply_chain_context
R03080,U0487,U0697,2024-01-03T00:00:04,6,5,0,0,0,0,2,0.8,0.24,remove_supply_chain_context
R03081,U0144,U1340,2024-01-04T00:00:01,5,5,0,1,1,0,1,0.375,-0.1,remove_supply_chain_context
R03082,U0338,U1123,2024-01-04T00:00:02,5,5,0,0,0,0,0,0.375,-0.1,remove_supply_chain_context
R03083,U1143,U1295,2024-01-04T00:00:03,5,5,0,0,0,0,2,0.375,-0.1,remove_supply_chain_context
R03084,U0521,U1128,2024-01-04T00:00:04,6,5,0,0,0,0,3,0.375,-0.1,remove_supply_chain_context
R03085,U0464,U0623,2024-01-05T00:00:01,5,6,0,0,0,0,2,0.9,0.32000000000000006,remove_supply_chain_context
R03086,U0241,U0248,2024-01-05T00:00:02,5,5,0,0,0,0,0,0.325,-0.13999999999999999,remove_supply_chain_context
R03087,U0477,U0982,2024-01-05T00:00:03,5,5,0,0,0,0,3,0.8,0.24,remove_supply_chain_context
R03088,U0172,U1034,2024-01-05T00:00:04,5,5,0,0,0,0,3,0.375,-0.1,remove_supply_chain_context
R03089,U0016,U0848,2024-01-06T00:00:01,5,5,0,0,0,0,3,0.375,-0.1,remove_supply_chain_context
R03090,U0367,U1004,2024-01-06T00:00:02,5,5,0,0,0,0,3,0.9,0.32000000000000006,remove_supply_chain_context
R03091,U0022,U1216,2024-01-06T00:00:03,5,5,0,0,1,0,2,0.9,0.32000000000000006,remove_supply_chain_context
R03092,U0324,U1053,2024-01-06T00:00:04,5,5,0,0,0,0,2,0.9,0.32000000000000006,remove_supply_chain_context
R03093,U0389,U1017,2024-01-07T00:00:01,5,5,0,0,0,0,0,0.9,0.32000000000000006,remove_supply_chain_context
R03094,U0326,U0882,2024-01-07T00:00:02,6,5,0,0,0,0,1,0.9,0.32000000000000006,remove_supply_chain_context
R03095,U0756,U1316,2024-01-07T00:00:03,6,5,0,0,1,0,1,0.375,-0.1,remove_supply_chain_context
R03096,U0707,U1250,2024-01-08T00:00:00,6,5,0,0,0,0,2,0.375,-0.1,remove_supply_chain_context
R03097,U0455,U0904,2024-01-08T00:00:01,5,5,0,0,0,0,0,0.9,0.32000000000000006,remove_supply_chain_context
R03098,U0828,U0967,2024-01-08T00:00:02,5,5,0,0,0,0,2,0.9,0.32000000000000006,remove_supply_chain_context
R03099,U0235,U0299,2024-01-08T00:00:03,5,5,0,0,0,0,3,0.375,-0.1,remove_supply_chain_context
R03100,U1115,U1340,2024-01-09T00:00:01,5,6,0,0,0,0,2,0.375,-0.1,remove_supply_chain_context
R03101,U1174,U1301,2024-01-09T00:00:02,5,5,0,0,0,0,5,0.9,0.32000000000000006,remove_supply_chain_context
R03102,U0842,U0993,2024-01-09T00:00:03,5,5,0,0,0,0,1,0.375,-0.1,remove_supply_chain_context
R03103,U0022,U0383,2024-01-09T00:00:04,6,6,0,0,0,0,3,0.9,0.32000000000000006,remove_supply_chain_context
R03104,U0204,U1323,2024-01-10T00:00:01,5,5,0,0,0,0,0,0.375,-0.1,remove_supply_chain_context
R03105,U0335,U0723,2024-01-10T00:00:02,5,5,0,0,0,0,2,0.8,0.24,remove_supply_chain_context
R03106,U0640,U1271,2024-01-10T00:00:03,5,5,0,0,0,0,4,0.9,0.32000000000000006,remove_supply_chain_context
R03107,U0112,U0293,2024-01-10T00:00:04,5,5,0,0,0,0,3,0.325,-0.13999999999999999,remove_supply_chain_context
R03108,U0460,U1163,2024-01-11T00:00:01,7,5,2,0,0,0,4,0.8,0.24,remove_supply_chain_context
R03109,U0903,U1160,2024-01-11T00:00:02,6,5,0,0,0,0,4,0.9,0.32000000000000006,remove_supply_chain_context
R03110,U0629,U0986,2024-01-11T00:00:03,5,5,0,0,1,0,3,0.8,0.24,remove_supply_chain_context
R03111,U0163,U1403,2024-01-11T00:00:04,5,5,0,0,0,1,1,0.9,0.32000000000000006,remove_supply_chain_context
R03112,U0008,U0205,2024-01-12T00:00:01,5,5,0,0,0,0,1,0.325,-0.13999999999999999,remove_supply_chain_context
R03113,U0270,U0919,2024-01-12T00:00:02,5,6,0,0,0,1,2,0.9,0.32000000000000006,remove_supply_chain_context
R03114,U0143,U1199,2024-01-12T00:00:03,7,6,0,0,0,1,5,0.8,0.24,remove_supply_chain_context
R03115,U0285,U0922,2024-01-12T00:00:04,5,5,0,0,0,0,4,0.8,0.24,remove_supply_chain_context
R03116,U0086,U1182,2024-01-13T00:00:01,5,5,0,0,0,0,2,0.9,0.32000000000000006,remove_supply_chain_context
R03117,U0976,U1182,2024-01-13T00:00:02,5,6,0,0,0,0,4,0.9,0.32000000000000006,remove_supply_chain_context
R03118,U0474,U1382,2024-01-13T00:00:03,5,5,0,0,0,0,4,0.375,-0.1,remove_supply_chain_context
R03119,U0659,U1048,2024-01-13T00:00:04,6,5,0,0,0,0,6,0.375,-0.1,remove_supply_chain_context
R03120,U1148,U1305,2024-01-14T00:00:01,5,5,0,0,0,0,3,0.9,0.32000000000000006,remove_supply_chain_context
R03121,U0125,U0893,2024-01-14T00:00:02,5,5,0,0,0,0,6,0.9,0.32000000000000006,remove_supply_chain_context
R03122,U1090,U1382,2024-01-14T00:00:03,5,6,0,0,0,0,2,0.9,0.32000000000000006,remove_supply_chain_context
R03123,U0705,U1250,2024-01-15T00:00:00,6,6,1,0,0,0,3,0.9,0.32000000000000006,remove_supply_chain_context
R03124,U0385,U0782,2024-01-15T00:00:01,5,5,0,0,0,0,2,0.375,-0.1,remove_supply_chain_context
R03125,U0921,U1317,2024-01-15T00:00:02,5,5,0,0,0,0,4,0.375,-0.1,remove_supply_chain_context
R03126,U0878,U0936,2024-01-15T00:00:03,5,8,0,0,0,1,0,0.9,0.32000000000000006,remove_supply_chain_context
R03127,U0359,U1129,2024-01-16T00:00:01,5,5,0,0,0,0,4,0.9,0.32000000000000006,remove_supply_chain_context
R03128,U0179,U0334,2024-01-16T00:00:02,5,5,0,0,0,0,2,0.9,0.32000000000000006,remove_supply_chain_context
R03129,U0299,U0822,2024-01-16T00:00:03,6,7,0,0,1,0,1,0.8,0.24,remove_supply_chain_context
R03130,U0205,U1139,2024-01-16T00:00:04,6,5,0,0,0,0,1,0.375,-0.1,remove_supply_chain_context
R03131,U1085,U1118,2024-01-17T00:00:01,7,5,0,0,0,1,0,0.9,0.32000000000000006,remove_supply_chain_context
R03132,U0201,U1078,2024-01-17T00:00:02,5,5,0,0,0,0,1,0.9,0.32000000000000006,remove_supply_chain_context
R03133,U1128,U1271,2024-01-17T00:00:03,6,6,0,0,0,0,0,0.375,-0.1,remove_supply_chain_context
R03134,U0919,U1141,2024-01-17T00:00:04,7,6,0,0,0,0,0,0.8,0.24,remove_supply_chain_context
R03135,U0179,U0198,2024-01-18T00:00:01,6,5,0,0,0,0,4,0.9,0.32000000000000006,remove_supply_chain_context
R03136,U0451,U0681,2024-01-18T00:00:02,5,5,0,0,0,0,2,0.9,0.32000000000000006,remove_supply_chain_context
R03137,U0615,U0992,2024-01-18T00:00:03,5,5,0,0,0,0,1,0.44,-0.048,remove_supply_chain_context
R03138,U0363,U1090,2024-01-18T00:00:04,5,6,0,0,0,0,2,0.8,0.24,remove_supply_chain_context
R03139,U0869,U1392,2024-01-19T00:00:01,6,5,0,1,1,1,6,0.325,-0.13999999999999999,remove_supply_chain_context
R03140,U0791,U0910,2024-01-19T00:00:02,6,5,0,0,0,1,3,0.375,-0.1,remove_supply_chain_context
R03141,U0124,U0718,2024-01-19T00:00:03,5,5,0,0,1,0,6,0.325,-0.13999999999999999,remove_supply_chain_context
R03142,U0218,U1187,2024-01-19T00:00:04,5,5,0,0,0,0,5,0.9,0.32000000000000006,remove_supply_chain_context
R03143,U0593,U1336,2024-01-20T00:00:01,5,5,0,0,0,1,1,0.375,-0.1,remove_supply_chain_context
R03144,U0717,U0874,2024-01-20T00:00:02,5,5,0,0,0,1,3,0.44,-0.048,remove_supply_chain_context
R03145,U0596,U0810,2024-01-20T00:00:03,5,6,0,0,0,0,5,0.9,0.32000000000000006,remove_supply_chain_context
R03146,U0882,U1216,2024-01-20T00:00:04,6,6,0,0,0,0,0,0.375,-0.1,remove_supply_chain_context
R03147,U0487,U1334,2024-01-21T00:00:01,7,5,0,0,0,0,1,0.8,0.24,remove_supply_chain_context
R03148,U0049,U0159,2024-01-21T00:00:02,5,6,0,0,0,0,2,0.9,0.32000000000000006,remove_supply_chain_context
R03149,U0201,U0312,2024-01-21T00:00:03,6,5,0,0,0,0,0,0.8,0.24,remove_supply_chain_context
R03150,U0521,U1214,2024-01-22T00:00:00,7,5,0,0,0,0,4,0.9,0.32000000000000006,remove_supply_chain_context
R03151,U1125,U1161,2024-01-22T00:00:01,5,5,0,0,1,0,0,0.9,0.32000000000000006,remove_supply_chain_context
R03152,U0569,U0807,2024-01-22T00:00:02,5,5,0,0,0,0,1,0.44,-0.048,remove_supply_chain_context
R03153,U0704,U1007,2024-01-22T00:00:03,5,5,0,0,0,1,3,0.325,-0.13999999999999999,remove_supply_chain_context
R03154,U0191,U0685,2024-01-23T00:00:01,7,5,0,0,0,0,1,0.375,-0.1,remove_supply_chain_context
R03155,U0203,U0774,2024-01-23T00:00:02,5,5,0,0,0,0,2,0.375,-0.1,remove_supply_chain_context
R03156,U0209,U0764,2024-01-23T00:00:03,5,5,0,0,0,0,3,0.9,0.32000000000000006,remove_supply_chain_context
R03157,U0143,U1398,2024-01-23T00:00:04,8,5,0,0,0,0,3,0.9,0.32000000000000006,remove_supply_chain_context
R03158,U0014,U1283,2024-01-24T00:00:01,5,5,0,0,0,0,1,0.375,-0.1,remove_supply_chain_context
R03159,U0260,U0826,2024-01-24T00:00:02,6,5,0,0,0,0,1,0.9,0.32000000000000006,remove_supply_chain_context
R03160,U0918,U1075,2024-01-24T00:00:03,5,6,0,0,0,0,1,0.9,0.32000000000000006,remove_supply_chain_context
R03161,U0064,U1051,2024-01-24T00:00:04,5,5,0,0,0,0,0,0.9,0.32000000000000006,remove_supply_chain_context
R03162,U0293,U0534,2024-01-25T00:00:01,6,5,0,0,0,0,1,0.8,0.24,remove_supply_chain_context
R03163,U1072,U1373,2024-01-25T00:00:02,5,5,0,0,0,0,1,0.44,-0.048,remove_supply_chain_context
R03164,U0730,U1084,2024-01-25T00:00:03,5,6,0,0,0,0,2,0.8,0.24,remove_supply_chain_context
R03165,U0799,U0903,2024-01-25T00:00:04,5,7,0,0,0,0,1,0.325,-0.13999999999999999,remove_supply_chain_context
R03166,U0420,U0704,2024-01-26T00:00:01,5,6,0,0,0,0,3,0.9,0.32000000000000006,remove_supply_chain_context
R03167,U0467,U0903,2024-01-26T00:00:02,5,8,0,0,0,0,3,0.9,0.32000000000000006,remove_supply_chain_context
R03168,U0003,U1344,2024-01-26T00:00:03,5,6,0,0,0,0,5,0.8,0.24,remove_supply_chain_context
R03169,U0632,U0695,2024-01-26T00:00:04,5,5,0,0,0,0,1,0.8,0.24,remove_supply_chain_context
R03170,U0168,U0723,2024-01-27T00:00:01,5,6,0,0,0,0,4,0.9,0.32000000000000006,remove_supply_chain_context
R03171,U0186,U0393,2024-01-27T00:00:02,5,5,0,0,0,0,1,0.9,0.32000000000000006,remove_supply_chain_context
R03172,U0599,U0982,2024-01-27T00:00:03,5,6,0,0,0,1,2,0.9,0.32000000000000006,remove_supply_chain_context
R03173,U0369,U1084,2024-01-27T00:00:04,6,7,0,0,0,1,0,0.9,0.32000000000000006,remove_supply_chain_context
R03174,U0651,U0880,2024-01-28T00:00:01,5,5,0,0,0,0,1,0.9,0.32000000000000006,remove_supply_chain_context
R03175,U0394,U1220,2024-01-28T00:00:02,5,5,0,0,0,0,0,0.375,-0.1,remove_supply_chain_context
R03176,U0385,U1072,2024-01-28T00:00:03,6,6,0,0,0,0,3,0.9,0.32000000000000006,remove_supply_chain_context
R03177,U0731,U1042,2024-02-01T00:00:00,5,6,0,0,0,1,1,0.8,0.24,remove_supply_chain_context
R03178,U0648,U1340,2024-02-01T00:00:01,5,7,0,0,0,0,2,0.325,-0.13999999999999999,remove_supply_chain_context
R03179,U0123,U0337,2024-02-01T00:00:02,5,5,0,0,0,0,2,0.9,0.32000000000000006,remove_supply_chain_context
R03180,U0036,U0904,2024-02-01T00:00:03,5,6,0,0,0,1,1,0.9,0.32000000000000006,remove_supply_chain_context
R03181,U0039,U0864,2024-02-02T00:00:01,5,5,0,0,0,0,2,0.325,-0.13999999999999999,remove_supply_chain_context
R03182,U0987,U1341,2024-02-02T00:00:02,5,7,0,0,0,0,2,0.9,0.32000000000000006,remove_supply_chain_context
R03183,U0426,U1067,2024-02-02T00:00:03,6,5,0,0,0,0,3,0.9,0.32000000000000006,remove_supply_chain_context
R03184,U0594,U1297,2024-02-02T00:00:04,5,5,0,0,0,0,1,0.8,0.24,remove_supply_chain_context
R03185,U0725,U0842,2024-02-03T00:00:01,5,6,0,0,0,0,3,0.9,0.32000000000000006,remove_supply_chain_context
R03186,U0139,U1076,2024-02-03T00:00:02,5,5,0,0,0,0,4,0.325,-0.13999999999999999,remove_supply_chain_context
R03187,U0556,U1037,2024-02-03T00:00:03,5,5,0,0,0,0,4,0.44,-0.048,remove_supply_chain_context
R03188,U0014,U1208,2024-02-03T00:00:04,6,6,0,0,0,1,2,0.8,0.24,remove_supply_chain_context
R03189,U0541,U0893,2024-02-04T00:00:01,5,6,0,0,0,0,2,0.44,-0.048,remove_supply_chain_context
R03190,U0629,U1279,2024-02-04T00:00:02,6,5,0,0,0,0,3,0.8,0.24,remove_supply_chain_context
R03191,U0227,U0611,2024-02-04T00:00:03,5,6,0,0,0,1,1,0.325,-0.13999999999999999,remove_supply_chain_context
R03192,U0221,U0890,2024-02-04T00:00:04,6,5,0,0,0,0,0,0.375,-0.1,remove_supply_chain_context
R03193,U0507,U1373,2024-02-05T00:00:01,5,6,0,0,0,0,4,0.8,0.24,remove_supply_chain_context
R03194,U0573,U0714,2024-02-05T00:00:02,5,6,0,0,0,0,2,0.44,-0.048,remove_supply_chain_context
R03195,U0519,U0605,2024-02-05T00:00:03,5,5,0,0,0,0,1,0.375,-0.1,remove_supply_chain_context
R03196,U0161,U0461,2024-02-05T00:00:04,5,5,0,0,0,0,2,0.8,0.24,remove_supply_chain_context
R03197,U0183,U0502,2024-02-06T00:00:01,5,5,0,0,0,0,0,0.9,0.32000000000000006,remove_supply_chain_context
R03198,U0109,U0628,2024-02-06T00:00:02,5,6,0,0,0,0,0,0.9,0.32000000000000006,remove_supply_chain_context
R03199,U0511,U0535,2024-02-06T00:00:03,5,5,0,0,0,0,3,0.9,0.32000000000000006,remove_supply_chain_context
R03200,U0244,U0818,2024-02-06T00:00:04,5,5,0,0,0,0,1,0.325,-0.13999999999999999,remove_supply_chain_context
R03201,U0166,U0434,2024-02-07T00:00:01,7,7,0,0,0,0,3,0.9,0.32000000000000006,remove_supply_chain_context
R03202,U1026,U1127,2024-02-07T00:00:02,5,5,0,0,0,0,0,0.9,0.32000000000000006,remove_supply_chain_context
R03203,U0598,U1074,2024-02-07T00:00:03,5,6,0,0,0,0,1,0.8,0.24,remove_supply_chain_context
R03204,U0080,U1322,2024-02-08T00:00:00,5,5,0,0,0,0,1,0.8,0.24,remove_supply_chain_context
R03205,U0166,U0894,2024-02-08T00:00:01,8,5,0,0,0,0,1,0.8,0.24,remove_supply_chain_context
R03206,U0629,U0839,2024-02-08T00:00:02,7,5,0,0,0,0,0,0.375,-0.1,remove_supply_chain_context
R03207,U0074,U0855,2024-02-08T00:00:03,6,5,0,0,0,0,1,0.44,-0.048,remove_supply_chain_context
R03208,U0982,U1053,2024-02-09T00:00:01,7,6,0,0,0,0,0,0.9,0.32000000000000006,remove_supply_chain_context
R03209,U1164,U1208,2024-02-09T00:00:02,5,7,0,0,0,0,0,0.44,-0.048,remove_supply_chain_context
R03210,U0544,U1111,2024-02-09T00:00:03,5,5,0,0,0,0,4,0.9,0.32000000000000006,remove_supply_chain_context
R03211,U1307,U1401,2024-02-09T00:00:04,6,5,0,0,0,0,2,0.9,0.32000000000000006,remove_supply_chain_context
R03212,U0067,U0991,2024-02-10T00:00:01,5,5,0,0,0,0,1,0.44,-0.048,remove_supply_chain_context
R03213,U0241,U0675,2024-02-10T00:00:02,6,5,0,0,0,0,4,0.9,0.32000000000000006,remove_supply_chain_context
R03214,U0103,U0829,2024-02-10T00:00:03,5,5,0,0,0,1,0,0.9,0.32000000000000006,remove_supply_chain_context
R03215,U0992,U1349,2024-02-10T00:00:04,6,5,0,0,0,0,4,0.9,0.32000000000000006,remove_supply_chain_context
R03216,U0510,U1192,2024-02-11T00:00:01,5,5,0,0,0,0,5,0.325,-0.13999999999999999,remove_supply_chain_context
R03217,U0425,U1117,2024-02-11T00:00:02,5,5,0,0,0,1,2,0.375,-0.1,remove_supply_chain_context
R03218,U0516,U1143,2024-02-11T00:00:03,5,6,0,0,0,0,0,0.9,0.32000000000000006,remove_supply_chain_context
R03219,U0080,U0974,2024-02-11T00:00:04,6,5,0,0,0,1,5,0.9,0.32000000000000006,remove_supply_chain_context
R03220,U0241,U0639,2024-02-12T00:00:01,7,5,0,0,0,0,2,0.9,0.32000000000000006,remove_supply_chain_context
R03221,U1070,U1304,2024-02-12T00:00:02,5,5,0,0,0,0,3,0.9,0.32000000000000006,remove_supply_chain_context
R03222,U1128,U1132,2024-02-12T00:00:03,7,6,1,0,0,0,1,0.375,-0.1,remove_supply_chain_context
R03223,U0821,U1361,2024-02-12T00:00:04,6,5,0,0,0,0,2,0.9,0.32000000000000006,remove_supply_chain_context
R03224,U0229,U1056,2024-02-13T00:00:01,5,5,0,0,0,0,3,0.8,0.24,remove_supply_chain_context
R03225,U0571,U0972,2024-02-13T00:00:02,8,6,0,0,0,0,0,0.375,-0.1,remove_supply_chain_context
R03226,U0654,U0814,2024-02-13T00:00:03,5,6,0,0,0,0,0,0.8,0.24,remove_supply_chain_context
R03227,U0458,U1260,2024-02-13T00:00:04,5,5,0,0,0,0,1,0.8,0.24,remove_supply_chain_context
R03228,U0254,U1357,2024-02-14T00:00:01,5,5,0,0,0,0,3,0.375,-0.1,remove_supply_chain_context
R03229,U0298,U0481,2024-02-14T00:00:02,5,5,0,0,0,0,1,0.8,0.24,remove_supply_chain_context
R03230,U0270,U1100,2024-02-14T00:00:03,6,5,0,0,0,0,0,0.9,0.32000000000000006,remove_supply_chain_context
R03231,U0718,U1146,2024-02-15T00:00:00,6,5,0,0,0,0,5,0.8,0.24,remove_supply_chain_context
R03232,U1059,U1209,2024-02-15T00:00:01,5,5,0,0,0,0,1,0.375,-0.1,remove_supply_chain_context
R03233,U0027,U0182,2024-02-15T00:00:02,6,5,0,0,0,0,4,0.9,0.32000000000000006,remove_supply_chain_context
R03234,U0627,U1367,2024-02-15T00:00:03,5,5,0,0,0,1,4,0.44,-0.048,remove_supply_chain_context
R03235,U0229,U0928,2024-02-16T00:00:01,6,6,0,0,0,0,1,0.9,0.32000000000000006,remove_supply_chain_context
R03236,U0802,U1061,2024-02-16T00:00:02,5,5,0,0,0,0,5,0.375,-0.1,remove_supply_chain_context
R03237,U0091,U1074,2024-02-16T00:00:03,5,7,0,0,0,0,0,0.9,0.32000000000000006,remove_supply_chain_context
R03238,U1197,U1361,2024-02-16T00:00:04,5,6,0,0,0,0,3,0.8,0.24,remove_supply_chain_context
R03239,U0387,U1044,2024-02-17T00:00:01,5,5,0,0,0,0,2,0.8,0.24,remove_supply_chain_context
R03240,U0144,U1300,2024-02-17T00:00:02,6,6,0,0,0,0,0,0.44,-0.048,remove_supply_chain_context
R03241,U0532,U1015,2024-02-17T00:00:03,6,5,0,0,0,0,1,0.375,-0.1,remove_supply_chain_context
R03242,U1072,U1327,2024-02-17T00:00:04,7,5,0,0,1,0,4,0.44,-0.048,remove_supply_chain_context
R03243,U0195,U0829,2024-02-18T00:00:01,6,6,0,0,0,0,4,0.8,0.24,remove_supply_chain_context
R03244,U1134,U1324,2024-02-18T00:00:02,6,5,0,0,0,0,0,0.9,0.32000000000000006,remove_supply_chain_context
R03245,U0939,U1104,2024-02-18T00:00:03,5,5,0,0,0,0,0,0.8,0.24,remove_supply_chain_context
R03246,U0132,U0248,2024-02-18T00:00:04,5,6,0,0,0,0,1,0.9,0.32000000000000006,remove_supply_chain_context
R03247,U1060,U1346,2024-02-19T00:00:01,5,5,0,0,0,0,4,0.9,0.32000000000000006,remove_supply_chain_context
R03248,U0559,U1240,2024-02-19T00:00:02,6,5,0,0,0,0,1,0.9,0.32000000000000006,remove_supply_chain_context
R03249,U0337,U0424,2024-02-19T00:00:03,6,5,0,0,0,0,5,0.9,0.32000000000000006,remove_supply_chain_context
R03250,U0196,U0893,2024-02-19T00:00:04,5,7,0,0,0,0,1,0.375,-0.1,remove_supply_chain_context
R03251,U0067,U1271,2024-02-20T00:00:01,6,7,0,0,0,0,1,0.375,-0.1,remove_supply_chain_context
R03252,U0335,U1193,2024-02-20T00:00:02,6,5,0,0,0,0,0,0.9,0.32000000000000006,remove_supply_chain_context
R03253,U0335,U1382,2024-02-20T00:00:03,7,7,0,0,0,0,0,0.9,0.32000000000000006,remove_supply_chain_context
R03254,U0537,U1168,2024-02-20T00:00:04,5,5,0,0,0,0,0,0.9,0.32000000000000006,remove_supply_chain_context
R03255,U0177,U0596,2024-02-21T00:00:01,5,6,0,0,1,0,0,0.9,0.32000000000000006,remove_supply_chain_context
R03256,U0530,U0763,2024-02-21T00:00:02,6,5,0,0,0,0,0,0.9,0.32000000000000006,remove_supply_chain_context
R03257,U0519,U0707,2024-02-21T00:00:03,6,7,0,0,0,1,1,0.9,0.32000000000000006,remove_supply_chain_context
R03258,U0302,U1359,2024-02-22T00:00:00,5,5,0,0,0,0,6,0.8,0.24,remove_supply_chain_context
R03259,U0373,U0454,2024-02-22T00:00:01,5,5,0,0,0,0,1,0.8,0.24,remove_supply_chain_context
R03260,U0687,U0737,2024-02-22T00:00:02,5,5,0,0,0,0,3,0.8,0.24,remove_supply_chain_context
R03261,U0347,U0707,2024-02-22T00:00:03,5,8,0,0,0,0,4,0.375,-0.1,remove_supply_chain_context
R03262,U0755,U0955,2024-02-23T00:00:01,6,5,0,0,0,0,0,0.9,0.32000000000000006,remove_supply_chain_context
R03263,U0954,U1297,2024-02-23T00:00:02,6,6,0,0,0,0,1,0.375,-0.1,remove_supply_chain_context
R03264,U0266,U0925,2024-02-23T00:00:03,5,6,0,0,1,0,1,0.325,-0.13999999999999999,remove_supply_chain_context
R03265,U0653,U0764,2024-02-23T00:00:04,5,6,0,0,0,1,4,0.9,0.32000000000000006,remove_supply_chain_context
R03266,U0034,U0843,2024-02-24T00:00:01,6,5,0,0,1,0,4,0.44,-0.048,remove_supply_chain_context
R03267,U0652,U1134,2024-02-24T00:00:02,6,7,0,0,0,0,1,0.375,-0.1,remove_supply_chain_context
R03268,U0697,U0870,2024-02-24T00:00:03,6,5,0,0,0,0,2,0.8,0.24,remove_supply_chain_context
R03269,U0340,U0461,2024-02-24T00:00:04,5,6,0,0,0,0,1,0.8,0.24,remove_supply_chain_context
R03270,U0166,U1009,2024-02-25T00:00:01,9,5,0,0,0,0,4,0.8,0.24,remove_supply_chain_context
R03271,U0192,U1199,2024-02-25T00:00:02,5,7,0,0,0,0,2,0.9,0.32000000000000006,remove_supply_chain_context
R03272,U0099,U1117,2024-02-25T00:00:03,5,6,0,0,0,0,5,0.9,0.32000000000000006,remove_supply_chain_context
R03273,U0031,U1114,2024-02-25T00:00:04,5,5,0,0,0,0,0,0.9,0.32000000000000006,remove_supply_chain_context
R03274,U0003,U0881,2024-02-26T00:00:01,6,5,0,0,0,0,3,0.9,0.32000000000000006,remove_supply_chain_context
R03275,U0104,U0567,2024-02-26T00:00:02,5,7,0,0,0,0,3,0.44,-0.048,remove_supply_chain_context
R03276,U0215,U0235,2024-02-26T00:00:03,6,6,0,0,0,1,3,0.375,-0.1,remove_supply_chain_context
R03277,U0054,U0318,2024-02-26T00:00:04,5,5,0,0,1,0,4,0.325,-0.13999999999999999,remove_supply_chain_context
R03278,U0014,U0488,2024-02-27T00:00:01,7,5,0,0,0,1,2,0.8,0.24,remove_supply_chain_context
R03279,U0570,U0975,2024-02-27T00:00:02,6,5,0,0,0,0,0,0.9,0.32000000000000006,remove_supply_chain_context
R03280,U0265,U0454,2024-02-27T00:00:03,6,6,0,0,0,0,1,0.9,0.32000000000000006,remove_supply_chain_context
R03281,U0163,U1044,2024-02-27T00:00:04,6,6,0,0,0,0,1,0.375,-0.1,remove_supply_chain_context
R03282,U0340,U0395,2024-02-28T00:00:01,6,5,0,0,0,0,1,0.375,-0.1,remove_supply_chain_context
R03283,U0476,U0965,2024-02-28T00:00:02,5,5,0,0,0,0,1,0.9,0.32000000000000006,remove_supply_chain_context
R03284,U0348,U0538,2024-02-28T00:00:03,5,5,0,0,0,0,1,0.8,0.24,remove_supply_chain_context
R03285,U0502,U1283,2024-03-01T00:00:00,6,6,0,0,0,0,6,0.8,0.24,remove_supply_chain_context
R03286,U0261,U1060,2024-03-01T00:00:01,5,6,0,0,0,1,4,0.325,-0.13999999999999999,remove_supply_chain_context
R03287,U0312,U0682,2024-03-01T00:00:02,6,5,0,0,0,0,1,0.325,-0.13999999999999999,remove_supply_chain_context
R03288,U0202,U0293,2024-03-01T00:00:03,5,7,0,0,0,1,1,0.9,0.32000000000000006,remove_supply_chain_context
R03289,U0095,U1222,2024-03-02T00:00:01,5,5,0,0,1,0,5,0.9,0.32000000000000006,remove_supply_chain_context
R03290,U1014,U1304,2024-03-02T00:00:02,5,6,0,0,0,0,5,0.9,0.32000000000000006,remove_supply_chain_context
R03291,U0717,U0732,2024-03-02T00:00:03,6,5,0,0,0,0,5,0.375,-0.1,remove_supply_chain_context
R03292,U0301,U0580,2024-03-02T00:00:04,5,5,0,0,0,0,1,0.9,0.32000000000000006,remove_supply_chain_context
R03293,U0606,U0718,2024-03-03T00:00:01,5,7,0,0,0,0,4,0.8,0.24,remove_supply_chain_context
R03294,U0968,U1259,2024-03-03T00:00:02,5,6,0,0,0,0,2,0.9,0.32000000000000006,remove_supply_chain_context
R03295,U0185,U1096,2024-03-03T00:00:03,5,5,0,0,1,0,3,0.44,-0.048,remove_supply_chain_context
R03296,U0876,U0959,2024-03-03T00:00:04,5,6,0,0,0,0,4,0.325,-0.13999999999999999,remove_supply_chain_context
R03297,U0731,U0816,2024-03-04T00:00:01,6,5,0,0,0,0,1,0.9,0.32000000000000006,remove_supply_chain_context
R03298,U0273,U0459,2024-03-04T00:00:02,5,5,0,0,0,1,1,0.8,0.24,remove_supply_chain_context
R03299,U0052,U0934,2024-03-04T00:00:03,6,5,0,0,0,1,1,0.9,0.32000000000000006,remove_supply_chain_context
R03300,U0811,U1022,2024-03-04T00:00:04,5,6,0,0,0,0,2,0.44,-0.048,remove_supply_chain_context
R03301,U0285,U0571,2024-03-05T00:00:01,6,9,0,0,0,0,3,0.44,-0.048,remove_supply_chain_context
R03302,U0768,U0927,2024-03-05T00:00:02,5,5,0,0,0,0,0,0.9,0.32000000000000006,remove_supply_chain_context
R03303,U0564,U0700,2024-03-05T00:00:03,5,5,0,0,0,0,3,0.9,0.32000000000000006,remove_supply_chain_context
R03304,U0794,U1286,2024-03-05T00:00:04,5,5,0,0,0,0,5,0.375,-0.1,remove_supply_chain_context
R03305,U0182,U1232,2024-03-06T00:00:01,6,5,0,0,0,0,1,0.325,-0.13999999999999999,remove_supply_chain_context
R03306,U0183,U0589,2024-03-06T00:00:02,6,5,0,0,0,0,3,0.9,0.32000000000000006,remove_supply_chain_context
R03307,U0761,U1284,2024-03-06T00:00:03,5,5,0,0,0,1,6,0.9,0.32000000000000006,remove_supply_chain_context
R03308,U0568,U0678,2024-03-06T00:00:04,5,5,0,0,0,0,1,0.375,-0.1,remove_supply_chain_context
R03309,U0147,U0469,2024-03-07T00:00:01,5,6,0,0,0,0,5,0.9,0.32000000000000006,remove_supply_chain_context
R03310,U0028,U0094,2024-03-07T00:00:02,5,5,0,0,0,0,3,0.9,0.32000000000000006,remove_supply_chain_context
R03311,U0181,U0517,2024-03-07T00:00:03,5,7,0,0,0,0,3,0.375,-0.1,remove_supply_chain_context
R03312,U0238,U0697,2024-03-08T00:00:00,5,7,0,0,0,0,2,0.375,-0.1,remove_supply_chain_context
R03313,U0131,U1199,2024-03-08T00:00:01,6,8,0,0,0,0,4,0.325,-0.13999999999999999,remove_supply_chain_context
R03314,U0955,U1107,2024-03-08T00:00:02,6,6,0,0,0,0,6,0.8,0.24,remove_supply_chain_context
R03315,U0810,U1324,2024-03-08T00:00:03,7,6,0,0,0,0,1,0.9,0.32000000000000006,remove_supply_chain_context
R03316,U0169,U1011,2024-03-09T00:00:01,5,5,0,0,0,0,1,0.8,0.24,remove_supply_chain_context
R03317,U1164,U1247,2024-03-09T00:00:02,6,5,0,0,0,1,3,0.375,-0.1,remove_supply_chain_context
R03318,U0311,U1127,2024-03-09T00:00:03,5,6,0,0,0,0,0,0.8,0.24,remove_supply_chain_context
R03319,U0263,U0665,2024-03-09T00:00:04,6,5,0,0,0,0,5,0.9,0.32000000000000006,remove_supply_chain_context
R03320,U0727,U1139,2024-03-10T00:00:01,5,6,0,0,0,0,0,0.9,0.32000000000000006,remove_supply_chain_context
R03321,U0784,U1314,2024-03-10T00:00:02,5,5,0,0,0,0,2,0.375,-0.1,remove_supply_chain_context
R03322,U0108,U0488,2024-03-10T00:00:03,6,6,0,0,0,0,0,0.325,-0.13999999999999999,remove_supply_chain_context
R03323,U0313,U0812,2024-03-10T00:00:04,5,5,0,0,0,1,2,0.8,0.24,remove_supply_chain_context
R03324,U1135,U1154,2024-03-11T00:00:01,5,5,0,0,0,0,1,0.44,-0.048,remove_supply_chain_context
R03325,U0312,U1234,2024-03-11T00:00:02,7,5,0,0,0,0,2,0.9,0.32000000000000006,remove_supply_chain_context
R03326,U0716,U1149,2024-03-11T00:00:03,6,5,0,0,0,0,4,0.9,0.32000000000000006,remove_supply_chain_context
R03327,U0338,U0985,2024-03-11T00:00:04,6,5,0,0,0,0,0,0.8,0.24,remove_supply_chain_context
R03328,U0507,U0872,2024-03-12T00:00:01,6,5,0,0,0,0,2,0.8,0.24,remove_supply_chain_context
R03329,U0639,U0787,2024-03-12T00:00:02,6,5,0,0,0,0,1,0.375,-0.1,remove_supply_chain_context
R03330,U0223,U0291,2024-03-12T00:00:03,5,5,0,0,1,0,0,0.8,0.24,remove_supply_chain_context
R03331,U0026,U0989,2024-03-12T00:00:04,5,5,0,0,0,0,3,0.8,0.24,remove_supply_chain_context
R03332,U0294,U1287,2024-03-13T00:00:01,5,5,0,0,0,0,4,0.9,0.32000000000000006,remove_supply_chain_context
R03333,U0045,U0498,2024-03-13T00:00:02,5,6,0,0,0,0,1,0.9,0.32000000000000006,remove_supply_chain_context
R03334,U0826,U0936,2024-03-13T00:00:03,6,9,0,0,0,0,1,0.9,0.32000000000000006,remove_supply_chain_context
R03335,U0159,U0423,2024-03-13T00:00:04,7,5,0,0,0,0,3,0.9,0.32000000000000006,remove_supply_chain_context
R03336,U0001,U0874,2024-03-14T00:00:01,5,6,0,0,0,1,3,0.9,0.32000000000000006,remove_supply_chain_context
R03337,U0989,U1080,2024-03-14T00:00:02,6,5,0,0,0,0,2,0.325,-0.13999999999999999,remove_supply_chain_context
R03338,U0025,U1165,2024-03-14T00:00:03,5,5,0,0,0,0,0,0.9,0.32000000000000006,remove_supply_chain_context
R03339,U0254,U0947,2024-03-15T00:00:00,6,5,0,0,0,0,2,0.375,-0.1,remove_supply_chain_context
R03340,U0235,U1108,2024-03-15T00:00:01,7,5,0,0,0,0,0,0.375,-0.1,remove_supply_chain_context
R03341,U0080,U1071,2024-03-15T00:00:02,7,5,0,0,0,1,3,0.44,-0.048,remove_supply_chain_context
R03342,U0324,U0514,2024-03-15T00:00:03,6,5,0,0,0,0,2,0.375,-0.1,remove_supply_chain_context
R03343,U0571,U0944,2024-03-16T00:00:01,10,5,0,0,0,0,0,0.375,-0.1,remove_supply_chain_context
R03344,U0115,U0629,2024-03-16T00:00:02,5,8,0,0,0,0,1,0.9,0.32000000000000006,remove_supply_chain_context
R03345,U0691,U1327,2024-03-16T00:00:03,5,6,0,1,1,0,3,0.375,-0.1,remove_supply_chain_context
R03346,U0002,U1310,2024-03-16T00:00:04,5,5,0,0,0,0,3,0.8,0.24,remove_supply_chain_context
R03347,U0080,U1002,2024-03-17T00:00:01,8,5,0,0,0,0,1,0.8,0.24,remove_supply_chain_context
R03348,U0446,U0681,2024-03-17T00:00:02,5,6,1,0,0,0,3,0.44,-0.048,remove_supply_chain_context
R03349,U0044,U0918,2024-03-17T00:00:03,5,6,0,0,0,0,4,0.9,0.32000000000000006,remove_supply_chain_context
R03350,U0873,U1202,2024-03-17T00:00:04,6,5,0,0,0,0,2,0.9,0.32000000000000006,remove_supply_chain_context
R03351,U0484,U0856,2024-03-18T00:00:01,5,5,0,0,0,0,1,0.9,0.32000000000000006,remove_supply_chain_context
R03352,U0214,U0825,2024-03-18T00:00:02,5,5,0,0,0,0,0,0.9,0.32000000000000006,remove_supply_chain_context
R03353,U0167,U0700,2024-03-18T00:00:03,5,6,0,0,0,0,3,0.325,-0.13999999999999999,remove_supply_chain_context
R03354,U0833,U0961,2024-03-18T00:00:04,5,5,0,0,1,0,2,0.8,0.24,remove_supply_chain_context
R03355,U0260,U0473,2024-03-19T00:00:01,7,5,0,0,0,0,2,0.375,-0.1,remove_supply_chain_context
R03356,U0541,U0634,2024-03-19T00:00:02,6,6,0,0,0,0,1,0.9,0.32000000000000006,remove_supply_chain_context
R03357,U0295,U1198,2024-03-19T00:00:03,5,5,0,0,0,0,3,0.375,-0.1,remove_supply_chain_context
R03358,U0182,U0759,2024-03-19T00:00:04,7,6,0,0,0,0,4,0.8,0.24,remove_supply_chain_context
R03359,U0656,U1353,2024-03-20T00:00:01,5,5,0,0,0,0,4,0.9,0.32000000000000006,remove_supply_chain_context
R03360,U0551,U0805,2024-03-20T00:00:02,5,5,0,0,0,0,5,0.375,-0.1,remove_supply_chain_context
R03361,U0381,U0587,2024-03-20T00:00:03,5,5,0,0,0,0,3,0.375,-0.1,remove_supply_chain_context
R03362,U0110,U0534,2024-03-20T00:00:04,5,6,0,0,0,0,3,0.9,0.32000000000000006,remove_supply_chain_context
R03363,U0272,U1401,2024-03-21T00:00:01,5,6,0,0,0,0,2,0.9,0.32000000000000006,remove_supply_chain_context
R03364,U0769,U0942,2024-03-21T00:00:02,5,5,0,0,1,0,5,0.9,0.32000000000000006,remove_supply_chain_context
R03365,U0027,U0640,2024-03-21T00:00:03,7,6,0,0,0,0,5,0.9,0.32000000000000006,remove_supply_chain_context
R03366,U0423,U0702,2024-03-22T00:00:00,6,5,0,0,0,0,6,0.8,0.24,remove_supply_chain_context
R03367,U0539,U0695,2024-03-22T00:00:01,5,6,0,0,0,0,0,0.9,0.32000000000000006,remove_supply_chain_context
R03368,U0892,U1199,2024-03-22T00:00:02,5,9,0,0,0,0,1,0.9,0.32000000000000006,remove_supply_chain_context
R03369,U0652,U0687,2024-03-22T00:00:03,7,6,0,0,0,0,2,0.9,0.32000000000000006,remove_supply_chain_context
R03370,U0047,U1365,2024-03-23T00:00:01,5,5,0,0,0,0,3,0.9,0.32000000000000006,remove_supply_chain_context
R03371,U0240,U1302,2024-03-23T00:00:02,5,5,0,0,0,1,3,0.325,-0.13999999999999999,remove_supply_chain_context
R03372,U0355,U0845,2024-03-23T00:00:03,5,5,0,0,0,0,0,0.375,-0.1,remove_supply_chain_context
R03373,U0389,U1026,2024-03-23T00:00:04,6,6,0,0,0,0,1,0.8,0.24,remove_supply_chain_context
R03374,U0469,U0997,2024-03-24T00:00:01,7,6,0,0,0,0,5,0.9,0.32000000000000006,remove_supply_chain_context
R03375,U0260,U1358,2024-03-24T00:00:02,8,6,0,0,0,0,1,0.8,0.24,remove_supply_chain_context
R03376,U0692,U0821,2024-03-24T00:00:03,7,7,0,0,0,0,1,0.9,0.32000000000000006,remove_supply_chain_context
R03377,U0086,U1251,2024-03-24T00:00:04,6,5,0,0,0,0,3,0.9,0.32000000000000006,remove_supply_chain_context
R03378,U1111,U1239,2024-03-25T00:00:01,6,5,0,0,0,0,3,0.44,-0.048,remove_supply_chain_context
R03379,U0061,U0892,2024-03-25T00:00:02,5,6,0,0,0,0,1,0.375,-0.1,remove_supply_chain_context
R03380,U0667,U0977,2024-03-25T00:00:03,5,5,0,0,0,0,1,0.375,-0.1,remove_supply_chain_context
R03381,U0105,U0373,2024-03-25T00:00:04,5,6,0,0,0,0,1,0.9,0.32000000000000006,remove_supply_chain_context
R03382,U0032,U1019,2024-03-26T00:00:01,5,5,0,0,0,0,2,0.9,0.32000000000000006,remove_supply_chain_context
R03383,U0828,U1348,2024-03-26T00:00:02,6,5,0,0,0,0,1,0.375,-0.1,remove_supply_chain_context
R03384,U0321,U1207,2024-03-26T00:00:03,6,5,0,0,0,0,4,0.8,0.24,remove_supply_chain_context
R03385,U0580,U0693,2024-03-26T00:00:04,6,5,0,0,0,0,2,0.375,-0.1,remove_supply_chain_context
R03386,U0169,U0407,2024-03-27T00:00:01,6,7,0,0,0,0,1,0.325,-0.13999999999999999,remove_supply_chain_context
R03387,U0537,U1199,2024-03-27T00:00:02,6,10,0,0,0,0,0,0.325,-0.13999999999999999,remove_supply_chain_context
R03388,U0040,U0412,2024-03-27T00:00:03,5,5,0,0,0,0,3,0.375,-0.1,remove_supply_chain_context
R03389,U0124,U0291,2024-03-27T00:00:04,6,6,0,0,1,1,2,0.44,-0.048,remove_supply_chain_context
R03390,U0163,U0354,2024-03-28T00:00:01,7,5,0,0,0,0,1,0.8,0.24,remove_supply_chain_context
R03391,U0725,U0743,2024-03-28T00:00:02,6,5,0,0,0,0,5,0.375,-0.1,remove_supply_chain_context
R03392,U0447,U0854,2024-03-28T00:00:03,6,5,0,0,0,0,4,0.375,-0.1,remove_supply_chain_context
R03393,U1049,U1367,2024-04-01T00:00:00,5,6,0,0,1,0,0,0.9,0.32000000000000006,remove_supply_chain_context
R03394,U0781,U1240,2024-04-01T00:00:01,5,6,0,0,0,0,1,0.8,0.24,remove_supply_chain_context
R03395,U0490,U0853,2024-04-01T00:00:02,5,5,0,0,0,0,2,0.9,0.32000000000000006,remove_supply_chain_context
R03396,U0907,U1101,2024-04-01T00:00:03,5,5,0,0,0,0,3,0.9,0.32000000000000006,remove_supply_chain_context
R03397,U1114,U1310,2024-04-02T00:00:01,6,6,0,0,0,1,2,0.9,0.32000000000000006,remove_supply_chain_context
R03398,U0138,U0861,2024-04-02T00:00:02,6,5,0,0,1,0,0,0.375,-0.1,remove_supply_chain_context
R03399,U0288,U1117,2024-04-02T00:00:03,5,7,0,0,0,0,0,0.8,0.24,remove_supply_chain_context
R03400,U0620,U1307,2024-04-02T00:00:04,5,7,2,0,0,1,1,0.9,0.32000000000000006,remove_supply_chain_context
R03401,U0687,U1167,2024-04-03T00:00:01,7,6,0,0,1,0,1,0.375,-0.1,remove_supply_chain_context
R03402,U0098,U1022,2024-04-03T00:00:02,5,7,0,0,0,0,2,0.8,0.24,remove_supply_chain_context
R03403,U0468,U1059,2024-04-03T00:00:03,5,6,0,0,0,0,1,0.375,-0.1,remove_supply_chain_context
R03404,U0663,U1387,2024-04-03T00:00:04,5,5,0,0,0,0,2,0.325,-0.13999999999999999,remove_supply_chain_context
R03405,U0333,U0607,2024-04-04T00:00:01,5,5,0,0,1,0,5,0.8,0.24,remove_supply_chain_context
R03406,U0552,U1341,2024-04-04T00:00:02,6,8,0,0,0,0,0,0.375,-0.1,remove_supply_chain_context
R03407,U0521,U1336,2024-04-04T00:00:03,8,6,0,0,1,0,2,0.375,-0.1,remove_supply_chain_context
R03408,U0442,U1257,2024-04-04T00:00:04,5,6,0,0,0,0,2,0.8,0.24,remove_supply_chain_context
R03409,U0017,U1279,2024-04-05T00:00:01,5,6,0,0,0,0,4,0.8,0.24,remove_supply_chain_context
R03410,U0990,U1218,2024-04-05T00:00:02,5,5,0,1,1,0,5,0.9,0.32000000000000006,remove_supply_chain_context
R03411,U0169,U0989,2024-04-05T00:00:03,7,7,0,0,0,1,2,0.375,-0.1,remove_supply_chain_context
R03412,U0131,U0769,2024-04-05T00:00:04,7,6,0,0,0,0,4,0.9,0.32000000000000006,remove_supply_chain_context
R03413,U0117,U0776,2024-04-06T00:00:01,5,5,0,0,0,0,2,0.8,0.24,remove_supply_chain_context
R03414,U0640,U1021,2024-04-06T00:00:02,7,5,0,0,0,0,2,0.9,0.32000000000000006,remove_supply_chain_context
R03415,U0052,U0057,2024-04-06T00:00:03,7,6,0,0,0,0,1,0.325,-0.13999999999999999,remove_supply_chain_context
R03416,U0457,U0556,2024-04-06T00:00:04,6,6,0,0,0,1,2,0.9,0.32000000000000006,remove_supply_chain_context
R03417,U0194,U0707,2024-04-07T00:00:01,6,9,0,0,1,0,1,0.8,0.24,remove_supply_chain_context
R03418,U0303,U0893,2024-04-07T00:00:02,5,8,0,0,0,0,2,0.8,0.24,remove_supply_chain_context
R03419,U0203,U0392,2024-04-07T00:00:03,6,5,0,0,0,0,1,0.9,0.32000000000000006,remove_supply_chain_context
R03420,U0750,U1190,2024-04-08T00:00:00,5,5,0,0,0,0,2,0.44,-0.048,remove_supply_chain_context
R03421,U0147,U0878,2024-04-08T00:00:01,6,6,0,0,0,0,2,0.9,0.32000000000000006,remove_supply_chain_context
R03422,U0306,U0335,2024-04-08T00:00:02,5,8,0,0,0,0,0,0.8,0.24,remove_supply_chain_context
R03423,U0667,U1234,2024-04-08T00:00:03,6,6,0,0,0,0,1,0.325,-0.13999999999999999,remove_supply_chain_context
R03424,U0566,U1322,2024-04-09T00:00:01,5,6,0,0,0,1,4,0.375,-0.1,remove_supply_chain_context
R03425,U0616,U1390,2024-04-09T00:00:02,5,5,0,0,0,0,2,0.9,0.32000000000000006,remove_supply_chain_context
R03426,U0390,U0507,2024-04-09T00:00:03,5,7,0,0,0,0,2,0.8,0.24,remove_supply_chain_context
R03427,U0065,U1375,2024-04-09T00:00:04,5,5,0,0,0,0,3,0.375,-0.1,remove_supply_chain_context
R03428,U0641,U1383,2024-04-10T00:00:01,5,5,0,0,0,0,3,0.9,0.32000000000000006,remove_supply_chain_context
R03429,U0218,U1360,2024-04-10T00:00:02,6,5,0,0,0,0,3,0.9,0.32000000000000006,remove_supply_chain_context
R03430,U0444,U1125,2024-04-10T00:00:03,5,6,0,0,0,0,4,0.8,0.24,remove_supply_chain_context
R03431,U0796,U0993,2024-04-10T00:00:04,5,6,0,0,0,0,3,0.9,0.32000000000000006,remove_supply_chain_context
R03432,U0265,U1106,2024-04-11T00:00:01,7,5,0,0,0,0,0,0.9,0.32000000000000006,remove_supply_chain_context
R03433,U0823,U0863,2024-04-11T00:00:02,5,5,0,0,0,0,1,0.9,0.32000000000000006,remove_supply_chain_context
R03434,U0408,U1327,2024-04-11T00:00:03,5,7,0,0,0,0,4,0.375,-0.1,remove_supply_chain_context
R03435,U0092,U1107,2024-04-11T00:00:04,5,7,0,0,0,1,2,0.325,-0.13999999999999999,remove_supply_chain_context
R03436,U0320,U0715,2024-04-12T00:00:01,5,5,0,0,0,1,1,0.44,-0.048,remove_supply_chain_context
R03437,U0030,U1321,2024-04-12T00:00:02,5,5,0,0,0,0,5,0.8,0.24,remove_supply_chain_context
R03438,U1123,U1393,2024-04-12T00:00:03,6,5,0,0,0,0,1,0.325,-0.13999999999999999,remove_supply_chain_context
R03439,U0003,U0125,2024-04-12T00:00:04,7,6,0,0,0,1,1,0.9,0.32000000000000006,remove_supply_chain_context
R03440,U0315,U0593,2024-04-13T00:00:01,6,6,0,0,0,0,1,0.375,-0.1,remove_supply_chain_context
R03441,U0210,U0535,2024-04-13T00:00:02,5,6,0,0,0,0,0,0.375,-0.1,remove_supply_chain_context
R03442,U0031,U0264,2024-04-13T00:00:03,6,5,0,0,0,0,1,0.9,0.32000000000000006,remove_supply_chain_context
R03443,U0678,U0959,2024-04-13T00:00:04,6,7,0,0,0,1,1,0.325,-0.13999999999999999,remove_supply_chain_context
R03444,U0305,U1037,2024-04-14T00:00:01,5,6,0,0,0,0,0,0.325,-0.13999999999999999,remove_supply_chain_context
R03445,U0152,U1289,2024-04-14T00:00:02,5,5,0,0,0,0,3,0.9,0.32000000000000006,remove_supply_chain_context
R03446,U0109,U0709,2024-04-14T00:00:03,6,5,0,0,0,0,1,0.375,-0.1,remove_supply_chain_context
R03447,U0207,U0851,2024-04-15T00:00:00,5,5,0,0,0,0,0,0.9,0.32000000000000006,remove_supply_chain_context
R03448,U0484,U1168,2024-04-15T00:00:01,6,6,0,0,0,1,3,0.325,-0.13999999999999999,remove_supply_chain_context
R03449,U0291,U0666,2024-04-15T00:00:02,7,5,0,0,0,0,4,0.9,0.32000000000000006,remove_supply_chain_context
R03450,U0881,U1205,2024-04-15T00:00:03,6,5,0,0,1,0,1,0.375,-0.1,remove_supply_chain_context
R03451,U0794,U0888,2024-04-16T00:00:01,6,5,0,0,0,0,0,0.8,0.24,remove_supply_chain_context
R03452,U0086,U0972,2024-04-16T00:00:02,7,7,0,0,0,0,1,0.9,0.32000000000000006,remove_supply_chain_context
R03453,U0370,U0694,2024-04-16T00:00:03,5,5,0,0,0,0,6,0.9,0.32000000000000006,remove_supply_chain_context
R03454,U0472,U0707,2024-04-16T00:00:04,5,10,0,0,0,0,5,0.8,0.24,remove_supply_chain_context
R03455,U0385,U1102,2024-04-17T00:00:01,7,5,0,0,0,0,3,0.9,0.32000000000000006,remove_supply_chain_context
R03456,U0849,U0927,2024-04-17T00:00:02,5,6,0,0,0,1,1,0.44,-0.048,remove_supply_chain_context
R03457,U0305,U1337,2024-04-17T00:00:03,6,5,0,0,0,0,5,0.325,-0.13999999999999999,remove_supply_chain_context
R03458,U0159,U1237,2024-04-17T00:00:04,8,5,0,0,0,0,0,0.44,-0.048,remove_supply_chain_context
R03459,U0396,U1160,2024-04-18T00:00:01,6,6,0,0,0,1,0,0.9,0.32000000000000006,remove_supply_chain_context
R03460,U0141,U1120,2024-04-18T00:00:02,5,5,0,0,0,1,2,0.8,0.24,remove_supply_chain_context
R03461,U0168,U0287,2024-04-18T00:00:03,6,5,0,0,0,1,3,0.44,-0.048,remove_supply_chain_context
R03462,U0088,U1207,2024-04-18T00:00:04,5,6,0,0,0,1,1,0.8,0.24,remove_supply_chain_context
R03463,U0488,U0518,2024-04-19T00:00:01,7,6,0,0,0,0,3,0.375,-0.1,remove_supply_chain_context
R03464,U0177,U0974,2024-04-19T00:00:02,6,6,0,0,0,0,1,0.44,-0.048,remove_supply_chain_context
R03465,U0197,U1141,2024-04-19T00:00:03,5,7,0,0,0,0,2,0.9,0.32000000000000006,remove_supply_chain_context
R03466,U0537,U1002,2024-04-19T00:00:04,7,6,0,0,1,0,4,0.9,0.32000000000000006,remove_supply_chain_context
R03467,U1000,U1050,2024-04-20T00:00:01,5,5,0,0,0,0,4,0.8,0.24,remove_supply_chain_context
R03468,U0681,U1048,2024-04-20T00:00:02,7,6,0,0,0,0,0,0.9,0.32000000000000006,remove_supply_chain_context
R03469,U0326,U1063,2024-04-20T00:00:03,7,5,0,0,0,0,3,0.8,0.24,remove_supply_chain_context
R03470,U1042,U1364,2024-04-20T00:00:04,7,5,0,0,0,1,1,0.9,0.32000000000000006,remove_supply_chain_context
R03471,U0048,U1215,2024-04-21T00:00:01,5,5,0,0,0,0,3,0.44,-0.048,remove_supply_chain_context
R03472,U0312,U0948,2024-04-21T00:00:02,8,5,0,0,0,0,0,0.9,0.32000000000000006,remove_supply_chain_context
R03473,U0253,U0807,2024-04-21T00:00:03,5,6,0,0,0,1,3,0.9,0.32000000000000006,remove_supply_chain_context
R03474,U0533,U0830,2024-04-22T00:00:00,5,5,0,0,0,0,0,0.9,0.32000000000000006,remove_supply_chain_context
R03475,U0419,U0793,2024-04-22T00:00:01,5,6,0,0,0,1,5,0.8,0.24,remove_supply_chain_context
R03476,U0812,U0817,2024-04-22T00:00:02,6,5,0,0,0,0,2,0.375,-0.1,remove_supply_chain_context
R03477,U0374,U0881,2024-04-22T00:00:03,5,7,0,0,0,0,3,0.8,0.24,remove_supply_chain_context
R03478,U0321,U1314,2024-04-23T00:00:01,7,6,0,0,0,0,0,0.375,-0.1,remove_supply_chain_context
R03479,U0183,U1150,2024-04-23T00:00:02,7,5,0,0,0,0,6,0.8,0.24,remove_supply_chain_context
R03480,U0358,U0380,2024-04-23T00:00:03,5,5,0,0,0,0,1,0.44,-0.048,remove_supply_chain_context
R03481,U0369,U1044,2024-04-23T00:00:04,7,7,0,0,0,0,3,0.44,-0.048,remove_supply_chain_context
R03482,U0806,U1384,2024-04-24T00:00:01,5,5,0,0,1,0,2,0.44,-0.048,remove_supply_chain_context
R03483,U0824,U1114,2024-04-24T00:00:02,6,7,0,0,0,0,3,0.9,0.32000000000000006,remove_supply_chain_context
R03484,U0975,U1159,2024-04-24T00:00:03,6,5,0,0,0,0,2,0.375,-0.1,remove_supply_chain_context
R03485,U0546,U0841,2024-04-24T00:00:04,5,5,0,0,0,1,2,0.8,0.24,remove_supply_chain_context
R03486,U0679,U0904,2024-04-25T00:00:01,5,7,0,0,0,0,3,0.9,0.32000000000000006,remove_supply_chain_context
R03487,U0275,U0583,2024-04-25T00:00:02,5,5,0,0,0,0,1,0.44,-0.048,remove_supply_chain_context
R03488,U0350,U0611,2024-04-25T00:00:03,5,7,0,0,0,0,5,0.325,-0.13999999999999999,remove_supply_chain_context
R03489,U0155,U0956,2024-04-25T00:00:04,6,5,1,0,0,1,3,0.44,-0.048,remove_supply_chain_context
R03490,U0390,U0686,2024-04-26T00:00:01,6,5,0,0,0,0,1,0.325,-0.13999999999999999,remove_supply_chain_context
R03491,U0178,U0291,2024-04-26T00:00:02,5,8,0,0,0,0,1,0.9,0.32000000000000006,remove_supply_chain_context
R03492,U0195,U0552,2024-04-26T00:00:03,7,7,0,0,0,1,1,0.44,-0.048,remove_supply_chain_context
R03493,U1008,U1126,2024-04-26T00:00:04,5,5,0,0,0,0,1,0.9,0.32000000000000006,remove_supply_chain_context
R03494,U0043,U0221,2024-04-27T00:00:01,5,7,0,0,0,0,1,0.325,-0.13999999999999999,remove_supply_chain_context
R03495,U0662,U0979,2024-04-27T00:00:02,5,5,0,0,0,0,1,0.9,0.32000000000000006,remove_supply_chain_context
R03496,U0383,U1147,2024-04-27T00:00:03,7,5,0,0,0,0,1,0.9,0.32000000000000006,remove_supply_chain_context
R03497,U0181,U1063,2024-04-27T00:00:04,6,6,0,0,1,0,0,0.9,0.32000000000000006,remove_supply_chain_context
R03498,U1222,U1268,2024-04-28T00:00:01,6,5,0,0,0,0,1,0.375,-0.1,remove_supply_chain_context
R03499,U0045,U0577,2024-04-28T00:00:02,6,5,0,0,0,0,3,0.375,-0.1,remove_supply_chain_context
R03500,U0508,U1146,2024-04-28T00:00:03,5,6,0,0,0,1,5,0.8,0.24,remove_supply_chain_context
R03501,U0871,U1168,2024-05-02T00:00:00,5,7,0,0,1,0,4,0.9,0.32000000000000006,remove_supply_chain_context
R03502,U0915,U1352,2024-05-02T00:00:01,5,5,0,0,0,1,2,0.375,-0.1,remove_supply_chain_context
R03503,U0913,U1034,2024-05-02T00:00:02,5,6,0,0,0,0,3,0.8,0.24,remove_supply_chain_context
R03504,U0543,U1136,2024-05-02T00:00:03,5,5,0,0,0,0,2,0.325,-0.13999999999999999,remove_supply_chain_context
R03505,U0702,U0888,2024-05-02T00:00:04,6,6,0,0,0,1,1,0.8,0.24,remove_supply_chain_context
R03506,U0077,U0117,2024-05-02T00:00:05,5,6,0,0,0,0,6,0.9,0.32000000000000006,remove_supply_chain_context
R03507,U0069,U1396,2024-05-02T00:00:06,5,5,0,0,0,0,2,0.8,0.24,remove_supply_chain_context
R03508,U0302,U0556,2024-05-02T00:00:07,6,7,0,0,0,0,4,0.9,0.32000000000000006,remove_supply_chain_context
R03509,U0701,U1387,2024-05-02T00:00:08,5,6,2,0,0,0,0,0.9,0.32000000000000006,remove_supply_chain_context
R03510,U0137,U1383,2024-05-03T00:00:01,5,6,0,0,0,0,3,0.375,-0.1,remove_supply_chain_context
R03511,U0114,U0842,2024-05-03T00:00:02,5,7,0,0,0,0,0,0.9,0.32000000000000006,remove_supply_chain_context
R03512,U0166,U0839,2024-05-03T00:00:03,10,6,0,0,0,0,4,0.44,-0.048,remove_supply_chain_context
R03513,U0695,U1383,2024-05-03T00:00:04,7,7,2,0,0,1,2,0.9,0.32000000000000006,remove_supply_chain_context
R03514,U0610,U0774,2024-05-03T00:00:05,5,6,0,0,0,0,3,0.44,-0.048,remove_supply_chain_context
R03515,U0127,U0756,2024-05-03T00:00:06,5,7,0,0,0,0,3,0.375,-0.1,remove_supply_chain_context
R03516,U0067,U0460,2024-05-03T00:00:07,7,8,0,0,0,0,0,0.9,0.32000000000000006,remove_supply_chain_context
R03517,U0666,U1026,2024-05-03T00:00:08,6,7,0,0,0,0,5,0.9,0.32000000000000006,remove_supply_chain_context
R03518,U0092,U1185,2024-05-04T00:00:01,6,5,0,0,0,0,3,0.9,0.32000000000000006,remove_supply_chain_context
R03519,U0523,U1321,2024-05-04T00:00:02,5,6,0,0,0,1,0,0.9,0.32000000000000006,remove_supply_chain_context
R03520,U0049,U0216,2024-05-04T00:00:03,6,5,0,0,0,0,4,0.9,0.32000000000000006,remove_supply_chain_context
R03521,U0270,U0360,2024-05-04T00:00:04,7,6,0,0,0,1,4,0.9,0.32000000000000006,remove_supply_chain_context
R03522,U0790,U1098,2024-05-04T00:00:05,5,5,0,0,0,0,0,0.8,0.24,remove_supply_chain_context
R03523,U1017,U1168,2024-05-04T00:00:06,6,8,0,0,0,0,6,0.9,0.32000000000000006,remove_supply_chain_context
R03524,U0692,U1329,2024-05-04T00:00:07,8,5,0,0,0,0,1,0.9,0.32000000000000006,remove_supply_chain_context
R03525,U0773,U1050,2024-05-04T00:00:08,5,6,0,0,0,1,3,0.8,0.24,remove_supply_chain_context
R03526,U0191,U0799,2024-05-05T00:00:01,8,6,1,0,0,1,3,0.9,0.32000000000000006,remove_supply_chain_context
R03527,U0017,U1403,2024-05-05T00:00:02,6,6,0,0,0,0,5,0.9,0.32000000000000006,remove_supply_chain_context
R03528,U0841,U1123,2024-05-05T00:00:03,6,7,0,0,0,0,1,0.9,0.32000000000000006,remove_supply_chain_context
R03529,U0642,U1206,2024-05-05T00:00:04,5,5,0,0,0,0,3,0.44,-0.048,remove_supply_chain_context
R03530,U0069,U0506,2024-05-05T00:00:05,6,5,0,0,0,0,1,0.375,-0.1,remove_supply_chain_context
R03531,U0543,U0703,2024-05-05T00:00:06,6,5,0,0,0,0,1,0.9,0.32000000000000006,remove_supply_chain_context
R03532,U0198,U0556,2024-05-05T00:00:07,6,8,0,0,0,1,0,0.375,-0.1,remove_supply_chain_context
R03533,U0611,U0796,2024-05-05T00:00:08,8,6,0,0,0,0,4,0.9,0.32000000000000006,remove_supply_chain_context
R03534,U0987,U1331,2024-05-06T00:00:01,6,5,0,0,0,0,1,0.44,-0.048,remove_supply_chain_context
R03535,U0714,U1053,2024-05-06T00:00:02,7,7,0,0,0,0,3,0.9,0.32000000000000006,remove_supply_chain_context
R03536,U1205,U1304,2024-05-06T00:00:03,6,7,0,0,0,0,2,0.44,-0.048,remove_supply_chain_context
R03537,U0074,U0763,2024-05-06T00:00:04,7,6,1,0,0,0,1,0.375,-0.1,remove_supply_chain_context
R03538,U0267,U0990,2024-05-06T00:00:05,5,6,0,0,0,0,3,0.44,-0.048,remove_supply_chain_context
R03539,U0606,U0939,2024-05-06T00:00:06,6,6,0,0,0,0,1,0.325,-0.13999999999999999,remove_supply_chain_context
R03540,U0021,U1011,2024-05-06T00:00:07,5,6,0,0,0,0,3,0.9,0.32000000000000006,remove_supply_chain_context
R03541,U0201,U1403,2024-05-06T00:00:08,7,7,0,0,0,1,3,0.9,0.32000000000000006,remove_supply_chain_context
R03542,U0551,U0731,2024-05-07T00:00:01,6,7,0,0,0,0,1,0.9,0.32000000000000006,remove_supply_chain_context
R03543,U0319,U0411,2024-05-07T00:00:02,5,5,0,0,0,0,1,0.8,0.24,remove_supply_chain_context
R03544,U0156,U0756,2024-05-07T00:00:03,5,8,0,0,0,1,1,0.375,-0.1,remove_supply_chain_context
R03545,U0944,U1347,2024-05-07T00:00:04,6,6,0,0,1,0,2,0.9,0.32000000000000006,remove_supply_chain_context
R03546,U0093,U1232,2024-05-07T00:00:05,6,6,0,0,0,0,1,0.9,0.32000000000000006,remove_supply_chain_context
R03547,U0181,U1205,2024-05-07T00:00:06,7,7,0,0,0,0,0,0.375,-0.1,remove_supply_chain_context
R03548,U0087,U0185,2024-05-07T00:00:07,6,6,0,0,0,0,3,0.9,0.32000000000000006,remove_supply_chain_context
R03549,U0670,U0981,2024-05-07T00:00:08,5,5,0,0,0,0,0,0.8,0.24,remove_supply_chain_context
R03550,U0507,U1282,2024-05-08T00:00:01,8,5,0,0,1,0,3,0.8,0.24,remove_supply_chain_context
R03551,U0629,U0882,2024-05-08T00:00:02,9,7,0,0,0,0,3,0.325,-0.13999999999999999,remove_supply_chain_context
R03552,U0945,U1136,2024-05-08T00:00:03,5,6,0,0,0,0,4,0.8,0.24,remove_supply_chain_context
R03553,U1325,U1340,2024-05-08T00:00:04,5,8,0,0,0,1,3,0.325,-0.13999999999999999,remove_supply_chain_context
R03554,U1141,U1247,2024-05-08T00:00:05,8,6,0,0,0,0,4,0.375,-0.1,remove_supply_chain_context
R03555,U0173,U0183,2024-05-08T00:00:06,5,8,0,0,0,0,0,0.8,0.24,remove_supply_chain_context
R03556,U0318,U1279,2024-05-08T00:00:07,6,7,0,0,0,0,5,0.8,0.24,remove_supply_chain_context
R03557,U0278,U0565,2024-05-08T00:00:08,5,5,0,0,0,0,1,0.8,0.24,remove_supply_chain_context
R03558,U0920,U1004,2024-05-09T00:00:01,5,6,0,0,0,0,0,0.44,-0.048,remove_supply_chain_context
R03559,U0462,U1253,2024-05-09T00:00:02,5,5,0,0,0,0,4,0.44,-0.048,remove_supply_chain_context
R03560,U0220,U0361,2024-05-09T00:00:03,5,6,0,0,1,0,4,0.9,0.32000000000000006,remove_supply_chain_context
R03561,U0539,U1243,2024-05-09T00:00:04,6,5,0,1,1,0,4,0.9,0.32000000000000006,remove_supply_chain_context
R03562,U0061,U1384,2024-05-09T00:00:05,6,6,0,0,0,0,4,0.9,0.32000000000000006,remove_supply_chain_context
R03563,U0074,U0269,2024-05-09T00:00:06,8,5,0,0,0,0,0,0.8,0.24,remove_supply_chain_context
R03564,U0543,U0556,2024-05-09T00:00:07,7,9,0,0,0,0,2,0.44,-0.048,remove_supply_chain_context
R03565,U1080,U1275,2024-05-09T00:00:08,6,5,0,0,0,0,4,0.375,-0.1,remove_supply_chain_context
R03566,U0736,U0972,2024-05-10T00:00:01,6,8,0,0,0,0,0,0.375,-0.1,remove_supply_chain_context
R03567,U0016,U0577,2024-05-10T00:00:02,6,6,0,0,1,0,2,0.44,-0.048,remove_supply_chain_context
R03568,U0851,U0994,2024-05-10T00:00:03,6,5,0,0,0,1,0,0.44,-0.048,remove_supply_chain_context
R03569,U0569,U0692,2024-05-10T00:00:04,6,9,0,0,0,1,1,0.8,0.24,remove_supply_chain_context
R03570,U0183,U0845,2024-05-10T00:00:05,9,6,0,0,0,0,4,0.375,-0.1,remove_supply_chain_context
R03571,U0460,U0875,2024-05-10T00:00:06,9,6,0,0,1,0,2,0.325,-0.13999999999999999,remove_supply_chain_context
R03572,U0235,U1085,2024-05-10T00:00:07,8,8,0,0,0,0,1,0.375,-0.1,remove_supply_chain_context
R03573,U0395,U0699,2024-05-10T00:00:08,6,5,0,0,0,1,1,0.44,-0.048,remove_supply_chain_context
R03574,U0181,U1187,2024-05-11T00:00:01,8,6,0,1,1,0,3,0.8,0.24,remove_supply_chain_context
R03575,U0104,U0257,2024-05-11T00:00:02,6,6,0,0,0,0,1,0.8,0.24,remove_supply_chain_context
R03576,U0075,U0202,2024-05-11T00:00:03,5,6,0,0,0,1,1,0.9,0.32000000000000006,remove_supply_chain_context
R03577,U0058,U0659,2024-05-11T00:00:04,5,7,0,0,0,0,6,0.9,0.32000000000000006,remove_supply_chain_context
R03578,U0320,U0397,2024-05-11T00:00:05,6,6,0,0,0,1,2,0.375,-0.1,remove_supply_chain_context
R03579,U0320,U1138,2024-05-11T00:00:06,7,5,0,0,1,0,3,0.44,-0.048,remove_supply_chain_context
R03580,U0047,U1174,2024-05-11T00:00:07,6,6,0,0,0,0,6,0.9,0.32000000000000006,remove_supply_chain_context
R03581,U0142,U1147,2024-05-11T00:00:08,7,6,0,0,0,0,5,0.8,0.24,remove_supply_chain_context
R03582,U0369,U1250,2024-05-12T00:00:01,8,7,0,0,0,0,2,0.8,0.24,remove_supply_chain_context
R03583,U1085,U1216,2024-05-12T00:00:02,9,7,0,0,0,0,3,0.44,-0.048,remove_supply_chain_context
R03584,U0482,U1401,2024-05-12T00:00:03,5,7,0,0,0,0,1,0.9,0.32000000000000006,remove_supply_chain_context
R03585,U0190,U0237,2024-05-12T00:00:04,5,5,0,0,0,0,0,0.375,-0.1,remove_supply_chain_context
R03586,U0032,U1100,2024-05-12T00:00:05,6,6,0,0,0,0,3,0.375,-0.1,remove_supply_chain_context
R03587,U0107,U0652,2024-05-12T00:00:06,5,8,0,0,0,0,0,0.375,-0.1,remove_supply_chain_context
R03588,U0535,U0610,2024-05-12T00:00:07,7,6,0,0,0,0,0,0.8,0.24,remove_supply_chain_context
R03589,U0117,U1071,2024-05-12T00:00:08,7,6,0,1,1,0,2,0.8,0.24,remove_supply_chain_context
R03590,U0098,U0419,2024-05-13T00:00:01,6,6,0,0,0,0,1,0.8,0.24,remove_supply_chain_context
R03591,U0465,U1044,2024-05-13T00:00:02,5,8,0,0,0,0,4,0.9,0.32000000000000006,remove_supply_chain_context
R03592,U0399,U1282,2024-05-13T00:00:03,5,6,0,0,0,0,5,0.8,0.24,remove_supply_chain_context
R03593,U0291,U0953,2024-05-13T00:00:04,9,5,0,0,0,0,1,0.9,0.32000000000000006,remove_supply_chain_context
R03594,U0480,U0986,2024-05-13T00:00:05,5,6,0,0,0,0,0,0.8,0.24,remove_supply_chain_context
R03595,U0187,U0624,2024-05-13T00:00:06,6,5,0,0,0,0,2,0.375,-0.1,remove_supply_chain_context
R03596,U0200,U1118,2024-05-13T00:00:07,7,6,0,0,0,1,0,0.9,0.32000000000000006,remove_supply_chain_context
R03597,U0093,U0367,2024-05-13T00:00:08,7,6,0,0,1,1,0,0.375,-0.1,remove_supply_chain_context
R03598,U1080,U1368,2024-05-14T00:00:01,7,6,0,0,0,0,4,0.375,-0.1,remove_supply_chain_context
R03599,U0238,U0728,2024-05-14T00:00:02,6,6,0,0,0,0,3,0.9,0.32000000000000006,remove_supply_chain_context
R03600,U0291,U0662,2024-05-14T00:00:03,10,6,0,0,0,0,3,0.9,0.32000000000000006,remove_supply_chain_context
R03601,U1104,U1258,2024-05-14T00:00:04,6,5,0,0,0,1,0,0.375,-0.1,remove_supply_chain_context
R03602,U0611,U0725,2024-05-14T00:00:05,9,7,0,0,0,0,5,0.9,0.32000000000000006,remove_supply_chain_context
R03603,U0008,U1397,2024-05-14T00:00:06,6,5,0,0,1,0,6,0.8,0.24,remove_supply_chain_context
R03604,U0695,U1175,2024-05-14T00:00:07,8,6,0,0,0,0,3,0.9,0.32000000000000006,remove_supply_chain_context
R03605,U0223,U0943,2024-05-14T00:00:08,6,5,0,0,0,0,2,0.8,0.24,remove_supply_chain_context
R03606,U0357,U0906,2024-05-15T00:00:01,6,5,0,0,0,0,3,0.9,0.32000000000000006,remove_supply_chain_context
R03607,U1014,U1399,2024-05-15T00:00:02,6,5,0,0,0,0,2,0.375,-0.1,remove_supply_chain_context
R03608,U0270,U1038,2024-05-15T00:00:03,8,5,0,0,0,1,3,0.375,-0.1,remove_supply_chain_context
R03609,U1301,U1337,2024-05-15T00:00:04,6,6,0,0,0,0,4,0.9,0.32000000000000006,remove_supply_chain_context
R03610,U0318,U0794,2024-05-15T00:00:05,7,7,0,0,0,0,5,0.9,0.32000000000000006,remove_supply_chain_context
R03611,U0240,U1218,2024-05-15T00:00:06,6,6,0,0,0,0,3,0.375,-0.1,remove_supply_chain_context
R03612,U0444,U1137,2024-05-15T00:00:07,6,6,0,0,0,0,2,0.44,-0.048,remove_supply_chain_context
R03613,U0367,U0891,2024-05-15T00:00:08,7,5,0,0,0,0,2,0.9,0.32000000000000006,remove_supply_chain_context
R03614,U0002,U0667,2024-05-16T00:00:01,6,7,0,0,0,0,1,0.375,-0.1,remove_supply_chain_context
R03615,U0154,U0442,2024-05-16T00:00:02,5,6,0,0,0,1,5,0.8,0.24,remove_supply_chain_context
R03616,U0699,U0806,2024-05-16T00:00:03,6,6,0,0,0,0,3,0.9,0.32000000000000006,remove_supply_chain_context
R03617,U0650,U1054,2024-05-16T00:00:04,6,5,0,0,0,0,3,0.9,0.32000000000000006,remove_supply_chain_context
R03618,U0241,U1367,2024-05-16T00:00:05,8,7,0,0,0,1,4,0.375,-0.1,remove_supply_chain_context
R03619,U0249,U1134,2024-05-16T00:00:06,5,8,0,0,0,0,1,0.9,0.32000000000000006,remove_supply_chain_context
R03620,U0760,U1026,2024-05-16T00:00:07,7,8,0,0,0,0,4,0.9,0.32000000000000006,remove_supply_chain_context
R03621,U0347,U0962,2024-05-16T00:00:08,6,6,0,0,0,0,2,0.44,-0.048,remove_supply_chain_context
R03622,U0587,U1059,2024-05-17T00:00:01,6,7,0,0,0,0,0,0.44,-0.048,remove_supply_chain_context
R03623,U0424,U0726,2024-05-17T00:00:02,6,6,0,0,0,0,5,0.375,-0.1,remove_supply_chain_context
R03624,U0822,U1202,2024-05-17T00:00:03,8,6,0,0,0,0,3,0.8,0.24,remove_supply_chain_context
R03625,U1047,U1167,2024-05-17T00:00:04,5,7,0,0,0,0,2,0.375,-0.1,remove_supply_chain_context
R03626,U0159,U0187,2024-05-17T00:00:05,9,7,0,0,0,1,1,0.9,0.32000000000000006,remove_supply_chain_context
R03627,U0284,U0536,2024-05-17T00:00:06,5,5,0,0,1,0,2,0.44,-0.048,remove_supply_chain_context
R03628,U0476,U1401,2024-05-17T00:00:07,6,8,0,0,1,0,2,0.9,0.32000000000000006,remove_supply_chain_context
R03629,U0420,U0428,2024-05-17T00:00:08,6,5,0,0,0,0,3,0.9,0.32000000000000006,remove_supply_chain_context
R03630,U1070,U1240,2024-05-18T00:00:01,6,7,0,0,0,0,0,0.8,0.24,remove_supply_chain_context
R03631,U0915,U1073,2024-05-18T00:00:02,6,5,0,0,0,0,3,0.9,0.32000000000000006,remove_supply_chain_context
R03632,U0186,U0747,2024-05-18T00:00:03,6,5,0,0,1,0,4,0.8,0.24,remove_supply_chain_context
R03633,U0513,U0849,2024-05-18T00:00:04,6,6,0,0,0,1,2,0.9,0.32000000000000006,remove_supply_chain_context
R03634,U0633,U1188,2024-05-18T00:00:05,5,5,0,0,0,0,1,0.8,0.24,remove_supply_chain_context
R03635,U0772,U1140,2024-05-18T00:00:06,5,5,0,0,0,0,3,0.375,-0.1,remove_supply_chain_context
R03636,U0274,U0291,2024-05-18T00:00:07,5,11,0,0,0,1,0,0.375,-0.1,remove_supply_chain_context
R03637,U1229,U1328,2024-05-18T00:00:08,5,6,0,0,0,0,4,0.9,0.32000000000000006,remove_supply_chain_context
R03638,U0717,U0897,2024-05-19T00:00:01,7,5,0,0,0,0,4,0.9,0.32000000000000006,remove_supply_chain_context
R03639,U0006,U0146,2024-05-19T00:00:02,5,5,0,0,0,0,2,0.9,0.32000000000000006,remove_supply_chain_context
R03640,U0340,U0864,2024-05-19T00:00:03,7,6,0,0,0,0,3,0.9,0.32000000000000006,remove_supply_chain_context
R03641,U0810,U1257,2024-05-19T00:00:04,8,7,0,0,1,0,3,0.9,0.32000000000000006,remove_supply_chain_context
R03642,U0768,U0947,2024-05-19T00:00:05,6,6,0,0,0,0,2,0.9,0.32000000000000006,remove_supply_chain_context
R03643,U0251,U1211,2024-05-19T00:00:06,5,6,0,0,1,0,2,0.9,0.32000000000000006,remove_supply_chain_context
R03644,U0904,U1352,2024-05-19T00:00:07,8,6,0,0,1,0,0,0.375,-0.1,remove_supply_chain_context
R03645,U0288,U1160,2024-05-19T00:00:08,6,7,0,0,0,0,1,0.8,0.24,remove_supply_chain_context
R03646,U1183,U1390,2024-05-20T00:00:01,5,6,0,0,0,0,1,0.375,-0.1,remove_supply_chain_context
R03647,U0444,U0591,2024-05-20T00:00:02,7,5,0,0,0,0,4,0.8,0.24,remove_supply_chain_context
R03648,U0632,U0846,2024-05-20T00:00:03,6,5,0,0,0,0,6,0.9,0.32000000000000006,remove_supply_chain_context
R03649,U0938,U1022,2024-05-20T00:00:04,6,8,0,0,0,0,2,0.9,0.32000000000000006,remove_supply_chain_context
R03650,U0075,U1196,2024-05-20T00:00:05,6,5,0,0,0,1,1,0.375,-0.1,remove_supply_chain_context
R03651,U0025,U0666,2024-05-20T00:00:06,6,7,0,0,1,0,1,0.8,0.24,remove_supply_chain_context
R03652,U0320,U0596,2024-05-20T00:00:07,8,7,0,0,0,0,3,0.9,0.32000000000000006,remove_supply_chain_context
R03653,U0534,U0851,2024-05-20T00:00:08,7,7,0,0,0,0,1,0.325,-0.13999999999999999,remove_supply_chain_context
R03654,U0406,U1257,2024-05-21T00:00:01,5,8,0,0,0,0,3,0.9,0.32000000000000006,remove_supply_chain_context
R03655,U0207,U0546,2024-05-21T00:00:02,6,6,0,0,0,0,4,0.375,-0.1,remove_supply_chain_context
R03656,U0882,U1284,2024-05-21T00:00:03,8,6,0,0,0,0,5,0.9,0.32000000000000006,remove_supply_chain_context
R03657,U0468,U1124,2024-05-21T00:00:04,6,5,0,0,0,0,2,0.8,0.24,remove_supply_chain_context
R03658,U0484,U0490,2024-05-21T00:00:05,7,6,1,0,0,0,0,0.9,0.32000000000000006,remove_supply_chain_context
R03659,U0106,U0870,2024-05-21T00:00:06,5,6,0,0,0,0,0,0.9,0.32000000000000006,remove_supply_chain_context
R03660,U0562,U0656,2024-05-21T00:00:07,5,6,0,0,0,0,2,0.9,0.32000000000000006,remove_supply_chain_context
R03661,U0072,U0875,2024-05-21T00:00:08,5,7,0,0,0,0,3,0.9,0.32000000000000006,remove_supply_chain_context
R03662,U0065,U0390,2024-05-22T00:00:01,6,7,0,0,0,0,2,0.8,0.24,remove_supply_chain_context
R03663,U0517,U0804,2024-05-22T00:00:02,8,5,0,0,0,0,0,0.325,-0.13999999999999999,remove_supply_chain_context
R03664,U0471,U1357,2024-05-22T00:00:03,5,6,0,0,0,0,1,0.44,-0.048,remove_supply_chain_context
R03665,U0471,U1373,2024-05-22T00:00:04,6,7,0,0,0,0,1,0.44,-0.048,remove_supply_chain_context
R03666,U0104,U1384,2024-05-22T00:00:05,7,7,0,0,0,0,5,0.8,0.24,remove_supply_chain_context
R03667,U0482,U1363,2024-05-22T00:00:06,6,5,0,0,0,0,0,0.9,0.32000000000000006,remove_supply_chain_context
R03668,U0410,U0894,2024-05-22T00:00:07,5,6,0,0,0,0,1,0.8,0.24,remove_supply_chain_context
R03669,U0300,U0746,2024-05-22T00:00:08,6,5,0,0,0,0,1,0.8,0.24,remove_supply_chain_context
R03670,U1130,U1383,2024-05-23T00:00:01,5,8,0,0,0,1,2,0.8,0.24,remove_supply_chain_context
R03671,U0880,U0897,2024-05-23T00:00:02,6,6,0,0,0,0,1,0.8,0.24,remove_supply_chain_context
R03672,U0175,U0476,2024-05-23T00:00:03,5,7,0,0,0,0,4,0.9,0.32000000000000006,remove_supply_chain_context
R03673,U0092,U0343,2024-05-23T00:00:04,7,5,0,0,0,0,2,0.9,0.32000000000000006,remove_supply_chain_context
R03674,U0334,U0797,2024-05-23T00:00:05,6,5,0,0,0,0,4,0.9,0.32000000000000006,remove_supply_chain_context
R03675,U0242,U0479,2024-05-23T00:00:06,5,5,0,0,0,0,1,0.9,0.32000000000000006,remove_supply_chain_context
R03676,U0651,U1090,2024-05-23T00:00:07,6,7,0,0,0,0,1,0.9,0.32000000000000006,remove_supply_chain_context
R03677,U0035,U0405,2024-05-23T00:00:08,5,5,0,0,0,0,0,0.44,-0.048,remove_supply_chain_context
R03678,U0582,U0906,2024-05-24T00:00:01,5,6,0,0,0,0,1,0.8,0.24,remove_supply_chain_context
R03679,U0119,U0388,2024-05-24T00:00:02,6,5,0,0,0,0,0,0.44,-0.048,remove_supply_chain_context
R03680,U0125,U1350,2024-05-24T00:00:03,7,6,0,0,0,0,6,0.8,0.24,remove_supply_chain_context
R03681,U1198,U1373,2024-05-24T00:00:04,6,8,0,0,0,0,4,0.8,0.24,remove_supply_chain_context
R03682,U0412,U1124,2024-05-24T00:00:05,6,6,2,0,0,0,0,0.8,0.24,remove_supply_chain_context
R03683,U0708,U1147,2024-05-24T00:00:06,5,7,0,0,1,0,1,0.375,-0.1,remove_supply_chain_context
R03684,U0092,U0350,2024-05-24T00:00:07,8,6,0,0,0,0,4,0.9,0.32000000000000006,remove_supply_chain_context
R03685,U0099,U0977,2024-05-24T00:00:08,6,6,0,0,0,0,5,0.9,0.32000000000000006,remove_supply_chain_context
R03686,U0477,U0865,2024-05-25T00:00:01,6,5,0,0,0,0,2,0.9,0.32000000000000006,remove_supply_chain_context
R03687,U0573,U1175,2024-05-25T00:00:02,6,7,0,0,0,0,1,0.9,0.32000000000000006,remove_supply_chain_context
R03688,U0080,U0253,2024-05-25T00:00:03,9,6,0,0,1,0,2,0.375,-0.1,remove_supply_chain_context
R03689,U0104,U0384,2024-05-25T00:00:04,8,5,0,0,0,0,0,0.8,0.24,remove_supply_chain_context
R03690,U0229,U0689,2024-05-25T00:00:05,7,6,0,0,0,1,3,0.325,-0.13999999999999999,remove_supply_chain_context
R03691,U0415,U0679,2024-05-25T00:00:06,6,6,0,0,0,1,5,0.9,0.32000000000000006,remove_supply_chain_context
R03692,U0972,U1210,2024-05-25T00:00:07,9,5,0,0,0,0,0,0.325,-0.13999999999999999,remove_supply_chain_context
R03693,U0287,U0479,2024-05-25T00:00:08,6,6,0,0,0,0,1,0.44,-0.048,remove_supply_chain_context
R03694,U0649,U1358,2024-05-26T00:00:01,5,7,0,0,0,0,2,0.8,0.24,remove_supply_chain_context
R03695,U0053,U0865,2024-05-26T00:00:02,6,6,0,0,0,0,1,0.325,-0.13999999999999999,remove_supply_chain_context
R03696,U0611,U1061,2024-05-26T00:00:03,10,6,0,0,0,0,5,0.9,0.32000000000000006,remove_supply_chain_context
R03697,U0526,U0972,2024-05-26T00:00:04,5,10,0,0,1,0,2,0.375,-0.1,remove_supply_chain_context
R03698,U0042,U0418,2024-05-26T00:00:05,5,5,0,0,0,0,4,0.8,0.24,remove_supply_chain_context
R03699,U0183,U1163,2024-05-26T00:00:06,10,6,0,0,0,0,5,0.375,-0.1,remove_supply_chain_context
R03700,U0134,U0674,2024-05-26T00:00:07,5,5,0,0,0,0,3,0.375,-0.1,remove_supply_chain_context
R03701,U0192,U1138,2024-05-26T00:00:08,6,6,0,0,0,0,1,0.8,0.24,remove_supply_chain_context
R03702,U1244,U1399,2024-05-27T00:00:01,5,6,0,0,0,0,2,0.8,0.24,remove_supply_chain_context
R03703,U0605,U0855,2024-05-27T00:00:02,6,6,0,0,0,0,1,0.325,-0.13999999999999999,remove_supply_chain_context
R03704,U1084,U1376,2024-05-27T00:00:03,8,5,0,0,0,0,2,0.9,0.32000000000000006,remove_supply_chain_context
R03705,U0125,U1162,2024-05-27T00:00:04,8,5,0,0,0,0,2,0.9,0.32000000000000006,remove_supply_chain_context
R03706,U1106,U1128,2024-05-27T00:00:05,6,8,0,0,0,0,0,0.375,-0.1,remove_supply_chain_context
R03707,U0685,U1074,2024-05-27T00:00:06,6,8,0,0,1,0,0,0.375,-0.1,remove_supply_chain_context
R03708,U0390,U0876,2024-05-27T00:00:07,8,6,0,0,0,0,2,0.9,0.32000000000000006,remove_supply_chain_context
R03709,U0152,U0759,2024-05-27T00:00:08,6,7,0,0,1,0,2,0.375,-0.1,remove_supply_chain_context
R03710,U0194,U0490,2024-05-28T00:00:01,7,7,0,0,0,0,1,0.8,0.24,remove_supply_chain_context
R03711,U0880,U1118,2024-05-28T00:00:02,7,7,0,0,0,0,4,0.9,0.32000000000000006,remove_supply_chain_context
R03712,U0320,U0753,2024-05-28T00:00:03,9,6,0,0,0,0,3,0.9,0.32000000000000006,remove_supply_chain_context
R03713,U0412,U1222,2024-05-28T00:00:04,7,7,0,0,1,0,2,0.8,0.24,remove_supply_chain_context
R03714,U0410,U0509,2024-05-28T00:00:05,6,5,0,0,0,0,1,0.375,-0.1,remove_supply_chain_context
R03715,U0086,U0291,2024-05-28T00:00:06,8,12,0,0,0,0,0,0.9,0.32000000000000006,remove_supply_chain_context
R03716,U0078,U0542,2024-05-28T00:00:07,6,6,0,0,0,0,4,0.375,-0.1,remove_supply_chain_context
R03717,U0695,U1059,2024-05-28T00:00:08,9,8,0,0,0,0,1,0.375,-0.1,remove_supply_chain_context
R03718,U0613,U0702,2024-06-01T00:00:00,5,7,0,0,0,0,5,0.375,-0.1,remove_supply_chain_context
R03719,U0719,U0985,2024-06-01T00:00:01,5,6,0,0,0,0,1,0.9,0.32000000000000006,remove_supply_chain_context
R03720,U0853,U1064,2024-06-01T00:00:02,6,5,0,0,0,0,3,0.9,0.32000000000000006,remove_supply_chain_context
R03721,U0207,U0696,2024-06-01T00:00:03,7,5,0,0,0,1,4,0.375,-0.1,remove_supply_chain_context
R03722,U0293,U1172,2024-06-01T00:00:04,8,5,0,0,0,0,2,0.9,0.32000000000000006,remove_supply_chain_context
R03723,U0202,U0761,2024-06-01T00:00:05,7,6,0,0,0,0,0,0.8,0.24,remove_supply_chain_context
R03724,U0067,U0279,2024-06-01T00:00:06,8,5,0,0,0,0,1,0.9,0.32000000000000006,remove_supply_chain_context
R03725,U1325,U1328,2024-06-01T00:00:07,6,7,2,0,0,0,4,0.375,-0.1,remove_supply_chain_context
R03726,U0483,U0606,2024-06-02T00:00:01,6,7,0,0,0,1,3,0.375,-0.1,remove_supply_chain_context
R03727,U0458,U1388,2024-06-02T00:00:02,6,5,0,0,0,0,4,0.8,0.24,remove_supply_chain_context
R03728,U0841,U1364,2024-06-02T00:00:03,7,6,0,0,0,0,0,0.9,0.32000000000000006,remove_supply_chain_context
R03729,U0331,U0776,2024-06-02T00:00:04,5,6,0,0,0,0,2,0.375,-0.1,remove_supply_chain_context
R03730,U0706,U0951,2024-06-02T00:00:05,5,5,0,0,0,0,1,0.8,0.24,remove_supply_chain_context
R03731,U1123,U1171,2024-06-02T00:00:06,8,5,0,0,0,0,4,0.9,0.32000000000000006,remove_supply_chain_context
R03732,U1211,U1278,2024-06-02T00:00:07,7,7,0,0,0,0,3,0.9,0.32000000000000006,remove_supply_chain_context
R03733,U0750,U1272,2024-06-02T00:00:08,6,5,0,0,0,0,3,0.9,0.32000000000000006,remove_supply_chain_context
R03734,U0295,U1195,2024-06-03T00:00:01,6,6,0,0,0,0,1,0.9,0.32000000000000006,remove_supply_chain_context
R03735,U0107,U0304,2024-06-03T00:00:02,6,5,0,0,0,1,4,0.375,-0.1,remove_supply_chain_context
R03736,U0295,U0474,2024-06-03T00:00:03,7,6,0,0,0,1,1,0.8,0.24,remove_supply_chain_context
R03737,U0674,U1364,2024-06-03T00:00:04,6,7,0,0,0,0,0,0.375,-0.1,remove_supply_chain_context
R03738,U1109,U1289,2024-06-03T00:00:05,5,6,0,0,0,0,0,0.9,0.32000000000000006,remove_supply_chain_context
R03739,U0906,U0915,2024-06-03T00:00:06,7,7,0,0,0,1,2,0.375,-0.1,remove_supply_chain_context
R03740,U0346,U0920,2024-06-03T00:00:07,6,6,0,0,0,0,4,0.9,0.32000000000000006,remove_supply_chain_context
R03741,U0495,U0932,2024-06-03T00:00:08,5,5,0,0,0,0,0,0.8,0.24,remove_supply_chain_context
R03742,U0457,U1079,2024-06-04T00:00:01,7,5,0,0,0,0,1,0.375,-0.1,remove_supply_chain_context
R03743,U0649,U0657,2024-06-04T00:00:02,6,5,0,0,0,0,4,0.325,-0.13999999999999999,remove_supply_chain_context
R03744,U0360,U1239,2024-06-04T00:00:03,7,6,0,0,0,0,1,0.375,-0.1,remove_supply_chain_context
R03745,U1080,U1295,2024-06-04T00:00:04,8,6,0,0,0,0,1,0.44,-0.048,remove_supply_chain_context
R03746,U0333,U0605,2024-06-04T00:00:05,6,7,1,0,0,0,2,0.9,0.32000000000000006,remove_supply_chain_context
R03747,U0971,U1279,2024-06-04T00:00:06,6,8,0,0,0,0,1,0.44,-0.048,remove_supply_chain_context
R03748,U0258,U1028,2024-06-04T00:00:07,5,5,0,0,0,1,1,0.375,-0.1,remove_supply_chain_context
R03749,U0354,U1358,2024-06-05T00:00:00,6,8,0,0,0,0,1,0.9,0.32000000000000006,remove_supply_chain_context
R03750,U0214,U0782,2024-06-05T00:00:01,6,6,0,0,0,0,3,0.44,-0.048,remove_supply_chain_context
R03751,U0193,U1099,2024-06-05T00:00:02,6,5,0,0,0,0,1,0.9,0.32000000000000006,remove_supply_chain_context
R03752,U0728,U1042,2024-06-05T00:00:03,7,8,0,0,0,0,1,0.375,-0.1,remove_supply_chain_context
R03753,U0543,U1036,2024-06-05T00:00:04,8,5,0,0,0,0,3,0.44,-0.048,remove_supply_chain_context
R03754,U0254,U0792,2024-06-05T00:00:05,7,6,0,0,0,0,1,0.9,0.32000000000000006,remove_supply_chain_context
R03755,U1101,U1243,2024-06-05T00:00:06,6,6,0,0,0,0,1,0.8,0.24,remove_supply_chain_context
R03756,U0515,U1086,2024-06-05T00:00:07,6,5,0,0,0,0,3,0.375,-0.1,remove_supply_chain_context
R03757,U0182,U0190,2024-06-06T00:00:01,8,6,0,0,0,1,1,0.9,0.32000000000000006,remove_supply_chain_context
R03758,U0363,U0942,2024-06-06T00:00:02,6,6,0,0,1,0,5,0.9,0.32000000000000006,remove_supply_chain_context
R03759,U0504,U1078,2024-06-06T00:00:03,5,6,0,0,0,0,2,0.375,-0.1,remove_supply_chain_context
R03760,U0122,U1269,2024-06-06T00:00:04,5,5,0,0,0,0,0,0.8,0.24,remove_supply_chain_context
R03761,U0387,U0664,2024-06-06T00:00:05,6,5,0,0,0,0,2,0.325,-0.13999999999999999,remove_supply_chain_context
R03762,U0166,U0673,2024-06-06T00:00:06,11,5,0,0,0,0,0,0.9,0.32000000000000006,remove_supply_chain_context
R03763,U0363,U0731,2024-06-06T00:00:07,7,8,0,0,0,0,1,0.9,0.32000000000000006,remove_supply_chain_context
R03764,U0504,U1117,2024-06-06T00:00:08,6,8,0,0,0,0,1,0.9,0.32000000000000006,remove_supply_chain_context
R03765,U0366,U1274,2024-06-07T00:00:01,5,5,0,0,0,0,0,0.9,0.32000000000000006,remove_supply_chain_context
R03766,U0711,U0759,2024-06-07T00:00:02,5,8,0,0,0,1,3,0.9,0.32000000000000006,remove_supply_chain_context
R03767,U0330,U0943,2024-06-07T00:00:03,5,6,0,0,0,0,3,0.9,0.32000000000000006,remove_supply_chain_context
R03768,U0641,U1389,2024-06-07T00:00:04,6,5,0,0,0,0,3,0.375,-0.1,remove_supply_chain_context
R03769,U0980,U1091,2024-06-07T00:00:05,5,7,0,0,0,0,1,0.9,0.32000000000000006,remove_supply_chain_context
R03770,U0653,U1150,2024-06-07T00:00:06,6,6,0,0,0,0,1,0.9,0.32000000000000006,remove_supply_chain_context
R03771,U0275,U1245,2024-06-07T00:00:07,6,5,0,0,0,0,5,0.8,0.24,remove_supply_chain_context
R03772,U1127,U1275,2024-06-07T00:00:08,7,6,0,0,0,0,0,0.8,0.24,remove_supply_chain_context
R03773,U0774,U1054,2024-06-08T00:00:01,7,6,0,0,0,0,1,0.9,0.32000000000000006,remove_supply_chain_context
R03774,U0690,U0825,2024-06-08T00:00:02,5,6,0,0,0,0,5,0.9,0.32000000000000006,remove_supply_chain_context
R03775,U0533,U1189,2024-06-08T00:00:03,6,5,0,0,0,0,4,0.375,-0.1,remove_supply_chain_context
R03776,U0552,U1396,2024-06-08T00:00:04,8,6,0,0,0,0,3,0.9,0.32000000000000006,remove_supply_chain_context
R03777,U0084,U0672,2024-06-08T00:00:05,5,5,0,0,0,0,4,0.8,0.24,remove_supply_chain_context
R03778,U0892,U1105,2024-06-08T00:00:06,7,5,0,0,0,0,5,0.8,0.24,remove_supply_chain_context
R03779,U0322,U0648,2024-06-08T00:00:07,5,6,0,0,0,1,0,0.325,-0.13999999999999999,remove_supply_chain_context
R03780,U0328,U0426,2024-06-09T00:00:00,5,7,0,0,0,1,3,0.9,0.32000000000000006,remove_supply_chain_context
R03781,U0181,U1180,2024-06-09T00:00:01,9,5,0,0,0,0,0,0.9,0.32000000000000006,remove_supply_chain_context
R03782,U0153,U0631,2024-06-09T00:00:02,5,5,0,0,0,0,5,0.9,0.32000000000000006,remove_supply_chain_context
R03783,U0430,U0888,2024-06-09T00:00:03,5,7,0,0,0,0,2,0.8,0.24,remove_supply_chain_context
R03784,U0532,U0624,2024-06-09T00:00:04,7,6,0,0,0,0,1,0.375,-0.1,remove_supply_chain_context
R03785,U0190,U0603,2024-06-09T00:00:05,7,5,0,0,0,0,1,0.8,0.24,remove_supply_chain_context
R03786,U0068,U1401,2024-06-09T00:00:06,5,9,0,0,0,0,2,0.9,0.32000000000000006,remove_supply_chain_context
R03787,U0333,U0459,2024-06-09T00:00:07,7,6,0,0,0,0,2,0.9,0.32000000000000006,remove_supply_chain_context
R03788,U0034,U0869,2024-06-10T00:00:01,7,7,0,0,0,0,2,0.325,-0.13999999999999999,remove_supply_chain_context
R03789,U0266,U0671,2024-06-10T00:00:02,6,6,0,0,0,0,1,0.9,0.32000000000000006,remove_supply_chain_context
R03790,U0839,U1184,2024-06-10T00:00:03,7,5,0,0,0,0,1,0.325,-0.13999999999999999,remove_supply_chain_context
R03791,U0476,U0673,2024-06-10T00:00:04,8,6,0,0,0,0,0,0.9,0.32000000000000006,remove_supply_chain_context
R03792,U0209,U0245,2024-06-10T00:00:05,6,6,0,0,0,0,4,0.8,0.24,remove_supply_chain_context
R03793,U0861,U1083,2024-06-10T00:00:06,6,5,0,0,1,0,4,0.9,0.32000000000000006,remove_supply_chain_context
R03794,U1107,U1219,2024-06-10T00:00:07,8,5,0,0,0,0,2,0.9,0.32000000000000006,remove_supply_chain_context
R03795,U0166,U1199,2024-06-10T00:00:08,12,11,0,0,0,1,0,0.8,0.24,remove_supply_chain_context
R03796,U0248,U0966,2024-06-11T00:00:01,7,5,0,0,0,1,0,0.8,0.24,remove_supply_chain_context
R03797,U0067,U0393,2024-06-11T00:00:02,9,6,0,0,0,0,5,0.9,0.32000000000000006,remove_supply_chain_context
R03798,U0695,U1384,2024-06-11T00:00:03,10,8,3,0,0,0,1,0.44,-0.048,remove_supply_chain_context
R03799,U0333,U0764,2024-06-11T00:00:04,8,7,0,0,0,0,0,0.325,-0.13999999999999999,remove_supply_chain_context
R03800,U0179,U0501,2024-06-11T00:00:05,7,5,0,0,0,0,0,0.9,0.32000000000000006,remove_supply_chain_context
R03801,U1172,U1217,2024-06-11T00:00:06,6,5,0,0,0,1,3,0.375,-0.1,remove_supply_chain_context
R03802,U0409,U0904,2024-06-11T00:00:07,5,9,0,0,0,0,2,0.44,-0.048,remove_supply_chain_context
R03803,U1383,U1402,2024-06-11T00:00:08,9,5,0,0,0,0,2,0.375,-0.1,remove_supply_chain_context
R03804,U0316,U1046,2024-06-12T00:00:01,5,5,0,0,0,0,1,0.9,0.32000000000000006,remove_supply_chain_context
R03805,U0173,U1192,2024-06-12T00:00:02,6,6,0,0,0,0,0,0.375,-0.1,remove_supply_chain_context
R03806,U0289,U1339,2024-06-12T00:00:03,5,5,0,0,0,0,1,0.9,0.32000000000000006,remove_supply_chain_context
R03807,U0193,U0247,2024-06-12T00:00:04,7,5,0,1,1,0,5,0.375,-0.1,remove_supply_chain_context
R03808,U0640,U1059,2024-06-12T00:00:05,8,9,0,0,0,1,4,0.8,0.24,remove_supply_chain_context
R03809,U0671,U1252,2024-06-12T00:00:06,7,5,0,0,0,0,1,0.375,-0.1,remove_supply_chain_context
R03810,U0631,U1014,2024-06-12T00:00:07,6,7,0,0,0,0,0,0.375,-0.1,remove_supply_chain_context
R03811,U0283,U0939,2024-06-13T00:00:00,5,7,0,0,1,1,2,0.8,0.24,remove_supply_chain_context
R03812,U0846,U1353,2024-06-13T00:00:01,6,6,0,0,0,0,6,0.9,0.32000000000000006,remove_supply_chain_context
R03813,U0414,U0498,2024-06-13T00:00:02,5,7,0,0,0,0,3,0.8,0.24,remove_supply_chain_context
R03814,U0388,U0987,2024-06-13T00:00:03,6,7,0,0,1,0,1,0.9,0.32000000000000006,remove_supply_chain_context
R03815,U0091,U0350,2024-06-13T00:00:04,6,7,1,0,1,0,1,0.9,0.32000000000000006,remove_supply_chain_context
R03816,U0797,U0880,2024-06-13T00:00:05,6,8,0,0,0,0,0,0.8,0.24,remove_supply_chain_context
R03817,U0085,U1350,2024-06-13T00:00:06,5,7,0,0,0,0,6,0.375,-0.1,remove_supply_chain_context
R03818,U0461,U0921,2024-06-13T00:00:07,7,6,0,0,0,0,0,0.375,-0.1,remove_supply_chain_context
R03819,U0114,U1227,2024-06-14T00:00:01,6,5,0,0,0,0,2,0.9,0.32000000000000006,remove_supply_chain_context
R03820,U0421,U0541,2024-06-14T00:00:02,5,7,0,0,0,0,0,0.8,0.24,remove_supply_chain_context
R03821,U0670,U1327,2024-06-14T00:00:03,6,8,0,0,0,0,5,0.9,0.32000000000000006,remove_supply_chain_context
R03822,U0649,U0719,2024-06-14T00:00:04,7,6,0,0,0,0,0,0.9,0.32000000000000006,remove_supply_chain_context
R03823,U0504,U0521,2024-06-14T00:00:05,7,9,0,0,0,0,1,0.8,0.24,remove_supply_chain_context
R03824,U0613,U0715,2024-06-14T00:00:06,6,6,0,0,0,0,0,0.9,0.32000000000000006,remove_supply_chain_context
R03825,U0035,U0477,2024-06-14T00:00:07,6,7,0,0,0,0,1,0.9,0.32000000000000006,remove_supply_chain_context
R03826,U0480,U0747,2024-06-14T00:00:08,6,6,0,0,0,1,4,0.325,-0.13999999999999999,remove_supply_chain_context
R03827,U0616,U0919,2024-06-15T00:00:01,6,8,0,0,0,0,4,0.9,0.32000000000000006,remove_supply_chain_context
R03828,U0360,U1172,2024-06-15T00:00:02,8,7,0,0,0,1,1,0.325,-0.13999999999999999,remove_supply_chain_context
R03829,U0780,U1356,2024-06-15T00:00:03,5,5,0,0,0,0,3,0.325,-0.13999999999999999,remove_supply_chain_context
R03830,U1206,U1397,2024-06-15T00:00:04,6,6,0,0,0,0,3,0.8,0.24,remove_supply_chain_context
R03831,U0569,U0852,2024-06-15T00:00:05,7,5,0,0,0,0,3,0.325,-0.13999999999999999,remove_supply_chain_context
R03832,U0656,U0710,2024-06-15T00:00:06,7,5,0,0,0,0,2,0.9,0.32000000000000006,remove_supply_chain_context
R03833,U0093,U0523,2024-06-15T00:00:07,8,6,0,0,0,0,4,0.9,0.32000000000000006,remove_supply_chain_context
R03834,U0666,U1229,2024-06-15T00:00:08,8,6,0,0,0,0,5,0.8,0.24,remove_supply_chain_context
R03835,U1162,U1302,2024-06-16T00:00:01,6,6,0,0,0,0,3,0.9,0.32000000000000006,remove_supply_chain_context
R03836,U0053,U1401,2024-06-16T00:00:02,7,10,0,0,0,0,2,0.9,0.32000000000000006,remove_supply_chain_context
R03837,U0371,U0443,2024-06-16T00:00:03,5,5,0,0,0,0,1,0.8,0.24,remove_supply_chain_context
R03838,U0113,U0980,2024-06-16T00:00:04,5,6,0,0,0,1,0,0.44,-0.048,remove_supply_chain_context
R03839,U0438,U1148,2024-06-16T00:00:05,5,6,2,0,0,0,3,0.9,0.32000000000000006,remove_supply_chain_context
R03840,U1260,U1398,2024-06-16T00:00:06,6,6,0,0,1,0,3,0.325,-0.13999999999999999,remove_supply_chain_context
R03841,U0672,U0975,2024-06-16T00:00:07,6,7,0,0,0,0,1,0.9,0.32000000000000006,remove_supply_chain_context
R03842,U0024,U0452,2024-06-17T00:00:00,6,6,0,0,0,0,3,0.375,-0.1,remove_supply_chain_context
R03843,U0742,U0951,2024-06-17T00:00:01,5,6,0,0,0,0,1,0.325,-0.13999999999999999,remove_supply_chain_context
R03844,U1254,U1282,2024-06-17T00:00:02,5,7,0,0,0,0,1,0.325,-0.13999999999999999,remove_supply_chain_context
R03845,U0556,U1281,2024-06-17T00:00:03,10,5,0,0,0,0,1,0.325,-0.13999999999999999,remove_supply_chain_context
R03846,U0637,U1401,2024-06-17T00:00:04,5,11,0,0,0,0,1,0.8,0.24,remove_supply_chain_context
R03847,U0148,U0367,2024-06-17T00:00:05,5,8,0,0,0,0,5,0.375,-0.1,remove_supply_chain_context
R03848,U0042,U0068,2024-06-17T00:00:06,6,6,0,1,1,0,6,0.9,0.32000000000000006,remove_supply_chain_context
R03849,U0787,U0970,2024-06-17T00:00:07,6,5,0,0,0,0,3,0.325,-0.13999999999999999,remove_supply_chain_context
R03850,U0239,U0954,2024-06-18T00:00:01,6,7,0,0,0,0,1,0.9,0.32000000000000006,remove_supply_chain_context
R03851,U0418,U0475,2024-06-18T00:00:02,6,5,0,0,1,0,1,0.375,-0.1,remove_supply_chain_context
R03852,U0134,U0270,2024-06-18T00:00:03,6,9,0,0,0,0,0,0.9,0.32000000000000006,remove_supply_chain_context
R03853,U0891,U1017,2024-06-18T00:00:04,6,7,0,0,0,1,3,0.44,-0.048,remove_supply_chain_context
R03854,U0406,U0824,2024-06-18T00:00:05,6,7,1,0,0,1,3,0.375,-0.1,remove_supply_chain_context
R03855,U0103,U1040,2024-06-18T00:00:06,6,5,0,0,0,0,0,0.9,0.32000000000000006,remove_supply_chain_context
R03856,U0304,U0335,2024-06-18T00:00:07,6,9,1,0,0,0,4,0.9,0.32000000000000006,remove_supply_chain_context
R03857,U0384,U1257,2024-06-18T00:00:08,6,9,0,0,0,1,2,0.325,-0.13999999999999999,remove_supply_chain_context
R03858,U0388,U1123,2024-06-19T00:00:01,7,9,0,0,1,0,0,0.375,-0.1,remove_supply_chain_context
R03859,U0980,U1197,2024-06-19T00:00:02,7,6,0,0,0,1,4,0.325,-0.13999999999999999,remove_supply_chain_context
R03860,U0205,U0746,2024-06-19T00:00:03,7,6,0,0,0,0,0,0.325,-0.13999999999999999,remove_supply_chain_context
R03861,U0715,U1383,2024-06-19T00:00:04,7,10,0,0,0,0,2,0.8,0.24,remove_supply_chain_context
R03862,U0152,U0413,2024-06-19T00:00:05,7,5,0,0,0,0,1,0.8,0.24,remove_supply_chain_context
R03863,U0364,U1182,2024-06-19T00:00:06,6,7,0,0,0,0,1,0.9,0.32000000000000006,remove_supply_chain_context
R03864,U0199,U1075,2024-06-19T00:00:07,5,7,0,0,0,0,0,0.9,0.32000000000000006,remove_supply_chain_context
R03865,U0800,U1166,2024-06-19T00:00:08,5,5,0,0,0,0,1,0.9,0.32000000000000006,remove_supply_chain_context
R03866,U0320,U0353,2024-06-20T00:00:01,10,5,0,0,0,1,2,0.375,-0.1,remove_supply_chain_context
R03867,U0265,U1156,2024-06-20T00:00:02,8,6,0,0,0,0,0,0.9,0.32000000000000006,remove_supply_chain_context
R03868,U0008,U1383,2024-06-20T00:00:03,7,11,0,0,0,0,3,0.9,0.32000000000000006,remove_supply_chain_context
R03869,U0459,U0506,2024-06-20T00:00:04,7,6,0,0,0,0,0,0.9,0.32000000000000006,remove_supply_chain_context
R03870,U1040,U1258,2024-06-20T00:00:05,6,6,0,0,0,1,3,0.44,-0.048,remove_supply_chain_context
R03871,U0460,U1217,2024-06-20T00:00:06,10,6,0,0,0,0,1,0.375,-0.1,remove_supply_chain_context
R03872,U0753,U0903,2024-06-20T00:00:07,7,9,0,0,0,1,5,0.375,-0.1,remove_supply_chain_context
R03873,U0141,U0542,2024-06-21T00:00:00,6,7,0,0,0,0,2,0.8,0.24,remove_supply_chain_context
R03874,U0504,U0753,2024-06-21T00:00:01,8,8,0,0,0,1,1,0.325,-0.13999999999999999,remove_supply_chain_context
R03875,U0376,U0483,2024-06-21T00:00:02,5,7,0,0,0,0,1,0.9,0.32000000000000006,remove_supply_chain_context
R03876,U0570,U0657,2024-06-21T00:00:03,7,6,0,0,0,0,1,0.8,0.24,remove_supply_chain_context
R03877,U0446,U1156,2024-06-21T00:00:04,6,7,0,0,0,1,1,0.325,-0.13999999999999999,remove_supply_chain_context
R03878,U0329,U0481,2024-06-21T00:00:05,5,6,0,0,0,0,1,0.8,0.24,remove_supply_chain_context
R03879,U0145,U0894,2024-06-21T00:00:06,5,7,0,0,0,0,1,0.8,0.24,remove_supply_chain_context
R03880,U0407,U1286,2024-06-21T00:00:07,8,6,0,0,0,0,4,0.375,-0.1,remove_supply_chain_context
R03881,U0338,U1299,2024-06-22T00:00:01,7,7,0,0,0,0,2,0.44,-0.048,remove_supply_chain_context
R03882,U0361,U0502,2024-06-22T00:00:02,7,7,0,0,0,0,6,0.375,-0.1,remove_supply_chain_context
R03883,U0515,U1076,2024-06-22T00:00:03,7,6,0,0,0,0,5,0.375,-0.1,remove_supply_chain_context
R03884,U0251,U1254,2024-06-22T00:00:04,6,6,0,0,0,1,2,0.9,0.32000000000000006,remove_supply_chain_context
R03885,U1143,U1149,2024-06-22T00:00:05,7,6,0,0,0,0,1,0.9,0.32000000000000006,remove_supply_chain_context
R03886,U0744,U1128,2024-06-22T00:00:06,5,9,0,0,0,1,1,0.375,-0.1,remove_supply_chain_context
R03887,U0356,U0865,2024-06-22T00:00:07,6,7,0,0,0,0,0,0.9,0.32000000000000006,remove_supply_chain_context
R03888,U0050,U0551,2024-06-22T00:00:08,5,7,0,0,0,0,5,0.9,0.32000000000000006,remove_supply_chain_context
R03889,U0283,U1007,2024-06-23T00:00:01,6,6,0,0,0,1,2,0.375,-0.1,remove_supply_chain_context
R03890,U0631,U1302,2024-06-23T00:00:02,7,7,0,0,0,0,1,0.8,0.24,remove_supply_chain_context
R03891,U0338,U0707,2024-06-23T00:00:03,8,11,0,0,0,1,3,0.9,0.32000000000000006,remove_supply_chain_context
R03892,U0240,U0410,2024-06-23T00:00:04,7,7,0,0,0,1,2,0.9,0.32000000000000006,remove_supply_chain_context
R03893,U0458,U1213,2024-06-23T00:00:05,7,5,0,0,0,0,2,0.9,0.32000000000000006,remove_supply_chain_context
R03894,U0253,U0393,2024-06-23T00:00:06,7,7,0,0,0,0,3,0.9,0.32000000000000006,remove_supply_chain_context
R03895,U0172,U1341,2024-06-23T00:00:07,6,9,0,0,0,0,0,0.375,-0.1,remove_supply_chain_context
R03896,U0155,U1064,2024-06-23T00:00:08,7,6,0,0,0,0,3,0.9,0.32000000000000006,remove_supply_chain_context
R03897,U0741,U1218,2024-06-24T00:00:01,5,7,0,0,0,0,1,0.8,0.24,remove_supply_chain_context
R03898,U0135,U0443,2024-06-24T00:00:02,5,6,0,0,0,0,4,0.8,0.24,remove_supply_chain_context
R03899,U0741,U1392,2024-06-24T00:00:03,6,6,0,0,0,0,0,0.325,-0.13999999999999999,remove_supply_chain_context
R03900,U1197,U1293,2024-06-24T00:00:04,7,5,0,0,0,0,1,0.375,-0.1,remove_supply_chain_context
R03901,U0726,U0822,2024-06-24T00:00:05,7,9,0,0,0,0,0,0.375,-0.1,remove_supply_chain_context
R03902,U0910,U1305,2024-06-24T00:00:06,6,6,0,0,0,0,2,0.9,0.32000000000000006,remove_supply_chain_context
R03903,U0957,U1240,2024-06-24T00:00:07,6,8,0,0,0,0,0,0.9,0.32000000000000006,remove_supply_chain_context
R03904,U0689,U1253,2024-06-25T00:00:00,7,6,0,0,0,0,1,0.9,0.32000000000000006,remove_supply_chain_context
R03905,U1101,U1163,2024-06-25T00:00:01,7,7,0,0,0,1,1,0.44,-0.048,remove_supply_chain_context
R03906,U0050,U1049,2024-06-25T00:00:02,6,6,0,0,1,0,0,0.9,0.32000000000000006,remove_supply_chain_context
R03907,U0302,U0459,2024-06-25T00:00:03,7,8,0,0,0,0,3,0.325,-0.13999999999999999,remove_supply_chain_context
R03908,U0309,U0782,2024-06-25T00:00:04,5,7,0,0,0,0,2,0.9,0.32000000000000006,remove_supply_chain_context
R03909,U0752,U0757,2024-06-25T00:00:05,7,5,1,0,0,0,3,0.8,0.24,remove_supply_chain_context
R03910,U0122,U1002,2024-06-25T00:00:06,6,7,0,0,0,0,4,0.9,0.32000000000000006,remove_supply_chain_context
R03911,U1086,U1401,2024-06-25T00:00:07,6,12,0,0,0,0,0,0.9,0.32000000000000006,remove_supply_chain_context
R03912,U1146,U1290,2024-06-26T00:00:01,7,5,0,0,0,0,5,0.9,0.32000000000000006,remove_supply_chain_context
R03913,U0146,U0264,2024-06-26T00:00:02,6,6,0,0,0,0,1,0.8,0.24,remove_supply_chain_context
R03914,U0945,U1332,2024-06-26T00:00:03,6,5,0,0,0,0,1,0.375,-0.1,remove_supply_chain_context
R03915,U0692,U1229,2024-06-26T00:00:04,10,7,0,0,0,0,1,0.44,-0.048,remove_supply_chain_context
R03916,U0157,U0856,2024-06-26T00:00:05,5,6,0,0,0,1,1,0.8,0.24,remove_supply_chain_context
R03917,U0944,U1373,2024-06-26T00:00:06,7,9,0,0,0,0,3,0.9,0.32000000000000006,remove_supply_chain_context
R03918,U0201,U0771,2024-06-26T00:00:07,8,6,0,0,1,0,3,0.8,0.24,remove_supply_chain_context
R03919,U0067,U1125,2024-06-26T00:00:08,10,7,0,0,0,1,1,0.9,0.32000000000000006,remove_supply_chain_context
R03920,U0036,U0681,2024-06-27T00:00:01,6,8,0,0,0,0,1,0.325,-0.13999999999999999,remove_supply_chain_context
R03921,U0525,U0736,2024-06-27T00:00:02,5,7,0,0,0,0,2,0.9,0.32000000000000006,remove_supply_chain_context
R03922,U0289,U1379,2024-06-27T00:00:03,6,5,0,0,0,0,2,0.9,0.32000000000000006,remove_supply_chain_context
R03923,U0887,U1372,2024-06-27T00:00:04,5,5,0,0,0,0,4,0.9,0.32000000000000006,remove_supply_chain_context
R03924,U0172,U1008,2024-06-27T00:00:05,7,6,0,0,0,0,1,0.9,0.32000000000000006,remove_supply_chain_context
R03925,U0360,U1170,2024-06-27T00:00:06,9,5,1,0,0,0,0,0.9,0.32000000000000006,remove_supply_chain_context
R03926,U0298,U1390,2024-06-27T00:00:07,6,7,0,0,0,1,4,0.9,0.32000000000000006,remove_supply_chain_context
R03927,U0639,U1348,2024-06-27T00:00:08,7,6,0,0,0,0,1,0.9,0.32000000000000006,remove_supply_chain_context
R03928,U1106,U1164,2024-06-28T00:00:01,7,7,0,0,0,0,1,0.9,0.32000000000000006,remove_supply_chain_context
R03929,U0095,U1071,2024-06-28T00:00:02,6,7,0,0,1,0,2,0.375,-0.1,remove_supply_chain_context
R03930,U0521,U1164,2024-06-28T00:00:03,10,8,0,0,0,0,2,0.9,0.32000000000000006,remove_supply_chain_context
R03931,U0747,U0993,2024-06-28T00:00:04,7,7,0,0,0,1,1,0.44,-0.048,remove_supply_chain_context
R03932,U0015,U0458,2024-06-28T00:00:05,5,8,0,0,0,0,6,0.9,0.32000000000000006,remove_supply_chain_context
R03933,U0744,U0972,2024-06-28T00:00:06,6,11,0,0,0,0,0,0.8,0.24,remove_supply_chain_context
R03934,U0313,U0553,2024-06-28T00:00:07,6,5,0,0,0,1,2,0.9,0.32000000000000006,remove_supply_chain_context
R03935,U0539,U0592,2024-07-01T00:00:00,7,5,0,0,0,0,1,0.9,0.32000000000000006,remove_supply_chain_context
R03936,U1304,U1383,2024-07-01T00:00:01,8,12,0,0,0,0,2,0.375,-0.1,remove_supply_chain_context
R03937,U0664,U0741,2024-07-01T00:00:02,6,7,0,0,0,0,2,0.375,-0.1,remove_supply_chain_context
R03938,U0317,U1129,2024-07-01T00:00:03,6,6,0,0,0,1,5,0.9,0.32000000000000006,remove_supply_chain_context
R03939,U0006,U0988,2024-07-01T00:00:04,6,5,0,0,0,0,0,0.375,-0.1,remove_supply_chain_context
R03940,U0195,U0727,2024-07-01T00:00:05,8,6,0,0,0,0,2,0.44,-0.048,remove_supply_chain_context
R03941,U0202,U1133,2024-07-01T00:00:06,8,5,0,0,0,0,3,0.8,0.24,remove_supply_chain_context
R03942,U0969,U1343,2024-07-01T00:00:07,5,6,0,0,0,1,2,0.375,-0.1,remove_supply_chain_context
R03943,U0683,U0822,2024-07-02T00:00:01,5,10,0,0,0,0,2,0.9,0.32000000000000006,remove_supply_chain_context
R03944,U0279,U0426,2024-07-02T00:00:02,6,8,0,0,0,0,0,0.375,-0.1,remove_supply_chain_context
R03945,U0579,U1323,2024-07-02T00:00:03,6,6,0,0,0,0,3,0.375,-0.1,remove_supply_chain_context
R03946,U0097,U0110,2024-07-02T00:00:04,6,6,0,0,0,1,0,0.44,-0.048,remove_supply_chain_context
R03947,U0294,U0525,2024-07-02T00:00:05,6,6,0,0,0,0,5,0.9,0.32000000000000006,remove_supply_chain_context
R03948,U0672,U0883,2024-07-02T00:00:06,7,5,0,0,0,0,4,0.8,0.24,remove_supply_chain_context
R03949,U0316,U0811,2024-07-02T00:00:07,6,6,0,0,0,0,3,0.9,0.32000000000000006,remove_supply_chain_context
R03950,U0686,U0949,2024-07-02T00:00:08,6,5,0,0,0,0,2,0.44,-0.048,remove_supply_chain_context
R03951,U1003,U1348,2024-07-03T00:00:01,5,7,0,0,1,0,3,0.9,0.32000000000000006,remove_supply_chain_context
R03952,U0182,U1295,2024-07-03T00:00:02,9,7,0,0,0,0,1,0.8,0.24,remove_supply_chain_context
R03953,U0191,U0932,2024-07-03T00:00:03,9,6,0,0,0,0,0,0.9,0.32000000000000006,remove_supply_chain_context
R03954,U0054,U0845,2024-07-03T00:00:04,6,7,0,0,0,1,0,0.325,-0.13999999999999999,remove_supply_chain_context
R03955,U1149,U1207,2024-07-03T00:00:05,7,7,0,0,0,0,1,0.44,-0.048,remove_supply_chain_context
R03956,U0802,U1124,2024-07-03T00:00:06,6,7,0,0,0,0,2,0.9,0.32000000000000006,remove_supply_chain_context
R03957,U0426,U0967,2024-07-03T00:00:07,9,6,0,0,0,0,1,0.9,0.32000000000000006,remove_supply_chain_context
R03958,U0154,U0725,2024-07-03T00:00:08,6,8,0,0,0,0,0,0.9,0.32000000000000006,remove_supply_chain_context
R03959,U0208,U0989,2024-07-04T00:00:01,5,8,0,1,1,0,2,0.9,0.32000000000000006,remove_supply_chain_context
R03960,U0524,U0589,2024-07-04T00:00:02,5,6,0,1,1,0,3,0.9,0.32000000000000006,remove_supply_chain_context
R03961,U0269,U0864,2024-07-04T00:00:03,6,7,0,0,0,0,3,0.375,-0.1,remove_supply_chain_context
R03962,U0811,U0853,2024-07-04T00:00:04,7,7,0,0,0,0,0,0.9,0.32000000000000006,remove_supply_chain_context
R03963,U0087,U1297,2024-07-04T00:00:05,7,7,0,0,1,0,3,0.9,0.32000000000000006,remove_supply_chain_context
R03964,U0363,U1288,2024-07-04T00:00:06,8,5,0,0,0,1,1,0.325,-0.13999999999999999,remove_supply_chain_context
R03965,U0181,U0260,2024-07-04T00:00:07,10,9,0,0,0,0,1,0.9,0.32000000000000006,remove_supply_chain_context
R03966,U0596,U1307,2024-07-05T00:00:00,8,8,0,0,0,0,1,0.9,0.32000000000000006,remove_supply_chain_context
R03967,U0526,U1197,2024-07-05T00:00:01,6,8,0,0,0,0,5,0.9,0.32000000000000006,remove_supply_chain_context
R03968,U0639,U1265,2024-07-05T00:00:02,8,5,0,0,0,0,3,0.8,0.24,remove_supply_chain_context
R03969,U0034,U0696,2024-07-05T00:00:03,8,6,0,0,0,0,1,0.375,-0.1,remove_supply_chain_context
R03970,U0058,U1255,2024-07-05T00:00:04,6,5,0,0,1,0,6,0.9,0.32000000000000006,remove_supply_chain_context
R03971,U0026,U1037,2024-07-05T00:00:05,6,7,0,0,0,0,0,0.9,0.32000000000000006,remove_supply_chain_context
R03972,U0284,U0670,2024-07-05T00:00:06,6,7,0,0,0,1,2,0.325,-0.13999999999999999,remove_supply_chain_context
R03973,U0832,U1367,2024-07-05T00:00:07,5,8,0,0,0,1,5,0.44,-0.048,remove_supply_chain_context
R03974,U0573,U1026,2024-07-06T00:00:01,7,9,0,0,0,0,2,0.9,0.32000000000000006,remove_supply_chain_context
R03975,U0924,U1139,2024-07-06T00:00:02,5,7,0,0,0,0,4,0.8,0.24,remove_supply_chain_context
R03976,U0014,U0316,2024-07-06T00:00:03,8,7,0,0,0,0,1,0.375,-0.1,remove_supply_chain_context
R03977,U0023,U1194,2024-07-06T00:00:04,5,5,0,0,0,0,3,0.9,0.32000000000000006,remove_supply_chain_context
R03978,U0518,U0753,2024-07-06T00:00:05,7,9,0,0,0,0,5,0.375,-0.1,remove_supply_chain_context
R03979,U0520,U0690,2024-07-06T00:00:06,5,6,0,0,0,0,0,0.375,-0.1,remove_supply_chain_context
R03980,U0691,U1256,2024-07-06T00:00:07,6,5,0,0,1,0,2,0.375,-0.1,remove_supply_chain_context
R03981,U0313,U0943,2024-07-06T00:00:08,7,7,0,0,0,0,0,0.9,0.32000000000000006,remove_supply_chain_context
R03982,U0502,U0693,2024-07-07T00:00:01,8,6,0,0,1,0,5,0.44,-0.048,remove_supply_chain_context
R03983,U0291,U0319,2024-07-07T00:00:02,13,6,0,0,0,0,0,0.325,-0.13999999999999999,remove_supply_chain_context
R03984,U0374,U0707,2024-07-07T00:00:03,6,12,0,0,0,0,0,0.9,0.32000000000000006,remove_supply_chain_context
R03985,U0536,U1196,2024-07-07T00:00:04,6,6,0,0,0,0,0,0.9,0.32000000000000006,remove_supply_chain_context
R03986,U0634,U1201,2024-07-07T00:00:05,7,5,0,0,0,0,0,0.44,-0.048,remove_supply_chain_context
R03987,U0843,U1090,2024-07-07T00:00:06,6,8,0,0,0,1,2,0.44,-0.048,remove_supply_chain_context
R03988,U0292,U0653,2024-07-07T00:00:07,7,7,0,0,0,0,3,0.375,-0.1,remove_supply_chain_context
R03989,U0853,U1114,2024-07-07T00:00:08,8,8,0,0,0,0,1,0.9,0.32000000000000006,remove_supply_chain_context
R03990,U0140,U0288,2024-07-08T00:00:01,5,7,0,0,0,0,5,0.9,0.32000000000000006,remove_supply_chain_context
R03991,U0284,U0893,2024-07-08T00:00:02,7,9,0,0,0,0,2,0.8,0.24,remove_supply_chain_context
R03992,U0750,U1323,2024-07-08T00:00:03,7,7,0,0,0,0,2,0.9,0.32000000000000006,remove_supply_chain_context
R03993,U0180,U0665,2024-07-08T00:00:04,7,6,0,0,0,0,3,0.9,0.32000000000000006,remove_supply_chain_context
R03994,U0837,U0952,2024-07-08T00:00:05,5,5,0,0,0,0,1,0.8,0.24,remove_supply_chain_context
R03995,U0633,U0901,2024-07-08T00:00:06,6,5,0,0,0,0,1,0.8,0.24,remove_supply_chain_context
R03996,U0342,U0571,2024-07-08T00:00:07,5,11,0,0,0,0,1,0.8,0.24,remove_supply_chain_context
R03997,U0270,U1346,2024-07-09T00:00:00,10,6,0,0,0,0,2,0.8,0.24,remove_supply_chain_context
R03998,U0465,U1262,2024-07-09T00:00:01,6,5,0,0,1,0,2,0.8,0.24,remove_supply_chain_context
R03999,U0736,U1080,2024-07-09T00:00:02,8,9,1,0,0,0,2,0.375,-0.1,remove_supply_chain_context
R04000,U0498,U1038,2024-07-09T00:00:03,8,6,0,0,0,0,2,0.9,0.32000000000000006,remove_supply_chain_context
R04001,U0790,U1076,2024-07-09T00:00:04,6,7,0,0,0,0,2,0.44,-0.048,remove_supply_chain_context
R04002,U0311,U1320,2024-07-09T00:00:05,6,5,0,0,0,0,5,0.44,-0.048,remove_supply_chain_context
R04003,U1002,U1353,2024-07-09T00:00:06,8,7,0,0,0,0,2,0.375,-0.1,remove_supply_chain_context
R04004,U0313,U1352,2024-07-09T00:00:07,8,7,0,0,0,0,2,0.9,0.32000000000000006,remove_supply_chain_context
R04005,U0105,U1035,2024-07-10T00:00:01,6,5,0,0,0,0,3,0.9,0.32000000000000006,remove_supply_chain_context
R04006,U0882,U0887,2024-07-10T00:00:02,9,6,2,0,0,1,3,0.375,-0.1,remove_supply_chain_context
R04007,U0745,U1371,2024-07-10T00:00:03,5,5,0,0,0,0,2,0.44,-0.048,remove_supply_chain_context
R04008,U0301,U0311,2024-07-10T00:00:04,6,7,0,0,0,0,3,0.9,0.32000000000000006,remove_supply_chain_context
R04009,U0703,U0762,2024-07-10T00:00:05,6,5,0,0,0,0,0,0.9,0.32000000000000006,remove_supply_chain_context
R04010,U0278,U1024,2024-07-10T00:00:06,6,5,0,0,0,0,0,0.9,0.32000000000000006,remove_supply_chain_context
R04011,U0751,U0812,2024-07-10T00:00:07,5,7,0,0,1,0,4,0.8,0.24,remove_supply_chain_context
R04012,U0610,U1321,2024-07-10T00:00:08,7,7,0,0,0,0,1,0.9,0.32000000000000006,remove_supply_chain_context
R04013,U0820,U0877,2024-07-11T00:00:01,5,6,0,0,0,0,5,0.9,0.32000000000000006,remove_supply_chain_context
R04014,U1120,U1317,2024-07-11T00:00:02,6,6,0,0,0,0,1,0.8,0.24,remove_supply_chain_context
R04015,U0289,U1375,2024-07-11T00:00:03,7,6,1,0,0,0,2,0.9,0.32000000000000006,remove_supply_chain_context
R04016,U0104,U0794,2024-07-11T00:00:04,9,8,0,0,0,0,0,0.9,0.32000000000000006,remove_supply_chain_context
R04017,U0203,U0227,2024-07-11T00:00:05,7,6,0,0,1,0,1,0.325,-0.13999999999999999,remove_supply_chain_context
R04018,U0327,U1095,2024-07-11T00:00:06,5,5,0,0,0,0,2,0.9,0.32000000000000006,remove_supply_chain_context
R04019,U0988,U1157,2024-07-11T00:00:07,6,5,0,0,0,0,5,0.9,0.32000000000000006,remove_supply_chain_context
R04020,U0146,U0434,2024-07-11T00:00:08,7,8,0,0,0,0,1,0.9,0.32000000000000006,remove_supply_chain_context
R04021,U0125,U1355,2024-07-12T00:00:01,9,5,0,0,0,1,4,0.375,-0.1,remove_supply_chain_context
R04022,U0366,U1352,2024-07-12T00:00:02,6,8,0,0,0,0,1,0.9,0.32000000000000006,remove_supply_chain_context
R04023,U0773,U1302,2024-07-12T00:00:03,6,8,0,0,0,0,3,0.8,0.24,remove_supply_chain_context
R04024,U0370,U1005,2024-07-12T00:00:04,6,5,0,0,0,0,1,0.375,-0.1,remove_supply_chain_context
R04025,U0622,U1292,2024-07-12T00:00:05,5,5,0,0,0,0,1,0.375,-0.1,remove_supply_chain_context
R04026,U1125,U1324,2024-07-12T00:00:06,8,7,0,0,0,0,1,0.9,0.32000000000000006,remove_supply_chain_context
R04027,U0746,U1280,2024-07-12T00:00:07,7,5,0,0,0,0,4,0.8,0.24,remove_supply_chain_context
R04028,U0135,U0717,2024-07-13T00:00:00,6,8,0,0,0,0,3,0.325,-0.13999999999999999,remove_supply_chain_context
R04029,U0969,U1115,2024-07-13T00:00:01,6,6,0,0,0,0,2,0.9,0.32000000000000006,remove_supply_chain_context
R04030,U0203,U1039,2024-07-13T00:00:02,8,6,0,0,0,0,0,0.8,0.24,remove_supply_chain_context
R04031,U0039,U0222,2024-07-13T00:00:03,6,5,0,0,0,1,0,0.325,-0.13999999999999999,remove_supply_chain_context
R04032,U0502,U0538,2024-07-13T00:00:04,9,6,0,0,0,0,3,0.325,-0.13999999999999999,remove_supply_chain_context
R04033,U0382,U0989,2024-07-13T00:00:05,6,9,0,0,0,0,2,0.9,0.32000000000000006,remove_supply_chain_context
R04034,U0953,U1039,2024-07-13T00:00:06,6,7,0,0,0,0,0,0.375,-0.1,remove_supply_chain_context
R04035,U0177,U0969,2024-07-13T00:00:07,7,7,0,0,0,0,5,0.8,0.24,remove_supply_chain_context
R04036,U0650,U1226,2024-07-14T00:00:01,7,5,0,0,0,0,1,0.9,0.32000000000000006,remove_supply_chain_context
R04037,U0202,U1372,2024-07-14T00:00:02,9,6,0,0,0,0,0,0.9,0.32000000000000006,remove_supply_chain_context
R04038,U1053,U1151,2024-07-14T00:00:03,8,5,0,0,0,0,3,0.375,-0.1,remove_supply_chain_context
R04039,U1236,U1266,2024-07-14T00:00:04,5,5,0,0,0,0,0,0.8,0.24,remove_supply_chain_context
R04040,U0397,U1074,2024-07-14T00:00:05,7,9,0,0,0,0,1,0.44,-0.048,remove_supply_chain_context
R04041,U0229,U0313,2024-07-14T00:00:06,8,9,0,0,0,0,3,0.9,0.32000000000000006,remove_supply_chain_context
R04042,U0118,U0751,2024-07-14T00:00:07,5,6,0,0,0,0,3,0.375,-0.1,remove_supply_chain_context
R04043,U0533,U0646,2024-07-14T00:00:08,7,5,0,0,1,0,1,0.9,0.32000000000000006,remove_supply_chain_context
R04044,U0778,U0790,2024-07-15T00:00:01,5,7,0,0,0,0,2,0.325,-0.13999999999999999,remove_supply_chain_context
R04045,U1002,U1221,2024-07-15T00:00:02,9,5,0,0,0,0,0,0.9,0.32000000000000006,remove_supply_chain_context
R04046,U0531,U0801,2024-07-15T00:00:03,5,5,0,0,0,0,3,0.9,0.32000000000000006,remove_supply_chain_context
R04047,U0957,U0969,2024-07-15T00:00:04,7,8,0,0,1,0,4,0.9,0.32000000000000006,remove_supply_chain_context
R04048,U0794,U1180,2024-07-15T00:00:05,9,6,0,0,0,0,2,0.375,-0.1,remove_supply_chain_context
R04049,U0622,U0973,2024-07-15T00:00:06,6,5,0,0,0,0,1,0.9,0.32000000000000006,remove_supply_chain_context
R04050,U0429,U1231,2024-07-15T00:00:07,5,5,0,0,0,0,0,0.325,-0.13999999999999999,remove_supply_chain_context
R04051,U0822,U1026,2024-07-15T00:00:08,11,10,0,0,0,0,0,0.44,-0.048,remove_supply_chain_context
R04052,U0215,U1067,2024-07-16T00:00:01,7,6,0,0,0,1,1,0.375,-0.1,remove_supply_chain_context
R04053,U0438,U1131,2024-07-16T00:00:02,6,5,0,0,0,0,2,0.9,0.32000000000000006,remove_supply_chain_context
R04054,U0180,U1193,2024-07-16T00:00:03,8,6,0,0,0,0,1,0.9,0.32000000000000006,remove_supply_chain_context
R04055,U0878,U1278,2024-07-16T00:00:04,7,8,0,0,0,0,1,0.9,0.32000000000000006,remove_supply_chain_context
R04056,U0040,U1095,2024-07-16T00:00:05,6,6,0,0,1,1,2,0.44,-0.048,remove_supply_chain_context
R04057,U0081,U0364,2024-07-16T00:00:06,5,7,0,0,0,0,1,0.44,-0.048,remove_supply_chain_context
R04058,U0021,U1189,2024-07-16T00:00:07,6,6,0,0,0,0,4,0.375,-0.1,remove_supply_chain_context
R04059,U0227,U1131,2024-07-17T00:00:00,7,6,0,0,0,0,0,0.9,0.32000000000000006,remove_supply_chain_context
R04060,U0326,U0965,2024-07-17T00:00:01,8,6,0,0,0,0,1,0.9,0.32000000000000006,remove_supply_chain_context
R04061,U1379,U1387,2024-07-17T00:00:02,6,7,0,0,0,1,1,0.9,0.32000000000000006,remove_supply_chain_context
R04062,U1106,U1180,2024-07-17T00:00:03,8,7,0,0,0,0,1,0.8,0.24,remove_supply_chain_context
R04063,U0780,U1094,2024-07-17T00:00:04,6,5,0,0,0,0,1,0.9,0.32000000000000006,remove_supply_chain_context
R04064,U0098,U0107,2024-07-17T00:00:05,7,7,0,1,1,0,1,0.375,-0.1,remove_supply_chain_context
R04065,U0181,U1029,2024-07-17T00:00:06,11,5,0,0,0,0,3,0.9,0.32000000000000006,remove_supply_chain_context
R04066,U0034,U0248,2024-07-17T00:00:07,9,8,0,0,0,1,3,0.9,0.32000000000000006,remove_supply_chain_context
R04067,U1195,U1346,2024-07-18T00:00:01,7,7,0,0,0,0,2,0.9,0.32000000000000006,remove_supply_chain_context
R04068,U0247,U1015,2024-07-18T00:00:02,6,6,0,1,1,0,4,0.9,0.32000000000000006,remove_supply_chain_context
R04069,U0640,U1249,2024-07-18T00:00:03,9,5,0,0,0,0,1,0.9,0.32000000000000006,remove_supply_chain_context
R04070,U0249,U1359,2024-07-18T00:00:04,6,6,0,0,1,0,4,0.8,0.24,remove_supply_chain_context
R04071,U0269,U0878,2024-07-18T00:00:05,7,8,0,0,1,0,1,0.9,0.32000000000000006,remove_supply_chain_context
R04072,U0049,U0746,2024-07-18T00:00:06,7,8,0,0,0,0,4,0.8,0.24,remove_supply_chain_context
R04073,U0229,U0480,2024-07-18T00:00:07,9,7,0,0,0,0,2,0.9,0.32000000000000006,remove_supply_chain_context
R04074,U0222,U0343,2024-07-18T00:00:08,6,6,0,0,0,0,4,0.9,0.32000000000000006,remove_supply_chain_context
R04075,U0699,U0824,2024-07-19T00:00:01,7,8,0,0,0,0,2,0.44,-0.048,remove_supply_chain_context
R04076,U0088,U0687,2024-07-19T00:00:02,6,8,0,0,0,0,1,0.375,-0.1,remove_supply_chain_context
R04077,U0409,U1038,2024-07-19T00:00:03,6,7,0,0,0,0,1,0.9,0.32000000000000006,remove_supply_chain_context
R04078,U0577,U0605,2024-07-19T00:00:04,7,8,0,0,0,0,2,0.9,0.32000000000000006,remove_supply_chain_context
R04079,U0426,U0906,2024-07-19T00:00:05,10,8,0,0,0,0,0,0.9,0.32000000000000006,remove_supply_chain_context
R04080,U0050,U0556,2024-07-19T00:00:06,7,11,0,0,0,0,3,0.8,0.24,remove_supply_chain_context
R04081,U0784,U0976,2024-07-19T00:00:07,6,6,0,0,0,1,0,0.9,0.32000000000000006,remove_supply_chain_context
R04082,U0487,U0659,2024-07-19T00:00:08,8,8,0,0,0,0,4,0.9,0.32000000000000006,remove_supply_chain_context
R04083,U0701,U1163,2024-07-20T00:00:01,6,8,0,0,0,0,3,0.8,0.24,remove_supply_chain_context
R04084,U0194,U1253,2024-07-20T00:00:02,8,7,0,0,0,0,3,0.8,0.24,remove_supply_chain_context
R04085,U0317,U0829,2024-07-20T00:00:03,7,7,0,0,0,0,0,0.9,0.32000000000000006,remove_supply_chain_context
R04086,U0132,U1275,2024-07-20T00:00:04,6,7,0,0,0,1,3,0.375,-0.1,remove_supply_chain_context
R04087,U0347,U1161,2024-07-20T00:00:05,7,6,0,0,0,0,3,0.9,0.32000000000000006,remove_supply_chain_context
R04088,U0329,U1223,2024-07-20T00:00:06,6,5,0,0,0,1,2,0.375,-0.1,remove_supply_chain_context
R04089,U0641,U0757,2024-07-20T00:00:07,7,6,0,0,0,0,1,0.375,-0.1,remove_supply_chain_context
R04090,U0027,U0164,2024-07-21T00:00:00,8,5,0,0,0,0,2,0.325,-0.13999999999999999,remove_supply_chain_context
R04091,U0482,U1169,2024-07-21T00:00:01,7,5,0,0,0,0,3,0.325,-0.13999999999999999,remove_supply_chain_context
R04092,U0908,U1258,2024-07-21T00:00:02,6,7,0,0,1,1,2,0.9,0.32000000000000006,remove_supply_chain_context
R04093,U0351,U0534,2024-07-21T00:00:03,5,8,0,0,0,0,6,0.9,0.32000000000000006,remove_supply_chain_context
R04094,U1185,U1239,2024-07-21T00:00:04,6,7,0,0,0,0,2,0.9,0.32000000000000006,remove_supply_chain_context
R04095,U1275,U1334,2024-07-21T00:00:05,8,6,0,0,0,0,2,0.8,0.24,remove_supply_chain_context
R04096,U0439,U1157,2024-07-21T00:00:06,5,6,0,0,0,0,1,0.325,-0.13999999999999999,remove_supply_chain_context
R04097,U0070,U0676,2024-07-21T00:00:07,6,6,0,0,0,0,2,0.8,0.24,remove_supply_chain_context
R04098,U1125,U1287,2024-07-22T00:00:01,9,6,0,0,0,0,0,0.9,0.32000000000000006,remove_supply_chain_context
R04099,U0109,U1081,2024-07-22T00:00:02,7,5,0,0,0,0,4,0.9,0.32000000000000006,remove_supply_chain_context
R04100,U0011,U0103,2024-07-22T00:00:03,5,7,0,0,0,0,4,0.9,0.32000000000000006,remove_supply_chain_context
R04101,U0878,U0968,2024-07-22T00:00:04,9,6,0,0,1,0,1,0.8,0.24,remove_supply_chain_context
R04102,U0682,U1165,2024-07-22T00:00:05,6,6,0,0,0,0,3,0.9,0.32000000000000006,remove_supply_chain_context
R04103,U0971,U1264,2024-07-22T00:00:06,7,5,0,1,1,0,5,0.9,0.32000000000000006,remove_supply_chain_context
R04104,U0047,U0831,2024-07-22T00:00:07,7,5,0,0,0,0,3,0.9,0.32000000000000006,remove_supply_chain_context
R04105,U0447,U1303,2024-07-22T00:00:08,7,6,0,0,1,0,2,0.9,0.32000000000000006,remove_supply_chain_context
R04106,U0006,U0429,2024-07-23T00:00:01,7,6,0,0,1,0,0,0.375,-0.1,remove_supply_chain_context
R04107,U0642,U1123,2024-07-23T00:00:02,6,10,0,0,0,0,2,0.375,-0.1,remove_supply_chain_context
R04108,U0023,U0964,2024-07-23T00:00:03,6,5,0,0,0,0,1,0.375,-0.1,remove_supply_chain_context
R04109,U0212,U0556,2024-07-23T00:00:04,5,12,0,0,0,0,3,0.9,0.32000000000000006,remove_supply_chain_context
R04110,U0663,U0703,2024-07-23T00:00:05,6,7,0,0,0,0,1,0.9,0.32000000000000006,remove_supply_chain_context
R04111,U0225,U1049,2024-07-23T00:00:06,5,7,0,0,0,0,1,0.9,0.32000000000000006,remove_supply_chain_context
R04112,U0023,U0894,2024-07-23T00:00:07,7,8,0,0,0,0,0,0.44,-0.048,remove_supply_chain_context
R04113,U0338,U1192,2024-07-23T00:00:08,9,7,0,0,0,0,4,0.9,0.32000000000000006,remove_supply_chain_context
R04114,U0911,U1343,2024-07-24T00:00:01,5,7,0,0,0,0,1,0.9,0.32000000000000006,remove_supply_chain_context
R04115,U0426,U0656,2024-07-24T00:00:02,11,8,0,0,0,0,2,0.325,-0.13999999999999999,remove_supply_chain_context
R04116,U0035,U0412,2024-07-24T00:00:03,7,8,0,0,0,0,1,0.375,-0.1,remove_supply_chain_context
R04117,U0240,U1168,2024-07-24T00:00:04,8,9,0,0,0,1,4,0.9,0.32000000000000006,remove_supply_chain_context
R04118,U0760,U1336,2024-07-24T00:00:05,8,7,0,0,0,1,2,0.9,0.32000000000000006,remove_supply_chain_context
R04119,U0926,U1211,2024-07-24T00:00:06,5,8,0,0,0,0,2,0.9,0.32000000000000006,remove_supply_chain_context
R04120,U0388,U0431,2024-07-24T00:00:07,8,6,0,0,0,0,4,0.375,-0.1,remove_supply_chain_context
R04121,U0481,U1310,2024-07-25T00:00:00,7,7,0,0,0,0,1,0.375,-0.1,remove_supply_chain_context
R04122,U0022,U0723,2024-07-25T00:00:01,7,7,0,0,0,0,1,0.375,-0.1,remove_supply_chain_context
R04123,U0289,U0761,2024-07-25T00:00:02,8,7,0,0,0,1,5,0.9,0.32000000000000006,remove_supply_chain_context
R04124,U0353,U0778,2024-07-25T00:00:03,6,6,0,0,0,0,2,0.9,0.32000000000000006,remove_supply_chain_context
R04125,U0364,U0878,2024-07-25T00:00:04,8,10,0,0,0,0,1,0.8,0.24,remove_supply_chain_context
R04126,U0017,U1195,2024-07-25T00:00:05,7,8,0,0,0,1,3,0.9,0.32000000000000006,remove_supply_chain_context
R04127,U0208,U0530,2024-07-25T00:00:06,6,7,0,0,0,0,5,0.8,0.24,remove_supply_chain_context
R04128,U0181,U0373,2024-07-25T00:00:07,12,7,0,0,0,1,1,0.9,0.32000000000000006,remove_supply_chain_context
R04129,U0299,U1392,2024-07-26T00:00:01,7,7,0,0,0,0,6,0.9,0.32000000000000006,remove_supply_chain_context
R04130,U0154,U0412,2024-07-26T00:00:02,7,9,0,0,0,0,3,0.9,0.32000000000000006,remove_supply_chain_context
R04131,U0362,U1309,2024-07-26T00:00:03,5,6,0,0,0,0,0,0.9,0.32000000000000006,remove_supply_chain_context
R04132,U1328,U1344,2024-07-26T00:00:04,8,7,0,0,0,0,1,0.9,0.32000000000000006,remove_supply_chain_context
R04133,U0426,U1250,2024-07-26T00:00:05,12,8,0,0,0,0,1,0.325,-0.13999999999999999,remove_supply_chain_context
R04134,U0580,U0742,2024-07-26T00:00:06,7,6,0,0,0,0,1,0.9,0.32000000000000006,remove_supply_chain_context
R04135,U0216,U1214,2024-07-26T00:00:07,6,6,0,0,0,1,4,0.9,0.32000000000000006,remove_supply_chain_context
R04136,U0631,U1264,2024-07-26T00:00:08,8,6,0,0,1,0,5,0.375,-0.1,remove_supply_chain_context
R04137,U0705,U1317,2024-07-27T00:00:01,7,7,0,0,0,0,0,0.9,0.32000000000000006,remove_supply_chain_context
R04138,U0203,U1222,2024-07-27T00:00:02,9,8,0,0,1,1,0,0.44,-0.048,remove_supply_chain_context
R04139,U0460,U0802,2024-07-27T00:00:03,11,7,0,0,0,0,0,0.9,0.32000000000000006,remove_supply_chain_context
R04140,U0529,U0952,2024-07-27T00:00:04,5,6,0,0,0,0,2,0.44,-0.048,remove_supply_chain_context
R04141,U0504,U1337,2024-07-27T00:00:05,9,7,0,0,0,0,1,0.8,0.24,remove_supply_chain_context
R04142,U0169,U0340,2024-07-27T00:00:06,8,8,0,0,0,0,0,0.9,0.32000000000000006,remove_supply_chain_context
R04143,U0581,U1355,2024-07-27T00:00:07,5,6,0,0,0,0,2,0.8,0.24,remove_supply_chain_context
R04144,U0485,U0824,2024-07-27T00:00:08,5,9,0,0,0,0,2,0.8,0.24,remove_supply_chain_context
R04145,U0032,U0306,2024-07-28T00:00:01,7,6,0,0,1,0,1,0.8,0.24,remove_supply_chain_context
R04146,U1126,U1143,2024-07-28T00:00:02,6,8,0,0,0,0,1,0.9,0.32000000000000006,remove_supply_chain_context
R04147,U0260,U1009,2024-07-28T00:00:03,10,6,0,0,0,0,0,0.325,-0.13999999999999999,remove_supply_chain_context
R04148,U0322,U1253,2024-07-28T00:00:04,6,8,0,0,0,0,1,0.375,-0.1,remove_supply_chain_context
R04149,U0359,U0559,2024-07-28T00:00:05,6,7,0,0,0,0,0,0.8,0.24,remove_supply_chain_context
R04150,U0628,U1013,2024-07-28T00:00:06,7,5,0,0,0,0,1,0.9,0.32000000000000006,remove_supply_chain_context
R04151,U0626,U1164,2024-07-28T00:00:07,5,9,0,0,0,0,1,0.9,0.32000000000000006,remove_supply_chain_context
R04152,U0629,U1040,2024-08-01T00:00:00,10,7,0,0,0,1,4,0.44,-0.048,remove_supply_chain_context
R04153,U0626,U1383,2024-08-01T00:00:01,6,13,0,0,0,0,1,0.9,0.32000000000000006,remove_supply_chain_context
R04154,U0837,U0864,2024-08-01T00:00:02,6,8,0,0,0,0,3,0.375,-0.1,remove_supply_chain_context
R04155,U0413,U0778,2024-08-01T00:00:03,6,7,0,0,0,0,2,0.375,-0.1,remove_supply_chain_context
R04156,U0087,U0444,2024-08-01T00:00:04,8,8,0,0,0,1,3,0.9,0.32000000000000006,remove_supply_chain_context
R04157,U0283,U0708,2024-08-01T00:00:05,7,6,0,0,0,0,5,0.44,-0.048,remove_supply_chain_context
R04158,U0250,U0761,2024-08-01T00:00:06,6,8,0,0,0,0,1,0.9,0.32000000000000006,remove_supply_chain_context
R04159,U0565,U0744,2024-08-01T00:00:07,6,7,0,0,0,0,3,0.9,0.32000000000000006,remove_supply_chain_context
R04160,U1159,U1198,2024-08-02T00:00:01,6,7,0,0,0,0,2,0.375,-0.1,remove_supply_chain_context
R04161,U0837,U1011,2024-08-02T00:00:02,7,7,0,0,0,0,1,0.9,0.32000000000000006,remove_supply_chain_context
R04162,U0166,U0354,2024-08-02T00:00:03,13,7,1,0,0,1,2,0.9,0.32000000000000006,remove_supply_chain_context
R04163,U0284,U0582,2024-08-02T00:00:04,8,6,0,0,0,0,1,0.9,0.32000000000000006,remove_supply_chain_context
R04164,U0068,U1337,2024-08-02T00:00:05,7,8,0,0,0,0,1,0.9,0.32000000000000006,remove_supply_chain_context
R04165,U1105,U1362,2024-08-02T00:00:06,6,5,0,0,0,0,1,0.9,0.32000000000000006,remove_supply_chain_context
R04166,U0499,U1060,2024-08-02T00:00:07,5,7,0,0,0,1,1,0.375,-0.1,remove_supply_chain_context
R04167,U0043,U1130,2024-08-02T00:00:08,6,6,0,0,0,0,1,0.9,0.32000000000000006,remove_supply_chain_context
R04168,U0201,U1208,2024-08-03T00:00:01,9,8,0,0,1,0,0,0.9,0.32000000000000006,remove_supply_chain_context
R04169,U0182,U0480,2024-08-03T00:00:02,10,8,0,0,0,0,0,0.375,-0.1,remove_supply_chain_context
R04170,U0863,U1350,2024-08-03T00:00:03,6,8,0,0,0,0,1,0.44,-0.048,remove_supply_chain_context
R04171,U1074,U1297,2024-08-03T00:00:04,10,8,0,0,1,0,1,0.375,-0.1,remove_supply_chain_context
R04172,U0309,U0442,2024-08-03T00:00:05,6,7,0,0,0,0,1,0.375,-0.1,remove_supply_chain_context
R04173,U0328,U1236,2024-08-03T00:00:06,6,6,0,0,0,0,1,0.9,0.32000000000000006,remove_supply_chain_context
R04174,U0926,U1049,2024-08-03T00:00:07,6,8,0,0,0,1,3,0.44,-0.048,remove_supply_chain_context
R04175,U0061,U1154,2024-08-03T00:00:08,7,6,0,0,0,0,1,0.8,0.24,remove_supply_chain_context
R04176,U0679,U1344,2024-08-04T00:00:01,7,8,0,0,0,0,1,0.375,-0.1,remove_supply_chain_context
R04177,U0742,U1260,2024-08-04T00:00:02,7,7,0,0,0,0,3,0.9,0.32000000000000006,remove_supply_chain_context
R04178,U0631,U1257,2024-08-04T00:00:03,9,10,0,0,0,1,3,0.9,0.32000000000000006,remove_supply_chain_context
R04179,U0594,U1147,2024-08-04T00:00:04,6,8,0,0,0,0,0,0.375,-0.1,remove_supply_chain_context
R04180,U0635,U1354,2024-08-04T00:00:05,6,5,0,1,1,0,5,0.44,-0.048,remove_supply_chain_context
R04181,U1275,U1283,2024-08-04T00:00:06,9,7,0,0,0,0,5,0.9,0.32000000000000006,remove_supply_chain_context
R04182,U0579,U0835,2024-08-04T00:00:07,7,5,0,0,0,0,1,0.9,0.32000000000000006,remove_supply_chain_context
R04183,U0343,U1063,2024-08-05T00:00:00,7,7,0,0,0,0,1,0.8,0.24,remove_supply_chain_context
R04184,U0286,U1302,2024-08-05T00:00:01,5,9,0,0,0,0,4,0.9,0.32000000000000006,remove_supply_chain_context
R04185,U1164,U1271,2024-08-05T00:00:02,10,8,0,0,0,0,1,0.9,0.32000000000000006,remove_supply_chain_context
R04186,U0124,U0422,2024-08-05T00:00:03,7,5,0,0,0,0,1,0.325,-0.13999999999999999,remove_supply_chain_context
R04187,U0584,U1105,2024-08-05T00:00:04,5,7,0,0,0,0,0,0.325,-0.13999999999999999,remove_supply_chain_context
R04188,U0544,U1334,2024-08-05T00:00:05,6,7,0,0,0,0,1,0.9,0.32000000000000006,remove_supply_chain_context
R04189,U0544,U0697,2024-08-05T00:00:06,7,8,0,0,1,0,4,0.375,-0.1,remove_supply_chain_context
R04190,U0248,U0726,2024-08-05T00:00:07,9,8,0,0,0,0,4,0.375,-0.1,remove_supply_chain_context
R04191,U0050,U1307,2024-08-06T00:00:01,8,9,0,1,1,0,5,0.8,0.24,remove_supply_chain_context
R04192,U0150,U1162,2024-08-06T00:00:02,5,7,0,0,0,1,2,0.8,0.24,remove_supply_chain_context
R04193,U0169,U0926,2024-08-06T00:00:03,9,7,0,1,1,0,1,0.9,0.32000000000000006,remove_supply_chain_context
R04194,U0806,U1324,2024-08-06T00:00:04,7,8,1,0,0,0,1,0.375,-0.1,remove_supply_chain_context
R04195,U0351,U1174,2024-08-06T00:00:05,6,7,0,0,0,0,6,0.9,0.32000000000000006,remove_supply_chain_context
R04196,U0934,U1075,2024-08-06T00:00:06,6,8,0,0,1,0,5,0.9,0.32000000000000006,remove_supply_chain_context
R04197,U0488,U0918,2024-08-06T00:00:07,8,7,0,0,0,0,2,0.44,-0.048,remove_supply_chain_context
R04198,U0353,U0362,2024-08-06T00:00:08,7,6,0,0,0,0,2,0.375,-0.1,remove_supply_chain_context
R04199,U0541,U1097,2024-08-07T00:00:01,8,5,0,0,1,0,2,0.9,0.32000000000000006,remove_supply_chain_context
R04200,U0324,U0338,2024-08-07T00:00:02,7,10,0,0,0,0,2,0.325,-0.13999999999999999,remove_supply_chain_context
R04201,U0208,U1157,2024-08-07T00:00:03,7,7,0,0,0,0,4,0.375,-0.1,remove_supply_chain_context
R04202,U0642,U0888,2024-08-07T00:00:04,7,8,0,0,0,0,1,0.9,0.32000000000000006,remove_supply_chain_context
R04203,U0592,U0852,2024-08-07T00:00:05,6,6,0,0,0,0,4,0.375,-0.1,remove_supply_chain_context
R04204,U0212,U1058,2024-08-07T00:00:06,6,5,0,0,0,0,1,0.9,0.32000000000000006,remove_supply_chain_context
R04205,U0177,U0746,2024-08-07T00:00:07,8,9,0,0,0,0,0,0.325,-0.13999999999999999,remove_supply_chain_context
R04206,U0662,U1292,2024-08-07T00:00:08,7,6,0,0,0,0,5,0.375,-0.1,remove_supply_chain_context
R04207,U1212,U1397,2024-08-08T00:00:01,5,7,0,0,0,1,2,0.9,0.32000000000000006,remove_supply_chain_context
R04208,U0250,U1186,2024-08-08T00:00:02,7,5,0,0,1,0,3,0.9,0.32000000000000006,remove_supply_chain_context
R04209,U0305,U0952,2024-08-08T00:00:03,7,7,0,0,0,1,6,0.9,0.32000000000000006,remove_supply_chain_context
R04210,U0084,U0598,2024-08-08T00:00:04,6,6,0,0,0,0,1,0.9,0.32000000000000006,remove_supply_chain_context
R04211,U0636,U1270,2024-08-08T00:00:05,5,5,0,0,0,0,5,0.44,-0.048,remove_supply_chain_context
R04212,U0473,U1003,2024-08-08T00:00:06,6,6,0,0,0,0,3,0.9,0.32000000000000006,remove_supply_chain_context
R04213,U0620,U1145,2024-08-08T00:00:07,6,5,0,0,0,0,3,0.9,0.32000000000000006,remove_supply_chain_context
R04214,U0383,U0870,2024-08-09T00:00:00,8,7,0,0,0,0,4,0.375,-0.1,remove_supply_chain_context
R04215,U0271,U0318,2024-08-09T00:00:01,5,8,0,0,0,0,5,0.9,0.32000000000000006,remove_supply_chain_context
R04216,U1002,U1023,2024-08-09T00:00:02,10,5,0,0,0,0,1,0.44,-0.048,remove_supply_chain_context
R04217,U1061,U1079,2024-08-09T00:00:03,7,6,0,0,0,0,3,0.9,0.32000000000000006,remove_supply_chain_context
R04218,U0266,U0418,2024-08-09T00:00:04,7,7,0,0,0,0,3,0.44,-0.048,remove_supply_chain_context
R04219,U0724,U1011,2024-08-09T00:00:05,5,8,0,0,0,0,3,0.9,0.32000000000000006,remove_supply_chain_context
R04220,U0221,U1285,2024-08-09T00:00:06,8,5,0,0,0,0,3,0.9,0.32000000000000006,remove_supply_chain_context
R04221,U0094,U0682,2024-08-09T00:00:07,6,7,0,0,1,0,1,0.325,-0.13999999999999999,remove_supply_chain_context
R04222,U0237,U1179,2024-08-10T00:00:01,6,5,0,0,0,0,0,0.9,0.32000000000000006,remove_supply_chain_context
R04223,U1146,U1397,2024-08-10T00:00:02,8,8,0,0,0,0,1,0.44,-0.048,remove_supply_chain_context
R04224,U0487,U0570,2024-08-10T00:00:03,9,8,0,0,0,0,0,0.8,0.24,remove_supply_chain_context
R04225,U0290,U1206,2024-08-10T00:00:04,5,7,0,0,0,0,2,0.9,0.32000000000000006,remove_supply_chain_context
R04226,U0159,U0939,2024-08-10T00:00:05,10,8,0,0,0,0,0,0.9,0.32000000000000006,remove_supply_chain_context
R04227,U1150,U1285,2024-08-10T00:00:06,7,6,0,0,0,0,6,0.8,0.24,remove_supply_chain_context
R04228,U0446,U0584,2024-08-10T00:00:07,7,6,0,0,0,0,3,0.8,0.24,remove_supply_chain_context
R04229,U1048,U1181,2024-08-10T00:00:08,7,5,0,0,0,0,4,0.8,0.24,remove_supply_chain_context
R04230,U0342,U0640,2024-08-11T00:00:01,6,10,0,0,0,0,4,0.9,0.32000000000000006,remove_supply_chain_context
R04231,U0488,U1285,2024-08-11T00:00:02,9,7,0,0,0,0,3,0.44,-0.048,remove_supply_chain_context
R04232,U0419,U0685,2024-08-11T00:00:03,7,7,0,0,0,0,5,0.9,0.32000000000000006,remove_supply_chain_context
R04233,U1047,U1053,2024-08-11T00:00:04,6,9,0,0,0,0,1,0.375,-0.1,remove_supply_chain_context
R04234,U0125,U1134,2024-08-11T00:00:05,10,9,0,0,0,0,1,0.9,0.32000000000000006,remove_supply_chain_context
R04235,U0236,U0588,2024-08-11T00:00:06,5,6,0,0,0,0,2,0.9,0.32000000000000006,remove_supply_chain_context
R04236,U0154,U0360,2024-08-11T00:00:07,8,10,0,0,0,1,2,0.9,0.32000000000000006,remove_supply_chain_context
R04237,U1037,U1236,2024-08-11T00:00:08,8,7,0,0,0,0,6,0.8,0.24,remove_supply_chain_context
R04238,U0526,U0567,2024-08-12T00:00:01,7,8,0,0,0,0,1,0.8,0.24,remove_supply_chain_context
R04239,U0624,U1081,2024-08-12T00:00:02,7,6,0,0,0,0,4,0.375,-0.1,remove_supply_chain_context
R04240,U0546,U0908,2024-08-12T00:00:03,7,7,0,0,0,0,0,0.9,0.32000000000000006,remove_supply_chain_context
R04241,U0183,U0634,2024-08-12T00:00:04,11,8,0,0,0,0,5,0.9,0.32000000000000006,remove_supply_chain_context
R04242,U0582,U0656,2024-08-12T00:00:05,7,9,0,0,0,0,1,0.325,-0.13999999999999999,remove_supply_chain_context
R04243,U0356,U0773,2024-08-12T00:00:06,7,7,0,0,0,0,1,0.9,0.32000000000000006,remove_supply_chain_context
R04244,U0384,U0537,2024-08-12T00:00:07,7,8,0,0,0,0,1,0.8,0.24,remove_supply_chain_context
R04245,U1071,U1308,2024-08-13T00:00:00,8,5,0,0,0,0,1,0.44,-0.048,remove_supply_chain_context
R04246,U0499,U1397,2024-08-13T00:00:01,6,9,0,0,0,0,5,0.9,0.32000000000000006,remove_supply_chain_context
R04247,U0002,U0070,2024-08-13T00:00:02,7,7,0,0,0,0,5,0.9,0.32000000000000006,remove_supply_chain_context
R04248,U1026,U1387,2024-08-13T00:00:03,11,8,0,0,0,0,1,0.325,-0.13999999999999999,remove_supply_chain_context
R04249,U0446,U0797,2024-08-13T00:00:04,8,7,0,0,1,0,3,0.8,0.24,remove_supply_chain_context
R04250,U0263,U1301,2024-08-13T00:00:05,7,7,0,0,0,0,4,0.9,0.32000000000000006,remove_supply_chain_context
R04251,U0179,U0939,2024-08-13T00:00:06,8,9,0,0,0,1,3,0.8,0.24,remove_supply_chain_context
R04252,U0313,U0591,2024-08-13T00:00:07,10,6,0,0,0,0,2,0.325,-0.13999999999999999,remove_supply_chain_context
R04253,U0534,U1037,2024-08-14T00:00:01,9,9,0,0,0,0,6,0.9,0.32000000000000006,remove_supply_chain_context
R04254,U0128,U1025,2024-08-14T00:00:02,5,5,0,0,0,0,1,0.8,0.24,remove_supply_chain_context
R04255,U1214,U1233,2024-08-14T00:00:03,7,5,0,0,0,1,1,0.8,0.24,remove_supply_chain_context
R04256,U0092,U0479,2024-08-14T00:00:04,9,7,0,0,0,0,2,0.8,0.24,remove_supply_chain_context
R04257,U0326,U1389,2024-08-14T00:00:05,9,6,0,0,0,0,3,0.9,0.32000000000000006,remove_supply_chain_context
R04258,U0828,U0904,2024-08-14T00:00:06,7,10,0,0,0,0,3,0.8,0.24,remove_supply_chain_context
R04259,U0147,U0622,2024-08-14T00:00:07,7,7,0,0,0,0,5,0.8,0.24,remove_supply_chain_context
R04260,U0229,U0636,2024-08-14T00:00:08,10,6,0,0,0,0,3,0.8,0.24,remove_supply_chain_context
R04261,U0194,U0529,2024-08-15T00:00:01,9,6,0,0,0,1,2,0.9,0.32000000000000006,remove_supply_chain_context
R04262,U0200,U0705,2024-08-15T00:00:02,8,8,0,0,0,0,2,0.9,0.32000000000000006,remove_supply_chain_context
R04263,U0771,U1163,2024-08-15T00:00:03,7,9,0,0,0,0,5,0.9,0.32000000000000006,remove_supply_chain_context
R04264,U0210,U0248,2024-08-15T00:00:04,6,10,0,0,0,0,5,0.9,0.32000000000000006,remove_supply_chain_context
R04265,U0513,U0966,2024-08-15T00:00:05,7,6,0,0,0,0,5,0.9,0.32000000000000006,remove_supply_chain_context
R04266,U0537,U0607,2024-08-15T00:00:06,9,6,0,0,0,0,0,0.9,0.32000000000000006,remove_supply_chain_context
R04267,U0196,U0925,2024-08-15T00:00:07,6,7,0,0,0,0,5,0.8,0.24,remove_supply_chain_context
R04268,U1272,U1393,2024-08-15T00:00:08,6,6,0,0,0,0,4,0.9,0.32000000000000006,remove_supply_chain_context
R04269,U0565,U1180,2024-08-16T00:00:01,7,8,0,0,0,0,3,0.9,0.32000000000000006,remove_supply_chain_context
R04270,U1095,U1361,2024-08-16T00:00:02,7,7,0,0,0,0,1,0.9,0.32000000000000006,remove_supply_chain_context
R04271,U0541,U1037,2024-08-16T00:00:03,9,10,0,0,0,1,4,0.8,0.24,remove_supply_chain_context
R04272,U1281,U1292,2024-08-16T00:00:04,6,7,0,0,0,0,5,0.375,-0.1,remove_supply_chain_context
R04273,U0067,U1215,2024-08-16T00:00:05,11,6,0,0,0,0,1,0.8,0.24,remove_supply_chain_context
R04274,U0948,U1270,2024-08-16T00:00:06,6,6,0,0,1,0,2,0.8,0.24,remove_supply_chain_context
R04275,U0386,U1214,2024-08-16T00:00:07,5,8,0,0,1,0,3,0.8,0.24,remove_supply_chain_context
R04276,U0663,U0898,2024-08-17T00:00:00,7,5,0,0,0,0,0,0.375,-0.1,remove_supply_chain_context
R04277,U0957,U1063,2024-08-17T00:00:01,8,8,0,0,0,0,1,0.9,0.32000000000000006,remove_supply_chain_context
R04278,U0004,U0084,2024-08-17T00:00:02,5,7,0,0,0,1,1,0.44,-0.048,remove_supply_chain_context
R04279,U0477,U1175,2024-08-17T00:00:03,8,8,0,0,0,0,3,0.9,0.32000000000000006,remove_supply_chain_context
R04280,U0554,U0892,2024-08-17T00:00:04,5,8,0,0,0,0,1,0.8,0.24,remove_supply_chain_context
R04281,U0554,U0813,2024-08-17T00:00:05,6,5,0,0,0,0,0,0.375,-0.1,remove_supply_chain_context
R04282,U0514,U0759,2024-08-17T00:00:06,6,9,0,0,0,0,3,0.9,0.32000000000000006,remove_supply_chain_context
R04283,U0271,U0596,2024-08-17T00:00:07,6,9,0,0,0,0,0,0.375,-0.1,remove_supply_chain_context
R04284,U0700,U0763,2024-08-18T00:00:01,7,7,0,0,0,0,6,0.9,0.32000000000000006,remove_supply_chain_context
R04285,U0451,U1381,2024-08-18T00:00:02,6,5,0,0,0,0,4,0.8,0.24,remove_supply_chain_context
R04286,U0987,U1040,2024-08-18T00:00:03,8,8,0,0,0,0,1,0.9,0.32000000000000006,remove_supply_chain_context
R04287,U0113,U0302,2024-08-18T00:00:04,6,8,0,0,0,0,2,0.8,0.24,remove_supply_chain_context
R04288,U0278,U0300,2024-08-18T00:00:05,7,7,0,0,0,0,5,0.9,0.32000000000000006,remove_supply_chain_context
R04289,U1091,U1271,2024-08-18T00:00:06,8,9,0,0,0,1,1,0.8,0.24,remove_supply_chain_context
R04290,U0108,U1000,2024-08-18T00:00:07,7,6,0,0,0,0,2,0.9,0.32000000000000006,remove_supply_chain_context
R04291,U0275,U1078,2024-08-18T00:00:08,7,7,0,0,0,0,1,0.9,0.32000000000000006,remove_supply_chain_context
R04292,U0261,U0676,2024-08-19T00:00:01,6,7,0,0,0,0,0,0.44,-0.048,remove_supply_chain_context
R04293,U0315,U1161,2024-08-19T00:00:02,7,7,0,0,0,0,1,0.44,-0.048,remove_supply_chain_context
R04294,U0089,U1124,2024-08-19T00:00:03,5,8,0,0,0,0,2,0.9,0.32000000000000006,remove_supply_chain_context
R04295,U0411,U1251,2024-08-19T00:00:04,6,6,0,0,0,0,4,0.375,-0.1,remove_supply_chain_context
R04296,U0779,U1034,2024-08-19T00:00:05,7,7,0,0,0,0,3,0.9,0.32000000000000006,remove_supply_chain_context
R04297,U0058,U1379,2024-08-19T00:00:06,7,7,0,0,0,0,3,0.8,0.24,remove_supply_chain_context
R04298,U0250,U0582,2024-08-19T00:00:07,8,8,0,0,0,0,2,0.9,0.32000000000000006,remove_supply_chain_context
R04299,U0111,U0231,2024-08-19T00:00:08,6,5,0,0,0,0,4,0.375,-0.1,remove_supply_chain_context
R04300,U0839,U0944,2024-08-20T00:00:01,8,8,0,0,0,0,1,0.9,0.32000000000000006,remove_supply_chain_context
R04301,U0119,U0938,2024-08-20T00:00:02,7,7,0,0,0,0,1,0.9,0.32000000000000006,remove_supply_chain_context
R04302,U0030,U0551,2024-08-20T00:00:03,6,8,0,0,0,0,0,0.325,-0.13999999999999999,remove_supply_chain_context
R04303,U0186,U0894,2024-08-20T00:00:04,7,9,2,0,0,0,0,0.8,0.24,remove_supply_chain_context
R04304,U0205,U0845,2024-08-20T00:00:05,8,8,0,0,0,0,1,0.8,0.24,remove_supply_chain_context
R04305,U0277,U1103,2024-08-20T00:00:06,6,5,0,0,0,0,1,0.9,0.32000000000000006,remove_supply_chain_context
R04306,U0714,U0731,2024-08-20T00:00:07,8,9,0,0,0,0,4,0.9,0.32000000000000006,remove_supply_chain_context
R04307,U0851,U1126,2024-08-21T00:00:00,8,7,0,0,0,0,0,0.8,0.24,remove_supply_chain_context
R04308,U0204,U0477,2024-08-21T00:00:01,6,9,0,0,0,0,5,0.9,0.32000000000000006,remove_supply_chain_context
R04309,U1015,U1303,2024-08-21T00:00:02,7,7,0,0,1,0,0,0.9,0.32000000000000006,remove_supply_chain_context
R04310,U0319,U0431,2024-08-21T00:00:03,7,7,0,0,0,0,2,0.9,0.32000000000000006,remove_supply_chain_context
R04311,U0364,U0888,2024-08-21T00:00:04,9,9,0,0,1,0,0,0.375,-0.1,remove_supply_chain_context
R04312,U0106,U1010,2024-08-21T00:00:05,6,6,0,0,0,0,1,0.375,-0.1,remove_supply_chain_context
R04313,U0977,U1071,2024-08-21T00:00:06,7,9,0,0,0,0,1,0.375,-0.1,remove_supply_chain_context
R04314,U0073,U0159,2024-08-21T00:00:07,5,11,0,0,0,0,2,0.44,-0.048,remove_supply_chain_context
R04315,U0803,U1079,2024-08-22T00:00:01,6,7,0,0,0,0,0,0.325,-0.13999999999999999,remove_supply_chain_context
R04316,U0761,U0939,2024-08-22T00:00:02,9,10,0,0,0,0,3,0.9,0.32000000000000006,remove_supply_chain_context
R04317,U0301,U0591,2024-08-22T00:00:03,7,7,0,0,0,0,2,0.9,0.32000000000000006,remove_supply_chain_context
R04318,U0857,U0927,2024-08-22T00:00:04,6,7,0,0,0,0,1,0.8,0.24,remove_supply_chain_context
R04319,U0611,U0778,2024-08-22T00:00:05,11,8,0,0,0,0,1,0.375,-0.1,remove_supply_chain_context
R04320,U0718,U0828,2024-08-22T00:00:06,8,8,0,0,0,0,1,0.325,-0.13999999999999999,remove_supply_chain_context
R04321,U0284,U0841,2024-08-22T00:00:07,9,8,0,0,0,0,1,0.9,0.32000000000000006,remove_supply_chain_context
R04322,U0196,U1326,2024-08-22T00:00:08,7,5,0,0,0,0,1,0.325,-0.13999999999999999,remove_supply_chain_context
R04323,U0433,U0454,2024-08-23T00:00:01,5,7,0,0,1,0,1,0.9,0.32000000000000006,remove_supply_chain_context
R04324,U0229,U0611,2024-08-23T00:00:02,11,12,1,0,0,0,2,0.375,-0.1,remove_supply_chain_context
R04325,U0231,U1198,2024-08-23T00:00:03,6,8,0,0,0,0,1,0.375,-0.1,remove_supply_chain_context
R04326,U0359,U1181,2024-08-23T00:00:04,7,6,0,0,0,0,1,0.375,-0.1,remove_supply_chain_context
R04327,U0110,U1036,2024-08-23T00:00:05,7,6,0,0,0,0,2,0.375,-0.1,remove_supply_chain_context
R04328,U0333,U0933,2024-08-23T00:00:06,9,5,0,0,0,0,0,0.325,-0.13999999999999999,remove_supply_chain_context
R04329,U0387,U0749,2024-08-23T00:00:07,7,6,0,0,0,0,0,0.325,-0.13999999999999999,remove_supply_chain_context
R04330,U0994,U1126,2024-08-23T00:00:08,6,8,1,0,0,0,0,0.8,0.24,remove_supply_chain_context
R04331,U0537,U1182,2024-08-24T00:00:01,10,8,0,0,0,0,2,0.9,0.32000000000000006,remove_supply_chain_context
R04332,U0965,U1172,2024-08-24T00:00:02,7,8,0,0,1,0,2,0.8,0.24,remove_supply_chain_context
R04333,U0505,U1073,2024-08-24T00:00:03,5,6,0,0,0,0,2,0.9,0.32000000000000006,remove_supply_chain_context
R04334,U0048,U0948,2024-08-24T00:00:04,6,7,0,0,0,0,0,0.9,0.32000000000000006,remove_supply_chain_context
R04335,U0540,U0817,2024-08-24T00:00:05,5,6,0,0,0,0,3,0.9,0.32000000000000006,remove_supply_chain_context
R04336,U0875,U0972,2024-08-24T00:00:06,8,12,0,0,0,0,0,0.9,0.32000000000000006,remove_supply_chain_context
R04337,U0629,U1308,2024-08-24T00:00:07,11,6,0,0,0,0,1,0.375,-0.1,remove_supply_chain_context
R04338,U0458,U0473,2024-08-25T00:00:00,9,7,0,0,0,0,4,0.375,-0.1,remove_supply_chain_context
R04339,U0199,U0844,2024-08-25T00:00:01,6,5,0,0,0,0,3,0.375,-0.1,remove_supply_chain_context
R04340,U0864,U1322,2024-08-25T00:00:02,9,7,0,0,1,0,0,0.375,-0.1,remove_supply_chain_context
R04341,U0687,U1306,2024-08-25T00:00:03,9,6,0,0,0,0,2,0.9,0.32000000000000006,remove_supply_chain_context
R04342,U0502,U0548,2024-08-25T00:00:04,10,6,0,0,0,0,0,0.375,-0.1,remove_supply_chain_context
R04343,U0454,U0700,2024-08-25T00:00:05,8,8,0,0,0,0,1,0.9,0.32000000000000006,remove_supply_chain_context
R04344,U0143,U0620,2024-08-25T00:00:06,9,7,0,0,0,0,4,0.375,-0.1,remove_supply_chain_context
R04345,U0041,U0258,2024-08-25T00:00:07,5,6,0,0,0,0,3,0.44,-0.048,remove_supply_chain_context
R04346,U0925,U1286,2024-08-26T00:00:01,8,7,0,0,0,0,0,0.9,0.32000000000000006,remove_supply_chain_context
R04347,U0428,U0504,2024-08-26T00:00:02,6,10,0,0,0,0,2,0.9,0.32000000000000006,remove_supply_chain_context
R04348,U0800,U1121,2024-08-26T00:00:03,6,5,0,0,0,0,1,0.8,0.24,remove_supply_chain_context
R04349,U0097,U1322,2024-08-26T00:00:04,7,8,0,0,0,0,1,0.375,-0.1,remove_supply_chain_context
R04350,U0663,U0666,2024-08-26T00:00:05,8,9,2,0,0,1,2,0.9,0.32000000000000006,remove_supply_chain_context
R04351,U0559,U0769,2024-08-26T00:00:06,8,7,0,0,0,0,1,0.375,-0.1,remove_supply_chain_context
R04352,U0586,U0955,2024-08-26T00:00:07,5,7,0,0,0,0,3,0.44,-0.048,remove_supply_chain_context
R04353,U0490,U0659,2024-08-26T00:00:08,8,9,1,0,0,0,3,0.8,0.24,remove_supply_chain_context
R04354,U0008,U0161,2024-08-27T00:00:01,8,6,0,0,0,0,0,0.9,0.32000000000000006,remove_supply_chain_context
R04355,U1195,U1376,2024-08-27T00:00:02,9,6,0,0,0,0,1,0.375,-0.1,remove_supply_chain_context
R04356,U0306,U0939,2024-08-27T00:00:03,7,11,0,0,0,0,1,0.9,0.32000000000000006,remove_supply_chain_context
R04357,U0112,U0236,2024-08-27T00:00:04,6,6,0,0,0,0,2,0.8,0.24,remove_supply_chain_context
R04358,U0187,U0571,2024-08-27T00:00:05,8,12,0,0,0,0,1,0.325,-0.13999999999999999,remove_supply_chain_context
R04359,U0483,U1168,2024-08-27T00:00:06,8,10,1,0,0,0,1,0.8,0.24,remove_supply_chain_context
R04360,U0239,U1003,2024-08-27T00:00:07,7,7,0,0,0,0,3,0.9,0.32000000000000006,remove_supply_chain_context
R04361,U0733,U0799,2024-08-27T00:00:08,6,7,0,0,0,0,2,0.9,0.32000000000000006,remove_supply_chain_context
R04362,U0979,U1216,2024-08-28T00:00:01,6,8,0,0,0,0,1,0.44,-0.048,remove_supply_chain_context
R04363,U0272,U1119,2024-08-28T00:00:02,6,5,0,0,0,0,0,0.9,0.32000000000000006,remove_supply_chain_context
R04364,U0639,U1229,2024-08-28T00:00:03,9,8,0,0,0,0,2,0.8,0.24,remove_supply_chain_context
R04365,U0218,U0289,2024-08-28T00:00:04,7,9,0,0,0,0,4,0.9,0.32000000000000006,remove_supply_chain_context
R04366,U0403,U0875,2024-08-28T00:00:05,5,9,0,0,0,0,1,0.44,-0.048,remove_supply_chain_context
R04367,U0085,U0317,2024-08-28T00:00:06,6,8,0,0,1,0,6,0.9,0.32000000000000006,remove_supply_chain_context
R04368,U0575,U0862,2024-08-28T00:00:07,5,5,0,0,0,0,2,0.9,0.32000000000000006,remove_supply_chain_context
R04369,U0800,U1064,2024-09-01T00:00:00,7,7,0,0,0,0,2,0.8,0.24,remove_supply_chain_context
R04370,U0674,U0943,2024-09-01T00:00:01,7,8,0,0,0,0,3,0.8,0.24,remove_supply_chain_context
R04371,U0275,U1132,2024-09-01T00:00:02,8,7,0,0,0,0,0,0.9,0.32000000000000006,remove_supply_chain_context
R04372,U0016,U0112,2024-09-01T00:00:03,7,7,0,0,0,0,1,0.44,-0.048,remove_supply_chain_context
R04373,U0603,U0650,2024-09-01T00:00:04,6,8,0,0,0,0,2,0.9,0.32000000000000006,remove_supply_chain_context
R04374,U0057,U0342,2024-09-01T00:00:05,7,7,0,0,0,0,3,0.8,0.24,remove_supply_chain_context
R04375,U0086,U0694,2024-09-01T00:00:06,9,6,0,0,0,0,4,0.9,0.32000000000000006,remove_supply_chain_context
R04376,U0041,U0138,2024-09-01T00:00:07,6,7,0,0,1,0,1,0.44,-0.048,remove_supply_chain_context
R04377,U1244,U1256,2024-09-02T00:00:01,6,6,0,0,0,0,0,0.375,-0.1,remove_supply_chain_context
R04378,U0146,U0482,2024-09-02T00:00:02,8,8,0,0,0,0,1,0.8,0.24,remove_supply_chain_context
R04379,U0340,U0761,2024-09-02T00:00:03,9,10,0,0,0,0,1,0.9,0.32000000000000006,remove_supply_chain_context
R04380,U1058,U1101,2024-09-02T00:00:04,6,8,0,0,0,0,4,0.9,0.32000000000000006,remove_supply_chain_context
R04381,U0653,U1177,2024-09-02T00:00:05,8,5,0,0,0,0,4,0.9,0.32000000000000006,remove_supply_chain_context
R04382,U0916,U1140,2024-09-02T00:00:06,5,6,0,0,0,0,3,0.44,-0.048,remove_supply_chain_context
R04383,U0076,U0799,2024-09-02T00:00:07,5,8,0,0,0,0,2,0.44,-0.048,remove_supply_chain_context
R04384,U0916,U1227,2024-09-02T00:00:08,6,6,0,0,0,0,4,0.8,0.24,remove_supply_chain_context
R04385,U0082,U0821,2024-09-03T00:00:01,5,8,0,0,0,0,1,0.44,-0.048,remove_supply_chain_context
R04386,U0643,U1361,2024-09-03T00:00:02,5,8,0,0,0,0,1,0.9,0.32000000000000006,remove_supply_chain_context
R04387,U1073,U1091,2024-09-03T00:00:03,7,9,0,0,0,0,0,0.325,-0.13999999999999999,remove_supply_chain_context
R04388,U1298,U1301,2024-09-03T00:00:04,5,8,2,0,0,0,3,0.9,0.32000000000000006,remove_supply_chain_context
R04389,U0538,U1343,2024-09-03T00:00:05,7,8,0,0,0,0,1,0.325,-0.13999999999999999,remove_supply_chain_context
R04390,U0244,U0573,2024-09-03T00:00:06,6,8,0,0,0,0,1,0.375,-0.1,remove_supply_chain_context
R04391,U0521,U0944,2024-09-03T00:00:07,11,9,0,0,0,0,2,0.9,0.32000000000000006,remove_supply_chain_context
R04392,U0481,U1368,2024-09-03T00:00:08,8,7,0,0,0,0,0,0.9,0.32000000000000006,remove_supply_chain_context
R04393,U0893,U1382,2024-09-04T00:00:01,10,8,0,0,0,0,4,0.9,0.32000000000000006,remove_supply_chain_context
R04394,U0295,U1325,2024-09-04T00:00:02,8,7,0,0,0,0,4,0.9,0.32000000000000006,remove_supply_chain_context
R04395,U0338,U1086,2024-09-04T00:00:03,11,7,0,0,0,0,0,0.8,0.24,remove_supply_chain_context
R04396,U0903,U1147,2024-09-04T00:00:04,10,9,0,0,0,0,5,0.9,0.32000000000000006,remove_supply_chain_context
R04397,U0230,U1201,2024-09-04T00:00:05,5,6,0,0,0,0,3,0.375,-0.1,remove_supply_chain_context
R04398,U1215,U1274,2024-09-04T00:00:06,7,6,0,0,0,0,3,0.8,0.24,remove_supply_chain_context
R04399,U0103,U0425,2024-09-04T00:00:07,8,6,0,0,0,1,3,0.375,-0.1,remove_supply_chain_context
R04400,U0324,U1063,2024-09-05T00:00:01,8,9,1,0,1,0,1,0.9,0.32000000000000006,remove_supply_chain_context
R04401,U0586,U0731,2024-09-05T00:00:02,6,10,0,0,0,0,2,0.9,0.32000000000000006,remove_supply_chain_context
R04402,U0192,U1358,2024-09-05T00:00:03,7,9,0,0,0,1,1,0.8,0.24,remove_supply_chain_context
R04403,U0724,U0969,2024-09-05T00:00:04,6,9,0,0,1,0,1,0.9,0.32000000000000006,remove_supply_chain_context
R04404,U0736,U0750,2024-09-05T00:00:05,9,8,0,0,0,0,1,0.375,-0.1,remove_supply_chain_context
R04405,U0180,U0920,2024-09-05T00:00:06,9,7,0,0,0,0,1,0.9,0.32000000000000006,remove_supply_chain_context
R04406,U0844,U1363,2024-09-05T00:00:07,6,6,0,0,0,0,0,0.375,-0.1,remove_supply_chain_context
R04407,U0927,U1284,2024-09-05T00:00:08,8,7,0,0,0,0,1,0.9,0.32000000000000006,remove_supply_chain_context
R04408,U1061,U1164,2024-09-06T00:00:01,8,11,0,0,0,0,3,0.9,0.32000000000000006,remove_supply_chain_context
R04409,U0556,U1293,2024-09-06T00:00:02,13,6,0,0,0,0,1,0.9,0.32000000000000006,remove_supply_chain_context
R04410,U1033,U1359,2024-09-06T00:00:03,5,7,0,0,0,0,5,0.44,-0.048,remove_supply_chain_context
R04411,U0571,U0592,2024-09-06T00:00:04,13,7,0,0,0,0,3,0.8,0.24,remove_supply_chain_context
R04412,U0221,U0499,2024-09-06T00:00:05,9,7,0,0,0,0,2,0.8,0.24,remove_supply_chain_context
R04413,U0380,U0651,2024-09-06T00:00:06,6,7,0,0,0,0,0,0.9,0.32000000000000006,remove_supply_chain_context
R04414,U0322,U0646,2024-09-06T00:00:07,7,6,1,0,1,0,4,0.375,-0.1,remove_supply_chain_context
R04415,U0342,U1115,2024-09-06T00:00:08,8,7,0,0,1,0,0,0.9,0.32000000000000006,remove_supply_chain_context
R04416,U0125,U0715,2024-09-07T00:00:01,11,8,0,0,0,0,1,0.9,0.32000000000000006,remove_supply_chain_context
R04417,U0705,U0877,2024-09-07T00:00:02,9,7,0,0,0,0,5,0.9,0.32000000000000006,remove_supply_chain_context
R04418,U0465,U1383,2024-09-07T00:00:03,7,14,0,0,0,0,3,0.44,-0.048,remove_supply_chain_context
R04419,U0278,U1357,2024-09-07T00:00:04,8,7,0,0,0,0,3,0.9,0.32000000000000006,remove_supply_chain_context
R04420,U0796,U1185,2024-09-07T00:00:05,7,7,0,0,0,0,0,0.375,-0.1,remove_supply_chain_context
R04421,U0271,U0957,2024-09-07T00:00:06,7,9,0,0,0,0,1,0.325,-0.13999999999999999,remove_supply_chain_context
R04422,U0408,U0735,2024-09-07T00:00:07,6,5,0,0,0,0,1,0.8,0.24,remove_supply_chain_context
R04423,U0810,U0868,2024-09-08T00:00:00,9,5,0,0,0,0,4,0.375,-0.1,remove_supply_chain_context
R04424,U0025,U0973,2024-09-08T00:00:01,7,6,0,0,0,0,3,0.9,0.32000000000000006,remove_supply_chain_context
R04425,U0670,U1207,2024-09-08T00:00:02,8,8,0,0,0,0,0,0.9,0.32000000000000006,remove_supply_chain_context
R04426,U1039,U1155,2024-09-08T00:00:03,8,5,0,0,0,0,3,0.325,-0.13999999999999999,remove_supply_chain_context
R04427,U0172,U0766,2024-09-08T00:00:04,8,5,0,0,0,0,1,0.9,0.32000000000000006,remove_supply_chain_context
R04428,U0498,U1197,2024-09-08T00:00:05,9,9,2,0,0,0,5,0.8,0.24,remove_supply_chain_context
R04429,U0319,U0784,2024-09-08T00:00:06,8,7,0,0,0,0,2,0.9,0.32000000000000006,remove_supply_chain_context
R04430,U0420,U1127,2024-09-08T00:00:07,7,8,2,0,0,0,2,0.375,-0.1,remove_supply_chain_context
R04431,U0065,U1127,2024-09-09T00:00:01,7,9,0,0,0,0,5,0.9,0.32000000000000006,remove_supply_chain_context
R04432,U0454,U0696,2024-09-09T00:00:02,9,7,0,0,0,0,0,0.8,0.24,remove_supply_chain_context
R04433,U1034,U1159,2024-09-09T00:00:03,8,7,0,0,0,0,2,0.375,-0.1,remove_supply_chain_context
R04434,U0891,U1056,2024-09-09T00:00:04,7,6,0,0,0,0,3,0.325,-0.13999999999999999,remove_supply_chain_context
R04435,U0099,U0482,2024-09-09T00:00:05,7,9,0,0,0,0,3,0.375,-0.1,remove_supply_chain_context
R04436,U0434,U1310,2024-09-09T00:00:06,9,8,0,0,0,0,1,0.9,0.32000000000000006,remove_supply_chain_context
R04437,U1135,U1278,2024-09-09T00:00:07,6,9,0,0,0,0,1,0.375,-0.1,remove_supply_chain_context
R04438,U0564,U1372,2024-09-09T00:00:08,6,7,0,0,0,0,3,0.9,0.32000000000000006,remove_supply_chain_context
R04439,U0652,U1084,2024-09-10T00:00:01,9,9,0,0,0,0,1,0.8,0.24,remove_supply_chain_context
R04440,U0429,U1301,2024-09-10T00:00:02,7,9,0,0,0,0,1,0.325,-0.13999999999999999,remove_supply_chain_context
R04441,U0034,U0561,2024-09-10T00:00:03,10,5,0,0,0,0,0,0.9,0.32000000000000006,remove_supply_chain_context
R04442,U0393,U1218,2024-09-10T00:00:04,8,8,0,0,0,0,1,0.9,0.32000000000000006,remove_supply_chain_context
R04443,U0473,U0642,2024-09-10T00:00:05,8,8,0,0,0,0,2,0.44,-0.048,remove_supply_chain_context
R04444,U0942,U1093,2024-09-10T00:00:06,7,5,0,0,0,1,2,0.375,-0.1,remove_supply_chain_context
R04445,U0291,U0510,2024-09-10T00:00:07,14,6,0,0,0,0,3,0.8,0.24,remove_supply_chain_context
R04446,U0822,U1044,2024-09-10T00:00:08,12,9,0,0,0,0,3,0.9,0.32000000000000006,remove_supply_chain_context
R04447,U0936,U1234,2024-09-11T00:00:01,10,7,0,0,0,0,1,0.9,0.32000000000000006,remove_supply_chain_context
R04448,U0180,U1165,2024-09-11T00:00:02,10,7,0,0,0,0,2,0.9,0.32000000000000006,remove_supply_chain_context
R04449,U0018,U0577,2024-09-11T00:00:03,5,8,1,0,0,0,3,0.9,0.32000000000000006,remove_supply_chain_context
R04450,U0082,U0810,2024-09-11T00:00:04,6,10,0,0,0,0,0,0.9,0.32000000000000006,remove_supply_chain_context
R04451,U0583,U0826,2024-09-11T00:00:05,6,7,0,0,0,0,3,0.44,-0.048,remove_supply_chain_context
R04452,U0016,U1357,2024-09-11T00:00:06,8,8,0,0,0,0,1,0.375,-0.1,remove_supply_chain_context
R04453,U0150,U0553,2024-09-11T00:00:07,6,6,0,0,0,0,2,0.9,0.32000000000000006,remove_supply_chain_context
R04454,U0473,U0830,2024-09-12T00:00:01,9,6,0,0,0,0,3,0.9,0.32000000000000006,remove_supply_chain_context
R04455,U0161,U1307,2024-09-12T00:00:02,7,10,0,0,0,0,0,0.9,0.32000000000000006,remove_supply_chain_context
R04456,U0856,U1134,2024-09-12T00:00:03,7,10,0,0,0,0,3,0.8,0.24,remove_supply_chain_context
R04457,U0420,U0573,2024-09-12T00:00:04,8,9,0,0,0,0,0,0.9,0.32000000000000006,remove_supply_chain_context
R04458,U0318,U1190,2024-09-12T00:00:05,9,6,0,0,0,0,6,0.375,-0.1,remove_supply_chain_context
R04459,U0877,U1387,2024-09-12T00:00:06,8,9,0,0,1,0,3,0.9,0.32000000000000006,remove_supply_chain_context
R04460,U0515,U0838,2024-09-12T00:00:07,8,5,0,1,1,0,3,0.375,-0.1,remove_supply_chain_context
R04461,U0693,U0802,2024-09-12T00:00:08,7,8,0,0,0,0,4,0.375,-0.1,remove_supply_chain_context
R04462,U0363,U1008,2024-09-13T00:00:01,9,7,0,0,0,0,2,0.9,0.32000000000000006,remove_supply_chain_context
R04463,U0419,U1358,2024-09-13T00:00:02,8,10,0,0,0,0,3,0.9,0.32000000000000006,remove_supply_chain_context
R04464,U0926,U0929,2024-09-13T00:00:03,8,7,2,0,0,1,2,0.9,0.32000000000000006,remove_supply_chain_context
R04465,U0163,U0371,2024-09-13T00:00:04,8,6,0,0,0,0,4,0.44,-0.048,remove_supply_chain_context
R04466,U0471,U1264,2024-09-13T00:00:05,7,7,0,0,0,1,4,0.8,0.24,remove_supply_chain_context
R04467,U0804,U0807,2024-09-13T00:00:06,6,7,2,0,0,0,0,0.375,-0.1,remove_supply_chain_context
R04468,U0712,U1213,2024-09-13T00:00:07,7,6,0,0,0,0,0,0.325,-0.13999999999999999,remove_supply_chain_context
R04469,U0661,U1165,2024-09-13T00:00:08,5,8,0,0,0,0,1,0.9,0.32000000000000006,remove_supply_chain_context
R04470,U0229,U0695,2024-09-14T00:00:01,12,11,0,0,0,0,2,0.9,0.32000000000000006,remove_supply_chain_context
R04471,U0650,U1170,2024-09-14T00:00:02,9,6,0,0,0,0,3,0.44,-0.048,remove_supply_chain_context
R04472,U0364,U1404,2024-09-14T00:00:03,10,5,0,0,0,0,3,0.375,-0.1,remove_supply_chain_context
R04473,U0140,U0437,2024-09-14T00:00:04,6,6,0,0,0,0,2,0.9,0.32000000000000006,remove_supply_chain_context
R04474,U1254,U1334,2024-09-14T00:00:05,7,8,0,0,0,1,3,0.375,-0.1,remove_supply_chain_context
R04475,U0642,U0753,2024-09-14T00:00:06,9,10,0,0,0,0,1,0.9,0.32000000000000006,remove_supply_chain_context
R04476,U0650,U0950,2024-09-14T00:00:07,10,5,0,0,1,1,0,0.9,0.32000000000000006,remove_supply_chain_context
R04477,U0235,U0909,2024-09-15T00:00:00,9,5,0,0,0,0,3,0.9,0.32000000000000006,remove_supply_chain_context
R04478,U0152,U0581,2024-09-15T00:00:01,8,6,0,0,0,1,3,0.375,-0.1,remove_supply_chain_context
R04479,U0498,U1179,2024-09-15T00:00:02,10,6,0,0,0,0,3,0.325,-0.13999999999999999,remove_supply_chain_context
R04480,U0107,U1262,2024-09-15T00:00:03,8,6,0,0,0,1,0,0.375,-0.1,remove_supply_chain_context
R04481,U0684,U1020,2024-09-15T00:00:04,5,5,0,0,0,0,0,0.325,-0.13999999999999999,remove_supply_chain_context
R04482,U0107,U1160,2024-09-15T00:00:05,9,8,0,0,0,0,2,0.8,0.24,remove_supply_chain_context
R04483,U0335,U0605,2024-09-15T00:00:06,10,9,1,0,0,0,1,0.9,0.32000000000000006,remove_supply_chain_context
R04484,U0397,U1061,2024-09-15T00:00:07,8,9,0,0,0,0,2,0.325,-0.13999999999999999,remove_supply_chain_context
R04485,U0385,U1271,2024-09-16T00:00:01,8,10,0,0,0,0,0,0.9,0.32000000000000006,remove_supply_chain_context
R04486,U0622,U1265,2024-09-16T00:00:02,8,6,0,0,0,0,5,0.9,0.32000000000000006,remove_supply_chain_context
R04487,U0810,U1237,2024-09-16T00:00:03,11,6,0,0,0,1,3,0.8,0.24,remove_supply_chain_context
R04488,U0718,U0823,2024-09-16T00:00:04,9,6,0,0,0,0,2,0.44,-0.048,remove_supply_chain_context
R04489,U0623,U1021,2024-09-16T00:00:05,7,6,0,0,0,0,3,0.9,0.32000000000000006,remove_supply_chain_context
R04490,U0036,U0290,2024-09-16T00:00:06,7,6,0,0,0,0,4,0.44,-0.048,remove_supply_chain_context
R04491,U0236,U0905,2024-09-16T00:00:07,7,5,0,0,0,0,2,0.8,0.24,remove_supply_chain_context
R04492,U1136,U1310,2024-09-16T00:00:08,7,9,0,0,0,0,2,0.8,0.24,remove_supply_chain_context
R04493,U0022,U0463,2024-09-17T00:00:01,8,5,0,0,0,0,2,0.9,0.32000000000000006,remove_supply_chain_context
R04494,U0194,U1240,2024-09-17T00:00:02,10,9,0,0,0,1,2,0.9,0.32000000000000006,remove_supply_chain_context
R04495,U1137,U1198,2024-09-17T00:00:03,7,9,0,0,0,0,2,0.8,0.24,remove_supply_chain_context
R04496,U0761,U0938,2024-09-17T00:00:04,11,8,1,0,0,0,1,0.9,0.32000000000000006,remove_supply_chain_context
R04497,U0050,U0452,2024-09-17T00:00:05,9,7,0,0,0,0,5,0.8,0.24,remove_supply_chain_context
R04498,U0115,U0924,2024-09-17T00:00:06,6,6,0,0,0,0,3,0.8,0.24,remove_supply_chain_context
R04499,U0299,U0407,2024-09-17T00:00:07,8,9,0,0,0,0,4,0.8,0.24,remove_supply_chain_context
R04500,U0903,U0994,2024-09-17T00:00:08,11,7,0,0,1,0,5,0.9,0.32000000000000006,remove_supply_chain_context
R04501,U1301,U1354,2024-09-18T00:00:01,10,6,0,0,0,0,0,0.9,0.32000000000000006,remove_supply_chain_context
R04502,U0257,U1124,2024-09-18T00:00:02,7,9,0,0,0,0,3,0.8,0.24,remove_supply_chain_context
R04503,U1034,U1180,2024-09-18T00:00:03,9,9,0,0,0,0,3,0.9,0.32000000000000006,remove_supply_chain_context
R04504,U0439,U1296,2024-09-18T00:00:04,6,5,0,0,0,0,1,0.9,0.32000000000000006,remove_supply_chain_context
R04505,U0083,U0101,2024-09-18T00:00:05,5,5,0,0,0,0,2,0.9,0.32000000000000006,remove_supply_chain_context
R04506,U0692,U0980,2024-09-18T00:00:06,11,8,0,0,0,0,2,0.9,0.32000000000000006,remove_supply_chain_context
R04507,U0263,U1335,2024-09-18T00:00:07,8,6,0,0,0,0,3,0.375,-0.1,remove_supply_chain_context
R04508,U0095,U1195,2024-09-19T00:00:01,7,10,0,0,0,0,2,0.9,0.32000000000000006,remove_supply_chain_context
R04509,U0683,U1388,2024-09-19T00:00:02,6,6,0,0,0,0,1,0.9,0.32000000000000006,remove_supply_chain_context
R04510,U0710,U1252,2024-09-19T00:00:03,6,6,0,0,0,0,1,0.325,-0.13999999999999999,remove_supply_chain_context
R04511,U0197,U0237,2024-09-19T00:00:04,6,7,0,0,0,0,4,0.44,-0.048,remove_supply_chain_context
R04512,U0651,U1265,2024-09-19T00:00:05,8,7,0,0,0,0,1,0.9,0.32000000000000006,remove_supply_chain_context
R04513,U0791,U0941,2024-09-19T00:00:06,7,6,0,0,0,1,1,0.44,-0.048,remove_supply_chain_context
R04514,U0016,U1334,2024-09-19T00:00:07,9,9,0,0,1,0,0,0.375,-0.1,remove_supply_chain_context
R04515,U0340,U0414,2024-09-19T00:00:08,10,6,0,0,0,0,1,0.9,0.32000000000000006,remove_supply_chain_context
R04516,U0992,U1143,2024-09-20T00:00:01,7,9,0,0,0,0,4,0.9,0.32000000000000006,remove_supply_chain_context
R04517,U0800,U1187,2024-09-20T00:00:02,8,7,0,0,0,0,2,0.325,-0.13999999999999999,remove_supply_chain_context
R04518,U0106,U0875,2024-09-20T00:00:03,7,10,0,0,0,0,1,0.8,0.24,remove_supply_chain_context
R04519,U0730,U1223,2024-09-20T00:00:04,6,6,0,0,0,0,1,0.9,0.32000000000000006,remove_supply_chain_context
R04520,U0016,U1145,2024-09-20T00:00:05,10,6,0,0,0,1,1,0.8,0.24,remove_supply_chain_context
R04521,U0164,U0563,2024-09-20T00:00:06,6,5,0,0,0,1,2,0.9,0.32000000000000006,remove_supply_chain_context
R04522,U1028,U1155,2024-09-20T00:00:07,6,6,0,0,0,0,1,0.375,-0.1,remove_supply_chain_context
R04523,U0758,U0834,2024-09-20T00:00:08,5,5,0,0,0,0,4,0.8,0.24,remove_supply_chain_context
R04524,U0475,U0592,2024-09-21T00:00:01,6,8,0,0,0,0,5,0.44,-0.048,remove_supply_chain_context
R04525,U0676,U1097,2024-09-21T00:00:02,8,6,0,0,0,0,0,0.325,-0.13999999999999999,remove_supply_chain_context
R04526,U0431,U1053,2024-09-21T00:00:03,8,10,0,0,0,0,4,0.8,0.24,remove_supply_chain_context
R04527,U0215,U0474,2024-09-21T00:00:04,8,7,0,0,0,1,0,0.325,-0.13999999999999999,remove_supply_chain_context
R04528,U0156,U1193,2024-09-21T00:00:05,6,7,0,0,0,0,1,0.9,0.32000000000000006,remove_supply_chain_context
R04529,U0002,U1000,2024-09-21T00:00:06,8,7,0,0,1,0,4,0.8,0.24,remove_supply_chain_context
R04530,U0666,U0797,2024-09-21T00:00:07,10,8,0,0,0,0,0,0.9,0.32000000000000006,remove_supply_chain_context
R04531,U0427,U0649,2024-09-22T00:00:00,6,8,0,0,0,0,1,0.9,0.32000000000000006,remove_supply_chain_context
R04532,U0178,U0913,2024-09-22T00:00:01,6,6,0,0,0,0,0,0.8,0.24,remove_supply_chain_context
R04533,U0408,U0871,2024-09-22T00:00:02,7,6,0,0,0,0,3,0.9,0.32000000000000006,remove_supply_chain_context
R04534,U0042,U1003,2024-09-22T00:00:03,7,8,0,0,0,1,1,0.325,-0.13999999999999999,remove_supply_chain_context
R04535,U0164,U0988,2024-09-22T00:00:04,7,7,0,0,0,0,3,0.375,-0.1,remove_supply_chain_context
R04536,U0101,U0847,2024-09-22T00:00:05,6,5,0,0,0,0,3,0.325,-0.13999999999999999,remove_supply_chain_context
R04537,U0286,U0322,2024-09-22T00:00:06,6,8,0,0,0,0,5,0.375,-0.1,remove_supply_chain_context
R04538,U0954,U1324,2024-09-22T00:00:07,8,9,0,0,0,0,4,0.9,0.32000000000000006,remove_supply_chain_context
R04539,U0742,U1379,2024-09-23T00:00:01,8,8,0,0,0,0,1,0.9,0.32000000000000006,remove_supply_chain_context
R04540,U0508,U0752,2024-09-23T00:00:02,6,8,0,0,0,0,4,0.9,0.32000000000000006,remove_supply_chain_context
R04541,U0883,U1293,2024-09-23T00:00:03,6,7,0,0,0,0,0,0.8,0.24,remove_supply_chain_context
R04542,U0102,U0227,2024-09-23T00:00:04,5,8,0,0,0,0,4,0.9,0.32000000000000006,remove_supply_chain_context
R04543,U0154,U1011,2024-09-23T00:00:05,9,9,0,0,1,0,2,0.325,-0.13999999999999999,remove_supply_chain_context
R04544,U0483,U1098,2024-09-23T00:00:06,9,6,0,0,0,1,1,0.9,0.32000000000000006,remove_supply_chain_context
R04545,U0204,U0712,2024-09-23T00:00:07,7,8,0,0,0,0,4,0.9,0.32000000000000006,remove_supply_chain_context
R04546,U0154,U0974,2024-09-23T00:00:08,10,7,0,0,0,1,0,0.9,0.32000000000000006,remove_supply_chain_context
R04547,U0170,U0405,2024-09-24T00:00:01,5,6,0,0,0,0,2,0.9,0.32000000000000006,remove_supply_chain_context
R04548,U0733,U1389,2024-09-24T00:00:02,7,7,0,0,1,0,0,0.9,0.32000000000000006,remove_supply_chain_context
R04549,U0131,U1109,2024-09-24T00:00:03,8,6,0,0,0,0,2,0.9,0.32000000000000006,remove_supply_chain_context
R04550,U1125,U1131,2024-09-24T00:00:04,10,7,0,0,0,0,0,0.9,0.32000000000000006,remove_supply_chain_context
R04551,U0170,U1278,2024-09-24T00:00:05,6,10,0,0,0,0,1,0.9,0.32000000000000006,remove_supply_chain_context
R04552,U0887,U1180,2024-09-24T00:00:06,7,10,0,0,0,1,1,0.9,0.32000000000000006,remove_supply_chain_context
R04553,U1108,U1231,2024-09-24T00:00:07,6,6,0,1,1,0,3,0.375,-0.1,remove_supply_chain_context
R04554,U1090,U1336,2024-09-24T00:00:08,9,8,0,0,0,0,1,0.9,0.32000000000000006,remove_supply_chain_context
R04555,U0816,U1252,2024-09-25T00:00:01,6,7,0,0,0,0,3,0.9,0.32000000000000006,remove_supply_chain_context
R04556,U0043,U0863,2024-09-25T00:00:02,7,7,0,0,0,0,1,0.8,0.24,remove_supply_chain_context
R04557,U0491,U0966,2024-09-25T00:00:03,5,7,0,0,0,0,5,0.9,0.32000000000000006,remove_supply_chain_context
R04558,U0954,U1387,2024-09-25T00:00:04,9,10,0,0,0,0,3,0.9,0.32000000000000006,remove_supply_chain_context
R04559,U0507,U1266,2024-09-25T00:00:05,9,6,0,0,0,0,4,0.8,0.24,remove_supply_chain_context
R04560,U0051,U0514,2024-09-25T00:00:06,6,7,0,0,0,0,1,0.8,0.24,remove_supply_chain_context
R04561,U0294,U0384,2024-09-25T00:00:07,7,8,0,0,0,0,1,0.9,0.32000000000000006,remove_supply_chain_context
R04562,U0723,U0726,2024-09-26T00:00:01,8,9,2,0,0,0,3,0.8,0.24,remove_supply_chain_context
R04563,U0311,U1244,2024-09-26T00:00:02,8,7,0,0,0,0,5,0.9,0.32000000000000006,remove_supply_chain_context
R04564,U0138,U1331,2024-09-26T00:00:03,8,6,0,0,0,1,2,0.9,0.32000000000000006,remove_supply_chain_context
R04565,U0470,U0607,2024-09-26T00:00:04,5,7,0,0,0,0,4,0.8,0.24,remove_supply_chain_context
R04566,U0021,U1334,2024-09-26T00:00:05,7,10,0,0,0,0,2,0.8,0.24,remove_supply_chain_context
R04567,U0027,U1202,2024-09-26T00:00:06,9,7,0,0,1,0,3,0.9,0.32000000000000006,remove_supply_chain_context
R04568,U0573,U1231,2024-09-26T00:00:07,10,7,0,0,0,0,3,0.9,0.32000000000000006,remove_supply_chain_context
R04569,U0642,U1218,2024-09-26T00:00:08,10,9,0,0,0,0,1,0.9,0.32000000000000006,remove_supply_chain_context
R04570,U0700,U0759,2024-09-27T00:00:01,9,10,0,0,0,0,1,0.9,0.32000000000000006,remove_supply_chain_context
R04571,U0401,U0597,2024-09-27T00:00:02,5,5,0,0,0,0,4,0.8,0.24,remove_supply_chain_context
R04572,U0117,U1156,2024-09-27T00:00:03,8,8,0,0,0,0,4,0.9,0.32000000000000006,remove_supply_chain_context
R04573,U0475,U0731,2024-09-27T00:00:04,7,11,0,0,0,0,0,0.375,-0.1,remove_supply_chain_context
R04574,U0190,U0913,2024-09-27T00:00:05,8,7,0,0,0,0,1,0.325,-0.13999999999999999,remove_supply_chain_context
R04575,U0956,U1146,2024-09-27T00:00:06,6,9,0,0,0,0,3,0.9,0.32000000000000006,remove_supply_chain_context
R04576,U0155,U0877,2024-09-27T00:00:07,8,9,0,0,0,0,4,0.9,0.32000000000000006,remove_supply_chain_context
R04577,U0577,U0649,2024-09-27T00:00:08,9,9,0,0,0,0,0,0.9,0.32000000000000006,remove_supply_chain_context
R04578,U0164,U0318,2024-09-28T00:00:01,8,10,0,0,0,0,3,0.375,-0.1,remove_supply_chain_context
R04579,U0624,U0887,2024-09-28T00:00:02,8,8,0,0,0,0,0,0.9,0.32000000000000006,remove_supply_chain_context
R04580,U0327,U0890,2024-09-28T00:00:03,6,6,0,0,0,0,3,0.44,-0.048,remove_supply_chain_context
R04581,U0810,U1106,2024-09-28T00:00:04,12,9,0,0,0,0,2,0.9,0.32000000000000006,remove_supply_chain_context
R04582,U0122,U0218,2024-09-28T00:00:05,7,8,0,0,0,0,1,0.8,0.24,remove_supply_chain_context
R04583,U1101,U1222,2024-09-28T00:00:06,9,9,0,0,0,0,5,0.8,0.24,remove_supply_chain_context
R04584,U0405,U1199,2024-09-28T00:00:07,7,12,0,0,0,0,4,0.9,0.32000000000000006,remove_supply_chain_context
R04585,U0936,U1193,2024-10-01T00:00:00,11,8,0,0,0,0,2,0.8,0.24,remove_supply_chain_context
R04586,U0872,U1266,2024-10-01T00:00:01,6,7,1,0,0,1,2,0.8,0.24,remove_supply_chain_context
R04587,U0376,U1029,2024-10-01T00:00:02,6,6,0,0,0,0,6,0.375,-0.1,remove_supply_chain_context
R04588,U0929,U1008,2024-10-01T00:00:03,8,8,0,0,0,0,2,0.9,0.32000000000000006,remove_supply_chain_context
R04589,U0311,U0769,2024-10-01T00:00:04,9,8,0,0,0,0,5,0.44,-0.048,remove_supply_chain_context
R04590,U0703,U1009,2024-10-01T00:00:05,8,7,0,0,0,0,1,0.9,0.32000000000000006,remove_supply_chain_context
R04591,U0695,U0922,2024-10-01T00:00:06,12,6,0,0,1,0,3,0.325,-0.13999999999999999,remove_supply_chain_context
R04592,U1137,U1375,2024-10-01T00:00:07,8,7,0,0,0,0,1,0.9,0.32000000000000006,remove_supply_chain_context
R04593,U0245,U0623,2024-10-02T00:00:01,7,8,0,0,1,0,1,0.8,0.24,remove_supply_chain_context
R04594,U0828,U1382,2024-10-02T00:00:02,9,9,0,0,0,0,3,0.375,-0.1,remove_supply_chain_context
R04595,U0108,U0142,2024-10-02T00:00:03,8,8,0,0,0,1,3,0.375,-0.1,remove_supply_chain_context
R04596,U0178,U1033,2024-10-02T00:00:04,7,6,0,0,1,0,2,0.44,-0.048,remove_supply_chain_context
R04597,U0780,U1397,2024-10-02T00:00:05,7,10,0,0,0,0,6,0.375,-0.1,remove_supply_chain_context
R04598,U0312,U0499,2024-10-02T00:00:06,9,8,0,0,0,0,2,0.8,0.24,remove_supply_chain_context
R04599,U0380,U0580,2024-10-02T00:00:07,7,8,0,0,0,0,2,0.9,0.32000000000000006,remove_supply_chain_context
R04600,U0427,U0851,2024-10-02T00:00:08,7,9,0,0,0,0,1,0.8,0.24,remove_supply_chain_context
R04601,U0483,U0857,2024-10-03T00:00:01,10,7,0,0,0,0,3,0.9,0.32000000000000006,remove_supply_chain_context
R04602,U0004,U0899,2024-10-03T00:00:02,6,5,0,0,0,0,5,0.9,0.32000000000000006,remove_supply_chain_context
R04603,U0943,U1094,2024-10-03T00:00:03,9,6,0,0,0,0,5,0.9,0.32000000000000006,remove_supply_chain_context
R04604,U0099,U0262,2024-10-03T00:00:04,8,5,0,0,0,1,0,0.8,0.24,remove_supply_chain_context
R04605,U0102,U0185,2024-10-03T00:00:05,6,7,0,0,0,0,0,0.325,-0.13999999999999999,remove_supply_chain_context
R04606,U0883,U1119,2024-10-03T00:00:06,7,6,0,0,0,0,3,0.9,0.32000000000000006,remove_supply_chain_context
R04607,U0728,U1149,2024-10-03T00:00:07,8,8,0,0,1,0,0,0.9,0.32000000000000006,remove_supply_chain_context
R04608,U0069,U0195,2024-10-03T00:00:08,7,9,0,0,0,0,2,0.9,0.32000000000000006,remove_supply_chain_context
R04609,U0981,U1328,2024-10-04T00:00:01,6,9,0,0,0,0,1,0.9,0.32000000000000006,remove_supply_chain_context
R04610,U0241,U0756,2024-10-04T00:00:02,9,9,0,0,0,0,3,0.9,0.32000000000000006,remove_supply_chain_context
R04611,U0050,U1356,2024-10-04T00:00:03,10,6,0,0,0,0,2,0.325,-0.13999999999999999,remove_supply_chain_context
R04612,U0625,U0816,2024-10-04T00:00:04,6,7,0,0,0,0,3,0.8,0.24,remove_supply_chain_context
R04613,U0991,U1207,2024-10-04T00:00:05,6,9,0,0,0,0,6,0.375,-0.1,remove_supply_chain_context
R04614,U0183,U0351,2024-10-04T00:00:06,12,7,0,0,0,0,0,0.9,0.32000000000000006,remove_supply_chain_context
R04615,U0207,U0271,2024-10-04T00:00:07,8,8,0,0,0,0,0,0.375,-0.1,remove_supply_chain_context
R04616,U0070,U0657,2024-10-05T00:00:01,8,7,0,0,0,0,1,0.9,0.32000000000000006,remove_supply_chain_context
R04617,U0796,U1332,2024-10-05T00:00:02,8,6,0,0,0,0,4,0.44,-0.048,remove_supply_chain_context
R04618,U0113,U1143,2024-10-05T00:00:03,7,10,0,0,0,0,4,0.8,0.24,remove_supply_chain_context
R04619,U0333,U0686,2024-10-05T00:00:04,10,7,0,0,0,0,2,0.9,0.32000000000000006,remove_supply_chain_context
R04620,U1005,U1288,2024-10-05T00:00:05,6,6,0,0,0,0,4,0.9,0.32000000000000006,remove_supply_chain_context
R04621,U0270,U0826,2024-10-05T00:00:06,11,8,0,0,0,1,3,0.8,0.24,remove_supply_chain_context
R04622,U0277,U0657,2024-10-05T00:00:07,7,8,0,0,0,0,3,0.375,-0.1,remove_supply_chain_context
R04623,U0827,U1384,2024-10-05T00:00:08,5,9,0,0,1,0,2,0.325,-0.13999999999999999,remove_supply_chain_context
R04624,U0153,U0302,2024-10-06T00:00:01,6,9,0,0,0,0,1,0.375,-0.1,remove_supply_chain_context
R04625,U0124,U0161,2024-10-06T00:00:02,8,8,0,0,0,0,6,0.9,0.32000000000000006,remove_supply_chain_context
R04626,U0712,U1308,2024-10-06T00:00:03,9,7,0,0,0,0,1,0.325,-0.13999999999999999,remove_supply_chain_context
R04627,U0155,U0653,2024-10-06T00:00:04,9,9,0,0,0,0,4,0.44,-0.048,remove_supply_chain_context
R04628,U0950,U1038,2024-10-06T00:00:05,6,8,0,0,0,0,2,0.9,0.32000000000000006,remove_supply_chain_context
R04629,U0337,U0501,2024-10-06T00:00:06,7,6,0,0,0,0,1,0.9,0.32000000000000006,remove_supply_chain_context
R04630,U0092,U0103,2024-10-06T00:00:07,10,9,0,0,0,0,4,0.9,0.32000000000000006,remove_supply_chain_context
R04631,U0487,U1184,2024-10-06T00:00:08,10,6,0,0,0,0,1,0.8,0.24,remove_supply_chain_context
R04632,U0223,U0890,2024-10-07T00:00:01,7,7,1,0,1,0,1,0.9,0.32000000000000006,remove_supply_chain_context
R04633,U0739,U1197,2024-10-07T00:00:02,5,10,0,0,0,0,2,0.375,-0.1,remove_supply_chain_context
R04634,U0374,U1231,2024-10-07T00:00:03,7,8,0,0,0,1,1,0.8,0.24,remove_supply_chain_context
R04635,U0428,U0925,2024-10-07T00:00:04,7,9,0,0,0,0,6,0.9,0.32000000000000006,remove_supply_chain_context
R04636,U1264,U1312,2024-10-07T00:00:05,8,5,0,0,0,0,1,0.8,0.24,remove_supply_chain_context
R04637,U0985,U1216,2024-10-07T00:00:06,7,9,0,0,0,0,1,0.375,-0.1,remove_supply_chain_context
R04638,U1050,U1271,2024-10-07T00:00:07,7,11,0,0,0,0,3,0.325,-0.13999999999999999,remove_supply_chain_context
R04639,U0835,U0949,2024-10-08T00:00:00,6,6,0,0,0,0,1,0.9,0.32000000000000006,remove_supply_chain_context
R04640,U0167,U0944,2024-10-08T00:00:01,6,10,0,0,0,0,0,0.8,0.24,remove_supply_chain_context
R04641,U0347,U1128,2024-10-08T00:00:02,8,10,0,0,0,0,3,0.325,-0.13999999999999999,remove_supply_chain_context
R04642,U0597,U0667,2024-10-08T00:00:03,6,8,0,0,0,0,0,0.9,0.32000000000000006,remove_supply_chain_context
R04643,U0502,U0919,2024-10-08T00:00:04,11,9,0,0,0,0,2,0.9,0.32000000000000006,remove_supply_chain_context
R04644,U0138,U0334,2024-10-08T00:00:05,9,7,0,0,0,1,2,0.375,-0.1,remove_supply_chain_context
R04645,U1109,U1175,2024-10-08T00:00:06,7,9,0,0,0,0,4,0.8,0.24,remove_supply_chain_context
R04646,U0254,U1142,2024-10-08T00:00:07,8,5,0,0,0,0,1,0.8,0.24,remove_supply_chain_context
R04647,U0928,U0945,2024-10-09T00:00:01,7,7,0,0,0,0,4,0.44,-0.048,remove_supply_chain_context
R04648,U0847,U0890,2024-10-09T00:00:02,6,8,0,0,0,0,2,0.9,0.32000000000000006,remove_supply_chain_context
R04649,U0418,U0918,2024-10-09T00:00:03,8,8,0,0,0,0,3,0.325,-0.13999999999999999,remove_supply_chain_context
R04650,U0561,U1399,2024-10-09T00:00:04,6,7,0,0,0,0,2,0.375,-0.1,remove_supply_chain_context
R04651,U0624,U1207,2024-10-09T00:00:05,9,10,0,0,0,0,4,0.8,0.24,remove_supply_chain_context
R04652,U0183,U1058,2024-10-09T00:00:06,13,7,1,0,0,0,2,0.9,0.32000000000000006,remove_supply_chain_context
R04653,U0640,U0664,2024-10-09T00:00:07,11,7,0,0,0,0,2,0.9,0.32000000000000006,remove_supply_chain_context
R04654,U1094,U1256,2024-10-09T00:00:08,7,7,0,0,0,0,1,0.9,0.32000000000000006,remove_supply_chain_context
R04655,U0888,U1028,2024-10-10T00:00:01,10,7,0,0,0,1,2,0.9,0.32000000000000006,remove_supply_chain_context
R04656,U0573,U1194,2024-10-10T00:00:02,11,6,0,0,0,0,1,0.9,0.32000000000000006,remove_supply_chain_context
R04657,U0028,U1152,2024-10-10T00:00:03,6,5,0,0,1,1,1,0.325,-0.13999999999999999,remove_supply_chain_context
R04658,U1212,U1301,2024-10-10T00:00:04,6,11,0,0,0,1,1,0.8,0.24,remove_supply_chain_context
R04659,U0392,U1358,2024-10-10T00:00:05,6,11,0,0,0,0,3,0.9,0.32000000000000006,remove_supply_chain_context
R04660,U0444,U0527,2024-10-10T00:00:06,9,6,0,0,0,0,1,0.8,0.24,remove_supply_chain_context
R04661,U0953,U1105,2024-10-10T00:00:07,7,8,0,0,0,0,1,0.9,0.32000000000000006,remove_supply_chain_context
R04662,U0434,U1137,2024-10-10T00:00:08,10,9,0,0,0,0,1,0.9,0.32000000000000006,remove_supply_chain_context
R04663,U1022,U1271,2024-10-11T00:00:01,9,12,0,0,0,0,1,0.9,0.32000000000000006,remove_supply_chain_context
R04664,U0048,U0196,2024-10-11T00:00:02,7,8,0,0,0,0,2,0.8,0.24,remove_supply_chain_context
R04665,U0199,U1285,2024-10-11T00:00:03,7,8,0,0,1,1,0,0.8,0.24,remove_supply_chain_context
R04666,U0482,U1396,2024-10-11T00:00:04,10,7,0,0,0,0,3,0.9,0.32000000000000006,remove_supply_chain_context
R04667,U0261,U0266,2024-10-11T00:00:05,7,8,0,0,0,0,1,0.9,0.32000000000000006,remove_supply_chain_context
R04668,U0139,U0191,2024-10-11T00:00:06,6,10,0,0,0,0,2,0.9,0.32000000000000006,remove_supply_chain_context
R04669,U0004,U0394,2024-10-11T00:00:07,7,6,0,0,0,1,0,0.9,0.32000000000000006,remove_supply_chain_context
R04670,U0399,U0548,2024-10-12T00:00:01,6,7,0,0,0,1,0,0.44,-0.048,remove_supply_chain_context
R04671,U0546,U0689,2024-10-12T00:00:02,8,8,0,0,0,0,5,0.9,0.32000000000000006,remove_supply_chain_context
R04672,U0214,U0334,2024-10-12T00:00:03,7,8,0,0,1,1,1,0.9,0.32000000000000006,remove_supply_chain_context
R04673,U0581,U0939,2024-10-12T00:00:04,7,12,0,0,0,1,3,0.8,0.24,remove_supply_chain_context
R04674,U0627,U0770,2024-10-12T00:00:05,6,5,0,0,0,0,4,0.9,0.32000000000000006,remove_supply_chain_context
R04675,U1149,U1170,2024-10-12T00:00:06,9,7,0,0,0,0,1,0.9,0.32000000000000006,remove_supply_chain_context
R04676,U0943,U1151,2024-10-12T00:00:07,10,6,0,0,0,0,1,0.9,0.32000000000000006,remove_supply_chain_context
R04677,U0145,U1150,2024-10-12T00:00:08,6,8,0,0,0,0,2,0.9,0.32000000000000006,remove_supply_chain_context
R04678,U0159,U1236,2024-10-13T00:00:01,12,8,1,0,0,0,3,0.8,0.24,remove_supply_chain_context
R04679,U0196,U1102,2024-10-13T00:00:02,9,6,0,0,1,0,0,0.375,-0.1,remove_supply_chain_context
R04680,U0210,U0812,2024-10-13T00:00:03,7,8,0,0,0,0,2,0.8,0.24,remove_supply_chain_context
R04681,U0107,U1373,2024-10-13T00:00:04,10,10,0,0,0,0,4,0.8,0.24,remove_supply_chain_context
R04682,U0138,U0742,2024-10-13T00:00:05,10,9,0,0,0,0,0,0.8,0.24,remove_supply_chain_context
R04683,U0564,U1028,2024-10-13T00:00:06,7,8,0,0,1,0,0,0.375,-0.1,remove_supply_chain_context
R04684,U0115,U0312,2024-10-13T00:00:07,7,10,0,0,0,0,0,0.9,0.32000000000000006,remove_supply_chain_context
R04685,U1141,U1157,2024-10-13T00:00:08,9,8,0,0,1,0,3,0.8,0.24,remove_supply_chain_context
R04686,U0779,U0799,2024-10-14T00:00:01,8,9,0,0,0,0,2,0.9,0.32000000000000006,remove_supply_chain_context
R04687,U0044,U0119,2024-10-14T00:00:02,6,8,0,0,0,0,1,0.9,0.32000000000000006,remove_supply_chain_context
R04688,U0205,U0768,2024-10-14T00:00:03,9,7,0,1,1,0,4,0.44,-0.048,remove_supply_chain_context
R04689,U0056,U0139,2024-10-14T00:00:04,5,7,0,0,0,1,2,0.375,-0.1,remove_supply_chain_context
R04690,U0342,U0880,2024-10-14T00:00:05,9,9,0,0,0,0,4,0.9,0.32000000000000006,remove_supply_chain_context
R04691,U0668,U0706,2024-10-14T00:00:06,7,6,0,0,0,1,2,0.375,-0.1,remove_supply_chain_context
R04692,U0319,U1200,2024-10-14T00:00:07,9,5,0,0,0,1,2,0.9,0.32000000000000006,remove_supply_chain_context
R04693,U0559,U0804,2024-10-15T00:00:00,9,7,0,0,0,0,5,0.375,-0.1,remove_supply_chain_context
R04694,U0733,U1179,2024-10-15T00:00:01,8,7,0,0,0,0,1,0.44,-0.048,remove_supply_chain_context
R04695,U0062,U1240,2024-10-15T00:00:02,6,10,0,0,0,0,2,0.9,0.32000000000000006,remove_supply_chain_context
R04696,U0910,U1373,2024-10-15T00:00:03,7,11,0,0,0,0,4,0.9,0.32000000000000006,remove_supply_chain_context
R04697,U0968,U1237,2024-10-15T00:00:04,7,7,0,0,0,1,0,0.8,0.24,remove_supply_chain_context
R04698,U0563,U0921,2024-10-15T00:00:05,6,7,0,0,0,0,1,0.9,0.32000000000000006,remove_supply_chain_context
R04699,U0204,U1165,2024-10-15T00:00:06,8,9,0,0,0,0,1,0.375,-0.1,remove_supply_chain_context
R04700,U0064,U0737,2024-10-15T00:00:07,6,6,0,0,0,0,1,0.9,0.32000000000000006,remove_supply_chain_context
R04701,U0270,U1182,2024-10-16T00:00:01,12,9,0,0,0,0,4,0.8,0.24,remove_supply_chain_context
R04702,U1064,U1401,2024-10-16T00:00:02,8,13,0,0,0,0,0,0.8,0.24,remove_supply_chain_context
R04703,U0736,U1280,2024-10-16T00:00:03,10,6,0,0,0,0,2,0.9,0.32000000000000006,remove_supply_chain_context
R04704,U0170,U0292,2024-10-16T00:00:04,7,8,0,0,0,0,2,0.8,0.24,remove_supply_chain_context
R04705,U0627,U0976,2024-10-16T00:00:05,7,7,0,0,0,0,5,0.44,-0.048,remove_supply_chain_context
R04706,U0302,U1197,2024-10-16T00:00:06,10,11,0,0,0,0,6,0.9,0.32000000000000006,remove_supply_chain_context
R04707,U0287,U1289,2024-10-16T00:00:07,7,7,0,0,0,0,3,0.375,-0.1,remove_supply_chain_context
R04708,U0529,U0842,2024-10-16T00:00:08,7,8,0,0,0,1,1,0.44,-0.048,remove_supply_chain_context
R04709,U0469,U1036,2024-10-17T00:00:01,8,7,0,0,0,0,4,0.375,-0.1,remove_supply_chain_context
R04710,U0611,U1360,2024-10-17T00:00:02,13,6,0,0,0,0,1,0.375,-0.1,remove_supply_chain_context
R04711,U0576,U0606,2024-10-17T00:00:03,5,8,0,0,0,0,2,0.9,0.32000000000000006,remove_supply_chain_context
R04712,U0928,U1004,2024-10-17T00:00:04,8,7,0,0,0,0,2,0.325,-0.13999999999999999,remove_supply_chain_context
R04713,U0467,U1310,2024-10-17T00:00:05,6,10,0,0,0,0,1,0.9,0.32000000000000006,remove_supply_chain_context
R04714,U0857,U0871,2024-10-17T00:00:06,8,7,0,0,0,0,0,0.375,-0.1,remove_supply_chain_context
R04715,U0305,U0697,2024-10-17T00:00:07,8,9,0,0,0,0,0,0.325,-0.13999999999999999,remove_supply_chain_context
R04716,U0154,U0200,2024-10-17T00:00:08,11,9,0,0,0,0,4,0.9,0.32000000000000006,remove_supply_chain_context
R04717,U0938,U1073,2024-10-18T00:00:01,9,8,0,0,0,0,2,0.375,-0.1,remove_supply_chain_context
R04718,U0057,U0810,2024-10-18T00:00:02,8,13,0,0,0,0,5,0.8,0.24,remove_supply_chain_context
R04719,U0353,U1031,2024-10-18T00:00:03,8,5,0,0,0,1,3,0.44,-0.048,remove_supply_chain_context
R04720,U0541,U1053,2024-10-18T00:00:04,10,11,0,0,0,0,0,0.9,0.32000000000000006,remove_supply_chain_context
R04721,U1207,U1253,2024-10-18T00:00:05,11,9,0,0,0,0,1,0.9,0.32000000000000006,remove_supply_chain_context
R04722,U0270,U0501,2024-10-18T00:00:06,13,7,0,0,0,0,0,0.8,0.24,remove_supply_chain_context
R04723,U0592,U1297,2024-10-18T00:00:07,9,9,1,0,0,0,6,0.375,-0.1,remove_supply_chain_context
R04724,U0525,U0752,2024-10-19T00:00:01,7,9,0,0,1,0,1,0.375,-0.1,remove_supply_chain_context
R04725,U1247,U1381,2024-10-19T00:00:02,7,6,0,0,0,0,0,0.325,-0.13999999999999999,remove_supply_chain_context
R04726,U0109,U0819,2024-10-19T00:00:03,8,6,0,0,0,1,4,0.9,0.32000000000000006,remove_supply_chain_context
R04727,U0635,U1100,2024-10-19T00:00:04,7,7,0,0,0,0,6,0.9,0.32000000000000006,remove_supply_chain_context
R04728,U0423,U0761,2024-10-19T00:00:05,7,12,0,0,0,0,6,0.9,0.32000000000000006,remove_supply_chain_context
R04729,U0092,U0534,2024-10-19T00:00:06,11,10,0,0,0,0,4,0.9,0.32000000000000006,remove_supply_chain_context
R04730,U0142,U0839,2024-10-19T00:00:07,9,9,0,0,0,0,2,0.8,0.24,remove_supply_chain_context
R04731,U0232,U0758,2024-10-19T00:00:08,5,6,0,0,0,0,0,0.325,-0.13999999999999999,remove_supply_chain_context
R04732,U0919,U1040,2024-10-20T00:00:01,10,9,0,0,0,0,4,0.375,-0.1,remove_supply_chain_context
R04733,U0076,U0854,2024-10-20T00:00:02,6,6,0,0,0,0,1,0.8,0.24,remove_supply_chain_context
R04734,U0102,U1257,2024-10-20T00:00:03,7,11,0,0,0,1,3,0.375,-0.1,remove_supply_chain_context
R04735,U0686,U1359,2024-10-20T00:00:04,8,8,0,0,0,0,3,0.375,-0.1,remove_supply_chain_context
R04736,U0415,U0509,2024-10-20T00:00:05,7,6,0,0,0,1,3,0.375,-0.1,remove_supply_chain_context
R04737,U0432,U0663,2024-10-20T00:00:06,5,9,0,0,0,1,1,0.375,-0.1,remove_supply_chain_context
R04738,U0916,U1296,2024-10-20T00:00:07,7,6,0,0,0,0,2,0.375,-0.1,remove_supply_chain_context
R04739,U0289,U1035,2024-10-20T00:00:08,10,6,0,0,1,0,5,0.9,0.32000000000000006,remove_supply_chain_context
R04740,U0878,U1302,2024-10-21T00:00:01,11,10,0,0,0,0,1,0.9,0.32000000000000006,remove_supply_chain_context
R04741,U0359,U0732,2024-10-21T00:00:02,8,6,0,0,0,0,1,0.375,-0.1,remove_supply_chain_context
R04742,U0299,U1359,2024-10-21T00:00:03,9,9,0,0,0,0,6,0.9,0.32000000000000006,remove_supply_chain_context
R04743,U1038,U1375,2024-10-21T00:00:04,9,8,0,0,0,0,0,0.9,0.32000000000000006,remove_supply_chain_context
R04744,U0016,U0728,2024-10-21T00:00:05,11,9,2,0,0,0,2,0.8,0.24,remove_supply_chain_context
R04745,U0200,U0404,2024-10-21T00:00:06,10,5,0,0,0,1,1,0.9,0.32000000000000006,remove_supply_chain_context
R04746,U1020,U1251,2024-10-21T00:00:07,6,7,0,0,0,0,1,0.375,-0.1,remove_supply_chain_context
R04747,U0401,U0685,2024-10-22T00:00:00,6,8,0,0,1,0,5,0.375,-0.1,remove_supply_chain_context
R04748,U0906,U1347,2024-10-22T00:00:01,9,7,0,0,0,0,1,0.8,0.24,remove_supply_chain_context
R04749,U0254,U0525,2024-10-22T00:00:02,9,8,0,0,0,0,0,0.325,-0.13999999999999999,remove_supply_chain_context
R04750,U0082,U1246,2024-10-22T00:00:03,7,5,0,0,0,0,5,0.8,0.24,remove_supply_chain_context
R04751,U0267,U0922,2024-10-22T00:00:04,6,7,0,0,0,0,1,0.375,-0.1,remove_supply_chain_context
R04752,U0227,U0944,2024-10-22T00:00:05,9,11,0,0,0,0,1,0.325,-0.13999999999999999,remove_supply_chain_context
R04753,U0359,U1021,2024-10-22T00:00:06,9,7,0,0,0,1,1,0.375,-0.1,remove_supply_chain_context
R04754,U1065,U1328,2024-10-22T00:00:07,7,10,0,0,0,0,0,0.9,0.32000000000000006,remove_supply_chain_context
R04755,U0099,U0856,2024-10-23T00:00:01,9,8,0,0,0,0,4,0.9,0.32000000000000006,remove_supply_chain_context
R04756,U1111,U1316,2024-10-23T00:00:02,7,6,0,0,0,0,1,0.44,-0.048,remove_supply_chain_context
R04757,U0148,U0933,2024-10-23T00:00:03,6,6,0,0,0,0,1,0.9,0.32000000000000006,remove_supply_chain_context
R04758,U0773,U1197,2024-10-23T00:00:04,8,12,0,0,0,1,4,0.8,0.24,remove_supply_chain_context
R04759,U0542,U1061,2024-10-23T00:00:05,8,10,0,0,0,0,1,0.8,0.24,remove_supply_chain_context
R04760,U0820,U0945,2024-10-23T00:00:06,6,8,0,0,0,0,0,0.8,0.24,remove_supply_chain_context
R04761,U1063,U1369,2024-10-23T00:00:07,10,6,0,0,0,0,1,0.375,-0.1,remove_supply_chain_context
R04762,U0139,U0768,2024-10-23T00:00:08,8,8,0,0,0,0,1,0.9,0.32000000000000006,remove_supply_chain_context
R04763,U0543,U1073,2024-10-24T00:00:01,9,9,0,0,0,0,1,0.375,-0.1,remove_supply_chain_context
R04764,U0132,U1101,2024-10-24T00:00:02,7,10,0,0,0,0,2,0.9,0.32000000000000006,remove_supply_chain_context
R04765,U0499,U1080,2024-10-24T00:00:03,9,10,0,0,1,0,0,0.375,-0.1,remove_supply_chain_context
R04766,U0204,U0607,2024-10-24T00:00:04,9,8,0,0,0,0,0,0.44,-0.048,remove_supply_chain_context
R04767,U0854,U1184,2024-10-24T00:00:05,7,7,0,0,0,0,1,0.9,0.32000000000000006,remove_supply_chain_context
R04768,U0726,U0908,2024-10-24T00:00:06,10,8,0,0,1,0,0,0.325,-0.13999999999999999,remove_supply_chain_context
R04769,U0136,U1013,2024-10-24T00:00:07,6,6,0,0,0,0,4,0.325,-0.13999999999999999,remove_supply_chain_context
R04770,U0128,U0156,2024-10-24T00:00:08,6,7,0,0,0,1,3,0.375,-0.1,remove_supply_chain_context
R04771,U0269,U1100,2024-10-25T00:00:01,8,8,1,0,0,0,5,0.8,0.24,remove_supply_chain_context
R04772,U0338,U1067,2024-10-25T00:00:02,12,7,0,0,0,0,1,0.9,0.32000000000000006,remove_supply_chain_context
R04773,U0733,U1166,2024-10-25T00:00:03,9,6,0,0,0,0,0,0.9,0.32000000000000006,remove_supply_chain_context
R04774,U0447,U0953,2024-10-25T00:00:04,8,8,0,0,0,0,1,0.9,0.32000000000000006,remove_supply_chain_context
R04775,U0816,U1328,2024-10-25T00:00:05,8,11,0,0,0,0,1,0.9,0.32000000000000006,remove_supply_chain_context
R04776,U0970,U1120,2024-10-25T00:00:06,6,7,0,0,1,0,0,0.375,-0.1,remove_supply_chain_context
R04777,U1051,U1073,2024-10-25T00:00:07,6,10,0,0,0,0,1,0.9,0.32000000000000006,remove_supply_chain_context
R04778,U0150,U0521,2024-10-26T00:00:01,7,12,0,0,0,1,1,0.9,0.32000000000000006,remove_supply_chain_context
R04779,U0069,U0906,2024-10-26T00:00:02,8,10,0,0,0,0,2,0.9,0.32000000000000006,remove_supply_chain_context
R04780,U0613,U0985,2024-10-26T00:00:03,7,8,0,0,0,0,3,0.325,-0.13999999999999999,remove_supply_chain_context
R04781,U0417,U0934,2024-10-26T00:00:04,5,7,0,0,0,0,1,0.9,0.32000000000000006,remove_supply_chain_context
R04782,U0703,U0903,2024-10-26T00:00:05,9,12,0,0,0,0,3,0.8,0.24,remove_supply_chain_context
R04783,U0579,U1103,2024-10-26T00:00:06,8,6,0,0,0,0,2,0.375,-0.1,remove_supply_chain_context
R04784,U0611,U0664,2024-10-26T00:00:07,14,8,0,0,0,1,3,0.375,-0.1,remove_supply_chain_context
R04785,U0624,U0801,2024-10-26T00:00:08,10,6,0,0,0,0,4,0.375,-0.1,remove_supply_chain_context
R04786,U0115,U1277,2024-10-27T00:00:01,8,5,0,0,0,0,2,0.375,-0.1,remove_supply_chain_context
R04787,U0164,U1383,2024-10-27T00:00:02,9,15,0,0,0,0,0,0.44,-0.048,remove_supply_chain_context
R04788,U1031,U1397,2024-10-27T00:00:03,6,11,0,0,0,0,1,0.9,0.32000000000000006,remove_supply_chain_context
R04789,U0381,U0955,2024-10-27T00:00:04,6,8,0,0,0,0,1,0.9,0.32000000000000006,remove_supply_chain_context
R04790,U0265,U0484,2024-10-27T00:00:05,9,8,0,0,0,0,1,0.8,0.24,remove_supply_chain_context
R04791,U0814,U1371,2024-10-27T00:00:06,7,6,0,0,0,0,2,0.9,0.32000000000000006,remove_supply_chain_context
R04792,U1257,U1301,2024-10-27T00:00:07,12,12,0,0,0,0,2,0.8,0.24,remove_supply_chain_context
R04793,U0607,U0975,2024-10-27T00:00:08,9,8,0,0,0,0,4,0.9,0.32000000000000006,remove_supply_chain_context
R04794,U0205,U1381,2024-10-28T00:00:01,10,7,0,0,0,0,1,0.375,-0.1,remove_supply_chain_context
R04795,U0155,U0546,2024-10-28T00:00:02,10,9,0,0,0,0,0,0.8,0.24,remove_supply_chain_context
R04796,U0901,U1375,2024-10-28T00:00:03,6,9,0,0,0,0,1,0.9,0.32000000000000006,remove_supply_chain_context
R04797,U0684,U1047,2024-10-28T00:00:04,6,7,0,0,0,0,1,0.375,-0.1,remove_supply_chain_context
R04798,U0277,U1061,2024-10-28T00:00:05,8,11,0,0,1,0,2,0.8,0.24,remove_supply_chain_context
R04799,U0511,U0891,2024-10-28T00:00:06,6,8,0,0,0,0,0,0.8,0.24,remove_supply_chain_context
R04800,U0358,U1044,2024-10-28T00:00:07,6,10,0,0,0,0,2,0.9,0.32000000000000006,remove_supply_chain_context
R04801,U0009,U0701,2024-11-02T00:00:00,0,7,0,0,0,0,1,0.9,0.32000000000000006,remove_supply_chain_context
R04802,U0020,U1348,2024-11-02T00:00:01,0,8,0,0,0,1,3,0.325,-0.13999999999999999,remove_supply_chain_context
R04803,U0059,U0755,2024-11-02T00:00:02,0,7,0,0,0,0,4,0.9,0.32000000000000006,remove_supply_chain_context
R04804,U0129,U1069,2024-11-02T00:00:03,0,5,0,0,0,0,3,0.375,-0.1,remove_supply_chain_context
R04805,U0160,U0306,2024-11-02T00:00:04,0,8,0,0,0,0,1,0.9,0.32000000000000006,remove_supply_chain_context
R04806,U0162,U0444,2024-11-02T00:00:05,0,10,0,0,0,0,4,0.9,0.32000000000000006,remove_supply_chain_context
R04807,U0184,U1221,2024-11-03T00:00:01,0,6,0,0,0,0,3,0.9,0.32000000000000006,remove_supply_chain_context
R04808,U0282,U1193,2024-11-03T00:00:02,0,9,0,0,0,0,2,0.375,-0.1,remove_supply_chain_context
R04809,U0339,U0342,2024-11-03T00:00:03,0,10,0,0,0,0,3,0.8,0.24,remove_supply_chain_context
R04810,U0155,U0416,2024-11-03T00:00:04,11,0,0,0,0,0,5,0.8,0.24,remove_supply_chain_context
R04811,U0436,U0588,2024-11-03T00:00:05,0,7,0,0,0,0,3,0.375,-0.1,remove_supply_chain_context
R04812,U0331,U0440,2024-11-03T00:00:06,6,0,0,0,0,0,2,0.375,-0.1,remove_supply_chain_context
R04813,U0466,U0959,2024-11-04T00:00:01,0,8,0,0,0,1,3,0.9,0.32000000000000006,remove_supply_chain_context
R04814,U0489,U1021,2024-11-04T00:00:02,0,8,0,0,0,0,1,0.375,-0.1,remove_supply_chain_context
R04815,U0494,U0760,2024-11-04T00:00:03,0,9,0,0,0,0,1,0.8,0.24,remove_supply_chain_context
R04816,U0011,U0496,2024-11-04T00:00:04,6,0,0,0,0,0,4,0.44,-0.048,remove_supply_chain_context
R04817,U0512,U1324,2024-11-04T00:00:05,0,10,0,0,0,0,1,0.9,0.32000000000000006,remove_supply_chain_context
R04818,U0547,U0974,2024-11-04T00:00:06,0,8,0,0,0,0,3,0.44,-0.048,remove_supply_chain_context
R04819,U0557,U0995,2024-11-05T00:00:01,0,5,0,0,0,0,3,0.9,0.32000000000000006,remove_supply_chain_context
R04820,U0595,U1165,2024-11-05T00:00:02,0,10,0,0,0,0,0,0.9,0.32000000000000006,remove_supply_chain_context
R04821,U0614,U1341,2024-11-05T00:00:03,0,10,0,0,0,0,3,0.9,0.32000000000000006,remove_supply_chain_context
R04822,U0618,U0797,2024-11-05T00:00:04,0,9,0,0,0,0,4,0.44,-0.048,remove_supply_chain_context
R04823,U0161,U0647,2024-11-05T00:00:05,9,0,0,0,0,0,0,0.9,0.32000000000000006,remove_supply_chain_context
R04824,U0324,U0740,2024-11-05T00:00:06,9,0,0,0,0,0,1,0.9,0.32000000000000006,remove_supply_chain_context
R04825,U0836,U1305,2024-11-06T00:00:01,0,7,0,0,0,0,0,0.9,0.32000000000000006,remove_supply_chain_context
R04826,U0152,U0866,2024-11-06T00:00:02,9,0,0,0,0,1,3,0.9,0.32000000000000006,remove_supply_chain_context
R04827,U0044,U0879,2024-11-06T00:00:03,7,0,0,0,0,0,1,0.44,-0.048,remove_supply_chain_context
R04828,U0167,U0885,2024-11-06T00:00:04,7,0,0,0,0,0,2,0.8,0.24,remove_supply_chain_context
R04829,U0596,U0902,2024-11-06T00:00:05,10,0,0,0,0,0,0,0.44,-0.048,remove_supply_chain_context
R04830,U0831,U0923,2024-11-06T00:00:06,6,0,0,0,0,0,2,0.375,-0.1,remove_supply_chain_context
R04831,U0930,U1262,2024-11-07T00:00:01,0,7,0,0,0,1,3,0.375,-0.1,remove_supply_chain_context
R04832,U0937,U1052,2024-11-07T00:00:02,0,5,0,0,0,0,2,0.9,0.32000000000000006,remove_supply_chain_context
R04833,U1055,U1071,2024-11-07T00:00:03,0,10,0,0,0,0,3,0.375,-0.1,remove_supply_chain_context
R04834,U1057,U1211,2024-11-07T00:00:04,0,9,0,0,0,0,0,0.325,-0.13999999999999999,remove_supply_chain_context
R04835,U0704,U1113,2024-11-07T00:00:05,7,0,0,0,0,1,0,0.44,-0.048,remove_supply_chain_context
R04836,U0586,U1158,2024-11-07T00:00:06,7,0,0,0,0,0,1,0.9,0.32000000000000006,remove_supply_chain_context
R04837,U0817,U1173,2024-11-08T00:00:01,7,0,0,0,0,0,1,0.8,0.24,remove_supply_chain_context
R04838,U1228,U1361,2024-11-08T00:00:02,0,9,0,0,0,1,3,0.325,-0.13999999999999999,remove_supply_chain_context
R04839,U0893,U1374,2024-11-08T00:00:03,11,0,0,0,0,0,6,0.8,0.24,remove_supply_chain_context
R04840,U1125,U1380,2024-11-08T00:00:04,11,0,0,0,0,0,4,0.9,0.32000000000000006,remove_supply_chain_context
R04841,U0089,U0988,2024-11-08T00:00:05,6,8,0,0,0,0,5,0.8,0.24,remove_supply_chain_context
R04842,U0544,U0966,2024-11-08T00:00:06,8,8,0,0,1,0,1,0.375,-0.1,remove_supply_chain_context
R04843,U0430,U1082,2024-11-09T00:00:01,6,0,0,0,0,0,3,0.375,-0.1,remove_supply_chain_context
R04844,U0265,U0724,2024-11-09T00:00:02,10,7,0,0,0,0,1,0.9,0.32000000000000006,remove_supply_chain_context
R04845,U0851,U0933,2024-11-09T00:00:03,10,7,0,0,0,1,4,0.9,0.32000000000000006,remove_supply_chain_context
R04846,U0262,U1266,2024-11-09T00:00:04,6,8,0,0,0,0,6,0.9,0.32000000000000006,remove_supply_chain_context
R04847,U0608,U1200,2024-11-09T00:00:05,5,6,0,0,0,0,0,0.44,-0.048,remove_supply_chain_context
R04848,U0078,U0766,2024-11-09T00:00:06,7,6,0,0,0,0,1,0.375,-0.1,remove_supply_chain_context
R04849,U0933,U1224,2024-11-10T00:00:01,8,0,0,0,0,0,1,0.8,0.24,remove_supply_chain_context
R04850,U0361,U0563,2024-11-10T00:00:02,8,7,0,0,0,0,1,0.9,0.32000000000000006,remove_supply_chain_context
R04851,U0390,U0667,2024-11-10T00:00:03,9,9,0,0,0,1,0,0.375,-0.1,remove_supply_chain_context
R04852,U0474,U1086,2024-11-10T00:00:04,8,8,0,0,0,0,2,0.9,0.32000000000000006,remove_supply_chain_context
R04853,U0053,U0523,2024-11-10T00:00:05,8,7,0,0,0,0,1,0.325,-0.13999999999999999,remove_supply_chain_context
R04854,U1192,U1325,2024-11-10T00:00:06,8,8,0,0,0,0,1,0.375,-0.1,remove_supply_chain_context
R04855,U0136,U0531,2024-11-11T00:00:01,7,6,0,0,0,1,2,0.44,-0.048,remove_supply_chain_context
R04856,U0784,U1340,2024-11-11T00:00:02,8,9,0,0,0,0,4,0.375,-0.1,remove_supply_chain_context
R04857,U0686,U1312,2024-11-11T00:00:03,9,6,0,0,0,0,3,0.44,-0.048,remove_supply_chain_context
R04858,U0387,U0987,2024-11-11T00:00:04,8,9,1,0,1,0,1,0.9,0.32000000000000006,remove_supply_chain_context
R04859,U0104,U1165,2024-11-11T00:00:05,10,11,0,0,0,0,0,0.9,0.32000000000000006,remove_supply_chain_context
R04860,U0897,U0954,2024-11-11T00:00:06,7,10,0,0,0,0,0,0.325,-0.13999999999999999,remove_supply_chain_context
R04861,U0764,U1361,2024-11-12T00:00:01,8,10,0,0,0,0,2,0.9,0.32000000000000006,remove_supply_chain_context
R04862,U0058,U0597,2024-11-12T00:00:02,8,7,0,0,1,0,4,0.9,0.32000000000000006,remove_supply_chain_context
R04863,U1253,U1293,2024-11-12T00:00:03,10,8,0,0,0,0,0,0.9,0.32000000000000006,remove_supply_chain_context
R04864,U1179,U1346,2024-11-12T00:00:04,8,8,0,0,0,1,2,0.325,-0.13999999999999999,remove_supply_chain_context
R04865,U0605,U1322,2024-11-12T00:00:05,10,9,0,0,0,1,1,0.8,0.24,remove_supply_chain_context
R04866,U0751,U1078,2024-11-12T00:00:06,7,8,0,0,0,0,4,0.8,0.24,remove_supply_chain_context
R04867,U0695,U0765,2024-11-13T00:00:01,13,0,0,0,0,0,1,0.9,0.32000000000000006,remove_supply_chain_context
R04868,U0962,U1349,2024-11-13T00:00:02,7,6,0,0,0,0,3,0.9,0.32000000000000006,remove_supply_chain_context
R04869,U1163,U1307,2024-11-13T00:00:03,10,11,0,0,0,0,1,0.8,0.24,remove_supply_chain_context
R04870,U0524,U1038,2024-11-13T00:00:04,6,10,0,0,0,0,3,0.8,0.24,remove_supply_chain_context
R04871,U0095,U0930,2024-11-13T00:00:05,8,1,0,0,0,0,1,0.8,0.24,remove_supply_chain_context
R04872,U0756,U0881,2024-11-13T00:00:06,10,8,0,0,0,0,2,0.9,0.32000000000000006,remove_supply_chain_context
R04873,U0764,U0938,2024-11-14T00:00:01,9,10,0,0,0,0,4,0.9,0.32000000000000006,remove_supply_chain_context
R04874,U0594,U1023,2024-11-14T00:00:02,7,6,0,0,0,0,2,0.9,0.32000000000000006,remove_supply_chain_context
R04875,U0297,U0848,2024-11-14T00:00:03,0,6,0,0,0,1,0,0.9,0.32000000000000006,remove_supply_chain_context
R04876,U0449,U1060,2024-11-14T00:00:04,0,8,0,0,0,0,3,0.375,-0.1,remove_supply_chain_context
R04877,U0487,U0833,2024-11-14T00:00:05,11,6,0,0,1,0,4,0.9,0.32000000000000006,remove_supply_chain_context
R04878,U0009,U1365,2024-11-14T00:00:06,1,6,0,0,0,0,2,0.8,0.24,remove_supply_chain_context
R04879,U0176,U1349,2024-11-15T00:00:01,0,7,0,0,0,0,1,0.375,-0.1,remove_supply_chain_context
R04880,U0069,U0148,2024-11-15T00:00:02,9,7,0,0,0,0,4,0.9,0.32000000000000006,remove_supply_chain_context
R04881,U0066,U0870,2024-11-15T00:00:03,0,8,0,0,0,0,4,0.9,0.32000000000000006,remove_supply_chain_context
R04882,U0469,U0614,2024-11-15T00:00:04,9,1,0,0,0,0,5,0.9,0.32000000000000006,remove_supply_chain_context
R04883,U0401,U1264,2024-11-15T00:00:05,7,9,0,0,0,0,1,0.9,0.32000000000000006,remove_supply_chain_context
R04884,U0957,U1136,2024-11-16T00:00:01,10,8,0,0,0,0,0,0.8,0.24,remove_supply_chain_context
R04885,U0787,U0854,2024-11-16T00:00:02,7,8,0,0,0,0,0,0.9,0.32000000000000006,remove_supply_chain_context
R04886,U0251,U0333,2024-11-16T00:00:03,7,11,0,0,0,0,3,0.325,-0.13999999999999999,remove_supply_chain_context
R04887,U0311,U1093,2024-11-16T00:00:04,10,6,0,0,0,0,2,0.9,0.32000000000000006,remove_supply_chain_context
R04888,U0512,U0889,2024-11-16T00:00:05,1,0,0,0,0,0,2,0.9,0.32000000000000006,remove_supply_chain_context
R04889,U0263,U0645,2024-11-16T00:00:06,9,0,0,0,0,0,1,0.8,0.24,remove_supply_chain_context
R04890,U0262,U0770,2024-11-17T00:00:01,7,6,0,0,0,0,1,0.9,0.32000000000000006,remove_supply_chain_context
R04891,U0692,U1036,2024-11-17T00:00:02,12,8,0,0,1,0,5,0.8,0.24,remove_supply_chain_context
R04892,U0421,U1194,2024-11-17T00:00:03,6,7,0,0,1,0,2,0.9,0.32000000000000006,remove_supply_chain_context
R04893,U0141,U1023,2024-11-17T00:00:04,7,7,0,0,0,0,0,0.375,-0.1,remove_supply_chain_context
R04894,U0804,U1337,2024-11-17T00:00:05,8,9,0,0,0,0,5,0.375,-0.1,remove_supply_chain_context
R04895,U1154,U1233,2024-11-17T00:00:06,7,6,0,0,0,1,1,0.325,-0.13999999999999999,remove_supply_chain_context
R04896,U1164,U1312,2024-11-18T00:00:01,12,7,0,0,0,0,3,0.375,-0.1,remove_supply_chain_context
R04897,U0438,U0954,2024-11-18T00:00:02,7,11,0,0,0,0,5,0.9,0.32000000000000006,remove_supply_chain_context
R04898,U0489,U1029,2024-11-18T00:00:03,1,7,0,0,1,0,3,0.375,-0.1,remove_supply_chain_context
R04899,U0704,U0838,2024-11-18T00:00:04,8,6,0,0,0,0,2,0.375,-0.1,remove_supply_chain_context
R04900,U0163,U0894,2024-11-18T00:00:05,9,10,1,0,0,0,0,0.9,0.32000000000000006,remove_supply_chain_context
R04901,U0828,U1091,2024-11-18T00:00:06,10,10,0,0,0,0,2,0.8,0.24,remove_supply_chain_context
R04902,U1082,U1138,2024-11-19T00:00:01,1,7,0,0,0,0,5,0.9,0.32000000000000006,remove_supply_chain_context
R04903,U0397,U1289,2024-11-19T00:00:02,9,8,0,0,0,0,4,0.8,0.24,remove_supply_chain_context
R04904,U0733,U1071,2024-11-19T00:00:03,10,11,0,0,0,0,1,0.8,0.24,remove_supply_chain_context
R04905,U0090,U1293,2024-11-19T00:00:04,0,9,0,0,0,0,0,0.375,-0.1,remove_supply_chain_context
R04906,U0369,U0399,2024-11-19T00:00:05,9,7,0,0,0,0,1,0.8,0.24,remove_supply_chain_context
R04907,U0118,U1370,2024-11-19T00:00:06,6,0,0,0,0,0,2,0.9,0.32000000000000006,remove_supply_chain_context
R04908,U0421,U0735,2024-11-20T00:00:01,7,6,0,0,0,1,2,0.375,-0.1,remove_supply_chain_context
R04909,U0034,U0607,2024-11-20T00:00:02,11,10,0,0,1,0,4,0.375,-0.1,remove_supply_chain_context
R04910,U1139,U1325,2024-11-20T00:00:03,8,9,0,0,0,0,3,0.375,-0.1,remove_supply_chain_context
R04911,U0633,U1278,2024-11-20T00:00:04,7,11,0,0,0,0,4,0.9,0.32000000000000006,remove_supply_chain_context
R04912,U0416,U0714,2024-11-20T00:00:05,1,9,0,0,0,0,5,0.325,-0.13999999999999999,remove_supply_chain_context
R04913,U0030,U1210,2024-11-20T00:00:06,7,6,0,0,0,0,3,0.8,0.24,remove_supply_chain_context
R04914,U0666,U1190,2024-11-21T00:00:01,11,7,0,0,0,1,0,0.44,-0.048,remove_supply_chain_context
R04915,U0458,U1046,2024-11-21T00:00:02,10,6,0,0,1,0,3,0.375,-0.1,remove_supply_chain_context
R04916,U0424,U0708,2024-11-21T00:00:03,7,7,0,0,0,0,0,0.9,0.32000000000000006,remove_supply_chain_context
R04917,U0604,U1302,2024-11-21T00:00:04,5,11,0,0,0,0,4,0.9,0.32000000000000006,remove_supply_chain_context
R04918,U0779,U0992,2024-11-21T00:00:05,9,8,0,0,0,1,1,0.44,-0.048,remove_supply_chain_context
R04919,U0155,U0472,2024-11-21T00:00:06,12,6,0,0,0,0,5,0.8,0.24,remove_supply_chain_context
R04920,U0324,U0409,2024-11-22T00:00:01,10,7,0,0,0,0,2,0.9,0.32000000000000006,remove_supply_chain_context
R04921,U0207,U1194,2024-11-22T00:00:02,9,8,0,0,0,0,3,0.9,0.32000000000000006,remove_supply_chain_context
R04922,U0109,U0737,2024-11-22T00:00:03,9,7,0,0,0,0,1,0.375,-0.1,remove_supply_chain_context
R04923,U0986,U1174,2024-11-22T00:00:04,7,8,0,0,0,0,1,0.375,-0.1,remove_supply_chain_context
R04924,U0369,U0989,2024-11-22T00:00:05,10,10,0,0,0,0,2,0.9,0.32000000000000006,remove_supply_chain_context
R04925,U1127,U1235,2024-11-22T00:00:06,10,5,0,0,0,0,5,0.8,0.24,remove_supply_chain_context
R04926,U0503,U0724,2024-11-23T00:00:01,0,8,0,0,1,0,0,0.375,-0.1,remove_supply_chain_context
R04927,U1084,U1255,2024-11-23T00:00:02,10,6,0,0,0,0,5,0.9,0.32000000000000006,remove_supply_chain_context
R04928,U0253,U0792,2024-11-23T00:00:03,8,7,1,0,0,0,1,0.9,0.32000000000000006,remove_supply_chain_context
R04929,U0170,U0622,2024-11-23T00:00:04,8,9,0,0,0,0,3,0.8,0.24,remove_supply_chain_context
R04930,U0271,U1111,2024-11-23T00:00:05,9,8,0,0,0,0,5,0.8,0.24,remove_supply_chain_context
R04931,U0429,U1289,2024-11-23T00:00:06,8,9,0,0,0,0,0,0.325,-0.13999999999999999,remove_supply_chain_context
R04932,U0205,U0939,2024-11-24T00:00:01,11,13,0,0,0,0,2,0.9,0.32000000000000006,remove_supply_chain_context
R04933,U0100,U0833,2024-11-24T00:00:02,0,7,0,0,0,0,0,0.44,-0.048,remove_supply_chain_context
R04934,U0439,U1005,2024-11-24T00:00:03,7,7,0,0,0,0,3,0.9,0.32000000000000006,remove_supply_chain_context
R04935,U0006,U0465,2024-11-24T00:00:04,8,8,0,0,0,0,0,0.375,-0.1,remove_supply_chain_context
R04936,U0969,U1116,2024-11-24T00:00:05,10,0,0,0,0,0,3,0.9,0.32000000000000006,remove_supply_chain_context
R04937,U0077,U0664,2024-11-24T00:00:06,6,9,0,1,1,0,4,0.44,-0.048,remove_supply_chain_context
R04938,U0841,U1366,2024-11-25T00:00:01,9,5,1,0,0,0,2,0.9,0.32000000000000006,remove_supply_chain_context
R04939,U0063,U1051,2024-11-25T00:00:02,0,7,0,0,0,0,2,0.9,0.32000000000000006,remove_supply_chain_context
R04940,U0077,U0269,2024-11-25T00:00:03,7,9,0,0,0,0,5,0.9,0.32000000000000006,remove_supply_chain_context
R04941,U0115,U0380,2024-11-25T00:00:04,9,8,0,0,0,0,2,0.9,0.32000000000000006,remove_supply_chain_context
R04942,U0776,U1206,2024-11-25T00:00:05,7,8,0,0,0,0,1,0.375,-0.1,remove_supply_chain_context
R04943,U1267,U1377,2024-11-25T00:00:06,5,0,0,0,0,0,3,0.9,0.32000000000000006,remove_supply_chain_context
R04944,U0562,U1008,2024-11-26T00:00:01,6,9,0,0,1,0,2,0.8,0.24,remove_supply_chain_context
R04945,U0224,U0972,2024-11-26T00:00:02,0,13,0,0,1,0,3,0.9,0.32000000000000006,remove_supply_chain_context
R04946,U0049,U0552,2024-11-26T00:00:03,8,9,0,0,0,0,2,0.9,0.32000000000000006,remove_supply_chain_context
R04947,U0153,U0430,2024-11-26T00:00:04,7,7,0,0,0,0,2,0.9,0.32000000000000006,remove_supply_chain_context
R04948,U0758,U0957,2024-11-26T00:00:05,7,11,0,0,0,1,0,0.8,0.24,remove_supply_chain_context
R04949,U0507,U0817,2024-11-26T00:00:06,10,8,0,0,0,0,2,0.9,0.32000000000000006,remove_supply_chain_context
R04950,U0426,U0904,2024-11-27T00:00:01,13,11,1,0,1,0,0,0.9,0.32000000000000006,remove_supply_chain_context
R04951,U0319,U0512,2024-11-27T00:00:02,10,2,0,0,0,1,0,0.9,0.32000000000000006,remove_supply_chain_context
R04952,U1168,U1373,2024-11-27T00:00:03,11,12,0,0,0,0,0,0.9,0.32000000000000006,remove_supply_chain_context
R04953,U0809,U1205,2024-11-27T00:00:04,0,8,0,0,0,0,3,0.325,-0.13999999999999999,remove_supply_chain_context
R04954,U0780,U1028,2024-11-27T00:00:05,8,9,0,0,0,0,3,0.9,0.32000000000000006,remove_supply_chain_context
R04955,U0909,U1294,2024-11-27T00:00:06,6,0,0,0,0,0,2,0.9,0.32000000000000006,remove_supply_chain_context
R04956,U0341,U0383,2024-11-28T00:00:01,0,9,0,0,0,0,1,0.9,0.32000000000000006,remove_supply_chain_context
R04957,U0851,U1137,2024-11-28T00:00:02,11,10,0,0,0,0,1,0.9,0.32000000000000006,remove_supply_chain_context
R04958,U0247,U0271,2024-11-28T00:00:03,7,10,1,0,1,0,1,0.9,0.32000000000000006,remove_supply_chain_context
R04959,U0481,U1104,2024-11-28T00:00:04,9,7,0,0,0,1,2,0.9,0.32000000000000006,remove_supply_chain_context
R04960,U0533,U1148,2024-11-28T00:00:05,8,7,0,0,0,1,2,0.375,-0.1,remove_supply_chain_context
R04961,U0037,U1100,2024-12-01T00:00:00,0,9,0,0,0,0,5,0.8,0.24,remove_supply_chain_context
R04962,U0060,U0712,2024-12-01T00:00:01,0,10,0,0,0,0,1,0.9,0.32000000000000006,remove_supply_chain_context
R04963,U0017,U0071,2024-12-01T00:00:02,8,0,0,0,0,0,5,0.375,-0.1,remove_supply_chain_context
R04964,U0082,U0158,2024-12-01T00:00:03,8,0,0,0,1,0,4,0.375,-0.1,remove_supply_chain_context
R04965,U0165,U0660,2024-12-01T00:00:04,0,5,0,0,0,0,2,0.375,-0.1,remove_supply_chain_context
R04966,U0189,U0358,2024-12-01T00:00:05,0,7,0,0,0,1,1,0.8,0.24,remove_supply_chain_context
R04967,U0206,U1192,2024-12-01T00:00:06,0,9,0,0,0,0,3,0.8,0.24,remove_supply_chain_context
R04968,U0211,U1355,2024-12-01T00:00:07,0,7,0,0,0,0,3,0.9,0.32000000000000006,remove_supply_chain_context
R04969,U0213,U1334,2024-12-02T00:00:01,0,11,0,0,0,0,3,0.375,-0.1,remove_supply_chain_context
R04970,U0219,U1045,2024-12-02T00:00:02,0,5,0,0,1,0,0,0.9,0.32000000000000006,remove_supply_chain_context
R04971,U0226,U0951,2024-12-02T00:00:03,0,7,0,0,0,1,4,0.44,-0.048,remove_supply_chain_context
R04972,U0228,U0683,2024-12-02T00:00:04,0,7,0,0,0,0,1,0.325,-0.13999999999999999,remove_supply_chain_context
R04973,U0280,U0863,2024-12-02T00:00:05,0,8,0,0,0,0,0,0.9,0.32000000000000006,remove_supply_chain_context
R04974,U0281,U0461,2024-12-02T00:00:06,0,8,0,0,0,0,4,0.375,-0.1,remove_supply_chain_context
R04975,U0231,U0296,2024-12-02T00:00:07,7,0,0,0,0,0,0,0.9,0.32000000000000006,remove_supply_chain_context
R04976,U0325,U0959,2024-12-03T00:00:01,0,9,0,0,0,0,6,0.325,-0.13999999999999999,remove_supply_chain_context
R04977,U0238,U0378,2024-12-03T00:00:02,7,0,0,0,0,0,2,0.9,0.32000000000000006,remove_supply_chain_context
R04978,U0398,U0932,2024-12-03T00:00:03,0,7,0,0,0,0,2,0.9,0.32000000000000006,remove_supply_chain_context
R04979,U0445,U0753,2024-12-03T00:00:04,0,11,0,0,0,0,1,0.9,0.32000000000000006,remove_supply_chain_context
R04980,U0449,U1233,2024-12-03T00:00:05,1,7,0,0,1,0,1,0.9,0.32000000000000006,remove_supply_chain_context
R04981,U0500,U0603,2024-12-03T00:00:06,0,7,0,0,1,0,0,0.375,-0.1,remove_supply_chain_context
R04982,U0503,U0535,2024-12-03T00:00:07,1,8,0,0,0,0,1,0.9,0.32000000000000006,remove_supply_chain_context
R04983,U0560,U0888,2024-12-04T00:00:01,0,11,0,0,0,0,1,0.9,0.32000000000000006,remove_supply_chain_context
R04984,U0612,U0821,2024-12-04T00:00:02,0,9,0,0,0,0,0,0.375,-0.1,remove_supply_chain_context
R04985,U0621,U1187,2024-12-04T00:00:03,0,8,0,0,0,0,0,0.44,-0.048,remove_supply_chain_context
R04986,U0331,U0630,2024-12-04T00:00:04,7,0,0,0,0,1,2,0.44,-0.048,remove_supply_chain_context
R04987,U0680,U1276,2024-12-04T00:00:05,0,5,0,0,0,0,0,0.325,-0.13999999999999999,remove_supply_chain_context
R04988,U0201,U0688,2024-12-04T00:00:06,10,0,0,0,0,0,2,0.375,-0.1,remove_supply_chain_context
R04989,U0698,U1393,2024-12-04T00:00:07,0,7,0,0,0,0,2,0.44,-0.048,remove_supply_chain_context
R04990,U0738,U1136,2024-12-05T00:00:01,0,9,0,0,0,0,4,0.9,0.32000000000000006,remove_supply_chain_context
R04991,U0157,U0775,2024-12-05T00:00:02,6,0,0,0,0,0,2,0.44,-0.048,remove_supply_chain_context
R04992,U0783,U0973,2024-12-05T00:00:03,0,7,0,0,0,0,1,0.375,-0.1,remove_supply_chain_context
R04993,U0786,U1238,2024-12-05T00:00:04,0,5,0,0,0,0,1,0.9,0.32000000000000006,remove_supply_chain_context
R04994,U0021,U0788,2024-12-05T00:00:05,8,0,0,0,0,0,1,0.9,0.32000000000000006,remove_supply_chain_context
R04995,U0808,U1035,2024-12-05T00:00:06,0,7,0,0,0,0,0,0.9,0.32000000000000006,remove_supply_chain_context
R04996,U0716,U0840,2024-12-05T00:00:07,7,0,0,0,0,0,1,0.9,0.32000000000000006,remove_supply_chain_context
R04997,U0895,U1281,2024-12-06T00:00:01,0,7,0,0,0,0,1,0.375,-0.1,remove_supply_chain_context
R04998,U0758,U0912,2024-12-06T00:00:02,8,0,0,0,0,0,0,0.9,0.32000000000000006,remove_supply_chain_context
R04999,U0931,U1256,2024-12-06T00:00:03,0,8,0,0,0,0,5,0.9,0.32000000000000006,remove_supply_chain_context
R05000,U0173,U0983,2024-12-06T00:00:04,7,0,0,0,0,0,0,0.375,-0.1,remove_supply_chain_context
R05001,U1032,U1243,2024-12-06T00:00:05,0,7,0,0,0,0,2,0.375,-0.1,remove_supply_chain_context
R05002,U0140,U1041,2024-12-06T00:00:06,7,0,0,0,0,0,1,0.325,-0.13999999999999999,remove_supply_chain_context
R05003,U0485,U1062,2024-12-06T00:00:07,6,0,0,0,0,0,0,0.9,0.32000000000000006,remove_supply_chain_context
R05004,U0532,U1088,2024-12-07T00:00:01,8,0,0,0,0,1,1,0.375,-0.1,remove_supply_chain_context
R05005,U0690,U1089,2024-12-07T00:00:02,7,0,0,0,0,0,2,0.44,-0.048,remove_supply_chain_context
R05006,U0641,U1110,2024-12-07T00:00:03,8,0,0,0,0,0,1,0.375,-0.1,remove_supply_chain_context
R05007,U0971,U1122,2024-12-07T00:00:04,8,0,0,0,0,0,5,0.8,0.24,remove_supply_chain_context
R05008,U0678,U1153,2024-12-07T00:00:05,7,0,0,0,0,0,2,0.9,0.32000000000000006,remove_supply_chain_context
R05009,U0201,U1191,2024-12-07T00:00:06,11,0,0,0,0,0,0,0.325,-0.13999999999999999,remove_supply_chain_context
R05010,U1020,U1225,2024-12-07T00:00:07,7,0,0,0,0,0,0,0.375,-0.1,remove_supply_chain_context
R05011,U0401,U1248,2024-12-08T00:00:00,8,0,0,0,0,0,1,0.8,0.24,remove_supply_chain_context
R05012,U1219,U1294,2024-12-08T00:00:01,6,1,0,0,0,0,2,0.9,0.32000000000000006,remove_supply_chain_context
R05013,U0470,U1313,2024-12-08T00:00:02,6,0,0,0,1,0,2,0.9,0.32000000000000006,remove_supply_chain_context
R05014,U1296,U1385,2024-12-08T00:00:03,7,0,0,0,0,0,3,0.9,0.32000000000000006,remove_supply_chain_context
R05015,U0692,U1386,2024-12-08T00:00:04,13,0,0,0,0,0,1,0.8,0.24,remove_supply_chain_context
R05016,U0122,U1274,2024-12-08T00:00:05,8,7,0,0,0,0,3,0.8,0.24,remove_supply_chain_context
R05017,U0876,U0972,2024-12-08T00:00:06,7,14,1,0,0,0,1,0.9,0.32000000000000006,remove_supply_chain_context
R05018,U0157,U0183,2024-12-08T00:00:07,7,14,0,0,0,0,5,0.325,-0.13999999999999999,remove_supply_chain_context
R05019,U0140,U1271,2024-12-09T00:00:01,8,13,0,0,0,0,2,0.375,-0.1,remove_supply_chain_context
R05020,U0988,U1180,2024-12-09T00:00:02,9,11,0,0,0,0,3,0.8,0.24,remove_supply_chain_context
R05021,U0841,U0875,2024-12-09T00:00:03,10,11,0,0,0,0,0,0.9,0.32000000000000006,remove_supply_chain_context
R05022,U0171,U0978,2024-12-09T00:00:04,5,0,0,0,0,0,1,0.375,-0.1,remove_supply_chain_context
R05023,U0209,U0477,2024-12-09T00:00:05,7,10,0,0,1,0,3,0.9,0.32000000000000006,remove_supply_chain_context
R05024,U0706,U0943,2024-12-09T00:00:06,7,11,0,0,1,0,6,0.375,-0.1,remove_supply_chain_context
R05025,U0529,U0813,2024-12-09T00:00:07,8,6,0,0,0,0,0,0.9,0.32000000000000006,remove_supply_chain_context
R05026,U0271,U0635,2024-12-10T00:00:01,11,8,0,0,0,0,1,0.9,0.32000000000000006,remove_supply_chain_context
R05027,U0037,U0438,2024-12-10T00:00:02,1,8,0,0,0,0,5,0.9,0.32000000000000006,remove_supply_chain_context
R05028,U0866,U1199,2024-12-10T00:00:03,1,13,0,0,0,0,6,0.8,0.24,remove_supply_chain_context
R05029,U1052,U1165,2024-12-10T00:00:04,6,12,0,0,0,0,1,0.8,0.24,remove_supply_chain_context
R05030,U0499,U1022,2024-12-10T00:00:05,10,10,0,0,0,1,2,0.8,0.24,remove_supply_chain_context
R05031,U0392,U1215,2024-12-10T00:00:06,7,8,0,0,0,0,0,0.8,0.24,remove_supply_chain_context
R05032,U0285,U1243,2024-12-10T00:00:07,7,8,0,0,1,0,5,0.44,-0.048,remove_supply_chain_context
R05033,U0293,U0968,2024-12-11T00:00:01,9,8,0,0,0,0,2,0.9,0.32000000000000006,remove_supply_chain_context
R05034,U0247,U0715,2024-12-11T00:00:02,8,9,0,0,0,0,5,0.9,0.32000000000000006,remove_supply_chain_context
R05035,U0237,U1147,2024-12-11T00:00:03,8,10,0,0,0,0,1,0.375,-0.1,remove_supply_chain_context
R05036,U1105,U1363,2024-12-11T00:00:04,9,7,1,0,0,0,3,0.325,-0.13999999999999999,remove_supply_chain_context
R05037,U1108,U1365,2024-12-11T00:00:05,7,7,0,0,0,1,0,0.375,-0.1,remove_supply_chain_context
R05038,U0684,U0809,2024-12-11T00:00:06,7,1,0,0,0,0,0,0.44,-0.048,remove_supply_chain_context
R05039,U0273,U1337,2024-12-11T00:00:07,6,10,0,0,0,0,3,0.375,-0.1,remove_supply_chain_context
R05040,U0813,U0887,2024-12-12T00:00:01,7,9,0,0,0,0,2,0.9,0.32000000000000006,remove_supply_chain_context
R05041,U1182,U1201,2024-12-12T00:00:02,10,7,0,0,1,0,1,0.325,-0.13999999999999999,remove_supply_chain_context
R05042,U0083,U1222,2024-12-12T00:00:03,6,10,0,0,0,0,3,0.9,0.32000000000000006,remove_supply_chain_context
R05043,U0268,U0339,2024-12-12T00:00:04,0,1,0,0,0,0,0,0.9,0.32000000000000006,remove_supply_chain_context
R05044,U0920,U1367,2024-12-12T00:00:05,8,9,0,1,1,0,1,0.9,0.32000000000000006,remove_supply_chain_context
R05045,U0137,U1241,2024-12-12T00:00:06,6,5,0,0,0,0,1,0.375,-0.1,remove_supply_chain_context
R05046,U0673,U1286,2024-12-12T00:00:07,7,8,0,0,0,1,6,0.325,-0.13999999999999999,remove_supply_chain_context
R05047,U0983,U0997,2024-12-13T00:00:01,1,7,0,0,0,0,6,0.9,0.32000000000000006,remove_supply_chain_context
R05048,U0690,U1387,2024-12-13T00:00:02,8,11,0,0,0,0,4,0.8,0.24,remove_supply_chain_context
R05049,U0001,U0699,2024-12-13T00:00:03,6,8,0,0,0,0,4,0.9,0.32000000000000006,remove_supply_chain_context
R05050,U0184,U1102,2024-12-13T00:00:04,1,7,0,0,0,0,0,0.9,0.32000000000000006,remove_supply_chain_context
R05051,U0290,U1227,2024-12-13T00:00:05,7,7,0,0,0,0,0,0.44,-0.048,remove_supply_chain_context
R05052,U0236,U1194,2024-12-13T00:00:06,8,9,0,0,0,0,2,0.325,-0.13999999999999999,remove_supply_chain_context
R05053,U0865,U0997,2024-12-13T00:00:07,8,8,0,0,0,0,3,0.375,-0.1,remove_supply_chain_context
R05054,U0744,U1367,2024-12-14T00:00:01,8,10,0,0,0,1,2,0.9,0.32000000000000006,remove_supply_chain_context
R05055,U0736,U0988,2024-12-14T00:00:02,11,10,0,0,0,0,3,0.9,0.32000000000000006,remove_supply_chain_context
R05056,U0131,U1049,2024-12-14T00:00:03,9,9,0,0,0,0,1,0.325,-0.13999999999999999,remove_supply_chain_context
R05057,U0681,U1224,2024-12-14T00:00:04,9,1,0,0,0,0,2,0.9,0.32000000000000006,remove_supply_chain_context
R05058,U0143,U1105,2024-12-14T00:00:05,10,10,0,0,0,0,1,0.9,0.32000000000000006,remove_supply_chain_context
R05059,U0357,U0597,2024-12-14T00:00:06,7,8,0,0,0,0,1,0.375,-0.1,remove_supply_chain_context
R05060,U0584,U0997,2024-12-14T00:00:07,7,9,0,0,0,0,6,0.9,0.32000000000000006,remove_supply_chain_context
R05061,U0629,U0972,2024-12-15T00:00:00,12,15,0,0,0,0,1,0.8,0.24,remove_supply_chain_context
R05062,U0445,U0921,2024-12-15T00:00:01,1,8,0,0,0,1,0,0.375,-0.1,remove_supply_chain_context
R05063,U0293,U0700,2024-12-15T00:00:02,10,10,0,0,0,0,5,0.8,0.24,remove_supply_chain_context
R05064,U0098,U1045,2024-12-15T00:00:03,8,6,0,0,0,1,4,0.9,0.32000000000000006,remove_supply_chain_context
R05065,U0761,U0784,2024-12-15T00:00:04,13,9,0,0,0,0,6,0.8,0.24,remove_supply_chain_context
R05066,U1129,U1336,2024-12-15T00:00:05,7,9,0,0,0,0,2,0.9,0.32000000000000006,remove_supply_chain_context
R05067,U0132,U1361,2024-12-15T00:00:06,8,11,0,0,1,0,1,0.8,0.24,remove_supply_chain_context
R05068,U0056,U0716,2024-12-15T00:00:07,6,8,0,0,0,0,1,0.8,0.24,remove_supply_chain_context
R05069,U0201,U0603,2024-12-16T00:00:01,12,8,0,0,0,0,0,0.325,-0.13999999999999999,remove_supply_chain_context
R05070,U0151,U0948,2024-12-16T00:00:02,5,8,0,0,0,1,3,0.325,-0.13999999999999999,remove_supply_chain_context
R05071,U0118,U0994,2024-12-16T00:00:03,7,8,0,0,0,0,2,0.9,0.32000000000000006,remove_supply_chain_context
R05072,U0869,U0890,2024-12-16T00:00:04,8,9,0,0,0,0,3,0.9,0.32000000000000006,remove_supply_chain_context
R05073,U0238,U1352,2024-12-16T00:00:05,8,9,0,0,1,0,0,0.375,-0.1,remove_supply_chain_context
R05074,U0621,U1189,2024-12-16T00:00:06,1,7,1,0,0,0,5,0.44,-0.048,remove_supply_chain_context
R05075,U0411,U1174,2024-12-16T00:00:07,7,9,0,0,0,0,5,0.8,0.24,remove_supply_chain_context
R05076,U0808,U0829,2024-12-17T00:00:01,1,8,0,0,0,0,0,0.375,-0.1,remove_supply_chain_context
R05077,U0340,U1117,2024-12-17T00:00:02,11,9,0,0,0,0,0,0.9,0.32000000000000006,remove_supply_chain_context
R05078,U0911,U1136,2024-12-17T00:00:03,6,10,0,0,0,0,1,0.8,0.24,remove_supply_chain_context
R05079,U0021,U1218,2024-12-17T00:00:04,9,10,0,0,0,1,4,0.375,-0.1,remove_supply_chain_context
R05080,U0291,U0958,2024-12-17T00:00:05,15,6,0,0,0,0,2,0.9,0.32000000000000006,remove_supply_chain_context
R05081,U0187,U0647,2024-12-17T00:00:06,9,1,0,0,0,0,2,0.9,0.32000000000000006,remove_supply_chain_context
R05082,U0061,U1338,2024-12-17T00:00:07,8,5,0,0,0,0,0,0.375,-0.1,remove_supply_chain_context
R05083,U0332,U1272,2024-12-18T00:00:01,0,7,0,0,1,0,1,0.9,0.32000000000000006,remove_supply_chain_context
R05084,U0522,U1368,2024-12-18T00:00:02,0,8,0,0,0,0,1,0.375,-0.1,remove_supply_chain_context
R05085,U0445,U0651,2024-12-18T00:00:03,2,9,0,0,0,0,1,0.375,-0.1,remove_supply_chain_context
R05086,U0574,U1372,2024-12-18T00:00:04,5,8,0,0,0,0,6,0.8,0.24,remove_supply_chain_context
R05087,U0693,U1011,2024-12-18T00:00:05,8,10,0,0,0,0,1,0.375,-0.1,remove_supply_chain_context
R05088,U0694,U0722,2024-12-18T00:00:06,7,0,0,0,0,0,2,0.8,0.24,remove_supply_chain_context
R05089,U0212,U0510,2024-12-18T00:00:07,7,7,0,0,0,0,4,0.9,0.32000000000000006,remove_supply_chain_context
R05090,U0636,U0866,2024-12-19T00:00:01,7,2,0,0,0,0,0,0.9,0.32000000000000006,remove_supply_chain_context
R05091,U0802,U1136,2024-12-19T00:00:02,9,11,0,0,0,0,3,0.9,0.32000000000000006,remove_supply_chain_context
R05092,U0181,U0800,2024-12-19T00:00:03,13,9,1,0,0,0,1,0.9,0.32000000000000006,remove_supply_chain_context
R05093,U0882,U1113,2024-12-19T00:00:04,10,1,0,0,0,1,1,0.9,0.32000000000000006,remove_supply_chain_context
R05094,U0082,U0626,2024-12-19T00:00:05,9,7,0,0,0,0,4,0.325,-0.13999999999999999,remove_supply_chain_context
R05095,U0073,U0976,2024-12-19T00:00:06,6,8,0,0,0,0,5,0.8,0.24,remove_supply_chain_context
R05096,U0312,U1051,2024-12-19T00:00:07,11,8,0,0,0,0,1,0.9,0.32000000000000006,remove_supply_chain_context
R05097,U0567,U0999,2024-12-20T00:00:01,9,0,0,0,0,0,2,0.375,-0.1,remove_supply_chain_context
R05098,U0678,U1070,2024-12-20T00:00:02,8,7,0,0,0,0,1,0.9,0.32000000000000006,remove_supply_chain_context
R05099,U0189,U0796,2024-12-20T00:00:03,1,9,0,0,0,0,0,0.9,0.32000000000000006,remove_supply_chain_context
R05100,U0789,U1311,2024-12-20T00:00:04,0,5,0,0,0,0,1,0.375,-0.1,remove_supply_chain_context
R05101,U0190,U1035,2024-12-20T00:00:05,9,8,0,0,1,0,2,0.9,0.32000000000000006,remove_supply_chain_context
R05102,U0101,U0556,2024-12-20T00:00:06,7,14,0,0,0,1,2,0.375,-0.1,remove_supply_chain_context
R05103,U0080,U0764,2024-12-20T00:00:07,10,10,0,0,0,0,0,0.9,0.32000000000000006,remove_supply_chain_context
R05104,U0582,U0786,2024-12-21T00:00:01,9,1,0,0,0,0,0,0.9,0.32000000000000006,remove_supply_chain_context
R05105,U0379,U0390,2024-12-21T00:00:02,0,10,0,0,0,0,3,0.9,0.32000000000000006,remove_supply_chain_context
R05106,U1256,U1336,2024-12-21T00:00:03,9,10,0,0,0,0,3,0.8,0.24,remove_supply_chain_context
R05107,U0475,U0595,2024-12-21T00:00:04,8,1,0,0,0,0,0,0.44,-0.048,remove_supply_chain_context
R05108,U0474,U0644,2024-12-21T00:00:05,9,0,0,0,0,0,2,0.375,-0.1,remove_supply_chain_context
R05109,U0990,U1026,2024-12-21T00:00:06,7,12,0,0,0,0,1,0.9,0.32000000000000006,remove_supply_chain_context
R05110,U0225,U1170,2024-12-21T00:00:07,6,8,0,0,0,1,4,0.8,0.24,remove_supply_chain_context
R05111,U0663,U0878,2024-12-22T00:00:00,10,12,0,0,0,0,0,0.9,0.32000000000000006,remove_supply_chain_context
R05112,U0050,U0307,2024-12-22T00:00:01,11,0,0,0,0,0,5,0.9,0.32000000000000006,remove_supply_chain_context
R05113,U0040,U0466,2024-12-22T00:00:02,7,1,0,0,0,0,3,0.8,0.24,remove_supply_chain_context
R05114,U0139,U0780,2024-12-22T00:00:03,9,9,0,0,0,0,4,0.375,-0.1,remove_supply_chain_context
R05115,U0345,U0886,2024-12-22T00:00:04,5,5,0,0,0,0,1,0.375,-0.1,remove_supply_chain_context
R05116,U0224,U0284,2024-12-22T00:00:05,1,10,0,0,0,1,2,0.8,0.24,remove_supply_chain_context
R05117,U0490,U1195,2024-12-22T00:00:06,9,11,2,0,0,1,1,0.375,-0.1,remove_supply_chain_context
R05118,U1119,U1196,2024-12-22T00:00:07,7,7,0,0,0,1,4,0.375,-0.1,remove_supply_chain_context
R05119,U0646,U1086,2024-12-23T00:00:01,7,9,0,0,0,0,2,0.325,-0.13999999999999999,remove_supply_chain_context
R05120,U0886,U1022,2024-12-23T00:00:02,6,11,0,0,0,0,2,0.9,0.32000000000000006,remove_supply_chain_context
R05121,U0489,U0862,2024-12-23T00:00:03,2,6,0,0,0,0,3,0.325,-0.13999999999999999,remove_supply_chain_context
R05122,U0663,U1134,2024-12-23T00:00:04,11,11,0,0,0,0,3,0.9,0.32000000000000006,remove_supply_chain_context
R05123,U0079,U0779,2024-12-23T00:00:05,5,10,0,0,0,0,2,0.8,0.24,remove_supply_chain_context
R05124,U1220,U1264,2024-12-23T00:00:06,6,10,0,0,0,0,5,0.9,0.32000000000000006,remove_supply_chain_context
R05125,U0719,U1204,2024-12-23T00:00:07,7,5,0,0,0,0,1,0.325,-0.13999999999999999,remove_supply_chain_context
R05126,U0131,U1218,2024-12-24T00:00:01,10,11,0,0,0,0,3,0.8,0.24,remove_supply_chain_context
R05127,U0080,U0656,2024-12-24T00:00:02,11,10,0,0,0,1,3,0.9,0.32000000000000006,remove_supply_chain_context
R05128,U0056,U0207,2024-12-24T00:00:03,7,10,0,0,0,0,5,0.375,-0.1,remove_supply_chain_context
R05129,U0273,U1046,2024-12-24T00:00:04,7,7,0,0,0,0,1,0.9,0.32000000000000006,remove_supply_chain_context
R05130,U0454,U0490,2024-12-24T00:00:05,10,10,0,0,0,0,2,0.8,0.24,remove_supply_chain_context
R05131,U0017,U0897,2024-12-24T00:00:06,9,8,0,0,0,0,4,0.8,0.24,remove_supply_chain_context
R05132,U0066,U1313,2024-12-24T00:00:07,1,1,0,0,0,0,6,0.9,0.32000000000000006,remove_supply_chain_context
R05133,U0925,U1311,2024-12-25T00:00:01,10,6,0,0,0,0,1,0.8,0.24,remove_supply_chain_context
R05134,U0323,U0481,2024-12-25T00:00:02,5,10,0,0,0,0,1,0.8,0.24,remove_supply_chain_context
R05135,U0911,U1320,2024-12-25T00:00:03,7,6,0,0,0,0,3,0.9,0.32000000000000006,remove_supply_chain_context
R05136,U0182,U0871,2024-12-25T00:00:04,11,8,0,0,0,0,3,0.9,0.32000000000000006,remove_supply_chain_context
R05137,U0325,U1227,2024-12-25T00:00:05,1,8,0,0,0,0,5,0.9,0.32000000000000006,remove_supply_chain_context
R05138,U0526,U1023,2024-12-25T00:00:06,8,8,0,0,0,0,2,0.9,0.32000000000000006,remove_supply_chain_context
R05139,U0796,U1336,2024-12-25T00:00:07,10,11,0,0,0,0,2,0.8,0.24,remove_supply_chain_context
R05140,U0431,U1318,2024-12-26T00:00:01,9,0,0,0,0,0,0,0.9,0.32000000000000006,remove_supply_chain_context
R05141,U0319,U0927,2024-12-26T00:00:02,11,9,0,0,0,0,1,0.8,0.24,remove_supply_chain_context
R05142,U0405,U0433,2024-12-26T00:00:03,8,6,0,0,0,0,2,0.9,0.32000000000000006,remove_supply_chain_context
R05143,U0636,U1294,2024-12-26T00:00:04,8,2,0,0,0,0,4,0.375,-0.1,remove_supply_chain_context
R05144,U0362,U0832,2024-12-26T00:00:05,7,6,0,0,0,0,0,0.44,-0.048,remove_supply_chain_context
R05145,U0526,U0963,2024-12-26T00:00:06,9,0,0,0,0,0,3,0.9,0.32000000000000006,remove_supply_chain_context
R05146,U0755,U1210,2024-12-26T00:00:07,8,7,0,0,0,0,3,0.9,0.32000000000000006,remove_supply_chain_context
R05147,U1136,U1276,2024-12-27T00:00:01,12,6,0,0,0,0,1,0.9,0.32000000000000006,remove_supply_chain_context
R05148,U0095,U0115,2024-12-27T00:00:02,9,10,0,0,0,0,3,0.325,-0.13999999999999999,remove_supply_chain_context
R05149,U0629,U0692,2024-12-27T00:00:03,13,14,0,0,0,1,2,0.9,0.32000000000000006,remove_supply_chain_context
R05150,U0070,U1208,2024-12-27T00:00:04,9,9,0,0,0,0,3,0.9,0.32000000000000006,remove_supply_chain_context
R05151,U0820,U0895,2024-12-27T00:00:05,7,1,0,0,0,0,4,0.9,0.32000000000000006,remove_supply_chain_context
R05152,U0721,U1082,2024-12-27T00:00:06,0,2,0,0,0,0,0,0.325,-0.13999999999999999,remove_supply_chain_context
R05153,U0389,U0537,2024-12-27T00:00:07,7,11,0,0,0,0,6,0.9,0.32000000000000006,remove_supply_chain_context
R05154,U0267,U0596,2024-12-28T00:00:01,7,11,0,0,0,0,2,0.9,0.32000000000000006,remove_supply_chain_context
R05155,U0839,U1022,2024-12-28T00:00:02,10,12,0,0,1,0,1,0.9,0.32000000000000006,remove_supply_chain_context
R05156,U0709,U0943,2024-12-28T00:00:03,6,12,0,0,1,0,1,0.8,0.24,remove_supply_chain_context
R05157,U0957,U1318,2024-12-28T00:00:04,12,1,0,0,0,0,4,0.8,0.24,remove_supply_chain_context
R05158,U0672,U0860,2024-12-28T00:00:05,8,0,0,0,0,0,1,0.9,0.32000000000000006,remove_supply_chain_context
R05159,U0395,U1357,2024-12-28T00:00:06,7,9,0,0,0,0,0,0.9,0.32000000000000006,remove_supply_chain_context
R05160,U0760,U1309,2024-12-28T00:00:07,10,7,0,0,0,0,1,0.9,0.32000000000000006,remove_supply_chain_context
R05161,U0005,U0295,2025-01-01T00:00:00,0,9,0,0,0,0,1,0.375,-0.1,remove_supply_chain_context
R05162,U0010,U1039,2025-01-01T00:00:01,0,9,0,0,0,0,2,0.44,-0.048,remove_supply_chain_context
R05163,U0033,U1150,2025-01-01T00:00:02,0,9,0,0,0,0,1,0.9,0.32000000000000006,remove_supply_chain_context
R05164,U0038,U0042,2025-01-01T00:00:03,0,8,0,0,0,0,3,0.9,0.32000000000000006,remove_supply_chain_context
R05165,U0063,U1145,2025-01-01T00:00:04,1,7,0,0,0,0,2,0.325,-0.13999999999999999,remove_supply_chain_context
R05166,U0017,U0066,2025-01-01T00:00:05,10,2,0,0,0,1,5,0.44,-0.048,remove_supply_chain_context
R05167,U0100,U1279,2025-01-01T00:00:06,1,9,0,0,0,0,1,0.325,-0.13999999999999999,remove_supply_chain_context
R05168,U0130,U0383,2025-01-01T00:00:07,0,10,0,0,0,0,2,0.325,-0.13999999999999999,remove_supply_chain_context
R05169,U0133,U0838,2025-01-02T00:00:01,0,7,0,0,0,0,3,0.8,0.24,remove_supply_chain_context
R05170,U0149,U1328,2025-01-02T00:00:02,0,12,0,0,0,0,3,0.375,-0.1,remove_supply_chain_context
R05171,U0174,U1356,2025-01-02T00:00:03,0,7,0,0,0,0,1,0.8,0.24,remove_supply_chain_context
R05172,U0188,U1137,2025-01-02T00:00:04,0,11,0,0,0,0,0,0.9,0.32000000000000006,remove_supply_chain_context
R05173,U0246,U0431,2025-01-02T00:00:05,0,10,0,0,0,0,3,0.9,0.32000000000000006,remove_supply_chain_context
R05174,U0297,U1324,2025-01-02T00:00:06,1,11,0,0,0,0,1,0.9,0.32000000000000006,remove_supply_chain_context
R05175,U0307,U0936,2025-01-02T00:00:07,1,12,0,0,0,0,2,0.375,-0.1,remove_supply_chain_context
R05176,U0308,U0816,2025-01-03T00:00:01,0,9,0,0,0,0,2,0.325,-0.13999999999999999,remove_supply_chain_context
R05177,U0352,U1350,2025-01-03T00:00:02,0,9,0,0,0,0,6,0.325,-0.13999999999999999,remove_supply_chain_context
R05178,U0365,U0828,2025-01-03T00:00:03,0,11,0,0,1,0,1,0.375,-0.1,remove_supply_chain_context
R05179,U0368,U1231,2025-01-03T00:00:04,0,9,0,0,0,0,3,0.375,-0.1,remove_supply_chain_context
R05180,U0218,U0379,2025-01-03T00:00:05,9,1,0,0,0,0,4,0.8,0.24,remove_supply_chain_context
R05181,U0391,U1295,2025-01-03T00:00:06,0,8,0,0,0,0,1,0.8,0.24,remove_supply_chain_context
R05182,U0220,U0400,2025-01-03T00:00:07,6,0,0,0,0,0,1,0.9,0.32000000000000006,remove_supply_chain_context
R05183,U0435,U0693,2025-01-04T00:00:01,0,9,0,0,0,1,0,0.325,-0.13999999999999999,remove_supply_chain_context
R05184,U0410,U0448,2025-01-04T00:00:02,8,0,0,0,0,0,2,0.44,-0.048,remove_supply_chain_context
R05185,U0051,U0450,2025-01-04T00:00:03,7,0,0,0,0,0,5,0.9,0.32000000000000006,remove_supply_chain_context
R05186,U0486,U0920,2025-01-04T00:00:04,0,9,0,0,0,0,0,0.375,-0.1,remove_supply_chain_context
R05187,U0046,U0522,2025-01-04T00:00:05,5,1,0,0,0,1,2,0.9,0.32000000000000006,remove_supply_chain_context
R05188,U0367,U0528,2025-01-04T00:00:06,9,0,0,0,0,0,4,0.9,0.32000000000000006,remove_supply_chain_context
R05189,U0351,U0555,2025-01-04T00:00:07,8,0,0,0,0,0,1,0.8,0.24,remove_supply_chain_context
R05190,U0050,U0558,2025-01-05T00:00:01,12,0,0,0,0,0,4,0.375,-0.1,remove_supply_chain_context
R05191,U0585,U0664,2025-01-05T00:00:02,0,10,0,0,0,0,0,0.325,-0.13999999999999999,remove_supply_chain_context
R05192,U0590,U0713,2025-01-05T00:00:03,0,5,0,0,0,0,2,0.9,0.32000000000000006,remove_supply_chain_context
R05193,U0602,U1236,2025-01-05T00:00:04,0,9,0,0,0,0,6,0.8,0.24,remove_supply_chain_context
R05194,U0617,U0652,2025-01-05T00:00:05,0,10,0,0,0,0,1,0.9,0.32000000000000006,remove_supply_chain_context
R05195,U0619,U1398,2025-01-05T00:00:06,0,7,0,0,0,0,1,0.44,-0.048,remove_supply_chain_context
R05196,U0051,U0645,2025-01-05T00:00:07,8,1,0,0,0,0,1,0.9,0.32000000000000006,remove_supply_chain_context
R05197,U0677,U1166,2025-01-06T00:00:01,0,7,0,0,0,0,2,0.9,0.32000000000000006,remove_supply_chain_context
R05198,U0643,U0721,2025-01-06T00:00:02,6,1,0,0,0,0,2,0.44,-0.048,remove_supply_chain_context
R05199,U0501,U0722,2025-01-06T00:00:03,8,1,0,0,0,0,4,0.8,0.24,remove_supply_chain_context
R05200,U0079,U0765,2025-01-06T00:00:04,6,1,0,0,0,0,3,0.44,-0.048,remove_supply_chain_context
R05201,U0070,U0860,2025-01-06T00:00:05,10,1,0,0,0,0,0,0.325,-0.13999999999999999,remove_supply_chain_context
R05202,U0867,U0968,2025-01-06T00:00:06,0,9,0,0,0,0,1,0.9,0.32000000000000006,remove_supply_chain_context
R05203,U0564,U0900,2025-01-06T00:00:07,8,0,0,0,0,0,3,0.325,-0.13999999999999999,remove_supply_chain_context
R05204,U0917,U1058,2025-01-07T00:00:01,0,8,0,0,0,0,1,0.375,-0.1,remove_supply_chain_context
R05205,U0963,U1010,2025-01-07T00:00:02,1,7,0,0,0,0,3,0.9,0.32000000000000006,remove_supply_chain_context
R05206,U0999,U1075,2025-01-07T00:00:03,1,9,0,0,0,0,0,0.375,-0.1,remove_supply_chain_context
R05207,U1077,U1347,2025-01-07T00:00:04,0,8,0,0,0,0,1,0.375,-0.1,remove_supply_chain_context
R05208,U1087,U1233,2025-01-07T00:00:05,0,8,0,0,0,0,1,0.8,0.24,remove_supply_chain_context
R05209,U0751,U1092,2025-01-07T00:00:06,8,0,0,0,0,0,2,0.44,-0.048,remove_supply_chain_context
R05210,U0940,U1112,2025-01-07T00:00:07,6,0,0,0,0,0,3,0.9,0.32000000000000006,remove_supply_chain_context
R05211,U0091,U1144,2025-01-08T00:00:00,7,0,0,0,0,0,0,0.8,0.24,remove_supply_chain_context
R05212,U0186,U1203,2025-01-08T00:00:01,8,0,0,0,0,0,1,0.44,-0.048,remove_supply_chain_context
R05213,U1217,U1242,2025-01-08T00:00:02,7,0,0,0,0,0,3,0.375,-0.1,remove_supply_chain_context
R05214,U1137,U1263,2025-01-08T00:00:03,12,0,0,0,0,0,1,0.325,-0.13999999999999999,remove_supply_chain_context
R05215,U0712,U1291,2025-01-08T00:00:04,11,0,0,0,0,0,3,0.9,0.32000000000000006,remove_supply_chain_context
R05216,U0411,U1319,2025-01-08T00:00:05,8,0,0,0,0,0,0,0.8,0.24,remove_supply_chain_context
R05217,U0459,U1330,2025-01-08T00:00:06,9,0,0,0,1,0,1,0.375,-0.1,remove_supply_chain_context
R05218,U0956,U1342,2025-01-08T00:00:07,7,0,0,0,0,1,3,0.375,-0.1,remove_supply_chain_context
R05219,U0868,U1370,2025-01-09T00:00:01,6,1,0,0,0,0,3,0.44,-0.048,remove_supply_chain_context
R05220,U1039,U1378,2025-01-09T00:00:02,10,0,0,0,0,0,3,0.375,-0.1,remove_supply_chain_context
R05221,U0536,U0952,2025-01-09T00:00:03,7,8,0,0,0,0,0,0.9,0.32000000000000006,remove_supply_chain_context
R05222,U0453,U0753,2025-01-09T00:00:04,5,12,0,0,0,0,0,0.8,0.24,remove_supply_chain_context
R05223,U0378,U1095,2025-01-09T00:00:05,1,8,0,0,1,0,2,0.8,0.24,remove_supply_chain_context
R05224,U0385,U0437,2025-01-09T00:00:06,9,7,0,0,0,1,0,0.375,-0.1,remove_supply_chain_context
R05225,U1153,U1271,2025-01-09T00:00:07,1,14,0,0,0,1,1,0.9,0.32000000000000006,remove_supply_chain_context
R05226,U0900,U1246,2025-01-10T00:00:01,1,6,0,0,0,0,5,0.325,-0.13999999999999999,remove_supply_chain_context
R05227,U0101,U0437,2025-01-10T00:00:02,8,8,0,0,0,0,0,0.9,0.32000000000000006,remove_supply_chain_context
R05228,U0253,U0956,2025-01-10T00:00:03,9,8,0,0,0,0,1,0.8,0.24,remove_supply_chain_context
R05229,U0198,U1030,2025-01-10T00:00:04,7,0,0,0,0,0,1,0.375,-0.1,remove_supply_chain_context
R05230,U0194,U0296,2025-01-10T00:00:05,11,1,0,0,0,0,1,0.9,0.32000000000000006,remove_supply_chain_context
R05231,U0545,U1081,2025-01-10T00:00:06,0,7,0,0,0,0,4,0.9,0.32000000000000006,remove_supply_chain_context
R05232,U0546,U1132,2025-01-10T00:00:07,10,8,0,0,0,0,0,0.9,0.32000000000000006,remove_supply_chain_context
R05233,U0695,U0916,2025-01-11T00:00:01,14,8,0,0,0,0,0,0.375,-0.1,remove_supply_chain_context
R05234,U0079,U1383,2025-01-11T00:00:02,7,16,0,0,0,0,2,0.9,0.32000000000000006,remove_supply_chain_context
R05235,U0607,U1276,2025-01-11T00:00:03,11,7,0,0,0,0,1,0.9,0.32000000000000006,remove_supply_chain_context
R05236,U1300,U1338,2025-01-11T00:00:04,7,6,0,0,1,0,1,0.325,-0.13999999999999999,remove_supply_chain_context
R05237,U0698,U1144,2025-01-11T00:00:05,1,1,0,0,0,0,2,0.375,-0.1,remove_supply_chain_context
R05238,U0308,U0373,2025-01-11T00:00:06,1,8,0,0,0,0,4,0.325,-0.13999999999999999,remove_supply_chain_context
R05239,U0782,U1194,2025-01-11T00:00:07,8,10,0,0,0,0,2,0.8,0.24,remove_supply_chain_context
R05240,U0230,U1041,2025-01-12T00:00:01,6,1,0,0,0,0,1,0.325,-0.13999999999999999,remove_supply_chain_context
R05241,U0376,U1143,2025-01-12T00:00:02,7,11,0,0,0,0,0,0.8,0.24,remove_supply_chain_context
R05242,U0776,U1375,2025-01-12T00:00:03,8,10,0,0,0,1,1,0.9,0.32000000000000006,remove_supply_chain_context
R05243,U0232,U1120,2025-01-12T00:00:04,6,8,0,0,0,1,3,0.325,-0.13999999999999999,remove_supply_chain_context
R05244,U0584,U1380,2025-01-12T00:00:05,8,1,0,0,0,0,6,0.9,0.32000000000000006,remove_supply_chain_context
R05245,U0511,U1150,2025-01-12T00:00:06,7,10,0,0,0,0,3,0.375,-0.1,remove_supply_chain_context
R05246,U0176,U0337,2025-01-12T00:00:07,1,8,0,0,0,0,4,0.9,0.32000000000000006,remove_supply_chain_context
R05247,U0034,U0720,2025-01-13T00:00:01,12,0,0,0,0,0,1,0.9,0.32000000000000006,remove_supply_chain_context
R05248,U0053,U1260,2025-01-13T00:00:02,9,8,0,0,0,0,1,0.9,0.32000000000000006,remove_supply_chain_context
R05249,U0531,U0898,2025-01-13T00:00:03,7,6,0,0,1,0,1,0.44,-0.048,remove_supply_chain_context
R05250,U0511,U0682,2025-01-13T00:00:04,8,8,0,0,0,0,1,0.325,-0.13999999999999999,remove_supply_chain_context
R05251,U0147,U0485,2025-01-13T00:00:05,8,7,0,0,0,0,1,0.375,-0.1,remove_supply_chain_context
R05252,U0423,U1022,2025-01-13T00:00:06,8,13,0,0,0,0,3,0.375,-0.1,remove_supply_chain_context
R05253,U0700,U0897,2025-01-13T00:00:07,11,9,0,0,0,0,5,0.325,-0.13999999999999999,remove_supply_chain_context
R05254,U0104,U1358,2025-01-14T00:00:01,11,12,0,0,0,0,2,0.9,0.32000000000000006,remove_supply_chain_context
R05255,U0635,U1103,2025-01-14T00:00:02,9,7,0,0,0,1,1,0.375,-0.1,remove_supply_chain_context
R05256,U0474,U0926,2025-01-14T00:00:03,10,9,0,0,0,0,2,0.9,0.32000000000000006,remove_supply_chain_context
R05257,U0248,U1142,2025-01-14T00:00:04,11,6,0,0,0,0,3,0.9,0.32000000000000006,remove_supply_chain_context
R05258,U0649,U0720,2025-01-14T00:00:05,10,1,0,0,0,0,4,0.375,-0.1,remove_supply_chain_context
R05259,U0551,U0666,2025-01-14T00:00:06,9,12,0,0,0,0,0,0.9,0.32000000000000006,remove_supply_chain_context
R05260,U0612,U1391,2025-01-14T00:00:07,1,0,0,0,0,0,2,0.9,0.32000000000000006,remove_supply_chain_context
R05261,U0629,U1129,2025-01-15T00:00:00,14,8,0,0,0,0,1,0.9,0.32000000000000006,remove_supply_chain_context
R05262,U0607,U0682,2025-01-15T00:00:01,12,9,0,0,0,0,4,0.8,0.24,remove_supply_chain_context
R05263,U0593,U1384,2025-01-15T00:00:02,7,10,0,0,0,0,2,0.44,-0.048,remove_supply_chain_context
R05264,U1115,U1125,2025-01-15T00:00:03,8,12,0,0,0,0,0,0.9,0.32000000000000006,remove_supply_chain_context
R05265,U0062,U0886,2025-01-15T00:00:04,7,7,0,0,0,0,5,0.9,0.32000000000000006,remove_supply_chain_context
R05266,U0119,U0805,2025-01-15T00:00:05,9,6,0,0,0,1,3,0.375,-0.1,remove_supply_chain_context
R05267,U0388,U0642,2025-01-15T00:00:06,9,11,1,0,0,0,2,0.325,-0.13999999999999999,remove_supply_chain_context
R05268,U0129,U1045,2025-01-15T00:00:07,1,7,0,0,0,0,1,0.8,0.24,remove_supply_chain_context
R05269,U0733,U0949,2025-01-16T00:00:01,11,7,0,0,0,0,2,0.375,-0.1,remove_supply_chain_context
R05270,U0150,U0806,2025-01-16T00:00:02,8,8,0,0,0,1,2,0.375,-0.1,remove_supply_chain_context
R05271,U0778,U1401,2025-01-16T00:00:03,9,14,0,0,0,0,2,0.44,-0.048,remove_supply_chain_context
R05272,U1054,U1240,2025-01-16T00:00:04,7,11,0,0,0,0,0,0.8,0.24,remove_supply_chain_context
R05273,U0357,U0879,2025-01-16T00:00:05,8,1,0,0,0,0,1,0.375,-0.1,remove_supply_chain_context
R05274,U0592,U0784,2025-01-16T00:00:06,10,10,0,0,0,0,0,0.9,0.32000000000000006,remove_supply_chain_context
R05275,U0053,U1019,2025-01-16T00:00:07,10,6,0,0,0,0,3,0.9,0.32000000000000006,remove_supply_chain_context
R05276,U0203,U1093,2025-01-17T00:00:01,10,7,0,0,0,0,2,0.8,0.24,remove_supply_chain_context
R05277,U1166,U1171,2025-01-17T00:00:02,8,6,0,0,0,0,3,0.9,0.32000000000000006,remove_supply_chain_context
R05278,U0656,U1226,2025-01-17T00:00:03,11,6,0,0,1,1,2,0.9,0.32000000000000006,remove_supply_chain_context
R05279,U0085,U1111,2025-01-17T00:00:04,7,9,0,0,0,0,0,0.8,0.24,remove_supply_chain_context
R05280,U0257,U0581,2025-01-17T00:00:05,8,8,0,0,0,1,0,0.375,-0.1,remove_supply_chain_context
R05281,U0077,U0337,2025-01-17T00:00:06,8,9,0,0,0,0,1,0.44,-0.048,remove_supply_chain_context
R05282,U0035,U1010,2025-01-17T00:00:07,8,8,0,0,0,1,1,0.325,-0.13999999999999999,remove_supply_chain_context
R05283,U0162,U0940,2025-01-18T00:00:01,1,7,0,0,0,1,1,0.9,0.32000000000000006,remove_supply_chain_context
R05284,U0841,U1032,2025-01-18T00:00:02,11,1,0,0,0,1,0,0.375,-0.1,remove_supply_chain_context
R05285,U0517,U0887,2025-01-18T00:00:03,9,10,0,0,1,0,2,0.44,-0.048,remove_supply_chain_context
R05286,U0024,U0741,2025-01-18T00:00:04,7,8,2,0,0,0,3,0.44,-0.048,remove_supply_chain_context
R05287,U0674,U0759,2025-01-18T00:00:05,8,11,0,0,0,1,2,0.375,-0.1,remove_supply_chain_context
R05288,U0047,U0328,2025-01-18T00:00:06,8,7,0,0,0,0,5,0.8,0.24,remove_supply_chain_context
R05289,U0501,U0857,2025-01-18T00:00:07,9,9,0,0,0,0,2,0.9,0.32000000000000006,remove_supply_chain_context
R05290,U0527,U0913,2025-01-19T00:00:01,7,8,0,0,0,0,2,0.9,0.32000000000000006,remove_supply_chain_context
R05291,U0056,U0513,2025-01-19T00:00:02,8,8,0,0,0,0,0,0.9,0.32000000000000006,remove_supply_chain_context
R05292,U0286,U0960,2025-01-19T00:00:03,7,5,0,0,0,0,3,0.375,-0.1,remove_supply_chain_context
R05293,U1272,U1310,2025-01-19T00:00:04,8,11,0,0,0,0,1,0.8,0.24,remove_supply_chain_context
R05294,U0622,U0758,2025-01-19T00:00:05,10,9,0,0,0,0,3,0.9,0.32000000000000006,remove_supply_chain_context
R05295,U0256,U1035,2025-01-19T00:00:06,5,9,0,0,0,0,3,0.8,0.24,remove_supply_chain_context
R05296,U0099,U0805,2025-01-19T00:00:07,10,7,0,0,0,0,1,0.8,0.24,remove_supply_chain_context
R05297,U0621,U1228,2025-01-20T00:00:01,2,1,0,0,0,0,6,0.9,0.32000000000000006,remove_supply_chain_context
R05298,U0033,U0086,2025-01-20T00:00:02,1,10,0,0,1,0,3,0.9,0.32000000000000006,remove_supply_chain_context
R05299,U0478,U1146,2025-01-20T00:00:03,5,10,0,0,0,0,1,0.9,0.32000000000000006,remove_supply_chain_context
R05300,U0017,U0093,2025-01-20T00:00:04,11,9,0,0,0,0,4,0.9,0.32000000000000006,remove_supply_chain_context
R05301,U0814,U1090,2025-01-20T00:00:05,8,10,0,0,0,0,0,0.9,0.32000000000000006,remove_supply_chain_context
R05302,U0658,U1270,2025-01-20T00:00:06,0,7,0,0,1,0,2,0.375,-0.1,remove_supply_chain_context
R05303,U0022,U1208,2025-01-20T00:00:07,9,10,0,0,0,0,0,0.8,0.24,remove_supply_chain_context
R05304,U0274,U0683,2025-01-21T00:00:01,6,8,0,0,0,1,1,0.8,0.24,remove_supply_chain_context
R05305,U1259,U1310,2025-01-21T00:00:02,7,12,0,0,0,0,1,0.9,0.32000000000000006,remove_supply_chain_context
R05306,U0659,U1307,2025-01-21T00:00:03,10,12,0,0,0,0,0,0.9,0.32000000000000006,remove_supply_chain_context
R05307,U0792,U1162,2025-01-21T00:00:04,8,8,0,0,0,1,0,0.375,-0.1,remove_supply_chain_context
R05308,U0086,U0640,2025-01-21T00:00:05,11,12,0,0,0,0,4,0.9,0.32000000000000006,remove_supply_chain_context
R05309,U0232,U0827,2025-01-21T00:00:06,7,6,0,0,0,0,2,0.325,-0.13999999999999999,remove_supply_chain_context
R05310,U1050,U1132,2025-01-21T00:00:07,8,9,0,0,0,0,4,0.9,0.32000000000000006,remove_supply_chain_context
R05311,U0321,U1024,2025-01-22T00:00:00,8,6,2,0,0,0,1,0.44,-0.048,remove_supply_chain_context
R05312,U0202,U0416,2025-01-22T00:00:01,10,2,0,0,0,0,0,0.8,0.24,remove_supply_chain_context
R05313,U0429,U1042,2025-01-22T00:00:02,9,9,0,0,0,0,4,0.325,-0.13999999999999999,remove_supply_chain_context
R05314,U0325,U0962,2025-01-22T00:00:03,2,8,0,0,0,0,3,0.44,-0.048,remove_supply_chain_context
R05315,U0185,U1131,2025-01-22T00:00:04,8,8,0,0,0,0,4,0.44,-0.048,remove_supply_chain_context
R05316,U0048,U0467,2025-01-22T00:00:05,8,7,0,0,0,0,0,0.9,0.32000000000000006,remove_supply_chain_context
R05317,U0931,U1121,2025-01-22T00:00:06,1,6,0,0,0,1,0,0.375,-0.1,remove_supply_chain_context
R05318,U0327,U0776,2025-01-22T00:00:07,7,9,0,0,0,0,4,0.9,0.32000000000000006,remove_supply_chain_context
R05319,U0004,U0590,2025-01-23T00:00:01,8,1,0,0,0,0,5,0.325,-0.13999999999999999,remove_supply_chain_context
R05320,U0325,U0502,2025-01-23T00:00:02,3,12,0,0,0,0,0,0.325,-0.13999999999999999,remove_supply_chain_context
R05321,U1073,U1176,2025-01-23T00:00:03,11,5,0,0,0,0,2,0.8,0.24,remove_supply_chain_context
R05322,U0207,U0677,2025-01-23T00:00:04,11,1,0,0,0,0,0,0.375,-0.1,remove_supply_chain_context
R05323,U0164,U1212,2025-01-23T00:00:05,10,7,0,0,0,0,1,0.44,-0.048,remove_supply_chain_context
R05324,U0590,U0629,2025-01-23T00:00:06,2,15,0,0,0,1,1,0.9,0.32000000000000006,remove_supply_chain_context
R05325,U0373,U1215,2025-01-23T00:00:07,9,9,0,0,0,0,2,0.44,-0.048,remove_supply_chain_context
R05326,U0195,U0358,2025-01-24T00:00:01,10,8,0,0,0,0,4,0.375,-0.1,remove_supply_chain_context
R05327,U0154,U0407,2025-01-24T00:00:02,12,10,0,0,0,0,2,0.9,0.32000000000000006,remove_supply_chain_context
R05328,U0303,U0580,2025-01-24T00:00:03,6,9,1,0,0,0,1,0.9,0.32000000000000006,remove_supply_chain_context
R05329,U0712,U1361,2025-01-24T00:00:04,12,12,0,0,0,0,1,0.9,0.32000000000000006,remove_supply_chain_context
R05330,U0855,U0982,2025-01-24T00:00:05,7,8,0,0,0,0,0,0.375,-0.1,remove_supply_chain_context
R05331,U0580,U1116,2025-01-24T00:00:06,10,1,0,0,0,0,0,0.8,0.24,remove_supply_chain_context
R05332,U0865,U1374,2025-01-24T00:00:07,9,1,0,0,0,0,3,0.9,0.32000000000000006,remove_supply_chain_context
R05333,U0021,U1154,2025-01-25T00:00:01,10,8,0,0,0,0,2,0.8,0.24,remove_supply_chain_context
R05334,U0004,U0538,2025-01-25T00:00:02,9,8,0,0,0,0,3,0.9,0.32000000000000006,remove_supply_chain_context
R05335,U0647,U0955,2025-01-25T00:00:03,2,9,0,0,0,0,0,0.8,0.24,remove_supply_chain_context
R05336,U0129,U0162,2025-01-25T00:00:04,2,2,0,0,0,0,4,0.9,0.32000000000000006,remove_supply_chain_context
R05337,U0853,U1082,2025-01-25T00:00:05,9,3,0,0,1,0,1,0.9,0.32000000000000006,remove_supply_chain_context
R05338,U0889,U1363,2025-01-25T00:00:06,1,8,0,0,0,0,1,0.9,0.32000000000000006,remove_supply_chain_context
R05339,U1179,U1312,2025-01-25T00:00:07,9,8,0,0,0,0,4,0.9,0.32000000000000006,remove_supply_chain_context
R05340,U0024,U0109,2025-01-26T00:00:01,8,10,1,0,0,0,1,0.9,0.32000000000000006,remove_supply_chain_context
R05341,U0537,U1212,2025-01-26T00:00:02,12,8,0,0,0,1,4,0.375,-0.1,remove_supply_chain_context
R05342,U0563,U1208,2025-01-26T00:00:03,8,11,0,0,0,0,2,0.9,0.32000000000000006,remove_supply_chain_context
R05343,U0727,U0815,2025-01-26T00:00:04,7,5,0,0,0,1,0,0.9,0.32000000000000006,remove_supply_chain_context
R05344,U0149,U0646,2025-01-26T00:00:05,1,8,0,0,0,0,0,0.9,0.32000000000000006,remove_supply_chain_context
R05345,U0113,U1120,2025-01-26T00:00:06,8,9,0,0,0,0,1,0.375,-0.1,remove_supply_chain_context
R05346,U0906,U1064,2025-01-26T00:00:07,11,9,1,0,0,0,2,0.325,-0.13999999999999999,remove_supply_chain_context
R05347,U0126,U0564,2025-01-27T00:00:01,0,9,0,0,0,0,2,0.8,0.24,remove_supply_chain_context
R05348,U0348,U1093,2025-01-27T00:00:02,6,8,0,0,0,0,1,0.8,0.24,remove_supply_chain_context
R05349,U0919,U0968,2025-01-27T00:00:03,11,10,0,0,0,0,1,0.9,0.32000000000000006,remove_supply_chain_context
R05350,U0216,U0700,2025-01-27T00:00:04,7,12,0,0,0,0,5,0.375,-0.1,remove_supply_chain_context
R05351,U0027,U0689,2025-01-27T00:00:05,10,9,0,0,0,0,5,0.9,0.32000000000000006,remove_supply_chain_context
R05352,U0518,U0608,2025-01-27T00:00:06,8,6,0,0,0,0,0,0.375,-0.1,remove_supply_chain_context
R05353,U0246,U0518,2025-01-27T00:00:07,1,9,0,0,0,0,3,0.8,0.24,remove_supply_chain_context
R05354,U0250,U0636,2025-01-28T00:00:01,9,9,0,0,0,0,5,0.8,0.24,remove_supply_chain_context
R05355,U0790,U0942,2025-01-28T00:00:02,8,8,0,0,0,1,3,0.9,0.32000000000000006,remove_supply_chain_context
R05356,U0556,U1321,2025-01-28T00:00:03,15,8,0,0,0,0,3,0.8,0.24,remove_supply_chain_context
R05357,U0786,U0843,2025-01-28T00:00:04,2,7,0,0,1,0,3,0.375,-0.1,remove_supply_chain_context
R05358,U0096,U0232,2025-01-28T00:00:05,0,8,0,0,0,0,0,0.9,0.32000000000000006,remove_supply_chain_context
R05359,U0806,U0849,2025-01-28T00:00:06,9,7,0,0,0,0,0,0.8,0.24,remove_supply_chain_context
R05360,U0564,U0857,2025-01-28T00:00:07,10,10,0,0,0,0,1,0.9,0.32000000000000006,remove_supply_chain_context
R05361,U0029,U0316,2025-02-01T00:00:00,0,8,0,0,0,1,3,0.375,-0.1,remove_supply_chain_context
R05362,U0090,U1161,2025-02-01T00:00:01,1,8,0,0,0,0,3,0.325,-0.13999999999999999,remove_supply_chain_context
R05363,U0096,U0853,2025-02-01T00:00:02,1,10,0,0,0,0,3,0.9,0.32000000000000006,remove_supply_chain_context
R05364,U0120,U1161,2025-02-01T00:00:03,0,9,0,0,0,0,0,0.9,0.32000000000000006,remove_supply_chain_context
R05365,U0121,U1357,2025-02-01T00:00:04,0,10,0,0,0,0,2,0.9,0.32000000000000006,remove_supply_chain_context
R05366,U0126,U1008,2025-02-01T00:00:05,1,10,0,0,0,0,1,0.9,0.32000000000000006,remove_supply_chain_context
R05367,U0176,U1115,2025-02-01T00:00:06,2,9,0,0,0,0,3,0.9,0.32000000000000006,remove_supply_chain_context
R05368,U0217,U0753,2025-02-01T00:00:07,0,13,0,0,0,0,1,0.9,0.32000000000000006,remove_supply_chain_context
R05369,U0224,U1369,2025-02-01T00:00:08,2,7,0,0,0,0,4,0.8,0.24,remove_supply_chain_context
R05370,U0243,U0849,2025-02-02T00:00:01,0,8,0,0,0,0,2,0.9,0.32000000000000006,remove_supply_chain_context
R05371,U0252,U0548,2025-02-02T00:00:02,0,8,0,0,0,0,2,0.375,-0.1,remove_supply_chain_context
R05372,U0255,U0589,2025-02-02T00:00:03,0,7,0,0,0,1,2,0.9,0.32000000000000006,remove_supply_chain_context
R05373,U0259,U0366,2025-02-02T00:00:04,0,7,0,0,0,0,1,0.375,-0.1,remove_supply_chain_context
R05374,U0268,U0447,2025-02-02T00:00:05,1,9,0,0,0,0,5,0.8,0.24,remove_supply_chain_context
R05375,U0310,U1029,2025-02-02T00:00:06,0,8,0,0,0,0,5,0.375,-0.1,remove_supply_chain_context
R05376,U0314,U0515,2025-02-02T00:00:07,0,9,0,0,0,0,2,0.375,-0.1,remove_supply_chain_context
R05377,U0332,U1358,2025-02-02T00:00:08,1,13,0,0,0,0,3,0.325,-0.13999999999999999,remove_supply_chain_context
R05378,U0341,U1058,2025-02-02T00:00:09,1,9,0,0,0,0,3,0.9,0.32000000000000006,remove_supply_chain_context
R05379,U0349,U1070,2025-02-03T00:00:01,0,8,0,0,0,1,2,0.375,-0.1,remove_supply_chain_context
R05380,U0312,U0377,2025-02-03T00:00:02,12,0,0,0,0,0,2,0.9,0.32000000000000006,remove_supply_chain_context
R05381,U0046,U0402,2025-02-03T00:00:03,6,0,0,0,0,1,4,0.44,-0.048,remove_supply_chain_context
R05382,U0441,U0703,2025-02-03T00:00:04,0,10,0,0,0,0,2,0.8,0.24,remove_supply_chain_context
R05383,U0497,U1315,2025-02-03T00:00:05,0,6,0,0,1,0,6,0.325,-0.13999999999999999,remove_supply_chain_context
R05384,U0545,U0837,2025-02-03T00:00:06,1,8,0,0,0,0,3,0.9,0.32000000000000006,remove_supply_chain_context
R05385,U0526,U0572,2025-02-03T00:00:07,10,0,0,0,0,1,3,0.325,-0.13999999999999999,remove_supply_chain_context
R05386,U0578,U1292,2025-02-03T00:00:08,0,8,0,0,0,0,3,0.375,-0.1,remove_supply_chain_context
R05387,U0601,U0759,2025-02-03T00:00:09,0,12,0,0,0,1,3,0.375,-0.1,remove_supply_chain_context
R05388,U0531,U0609,2025-02-04T00:00:01,8,0,0,0,0,0,2,0.8,0.24,remove_supply_chain_context
R05389,U0052,U0644,2025-02-04T00:00:02,8,1,0,0,0,0,0,0.9,0.32000000000000006,remove_supply_chain_context
R05390,U0110,U0655,2025-02-04T00:00:03,8,0,0,0,0,0,3,0.375,-0.1,remove_supply_chain_context
R05391,U0101,U0658,2025-02-04T00:00:04,9,1,0,0,0,0,1,0.9,0.32000000000000006,remove_supply_chain_context
R05392,U0669,U1142,2025-02-04T00:00:05,0,7,0,0,0,0,1,0.9,0.32000000000000006,remove_supply_chain_context
R05393,U0720,U1270,2025-02-04T00:00:06,2,8,0,0,0,0,4,0.375,-0.1,remove_supply_chain_context
R05394,U0734,U0921,2025-02-04T00:00:07,0,9,0,0,0,0,3,0.375,-0.1,remove_supply_chain_context
R05395,U0330,U0754,2025-02-04T00:00:08,6,0,0,0,0,0,1,0.9,0.32000000000000006,remove_supply_chain_context
R05396,U0767,U0820,2025-02-04T00:00:09,0,8,0,0,0,0,6,0.8,0.24,remove_supply_chain_context
R05397,U0153,U0777,2025-02-05T00:00:01,8,0,0,0,0,0,1,0.9,0.32000000000000006,remove_supply_chain_context
R05398,U0789,U0961,2025-02-05T00:00:02,1,6,0,0,0,0,4,0.8,0.24,remove_supply_chain_context
R05399,U0798,U0933,2025-02-05T00:00:03,0,9,0,0,0,0,1,0.375,-0.1,remove_supply_chain_context
R05400,U0434,U0809,2025-02-05T00:00:04,11,2,0,0,0,0,3,0.44,-0.048,remove_supply_chain_context
R05401,U0883,U0884,2025-02-05T00:00:05,8,0,0,0,1,0,1,0.9,0.32000000000000006,remove_supply_chain_context
R05402,U0434,U0889,2025-02-05T00:00:06,12,2,0,0,0,0,1,0.9,0.32000000000000006,remove_supply_chain_context
R05403,U0303,U0896,2025-02-05T00:00:07,7,0,0,0,0,0,0,0.9,0.32000000000000006,remove_supply_chain_context
R05404,U0935,U1156,2025-02-05T00:00:08,0,9,0,0,0,0,0,0.9,0.32000000000000006,remove_supply_chain_context
R05405,U0946,U0980,2025-02-05T00:00:09,0,9,0,0,0,0,1,0.9,0.32000000000000006,remove_supply_chain_context
R05406,U0410,U0978,2025-02-06T00:00:01,9,1,0,0,0,0,3,0.375,-0.1,remove_supply_chain_context
R05407,U0426,U0984,2025-02-06T00:00:02,14,0,0,0,0,0,3,0.8,0.24,remove_supply_chain_context
R05408,U0604,U0996,2025-02-06T00:00:03,6,0,0,0,0,1,2,0.375,-0.1,remove_supply_chain_context
R05409,U0062,U1001,2025-02-06T00:00:04,8,0,0,0,0,0,3,0.375,-0.1,remove_supply_chain_context
R05410,U0053,U1016,2025-02-06T00:00:05,11,0,0,0,0,0,4,0.9,0.32000000000000006,remove_supply_chain_context
R05411,U0552,U1027,2025-02-06T00:00:06,10,0,0,0,0,0,1,0.375,-0.1,remove_supply_chain_context
R05412,U0897,U1030,2025-02-06T00:00:07,10,1,0,1,1,0,0,0.375,-0.1,remove_supply_chain_context
R05413,U1043,U1337,2025-02-06T00:00:08,0,11,0,0,0,0,0,0.375,-0.1,remove_supply_chain_context
R05414,U0576,U1066,2025-02-06T00:00:09,6,0,0,0,0,0,0,0.325,-0.13999999999999999,remove_supply_chain_context
R05415,U0371,U1082,2025-02-07T00:00:01,7,4,0,0,0,0,1,0.8,0.24,remove_supply_chain_context
R05416,U0267,U1116,2025-02-07T00:00:02,8,2,0,0,0,1,0,0.44,-0.048,remove_supply_chain_context
R05417,U0723,U1178,2025-02-07T00:00:03,9,0,0,0,0,1,3,0.375,-0.1,remove_supply_chain_context
R05418,U0603,U1224,2025-02-07T00:00:04,9,2,0,0,0,0,1,0.44,-0.048,remove_supply_chain_context
R05419,U0718,U1318,2025-02-07T00:00:05,10,2,0,0,0,0,6,0.375,-0.1,remove_supply_chain_context
R05420,U0021,U1333,2025-02-07T00:00:06,11,0,0,0,0,0,3,0.9,0.32000000000000006,remove_supply_chain_context
R05421,U0605,U1345,2025-02-07T00:00:07,11,0,0,0,0,0,3,0.9,0.32000000000000006,remove_supply_chain_context
R05422,U0039,U1377,2025-02-07T00:00:08,7,1,0,0,0,1,3,0.375,-0.1,remove_supply_chain_context
R05423,U1246,U1391,2025-02-07T00:00:09,7,1,0,0,0,1,2,0.8,0.24,remove_supply_chain_context
R05424,U0908,U1394,2025-02-08T00:00:01,9,0,0,0,0,0,1,0.9,0.32000000000000006,remove_supply_chain_context
R05425,U0099,U1400,2025-02-08T00:00:02,11,0,0,0,0,0,3,0.9,0.32000000000000006,remove_supply_chain_context
R05426,U0357,U1016,2025-02-08T00:00:03,9,1,0,0,0,1,1,0.9,0.32000000000000006,remove_supply_chain_context
R05427,U0221,U0600,2025-02-08T00:00:04,10,5,0,0,1,0,0,0.8,0.24,remove_supply_chain_context
R05428,U0883,U0947,2025-02-08T00:00:05,9,7,0,0,0,0,2,0.8,0.24,remove_supply_chain_context
R05429,U0125,U1293,2025-02-08T00:00:06,12,10,0,0,0,0,5,0.9,0.32000000000000006,remove_supply_chain_context
R05430,U0707,U1106,2025-02-08T00:00:07,13,10,0,0,0,0,1,0.8,0.24,remove_supply_chain_context
R05431,U0877,U1011,2025-02-08T00:00:08,10,11,0,0,0,0,1,0.8,0.24,remove_supply_chain_context
R05432,U0184,U0634,2025-02-08T00:00:09,2,9,0,0,0,0,0,0.44,-0.048,remove_supply_chain_context
R05433,U0541,U1369,2025-02-09T00:00:01,11,8,0,0,0,0,2,0.8,0.24,remove_supply_chain_context
R05434,U0106,U1330,2025-02-09T00:00:02,8,1,0,0,0,0,2,0.9,0.32000000000000006,remove_supply_chain_context
R05435,U0133,U0439,2025-02-09T00:00:03,1,8,0,0,0,1,3,0.8,0.24,remove_supply_chain_context
R05436,U0535,U0873,2025-02-09T00:00:04,9,7,0,0,0,0,6,0.9,0.32000000000000006,remove_supply_chain_context
R05437,U0712,U1264,2025-02-09T00:00:05,13,11,0,0,0,0,1,0.9,0.32000000000000006,remove_supply_chain_context
R05438,U1166,U1236,2025-02-09T00:00:06,9,10,0,0,0,0,3,0.9,0.32000000000000006,remove_supply_chain_context
R05439,U1096,U1188,2025-02-09T00:00:07,6,6,0,0,0,0,3,0.375,-0.1,remove_supply_chain_context
R05440,U0259,U0616,2025-02-09T00:00:08,1,7,0,0,0,0,2,0.44,-0.048,remove_supply_chain_context
R05441,U0009,U1223,2025-02-09T00:00:09,2,7,0,0,0,1,3,0.9,0.32000000000000006,remove_supply_chain_context
R05442,U1121,U1217,2025-02-10T00:00:01,7,8,0,0,0,0,1,0.9,0.32000000000000006,remove_supply_chain_context
R05443,U0860,U1268,2025-02-10T00:00:02,2,6,0,0,1,0,0,0.9,0.32000000000000006,remove_supply_chain_context
R05444,U0170,U0206,2025-02-10T00:00:03,9,1,0,0,0,0,1,0.325,-0.13999999999999999,remove_supply_chain_context
R05445,U0144,U0962,2025-02-10T00:00:04,7,9,0,0,0,0,0,0.375,-0.1,remove_supply_chain_context
R05446,U0815,U0930,2025-02-10T00:00:05,6,2,0,0,0,0,1,0.8,0.24,remove_supply_chain_context
R05447,U0342,U0962,2025-02-10T00:00:06,11,10,0,0,0,0,1,0.44,-0.048,remove_supply_chain_context
R05448,U0378,U1067,2025-02-10T00:00:07,2,8,0,1,1,0,5,0.375,-0.1,remove_supply_chain_context
R05449,U0001,U0873,2025-02-10T00:00:08,7,8,1,0,0,0,5,0.8,0.24,remove_supply_chain_context
R05450,U0119,U1390,2025-02-10T00:00:09,10,8,0,0,0,0,0,0.9,0.32000000000000006,remove_supply_chain_context
R05451,U0078,U1177,2025-02-11T00:00:01,8,6,0,0,0,0,0,0.325,-0.13999999999999999,remove_supply_chain_context
R05452,U0856,U1285,2025-02-11T00:00:02,9,9,0,0,0,0,4,0.9,0.32000000000000006,remove_supply_chain_context
R05453,U0723,U0994,2025-02-11T00:00:03,10,9,0,0,0,0,1,0.9,0.32000000000000006,remove_supply_chain_context
R05454,U0317,U1391,2025-02-11T00:00:04,9,2,0,0,0,0,3,0.9,0.32000000000000006,remove_supply_chain_context
R05455,U0399,U1180,2025-02-11T00:00:05,8,12,1,0,1,0,3,0.9,0.32000000000000006,remove_supply_chain_context
R05456,U0469,U0803,2025-02-11T00:00:06,10,7,0,0,0,0,2,0.9,0.32000000000000006,remove_supply_chain_context
R05457,U0289,U1243,2025-02-11T00:00:07,11,9,0,0,0,0,4,0.375,-0.1,remove_supply_chain_context
R05458,U0808,U0814,2025-02-11T00:00:08,2,9,0,0,0,0,2,0.8,0.24,remove_supply_chain_context
R05459,U0139,U0167,2025-02-11T00:00:09,10,8,0,0,0,0,1,0.9,0.32000000000000006,remove_supply_chain_context
R05460,U0475,U0599,2025-02-12T00:00:01,9,6,0,0,0,0,1,0.375,-0.1,remove_supply_chain_context
R05461,U0761,U0768,2025-02-12T00:00:02,14,9,0,0,0,1,5,0.8,0.24,remove_supply_chain_context
R05462,U0721,U0941,2025-02-12T00:00:03,2,7,0,0,0,1,6,0.9,0.32000000000000006,remove_supply_chain_context
R05463,U0565,U0655,2025-02-12T00:00:04,8,1,0,0,0,1,6,0.44,-0.048,remove_supply_chain_context
R05464,U0167,U0761,2025-02-12T00:00:05,9,15,0,0,0,0,3,0.9,0.32000000000000006,remove_supply_chain_context
R05465,U0758,U1376,2025-02-12T00:00:06,10,7,0,0,1,0,1,0.44,-0.048,remove_supply_chain_context
R05466,U0235,U0411,2025-02-12T00:00:07,10,9,0,0,0,1,2,0.9,0.32000000000000006,remove_supply_chain_context
R05467,U0970,U1275,2025-02-12T00:00:08,7,10,0,0,0,0,0,0.375,-0.1,remove_supply_chain_context
R05468,U1111,U1237,2025-02-12T00:00:09,10,8,1,0,0,0,3,0.9,0.32000000000000006,remove_supply_chain_context
R05469,U0302,U1380,2025-02-13T00:00:01,11,2,0,0,0,1,6,0.325,-0.13999999999999999,remove_supply_chain_context
R05470,U0408,U1299,2025-02-13T00:00:02,8,8,0,0,0,0,1,0.375,-0.1,remove_supply_chain_context
R05471,U0243,U0933,2025-02-13T00:00:03,1,10,0,0,0,0,1,0.9,0.32000000000000006,remove_supply_chain_context
R05472,U1310,U1399,2025-02-13T00:00:04,13,8,0,0,0,0,2,0.8,0.24,remove_supply_chain_context
R05473,U0861,U1211,2025-02-13T00:00:05,7,10,0,0,1,0,2,0.375,-0.1,remove_supply_chain_context
R05474,U0055,U0507,2025-02-13T00:00:06,5,11,0,0,0,0,1,0.9,0.32000000000000006,remove_supply_chain_context
R05475,U0553,U0920,2025-02-13T00:00:07,7,10,0,0,0,0,0,0.8,0.24,remove_supply_chain_context
R05476,U0604,U1113,2025-02-13T00:00:08,7,2,0,0,0,0,5,0.325,-0.13999999999999999,remove_supply_chain_context
R05477,U0159,U0236,2025-02-13T00:00:09,13,9,0,0,0,0,1,0.9,0.32000000000000006,remove_supply_chain_context
R05478,U0295,U0471,2025-02-14T00:00:01,10,8,0,0,0,0,0,0.9,0.32000000000000006,remove_supply_chain_context
R05479,U1301,U1310,2025-02-14T00:00:02,13,14,0,0,0,0,1,0.9,0.32000000000000006,remove_supply_chain_context
R05480,U0324,U0890,2025-02-14T00:00:03,11,10,1,0,1,0,1,0.375,-0.1,remove_supply_chain_context
R05481,U0186,U1037,2025-02-14T00:00:04,9,11,0,0,0,0,5,0.8,0.24,remove_supply_chain_context
R05482,U1280,U1396,2025-02-14T00:00:05,7,8,0,0,0,0,5,0.325,-0.13999999999999999,remove_supply_chain_context
R05483,U1067,U1097,2025-02-14T00:00:06,9,7,0,0,0,0,3,0.8,0.24,remove_supply_chain_context
R05484,U0004,U0678,2025-02-14T00:00:07,10,9,0,0,0,0,1,0.8,0.24,remove_supply_chain_context
R05485,U0735,U0918,2025-02-14T00:00:08,7,9,0,0,0,0,5,0.375,-0.1,remove_supply_chain_context
R05486,U0860,U1241,2025-02-14T00:00:09,3,6,0,0,0,1,5,0.375,-0.1,remove_supply_chain_context
R05487,U0531,U0663,2025-02-15T00:00:01,9,12,1,0,0,0,1,0.325,-0.13999999999999999,remove_supply_chain_context
R05488,U0317,U0553,2025-02-15T00:00:02,10,8,0,0,0,0,4,0.8,0.24,remove_supply_chain_context
R05489,U0044,U0750,2025-02-15T00:00:03,8,9,0,0,0,0,1,0.9,0.32000000000000006,remove_supply_chain_context
R05490,U0525,U1342,2025-02-15T00:00:04,9,1,0,0,1,0,0,0.9,0.32000000000000006,remove_supply_chain_context
R05491,U0443,U1175,2025-02-15T00:00:05,7,10,0,0,0,1,4,0.325,-0.13999999999999999,remove_supply_chain_context
R05492,U0029,U1315,2025-02-15T00:00:06,1,7,0,0,0,0,5,0.9,0.32000000000000006,remove_supply_chain_context
R05493,U0862,U1014,2025-02-15T00:00:07,7,8,0,0,0,0,6,0.9,0.32000000000000006,remove_supply_chain_context
R05494,U0657,U1163,2025-02-15T00:00:08,9,11,0,0,0,0,4,0.9,0.32000000000000006,remove_supply_chain_context
R05495,U0045,U0423,2025-02-15T00:00:09,7,9,0,0,0,0,2,0.9,0.32000000000000006,remove_supply_chain_context
R05496,U0209,U1110,2025-02-16T00:00:01,8,1,0,0,0,0,1,0.9,0.32000000000000006,remove_supply_chain_context
R05497,U0388,U0448,2025-02-16T00:00:02,10,1,0,0,0,0,2,0.325,-0.13999999999999999,remove_supply_chain_context
R05498,U0282,U1187,2025-02-16T00:00:03,1,9,0,0,0,0,4,0.8,0.24,remove_supply_chain_context
R05499,U1035,U1325,2025-02-16T00:00:04,10,10,0,1,1,0,5,0.375,-0.1,remove_supply_chain_context
R05500,U0522,U0866,2025-02-16T00:00:05,2,3,0,0,0,0,0,0.9,0.32000000000000006,remove_supply_chain_context
R05501,U0679,U0721,2025-02-16T00:00:06,8,3,0,0,0,0,5,0.9,0.32000000000000006,remove_supply_chain_context
R05502,U0594,U1057,2025-02-16T00:00:07,8,1,0,0,0,0,3,0.375,-0.1,remove_supply_chain_context
R05503,U0337,U1338,2025-02-16T00:00:08,10,7,0,0,0,0,3,0.375,-0.1,remove_supply_chain_context
R05504,U0348,U0545,2025-02-16T00:00:09,7,2,0,0,0,0,0,0.44,-0.048,remove_supply_chain_context
R05505,U0284,U0633,2025-02-17T00:00:01,11,8,0,0,0,0,3,0.9,0.32000000000000006,remove_supply_chain_context
R05506,U0189,U1279,2025-02-17T00:00:02,2,10,0,0,0,0,0,0.8,0.24,remove_supply_chain_context
R05507,U0131,U0261,2025-02-17T00:00:03,11,8,0,0,0,0,0,0.375,-0.1,remove_supply_chain_context
R05508,U0199,U0932,2025-02-17T00:00:04,8,8,0,0,0,0,4,0.8,0.24,remove_supply_chain_context
R05509,U0185,U1146,2025-02-17T00:00:05,9,11,0,0,0,0,5,0.9,0.32000000000000006,remove_supply_chain_context
R05510,U0123,U0586,2025-02-17T00:00:06,6,8,0,0,1,0,0,0.9,0.32000000000000006,remove_supply_chain_context
R05511,U0050,U1047,2025-02-17T00:00:07,13,8,1,0,0,0,4,0.8,0.24,remove_supply_chain_context
R05512,U0238,U1301,2025-02-17T00:00:08,9,14,0,0,0,0,1,0.375,-0.1,remove_supply_chain_context
R05513,U0538,U1321,2025-02-17T00:00:09,9,9,0,0,0,1,2,0.8,0.24,remove_supply_chain_context
R05514,U0600,U0605,2025-02-18T00:00:01,6,12,2,0,0,0,0,0.375,-0.1,remove_supply_chain_context
R05515,U0202,U0935,2025-02-18T00:00:02,11,1,0,0,0,0,4,0.9,0.32000000000000006,remove_supply_chain_context
R05516,U0233,U1219,2025-02-18T00:00:03,5,7,0,0,0,0,1,0.8,0.24,remove_supply_chain_context
R05517,U1221,U1308,2025-02-18T00:00:04,7,8,0,0,0,0,1,0.375,-0.1,remove_supply_chain_context
R05518,U0330,U0964,2025-02-18T00:00:05,7,6,0,0,0,0,1,0.375,-0.1,remove_supply_chain_context
R05519,U0764,U1324,2025-02-18T00:00:06,11,12,0,0,0,0,0,0.9,0.32000000000000006,remove_supply_chain_context
R05520,U0871,U1119,2025-02-18T00:00:07,9,8,0,0,1,0,0,0.9,0.32000000000000006,remove_supply_chain_context
R05521,U1338,U1362,2025-02-18T00:00:08,8,6,0,0,0,0,3,0.9,0.32000000000000006,remove_supply_chain_context
R05522,U0933,U1052,2025-02-18T00:00:09,11,7,0,0,0,0,5,0.325,-0.13999999999999999,remove_supply_chain_context
R05523,U0104,U1014,2025-02-19T00:00:01,12,9,0,0,1,0,1,0.375,-0.1,remove_supply_chain_context
R05524,U1052,U1401,2025-02-19T00:00:02,8,15,0,0,0,0,2,0.8,0.24,remove_supply_chain_context
R05525,U0032,U1241,2025-02-19T00:00:03,8,7,0,0,0,0,2,0.9,0.32000000000000006,remove_supply_chain_context
R05526,U0298,U0674,2025-02-19T00:00:04,7,9,0,0,0,0,3,0.375,-0.1,remove_supply_chain_context
R05527,U0140,U1291,2025-02-19T00:00:05,9,1,0,0,0,0,5,0.9,0.32000000000000006,remove_supply_chain_context
R05528,U0222,U1363,2025-02-19T00:00:06,7,9,0,0,0,0,3,0.375,-0.1,remove_supply_chain_context
R05529,U0209,U0698,2025-02-19T00:00:07,9,2,0,0,0,0,1,0.9,0.32000000000000006,remove_supply_chain_context
R05530,U0926,U1083,2025-02-19T00:00:08,10,6,0,0,0,0,4,0.375,-0.1,remove_supply_chain_context
R05531,U0681,U1382,2025-02-19T00:00:09,10,10,0,0,0,0,2,0.375,-0.1,remove_supply_chain_context
R05532,U0364,U1193,2025-02-20T00:00:01,11,10,0,0,0,0,3,0.9,0.32000000000000006,remove_supply_chain_context
R05533,U0159,U0587,2025-02-20T00:00:02,14,7,0,0,0,0,1,0.375,-0.1,remove_supply_chain_context
R05534,U0301,U0453,2025-02-20T00:00:03,8,6,0,0,0,0,1,0.44,-0.048,remove_supply_chain_context
R05535,U0540,U0627,2025-02-20T00:00:04,6,8,0,0,0,0,2,0.375,-0.1,remove_supply_chain_context
R05536,U0842,U1300,2025-02-20T00:00:05,9,8,0,0,0,0,0,0.8,0.24,remove_supply_chain_context
R05537,U0819,U0885,2025-02-20T00:00:06,7,1,0,0,0,0,5,0.9,0.32000000000000006,remove_supply_chain_context
R05538,U0321,U0326,2025-02-20T00:00:07,9,10,1,0,0,0,4,0.9,0.32000000000000006,remove_supply_chain_context
R05539,U0973,U1024,2025-02-20T00:00:08,8,7,0,0,0,0,1,0.9,0.32000000000000006,remove_supply_chain_context
R05540,U0343,U0894,2025-02-20T00:00:09,8,11,0,0,0,0,1,0.9,0.32000000000000006,remove_supply_chain_context
R05541,U0430,U0935,2025-02-21T00:00:01,8,2,0,0,0,1,1,0.8,0.24,remove_supply_chain_context
R05542,U0319,U0377,2025-02-21T00:00:02,12,1,0,0,0,0,1,0.325,-0.13999999999999999,remove_supply_chain_context
R05543,U0926,U0937,2025-02-21T00:00:03,11,1,0,0,0,1,0,0.9,0.32000000000000006,remove_supply_chain_context
R05544,U0254,U0469,2025-02-21T00:00:04,10,11,0,0,0,0,0,0.8,0.24,remove_supply_chain_context
R05545,U0793,U1330,2025-02-21T00:00:05,7,2,0,0,0,0,1,0.8,0.24,remove_supply_chain_context
R05546,U0538,U1288,2025-02-21T00:00:06,10,7,0,0,0,0,2,0.9,0.32000000000000006,remove_supply_chain_context
R05547,U0035,U0060,2025-02-21T00:00:07,9,1,0,0,0,0,1,0.325,-0.13999999999999999,remove_supply_chain_context
R05548,U0686,U1105,2025-02-21T00:00:08,10,11,0,1,1,0,3,0.9,0.32000000000000006,remove_supply_chain_context
R05549,U0916,U0973,2025-02-21T00:00:09,9,9,0,0,0,0,1,0.8,0.24,remove_supply_chain_context
R05550,U0926,U1136,2025-02-22T00:00:01,12,13,0,0,0,0,0,0.325,-0.13999999999999999,remove_supply_chain_context
R05551,U0785,U1055,2025-02-22T00:00:02,7,1,0,0,0,0,2,0.44,-0.048,remove_supply_chain_context
R05552,U0184,U0686,2025-02-22T00:00:03,3,11,0,0,0,0,2,0.9,0.32000000000000006,remove_supply_chain_context
R05553,U0200,U0411,2025-02-22T00:00:04,11,10,0,0,0,0,1,0.9,0.32000000000000006,remove_supply_chain_context
R05554,U0991,U1281,2025-02-22T00:00:05,7,8,0,0,0,0,5,0.44,-0.048,remove_supply_chain_context
R05555,U0451,U0805,2025-02-22T00:00:06,7,8,0,0,0,0,1,0.9,0.32000000000000006,remove_supply_chain_context
R05556,U0937,U1175,2025-02-22T00:00:07,2,11,0,0,0,0,0,0.9,0.32000000000000006,remove_supply_chain_context
R05557,U1132,U1248,2025-02-22T00:00:08,10,1,0,0,0,1,0,0.9,0.32000000000000006,remove_supply_chain_context
R05558,U0768,U1086,2025-02-22T00:00:09,10,10,0,0,0,0,3,0.9,0.32000000000000006,remove_supply_chain_context
R05559,U0230,U0658,2025-02-23T00:00:01,7,2,0,0,0,0,1,0.9,0.32000000000000006,remove_supply_chain_context
R05560,U1218,U1332,2025-02-23T00:00:02,12,7,0,0,0,0,4,0.9,0.32000000000000006,remove_supply_chain_context
R05561,U0980,U1020,2025-02-23T00:00:03,10,8,0,0,0,0,4,0.9,0.32000000000000006,remove_supply_chain_context
R05562,U0408,U0662,2025-02-23T00:00:04,9,8,0,0,0,0,0,0.9,0.32000000000000006,remove_supply_chain_context
R05563,U0433,U0972,2025-02-23T00:00:05,7,16,0,0,0,1,3,0.9,0.32000000000000006,remove_supply_chain_context
R05564,U0426,U0802,2025-02-23T00:00:06,15,10,0,0,0,0,1,0.8,0.24,remove_supply_chain_context
R05565,U0462,U1145,2025-02-23T00:00:07,6,8,0,0,0,0,1,0.44,-0.048,remove_supply_chain_context
R05566,U0269,U0742,2025-02-23T00:00:08,10,10,0,0,0,0,1,0.325,-0.13999999999999999,remove_supply_chain_context
R05567,U0850,U1079,2025-02-23T00:00:09,5,8,0,0,0,0,1,0.9,0.32000000000000006,remove_supply_chain_context
R05568,U0124,U0588,2025-02-24T00:00:01,9,8,0,0,1,0,2,0.375,-0.1,remove_supply_chain_context
R05569,U0670,U1244,2025-02-24T00:00:02,9,8,0,0,0,0,0,0.375,-0.1,remove_supply_chain_context
R05570,U0500,U0924,2025-02-24T00:00:03,1,7,0,0,0,0,3,0.9,0.32000000000000006,remove_supply_chain_context
R05571,U0654,U1015,2025-02-24T00:00:04,6,8,0,0,0,1,2,0.9,0.32000000000000006,remove_supply_chain_context
R05572,U0160,U0568,2025-02-24T00:00:05,1,6,0,0,0,0,3,0.9,0.32000000000000006,remove_supply_chain_context
R05573,U0035,U1354,2025-02-24T00:00:06,10,7,0,1,1,0,1,0.9,0.32000000000000006,remove_supply_chain_context
R05574,U0162,U0936,2025-02-24T00:00:07,3,13,0,0,0,1,2,0.375,-0.1,remove_supply_chain_context
R05575,U0330,U1146,2025-02-24T00:00:08,8,12,0,0,0,0,2,0.8,0.24,remove_supply_chain_context
R05576,U0585,U1024,2025-02-24T00:00:09,1,8,0,0,0,0,3,0.44,-0.048,remove_supply_chain_context
R05577,U0957,U1327,2025-02-25T00:00:01,13,9,0,0,0,0,3,0.9,0.32000000000000006,remove_supply_chain_context
R05578,U0317,U0344,2025-02-25T00:00:02,11,5,0,0,0,0,1,0.8,0.24,remove_supply_chain_context
R05579,U0466,U0782,2025-02-25T00:00:03,2,9,0,0,0,0,1,0.9,0.32000000000000006,remove_supply_chain_context
R05580,U0201,U0413,2025-02-25T00:00:04,13,7,0,0,0,0,1,0.8,0.24,remove_supply_chain_context
R05581,U0629,U0749,2025-02-25T00:00:05,16,7,0,0,0,1,4,0.375,-0.1,remove_supply_chain_context
R05582,U0801,U0997,2025-02-25T00:00:06,7,10,0,0,1,0,0,0.9,0.32000000000000006,remove_supply_chain_context
R05583,U0064,U1322,2025-02-25T00:00:07,7,10,0,0,0,0,0,0.9,0.32000000000000006,remove_supply_chain_context
R05584,U0783,U1035,2025-02-25T00:00:08,1,11,0,0,0,0,3,0.44,-0.048,remove_supply_chain_context
R05585,U0761,U1346,2025-02-25T00:00:09,16,9,0,0,0,0,4,0.8,0.24,remove_supply_chain_context
R05586,U0818,U1250,2025-02-26T00:00:01,6,9,0,0,0,0,2,0.9,0.32000000000000006,remove_supply_chain_context
R05587,U0375,U1154,2025-02-26T00:00:02,5,9,0,0,0,0,1,0.9,0.32000000000000006,remove_supply_chain_context
R05588,U0122,U0686,2025-02-26T00:00:03,9,12,0,0,0,0,3,0.9,0.32000000000000006,remove_supply_chain_context
R05589,U0437,U1015,2025-02-26T00:00:04,9,9,0,0,0,0,0,0.9,0.32000000000000006,remove_supply_chain_context
R05590,U0856,U1177,2025-02-26T00:00:05,10,7,0,0,0,0,3,0.44,-0.048,remove_supply_chain_context
R05591,U0131,U0779,2025-02-26T00:00:06,12,11,0,0,0,0,1,0.8,0.24,remove_supply_chain_context
R05592,U0988,U1052,2025-02-26T00:00:07,11,9,0,0,1,0,6,0.375,-0.1,remove_supply_chain_context
R05593,U0464,U0890,2025-02-26T00:00:08,6,11,0,0,0,1,0,0.8,0.24,remove_supply_chain_context
R05594,U0530,U0829,2025-02-26T00:00:09,8,9,0,0,0,0,0,0.9,0.32000000000000006,remove_supply_chain_context
R05595,U0216,U0469,2025-02-27T00:00:01,8,12,0,0,0,0,4,0.375,-0.1,remove_supply_chain_context
R05596,U1196,U1392,2025-02-27T00:00:02,8,8,0,0,0,1,0,0.9,0.32000000000000006,remove_supply_chain_context
R05597,U0121,U1147,2025-02-27T00:00:03,1,11,0,0,0,0,1,0.9,0.32000000000000006,remove_supply_chain_context
R05598,U0692,U0697,2025-02-27T00:00:04,15,10,0,0,0,0,0,0.9,0.32000000000000006,remove_supply_chain_context
R05599,U0524,U0693,2025-02-27T00:00:05,7,10,0,0,0,0,1,0.9,0.32000000000000006,remove_supply_chain_context
R05600,U0043,U0051,2025-02-27T00:00:06,8,9,0,0,0,0,1,0.9,0.32000000000000006,remove_supply_chain_context
R05601,U0662,U0834,2025-02-27T00:00:07,9,6,0,0,0,0,5,0.9,0.32000000000000006,remove_supply_chain_context
R05602,U0243,U1307,2025-02-27T00:00:08,2,13,0,0,0,0,6,0.9,0.32000000000000006,remove_supply_chain_context
R05603,U0677,U1172,2025-02-27T00:00:09,2,9,0,0,0,0,2,0.325,-0.13999999999999999,remove_supply_chain_context
R05604,U0152,U1180,2025-02-28T00:00:01,10,13,0,0,0,1,0,0.44,-0.048,remove_supply_chain_context
R05605,U0630,U1191,2025-02-28T00:00:02,1,1,0,0,0,1,1,0.9,0.32000000000000006,remove_supply_chain_context
R05606,U0182,U0629,2025-02-28T00:00:03,12,17,0,0,0,0,3,0.9,0.32000000000000006,remove_supply_chain_context
R05607,U0387,U1042,2025-02-28T00:00:04,9,10,1,0,0,0,2,0.375,-0.1,remove_supply_chain_context
R05608,U0801,U1341,2025-02-28T00:00:05,8,11,0,0,0,0,3,0.375,-0.1,remove_supply_chain_context
R05609,U0288,U0326,2025-02-28T00:00:06,8,11,0,0,0,0,1,0.375,-0.1,remove_supply_chain_context
R05610,U0046,U0895,2025-02-28T00:00:07,7,2,0,0,0,0,2,0.9,0.32000000000000006,remove_supply_chain_context
R05611,U0234,U1103,2025-02-28T00:00:08,5,8,0,0,0,0,2,0.375,-0.1,remove_supply_chain_context
R05612,U1082,U1359,2025-03-01T00:00:00,5,10,0,0,0,0,6,0.9,0.32000000000000006,remove_supply_chain_context
