anchor_user_id,positive_user_id,negative_user_ids,split_time,label
U1170,U1168,U0592|U0784|U1134|U0200,2023-01-01T00:26:30,1
U0057,U0056,U0980|U0407|U0883|U0480,2023-01-01T04:18:53,1
U1365,U0682,U0973|U0393|U0550|U0904,2023-01-01T10:27:07,1
U0758,U0757,U1403|U1106|U1254|U1201,2023-01-01T11:22:56,1
U0137,U0138,U0811|U1031|U0362|U0762,2023-01-01T12:45:46,1
U0938,U0936,U1183|U0588|U1307|U1392,2023-01-01T13:26:41,1
U1047,U1049,U0763|U1198|U1100|U1010,2023-01-01T13:51:04,1
U0903,U0905,U0461|U0869|U0115|U0577,2023-01-01T16:35:20,1
U0998,U0290,U0676|U0816|U1159|U1060,2023-01-02T01:55:00,1
U0639,U0641,U0021|U1180|U0015|U0330,2023-01-02T07:32:46,1
U0157,U0159,U0185|U1171|U0540|U0781,2023-01-02T10:58:49,1
U0751,U0750,U0212|U0198|U0334|U1403,2023-01-02T11:01:56,1
U0515,U0513,U0302|U0117|U1356|U0024,2023-01-02T19:45:40,1
U0344,U0346,U0997|U0425|U1367|U0962,2023-01-03T09:12:43,1
U0248,U0245,U0892|U0553|U1189|U0861,2023-01-03T09:46:11,1
U0874,U0164,U0625|U0689|U0270|U1262,2023-01-03T11:44:12,1
U1303,U1302,U0972|U0928|U0227|U0771,2023-01-03T15:05:41,1
U1061,U1064,U0181|U0198|U0013|U0525,2023-01-03T19:14:32,1
U1031,U1029,U0506|U0205|U0640|U0338,2023-01-03T21:27:15,1
U1148,U1149,U0166|U0469|U1159|U0004,2023-01-03T21:59:05,1
U0932,U0928,U1226|U1188|U0454|U0591,2023-01-04T00:47:31,1
U1034,U0327,U0346|U0878|U1310|U0110,2023-01-04T12:12:18,1
U1365,U1363,U0168|U1162|U0369|U0684,2023-01-04T20:04:16,1
U1157,U1155,U0708|U0579|U0242|U0443,2023-01-05T00:28:29,1
U1018,U0312,U1117|U0487|U0743|U0627,2023-01-05T04:55:13,1
U0431,U0429,U0468|U1054|U0516|U1303,2023-01-05T11:31:34,1
U0202,U0200,U1314|U0279|U0903|U0914,2023-01-05T11:54:16,1
U0700,U0697,U1245|U1194|U0776|U0511,2023-01-05T14:39:23,1
U0204,U0205,U0513|U0706|U1265|U1131,2023-01-05T15:48:54,1
U0611,U0610,U0929|U0408|U1356|U1059,2023-01-05T16:15:05,1
U0851,U0850,U1012|U1193|U0770|U0924,2023-01-05T18:26:44,1
U0357,U0359,U1256|U0981|U0202|U0849,2023-01-05T19:07:01,1
U0870,U0868,U0975|U0375|U1133|U0913,2023-01-06T00:05:10,1
U0776,U0779,U0523|U0641|U0854|U1034,2023-01-06T00:44:19,1
U1220,U1219,U0628|U0112|U0892|U0361,2023-01-06T01:00:51,1
U1315,U1314,U0056|U0299|U1244|U0956,2023-01-06T06:53:10,1
U0361,U0359,U0706|U1269|U0318|U1329,2023-01-06T09:56:59,1
U0911,U0199,U0283|U0537|U1197|U0030,2023-01-06T10:00:14,1
U0857,U0855,U0330|U0944|U0058|U1131,2023-01-06T10:37:35,1
U1026,U1024,U0784|U0828|U1252|U0122,2023-01-06T12:18:32,1
U1124,U1126,U1047|U0209|U0865|U0044,2023-01-06T19:55:50,1
U0565,U0564,U1073|U1192|U1161|U0975,2023-01-06T20:48:27,1
U0723,U0724,U0580|U1300|U0707|U0191,2023-01-06T21:08:50,1
U0425,U0427,U0293|U0977|U0048|U0725,2023-01-07T00:33:45,1
U0171,U0170,U1278|U0392|U0086|U1060,2023-01-07T02:09:44,1
U1130,U1132,U0073|U0992|U0508|U1237,2023-01-07T02:11:33,1
U0582,U0583,U0992|U0511|U1397|U0086,2023-01-07T04:33:51,1
U0358,U0357,U0429|U0549|U0108|U0661,2023-01-07T08:09:30,1
U1238,U1237,U0407|U1080|U0770|U0524,2023-01-07T10:42:15,1
U0077,U0792,U1337|U1369|U0769|U0951,2023-01-07T12:41:25,1
U0638,U1325,U1071|U1312|U0315|U0960,2023-01-07T13:55:02,1
U0815,U0814,U1207|U0723|U0724|U1011,2023-01-07T14:41:13,1
U0656,U0653,U1303|U0388|U1210|U0289,2023-01-07T15:18:52,1
U0202,U0204,U0914|U0425|U1085|U0648,2023-01-07T16:45:36,1
U0180,U0178,U0478|U0087|U0194|U0751,2023-01-07T17:33:41,1
U0778,U0780,U1388|U1219|U0544|U0266,2023-01-07T20:32:45,1
U1270,U1271,U0104|U0023|U0817|U0351,2023-01-07T21:10:42,1
U0576,U0577,U0464|U1300|U1065|U1240,2023-01-07T22:47:48,1
U1341,U1344,U1352|U0676|U0627|U0932,2023-01-08T00:41:02,1
U0468,U1171,U0837|U0927|U0102|U1240,2023-01-08T03:38:06,1
U0837,U0839,U0583|U0256|U1289|U0139,2023-01-08T10:27:35,1
U0516,U0514,U1002|U0137|U0838|U0389,2023-01-08T11:13:27,1
U1167,U1165,U0705|U0763|U1376|U0801,2023-01-08T11:22:17,1
U1286,U1285,U1060|U0151|U0073|U0929,2023-01-08T13:28:34,1
U0835,U0833,U0627|U0460|U0080|U1335,2023-01-08T17:05:52,1
U0315,U0313,U0277|U1212|U0483|U0541,2023-01-08T17:12:43,1
U1097,U0388,U0046|U0181|U0159|U1305,2023-01-08T20:46:42,1
U0530,U0531,U0615|U0795|U1031|U1392,2023-01-09T04:50:08,1
U0541,U0542,U0062|U0170|U0397|U0197,2023-01-09T08:19:05,1
U1017,U1014,U1138|U0043|U0693|U0872,2023-01-09T08:53:43,1
U0511,U0513,U0045|U0161|U0055|U1341,2023-01-09T11:20:36,1
U0479,U1184,U0403|U0114|U0266|U0249,2023-01-09T11:31:46,1
U0597,U1289,U1093|U0453|U1278|U0305,2023-01-09T14:06:21,1
U0338,U1046,U0689|U1343|U1013|U1269,2023-01-09T15:10:28,1
U0770,U0772,U1341|U0251|U0118|U1094,2023-01-09T16:50:41,1
U0455,U1159,U0104|U0279|U1098|U0258,2023-01-09T17:06:21,1
U0011,U0007,U0065|U0854|U0403|U0083,2023-01-09T18:24:28,1
U0075,U0077,U0054|U0778|U0209|U0839,2023-01-09T19:42:34,1
U0781,U0780,U1239|U0338|U1129|U1086,2023-01-09T19:44:52,1
U1008,U1009,U0635|U0779|U0674|U0407,2023-01-09T20:53:08,1
U0635,U0637,U1147|U0839|U0799|U0553,2023-01-09T22:31:48,1
U0270,U0269,U1176|U1404|U0250|U1118,2023-01-09T22:35:19,1
U0576,U1272,U1070|U0309|U1039|U0490,2023-01-09T23:46:23,1
U0886,U0175,U1369|U0914|U0574|U1160,2023-01-10T02:18:58,1
U0666,U0664,U0575|U0108|U0364|U0823,2023-01-10T05:51:53,1
U1389,U1392,U0668|U1150|U0714|U0235,2023-01-10T07:29:44,1
U1339,U1341,U1299|U0499|U1393|U1389,2023-01-10T12:21:28,1
U0742,U0741,U0781|U1042|U0396|U1107,2023-01-10T13:00:02,1
U0138,U0140,U0283|U0044|U0654|U0579,2023-01-10T13:21:02,1
U0941,U0940,U0821|U0580|U0508|U0905,2023-01-10T14:28:58,1
U0087,U0803,U0625|U1365|U0431|U1079,2023-01-10T15:00:28,1
U0111,U0110,U0787|U0239|U0703|U1049,2023-01-10T17:11:04,1
U1078,U0371,U1236|U0804|U0492|U1019,2023-01-10T18:45:44,1
U0855,U0144,U0430|U0909|U0826|U0256,2023-01-10T21:39:15,1
U0728,U0730,U1351|U0679|U1157|U0300,2023-01-10T22:53:59,1
U0939,U0227,U0232|U0043|U0905|U0606,2023-01-10T23:55:12,1
U1181,U1180,U0910|U0757|U0730|U0704,2023-01-11T00:49:38,1
U0283,U0278,U1315|U1098|U0825|U1275,2023-01-11T03:04:32,1
U0460,U0462,U0110|U0692|U1382|U1284,2023-01-11T03:54:32,1
U1269,U1267,U0385|U1244|U0346|U0144,2023-01-11T05:33:11,1
U0593,U0596,U0401|U1322|U0363|U0343,2023-01-11T08:13:36,1
U0858,U0856,U0061|U0478|U0591|U0853,2023-01-11T09:37:48,1
U0816,U0814,U0834|U0087|U1387|U1160,2023-01-11T14:23:57,1
U0637,U0638,U0501|U0702|U1190|U0236,2023-01-11T18:24:17,1
U0642,U0643,U1003|U0510|U0299|U1233,2023-01-11T18:32:18,1
U1133,U0424,U0969|U1315|U0335|U0042,2023-01-11T22:56:27,1
U0327,U0329,U1181|U0152|U0372|U0261,2023-01-12T02:09:52,1
U0805,U0089,U1388|U0865|U0457|U0305,2023-01-12T02:19:11,1
U0676,U0679,U0991|U0739|U1293|U0986,2023-01-12T02:45:09,1
U0330,U0331,U0290|U0653|U0579|U0615,2023-01-12T03:52:33,1
U0657,U0656,U0596|U0682|U0484|U0080,2023-01-12T05:12:39,1
U0014,U0016,U0144|U0694|U0298|U0183,2023-01-12T09:14:58,1
U0716,U0718,U0811|U0002|U0044|U0611,2023-01-12T19:05:13,1
U0920,U0921,U1180|U0839|U0026|U0167,2023-01-12T19:21:36,1
U0212,U0210,U0359|U0906|U0607|U1200,2023-01-12T19:23:44,1
U1156,U1157,U0667|U0344|U1009|U0409,2023-01-12T20:51:38,1
U0744,U0742,U1212|U0154|U0842|U0873,2023-01-13T00:49:48,1
U1037,U1039,U0553|U0321|U0031|U0123,2023-01-13T02:58:41,1
U1180,U0475,U0568|U0278|U0064|U1251,2023-01-13T10:32:07,1
U0861,U0859,U0684|U0814|U0854|U1301,2023-01-13T10:33:18,1
U0954,U0955,U1195|U0007|U0493|U0434,2023-01-13T11:10:37,1
U0723,U0008,U1176|U0284|U1233|U1194,2023-01-13T14:10:36,1
U0253,U0251,U0625|U1019|U1272|U0844,2023-01-13T17:11:48,1
U0267,U0265,U0357|U1156|U1094|U1219,2023-01-13T17:22:32,1
U1061,U1060,U0367|U0541|U0766|U0583,2023-01-13T18:27:56,1
U0966,U0257,U1160|U1384|U1253|U0905,2023-01-13T19:12:06,1
U1316,U1315,U1329|U0770|U0671|U0705,2023-01-13T19:33:55,1
U1117,U1115,U0035|U1286|U0574|U1107,2023-01-13T19:45:41,1
U0985,U0982,U1251|U0345|U0382|U0152,2023-01-14T04:42:43,1
U0238,U0236,U0816|U0102|U0833|U0569,2023-01-14T15:20:55,1
U0464,U1168,U0053|U1247|U1255|U0423,2023-01-14T18:09:03,1
U1103,U1102,U1275|U1285|U0001|U0061,2023-01-14T18:56:07,1
U1208,U0508,U0150|U0815|U1056|U0544,2023-01-14T21:19:05,1
U0539,U0538,U1115|U0300|U0723|U0146,2023-01-14T22:19:25,1
U0336,U1044,U1350|U0019|U0369|U0179,2023-01-15T03:18:58,1
U1093,U0384,U0231|U0475|U0982|U0664,2023-01-15T03:58:26,1
U0502,U0499,U0203|U0405|U0260|U0161,2023-01-15T04:36:26,1
U0949,U0948,U1165|U0236|U0238|U0744,2023-01-15T06:01:41,1
U0584,U0582,U0907|U0326|U1260|U0693,2023-01-15T07:46:18,1
U1061,U1063,U1395|U0629|U0410|U0726,2023-01-15T08:04:14,1
U1075,U1078,U0470|U1049|U1150|U0864,2023-01-15T16:15:47,1
U0534,U0532,U1321|U0979|U0122|U0208,2023-01-15T17:26:13,1
U0464,U0462,U0008|U0841|U1143|U0432,2023-01-15T20:25:29,1
U0679,U0678,U0016|U0175|U0013|U0510,2023-01-15T21:12:22,1
U0154,U0152,U0592|U0787|U1099|U1286,2023-01-15T21:25:59,1
U0562,U0564,U0132|U0993|U0443|U0056,2023-01-16T00:30:26,1
U0852,U0851,U1146|U0849|U1172|U0315,2023-01-16T05:27:48,1
U1182,U1180,U0093|U0678|U0776|U0819,2023-01-16T05:47:11,1
U0523,U0521,U0114|U1195|U1280|U0354,2023-01-16T06:02:02,1
U0906,U0904,U0667|U0730|U0303|U0561,2023-01-16T06:17:52,1
U0525,U1223,U1235|U1045|U1143|U1387,2023-01-16T06:54:26,1
U1399,U1401,U0417|U1021|U0483|U1258,2023-01-16T15:10:43,1
U0488,U1193,U0961|U0858|U0822|U1239,2023-01-16T16:01:33,1
U0218,U0221,U0980|U0938|U0147|U0584,2023-01-17T04:53:44,1
U0718,U0006,U0147|U0156|U1084|U0936,2023-01-17T20:46:28,1
U0667,U0670,U0868|U0887|U1265|U0190,2023-01-18T00:10:19,1
U1284,U1283,U0128|U0812|U1100|U1074,2023-01-18T02:11:04,1
U1316,U1314,U0622|U0380|U1145|U0507,2023-01-18T07:07:23,1
U0291,U1000,U1160|U1058|U0676|U1288,2023-01-18T08:37:32,1
U0580,U0582,U0236|U0405|U0355|U1018,2023-01-18T12:03:53,1
U0553,U0552,U0691|U0676|U0749|U0007,2023-01-18T19:01:03,1
U0865,U0864,U0013|U1276|U0654|U1195,2023-01-18T21:01:59,1
U0318,U1023,U0343|U0636|U0881|U0457,2023-01-18T23:11:59,1
U0653,U0654,U1240|U1114|U0951|U0823,2023-01-19T06:03:04,1
U0363,U0364,U1039|U0901|U0028|U1103,2023-01-19T07:27:38,1
U0672,U1357,U0973|U0227|U0141|U1307,2023-01-19T09:01:34,1
U0119,U0118,U0538|U0103|U1187|U0026,2023-01-19T10:07:39,1
U0152,U0151,U0006|U1114|U0412|U1311,2023-01-19T10:53:46,1
U1367,U0684,U0083|U0007|U0685|U1364,2023-01-19T11:06:22,1
U1035,U1037,U0548|U1080|U1373|U0192,2023-01-19T11:28:01,1
U1174,U1175,U0559|U0380|U0685|U0220,2023-01-19T13:08:31,1
U1015,U1014,U0632|U0640|U1064|U0001,2023-01-19T14:52:39,1
U0699,U0696,U1021|U0015|U0893|U1008,2023-01-19T17:24:40,1
U0163,U0873,U0631|U0550|U0144|U1213,2023-01-19T23:02:21,1
U0907,U0908,U0444|U0026|U0462|U0318,2023-01-20T00:05:35,1
U1264,U0567,U0212|U0624|U0423|U0382,2023-01-20T00:32:54,1
U1072,U1071,U0108|U0214|U1261|U1284,2023-01-20T02:32:33,1
U0959,U0249,U0770|U0327|U0670|U0463,2023-01-20T08:00:03,1
U0322,U0320,U0387|U0864|U0082|U0370,2023-01-20T08:48:01,1
U0401,U0399,U0829|U1246|U0204|U0095,2023-01-20T08:54:30,1
U1396,U1397,U0928|U1022|U0376|U1334,2023-01-20T13:04:02,1
U0848,U0847,U0973|U1346|U0357|U0203,2023-01-20T15:28:19,1
U1104,U1106,U0356|U0267|U1114|U0973,2023-01-20T17:23:07,1
U0025,U0026,U0649|U0062|U0366|U1209,2023-01-20T20:24:12,1
U1003,U1002,U1047|U1213|U0376|U1261,2023-01-21T00:19:34,1
U1273,U1272,U0172|U0138|U1023|U0901,2023-01-21T03:13:55,1
U0337,U0338,U1281|U0438|U0468|U1337,2023-01-21T05:08:32,1
U0463,U0465,U1310|U1000|U0683|U0364,2023-01-21T05:11:20,1
U0964,U0961,U1179|U1124|U0774|U0700,2023-01-21T08:34:19,1
U0045,U0757,U0708|U0417|U0070|U0524,2023-01-21T09:25:39,1
U0309,U0305,U0565|U0640|U0168|U1171,2023-01-21T17:02:52,1
U0875,U0876,U0639|U0107|U0955|U0603,2023-01-21T19:48:27,1
U0951,U0239,U1120|U0269|U0584|U0556,2023-01-21T20:01:13,1
U0620,U0616,U0457|U0501|U1260|U1100,2023-01-22T00:46:15,1
U0477,U1182,U0793|U0842|U0529|U0012,2023-01-22T02:19:37,1
U0068,U0067,U1117|U1126|U0699|U1100,2023-01-22T14:02:50,1
U1297,U1296,U0419|U0210|U0061|U0405,2023-01-22T17:25:41,1
U0977,U0270,U0588|U0493|U1254|U0573,2023-01-22T22:37:55,1
U1020,U1018,U0901|U1128|U0141|U1384,2023-01-23T01:43:18,1
U0221,U0933,U0461|U0652|U0410|U0829,2023-01-23T02:08:02,1
U0661,U0663,U0142|U1157|U0952|U1315,2023-01-23T04:27:45,1
U0085,U0084,U0331|U0939|U0336|U1073,2023-01-24T00:50:30,1
U1296,U1293,U1312|U0552|U0245|U0575,2023-01-24T00:53:16,1
U0415,U1125,U0021|U1078|U0442|U0405,2023-01-24T01:01:45,1
U0570,U0568,U1379|U1356|U0371|U0444,2023-01-24T02:03:41,1
U0204,U0207,U0542|U1186|U0561|U1095,2023-01-24T16:24:38,1
U0159,U0161,U0075|U1341|U1249|U0311,2023-01-24T19:35:01,1
U0047,U0049,U0032|U1340|U0014|U0215,2023-01-25T01:20:36,1
U0347,U1053,U0679|U1303|U1397|U1019,2023-01-25T04:55:24,1
U0043,U0045,U1328|U1148|U0179|U1277,2023-01-25T06:28:09,1
U1362,U1363,U1245|U1145|U0058|U0271,2023-01-25T07:46:41,1
U0043,U0042,U0807|U1226|U1278|U1266,2023-01-25T08:33:00,1
U0044,U0043,U1322|U0248|U0198|U0196,2023-01-25T10:54:04,1
U0371,U0369,U0593|U1305|U0019|U1195,2023-01-25T11:05:19,1
U0239,U0237,U1163|U0127|U0700|U0329,2023-01-25T16:23:44,1
U0240,U0242,U1189|U1399|U0019|U0434,2023-01-25T16:26:32,1
U0177,U0173,U0088|U0215|U0382|U0490,2023-01-25T16:41:04,1
U0588,U0587,U1021|U0861|U0639|U0078,2023-01-25T18:00:24,1
U0760,U0762,U0567|U0845|U0573|U0015,2023-01-25T18:52:35,1
U0411,U0410,U0948|U0985|U0127|U0086,2023-01-25T19:29:51,1
U1120,U1121,U1395|U0380|U1243|U1035,2023-01-25T20:15:18,1
U0104,U0102,U0387|U1404|U1104|U0805,2023-01-25T21:32:22,1
U1095,U1097,U0646|U1174|U1202|U0117,2023-01-26T00:31:34,1
U0301,U0302,U1217|U1280|U0651|U0200,2023-01-26T07:20:47,1
U0672,U0670,U0748|U0971|U0177|U0877,2023-01-26T09:03:46,1
U0212,U0209,U0458|U0278|U0031|U0155,2023-01-26T09:39:39,1
U0303,U0304,U0736|U0321|U0324|U0023,2023-01-26T11:47:16,1
U1166,U1167,U0422|U1404|U1141|U0905,2023-01-26T13:26:57,1
U0313,U0316,U0805|U0109|U0565|U1357,2023-01-26T13:51:43,1
U0170,U0880,U0674|U0299|U1102|U0929,2023-01-26T19:13:33,1
U0520,U0521,U0546|U0452|U0468|U0568,2023-01-27T05:36:36,1
U0700,U1388,U0351|U1095|U0200|U0554,2023-01-27T10:00:58,1
U0830,U0829,U1344|U0480|U0107|U0913,2023-01-27T11:07:15,1
U0726,U0728,U0673|U1056|U0839|U0562,2023-01-27T11:48:06,1
U0482,U0484,U1236|U0262|U0179|U0371,2023-01-27T18:14:27,1
U0890,U0179,U0803|U0904|U1260|U0265,2023-01-27T19:53:07,1
U0108,U0107,U0418|U0766|U0513|U0976,2023-01-27T22:04:56,1
U1264,U1261,U0381|U1337|U0081|U0431,2023-01-27T23:13:36,1
U0523,U0520,U0672|U0626|U0782|U0232,2023-01-28T00:25:13,1
U1355,U1356,U0210|U0922|U0112|U0408,2023-01-28T04:09:14,1
U1024,U1025,U0407|U0592|U1328|U1075,2023-01-28T06:09:04,1
U0501,U0502,U1404|U0670|U0404|U0869,2023-01-28T06:57:36,1
U0094,U0093,U1165|U0968|U1273|U0942,2023-01-28T08:34:48,1
U1054,U1056,U1279|U1205|U0985|U0747,2023-01-28T12:07:45,1
U0478,U0479,U1390|U0820|U0438|U0366,2023-01-28T18:36:33,1
U1180,U1179,U1170|U0689|U1197|U1250,2023-01-28T18:36:57,1
U1133,U1135,U1249|U0745|U0300|U0819,2023-01-28T19:19:42,1
U0875,U0877,U0539|U0690|U0313|U1397,2023-01-28T20:21:43,1
U0247,U0957,U0961|U0706|U1019|U0407,2023-01-28T21:17:08,1
U1243,U1245,U0073|U0202|U0534|U0137,2023-02-01T01:13:30,1
U0253,U0256,U0399|U0874|U0367|U0157,2023-02-01T07:52:12,1
U0624,U0623,U0660|U0939|U1090|U0953,2023-02-01T07:56:19,1
U1232,U1231,U1140|U0570|U0125|U0548,2023-02-01T08:17:01,1
U0485,U0484,U0164|U0972|U0872|U0257,2023-02-01T09:05:38,1
U1161,U0457,U0094|U1211|U1369|U1035,2023-02-01T09:55:36,1
U1231,U0531,U0709|U0610|U0164|U0970,2023-02-01T10:03:56,1
U0025,U0023,U1211|U0843|U0926|U0159,2023-02-01T10:51:03,1
U0101,U0099,U0944|U0492|U0620|U1033,2023-02-01T13:08:42,1
U1071,U1070,U0691|U1098|U0104|U1076,2023-02-01T17:15:27,1
U1361,U1360,U0312|U0628|U0692|U0128,2023-02-02T04:27:12,1
U1193,U1192,U1102|U0242|U1404|U1379,2023-02-02T04:44:21,1
U0179,U0180,U0141|U1023|U0672|U0979,2023-02-02T07:47:06,1
U0480,U1185,U0967|U0832|U1056|U0269,2023-02-02T11:27:14,1
U0348,U0350,U0438|U0637|U0309|U0706,2023-02-02T21:43:25,1
U0111,U0113,U1163|U0686|U0518|U0432,2023-02-02T21:53:03,1
U0172,U0170,U0717|U0725|U1226|U1162,2023-02-03T04:30:02,1
U1107,U1109,U0002|U1097|U0109|U0018,2023-02-03T06:29:12,1
U0242,U0241,U1264|U0873|U0845|U1335,2023-02-03T06:34:18,1
U1223,U1222,U0711|U0915|U0526|U0087,2023-02-03T10:16:54,1
U0101,U0103,U1273|U0236|U0159|U0274,2023-02-03T12:48:34,1
U1229,U0529,U0888|U1240|U1339|U0615,2023-02-03T13:40:40,1
U0524,U0525,U0514|U1111|U1171|U0858,2023-02-03T17:29:05,1
U0182,U0180,U0144|U0459|U1372|U1193,2023-02-03T23:13:57,1
U0663,U0664,U0892|U1065|U1339|U0986,2023-02-04T04:15:21,1
U0834,U0837,U1185|U1219|U0143|U0267,2023-02-04T04:57:05,1
U0076,U0078,U1114|U1159|U0225|U0070,2023-02-04T05:08:32,1
U0080,U0078,U0276|U0077|U0703|U0163,2023-02-04T08:02:11,1
U0865,U0863,U1090|U0075|U0317|U0936,2023-02-04T10:01:17,1
U0791,U0792,U1372|U1163|U1123|U1127,2023-02-04T13:41:27,1
U0376,U0374,U0043|U1177|U0419|U1119,2023-02-04T15:09:37,1
U1220,U1222,U1276|U0541|U0089|U0479,2023-02-04T15:29:11,1
U0278,U0279,U0043|U1169|U1090|U0209,2023-02-04T21:07:02,1
U0682,U0681,U0758|U1327|U1284|U0318,2023-02-05T01:47:48,1
U1372,U1371,U0125|U0385|U0357|U0535,2023-02-05T03:42:40,1
U0221,U0222,U0007|U0401|U1147|U0921,2023-02-05T08:37:22,1
U0907,U0905,U1193|U0945|U0428|U0089,2023-02-05T08:37:49,1
U0769,U0771,U0998|U1124|U0846|U0821,2023-02-05T09:23:29,1
U1343,U0657,U0335|U0474|U0842|U0452,2023-02-05T10:17:38,1
U0254,U0256,U0790|U0691|U0492|U0757,2023-02-05T10:31:35,1
U1005,U1006,U0212|U1360|U0250|U0771,2023-02-05T10:56:18,1
U1188,U0483,U0425|U0267|U0604|U1140,2023-02-05T11:05:27,1
U1226,U1222,U0636|U1280|U1235|U0888,2023-02-05T11:52:25,1
U0317,U0319,U0269|U1249|U0199|U0791,2023-02-05T16:46:19,1
U0501,U1201,U1005|U0146|U0244|U1384,2023-02-05T17:01:14,1
U0006,U0004,U0146|U0461|U0152|U0080,2023-02-05T19:23:25,1
U0290,U0292,U0515|U0413|U0732|U0119,2023-02-05T20:05:57,1
U1217,U0518,U0634|U0248|U0753|U1024,2023-02-05T20:55:50,1
U0299,U0300,U0514|U0623|U1072|U0563,2023-02-05T21:40:51,1
U0018,U0019,U1061|U1189|U0187|U1389,2023-02-05T22:32:22,1
U0535,U0533,U0351|U0244|U1274|U0637,2023-02-05T23:32:43,1
U0649,U0648,U0041|U0542|U1033|U0343,2023-02-05T23:43:50,1
U1349,U1347,U0462|U0994|U0583|U1097,2023-02-06T00:04:57,1
U0201,U0914,U0958|U0579|U0410|U0956,2023-02-06T01:13:55,1
U0257,U0258,U0180|U0864|U1278|U0771,2023-02-06T02:00:31,1
U1403,U1401,U1004|U0673|U1327|U0124,2023-02-06T07:31:56,1
U1304,U1302,U1282|U0311|U0050|U0850,2023-02-06T08:51:09,1
U0397,U0395,U0024|U1080|U1235|U0470,2023-02-06T19:03:30,1
U0234,U0233,U1102|U0107|U1206|U1094,2023-02-06T19:08:42,1
U1051,U0345,U0241|U0078|U0749|U1289,2023-02-06T19:56:16,1
U0725,U0724,U1150|U1376|U1172|U0828,2023-02-06T22:03:59,1
U0819,U0817,U1323|U0013|U0225|U1192,2023-02-07T00:47:53,1
U0539,U1239,U0114|U1231|U0893|U1339,2023-02-07T01:30:01,1
U0202,U0203,U0648|U0877|U0616|U1185,2023-02-07T03:49:34,1
U1042,U1044,U0196|U0656|U0556|U1371,2023-02-07T04:04:23,1
U0929,U0933,U0027|U0922|U0992|U0220,2023-02-07T05:05:48,1
U1154,U1155,U0559|U0733|U1207|U1201,2023-02-07T11:18:27,1
U0389,U0390,U1193|U0283|U0376|U0173,2023-02-07T14:22:44,1
U0615,U0616,U0742|U0360|U0510|U0321,2023-02-07T14:25:09,1
U0858,U0147,U0139|U0204|U1049|U0023,2023-02-07T14:27:51,1
U0577,U0579,U1011|U1202|U0157|U1232,2023-02-07T14:51:20,1
U1160,U1159,U0641|U0868|U1250|U1244,2023-02-07T15:20:13,1
U0662,U1348,U1159|U0780|U1261|U0073,2023-02-07T17:46:06,1
U0957,U0956,U0313|U0735|U0097|U0427,2023-02-07T18:05:30,1
U0542,U0544,U0769|U0446|U0591|U0199,2023-02-07T20:48:34,1
U1132,U0423,U0564|U0656|U1215|U1072,2023-02-07T23:26:43,1
U1075,U1073,U0646|U0234|U0970|U1127,2023-02-08T02:39:04,1
U1169,U1171,U0481|U0014|U1208|U0479,2023-02-08T06:16:09,1
U0052,U0053,U0715|U0762|U0147|U0502,2023-02-08T13:34:59,1
U0620,U1306,U0793|U0943|U0457|U1085,2023-02-08T14:13:58,1
U0442,U0438,U0934|U0269|U0263|U0363,2023-02-08T17:36:59,1
U0123,U0122,U0392|U0032|U1332|U1176,2023-02-08T19:25:09,1
U1085,U1083,U0886|U0897|U0779|U0094,2023-02-08T21:02:12,1
U1094,U1093,U1305|U0490|U0253|U0561,2023-02-08T21:13:37,1
U0021,U0022,U0135|U0458|U0863|U1019,2023-02-09T00:26:10,1
U0223,U0222,U0527|U0014|U0842|U0502,2023-02-09T01:10:03,1
U0616,U1305,U0080|U0509|U0138|U0580,2023-02-09T04:12:26,1
U1274,U1275,U0304|U0131|U0048|U0327,2023-02-09T04:46:02,1
U0927,U0928,U1147|U1283|U0856|U1279,2023-02-09T08:57:07,1
U0514,U0515,U0539|U1132|U0247|U1388,2023-02-09T11:27:23,1
U0288,U0995,U0267|U0966|U1106|U0058,2023-02-09T11:39:23,1
U0610,U0613,U0986|U0393|U0641|U0861,2023-02-09T11:42:30,1
U0951,U0950,U1101|U0926|U0414|U1137,2023-02-09T13:49:30,1
U0353,U0351,U0664|U0821|U0813|U0819,2023-02-09T18:16:25,1
U0107,U0105,U1265|U0153|U1221|U0132,2023-02-09T19:36:38,1
U0736,U0735,U0654|U0097|U0180|U1058,2023-02-09T20:00:25,1
U1286,U0593,U0364|U1138|U0220|U1211,2023-02-10T00:13:37,1
U1044,U1040,U0088|U0784|U0161|U1264,2023-02-10T01:33:37,1
U0316,U0318,U1299|U0905|U0474|U0366,2023-02-10T04:11:15,1
U0670,U0671,U1237|U0183|U0849|U0109,2023-02-10T04:39:00,1
U0756,U0753,U1040|U0422|U1006|U0970,2023-02-10T10:07:11,1
U0724,U0719,U0759|U0195|U0913|U0191,2023-02-10T12:53:33,1
U0262,U0264,U0085|U0908|U0662|U1393,2023-02-10T13:11:20,1
U0599,U0603,U0504|U0697|U0347|U0813,2023-02-10T16:20:56,1
U0034,U0031,U0678|U0001|U0344|U0272,2023-02-10T16:45:23,1
U1201,U1200,U1128|U1132|U1278|U1384,2023-02-10T20:03:51,1
U1329,U1327,U0426|U0696|U0766|U0406,2023-02-10T21:49:50,1
U1315,U0629,U0215|U1177|U0474|U1210,2023-02-10T23:15:26,1
U1243,U1240,U1070|U0625|U0892|U0118,2023-02-11T06:12:23,1
U1239,U1240,U1139|U1230|U0890|U1014,2023-02-11T06:19:47,1
U0237,U0949,U1287|U0351|U0328|U0622,2023-02-11T09:28:26,1
U0713,U0711,U0842|U0696|U0098|U0665,2023-02-11T09:34:45,1
U1105,U1104,U1323|U0693|U1309|U1033,2023-02-11T15:00:01,1
U0589,U0587,U0715|U0151|U0728|U0095,2023-02-11T22:50:00,1
U0692,U0693,U0582|U0844|U1275|U0075,2023-02-11T23:13:54,1
U0371,U0373,U0768|U0385|U0355|U0905,2023-02-12T02:54:31,1
U0785,U0784,U0152|U1079|U0022|U1389,2023-02-12T06:20:10,1
U0335,U0333,U0285|U0807|U0231|U1227,2023-02-12T06:37:42,1
U0386,U0387,U0661|U0868|U0865|U0703,2023-02-12T13:33:47,1
U1300,U1299,U0153|U0397|U0643|U0762,2023-02-12T13:53:56,1
U0994,U0992,U0665|U1019|U0229|U1322,2023-02-12T14:25:41,1
U0582,U0581,U0795|U1021|U0973|U0434,2023-02-12T14:32:19,1
U0470,U0468,U0004|U0201|U0940|U0419,2023-02-12T21:29:58,1
U0116,U0117,U0843|U0472|U0626|U1014,2023-02-13T07:24:53,1
U0261,U0260,U0159|U0664|U1065|U0945,2023-02-13T07:25:47,1
U0666,U0668,U0540|U0516|U0659|U0006,2023-02-13T07:46:23,1
U0345,U0343,U1372|U1403|U0868|U1326,2023-02-13T14:37:29,1
U1036,U1037,U0266|U1123|U0797|U0563,2023-02-13T15:09:35,1
U0974,U0973,U0733|U0284|U1166|U1295,2023-02-13T21:13:14,1
U0676,U0674,U1200|U0964|U1208|U1013,2023-02-13T22:59:10,1
U0549,U0548,U1083|U0124|U0828|U0646,2023-02-13T23:22:34,1
U0056,U0055,U1258|U0562|U0082|U1147,2023-02-14T00:39:37,1
U1083,U1084,U0183|U0488|U0118|U0519,2023-02-14T03:30:26,1
U0550,U0548,U0221|U0413|U0232|U0012,2023-02-14T05:00:35,1
U0140,U0142,U1013|U0615|U0548|U0668,2023-02-14T05:15:42,1
U1058,U1060,U1392|U0477|U0125|U0364,2023-02-14T06:53:30,1
U0329,U1036,U0276|U1284|U0279|U0892,2023-02-14T10:17:36,1
U0234,U0232,U1009|U1186|U0598|U0663,2023-02-14T22:22:47,1
U0673,U0671,U0181|U1217|U0641|U0973,2023-02-14T22:29:10,1
U1123,U1125,U0326|U0164|U0288|U1324,2023-02-15T00:49:34,1
U0681,U0678,U1124|U0321|U0685|U0929,2023-02-15T01:05:20,1
U0301,U0299,U0453|U0818|U0990|U0903,2023-02-15T01:28:20,1
U0040,U0042,U0672|U0747|U1349|U1086,2023-02-15T01:55:55,1
U0320,U0319,U0396|U0600|U0924|U0276,2023-02-15T02:59:47,1
U1010,U1012,U1071|U0991|U0164|U0875,2023-02-15T05:23:30,1
U0890,U0887,U0530|U0330|U0127|U0797,2023-02-15T06:31:17,1
U0110,U0825,U0781|U0003|U0387|U0550,2023-02-15T07:07:09,1
U0843,U0845,U0082|U0855|U0548|U1234,2023-02-15T08:15:59,1
U0687,U0689,U0057|U1188|U0498|U0712,2023-02-15T12:13:06,1
U0253,U0250,U0004|U0470|U0273|U1010,2023-02-15T19:31:47,1
U0384,U0386,U0870|U0110|U0210|U0085,2023-02-15T23:12:43,1
U0216,U0928,U0955|U0772|U1123|U1212,2023-02-16T01:40:00,1
U0633,U0634,U0405|U0839|U0131|U0951,2023-02-16T08:37:37,1
U1068,U1067,U1190|U1209|U1348|U1235,2023-02-16T09:28:17,1
U1359,U1357,U0552|U0663|U1297|U1155,2023-02-16T11:44:48,1
U0119,U0834,U0321|U0136|U0672|U0034,2023-02-16T14:58:14,1
U0460,U1164,U1046|U0173|U0470|U1124,2023-02-16T17:46:56,1
U1289,U1287,U0598|U0918|U1274|U0487,2023-02-17T01:57:36,1
U0057,U0055,U0640|U1069|U1309|U0674,2023-02-17T06:38:14,1
U0394,U1102,U0118|U0039|U0501|U0566,2023-02-17T08:24:01,1
U0093,U0092,U0756|U0244|U0821|U0115,2023-02-17T09:16:12,1
U1311,U1309,U0088|U0261|U0566|U1115,2023-02-17T16:45:31,1
U0794,U0796,U0904|U0089|U1218|U0354,2023-02-17T17:27:51,1
U1098,U1097,U0527|U0444|U0812|U1064,2023-02-17T17:28:42,1
U0119,U0122,U0876|U0502|U0170|U0323,2023-02-17T23:23:38,1
U1252,U1254,U1235|U0482|U0324|U1150,2023-02-18T03:51:03,1
U0861,U0862,U0911|U0364|U0357|U0015,2023-02-18T08:14:51,1
U0233,U0232,U0472|U1344|U0694|U0708,2023-02-18T10:46:51,1
U1179,U1177,U0232|U0580|U0295|U1247,2023-02-18T11:05:11,1
U1317,U0632,U1402|U0991|U0396|U0891,2023-02-18T11:44:38,1
U0225,U0227,U1384|U0955|U0643|U1340,2023-02-18T15:39:39,1
U1155,U1156,U1368|U0374|U0433|U0603,2023-02-18T23:26:30,1
U0134,U0845,U1223|U0959|U1202|U0064,2023-02-18T23:54:59,1
U1099,U0390,U0542|U0170|U1114|U0990,2023-02-19T02:03:11,1
U1146,U1148,U0305|U0605|U0142|U1227,2023-02-19T02:30:19,1
U0756,U0758,U1081|U1344|U0914|U1048,2023-02-19T03:02:49,1
U1396,U1398,U0452|U0425|U1131|U1328,2023-02-19T06:19:59,1
U0117,U0119,U0355|U0679|U0863|U0927,2023-02-19T06:48:31,1
U0168,U0170,U1186|U0057|U1272|U0706,2023-02-19T08:45:41,1
U0640,U0638,U0844|U0404|U0857|U0302,2023-02-19T10:37:52,1
U0711,U1402,U0272|U0657|U0948|U0232,2023-02-19T13:07:12,1
U0125,U0128,U0035|U0312|U0907|U1305,2023-02-19T13:45:51,1
U1326,U0639,U0634|U0732|U0886|U0925,2023-02-19T16:23:15,1
U0461,U0459,U0584|U1182|U0859|U0415,2023-02-19T19:07:50,1
U0313,U1019,U1109|U0451|U0605|U0526,2023-02-19T22:28:09,1
U0344,U0343,U0482|U0319|U1021|U0324,2023-02-19T22:51:51,1
U1199,U1201,U1230|U0632|U0094|U0713,2023-02-20T02:41:14,1
U0514,U0511,U0746|U1204|U0172|U0146,2023-02-20T03:26:01,1
U1312,U0627,U0051|U0093|U0429|U0058,2023-02-20T03:47:01,1
U1260,U1259,U0814|U0924|U0345|U0933,2023-02-20T03:56:37,1
U0420,U1129,U0040|U1292|U1279|U0124,2023-02-20T08:15:34,1
U0419,U0418,U0393|U0509|U0047|U0870,2023-02-20T10:21:51,1
U1384,U1387,U0055|U0861|U1213|U1283,2023-02-20T12:19:22,1
U1192,U1190,U1264|U1371|U0279|U0472,2023-02-20T18:21:08,1
U0747,U0034,U0559|U0974|U0713|U1007,2023-02-20T18:32:37,1
U0444,U0446,U1015|U1350|U0574|U1104,2023-02-20T22:15:03,1
U0182,U0185,U0407|U1262|U0273|U0110,2023-02-21T02:19:08,1
U0507,U1207,U0187|U0413|U1241|U1351,2023-02-21T05:47:48,1
U1227,U1223,U0083|U0409|U0971|U0164,2023-02-21T06:10:36,1
U1091,U0383,U0979|U1301|U0905|U0780,2023-02-21T08:13:56,1
U0437,U1145,U0898|U0355|U0980|U0036,2023-02-21T08:30:22,1
U1353,U1352,U0359|U1049|U0831|U1107,2023-02-21T10:54:09,1
U1215,U0516,U1171|U0113|U1159|U0442,2023-02-21T15:04:50,1
U0201,U0200,U0462|U1331|U1265|U1172,2023-02-21T16:12:51,1
U0433,U1142,U0348|U0850|U0238|U0641,2023-02-21T16:18:09,1
U0962,U0961,U0254|U0357|U0008|U0529,2023-02-21T16:33:23,1
U1314,U1311,U1227|U0855|U1026|U0113,2023-02-21T16:38:30,1
U0683,U0684,U0807|U1200|U0948|U0678,2023-02-21T17:44:36,1
U0338,U0342,U1117|U0157|U0959|U0169,2023-02-21T21:15:17,1
U0643,U0641,U1123|U1235|U0805|U0212,2023-02-22T23:01:44,1
U0354,U0356,U1017|U0482|U1188|U0122,2023-02-23T05:40:51,1
U0469,U1172,U1235|U0222|U0291|U0837,2023-02-23T05:44:51,1
U1187,U1189,U1135|U0539|U1172|U0523,2023-02-23T06:48:17,1
U1026,U1025,U0950|U1307|U0968|U0904,2023-02-23T09:34:00,1
U0814,U0098,U1141|U0028|U0897|U1008,2023-02-23T10:11:47,1
U0139,U0140,U0390|U0607|U0012|U0468,2023-02-23T11:35:46,1
U1331,U1329,U0693|U0898|U0324|U1198,2023-02-23T18:36:12,1
U0077,U0078,U0790|U0177|U1221|U0607,2023-02-23T23:46:41,1
U1007,U1006,U1169|U0218|U0185|U1355,2023-02-24T01:35:48,1
U0673,U0674,U0235|U0444|U1233|U0135,2023-02-24T05:14:40,1
U0498,U0493,U0511|U0914|U0415|U0576,2023-02-24T07:39:01,1
U0094,U0092,U0386|U0508|U1288|U0530,2023-02-24T10:15:32,1
U0089,U0087,U0771|U0380|U1388|U0510,2023-02-24T10:57:22,1
U0428,U0430,U0607|U0315|U0107|U0056,2023-02-24T15:12:06,1
U0171,U0173,U0077|U0086|U1177|U0954,2023-02-24T21:40:58,1
U0716,U0715,U0074|U0570|U0498|U1273,2023-02-24T22:56:00,1
U1140,U1141,U0420|U1207|U0509|U1137,2023-02-25T01:30:26,1
U0199,U0201,U1097|U0650|U0863|U1270,2023-02-25T04:17:10,1
U0467,U0465,U1031|U0916|U0412|U1024,2023-02-25T04:50:11,1
U1183,U1181,U0953|U0170|U1325|U0966,2023-02-25T05:46:37,1
U0061,U0058,U0638|U0008|U0501|U0844,2023-02-25T06:58:46,1
U0469,U0467,U1252|U0374|U0111|U1012,2023-02-25T09:30:03,1
U1080,U1081,U0022|U0725|U0430|U0943,2023-02-25T15:17:47,1
U0240,U0239,U0087|U1204|U0907|U0822,2023-02-25T20:35:32,1
U0851,U0140,U0373|U0144|U1215|U0650,2023-02-25T21:11:18,1
U0117,U0832,U0814|U1346|U0653|U0766,2023-02-25T21:19:23,1
U0747,U0745,U0805|U0938|U0385|U0523,2023-02-26T00:10:17,1
U0952,U0240,U0236|U0266|U0362|U0058,2023-02-26T01:07:42,1
U0886,U0887,U0481|U0666|U0288|U0419,2023-02-26T02:18:43,1
U0328,U0327,U1362|U0177|U0204|U0701,2023-02-26T03:03:04,1
U1230,U1229,U0608|U0699|U0403|U0220,2023-02-26T05:53:15,1
U1276,U1278,U0800|U0109|U1085|U1070,2023-02-26T07:27:38,1
U0757,U0755,U0290|U0995|U0839|U0804,2023-02-26T08:03:55,1
U1218,U1220,U0979|U0274|U0047|U1038,2023-02-26T09:15:18,1
U0375,U1083,U0251|U1324|U0346|U0236,2023-02-26T10:36:43,1
U0911,U0910,U0559|U0417|U1401|U1381,2023-02-26T12:10:42,1
U1327,U1325,U1133|U0277|U0125|U0696,2023-02-26T13:57:43,1
U0414,U0412,U0152|U0108|U1402|U0641,2023-02-26T15:48:16,1
U0113,U0112,U0220|U1398|U0942|U0318,2023-02-26T15:51:58,1
U0779,U0780,U0773|U0151|U0345|U0200,2023-02-26T22:35:46,1
U1106,U1107,U0886|U0699|U0321|U0344,2023-02-27T03:17:03,1
U1009,U1011,U0857|U1090|U1085|U1223,2023-02-27T03:18:17,1
U1231,U1229,U0420|U1105|U0312|U0233,2023-02-27T03:37:37,1
U0221,U0223,U1343|U0577|U1300|U0648,2023-02-27T04:38:24,1
U1254,U1256,U1058|U0383|U0524|U0039,2023-02-27T08:23:58,1
U0851,U0853,U0490|U0922|U1364|U1069,2023-02-27T08:46:10,1
U0941,U0943,U0193|U1079|U1045|U0958,2023-02-27T09:52:32,1
U0927,U0215,U1338|U0575|U0953|U1012,2023-02-27T13:43:41,1
U0636,U0635,U0549|U0922|U0266|U0854,2023-02-27T15:33:08,1
U0472,U0473,U0888|U0229|U0910|U0021,2023-02-27T16:08:46,1
U0433,U0434,U0257|U0916|U0075|U0235,2023-02-27T17:40:53,1
U1332,U0646,U0750|U0338|U1274|U0908,2023-02-27T17:49:06,1
U1186,U1184,U0506|U1094|U0353|U1052,2023-02-27T17:58:26,1
U0804,U0806,U0472|U1262|U0179|U0180,2023-02-27T18:33:56,1
U0926,U0924,U0157|U1379|U0168|U1172,2023-02-28T00:41:00,1
U0958,U0959,U1048|U0648|U0425|U1222,2023-02-28T00:51:17,1
U0051,U0763,U0556|U1171|U1184|U1167,2023-02-28T01:07:46,1
U0024,U0025,U0838|U1364|U1360|U0031,2023-02-28T02:59:56,1
U1369,U1372,U0212|U0125|U1293|U0457,2023-02-28T03:29:40,1
U0382,U0381,U0711|U0651|U0106|U0982,2023-02-28T04:09:28,1
U1306,U1308,U0430|U0846|U1362|U1260,2023-02-28T04:20:31,1
U0988,U0989,U1382|U1182|U0499|U1324,2023-02-28T08:27:37,1
U0058,U0057,U1132|U0965|U0153|U0204,2023-02-28T09:56:05,1
U0035,U0036,U0142|U0336|U0180|U0455,2023-02-28T10:52:40,1
U0731,U0729,U0506|U0221|U1159|U0561,2023-02-28T14:52:36,1
U0471,U0470,U0875|U0178|U0505|U0759,2023-02-28T19:33:19,1
U1140,U1139,U1004|U0145|U1273|U1325,2023-02-28T22:01:45,1
U0253,U0254,U0112|U1389|U0593|U0582,2023-03-01T01:20:27,1
U0520,U1219,U0907|U1285|U0947|U1276,2023-03-01T03:08:40,1
U0570,U1267,U0953|U0495|U1071|U1126,2023-03-01T05:04:10,1
U0880,U0877,U0356|U0157|U0993|U0874,2023-03-01T05:18:56,1
U0964,U0254,U0099|U1197|U0452|U0353,2023-03-01T13:18:54,1
U1234,U1235,U1022|U0061|U0944|U0131,2023-03-01T15:41:47,1
U0306,U0305,U0651|U0080|U1015|U1100,2023-03-01T15:52:07,1
U0195,U0196,U1241|U1202|U0316|U1284,2023-03-01T16:13:27,1
U0012,U0013,U0822|U1019|U1168|U0273,2023-03-01T23:24:43,1
U0993,U0992,U0810|U0076|U1017|U0549,2023-03-02T01:32:21,1
U0168,U0169,U0123|U0369|U0675|U0137,2023-03-02T02:41:00,1
U1303,U0613,U0910|U0098|U0022|U0516,2023-03-02T03:51:19,1
U1307,U1308,U0270|U0948|U0467|U0745,2023-03-02T04:03:35,1
U0559,U1256,U0013|U0962|U1046|U0749,2023-03-02T09:49:16,1
U1392,U1390,U0664|U0018|U0079|U0283,2023-03-02T10:56:54,1
U0586,U0588,U0424|U0481|U0375|U0061,2023-03-02T12:11:08,1
U0403,U0401,U1341|U1219|U1093|U0660,2023-03-02T12:16:09,1
U0571,U0569,U1251|U1104|U0516|U0234,2023-03-02T16:29:30,1
U0266,U0974,U0725|U0638|U0582|U1143,2023-03-02T16:35:42,1
U1003,U1004,U1279|U0711|U1382|U1239,2023-03-02T18:59:26,1
U0591,U0593,U1234|U1352|U0417|U0670,2023-03-02T22:45:46,1
U0093,U0810,U1399|U0651|U1033|U1347,2023-03-03T05:44:12,1
U1328,U1327,U1107|U0747|U1059|U0752,2023-03-03T06:06:44,1
U0976,U0977,U1040|U0180|U1005|U0920,2023-03-03T06:13:07,1
U0311,U0312,U0732|U0154|U0780|U0793,2023-03-03T06:39:41,1
U0214,U0212,U0739|U0594|U0659|U1202,2023-03-03T10:55:19,1
U0514,U0513,U1010|U0501|U1036|U1366,2023-03-03T11:08:09,1
U0665,U0667,U0256|U0947|U0868|U0690,2023-03-03T12:49:37,1
U0233,U0944,U0285|U0875|U0195|U0405,2023-03-03T14:03:17,1
U0317,U0318,U1300|U0183|U1276|U0743,2023-03-03T16:02:36,1
U1132,U1134,U0685|U1245|U0373|U0697,2023-03-03T16:27:34,1
U0501,U0499,U0811|U1216|U0518|U0929,2023-03-03T20:15:17,1
U0871,U0873,U0673|U0395|U0013|U0530,2023-03-03T22:40:15,1
U0311,U0306,U0693|U0868|U0446|U0493,2023-03-04T01:39:35,1
U1065,U1067,U0948|U1085|U1361|U0543,2023-03-04T07:01:13,1
U1154,U1156,U0634|U0262|U0142|U0599,2023-03-04T09:18:34,1
U0413,U0414,U0383|U0250|U1315|U0897,2023-03-04T10:06:05,1
U1169,U1168,U0459|U0073|U0481|U0922,2023-03-04T10:38:00,1
U0074,U0073,U1156|U1210|U0910|U1095,2023-03-04T18:13:03,1
U1260,U0564,U1389|U0799|U0091|U0988,2023-03-04T23:26:59,1
U0389,U0388,U0768|U0032|U1028|U0322,2023-03-05T04:23:03,1
U0222,U0225,U0781|U0971|U1349|U0373,2023-03-05T06:47:07,1
U0538,U0540,U0810|U0843|U0415|U0833,2023-03-05T10:34:15,1
U0953,U0952,U0603|U0111|U0624|U0653,2023-03-05T11:12:22,1
U0533,U0534,U1381|U0353|U1367|U1188,2023-03-05T18:07:55,1
U0824,U0823,U0627|U0350|U0411|U1086,2023-03-05T19:47:28,1
U1290,U1288,U1152|U0793|U1018|U0596,2023-03-06T03:54:21,1
U0265,U0266,U0537|U0657|U0128|U0838,2023-03-06T14:26:13,1
U0649,U0646,U1037|U0505|U0351|U0177,2023-03-06T19:56:27,1
U1310,U0625,U0399|U0592|U0302|U0729,2023-03-06T20:10:57,1
U0529,U0531,U0745|U1303|U0822|U1265,2023-03-06T23:41:05,1
U0263,U0971,U1046|U1051|U0141|U0198,2023-03-07T04:31:42,1
U0768,U0769,U0483|U1037|U0465|U1157,2023-03-07T05:50:53,1
U0291,U0290,U0956|U0467|U1190|U1332,2023-03-07T11:53:22,1
U0472,U0470,U0952|U0525|U0278|U0058,2023-03-07T12:09:28,1
U0837,U0838,U0253|U0517|U0568|U0390,2023-03-07T17:37:32,1
U0468,U0469,U0532|U0170|U0055|U0890,2023-03-07T18:33:27,1
U0122,U0118,U1165|U0626|U1166|U0153,2023-03-07T22:44:08,1
U1382,U0695,U0893|U0095|U0904|U0031,2023-03-07T23:33:29,1
U0976,U0975,U0855|U1105|U0771|U0212,2023-03-08T02:15:52,1
U1045,U1046,U0589|U0729|U0193|U1254,2023-03-08T10:48:25,1
U0952,U0950,U0803|U0261|U0410|U1207,2023-03-08T14:29:13,1
U0801,U0803,U0793|U0040|U0727|U0477,2023-03-08T15:21:57,1
U0263,U0265,U0604|U0031|U1100|U0179,2023-03-08T16:58:32,1
U0844,U0132,U1097|U0284|U0682|U1404,2023-03-08T18:16:55,1
U0083,U0082,U0389|U0173|U0072|U0340,2023-03-08T18:56:27,1
U1104,U1103,U1125|U1277|U0389|U0811,2023-03-08T20:09:16,1
U0208,U0209,U1039|U0236|U0744|U0304,2023-03-08T22:37:35,1
U0922,U0209,U1118|U0023|U1084|U0513,2023-03-09T03:12:03,1
U1114,U1117,U0701|U0780|U1306|U0550,2023-03-09T04:33:38,1
U0598,U0600,U1015|U1031|U1223|U0774,2023-03-09T05:17:55,1
U0936,U0939,U0588|U0387|U0001|U0200,2023-03-09T08:40:19,1
U0551,U0550,U0452|U0934|U1348|U0187,2023-03-09T10:04:22,1
U0300,U0301,U0490|U0118|U0260|U0573,2023-03-09T18:24:51,1
U1090,U1091,U0351|U0508|U0330|U0389,2023-03-09T18:40:48,1
U1354,U1353,U0462|U0021|U1013|U0569,2023-03-09T19:55:01,1
U1020,U0315,U0520|U1117|U1296|U0434,2023-03-09T21:26:23,1
U0249,U0251,U0455|U1293|U0515|U0434,2023-03-09T22:08:43,1
U1295,U1296,U0492|U0394|U0358|U0686,2023-03-09T22:48:28,1
U0827,U0825,U0513|U1073|U0147|U1187,2023-03-09T23:24:42,1
U0806,U0810,U1337|U1085|U0611|U0936,2023-03-10T04:39:09,1
U0913,U0914,U0711|U1179|U1254|U0727,2023-03-10T09:14:41,1
U0298,U0299,U0744|U0419|U0535|U0438,2023-03-10T16:12:44,1
U0487,U0490,U1283|U0395|U0956|U0571,2023-03-10T16:28:49,1
U0685,U1368,U0293|U1376|U0661|U1336,2023-03-10T23:54:52,1
U0283,U0990,U0175|U1322|U0143|U1195,2023-03-11T03:54:16,1
U0115,U0830,U0247|U0934|U1271|U1375,2023-03-11T04:30:31,1
U0882,U0880,U1235|U0958|U0845|U1085,2023-03-11T09:29:48,1
U1290,U1293,U0822|U0554|U0629|U1286,2023-03-11T09:48:51,1
U1322,U1321,U0194|U1262|U1341|U0109,2023-03-11T11:23:49,1
U0412,U1121,U1297|U0540|U1135|U0924,2023-03-11T11:51:16,1
U0347,U0348,U0635|U0870|U0026|U0421,2023-03-11T13:49:50,1
U0606,U0607,U1023|U0705|U0353|U0769,2023-03-11T16:53:04,1
U0132,U0135,U1093|U0054|U0665|U1120,2023-03-11T18:03:03,1
U1161,U1163,U0838|U1010|U0027|U0520,2023-03-11T19:18:44,1
U0782,U0070,U0208|U0989|U0855|U0704,2023-03-11T19:22:57,1
U0936,U0933,U0269|U0395|U0735|U1114,2023-03-11T19:52:27,1
U0925,U0927,U1188|U1383|U1162|U0957,2023-03-11T21:02:30,1
U1299,U1301,U1136|U1397|U0270|U0803,2023-03-12T03:04:20,1
U0577,U0580,U0826|U0309|U0334|U1323,2023-03-12T04:27:28,1
U0962,U0965,U0300|U0044|U0761|U0994,2023-03-12T07:06:25,1
U1373,U1372,U0147|U1131|U0886|U1288,2023-03-12T09:50:45,1
U0433,U0431,U0374|U0844|U1270|U0111,2023-03-12T10:29:39,1
U1049,U1051,U0863|U0451|U0079|U1075,2023-03-12T11:35:06,1
U0164,U0161,U0343|U0028|U0200|U0914,2023-03-12T11:36:50,1
U1189,U1192,U0801|U0292|U0506|U0409,2023-03-12T17:59:16,1
U0386,U0388,U1372|U0488|U0574|U0805,2023-03-12T19:43:29,1
U0955,U0957,U0785|U0702|U0674|U0346,2023-03-13T01:48:21,1
U0098,U0097,U0716|U0207|U0170|U0407,2023-03-13T02:26:09,1
U0278,U0988,U0581|U0816|U0921|U1188,2023-03-13T02:41:25,1
U0194,U0906,U0671|U0524|U0404|U0998,2023-03-13T05:02:44,1
U0737,U0024,U0511|U0882|U0873|U0363,2023-03-13T06:16:21,1
U0640,U0641,U0509|U1368|U0714|U1207,2023-03-13T07:34:07,1
U1284,U1286,U0586|U0812|U0136|U0606,2023-03-13T11:37:55,1
U0869,U0156,U1277|U1316|U0550|U0492,2023-03-13T15:31:22,1
U0631,U0632,U0920|U0293|U0418|U0031,2023-03-13T18:43:06,1
U0683,U0682,U0687|U1051|U0693|U0678,2023-03-13T21:38:17,1
U0241,U0953,U0524|U1239|U1243|U0881,2023-03-14T05:57:31,1
U1128,U0419,U1256|U0760|U0632|U1177,2023-03-14T06:43:34,1
U1396,U1395,U1013|U0670|U0851|U0210,2023-03-14T09:43:33,1
U0197,U0199,U0880|U0064|U0780|U0227,2023-03-14T11:58:17,1
U0559,U0561,U0457|U1246|U0805|U0351,2023-03-14T12:03:59,1
U1006,U0298,U1362|U0929|U1192|U1107,2023-03-14T12:49:43,1
U0862,U0863,U0293|U0650|U0504|U0374,2023-03-14T13:37:17,1
U0929,U0932,U0794|U0674|U0556|U0723,2023-03-14T17:16:26,1
U0637,U0639,U0569|U0347|U1127|U0548,2023-03-14T18:05:36,1
U0998,U1000,U0350|U1069|U0303|U1195,2023-03-14T19:38:31,1
U1079,U0372,U0804|U0044|U0353|U0470,2023-03-14T21:47:07,1
U1054,U1053,U1390|U1201|U0961|U1117,2023-03-14T22:13:43,1
U0620,U0623,U0370|U0994|U1361|U0880,2023-03-14T23:00:55,1
U0586,U0584,U0856|U0676|U0128|U1315,2023-03-15T02:29:15,1
U1201,U1202,U1150|U0050|U0787|U0871,2023-03-15T05:00:07,1
U0143,U0141,U0533|U0347|U0761|U0952,2023-03-15T05:35:10,1
U0629,U0627,U0958|U0932|U0381|U0662,2023-03-15T16:17:06,1
U0752,U0753,U0179|U1307|U0256|U0852,2023-03-15T19:42:13,1
U0651,U1337,U1384|U0977|U0932|U0943,2023-03-15T22:05:46,1
U1213,U1214,U0406|U0052|U0533|U0829,2023-03-15T23:00:02,1
U0082,U0081,U0093|U0843|U0629|U0881,2023-03-16T02:24:39,1
U1193,U1190,U0628|U1244|U0043|U0546,2023-03-16T03:27:18,1
U0849,U0850,U1198|U0362|U0458|U1163,2023-03-16T07:35:52,1
U0899,U0901,U0629|U0685|U1402|U0871,2023-03-16T08:15:25,1
U1299,U0607,U0631|U1288|U0001|U1111,2023-03-16T10:20:34,1
U0768,U0770,U0305|U0752|U0147|U0751,2023-03-16T10:45:51,1
U0719,U0718,U0168|U0222|U1315|U0934,2023-03-16T15:52:14,1
U1366,U0683,U0830|U0660|U1279|U0666,2023-03-16T21:41:42,1
U1395,U0705,U1307|U0955|U1390|U0453,2023-03-16T23:11:36,1
U1132,U1131,U0036|U0393|U0101|U0816,2023-03-17T01:40:47,1
U0043,U0755,U0423|U0254|U0242|U0718,2023-03-17T01:46:17,1
U0324,U0327,U0092|U1262|U0673|U0956,2023-03-17T02:27:45,1
U0499,U1200,U0718|U0629|U0948|U0474,2023-03-17T03:48:41,1
U0811,U0807,U0406|U1335|U0592|U0386,2023-03-17T04:17:04,1
U0855,U0853,U1335|U1028|U0666|U0806,2023-03-17T05:48:54,1
U0877,U0878,U0795|U0214|U0921|U1198,2023-03-17T05:57:05,1
U1237,U0537,U0872|U0973|U1008|U0850,2023-03-17T06:25:50,1
U0305,U0304,U0673|U0790|U1273|U0397,2023-03-17T07:23:10,1
U0964,U0962,U1008|U0013|U0429|U0191,2023-03-17T07:25:55,1
U1015,U0309,U0731|U1073|U1398|U0192,2023-03-17T07:43:28,1
U1085,U1090,U1022|U1200|U0041|U1227,2023-03-17T17:45:56,1
U0483,U0481,U0548|U0192|U0977|U0654,2023-03-17T18:18:06,1
U0311,U1017,U1143|U1246|U0057|U1169,2023-03-17T18:28:09,1
U0480,U0478,U0987|U0530|U1068|U1340,2023-03-17T19:30:21,1
U0707,U0705,U1051|U0744|U0187|U0249,2023-03-17T19:57:32,1
U1361,U1362,U0080|U0306|U0955|U0123,2023-03-17T20:33:25,1
U1304,U0615,U0161|U0525|U1348|U0279,2023-03-17T20:48:54,1
U0970,U0971,U1140|U0437|U1021|U1265,2023-03-17T22:32:24,1
U0945,U0943,U0138|U0913|U0952|U0664,2023-03-17T23:23:30,1
U0026,U0741,U0802|U0011|U0340|U1307,2023-03-18T00:04:14,1
U0145,U0147,U0550|U0433|U0423|U0411,2023-03-18T01:24:42,1
U0883,U0881,U0818|U0672|U0073|U0099,2023-03-18T03:24:09,1
U1254,U1255,U0559|U1171|U0215|U0839,2023-03-18T05:44:50,1
U0181,U0183,U0597|U1052|U0757|U1186,2023-03-18T06:38:36,1
U1397,U1395,U0351|U1235|U1275|U0460,2023-03-18T19:41:15,1
U0905,U0906,U1146|U0319|U0706|U1202,2023-03-19T01:43:22,1
U0782,U0784,U1184|U0240|U0144|U1202,2023-03-19T05:58:51,1
U1341,U0656,U0877|U0182|U1314|U0529,2023-03-19T14:21:59,1
U0934,U0936,U0359|U0596|U0491|U0525,2023-03-19T15:08:53,1
U0770,U0056,U0131|U1399|U1351|U0925,2023-03-19T15:50:37,1
U1025,U0320,U0049|U0553|U0770|U1119,2023-03-19T16:00:04,1
U0959,U0961,U1254|U0746|U0040|U0462,2023-03-19T16:12:27,1
U0761,U0049,U0542|U0948|U0505|U0807,2023-03-19T18:08:47,1
U0076,U0791,U0804|U1390|U1131|U0424,2023-03-19T20:08:09,1
U1198,U0495,U0742|U1388|U1301|U1316,2023-03-20T05:02:55,1
U0087,U0088,U1334|U1107|U0437|U1367,2023-03-20T05:16:33,1
U0478,U0476,U0894|U1388|U1020|U1300,2023-03-20T08:19:42,1
U0746,U0032,U0067|U0196|U0051|U1280,2023-03-20T10:09:34,1
U1111,U1115,U0190|U0800|U1117|U0565,2023-03-20T10:44:23,1
U1047,U1045,U1258|U0424|U0062|U0750,2023-03-20T14:46:30,1
U0502,U0505,U1241|U1165|U0168|U1335,2023-03-20T17:51:48,1
U0827,U0828,U1246|U0461|U0696|U0482,2023-03-20T21:13:02,1
U0199,U0200,U1145|U0981|U0583|U0115,2023-03-20T21:55:39,1
U0003,U0004,U0093|U0682|U0752|U1170,2023-03-20T23:45:59,1
U1338,U1339,U0132|U0125|U0641|U1247,2023-03-21T00:25:36,1
U1117,U1118,U0056|U0335|U0187|U0212,2023-03-21T01:38:31,1
U0704,U1393,U0661|U0432|U1251|U0880,2023-03-21T07:24:54,1
U0191,U0193,U0386|U0336|U0927|U0136,2023-03-21T07:54:49,1
U1019,U1018,U1245|U0337|U1131|U0451,2023-03-21T09:48:10,1
U0057,U0771,U0358|U1395|U1143|U0971,2023-03-21T17:54:46,1
U0905,U0904,U0022|U1040|U0114|U1109,2023-03-21T21:52:49,1
U0874,U0875,U0300|U0993|U0358|U1339,2023-03-21T23:15:18,1
U1208,U1206,U1169|U0693|U1268|U1295,2023-03-21T23:55:04,1
U1058,U1059,U0079|U0803|U1160|U0399,2023-03-22T09:55:02,1
U0112,U0111,U0306|U1186|U1039|U1017,2023-03-22T11:05:16,1
U0220,U0221,U0284|U1389|U0806|U0078,2023-03-22T13:47:14,1
U0690,U0687,U1229|U0554|U0263|U0998,2023-03-22T15:47:48,1
U0046,U0045,U1005|U0958|U0322|U0008,2023-03-22T17:04:59,1
U0399,U0403,U1005|U0112|U0002|U1358,2023-03-22T20:36:41,1
U0068,U0070,U0081|U0258|U0104|U0692,2023-03-23T00:53:46,1
U0024,U0026,U0374|U0927|U0530|U0488,2023-03-23T01:07:22,1
U1080,U1078,U0745|U1200|U1392|U0053,2023-03-23T06:15:35,1
U0182,U0893,U0291|U0019|U0253|U1063,2023-03-23T06:29:41,1
U0683,U0681,U0799|U0739|U0678|U1061,2023-03-23T06:52:29,1
U0205,U0207,U0032|U1287|U0177|U1251,2023-03-23T08:55:05,1
U1267,U1266,U0849|U0293|U0358|U0852,2023-03-23T08:59:56,1
U0925,U0922,U0625|U0322|U0735|U0471,2023-03-23T11:29:09,1
U0663,U0662,U1343|U1119|U1397|U1100,2023-03-23T12:24:20,1
U0163,U0164,U0082|U1023|U1183|U0979,2023-03-23T12:54:13,1
U1220,U1221,U0504|U0810|U0893|U0321,2023-03-23T14:05:25,1
U1356,U1357,U0684|U0054|U0264|U0269,2023-03-23T17:38:30,1
U0471,U1175,U1010|U0914|U0540|U0163,2023-03-23T18:09:27,1
U0744,U0030,U0854|U1367|U0477|U0495,2023-03-23T19:21:08,1
U0124,U0122,U0965|U0608|U0087|U1256,2023-03-23T22:09:34,1
U1352,U1350,U0641|U0712|U0861|U0778,2023-03-23T22:46:12,1
U0804,U0802,U0728|U0122|U0859|U0057,2023-03-23T23:35:15,1
U0852,U0141,U0571|U1357|U0196|U0773,2023-03-24T06:17:45,1
U0417,U0414,U1045|U0660|U1404|U0303,2023-03-24T10:14:14,1
U1264,U1266,U1108|U1212|U1290|U1129,2023-03-24T14:54:53,1
U1126,U1125,U0430|U0814|U0573|U0300,2023-03-24T16:12:40,1
U0504,U0505,U0289|U0064|U0480|U1114,2023-03-24T18:36:19,1
U0027,U0026,U1205|U0671|U1403|U0913,2023-03-24T19:16:52,1
U0443,U0446,U1382|U0797|U1129|U1022,2023-03-25T01:09:53,1
U1354,U1356,U1290|U0904|U1175|U0958,2023-03-25T02:09:52,1
U0888,U0887,U1096|U1315|U1369|U0952,2023-03-25T02:34:10,1
U0109,U0111,U0094|U1336|U1344|U0086,2023-03-25T03:34:35,1
U0424,U0425,U0364|U0715|U0289|U0411,2023-03-25T04:06:48,1
U0567,U0565,U0925|U0548|U1054|U1135,2023-03-25T07:52:44,1
U1328,U1331,U0681|U0428|U1398|U0964,2023-03-25T10:33:06,1
U0768,U0766,U1131|U1261|U0468|U0711,2023-03-25T10:39:39,1
U0556,U0561,U0471|U1075|U1060|U0733,2023-03-25T11:47:37,1
U1354,U0668,U1379|U0105|U1236|U0843,2023-03-25T13:00:23,1
U1103,U1101,U0801|U0170|U0673|U0951,2023-03-25T13:23:21,1
U1049,U1048,U0250|U0083|U0111|U0948,2023-03-25T15:17:53,1
U0367,U1074,U0318|U1044|U1188|U0086,2023-03-25T15:29:06,1
U0641,U0642,U0776|U1251|U0620|U1090,2023-03-25T17:53:44,1
U0948,U0945,U1334|U1320|U0105|U0535,2023-03-25T19:32:07,1
U0746,U0745,U0668|U0659|U0831|U0488,2023-03-26T04:21:52,1
U0495,U0498,U1336|U0959|U0649|U1025,2023-03-26T07:37:00,1
U1100,U1102,U0838|U0155|U1308|U0169,2023-03-26T09:19:40,1
U0069,U0072,U1078|U0384|U0819|U0222,2023-03-26T13:28:16,1
U0739,U0742,U1312|U1134|U0317|U0779,2023-03-26T13:45:54,1
U0230,U0232,U0067|U0755|U0823|U0242,2023-03-26T15:59:46,1
U0701,U0702,U1226|U0215|U1314|U0616,2023-03-26T17:53:37,1
U1356,U0671,U0065|U0607|U0269|U0825,2023-03-26T18:00:13,1
U0434,U0432,U0287|U0575|U0329|U0376,2023-03-26T20:36:39,1
U1109,U1108,U0938|U0769|U0748|U1162,2023-03-27T03:05:25,1
U0460,U0458,U1373|U1355|U0579|U0502,2023-03-27T06:13:27,1
U0114,U0116,U1205|U0431|U0017|U0841,2023-03-27T07:53:30,1
U0222,U0220,U0653|U0776|U1211|U0382,2023-03-27T09:55:13,1
U1210,U1211,U0988|U0955|U1121|U0933,2023-03-27T14:24:19,1
U0235,U0947,U0078|U0098|U1171|U0990,2023-03-27T20:24:18,1
U0571,U0574,U1145|U1172|U1014|U1247,2023-03-28T03:50:18,1
U0993,U0994,U0932|U0138|U1010|U1149,2023-03-28T11:29:30,1
U0954,U0952,U0700|U0519|U0509|U1250,2023-03-28T15:43:03,1
U0637,U0636,U0696|U0274|U0203|U1215,2023-03-28T16:24:36,1
U0103,U0818,U1131|U0425|U0913|U0820,2023-03-28T17:44:00,1
U0973,U0265,U0202|U1126|U0039|U0199,2023-03-28T19:20:29,1
U1012,U0304,U1079|U0166|U0386|U1007,2023-03-28T19:32:53,1
U1257,U1256,U0127|U0386|U0481|U0509,2023-03-28T22:25:46,1
U0703,U0704,U0055|U1190|U1149|U0661,2023-03-28T22:41:26,1
U0250,U0251,U0179|U0648|U0241|U0272,2023-03-28T23:13:18,1
U1076,U0370,U0216|U0858|U0031|U0629,2023-04-01T01:28:24,1
U0145,U0143,U1399|U0849|U0150|U0002,2023-04-01T02:27:15,1
U0356,U0357,U1336|U0482|U1098|U0190,2023-04-01T02:33:39,1
U0108,U0109,U1256|U0613|U0824|U1018,2023-04-01T04:10:46,1
U1188,U1186,U0569|U1148|U0086|U0073,2023-04-01T04:51:23,1
U1025,U1028,U1329|U0241|U0724|U0802,2023-04-01T08:45:27,1
U0430,U0429,U0916|U1376|U0998|U0701,2023-04-01T13:43:06,1
U0179,U0177,U1049|U0526|U0831|U0763,2023-04-01T15:47:25,1
U0802,U0803,U1335|U0340|U1303|U0102,2023-04-01T16:45:55,1
U0230,U0227,U0656|U0437|U1229|U1040,2023-04-01T18:58:50,1
U0785,U0790,U0605|U0949|U1298|U0725,2023-04-01T19:21:52,1
U0858,U0859,U1118|U0490|U0351|U0627,2023-04-01T20:10:54,1
U0573,U0570,U1114|U0763|U0159|U0678,2023-04-01T21:38:28,1
U0838,U0841,U1230|U0484|U1012|U0210,2023-04-01T23:52:15,1
U0141,U0142,U1101|U0533|U1039|U0065,2023-04-02T01:44:27,1
U1261,U1259,U1047|U1301|U1114|U1040,2023-04-02T02:40:28,1
U0825,U0823,U1108|U0453|U0463|U0581,2023-04-02T03:46:36,1
U0972,U0974,U0291|U1226|U0430|U0418,2023-04-02T07:21:59,1
U0706,U0704,U1121|U1184|U0190|U0863,2023-04-02T08:52:46,1
U0167,U0169,U0244|U0150|U1258|U0800,2023-04-02T10:20:03,1
U0826,U0827,U0236|U0132|U1268|U0216,2023-04-02T15:13:29,1
U0414,U0415,U0277|U0660|U0769|U0605,2023-04-02T15:30:36,1
U0095,U0097,U0843|U0708|U0058|U1259,2023-04-02T15:38:25,1
U0334,U0335,U0354|U1221|U1351|U0057,2023-04-02T16:12:12,1
U0116,U0831,U1071|U1080|U0492|U0993,2023-04-02T20:33:08,1
U0376,U0380,U0663|U0665|U0701|U0431,2023-04-02T20:41:33,1
U1070,U1069,U0991|U0689|U0793|U0742,2023-04-03T00:26:59,1
U0691,U0689,U0490|U0482|U1398|U0075,2023-04-03T03:54:58,1
U0635,U1322,U0597|U1152|U1277|U0031,2023-04-03T05:14:36,1
U1149,U1151,U0396|U0384|U0882|U1402,2023-04-03T06:14:58,1
U0701,U0699,U1265|U1278|U1238|U0804,2023-04-03T08:12:20,1
U0842,U0128,U0735|U0607|U0921|U0179,2023-04-03T08:20:48,1
U1136,U0427,U0761|U1282|U0216|U0343,2023-04-03T08:26:04,1
U0108,U0106,U0526|U1216|U1327|U1383,2023-04-03T14:31:52,1
U1204,U1206,U1192|U0878|U0057|U0444,2023-04-03T19:12:16,1
U0317,U1022,U1247|U0801|U0890|U1306,2023-04-03T21:53:09,1
U0477,U0479,U1366|U0600|U1118|U0048,2023-04-03T22:05:14,1
U0582,U1277,U0803|U0455|U0210|U1054,2023-04-04T00:58:25,1
U0795,U0796,U1080|U0236|U1091|U0144,2023-04-04T02:31:33,1
U1303,U1304,U0444|U0947|U0058|U1026,2023-04-04T05:32:45,1
U0857,U0856,U0048|U0564|U1106|U1127,2023-04-04T05:46:33,1
U0439,U0438,U1164|U0991|U1357|U1053,2023-04-04T09:47:35,1
U0051,U0050,U0839|U1140|U0623|U0800,2023-04-04T17:46:33,1
U0414,U1124,U0744|U0615|U0272|U0851,2023-04-04T20:12:44,1
U1024,U1022,U1234|U0424|U0642|U0691,2023-04-04T22:07:07,1
U1151,U1154,U0759|U0724|U0712|U0785,2023-04-05T00:29:08,1
U0652,U0651,U1398|U0518|U1266|U0343,2023-04-05T02:49:41,1
U0795,U0793,U0023|U1352|U1220|U0516,2023-04-05T03:23:37,1
U1295,U1297,U1038|U0207|U0082|U0285,2023-04-05T12:45:06,1
U0360,U0361,U1273|U1276|U0603|U0095,2023-04-05T12:55:47,1
U0457,U0456,U1044|U0127|U0813|U0746,2023-04-05T13:14:07,1
U1239,U1238,U0764|U0782|U0975|U0857,2023-04-05T13:46:17,1
U1171,U1170,U1388|U1160|U0202|U0007,2023-04-05T14:24:43,1
U0011,U0008,U0650|U1193|U0708|U1172,2023-04-05T15:06:43,1
U1269,U0573,U1097|U0951|U1332|U0556,2023-04-05T16:19:42,1
U0148,U0150,U0464|U1296|U1215|U1232,2023-04-05T16:55:33,1
U0146,U0144,U1029|U0985|U0454|U1036,2023-04-05T19:58:27,1
U0729,U0728,U0674|U0760|U1047|U1094,2023-04-05T22:21:29,1
U0773,U0771,U1292|U0030|U1316|U0272,2023-04-05T23:37:47,1
U0893,U0891,U0288|U0537|U0925|U0816,2023-04-06T03:15:48,1
U1186,U1187,U0357|U0397|U0084|U1133,2023-04-06T04:13:42,1
U1040,U1042,U0778|U0877|U0968|U0025,2023-04-06T04:29:53,1
U1273,U1271,U0235|U0276|U1177|U0273,2023-04-06T09:26:34,1
U0028,U0026,U0776|U1119|U0543|U0907,2023-04-06T09:35:36,1
U0607,U0610,U0244|U0945|U0260|U0508,2023-04-06T14:23:58,1
U0936,U0223,U0636|U0530|U0201|U1106,2023-04-06T15:10:57,1
U0295,U1005,U1004|U0128|U1227|U0074,2023-04-06T15:47:41,1
U0987,U0985,U0420|U0424|U1005|U0970,2023-04-06T18:33:46,1
U1007,U0299,U0615|U0179|U1230|U0284,2023-04-07T03:08:32,1
U0566,U1262,U0082|U1095|U0927|U0244,2023-04-07T04:41:28,1
U0433,U0432,U0746|U0853|U1387|U0538,2023-04-07T09:21:33,1
U0201,U0202,U1060|U0705|U1169|U1285,2023-04-07T10:19:34,1
U1232,U1230,U0254|U0138|U0977|U0463,2023-04-07T11:10:06,1
U0776,U0774,U1103|U0967|U1212|U0830,2023-04-07T12:54:49,1
U0472,U0474,U0736|U1115|U0745|U0355,2023-04-07T15:13:24,1
U0768,U0764,U0216|U1104|U0735|U0992,2023-04-07T18:43:17,1
U0957,U0959,U0216|U0913|U0477|U0114,2023-04-07T21:25:06,1
U0198,U0196,U1069|U0587|U0353|U0540,2023-04-08T04:57:38,1
U0662,U0660,U1312|U0723|U0855|U0264,2023-04-08T07:38:48,1
U0903,U0904,U0704|U0294|U0831|U0458,2023-04-08T07:46:36,1
U1390,U0702,U1328|U1331|U0389|U1100,2023-04-08T13:03:13,1
U0818,U0819,U0608|U0220|U0105|U0278,2023-04-08T13:47:56,1
U0987,U0989,U1338|U1102|U0465|U0675,2023-04-08T13:54:38,1
U1002,U0998,U0477|U0167|U0087|U0656,2023-04-08T15:09:53,1
U1045,U1042,U1125|U0014|U0997|U0021,2023-04-08T20:13:15,1
U1251,U0551,U1212|U0661|U0916|U0430,2023-04-08T23:20:56,1
U0692,U0694,U1059|U0406|U0167|U1383,2023-04-09T01:03:57,1
U0474,U1179,U0070|U1364|U0970|U1033,2023-04-09T02:11:30,1
U0080,U0082,U0397|U0125|U0971|U1083,2023-04-09T02:30:07,1
U0175,U0173,U0113|U0097|U0404|U0322,2023-04-09T02:52:45,1
U0270,U0267,U0068|U0041|U0493|U1093,2023-04-09T03:58:03,1
U0811,U0810,U0169|U1199|U1197|U0951,2023-04-09T10:16:01,1
U0205,U0208,U0853|U0350|U0965|U0568,2023-04-09T13:30:03,1
U0465,U0464,U1359|U0180|U0753|U0657,2023-04-09T14:15:41,1
U1285,U1287,U0258|U1296|U0800|U0668,2023-04-09T17:11:05,1
U0514,U1213,U1311|U0653|U0298|U0027,2023-04-09T22:52:42,1
U1194,U1192,U0266|U1230|U0358|U0298,2023-04-10T00:14:49,1
U0444,U0443,U0745|U1375|U1234|U0517,2023-04-10T04:21:52,1
U0525,U0523,U0748|U0724|U0097|U0214,2023-04-10T12:01:07,1
U0394,U0392,U0334|U1162|U0480|U1029,2023-04-10T14:11:04,1
U0021,U0019,U0040|U0326|U0652|U1021,2023-04-10T18:06:27,1
U0085,U0086,U0764|U0052|U1109|U1363,2023-04-10T19:04:57,1
U0155,U0153,U0412|U0216|U0525|U0218,2023-04-10T19:48:52,1
U0155,U0154,U0484|U0888|U0042|U0064,2023-04-10T23:58:33,1
U0673,U0675,U0851|U0546|U1065|U0972,2023-04-11T08:30:43,1
U1348,U1350,U1167|U1211|U0143|U0659,2023-04-11T11:06:12,1
U0439,U0437,U0633|U1272|U0409|U1362,2023-04-11T21:45:04,1
U0710,U0709,U0784|U0356|U1052|U0981,2023-04-11T22:56:46,1
U0220,U0216,U0363|U1139|U1061|U0568,2023-04-11T23:27:02,1
U0195,U0907,U0293|U1308|U0638|U0371,2023-04-12T03:09:16,1
U1284,U1285,U1046|U1026|U0336|U0203,2023-04-12T03:16:08,1
U0932,U0220,U0892|U1266|U0104|U0361,2023-04-12T03:25:08,1
U0915,U0913,U0872|U0506|U1035|U0952,2023-04-12T04:54:08,1
U0897,U0894,U0263|U1226|U1171|U0537,2023-04-12T07:22:23,1
U1129,U1131,U0453|U1237|U0383|U0218,2023-04-12T09:28:16,1
U1157,U1159,U0128|U0359|U1397|U0779,2023-04-12T09:42:05,1
U0909,U0197,U1133|U0463|U1007|U1287,2023-04-12T11:35:11,1
U1308,U1309,U0295|U0650|U1131|U0333,2023-04-12T14:50:14,1
U1322,U1323,U0034|U0457|U0336|U0689,2023-04-12T18:25:38,1
U0001,U1404,U0032|U0838|U1120|U0527,2023-04-12T22:13:24,1
U0241,U0240,U0563|U0021|U0976|U0596,2023-04-13T04:30:57,1
U0413,U0415,U0330|U0274|U1244|U0488,2023-04-13T09:55:55,1
U0947,U0945,U0542|U0955|U0055|U0985,2023-04-13T13:35:35,1
U0577,U1273,U0735|U1397|U1252|U0291,2023-04-13T14:53:46,1
U0967,U0968,U0504|U0646|U1289|U0360,2023-04-13T21:06:22,1
U1013,U1012,U1061|U0283|U0092|U0847,2023-04-13T23:16:36,1
U0832,U0830,U0957|U0345|U0861|U1305,2023-04-14T00:33:16,1
U0250,U0248,U0114|U0654|U0527|U0362,2023-04-14T02:32:39,1
U0434,U0437,U1264|U0532|U0328|U1284,2023-04-14T05:56:53,1
U1308,U1310,U0195|U0567|U1314|U1271,2023-04-14T06:39:04,1
U1042,U0335,U0831|U0431|U0091|U0125,2023-04-14T06:48:00,1
U1033,U1029,U1359|U0719|U1250|U1364,2023-04-14T07:23:25,1
U0432,U0431,U1064|U0372|U1137|U0898,2023-04-14T07:32:25,1
U0095,U0812,U1093|U0513|U0793|U0079,2023-04-14T09:40:01,1
U0581,U0579,U0056|U1376|U0816|U1091,2023-04-14T13:26:19,1
U0563,U0565,U0208|U0864|U0316|U0097,2023-04-14T13:56:01,1
U0689,U1372,U0112|U1236|U1393|U1157,2023-04-14T14:29:42,1
U0603,U0600,U1036|U1395|U0858|U0779,2023-04-14T14:33:38,1
U0733,U0731,U0671|U0370|U0323|U0036,2023-04-14T15:34:46,1
U0394,U0395,U0508|U0199|U0785|U0375,2023-04-14T17:53:12,1
U0159,U0871,U0099|U0907|U0094|U0342,2023-04-14T21:02:14,1
U0523,U0524,U0475|U0114|U1215|U0556,2023-04-14T21:43:41,1
U0723,U0719,U0730|U0834|U1072|U1179,2023-04-14T22:19:03,1
U0124,U0127,U0778|U0521|U1134|U0151,2023-04-14T22:19:16,1
U0543,U1244,U1146|U1189|U0627|U0426,2023-04-15T02:14:19,1
U0787,U0790,U0846|U0636|U1218|U1160,2023-04-15T03:04:37,1
U0583,U0581,U0270|U1190|U1121|U0043,2023-04-15T06:43:19,1
U0944,U0942,U0249|U1100|U0729|U1255,2023-04-15T07:02:46,1
U0749,U0747,U0362|U1369|U0505|U0643,2023-04-15T08:05:35,1
U0538,U0536,U1354|U0991|U1117|U0342,2023-04-15T08:54:52,1
U0001,U0714,U0492|U1056|U0916|U1326,2023-04-15T10:12:55,1
U0530,U0529,U0054|U1183|U1232|U0588,2023-04-15T12:02:39,1
U0173,U0883,U1297|U0248|U0761|U1269,2023-04-15T16:20:48,1
U0537,U0536,U1297|U0654|U0633|U0646,2023-04-15T17:25:05,1
U0432,U1141,U0929|U0679|U1314|U0877,2023-04-16T00:08:30,1
U0092,U0807,U0343|U1108|U0826|U0456,2023-04-16T00:11:39,1
U0666,U0667,U0150|U0200|U0650|U0012,2023-04-16T00:35:43,1
U0706,U1396,U1052|U0313|U0110|U0136,2023-04-16T05:29:52,1
U0053,U0054,U1230|U0264|U0948|U0829,2023-04-16T08:25:59,1
U1258,U0562,U0610|U1234|U0275|U0981,2023-04-16T09:19:04,1
U0713,U0712,U0674|U0903|U1060|U0520,2023-04-16T09:44:14,1
U0810,U0807,U0663|U0875|U0315|U1026,2023-04-16T10:23:15,1
U0190,U0901,U1334|U0770|U0507|U1125,2023-04-16T10:34:23,1
U0431,U1140,U0409|U1079|U1264|U0462,2023-04-16T10:45:37,1
U0323,U0321,U0501|U0362|U1365|U0422,2023-04-16T16:12:00,1
U0683,U0685,U0076|U0593|U1339|U1006,2023-04-16T16:44:24,1
U1004,U1006,U1156|U0822|U1375|U0888,2023-04-16T21:04:11,1
U0597,U0594,U0554|U0107|U1175|U0317,2023-04-16T21:14:57,1
U1003,U1005,U0769|U0981|U0835|U0828,2023-04-17T00:16:27,1
U1162,U0458,U0586|U1152|U0663|U0790,2023-04-17T00:58:13,1
U0032,U0030,U0564|U0577|U0803|U0743,2023-04-17T01:42:20,1
U1183,U0478,U1096|U1205|U1039|U0678,2023-04-17T21:26:39,1
U1094,U1095,U1212|U0102|U0270|U1376,2023-04-17T21:28:21,1
U1262,U1265,U0948|U0357|U0401|U0821,2023-04-17T22:30:48,1
U0918,U0916,U0336|U0075|U0275|U0873,2023-04-18T05:26:57,1
U0481,U1186,U0135|U0191|U0089|U0800,2023-04-18T06:54:06,1
U1332,U1335,U1120|U0940|U0007|U0531,2023-04-18T14:18:53,1
U0878,U0169,U0458|U1166|U0021|U0703,2023-04-18T14:39:24,1
U0053,U0051,U0763|U0796|U0692|U1382,2023-04-18T17:00:21,1
U0506,U0508,U1040|U0525|U0715|U0640,2023-04-18T19:34:14,1
U0481,U0480,U1177|U0949|U0070|U0501,2023-04-18T20:19:30,1
U0034,U0036,U1050|U1257|U1022|U0563,2023-04-18T20:38:28,1
U0210,U0208,U0207|U0816|U0628|U0582,2023-04-18T22:14:45,1
U1216,U1214,U1034|U0373|U0291|U0592,2023-04-18T23:40:43,1
U1161,U1160,U0736|U1278|U0542|U0097,2023-04-19T03:04:12,1
U0987,U0988,U0831|U0201|U0422|U0703,2023-04-19T04:27:56,1
U1323,U0636,U0433|U1340|U1244|U1011,2023-04-19T05:15:39,1
U1051,U1053,U0408|U1023|U0456|U1255,2023-04-19T10:50:52,1
U0210,U0214,U0758|U0234|U0886|U0150,2023-04-19T12:43:40,1
U0695,U0696,U0586|U0108|U0504|U0681,2023-04-19T14:20:17,1
U0712,U1403,U0827|U0704|U0998|U0027,2023-04-19T14:43:38,1
U0856,U0855,U0546|U0875|U1249|U1109,2023-04-19T18:44:59,1
U0248,U0247,U1114|U0626|U0044|U0714,2023-04-19T20:39:58,1
U1257,U1259,U0904|U1398|U0532|U1002,2023-04-19T22:16:38,1
U0556,U0554,U0004|U0241|U1003|U0144,2023-04-20T01:29:40,1
U0691,U1375,U0298|U1229|U0132|U0453,2023-04-20T02:37:25,1
U0070,U0072,U0264|U0361|U1269|U0085,2023-04-20T04:18:31,1
U0872,U0161,U0662|U0284|U0974|U1023,2023-04-20T04:23:04,1
U1115,U1118,U0080|U1074|U0914|U1149,2023-04-20T05:40:48,1
U0032,U0034,U0017|U1193|U1149|U0229,2023-04-20T05:49:36,1
U1221,U1223,U0977|U1396|U0197|U0710,2023-04-20T07:39:37,1
U0233,U0235,U0062|U0312|U0711|U0635,2023-04-20T16:22:57,1
U1230,U1231,U1357|U0123|U0502|U0539,2023-04-20T18:36:46,1
U0340,U0337,U0536|U0639|U1165|U0752,2023-04-20T21:43:42,1
U1334,U1336,U0415|U0403|U0992|U1249,2023-04-20T22:52:10,1
U0976,U0979,U0079|U1229|U1166|U0074,2023-04-20T23:39:44,1
U1350,U0664,U0453|U0432|U0355|U0589,2023-04-21T00:22:54,1
U1246,U1247,U1140|U1162|U0961|U1401,2023-04-21T02:21:16,1
U0517,U1216,U0275|U0099|U0778|U0131,2023-04-21T02:54:29,1
U0064,U0065,U1076|U1202|U0799|U0952,2023-04-21T04:32:08,1
U0276,U0278,U0800|U0201|U1097|U1074,2023-04-21T04:51:29,1
U0036,U0039,U0530|U1068|U1003|U0052,2023-04-21T06:50:52,1
U1127,U0418,U1040|U0114|U1220|U1327,2023-04-21T09:33:51,1
U0671,U0668,U0561|U0627|U0409|U0380,2023-04-21T14:38:50,1
U0214,U0215,U0610|U0403|U0725|U0473,2023-04-21T14:43:00,1
U0957,U0958,U0451|U0709|U0214|U0348,2023-04-21T19:38:47,1
U0286,U0287,U1336|U0141|U0190|U1152,2023-04-21T23:34:53,1
U0364,U1072,U1134|U1207|U0483|U1192,2023-04-22T07:47:05,1
U1040,U1039,U0304|U0094|U1304|U0676,2023-04-22T08:43:00,1
U0845,U0847,U0653|U1371|U0412|U0381,2023-04-22T09:04:26,1
U0098,U0101,U1236|U0008|U0085|U1293,2023-04-22T11:44:01,1
U0670,U0668,U0674|U1019|U1288|U0376,2023-04-22T11:53:53,1
U0596,U0594,U0415|U1002|U0865|U0185,2023-04-22T12:13:15,1
U0438,U0437,U0167|U0911|U0080|U1245,2023-04-22T12:40:03,1
U1402,U1401,U0544|U1083|U0074|U0076,2023-04-22T17:37:22,1
U0803,U0805,U0052|U0199|U1262|U0429,2023-04-22T17:39:39,1
U1026,U0321,U1045|U0167|U0819|U1174,2023-04-22T20:32:51,1
U1302,U0611,U0593|U0955|U0760|U0785,2023-04-22T23:25:32,1
U0567,U0569,U1218|U0588|U1243|U0474,2023-04-23T00:42:46,1
U0396,U0399,U1023|U0242|U0571|U0136,2023-04-23T01:48:28,1
U1268,U1270,U0025|U0479|U0865|U0790,2023-04-23T08:21:24,1
U0081,U0079,U0289|U0438|U0031|U0302,2023-04-23T15:44:01,1
U1000,U0997,U0774|U0643|U0134|U0407,2023-04-23T16:12:26,1
U0920,U0207,U0862|U1162|U0752|U1159,2023-04-23T22:28:56,1
U0234,U0236,U0843|U0603|U1382|U0258,2023-04-24T00:09:09,1
U0600,U1293,U0111|U0573|U0169|U0661,2023-04-24T04:38:14,1
U0288,U0286,U0731|U0413|U1331|U0657,2023-04-24T04:41:21,1
U0841,U0842,U0990|U1143|U0706|U1176,2023-04-24T04:43:34,1
U0361,U1069,U0693|U1150|U1101|U0460,2023-04-24T18:34:10,1
U0887,U0177,U1227|U1204|U0861|U0412,2023-04-24T22:26:12,1
U0109,U0110,U0742|U0410|U1262|U0004,2023-04-25T02:52:38,1
U1165,U1164,U1401|U0854|U0502|U0279,2023-04-25T05:35:11,1
U0519,U1218,U0581|U0177|U0511|U0380,2023-04-25T08:47:42,1
U0792,U0790,U1174|U0118|U0491|U0105,2023-04-25T10:00:57,1
U0358,U0360,U0598|U1200|U0541|U0661,2023-04-25T11:25:43,1
U1188,U1190,U0599|U1156|U1356|U1250,2023-04-25T12:02:43,1
U0487,U0485,U0656|U1357|U1069|U1264,2023-04-25T16:32:16,1
U0972,U0264,U0830|U0839|U1182|U0724,2023-04-25T17:33:46,1
U0559,U0554,U0756|U0502|U0388|U0346,2023-04-25T21:38:38,1
U1317,U1316,U0389|U0797|U1199|U0747,2023-04-26T01:46:23,1
U0753,U0042,U1142|U0916|U0981|U0495,2023-04-26T01:48:15,1
U0408,U1117,U1058|U1266|U0955|U0832,2023-04-26T01:53:07,1
U0859,U0857,U0747|U0204|U0882|U0908,2023-04-26T01:57:30,1
U0586,U1280,U0094|U1034|U1376|U0776,2023-04-26T02:27:53,1
U0258,U0967,U0474|U1288|U0163|U0397,2023-04-26T03:48:34,1
U0981,U0985,U0088|U1100|U1115|U0013,2023-04-26T06:20:24,1
U1238,U1240,U1048|U1119|U0675|U0287,2023-04-26T07:26:20,1
U0554,U1254,U1207|U0814|U0103|U0948,2023-04-26T11:04:20,1
U0565,U0566,U0284|U1396|U1392|U1264,2023-04-26T11:14:31,1
U0812,U0810,U1076|U0085|U1152|U1154,2023-04-26T13:13:56,1
U1340,U1339,U1076|U1252|U1182|U1312,2023-04-26T13:29:20,1
U0725,U0726,U0887|U0253|U0003|U0338,2023-04-26T14:44:14,1
U1023,U1021,U0871|U0659|U0322|U0423,2023-04-26T14:55:15,1
U1321,U0634,U0892|U0966|U0797|U0374,2023-04-27T06:15:14,1
U1167,U1168,U1115|U0457|U0265|U0041,2023-04-27T11:28:20,1
U0604,U0600,U0424|U0799|U1098|U0596,2023-04-27T11:59:04,1
U0097,U0094,U0582|U1341|U1309|U0472,2023-04-27T13:46:49,1
U0868,U0865,U0801|U0756|U0351|U1366,2023-04-27T14:10:18,1
U0883,U0887,U1287|U0918|U0088|U0800,2023-04-27T14:40:35,1
U0869,U0865,U1284|U0345|U0507|U0811,2023-04-27T20:10:42,1
U1126,U1128,U0593|U0170|U1187|U0423,2023-04-27T21:05:09,1
U1227,U1230,U0170|U0568|U1050|U0769,2023-04-27T21:10:33,1
U0473,U0471,U0223|U1301|U0048|U1193,2023-04-28T00:08:17,1
U1398,U1399,U0897|U0464|U0793|U0690,2023-04-28T00:18:32,1
U0507,U0505,U0248|U0665|U0502|U0537,2023-04-28T04:11:23,1
U0971,U0969,U1047|U1301|U1186|U0861,2023-04-28T07:17:12,1
U1371,U1369,U1075|U0949|U0589|U0953,2023-04-28T07:59:01,1
U1250,U1249,U0623|U0013|U0575|U0816,2023-04-28T08:16:37,1
U0509,U0508,U0790|U0501|U1159|U1115,2023-04-28T10:38:44,1
U0828,U0113,U1315|U0411|U1099|U0047,2023-04-28T10:48:23,1
U0956,U0955,U0641|U0951|U0598|U0890,2023-04-28T10:55:59,1
U1140,U1142,U0832|U0636|U0256|U0304,2023-04-28T11:02:50,1
U0039,U0750,U1108|U0018|U0640|U0873,2023-04-28T13:32:58,1
U0532,U0531,U1287|U0593|U0241|U0421,2023-04-28T14:58:53,1
U0492,U0493,U0016|U1392|U0971|U0510,2023-05-01T08:20:11,1
U0273,U0981,U0284|U0167|U0530|U0613,2023-05-01T12:01:29,1
U0062,U0774,U1367|U1034|U1360|U0748,2023-05-01T13:23:20,1
U0092,U0091,U0164|U0571|U1296|U0410,2023-05-01T20:42:39,1
U0367,U0364,U1020|U1279|U0327|U0014,2023-05-01T20:56:19,1
U1339,U0653,U0577|U0673|U0819|U1183,2023-05-02T03:14:36,1
U0065,U0068,U0493|U0962|U0905|U1059,2023-05-02T07:50:48,1
U0422,U0423,U0772|U1292|U0636|U1199,2023-05-02T07:55:01,1
U0470,U0469,U1124|U0800|U0744|U0086,2023-05-02T12:11:46,1
U0401,U0397,U1347|U0024|U0025|U0015,2023-05-02T12:16:05,1
U0415,U0418,U1209|U0706|U0843|U0177,2023-05-02T18:46:52,1
U1381,U1379,U0771|U0540|U0759|U0288,2023-05-02T22:26:40,1
U1169,U1170,U1382|U0853|U0723|U1317,2023-05-03T00:37:22,1
U1306,U1305,U0245|U1021|U0122|U0279,2023-05-03T03:54:05,1
U0763,U0764,U1216|U0773|U0620|U0437,2023-05-03T07:39:04,1
U1399,U1402,U1073|U1352|U0123|U1105,2023-05-03T10:23:44,1
U0172,U0175,U0002|U0694|U1042|U1129,2023-05-03T11:06:14,1
U0369,U0367,U0423|U1238|U0514|U0197,2023-05-03T11:21:38,1
U1283,U0589,U1107|U0521|U0662|U0004,2023-05-03T11:48:49,1
U1096,U1094,U0156|U0979|U1023|U1071,2023-05-03T18:00:47,1
U0285,U0286,U1157|U0719|U1275|U0662,2023-05-03T23:32:35,1
U0530,U0527,U0079|U0025|U0926|U1102,2023-05-04T00:14:06,1
U0518,U0517,U0106|U0957|U0915|U1207,2023-05-04T02:16:23,1
U0229,U0225,U0637|U0713|U1325|U1058,2023-05-04T14:12:12,1
U0143,U0142,U1219|U0916|U0294|U0382,2023-05-04T18:00:26,1
U0606,U0604,U0055|U0768|U1324|U0897,2023-05-04T19:31:31,1
U0415,U0417,U0046|U0499|U1212|U0856,2023-05-04T19:48:46,1
U0046,U0047,U1298|U0472|U1392|U1141,2023-05-04T20:24:43,1
U0599,U1292,U0803|U1105|U0749|U0916,2023-05-04T21:16:21,1
U0163,U0166,U0516|U0794|U0707|U0569,2023-05-05T06:02:12,1
U0271,U0979,U0857|U0019|U0657|U0668,2023-05-05T06:43:30,1
U0862,U0859,U0730|U0034|U0104|U0514,2023-05-05T07:33:37,1
U0652,U1338,U1060|U1284|U1299|U0603,2023-05-05T07:47:35,1
U0334,U0333,U0604|U0344|U0951|U0746,2023-05-05T12:08:45,1
U0774,U0778,U0123|U1094|U1327|U0407,2023-05-05T23:00:10,1
U1235,U1237,U0199|U1371|U0536|U0845,2023-05-05T23:27:49,1
U0383,U0385,U0048|U0103|U0345|U1182,2023-05-06T01:00:22,1
U0244,U0242,U0278|U1402|U0422|U0803,2023-05-06T03:04:18,1
U0712,U0714,U0729|U0426|U1320|U0562,2023-05-06T05:30:12,1
U0108,U0823,U0141|U1296|U0875|U1366,2023-05-06T07:49:41,1
U0157,U0161,U1020|U1403|U0411|U0603,2023-05-06T08:29:37,1
U1100,U1098,U0409|U1162|U1279|U0340,2023-05-06T10:11:31,1
U0331,U0329,U0244|U0608|U1315|U1339,2023-05-06T12:59:17,1
U0823,U0821,U1372|U1301|U0523|U0565,2023-05-06T14:56:24,1
U0180,U0181,U1365|U1208|U0163|U0656,2023-05-06T15:36:32,1
U0509,U0507,U0134|U0336|U0541|U0584,2023-05-06T16:39:54,1
U0888,U0890,U0506|U1326|U0625|U0058,2023-05-06T17:54:00,1
U0360,U0362,U1236|U0155|U0492|U0549,2023-05-06T18:05:06,1
U1084,U0376,U0168|U1180|U0790|U0944,2023-05-06T19:03:00,1
U0949,U0951,U1200|U0254|U0692|U0751,2023-05-06T23:26:36,1
U0393,U1101,U0082|U0406|U1336|U0894,2023-05-06T23:35:02,1
U1028,U1031,U1170|U1384|U1230|U0960,2023-05-07T00:39:17,1
U1163,U1164,U1393|U0109|U1126|U0093,2023-05-07T04:40:59,1
U0191,U0190,U0986|U0231|U0593|U0306,2023-05-07T06:39:03,1
U1146,U1143,U0242|U1323|U0844|U0887,2023-05-07T12:14:25,1
U0982,U0986,U0463|U1075|U1131|U0299,2023-05-07T18:43:19,1
U0317,U0315,U1387|U0904|U1285|U1018,2023-05-07T19:32:56,1
U1059,U1061,U0822|U0986|U1376|U0540,2023-05-07T21:04:51,1
U0781,U0779,U0229|U1331|U1156|U0094,2023-05-07T21:06:23,1
U0452,U0447,U0771|U0862|U0099|U1007,2023-05-07T21:28:53,1
U1074,U1076,U0419|U0464|U0461|U0135,2023-05-07T23:05:16,1
U0898,U0899,U0672|U0107|U1104|U1199,2023-05-08T04:41:54,1
U0686,U0684,U0825|U1258|U0413|U1355,2023-05-08T09:28:40,1
U1020,U1022,U0490|U0574|U0373|U0460,2023-05-08T10:03:57,1
U0351,U0354,U0828|U0803|U1180|U0813,2023-05-08T13:18:31,1
U1247,U1245,U0151|U0670|U0588|U1299,2023-05-08T13:28:23,1
U0363,U0362,U0477|U0652|U0458|U0049,2023-05-08T14:04:25,1
U0011,U0013,U0231|U0182|U0242|U0373,2023-05-08T14:41:16,1
U0192,U0194,U0862|U0891|U1049|U0317,2023-05-08T15:31:25,1
U0703,U0702,U0052|U1094|U0714|U0193,2023-05-08T20:52:34,1
U0401,U0404,U0460|U0094|U0288|U0370,2023-05-08T22:48:05,1
U0546,U0549,U0085|U0338|U0970|U0469,2023-05-08T23:30:21,1
U1205,U0505,U0182|U0810|U0940|U1125,2023-05-08T23:50:12,1
U1169,U0465,U0780|U0936|U0979|U0802,2023-05-09T04:06:35,1
U0434,U0438,U0475|U1130|U1083|U1024,2023-05-09T04:10:05,1
U0363,U0366,U0540|U0231|U0998|U1388,2023-05-09T04:24:00,1
U0554,U0552,U1312|U0022|U1292|U0403,2023-05-09T04:30:34,1
U1170,U0467,U0904|U1056|U0530|U1133,2023-05-09T05:52:09,1
U1143,U1145,U1133|U0945|U0877|U0616,2023-05-09T06:35:32,1
U1390,U1393,U1396|U1172|U1061|U0593,2023-05-09T08:23:16,1
U1134,U1136,U0338|U1101|U0343|U0584,2023-05-09T09:33:25,1
U1272,U1271,U0546|U1009|U0745|U0373,2023-05-09T10:09:01,1
U0593,U0592,U0530|U0581|U1307|U0474,2023-05-09T10:36:15,1
U1167,U0463,U0179|U0858|U0455|U0447,2023-05-09T12:38:04,1
U0782,U0781,U1253|U0856|U0810|U0095,2023-05-09T19:55:52,1
U1343,U1341,U0047|U0036|U0231|U0712,2023-05-09T20:12:02,1
U1061,U0355,U0779|U0354|U0762|U0299,2023-05-09T21:45:23,1
U1039,U0333,U0732|U0911|U1065|U0752,2023-05-09T22:50:50,1
U0272,U0980,U1382|U0638|U0570|U0266,2023-05-10T00:38:01,1
U0072,U0074,U1145|U1097|U0419|U1245,2023-05-10T02:23:28,1
U0439,U0442,U0344|U0711|U0420|U0305,2023-05-10T02:30:03,1
U0032,U0035,U0392|U1023|U1204|U0076,2023-05-10T03:03:18,1
U0208,U0921,U0212|U0258|U0858|U0279,2023-05-10T07:51:14,1
U0239,U0238,U0041|U1226|U0396|U1194,2023-05-10T09:01:00,1
U0894,U0898,U0877|U0062|U1130|U0376,2023-05-10T09:31:31,1
U1226,U0526,U1111|U0848|U0532|U0908,2023-05-10T10:03:13,1
U0113,U0115,U0887|U0468|U0636|U1395,2023-05-10T10:45:21,1
U1164,U1162,U0347|U0514|U1021|U1404,2023-05-10T13:54:09,1
U0947,U0948,U0046|U0335|U1013|U0691,2023-05-10T14:22:58,1
U0801,U0799,U1347|U0830|U0564|U1215,2023-05-10T17:31:38,1
U1338,U1340,U1274|U0973|U0195|U0264,2023-05-11T01:56:02,1
U0238,U0237,U0105|U0222|U0050|U1285,2023-05-11T03:44:13,1
U0592,U0594,U1093|U0069|U1215|U0064,2023-05-11T07:48:02,1
U0345,U0344,U0510|U0766|U0007|U1003,2023-05-11T13:32:44,1
U0108,U0110,U0139|U1264|U0067|U1361,2023-05-11T18:04:22,1
U0733,U0021,U0136|U0362|U0646|U0082,2023-05-12T00:43:04,1
U1337,U1336,U0702|U0508|U1091|U0855,2023-05-12T01:59:11,1
U0336,U0335,U0676|U0151|U1040|U1071,2023-05-12T02:33:20,1
U1254,U1253,U0438|U0606|U0741|U0376,2023-05-12T02:54:52,1
U0726,U0727,U0863|U0997|U0453|U1175,2023-05-12T04:51:31,1
U1382,U1384,U1058|U0102|U0633|U1197,2023-05-12T07:55:12,1
U1125,U1124,U0105|U0175|U0633|U1331,2023-05-12T08:39:37,1
U0750,U0752,U0992|U0536|U0989|U1012,2023-05-12T12:58:35,1
U0212,U0925,U0171|U0428|U0050|U1253,2023-05-12T16:42:15,1
U0453,U0451,U0140|U1157|U0506|U0008,2023-05-12T18:30:00,1
U0018,U0021,U0103|U0518|U0151|U0637,2023-05-12T20:32:38,1
U1299,U1297,U0681|U0535|U0830|U1245,2023-05-12T21:36:57,1
U0624,U0625,U0532|U1328|U0276|U1175,2023-05-12T22:26:44,1
U0743,U0028,U1357|U0862|U0097|U0083,2023-05-12T23:56:05,1
U0167,U0876,U0551|U0919|U0745|U0187,2023-05-13T00:55:18,1
U0905,U0193,U0838|U0094|U1356|U1199,2023-05-13T02:38:00,1
U0943,U0942,U0642|U1302|U0274|U0081,2023-05-13T03:42:24,1
U0918,U0204,U0083|U0502|U0708|U0173,2023-05-13T04:20:39,1
U1268,U0571,U0287|U0114|U0579|U0141,2023-05-13T05:50:09,1
U1072,U1074,U0797|U0251|U0078|U0347,2023-05-13T09:02:55,1
U1054,U1052,U0131|U1243|U0805|U0594,2023-05-13T09:47:53,1
U0650,U0651,U0148|U1389|U1123|U0283,2023-05-13T09:51:04,1
U0565,U1261,U0291|U0322|U0955|U1304,2023-05-13T18:01:33,1
U0498,U0499,U0027|U1298|U0586|U0470,2023-05-13T23:36:45,1
U0456,U0458,U0986|U1026|U1346|U1280,2023-05-14T04:00:04,1
U0941,U0939,U0920|U0173|U1039|U1123,2023-05-14T04:24:36,1
U0015,U0013,U0834|U0506|U0977|U0952,2023-05-14T04:38:42,1
U1123,U1121,U0404|U0541|U1090|U0593,2023-05-14T05:48:45,1
U0178,U0177,U0876|U0795|U0719|U0003,2023-05-14T09:42:23,1
U0974,U0976,U0597|U0452|U0945|U0424,2023-05-14T13:10:49,1
U0701,U0703,U1046|U0676|U0061|U0323,2023-05-14T17:27:56,1
U1335,U1334,U0205|U0564|U0202|U0351,2023-05-14T23:27:54,1
U0509,U0510,U0549|U1180|U0995|U1362,2023-05-15T02:28:39,1
U0209,U0207,U0581|U0234|U0875|U0580,2023-05-15T04:27:10,1
U0934,U0932,U0417|U1288|U1085|U1148,2023-05-15T12:43:26,1
U0624,U0626,U0785|U0980|U1146|U0046,2023-05-15T13:11:13,1
U0412,U0411,U1403|U1054|U1067|U0974,2023-05-15T14:18:18,1
U0591,U1284,U0012|U0913|U0292|U0569,2023-05-15T14:38:14,1
U0145,U0144,U0773|U0579|U0861|U1259,2023-05-15T17:21:30,1
U1120,U1118,U0954|U0007|U1364|U0343,2023-05-15T21:42:13,1
U0475,U0477,U1118|U0974|U0825|U0684,2023-05-16T01:17:17,1
U0229,U0230,U1360|U0681|U0423|U0032,2023-05-16T02:23:45,1
U0517,U0519,U0574|U0711|U0245|U0961,2023-05-16T15:43:26,1
U0370,U0372,U0908|U0386|U0846|U0894,2023-05-16T16:48:03,1
U0785,U0787,U0640|U1401|U0818|U0779,2023-05-16T19:38:17,1
U1136,U1135,U0651|U0139|U1115|U0054,2023-05-16T23:41:24,1
U0594,U0593,U0965|U0464|U0634|U1372,2023-05-17T00:54:21,1
U0380,U0375,U0073|U0058|U0273|U1007,2023-05-17T09:42:11,1
U1152,U0447,U0139|U1306|U1022|U0019,2023-05-17T14:38:37,1
U0857,U0146,U1215|U1278|U0323|U0360,2023-05-17T18:21:29,1
U0829,U0828,U0085|U0772|U0150|U0608,2023-05-17T22:28:49,1
U1137,U1139,U0548|U0582|U0710|U0613,2023-05-17T23:37:11,1
U0633,U0635,U0051|U1036|U0153|U1098,2023-05-18T04:22:43,1
U0119,U0123,U0718|U1364|U0519|U0240,2023-05-18T06:16:33,1
U0872,U0871,U1297|U1111|U0118|U0301,2023-05-18T06:59:03,1
U1139,U0430,U0225|U0058|U0468|U0573,2023-05-18T07:34:18,1
U1383,U1382,U1338|U0113|U1220|U0481,2023-05-18T15:11:06,1
U0008,U0007,U0857|U0622|U0709|U0694,2023-05-18T16:24:32,1
U0135,U0136,U0360|U0892|U1275|U0222,2023-05-18T19:11:52,1
U0461,U0460,U0800|U0257|U0974|U1262,2023-05-18T21:51:07,1
U0269,U0267,U0823|U0323|U0164|U1390,2023-05-19T01:58:53,1
U0699,U1387,U1123|U0438|U0723|U0790,2023-05-19T05:47:08,1
U0118,U0116,U0842|U0242|U0461|U1034,2023-05-19T05:57:25,1
U0053,U0766,U0087|U0932|U1245|U0062,2023-05-19T06:08:24,1
U0659,U0661,U1270|U1264|U0178|U0997,2023-05-19T13:09:15,1
U0142,U0144,U0076|U1164|U0469|U0561,2023-05-19T13:34:53,1
U1235,U1236,U0169|U0425|U0780|U0397,2023-05-19T15:51:33,1
U0733,U0732,U0880|U1180|U0272|U0743,2023-05-19T18:31:43,1
U0238,U0240,U1134|U1365|U1308|U0247,2023-05-19T21:54:16,1
U0392,U0393,U1185|U0942|U1012|U1216,2023-05-19T23:37:31,1
U0482,U0481,U1352|U0220|U1285|U0886,2023-05-20T01:15:40,1
U0453,U0452,U1094|U0091|U1084|U0755,2023-05-20T03:17:53,1
U0575,U0576,U1096|U0845|U0974|U1317,2023-05-20T03:18:33,1
U0568,U0569,U0093|U0897|U0042|U0333,2023-05-20T04:32:27,1
U0112,U0114,U0233|U1352|U0261|U0794,2023-05-20T04:40:47,1
U0428,U0427,U0673|U0755|U0877|U1272,2023-05-20T05:51:36,1
U0245,U0247,U1061|U0509|U1326|U0833,2023-05-20T09:17:14,1
U0728,U0727,U0471|U0559|U1195|U1268,2023-05-20T10:01:52,1
U0387,U0385,U1106|U0419|U1145|U1223,2023-05-20T10:51:37,1
U0105,U0104,U1134|U0099|U0299|U0385,2023-05-20T11:06:31,1
U0236,U0948,U1258|U0285|U0286|U1050,2023-05-20T12:28:17,1
U0321,U0322,U0172|U1401|U0298|U0495,2023-05-20T15:29:35,1
U0848,U0846,U0674|U1381|U0109|U0524,2023-05-20T20:47:33,1
U1047,U1048,U1343|U1035|U0956|U1094,2023-05-21T00:08:20,1
U1376,U0692,U1332|U1135|U0079|U0292,2023-05-21T00:10:32,1
U0697,U0695,U0901|U1185|U0704|U0969,2023-05-21T00:58:27,1
U0707,U0706,U1186|U0632|U0837|U1059,2023-05-21T08:28:17,1
U0993,U0286,U1101|U0358|U1304|U0794,2023-05-21T10:50:35,1
U0991,U0989,U1135|U0610|U0138|U1271,2023-05-21T11:44:27,1
U0007,U0004,U0468|U0222|U0048|U1152,2023-05-21T11:59:18,1
U0323,U0322,U1123|U0972|U1132|U1183,2023-05-21T12:00:16,1
U0892,U0890,U1324|U0430|U0626|U0069,2023-05-21T13:29:06,1
U0986,U0276,U0684|U0316|U0197|U1060,2023-05-21T16:15:04,1
U0886,U0882,U0427|U0692|U0565|U0533,2023-05-21T18:55:03,1
U1084,U1085,U0890|U0472|U1338|U0271,2023-05-21T20:46:04,1
U0476,U0474,U0145|U1139|U0309|U0187,2023-05-21T23:03:58,1
U0001,U0003,U0273|U1395|U0095|U1323,2023-05-22T04:22:52,1
U0820,U0821,U1007|U1389|U0092|U0334,2023-05-22T11:36:49,1
U0299,U0295,U1399|U0068|U1320|U0139,2023-05-22T11:48:27,1
U0016,U0729,U1007|U1337|U0021|U0388,2023-05-22T13:37:21,1
U1197,U0493,U0929|U0239|U0725|U1212,2023-05-22T15:18:14,1
U0696,U1383,U0175|U0650|U0813|U0439,2023-05-22T19:13:38,1
U0074,U0787,U0437|U0770|U0796|U0839,2023-05-22T19:23:37,1
U1187,U0482,U0662|U1151|U1163|U0994,2023-05-23T02:30:43,1
U0515,U0516,U0222|U0954|U1038|U0725,2023-05-23T03:11:45,1
U1147,U1146,U0299|U0467|U1080|U0480,2023-05-23T03:37:58,1
U1389,U1390,U0563|U0906|U0305|U1165,2023-05-23T04:44:43,1
U0648,U0646,U1209|U0919|U0509|U1296,2023-05-23T08:00:11,1
U0844,U0846,U1163|U0413|U0324|U0883,2023-05-23T10:42:28,1
U0662,U0661,U0428|U0824|U1198|U0771,2023-05-23T13:16:42,1
U0006,U0003,U0062|U0069|U0319|U1190,2023-05-23T13:28:37,1
U0515,U1214,U1046|U1138|U1010|U0080,2023-05-23T19:09:57,1
U0928,U0929,U1249|U0414|U0742|U1383,2023-05-23T20:02:24,1
U1359,U0674,U0801|U0651|U1192|U0502,2023-05-23T20:38:33,1
U0302,U1010,U0318|U1145|U0524|U0736,2023-05-23T20:49:53,1
U0613,U0616,U1145|U0472|U0468|U0576,2023-05-23T22:21:34,1
U0488,U0491,U0951|U0111|U1115|U0355,2023-05-24T00:17:41,1
U0607,U0608,U1226|U0799|U1305|U0048,2023-05-24T05:31:39,1
U0580,U1275,U1216|U1156|U0232|U0898,2023-05-24T11:11:17,1
U0876,U0877,U0713|U0663|U0943|U0513,2023-05-24T13:59:47,1
U1162,U1163,U0717|U0198|U0915|U0905,2023-05-24T15:55:26,1
U0437,U0433,U1282|U0277|U0851|U0982,2023-05-25T01:48:06,1
U0533,U0531,U0863|U1381|U0716|U0035,2023-05-25T03:14:27,1
U0357,U1064,U1209|U0704|U0408|U0639,2023-05-25T05:23:45,1
U1045,U1044,U0648|U0915|U0962|U0263,2023-05-25T05:35:56,1
U0125,U0124,U0877|U0653|U1026|U0286,2023-05-25T11:03:28,1
U0151,U0862,U0469|U1247|U0137|U1106,2023-05-25T12:01:28,1
U0193,U0192,U0241|U0112|U0678|U0366,2023-05-25T14:41:12,1
U0429,U0427,U0438|U0375|U0686|U0011,2023-05-25T18:10:57,1
U0331,U0333,U0582|U1201|U0576|U0110,2023-05-25T18:23:50,1
U0891,U0888,U0045|U0729|U0956|U0050,2023-05-25T22:59:04,1
U0814,U0813,U0490|U1349|U0941|U0504,2023-05-26T00:58:25,1
U0279,U0284,U1274|U0846|U0623|U0958,2023-05-26T02:40:26,1
U1050,U1051,U0600|U1125|U1192|U0451,2023-05-26T02:55:02,1
U0897,U0185,U1114|U0143|U0654|U0401,2023-05-26T07:13:45,1
U0403,U0404,U1302|U0069|U0608|U0741,2023-05-26T07:41:05,1
U1185,U1184,U1104|U0703|U0852|U0792,2023-05-26T09:02:28,1
U0330,U0329,U0290|U0828|U0244|U0772,2023-05-26T09:14:47,1
U0155,U0868,U0933|U0358|U0950|U0457,2023-05-26T10:43:29,1
U0210,U0209,U0631|U0781|U0606|U0454,2023-05-26T11:07:58,1
U0102,U0099,U1372|U1295|U0178|U0155,2023-05-26T12:11:31,1
U0417,U0419,U0987|U0112|U0925|U1070,2023-05-26T12:43:36,1
U1223,U1226,U0293|U0922|U1373|U0362,2023-05-26T14:52:18,1
U0872,U0870,U0782|U0322|U0168|U0631,2023-05-26T16:33:50,1
U1143,U0434,U0347|U0936|U1267|U0061,2023-05-26T17:03:24,1
U1086,U1084,U0424|U0639|U1367|U0869,2023-05-26T17:09:24,1
U1243,U1244,U1181|U0724|U0606|U1335,2023-05-26T17:29:06,1
U0610,U1301,U0041|U0916|U0124|U0407,2023-05-26T18:26:59,1
U1167,U1169,U0333|U0594|U0007|U0501,2023-05-26T18:42:39,1
U0218,U0215,U0437|U1344|U0532|U1134,2023-05-27T00:03:46,1
U0953,U0951,U0430|U1024|U0342|U0119,2023-05-27T01:48:10,1
U0262,U0263,U0480|U0653|U1349|U0067,2023-05-27T02:12:59,1
U0741,U0737,U0021|U0942|U0950|U1106,2023-05-27T03:53:32,1
U0272,U0273,U1216|U0173|U0663|U0291,2023-05-27T04:30:04,1
U0510,U0511,U0263|U0584|U1105|U0588,2023-05-27T08:16:52,1
U0135,U0846,U0266|U1039|U0335|U0073,2023-05-27T10:28:15,1
U0817,U0102,U0180|U0135|U0032|U0118,2023-05-27T13:11:41,1
U0799,U0083,U0825|U0640|U1124|U0103,2023-05-27T13:55:15,1
U0944,U0947,U0962|U0355|U0693|U0279,2023-05-27T16:50:15,1
U0193,U0194,U0103|U0135|U0682|U1058,2023-05-27T19:55:12,1
U0078,U0793,U0613|U1096|U0817|U0551,2023-05-27T23:45:56,1
U0420,U0419,U1170|U1134|U0986|U0136,2023-05-28T04:04:11,1
U0018,U0016,U0333|U0666|U0484|U0700,2023-05-28T07:46:41,1
U1028,U1029,U0487|U0049|U0250|U0263,2023-05-28T08:26:17,1
U0955,U0244,U0114|U0766|U1142|U0401,2023-05-28T10:06:51,1
U0863,U0864,U0083|U0575|U1071|U1304,2023-05-28T12:32:35,1
U1150,U1149,U0901|U0461|U0383|U1281,2023-05-28T23:39:19,1
U0166,U0167,U0727|U1099|U1339|U0975,2023-05-28T23:53:35,1
U0301,U1009,U0782|U0660|U0825|U0823,2023-06-01T02:15:32,1
U1364,U1363,U0988|U0944|U1069|U0941,2023-06-01T05:07:52,1
U0526,U0525,U1103|U1274|U0728|U0232,2023-06-01T05:19:48,1
U0261,U0263,U1298|U1295|U0437|U0311,2023-06-01T07:21:30,1
U0421,U0419,U0104|U1238|U1142|U0431,2023-06-01T08:19:19,1
U0180,U0891,U1135|U1234|U0035|U0067,2023-06-01T10:52:34,1
U0040,U0036,U0960|U0249|U0924|U1009,2023-06-01T16:40:00,1
U0366,U0367,U0575|U0384|U0284|U0953,2023-06-01T17:43:27,1
U0544,U0546,U0204|U1235|U0197|U0561,2023-06-01T21:12:50,1
U1258,U1257,U0981|U0077|U0886|U1154,2023-06-02T03:23:07,1
U0605,U0607,U1392|U0877|U1249|U0579,2023-06-02T09:22:28,1
U1320,U0633,U0044|U0154|U0792|U0666,2023-06-02T10:15:53,1
U0834,U0833,U0541|U1255|U0548|U1232,2023-06-02T13:46:48,1
U1198,U1199,U0210|U0012|U0484|U1334,2023-06-02T21:13:46,1
U0690,U0689,U0941|U1171|U0231|U0305,2023-06-03T01:38:55,1
U0084,U0800,U1118|U0695|U1049|U0104,2023-06-03T01:43:40,1
U0041,U0039,U0625|U0462|U0455|U0242,2023-06-03T02:46:49,1
U0124,U0838,U0231|U1277|U0868|U0392,2023-06-03T04:02:54,1
U1396,U1393,U0929|U0760|U1199|U1233,2023-06-03T05:07:59,1
U0376,U0375,U0207|U1216|U0197|U0693,2023-06-03T11:03:08,1
U0167,U0164,U0253|U0072|U0731|U0099,2023-06-03T13:58:32,1
U1368,U1371,U0611|U0827|U0756|U0718,2023-06-03T14:47:38,1
U1023,U1024,U0294|U1190|U0901|U0916,2023-06-03T20:44:08,1
U0821,U0106,U1103|U0715|U0787|U0748,2023-06-03T21:17:46,1
U1211,U1212,U0261|U0302|U0922|U1022,2023-06-03T22:12:57,1
U0076,U0075,U0544|U0331|U0432|U0959,2023-06-04T03:50:01,1
U0762,U0050,U0657|U0024|U0049|U1336,2023-06-04T05:21:44,1
U1095,U1093,U1090|U0235|U1314|U0373,2023-06-04T14:23:57,1
U0106,U0107,U1273|U1260|U0897|U0312,2023-06-04T15:54:43,1
U0888,U0178,U0502|U0109|U0244|U0812,2023-06-04T16:40:50,1
U0271,U0272,U1344|U0790|U1270|U1305,2023-06-04T21:24:30,1
U1340,U0654,U0568|U0849|U1346|U0305,2023-06-05T01:53:20,1
U1340,U1343,U1237|U0610|U1381|U1139,2023-06-05T03:31:02,1
U1404,U0713,U0640|U0016|U0882|U0520,2023-06-05T07:16:39,1
U0868,U0864,U0550|U0837|U1270|U0182,2023-06-05T07:21:20,1
U0006,U0008,U0154|U0135|U0628|U0456,2023-06-05T10:33:50,1
U0187,U0186,U0069|U1040|U0739|U0942,2023-06-05T15:52:37,1
U0312,U0315,U0573|U0569|U0072|U0235,2023-06-05T16:38:31,1
U1326,U1324,U1234|U1145|U0909|U0784,2023-06-05T17:44:28,1
U0361,U0363,U0156|U0366|U0053|U1036,2023-06-05T18:29:35,1
U0759,U0760,U1356|U0922|U0498|U0829,2023-06-05T20:31:55,1
U1136,U1138,U0781|U1015|U0344|U0322,2023-06-05T22:06:07,1
U0426,U0427,U0370|U1101|U0681|U1349,2023-06-05T23:27:19,1
U1324,U1325,U0599|U1277|U1005|U0408,2023-06-06T00:42:31,1
U0256,U0965,U0543|U0569|U0068|U0628,2023-06-06T05:00:17,1
U1019,U1021,U0223|U0870|U0073|U0410,2023-06-06T15:31:00,1
U0409,U0410,U1403|U0461|U1056|U0388,2023-06-06T17:27:45,1
U0329,U0328,U0846|U1076|U0210|U0401,2023-06-06T17:42:01,1
U0381,U0383,U0150|U1067|U0831|U1193,2023-06-06T21:01:55,1
U1086,U1085,U0883|U0183|U0202|U0542,2023-06-06T21:44:04,1
U0869,U0868,U0364|U1301|U0148|U0638,2023-06-07T05:39:24,1
U1091,U1094,U0556|U0635|U1233|U0855,2023-06-07T19:07:41,1
U1346,U1343,U1080|U0023|U0582|U1085,2023-06-07T22:57:20,1
U0665,U1351,U0443|U0079|U1000|U1282,2023-06-08T02:01:02,1
U0976,U0269,U0549|U0732|U0294|U0825,2023-06-08T14:21:23,1
U0287,U0288,U0611|U1271|U0099|U0273,2023-06-08T15:15:44,1
U1207,U1206,U0532|U0713|U1240|U1222,2023-06-08T19:10:22,1
U0712,U0711,U0027|U0166|U0164|U0488,2023-06-08T19:41:34,1
U0093,U0095,U0232|U0476|U1049|U1183,2023-06-08T20:41:42,1
U1034,U1033,U1382|U1256|U0986|U0835,2023-06-09T00:01:54,1
U1213,U1212,U1149|U1170|U0053|U0044,2023-06-09T02:18:34,1
U1366,U1367,U0544|U0405|U0479|U1040,2023-06-09T03:37:23,1
U0443,U1149,U1208|U1115|U0335|U0476,2023-06-09T04:00:12,1
U0793,U0794,U0442|U0986|U0439|U0011,2023-06-09T05:37:09,1
U0318,U0320,U0067|U1147|U0253|U1101,2023-06-09T08:37:34,1
U1121,U1124,U1387|U1287|U0357|U1300,2023-06-09T12:19:14,1
U0353,U1059,U0318|U1033|U0022|U0829,2023-06-09T15:41:40,1
U0816,U0818,U1040|U0433|U1052|U0301,2023-06-09T20:51:03,1
U1121,U1119,U1399|U0134|U0770|U0940,2023-06-09T23:49:11,1
U0373,U0375,U1305|U0242|U1234|U0322,2023-06-10T00:05:43,1
U1195,U1193,U0510|U0863|U1290|U0187,2023-06-10T01:38:34,1
U0903,U0901,U0750|U0743|U0632|U0592,2023-06-10T04:27:43,1
U0622,U0620,U0210|U0119|U1366|U0643,2023-06-10T06:49:31,1
U1268,U1267,U1166|U0419|U1292|U0678,2023-06-10T08:43:59,1
U0633,U0632,U0877|U1137|U0569|U0847,2023-06-10T12:09:28,1
U1177,U0473,U1300|U0763|U0797|U0964,2023-06-10T14:52:22,1
U0084,U0082,U0520|U1007|U0115|U0570,2023-06-10T15:41:03,1
U1190,U0485,U0606|U0716|U0830|U1165,2023-06-10T17:32:18,1
U0807,U0805,U0764|U0518|U1174|U0327,2023-06-11T00:16:48,1
U0847,U0849,U0272|U1288|U1336|U0538,2023-06-11T03:08:19,1
U1058,U1054,U0203|U0914|U0991|U0370,2023-06-11T07:44:25,1
U0797,U0795,U0942|U1031|U1064|U0759,2023-06-11T11:57:28,1
U0756,U0755,U0940|U0799|U0140|U0030,2023-06-11T15:52:16,1
U0105,U0820,U0760|U0531|U1201|U0143,2023-06-11T18:17:15,1
U0114,U0113,U1003|U1117|U0482|U0254,2023-06-11T21:05:42,1
U1017,U1018,U1056|U0744|U0363|U0520,2023-06-12T03:35:57,1
U0697,U0696,U0119|U0070|U1157|U0145,2023-06-12T05:11:07,1
U0849,U0851,U0714|U1111|U0802|U1091,2023-06-12T07:19:34,1
U0797,U0082,U0201|U1022|U0112|U1136,2023-06-12T10:30:08,1
U0710,U0712,U0581|U0087|U0553|U0062,2023-06-12T11:22:46,1
U0769,U0770,U0672|U1200|U0287|U0519,2023-06-12T11:29:58,1
U0002,U1404,U1257|U0401|U1279|U0727,2023-06-12T12:12:33,1
U0266,U0269,U0388|U0649|U0301|U1337,2023-06-12T15:22:46,1
U1128,U1129,U0426|U0802|U0056|U1004,2023-06-12T18:04:39,1
U1078,U1076,U0587|U0041|U0994|U0893,2023-06-12T20:06:14,1
U0172,U0882,U0453|U1046|U0077|U0340,2023-06-13T00:48:28,1
U0334,U0331,U0082|U0424|U1102|U0803,2023-06-13T03:07:33,1
U0123,U0837,U0232|U0950|U0363|U0076,2023-06-13T17:14:18,1
U1356,U1358,U1107|U1101|U1053|U0813,2023-06-13T20:52:14,1
U0465,U0468,U0237|U1293|U0036|U0634,2023-06-13T22:16:21,1
U0480,U0479,U0309|U0701|U0271|U0817,2023-06-14T02:20:55,1
U0970,U0969,U0087|U0622|U0241|U0148,2023-06-14T03:57:42,1
U0929,U0927,U0712|U0042|U0831|U0871,2023-06-14T04:31:13,1
U1332,U1329,U0992|U1128|U0556|U0039,2023-06-14T06:58:25,1
U0048,U0760,U1334|U0962|U1243|U0704,2023-06-14T07:36:00,1
U0242,U0954,U0854|U1309|U1217|U0151,2023-06-15T01:34:06,1
U1288,U1286,U0040|U0452|U0838|U0735,2023-06-15T02:05:58,1
U0458,U0459,U1183|U1299|U0969|U0843,2023-06-15T06:01:26,1
U1269,U1271,U1135|U0559|U0493|U0456,2023-06-15T11:51:01,1
U0287,U0289,U0205|U1198|U0220|U0822,2023-06-15T12:02:47,1
U1338,U1337,U0824|U0615|U1197|U0742,2023-06-15T12:55:38,1
U0492,U0495,U0715|U1211|U1287|U0208,2023-06-15T13:23:31,1
U0919,U0205,U0153|U1075|U1040|U0134,2023-06-15T13:32:43,1
U1281,U1283,U0234|U0382|U1152|U0692,2023-06-15T21:37:27,1
U0792,U0793,U1200|U0762|U0502|U0596,2023-06-15T22:20:21,1
U0542,U0543,U0652|U0741|U0969|U0484,2023-06-16T02:22:16,1
U0203,U0201,U1368|U1166|U1363|U1383,2023-06-16T03:35:43,1
U1392,U1393,U1314|U0467|U0852|U1054,2023-06-16T06:42:58,1
U1150,U1152,U1204|U0903|U0269|U0554,2023-06-16T07:35:53,1
U0195,U0193,U0406|U0638|U1389|U0684,2023-06-16T10:26:50,1
U0236,U0235,U0606|U0822|U0623|U0769,2023-06-16T17:31:53,1
U0138,U0849,U0853|U0870|U1244|U0842,2023-06-16T21:55:34,1
U0350,U0351,U1157|U0750|U0541|U0458,2023-06-16T22:08:28,1
U1199,U0498,U0991|U0981|U0240|U0109,2023-06-16T23:10:57,1
U0746,U0744,U0452|U0678|U0203|U0863,2023-06-17T01:00:46,1
U0736,U0739,U1350|U0726|U0417|U1257,2023-06-17T08:32:45,1
U1293,U1292,U1264|U1272|U0430|U0670,2023-06-17T09:23:33,1
U0827,U0112,U0598|U0394|U0802|U0701,2023-06-17T10:49:30,1
U0279,U0277,U0746|U0178|U1246|U0358,2023-06-17T16:35:13,1
U0980,U0977,U1387|U0694|U1075|U1006,2023-06-17T23:35:15,1
U0469,U0471,U0430|U0915|U0779|U0487,2023-06-18T04:39:02,1
U1298,U1296,U0481|U0613|U1213|U0947,2023-06-18T04:49:47,1
U0382,U0384,U0397|U1029|U0413|U1369,2023-06-18T07:30:57,1
U1303,U1305,U1299|U1392|U0481|U0094,2023-06-18T08:11:39,1
U1184,U1183,U1134|U0807|U0695|U1355,2023-06-18T09:53:41,1
U0049,U0051,U0911|U0197|U0472|U0564,2023-06-18T13:40:43,1
U0659,U0660,U0735|U1003|U0653|U0303,2023-06-18T14:57:21,1
U0485,U0488,U0918|U0741|U0032|U0110,2023-06-18T17:05:51,1
U1212,U1214,U0220|U0185|U0826|U0094,2023-06-18T19:23:52,1
U0303,U0302,U1095|U0985|U0274|U0345,2023-06-18T19:42:43,1
U0540,U1240,U1266|U0231|U0452|U0196,2023-06-18T20:06:18,1
U1126,U1127,U0454|U0408|U1132|U0548,2023-06-18T21:24:36,1
U1174,U0470,U0782|U1081|U0907|U0236,2023-06-19T00:19:08,1
U1258,U1259,U1074|U0287|U0995|U0241,2023-06-19T02:43:35,1
U1246,U0546,U0439|U0519|U1012|U0250,2023-06-19T03:58:14,1
U1181,U1182,U0031|U1338|U1065|U0390,2023-06-19T04:03:51,1
U0733,U0736,U1123|U0654|U0150|U0467,2023-06-19T06:04:42,1
U1233,U1234,U1047|U1161|U0991|U0530,2023-06-19T09:53:15,1
U0233,U0231,U0356|U0894|U1011|U1198,2023-06-19T11:55:53,1
U0426,U1135,U0992|U1106|U0274|U0714,2023-06-19T13:58:52,1
U0613,U0615,U1169|U0704|U0030|U0464,2023-06-19T16:05:34,1
U0804,U0803,U0891|U0511|U1359|U0965,2023-06-19T20:28:56,1
U0187,U0185,U0905|U0938|U0004|U0157,2023-06-20T06:03:42,1
U0692,U0690,U0717|U0515|U0074|U1255,2023-06-20T06:35:12,1
U0078,U0079,U0475|U0104|U0457|U0954,2023-06-20T06:47:19,1
U0893,U0894,U0903|U1392|U1028|U0473,2023-06-20T07:05:11,1
U1207,U1209,U0758|U1034|U0036|U0197,2023-06-20T10:00:18,1
U0274,U0276,U1185|U0003|U1372|U0303,2023-06-20T10:21:31,1
U0350,U0347,U0239|U0622|U0499|U1332,2023-06-20T12:40:58,1
U0504,U0502,U0782|U0493|U1200|U0418,2023-06-20T13:55:43,1
U1193,U1194,U0869|U0111|U0046|U0756,2023-06-20T14:01:42,1
U0573,U0575,U0381|U0309|U1195|U1270,2023-06-20T14:22:47,1
U1247,U0548,U0011|U0370|U1341|U0236,2023-06-20T23:45:51,1
U0117,U0115,U0172|U0104|U1034|U1258,2023-06-21T01:34:25,1
U1215,U1213,U0054|U0972|U1261|U0845,2023-06-21T03:41:02,1
U0642,U1329,U0394|U0190|U1350|U0232,2023-06-21T04:33:00,1
U0030,U0027,U1247|U0200|U0873|U0438,2023-06-21T07:17:09,1
U1298,U1299,U1136|U0961|U0342|U0596,2023-06-21T07:28:25,1
U0289,U0290,U0949|U0956|U1120|U1196,2023-06-21T09:49:06,1
U0306,U1014,U1398|U0554|U1267|U1183,2023-06-21T19:16:25,1
U0107,U0822,U0001|U0456|U0979|U1283,2023-06-21T21:52:53,1
U0132,U0134,U0463|U0091|U0483|U0878,2023-06-21T23:06:33,1
U0705,U0706,U0239|U0403|U0028|U1329,2023-06-21T23:33:29,1
U0665,U0663,U0751|U0333|U0178|U0901,2023-06-22T01:24:02,1
U1387,U1388,U0514|U0013|U1070|U1217,2023-06-22T02:29:23,1
U0715,U0002,U0737|U0151|U0566|U1078,2023-06-22T07:43:59,1
U0966,U0968,U1127|U0584|U1148|U0759,2023-06-22T10:33:05,1
U0418,U0420,U0408|U0358|U0596|U0092,2023-06-22T14:11:22,1
U0056,U0054,U0515|U1371|U0897|U0531,2023-06-22T14:58:11,1
U1164,U1166,U0231|U1189|U0097|U0582,2023-06-22T17:57:45,1
U0324,U1031,U0106|U0933|U0262|U1149,2023-06-23T01:27:54,1
U0855,U0854,U1337|U1171|U1163|U0600,2023-06-23T09:52:05,1
U0687,U0686,U0112|U1185|U0681|U0300,2023-06-24T06:18:10,1
U0761,U0763,U1182|U1119|U1111|U1218,2023-06-24T08:04:16,1
U0385,U1094,U0178|U0593|U0008|U0210,2023-06-24T16:16:21,1
U0732,U0019,U0201|U0429|U0276|U1167,2023-06-24T19:46:38,1
U0488,U0490,U0136|U0514|U1323|U0381,2023-06-25T08:05:32,1
U0620,U0615,U0221|U1287|U0058|U0273,2023-06-25T11:58:22,1
U0111,U0826,U0099|U1332|U0192|U0976,2023-06-25T14:20:06,1
U0439,U1147,U0919|U1167|U1396|U0317,2023-06-26T03:06:19,1
U1079,U1081,U0052|U0214|U0146|U0148,2023-06-26T08:01:06,1
U0408,U0410,U0724|U0749|U0264|U0319,2023-06-26T14:24:49,1
U0234,U0235,U0210|U0694|U0143|U0128,2023-06-26T16:36:31,1
U0482,U0483,U1042|U0474|U0453|U0197,2023-06-26T17:03:16,1
U0083,U0081,U0868|U0575|U0232|U0855,2023-06-26T17:38:40,1
U0205,U0203,U1137|U0142|U1121|U0967,2023-06-26T21:04:45,1
U0549,U0550,U0098|U0164|U1278|U0381,2023-06-27T01:47:13,1
U0656,U0654,U0045|U1282|U0169|U0661,2023-06-27T03:06:32,1
U0753,U0751,U0769|U1107|U1402|U1303,2023-06-27T03:50:40,1
U1207,U1205,U0531|U0525|U1099|U0013,2023-06-27T04:35:59,1
U0526,U0527,U0236|U0604|U0817|U0874,2023-06-27T07:37:52,1
U1230,U0530,U0411|U0145|U0231|U0747,2023-06-27T10:29:23,1
U0166,U0875,U0143|U0778|U1107|U0848,2023-06-27T11:53:31,1
U1155,U1152,U0313|U1125|U1064|U1376,2023-06-27T12:46:44,1
U0323,U0326,U1159|U0042|U0357|U1076,2023-06-27T16:28:37,1
U0438,U1146,U1201|U0026|U0753|U0109,2023-06-27T18:52:10,1
U0949,U0950,U0693|U0232|U0665|U0533,2023-06-27T19:56:30,1
U1171,U1174,U0481|U0915|U0264|U0461,2023-06-27T20:32:34,1
U0087,U0086,U0495|U1246|U0956|U1257,2023-06-27T22:16:10,1
U0916,U0914,U0562|U0524|U0022|U0028,2023-06-28T01:59:06,1
U1163,U0459,U0581|U0045|U1223|U0799,2023-06-28T06:03:39,1
U1023,U1022,U1218|U0510|U1211|U0870,2023-06-28T06:45:29,1
U0008,U0012,U0958|U1307|U0531|U0419,2023-06-28T07:46:00,1
U1381,U1382,U0934|U1286|U1297|U0031,2023-06-28T09:27:29,1
U0533,U0532,U0183|U1050|U0477|U0407,2023-06-28T15:16:39,1
U0822,U0824,U1107|U0461|U0847|U0135,2023-06-28T19:35:51,1
U1040,U1038,U0530|U1102|U0417|U1196,2023-06-28T20:59:09,1
U0285,U0283,U0613|U0883|U0664|U1127,2023-06-28T22:47:05,1
U1373,U1376,U0745|U1190|U0801|U0284,2023-07-01T00:52:06,1
U1280,U1279,U1170|U0968|U0350|U1175,2023-07-01T01:16:16,1
U1095,U1096,U1257|U0107|U0954|U1004,2023-07-01T03:05:59,1
U0538,U0537,U0712|U0464|U0608|U0774,2023-07-01T05:33:09,1
U0036,U0749,U0995|U0335|U0277|U0086,2023-07-01T05:36:27,1
U0801,U0085,U1192|U0608|U0204|U0907,2023-07-01T06:35:22,1
U0370,U0369,U0327|U1268|U0452|U0031,2023-07-01T07:22:05,1
U1306,U1307,U1149|U1100|U0019|U0914,2023-07-01T07:56:59,1
U1159,U1161,U1282|U0338|U1243|U0883,2023-07-01T08:11:33,1
U0971,U0972,U0083|U0358|U0159|U0164,2023-07-01T08:59:46,1
U0464,U0463,U0291|U1331|U1251|U0403,2023-07-01T10:46:41,1
U0112,U0110,U0916|U0638|U0372|U0768,2023-07-01T15:45:44,1
U0848,U0849,U0091|U0271|U0901|U0717,2023-07-01T17:01:14,1
U0831,U0829,U1108|U1403|U0971|U0408,2023-07-01T18:50:34,1
U0142,U0853,U0820|U0415|U0260|U1063,2023-07-02T01:20:00,1
U0701,U1389,U1276|U1185|U1272|U0954,2023-07-02T01:26:01,1
U0723,U0718,U0513|U1267|U0241|U0487,2023-07-02T04:40:33,1
U1365,U1364,U1201|U0847|U1084|U0776,2023-07-02T04:55:51,1
U0949,U0947,U1222|U1102|U0043|U0793,2023-07-02T06:38:09,1
U0817,U0818,U1188|U0764|U1125|U0513,2023-07-02T11:57:30,1
U1238,U0538,U1401|U0780|U1166|U0687,2023-07-02T12:52:42,1
U0709,U0711,U1381|U1322|U1314|U0737,2023-07-02T19:24:12,1
U0915,U0918,U0372|U0958|U0493|U0936,2023-07-03T01:03:20,1
U1140,U1138,U0067|U0346|U0215|U0690,2023-07-03T07:05:17,1
U1397,U1399,U0887|U0716|U1246|U0025,2023-07-03T07:32:19,1
U1046,U1047,U0065|U0122|U0845|U0254,2023-07-03T08:02:11,1
U0017,U0019,U0155|U0141|U0844|U1097,2023-07-03T08:26:51,1
U1038,U1037,U1288|U0168|U0177|U0597,2023-07-03T09:17:40,1
U0562,U0559,U0299|U0082|U0822|U0396,2023-07-03T10:59:34,1
U0405,U0404,U0858|U0665|U1150|U0437,2023-07-03T11:20:03,1
U1397,U1398,U0386|U0624|U0414|U0502,2023-07-03T11:20:48,1
U1020,U1021,U0369|U0403|U0295|U1023,2023-07-03T23:06:21,1
U1258,U1260,U1176|U0036|U0277|U0309,2023-07-03T23:10:00,1
U0519,U0518,U1352|U0887|U0706|U0672,2023-07-04T02:05:23,1
U0611,U0615,U0089|U0058|U0256|U0882,2023-07-04T03:06:09,1
U0772,U0773,U1147|U0122|U0646|U0397,2023-07-04T03:19:36,1
U0043,U0041,U0848|U1293|U1190|U1262,2023-07-04T07:38:42,1
U1037,U0330,U1147|U0279|U1257|U0264,2023-07-04T08:26:54,1
U0539,U0537,U1310|U1284|U0048|U0549,2023-07-04T10:29:38,1
U0080,U0079,U0434|U1340|U0360|U1335,2023-07-04T15:33:51,1
U1106,U1108,U1401|U0253|U0834|U1335,2023-07-04T18:33:30,1
U0733,U0735,U0443|U0074|U0199|U0508,2023-07-05T00:27:35,1
U1202,U1205,U1309|U0932|U1244|U0699,2023-07-05T02:12:37,1
U0790,U0075,U0479|U0536|U0244|U1292,2023-07-05T03:35:21,1
U0011,U0724,U0192|U0708|U0326|U0861,2023-07-05T09:23:22,1
U1091,U1086,U0622|U1099|U0859|U0629,2023-07-05T09:24:20,1
U0966,U0965,U0467|U1033|U1353|U0815,2023-07-05T10:41:24,1
U1285,U0592,U0111|U0072|U0012|U0172,2023-07-05T11:36:28,1
U0492,U1196,U1334|U1074|U0848|U1048,2023-07-05T11:49:42,1
U0705,U0704,U0353|U0943|U0041|U0295,2023-07-05T16:06:31,1
U0487,U0484,U1145|U0535|U0747|U0284,2023-07-05T17:17:39,1
U0408,U0407,U0192|U1312|U0022|U0870,2023-07-05T18:00:55,1
U1009,U1010,U0218|U0648|U0278|U0536,2023-07-05T19:58:30,1
U0611,U0608,U0001|U0319|U0366|U0025,2023-07-05T20:59:56,1
U1090,U1086,U1015|U1401|U0761|U0338,2023-07-06T00:04:32,1
U1214,U1215,U0598|U0924|U0452|U0074,2023-07-06T04:58:51,1
U0626,U0627,U1065|U0065|U0992|U0376,2023-07-06T05:02:35,1
U0086,U0084,U0290|U0848|U1151|U0047,2023-07-06T06:12:44,1
U0753,U0755,U1195|U0080|U0631|U0304,2023-07-06T07:35:50,1
U1115,U0407,U1302|U1037|U1100|U1238,2023-07-06T08:21:59,1
U1289,U1290,U0344|U0762|U1393|U0068,2023-07-06T09:28:56,1
U0961,U0960,U1195|U0922|U1280|U1109,2023-07-06T10:48:16,1
U0964,U0966,U1094|U1316|U0654|U0574,2023-07-06T11:00:34,1
U0077,U0079,U0849|U1045|U0858|U0559,2023-07-06T11:54:21,1
U0105,U0103,U1212|U0563|U0543|U0616,2023-07-06T14:07:31,1
U0171,U0169,U0309|U1303|U0955|U0480,2023-07-06T15:59:20,1
U0588,U0589,U0940|U0414|U0851|U0396,2023-07-07T00:02:21,1
U1050,U1049,U0022|U1278|U0951|U0929,2023-07-07T05:06:25,1
U1388,U1389,U0974|U0695|U0485|U0192,2023-07-07T10:43:06,1
U1045,U0337,U0670|U1363|U1070|U1095,2023-07-07T10:58:31,1
U1196,U1198,U0962|U0208|U1107|U0319,2023-07-07T11:54:33,1
U0387,U0388,U1109|U0795|U0510|U1143,2023-07-07T16:21:50,1
U1011,U1010,U0106|U0231|U1373|U0690,2023-07-07T20:19:33,1
U0886,U0883,U0442|U0018|U0476|U0106,2023-07-07T22:15:04,1
U1314,U1312,U0050|U1346|U1369|U1049,2023-07-08T00:49:37,1
U0114,U0829,U0903|U1118|U0743|U0134,2023-07-08T03:07:06,1
U0989,U0990,U0340|U0837|U0939|U0932,2023-07-08T07:40:11,1
U0447,U0446,U0915|U0593|U0470|U0410,2023-07-08T08:24:04,1
U0364,U0366,U0537|U0072|U0036|U0244,2023-07-08T11:04:06,1
U0140,U0141,U0907|U0035|U0164|U0961,2023-07-08T14:58:37,1
U0118,U0117,U0712|U0731|U0970|U0433,2023-07-08T16:10:42,1
U0907,U0909,U0346|U0741|U0150|U1264,2023-07-08T20:28:37,1
U0346,U0347,U0082|U0019|U0150|U0715,2023-07-08T23:04:35,1
U0945,U0234,U1127|U1376|U0736|U0024,2023-07-09T01:09:39,1
U0761,U0759,U0691|U0161|U0639|U1258,2023-07-09T03:49:06,1
U1239,U1237,U0548|U0383|U0850|U1052,2023-07-09T08:24:22,1
U1246,U1244,U1302|U0588|U0685|U0011,2023-07-09T08:29:14,1
U1349,U1348,U0629|U1034|U0757|U0169,2023-07-09T08:31:44,1
U1004,U1005,U0140|U1210|U0380|U1010,2023-07-09T10:14:16,1
U0543,U0546,U0520|U0753|U0831|U1093,2023-07-09T12:27:33,1
U1326,U1327,U1052|U0926|U0329|U0662,2023-07-09T15:13:21,1
U0926,U0214,U0797|U0699|U0829|U1120,2023-07-09T20:03:40,1
U1327,U0640,U0015|U0074|U1250|U0300,2023-07-09T23:37:22,1
U0652,U0653,U0552|U0875|U1310|U0456,2023-07-09T23:46:49,1
U1238,U1236,U0567|U0218|U0194|U0387,2023-07-10T03:44:54,1
U0061,U0064,U1152|U0745|U0815|U0868,2023-07-10T05:05:15,1
U1202,U1204,U0076|U0047|U1301|U0319,2023-07-10T06:21:11,1
U0599,U0598,U0303|U0985|U1090|U0747,2023-07-10T06:43:55,1
U0724,U0726,U0464|U0537|U0048|U0073,2023-07-10T07:57:25,1
U0648,U0650,U1288|U0958|U1287|U1181,2023-07-10T08:05:14,1
U0330,U0328,U0810|U1232|U1179|U0424,2023-07-10T13:39:21,1
U0454,U0455,U1277|U0434|U0328|U1267,2023-07-10T15:59:55,1
U0979,U0981,U0770|U0295|U1033|U0337,2023-07-10T16:23:29,1
U0409,U0411,U0654|U0426|U0700|U0977,2023-07-10T17:18:13,1
U1138,U1137,U0751|U0835|U0797|U0654,2023-07-10T20:17:47,1
U0950,U0238,U0515|U1254|U0195|U1114,2023-07-11T01:42:02,1
U1334,U1331,U0696|U0744|U0535|U0953,2023-07-11T04:14:11,1
U1279,U1281,U0051|U0202|U0056|U1114,2023-07-11T06:24:11,1
U0137,U0848,U0791|U1289|U0267|U0910,2023-07-11T07:34:20,1
U0478,U0477,U0169|U0117|U0562|U1230,2023-07-11T07:58:53,1
U0326,U0324,U0893|U1039|U0540|U0888,2023-07-11T13:43:04,1
U1008,U0300,U0454|U0453|U0263|U1096,2023-07-11T16:24:18,1
U1325,U1326,U0668|U0064|U0753|U0411,2023-07-11T18:55:37,1
U0832,U0834,U1235|U0487|U0915|U1256,2023-07-11T19:41:42,1
U0403,U1108,U0328|U0881|U0761|U0724,2023-07-11T20:06:58,1
U1362,U1364,U0386|U0706|U0660|U0811,2023-07-11T21:05:10,1
U0492,U0491,U0795|U0474|U0753|U1045,2023-07-11T21:34:49,1
U0145,U0856,U0136|U0069|U1070|U1289,2023-07-11T23:29:27,1
U0574,U0573,U0642|U0708|U0202|U1115,2023-07-11T23:29:52,1
U0410,U1119,U0276|U0801|U0603|U0342,2023-07-12T05:17:45,1
U0039,U0040,U0576|U0708|U0652|U0336,2023-07-12T07:04:37,1
U0192,U0190,U0196|U1010|U0366|U0214,2023-07-12T13:20:54,1
U0383,U0384,U0714|U1106|U0117|U0501,2023-07-12T15:58:06,1
U0156,U0154,U1272|U0975|U0151|U0702,2023-07-12T19:52:15,1
U0908,U0906,U0468|U0928|U1269|U0790,2023-07-12T20:01:00,1
U0021,U0023,U0164|U0155|U0074|U0828,2023-07-12T22:47:13,1
U0350,U0353,U1200|U0109|U1279|U1381,2023-07-13T00:40:11,1
U1311,U1310,U0317|U0771|U0004|U0237,2023-07-13T02:00:14,1
U0994,U0997,U0242|U1340|U0404|U0676,2023-07-13T02:03:47,1
U0864,U0862,U0204|U0116|U0266|U0857,2023-07-13T05:36:18,1
U1340,U1341,U0181|U0433|U1094|U0908,2023-07-13T08:51:08,1
U1302,U1300,U0543|U0260|U0828|U0690,2023-07-13T08:56:08,1
U0157,U0155,U1217|U1352|U0835|U0230,2023-07-13T09:24:27,1
U0050,U0052,U0886|U0385|U0699|U0079,2023-07-13T10:19:46,1
U0273,U0271,U0918|U0771|U1147|U0068,2023-07-13T10:40:19,1
U0428,U0429,U1120|U0204|U0374|U0834,2023-07-13T14:29:30,1
U0157,U0870,U0302|U0863|U0093|U0864,2023-07-13T15:58:24,1
U1172,U1171,U1321|U0417|U1147|U0474,2023-07-13T16:06:27,1
U1064,U1065,U0069|U1387|U0979|U1308,2023-07-13T17:41:28,1
U0139,U0141,U0639|U0580|U0982|U0929,2023-07-13T20:21:38,1
U0202,U0915,U0510|U0938|U0805|U0117,2023-07-13T20:22:57,1
U0455,U0456,U1373|U0829|U0122|U0717,2023-07-13T21:06:09,1
U1321,U1320,U1389|U1107|U0657|U1325,2023-07-13T22:25:16,1
U1361,U1363,U0891|U1187|U0508|U0187,2023-07-14T00:41:29,1
U1079,U1080,U0598|U0348|U1270|U0447,2023-07-14T02:25:25,1
U0833,U0118,U1143|U0140|U0002|U1286,2023-07-14T03:05:52,1
U1312,U1311,U1084|U0419|U1125|U0628,2023-07-14T04:07:06,1
U0878,U0881,U0725|U1281|U0924|U1266,2023-07-14T04:49:58,1
U0526,U0529,U0194|U0709|U1379|U1222,2023-07-14T07:17:50,1
U1098,U1099,U0399|U0501|U0396|U1120,2023-07-14T08:41:57,1
U0048,U0049,U0691|U1079|U1039|U0998,2023-07-14T09:27:28,1
U1021,U0316,U1123|U0875|U1031|U0914,2023-07-14T11:52:52,1
U0408,U0406,U1258|U0043|U0694|U0933,2023-07-14T12:30:41,1
U0649,U0651,U0006|U0687|U0980|U0582,2023-07-14T15:40:09,1
U0035,U0034,U0548|U1037|U1171|U0284,2023-07-14T15:55:35,1
U0838,U0839,U0195|U1329|U0707|U0632,2023-07-14T16:39:44,1
U0216,U0215,U0620|U0261|U0755|U0997,2023-07-14T18:30:04,1
U0215,U0212,U0582|U0190|U0670|U0733,2023-07-14T18:48:29,1
U1099,U1100,U0514|U1156|U0299|U0427,2023-07-14T23:14:04,1
U0041,U0040,U0974|U0119|U0405|U1338,2023-07-15T02:31:19,1
U0730,U0732,U0376|U1315|U0412|U0878,2023-07-15T04:35:22,1
U0991,U0992,U0797|U0209|U0006|U1253,2023-07-15T05:22:49,1
U1145,U1147,U1148|U0717|U0322|U0699,2023-07-15T06:25:21,1
U0373,U1080,U0569|U0666|U0596|U0892,2023-07-15T13:59:27,1
U0556,U1255,U1014|U1189|U1145|U0886,2023-07-15T23:34:47,1
U0073,U0075,U0816|U0973|U1186|U0891,2023-07-16T00:41:39,1
U0159,U0156,U1012|U0918|U0205|U0534,2023-07-16T01:32:07,1
U0727,U0729,U1152|U0667|U1270|U1246,2023-07-16T04:25:52,1
U1076,U1075,U0128|U1172|U0499|U1022,2023-07-16T09:20:49,1
U0731,U0018,U0430|U0472|U0011|U0919,2023-07-16T10:46:56,1
U0389,U0392,U1159|U1201|U1004|U1231,2023-07-16T13:56:33,1
U0315,U0316,U0019|U0615|U0267|U0401,2023-07-16T18:09:39,1
U1286,U1287,U0191|U0665|U0953|U0257,2023-07-16T18:39:17,1
U0355,U0357,U0805|U0823|U0168|U0945,2023-07-16T20:15:10,1
U0537,U0535,U1382|U1296|U1009|U0139,2023-07-17T00:46:10,1
U0461,U0462,U0092|U0876|U1326|U0053,2023-07-17T01:52:46,1
U0571,U0570,U0035|U0835|U0636|U0794,2023-07-17T02:48:54,1
U0742,U0027,U1098|U1369|U1388|U0113,2023-07-17T13:55:40,1
U1195,U1194,U1100|U0581|U1114|U1365,2023-07-17T16:47:57,1
U0275,U0274,U1005|U0762|U0157|U0980,2023-07-17T17:18:59,1
U0966,U0967,U0485|U0841|U0986|U0981,2023-07-17T19:21:27,1
U0077,U0076,U0023|U0887|U0737|U0354,2023-07-18T07:51:48,1
U0248,U0249,U0642|U0702|U0233|U0274,2023-07-18T08:38:32,1
U0797,U0800,U0359|U0190|U0631|U0336,2023-07-18T08:42:42,1
U0075,U0074,U0321|U0393|U0070|U0894,2023-07-18T10:05:58,1
U0502,U1202,U0634|U0513|U0446|U1304,2023-07-18T10:19:57,1
U0340,U0338,U0863|U0894|U0419|U0956,2023-07-18T13:06:35,1
U1243,U0542,U0875|U0739|U0077|U1006,2023-07-18T16:15:33,1
U0904,U0901,U0508|U0286|U0018|U1202,2023-07-18T18:08:49,1
U0977,U0979,U0592|U0222|U0152|U1035,2023-07-18T20:53:03,1
U0811,U0812,U1259|U0863|U1024|U0868,2023-07-19T01:15:22,1
U0703,U0705,U0262|U1128|U0301|U0275,2023-07-19T03:12:47,1
U0235,U0237,U1200|U0321|U0216|U1098,2023-07-19T07:34:10,1
U1034,U1031,U0997|U1359|U0991|U0782,2023-07-19T10:16:42,1
U0952,U0951,U0185|U0887|U1331|U0331,2023-07-19T10:53:13,1
U0779,U0067,U1175|U0858|U0276|U0523,2023-07-19T12:53:47,1
U0499,U0495,U0146|U0653|U0181|U0304,2023-07-19T13:50:41,1
U0047,U0759,U1124|U0825|U1111|U1052,2023-07-19T20:30:53,1
U1130,U1129,U1073|U1125|U0530|U1193,2023-07-19T20:50:33,1
U0237,U0236,U0415|U0002|U0718|U0596,2023-07-20T00:44:02,1
U0081,U0080,U0631|U0408|U0510|U0475,2023-07-20T03:22:37,1
U0541,U0543,U1135|U0052|U0561|U0061,2023-07-20T04:36:22,1
U0127,U0841,U0230|U1257|U0163|U1079,2023-07-20T05:40:55,1
U0842,U0839,U1184|U1067|U1040|U0444,2023-07-20T06:36:24,1
U0124,U0123,U1109|U0844|U0613|U0290,2023-07-20T08:55:52,1
U1289,U1288,U0144|U0082|U0824|U0067,2023-07-20T10:38:27,1
U0138,U0139,U1303|U1015|U0868|U1361,2023-07-20T12:34:23,1
U0334,U1040,U0499|U1180|U0385|U0404,2023-07-20T15:30:37,1
U0446,U1151,U0124|U1323|U0727|U0105,2023-07-20T15:44:04,1
U1296,U0604,U1185|U1356|U0335|U0704,2023-07-20T20:44:48,1
U0968,U0970,U0537|U1072|U0574|U0024,2023-07-20T23:31:16,1
U0730,U0731,U0345|U0333|U1401|U0336,2023-07-20T23:52:26,1
U0629,U0631,U0142|U0875|U0743|U0715,2023-07-21T03:47:34,1
U1357,U1358,U1348|U0945|U1312|U1283,2023-07-21T06:11:05,1
U0292,U1002,U0075|U0399|U1256|U1271,2023-07-21T06:55:11,1
U0354,U0353,U0826|U0828|U1161|U0910,2023-07-21T10:04:34,1
U0693,U0694,U0563|U0103|U0718|U0132,2023-07-21T15:26:31,1
U0304,U0306,U1373|U0106|U1315|U0372,2023-07-21T21:25:01,1
U0986,U0988,U0748|U0393|U1243|U1159,2023-07-21T22:56:59,1
U0536,U0534,U0153|U0746|U1325|U0185,2023-07-22T05:17:37,1
U0106,U0105,U1037|U0446|U1200|U0050,2023-07-22T05:17:51,1
U0975,U0973,U1348|U0476|U0506|U0290,2023-07-22T06:36:38,1
U0336,U0338,U0109|U1316|U0006|U1107,2023-07-22T08:13:23,1
U0523,U1221,U0439|U0774|U0564|U0992,2023-07-22T09:19:42,1
U0421,U0420,U0651|U0932|U0975|U1079,2023-07-22T10:10:43,1
U0847,U0136,U0995|U0253|U0064|U0180,2023-07-22T16:17:28,1
U1035,U0328,U0394|U1250|U1171|U0069,2023-07-22T19:09:33,1
U0940,U0938,U0065|U0210|U0412|U0426,2023-07-22T22:17:46,1
U1148,U1147,U0132|U1258|U0799|U0848,2023-07-22T23:05:15,1
U1304,U1306,U1349|U0648|U1182|U0968,2023-07-22T23:32:55,1
U0933,U0934,U1188|U0869|U0456|U1306,2023-07-22T23:42:14,1
U1217,U1215,U0342|U0150|U1366|U0313,2023-07-23T00:23:21,1
U0407,U0406,U1279|U0273|U1305|U1388,2023-07-23T10:54:06,1
U1364,U0681,U1076|U0421|U0300|U0716,2023-07-23T11:26:34,1
U0340,U0343,U0008|U1115|U0934|U0270,2023-07-23T14:24:38,1
U0385,U0384,U1056|U0427|U0974|U1322,2023-07-23T18:13:37,1
U0139,U0850,U0625|U0493|U1159|U0348,2023-07-23T20:14:52,1
U0061,U0773,U0797|U1268|U0488|U0781,2023-07-23T20:39:05,1
U0832,U0833,U0756|U1347|U0725|U0127,2023-07-23T21:16:54,1
U0346,U1052,U1317|U0668|U1167|U1289,2023-07-24T00:43:34,1
U0175,U0177,U0969|U0863|U1229|U0313,2023-07-24T01:17:30,1
U0089,U0092,U0415|U0888|U0079|U0815,2023-07-24T02:00:45,1
U0778,U0776,U1392|U0594|U0833|U0495,2023-07-24T02:14:57,1
U0258,U0261,U0018|U0878|U0715|U0815,2023-07-24T04:41:36,1
U1277,U1276,U0591|U0035|U0382|U1254,2023-07-24T05:28:24,1
U0327,U0326,U0606|U1324|U1035|U1152,2023-07-24T09:03:18,1
U1035,U1033,U1395|U1212|U0592|U0724,2023-07-24T09:07:59,1
U0691,U0690,U0031|U1321|U0143|U0792,2023-07-24T11:42:15,1
U0675,U0674,U0556|U0567|U0833|U0438,2023-07-24T12:30:32,1
U1216,U1218,U0432|U1061|U0749|U1329,2023-07-24T12:50:43,1
U0700,U0701,U0065|U0083|U0643|U0654,2023-07-24T16:27:21,1
U0791,U0790,U0381|U1017|U0728|U0382,2023-07-24T17:52:59,1
U0631,U0628,U1126|U0914|U0330|U0127,2023-07-24T18:31:00,1
U0541,U0540,U0168|U1227|U0752|U1339,2023-07-24T18:34:40,1
U0972,U0973,U0389|U0695|U0760|U0744,2023-07-24T22:21:49,1
U1205,U1204,U1301|U0968|U0839|U1239,2023-07-24T23:13:56,1
U0510,U0508,U0845|U0015|U1218|U0073,2023-07-25T01:30:47,1
U0805,U0806,U0360|U0812|U1076|U1264,2023-07-25T02:26:30,1
U1038,U1039,U1005|U0012|U0118|U0608,2023-07-25T03:39:58,1
U0182,U0183,U0249|U0536|U0230|U0245,2023-07-25T06:22:06,1
U1039,U1042,U0928|U0013|U1151|U0031,2023-07-25T06:42:05,1
U1252,U1251,U0469|U1046|U1280|U0031,2023-07-25T06:43:55,1
U1050,U1048,U0656|U0899|U0859|U0257,2023-07-25T10:49:21,1
U0968,U0969,U0830|U0695|U0092|U1359,2023-07-25T12:47:41,1
U0791,U0793,U1084|U1071|U0237|U0234,2023-07-25T13:48:36,1
U0995,U0994,U1103|U0115|U0674|U0055,2023-07-26T01:44:02,1
U1293,U1295,U0883|U0190|U0916|U0886,2023-07-26T02:42:24,1
U0098,U0099,U1287|U0969|U1140|U0290,2023-07-26T05:41:31,1
U0737,U0735,U0008|U1136|U1115|U0529,2023-07-26T08:19:12,1
U1075,U0369,U0781|U0479|U1403|U0672,2023-07-26T10:10:28,1
U1070,U1068,U1266|U0794|U0681|U1403,2023-07-26T14:38:20,1
U1196,U1197,U0909|U0907|U0135|U1075,2023-07-26T16:17:37,1
U1161,U1162,U0993|U0257|U0004|U0289,2023-07-26T18:14:58,1
U0663,U1349,U0311|U1278|U1381|U0199,2023-07-26T22:04:42,1
U0421,U0422,U0393|U0603|U0668|U0361,2023-07-26T23:01:27,1
U1097,U1099,U0842|U0864|U1168|U0657,2023-07-27T06:46:22,1
U0491,U1195,U1086|U0022|U0586|U0686,2023-07-27T12:41:06,1
U0348,U0346,U0541|U1220|U0205|U0933,2023-07-27T13:20:29,1
U1395,U1393,U0335|U0781|U1339|U1200,2023-07-27T14:13:17,1
U0245,U0242,U1252|U0790|U0169|U0898,2023-07-27T16:09:04,1
U0302,U0300,U1026|U0110|U0960|U0631,2023-07-27T16:57:43,1
U0915,U0914,U0011|U0726|U0743|U0774,2023-07-27T16:58:09,1
U0197,U0198,U1128|U0856|U0013|U0588,2023-07-27T18:57:35,1
U0540,U0539,U1237|U0262|U0419|U1221,2023-07-27T19:03:44,1
U1123,U0413,U0643|U0495|U1014|U0014,2023-07-27T20:02:32,1
U0245,U0244,U0582|U0581|U0954|U1322,2023-07-28T00:16:47,1
U0516,U0518,U0682|U0279|U1243|U1072,2023-07-28T04:28:33,1
U0355,U0354,U1354|U0285|U0893|U0631,2023-07-28T06:18:51,1
U0980,U0982,U0608|U0388|U0855|U0629,2023-07-28T06:25:25,1
U0780,U0068,U0516|U0521|U0989|U0615,2023-07-28T06:59:08,1
U0359,U0360,U0894|U0553|U0729|U1174,2023-07-28T07:15:55,1
U0424,U0426,U1199|U0084|U0157|U0659,2023-07-28T12:45:31,1
U0743,U0744,U0274|U0345|U0474|U0482,2023-07-28T14:41:25,1
U0455,U0457,U1285|U0239|U0981|U0476,2023-07-28T19:42:06,1
U0756,U0757,U0424|U1003|U1094|U1022,2023-07-28T20:37:48,1
U0693,U0691,U0638|U0974|U0342|U0220,2023-08-01T00:29:54,1
U1210,U1208,U1289|U0404|U1403|U1045,2023-08-01T00:30:58,1
U0065,U0067,U0431|U1003|U1046|U1162,2023-08-01T02:20:46,1
U0778,U0779,U1361|U0756|U0750|U0728,2023-08-01T03:06:01,1
U1120,U0411,U1364|U0870|U1298|U0103,2023-08-01T08:44:15,1
U0539,U0541,U1247|U0140|U0270|U0085,2023-08-01T09:39:39,1
U0878,U0876,U0468|U0672|U1141|U0260,2023-08-01T10:38:30,1
U1372,U1375,U0192|U0269|U0924|U1052,2023-08-01T11:13:34,1
U0311,U0309,U0605|U1257|U0871|U0351,2023-08-01T12:29:16,1
U1229,U1226,U0431|U0348|U0362|U0588,2023-08-01T12:51:10,1
U0284,U0286,U0597|U1257|U1305|U1167,2023-08-01T13:31:00,1
U0186,U0183,U0080|U0511|U1045|U0726,2023-08-01T14:00:48,1
U0464,U0467,U0880|U0323|U0343|U0142,2023-08-01T15:22:17,1
U1235,U1233,U0564|U0957|U1138|U0998,2023-08-01T17:09:34,1
U0374,U0372,U0600|U1375|U1347|U1070,2023-08-01T17:14:51,1
U1064,U1067,U0519|U1021|U0759|U1183,2023-08-01T22:23:18,1
U1074,U1073,U0597|U0127|U0531|U0399,2023-08-02T03:48:39,1
U0409,U0408,U0138|U0214|U0505|U0075,2023-08-02T03:52:29,1
U0583,U1278,U1042|U0643|U0024|U0605,2023-08-02T05:37:40,1
U0813,U0811,U0024|U1390|U0453|U0203,2023-08-02T05:59:17,1
U1051,U1052,U1365|U0404|U0432|U0044,2023-08-02T07:52:56,1
U0877,U0168,U0861|U0725|U1101|U0319,2023-08-02T15:54:49,1
U0003,U0716,U0886|U1024|U0543|U0340,2023-08-02T16:31:07,1
U1281,U1280,U1324|U0973|U0485|U0127,2023-08-02T21:45:03,1
U0563,U0564,U0675|U0295|U0751|U0035,2023-08-02T22:50:07,1
U0755,U0752,U1154|U0279|U1006|U0471,2023-08-03T03:24:03,1
U0757,U0759,U0653|U0570|U0265|U0088,2023-08-03T03:51:47,1
U0342,U0343,U0135|U1233|U1298|U0524,2023-08-03T12:50:47,1
U0091,U0806,U1049|U1356|U0987|U0457,2023-08-03T21:35:32,1
U0830,U0831,U0742|U1393|U0334|U0678,2023-08-03T22:24:28,1
U0102,U0103,U0250|U1332|U1233|U0509,2023-08-03T23:57:12,1
U0344,U1050,U0787|U0451|U0584|U0766,2023-08-04T02:50:39,1
U0487,U1192,U0729|U1051|U0625|U1049,2023-08-04T03:05:19,1
U0031,U0028,U0292|U0897|U1079|U0651,2023-08-04T04:04:41,1
U1346,U1348,U0334|U0842|U0509|U0657,2023-08-04T04:30:15,1
U0608,U1300,U0015|U1053|U1174|U0421,2023-08-04T14:10:45,1
U0941,U0942,U0260|U1038|U1277|U1236,2023-08-04T14:55:54,1
U0370,U0371,U1231|U0854|U0690|U0404,2023-08-04T15:20:59,1
U0208,U0207,U0516|U0733|U0303|U1315,2023-08-04T15:51:27,1
U0011,U0012,U0976|U1220|U0492|U0437,2023-08-04T20:45:19,1
U0342,U0344,U1194|U1329|U1220|U0023,2023-08-04T23:38:48,1
U0821,U0822,U1199|U1070|U0346|U0411,2023-08-04T23:44:18,1
U0287,U0285,U0651|U0592|U1011|U1339,2023-08-05T00:27:51,1
U0739,U0737,U0548|U0712|U0675|U0628,2023-08-05T04:43:29,1
U1143,U1141,U1302|U0580|U0049|U0920,2023-08-05T05:05:38,1
U0294,U0292,U0715|U0468|U0763|U1223,2023-08-05T06:57:43,1
U0880,U0878,U1090|U0249|U0134|U0470,2023-08-05T10:09:06,1
U0741,U0743,U0044|U1317|U0790|U0812,2023-08-05T11:40:46,1
U0267,U0266,U1310|U0633|U0543|U1106,2023-08-05T13:14:33,1
U0035,U0748,U0446|U0175|U1286|U0974,2023-08-05T17:08:32,1
U0261,U0969,U1150|U1302|U0622|U0362,2023-08-05T19:10:59,1
U0425,U1134,U1157|U0026|U0351|U0394,2023-08-05T20:28:18,1
U0138,U0136,U0582|U0478|U1255|U0803,2023-08-05T22:49:44,1
U1366,U1364,U0155|U0210|U0955|U0124,2023-08-05T23:28:23,1
U1059,U1056,U0291|U0127|U1352|U0180,2023-08-06T00:19:29,1
U0679,U0682,U0132|U0743|U1372|U0908,2023-08-06T04:58:54,1
U0192,U0191,U1050|U1325|U0425|U0507,2023-08-06T12:51:34,1
U0549,U1249,U0136|U0350|U0376|U0626,2023-08-06T15:03:30,1
U1335,U1336,U0593|U0098|U1214|U0513,2023-08-06T15:44:45,1
U1124,U1123,U1388|U0031|U1254|U0138,2023-08-06T16:40:00,1
U0563,U0561,U0414|U1194|U1058|U0078,2023-08-06T17:30:12,1
U0262,U0260,U0816|U1251|U0743|U0857,2023-08-06T17:42:05,1
U0711,U0710,U0574|U0800|U0703|U0299,2023-08-06T22:03:46,1
U1343,U1344,U0638|U1387|U0876|U0961,2023-08-07T01:23:14,1
U0980,U0981,U0869|U0437|U0654|U0364,2023-08-07T06:16:52,1
U0069,U0781,U0139|U1399|U0871|U0893,2023-08-07T13:21:53,1
U0041,U0752,U0279|U0654|U0111|U1300,2023-08-07T16:06:15,1
U0048,U0046,U0343|U0442|U0086|U0828,2023-08-07T21:59:42,1
U0709,U0707,U0697|U0649|U0102|U0854,2023-08-08T02:13:44,1
U1104,U1102,U0702|U0147|U0454|U0743,2023-08-08T02:34:02,1
U0035,U0039,U0842|U0022|U1090|U0394,2023-08-08T06:19:16,1
U1273,U1274,U0553|U0927|U0058|U0471,2023-08-08T08:00:48,1
U0381,U1086,U0216|U0027|U0852|U1276,2023-08-08T09:04:55,1
U0920,U0919,U1045|U0549|U1237|U0709,2023-08-08T13:31:36,1
U0425,U0423,U1404|U0095|U0309|U1111,2023-08-08T13:49:21,1
U1362,U1360,U0136|U0042|U1025|U0779,2023-08-08T18:33:37,1
U0430,U0431,U1371|U0715|U0001|U1130,2023-08-08T22:07:27,1
U0908,U0196,U1080|U0814|U0072|U0661,2023-08-08T23:12:10,1
U1366,U1368,U0504|U1190|U0598|U0640,2023-08-09T05:18:00,1
U0146,U0147,U0573|U1305|U1230|U1095,2023-08-09T09:58:13,1
U1064,U1063,U0446|U0150|U1074|U1379,2023-08-09T11:27:54,1
U0544,U0548,U0225|U0904|U0491|U0168,2023-08-09T12:16:22,1
U0533,U1233,U0355|U0670|U0088|U0016,2023-08-09T12:28:54,1
U0355,U0356,U0422|U1360|U0819|U0488,2023-08-09T13:56:03,1
U1376,U1381,U1024|U0993|U0673|U1074,2023-08-09T15:04:50,1
U0750,U0749,U0023|U1277|U0696|U0183,2023-08-09T16:41:41,1
U0839,U0841,U0651|U1097|U0667|U0433,2023-08-09T18:09:20,1
U0426,U0428,U1114|U0186|U0652|U0907,2023-08-09T18:28:52,1
U0495,U0493,U0446|U1346|U1107|U1310,2023-08-09T20:29:52,1
U1309,U1307,U0697|U0625|U1026|U0164,2023-08-09T20:46:20,1
U0922,U0924,U0112|U0531|U0442|U0424,2023-08-09T23:35:29,1
U1107,U1105,U1149|U1199|U0170|U0359,2023-08-10T05:23:20,1
U0312,U0309,U1354|U0419|U0674|U0101,2023-08-10T07:43:30,1
U0965,U0964,U0994|U0487|U1253|U0700,2023-08-10T08:40:27,1
U0646,U0642,U1341|U0181|U0193|U0454,2023-08-10T09:31:05,1
U0421,U0423,U0624|U0205|U0080|U0636,2023-08-10T11:41:44,1
U1292,U1290,U0642|U0951|U0041|U0459,2023-08-10T23:41:49,1
U0616,U0622,U1045|U1257|U1322|U0323,2023-08-11T01:41:21,1
U1217,U1219,U0792|U0111|U1307|U0566,2023-08-11T01:57:15,1
U0536,U1236,U0905|U0270|U0030|U0663,2023-08-11T04:45:57,1
U1260,U1261,U0659|U0813|U1053|U0294,2023-08-11T04:53:28,1
U1219,U1221,U1015|U0493|U0001|U0346,2023-08-11T06:12:22,1
U0611,U0613,U1105|U0251|U0546|U1331,2023-08-11T09:04:47,1
U0648,U0643,U1276|U1312|U1012|U1182,2023-08-11T09:19:22,1
U0270,U0271,U0001|U1261|U0304|U1241,2023-08-11T12:39:54,1
U0817,U0816,U0748|U0514|U0270|U0333,2023-08-11T15:06:40,1
U0791,U0787,U0075|U0624|U0018|U0123,2023-08-11T15:17:41,1
U0064,U0062,U1375|U0152|U1154|U1161,2023-08-12T03:40:57,1
U0657,U0654,U0383|U0408|U1283|U0222,2023-08-12T04:25:38,1
U0156,U0155,U0521|U0685|U1206|U0613,2023-08-12T05:05:58,1
U0747,U0748,U1172|U0716|U1284|U0707,2023-08-12T06:30:01,1
U0648,U1334,U0250|U0218|U0386|U0517,2023-08-12T13:52:07,1
U1250,U1247,U1204|U0342|U0744|U0139,2023-08-12T15:04:08,1
U0802,U0800,U0164|U1114|U1358|U1271,2023-08-13T00:45:44,1
U1096,U1097,U0814|U0763|U0159|U0821,2023-08-13T04:16:01,1
U0292,U0293,U0322|U1201|U0646|U0337,2023-08-13T06:37:57,1
U1231,U1233,U1068|U0958|U0432|U0108,2023-08-13T07:12:28,1
U0967,U0969,U1350|U1344|U0098|U0674,2023-08-13T07:38:01,1
U1222,U1221,U0356|U1299|U0746|U0258,2023-08-13T09:01:37,1
U1109,U0404,U0322|U0532|U0862|U0099,2023-08-13T13:50:10,1
U1280,U1282,U1152|U1049|U1196|U0078,2023-08-13T14:23:17,1
U0442,U0444,U0855|U0291|U0525|U0091,2023-08-13T16:31:55,1
U0262,U0261,U0072|U0942|U0293|U0640,2023-08-13T19:18:51,1
U1359,U1358,U1040|U0454|U1075|U0995,2023-08-13T19:53:46,1
U0288,U0289,U0679|U0988|U0260|U1229,2023-08-13T20:34:03,1
U1241,U0541,U1257|U0571|U1401|U1299,2023-08-13T21:44:21,1
U0796,U0081,U1138|U0604|U0684|U0490,2023-08-14T02:15:18,1
U1277,U1275,U1322|U0882|U0845|U0699,2023-08-14T04:19:35,1
U1266,U0569,U0181|U0270|U0725|U0374,2023-08-14T05:00:34,1
U0262,U0970,U0790|U0741|U1387|U0877,2023-08-14T10:40:57,1
U1217,U1218,U0279|U1167|U0482|U0841,2023-08-14T12:40:51,1
U1175,U1177,U1090|U0908|U0327|U1235,2023-08-14T15:30:02,1
U1209,U1208,U0954|U0741|U0001|U0008,2023-08-14T19:45:05,1
U0700,U0702,U0620|U0686|U0492|U1166,2023-08-14T20:09:46,1
U0048,U0047,U1339|U0855|U0117|U0980,2023-08-14T20:33:26,1
U1142,U1143,U0046|U0660|U0423|U1323,2023-08-14T22:04:59,1
U1251,U1253,U0482|U1285|U1107|U0263,2023-08-14T22:30:25,1
U0913,U0911,U0075|U0981|U1135|U0551,2023-08-14T23:01:24,1
U0309,U0306,U1017|U0204|U1255|U0324,2023-08-14T23:05:11,1
U1215,U1216,U0661|U0347|U0989|U1103,2023-08-15T02:01:27,1
U0123,U0125,U1348|U0389|U0372|U0660,2023-08-15T02:14:58,1
U0785,U0782,U1312|U1017|U1298|U0034,2023-08-15T04:03:00,1
U1054,U0348,U0670|U1197|U0346|U1157,2023-08-15T06:14:11,1
U1360,U1358,U0337|U1332|U0568|U1393,2023-08-15T07:15:54,1
U0546,U0548,U0852|U0444|U1250|U0666,2023-08-15T14:08:31,1
U0284,U0283,U0444|U0845|U0573|U1329,2023-08-15T14:30:39,1
U0220,U0218,U1109|U0397|U0766|U1022,2023-08-15T16:32:23,1
U0154,U0865,U0982|U0954|U0143|U1359,2023-08-15T17:25:36,1
U0161,U0163,U0990|U0718|U0603|U0753,2023-08-15T20:28:37,1
U0764,U0052,U0273|U1040|U1376|U0759,2023-08-15T22:08:23,1
U0814,U0812,U0146|U0733|U0102|U0027,2023-08-16T03:52:45,1
U1196,U1195,U1403|U0418|U0343|U0822,2023-08-16T06:00:08,1
U1287,U0594,U1253|U1202|U0776|U1195,2023-08-16T07:23:45,1
U0752,U0751,U1037|U1277|U0390|U0648,2023-08-16T09:05:40,1
U0151,U0148,U1275|U1222|U1336|U1364,2023-08-17T05:33:58,1
U0745,U0744,U0115|U1031|U0835|U0742,2023-08-17T09:01:29,1
U0746,U0747,U0548|U1238|U0283|U1326,2023-08-17T09:33:32,1
U1108,U1111,U0030|U0175|U0605|U1266,2023-08-17T15:10:24,1
U0956,U0245,U0453|U0181|U0263|U0571,2023-08-17T16:38:51,1
U0333,U0330,U0080|U1013|U0015|U1151,2023-08-17T16:40:52,1
U0918,U0920,U0704|U0750|U0495|U1211,2023-08-17T23:12:46,1
U0815,U0816,U1328|U0250|U0737|U1269,2023-08-18T00:55:39,1
U0132,U0131,U0210|U0726|U0364|U0055,2023-08-18T04:41:40,1
U0179,U0178,U0136|U0952|U1193|U0428,2023-08-18T07:48:12,1
U0606,U1298,U0594|U0036|U0317|U0906,2023-08-18T08:21:31,1
U1068,U1065,U0014|U0905|U0876|U0260,2023-08-18T11:55:45,1
U1084,U1081,U1022|U0753|U0743|U0198,2023-08-18T14:18:21,1
U0116,U0115,U1359|U1247|U1373|U1107,2023-08-18T14:55:56,1
U0324,U0322,U1272|U1128|U1341|U1368,2023-08-18T17:13:11,1
U0366,U1073,U0791|U0992|U0914|U0275,2023-08-18T18:10:01,1
U1332,U1334,U0104|U0746|U0388|U0516,2023-08-18T18:48:37,1
U1126,U0417,U0103|U0640|U0541|U1106,2023-08-19T02:05:07,1
U1245,U1246,U1337|U1014|U0159|U0287,2023-08-19T04:02:11,1
U0672,U0674,U1099|U0953|U0561|U0785,2023-08-19T05:11:49,1
U0714,U0715,U1247|U0666|U0014|U1127,2023-08-19T07:07:07,1
U0833,U0831,U1084|U0981|U1210|U1155,2023-08-19T12:30:46,1
U0411,U0413,U0249|U0404|U0629|U0424,2023-08-19T18:30:00,1
U0656,U0659,U0018|U1085|U0302|U0535,2023-08-19T21:27:44,1
U0372,U0371,U1299|U1125|U0816|U0035,2023-08-19T22:15:32,1
U1338,U1336,U0414|U0791|U0569|U0728,2023-08-19T23:39:55,1
U1351,U1353,U0511|U0587|U0347|U0397,2023-08-20T00:29:08,1
U0948,U0950,U0304|U1220|U0067|U1037,2023-08-20T02:50:05,1
U1349,U1351,U0481|U0394|U0695|U0684,2023-08-20T07:00:16,1
U1267,U1265,U1085|U0405|U0381|U1311,2023-08-20T09:08:27,1
U0293,U0291,U1188|U0364|U0966|U0542,2023-08-20T10:06:15,1
U1120,U1123,U0320|U0479|U0451|U0468,2023-08-20T10:42:18,1
U1347,U1344,U0640|U0549|U0886|U0498,2023-08-20T11:31:22,1
U0229,U0940,U0875|U0732|U0568|U0073,2023-08-20T12:22:04,1
U1060,U1059,U0285|U0559|U0943|U0093,2023-08-20T13:39:14,1
U1310,U1312,U0473|U0053|U1192|U1125,2023-08-20T14:44:48,1
U0260,U0258,U1038|U0918|U0813|U1096,2023-08-20T17:41:17,1
U1010,U1008,U0285|U0169|U0134|U0313,2023-08-20T18:19:45,1
U0405,U0407,U0506|U0152|U1013|U0237,2023-08-20T22:04:35,1
U1211,U1213,U1012|U0197|U0427|U0659,2023-08-21T02:14:00,1
U1081,U0374,U1108|U1184|U0581|U1393,2023-08-21T03:07:17,1
U0106,U0104,U1189|U0442|U0114|U0179,2023-08-21T07:34:54,1
U0253,U0962,U0800|U0592|U0827|U1299,2023-08-21T14:49:17,1
U0686,U0689,U1269|U0732|U0997|U1267,2023-08-21T15:53:12,1
U0638,U0639,U0967|U0474|U1287|U0760,2023-08-21T16:04:27,1
U1376,U1379,U0295|U0210|U1085|U1192,2023-08-21T17:09:54,1
U0730,U0729,U1108|U0903|U0068|U0954,2023-08-21T21:04:18,1
U0567,U0566,U1308|U0960|U1235|U0812,2023-08-21T21:42:26,1
U0256,U0258,U1376|U0684|U1114|U0437,2023-08-21T23:18:37,1
U0845,U0846,U1132|U1138|U1195|U0718,2023-08-22T00:07:43,1
U0638,U0636,U0728|U0493|U0768|U0166,2023-08-22T00:30:23,1
U1175,U1172,U0363|U1093|U1262|U1086,2023-08-22T01:49:40,1
U0953,U0954,U0995|U0152|U0731|U0672,2023-08-22T03:56:11,1
U1118,U1119,U1177|U0024|U0236|U0542,2023-08-22T07:02:31,1
U0146,U0148,U0286|U0426|U0201|U0541,2023-08-22T07:18:19,1
U0834,U0835,U1102|U1042|U0073|U1074,2023-08-22T07:36:17,1
U0811,U0094,U0880|U1250|U0229|U0868,2023-08-22T10:26:25,1
U0576,U0579,U0905|U0559|U1042|U1148,2023-08-22T11:26:25,1
U0939,U0940,U0313|U0288|U0527|U0623,2023-08-22T12:13:36,1
U0708,U0707,U0116|U0702|U0150|U0410,2023-08-22T13:33:35,1
U1365,U1367,U0031|U0064|U0223|U1397,2023-08-22T16:20:12,1
U0843,U0841,U1286|U0573|U0615|U1015,2023-08-22T19:20:24,1
U0443,U0442,U0870|U0723|U0468|U0837,2023-08-22T19:40:15,1
U0475,U0473,U0966|U0471|U0357|U0166,2023-08-22T21:43:17,1
U0098,U0095,U1201|U1003|U1136|U0424,2023-08-22T21:51:20,1
U1005,U1007,U0839|U1026|U0639|U1351,2023-08-23T04:11:42,1
U0916,U0915,U0733|U0673|U1051|U0035,2023-08-23T05:50:32,1
U0022,U0735,U1095|U1396|U0182|U1183,2023-08-23T14:33:41,1
U0504,U0506,U1373|U0723|U1104|U1277,2023-08-23T14:50:30,1
U1206,U1205,U0539|U1305|U0732|U0574,2023-08-23T16:08:12,1
U0396,U0394,U1360|U1091|U0372|U0485,2023-08-23T18:16:20,1
U0482,U0480,U0894|U0478|U0387|U0150,2023-08-23T19:24:09,1
U0023,U0736,U0434|U0336|U1120|U0366,2023-08-23T22:48:04,1
U1137,U1135,U0626|U0260|U1156|U1280,2023-08-24T01:11:59,1
U1346,U0660,U0942|U0634|U0011|U0593,2023-08-24T06:35:40,1
U0406,U1114,U0833|U0459|U0525|U0593,2023-08-24T08:00:09,1
U0276,U0275,U0635|U1071|U0475|U1069,2023-08-24T09:55:43,1
U0154,U0153,U0919|U1009|U1383|U0592,2023-08-24T13:00:51,1
U0535,U1235,U0123|U0319|U0553|U1128,2023-08-24T14:59:29,1
U0910,U0908,U0249|U0823|U1152|U0413,2023-08-24T16:12:58,1
U0853,U0852,U0982|U0247|U0715|U0122,2023-08-24T16:55:04,1
U0047,U0045,U1311|U0387|U0405|U0791,2023-08-24T21:32:19,1
U0002,U0001,U0154|U0581|U1021|U1223,2023-08-25T01:18:00,1
U0460,U0459,U0091|U1146|U0199|U0570,2023-08-25T01:28:35,1
U0815,U0099,U1236|U0751|U0861|U0550,2023-08-25T03:44:36,1
U0527,U0525,U0535|U0123|U0079|U1196,2023-08-25T05:52:41,1
U0626,U0625,U1183|U0542|U0499|U0540,2023-08-25T08:48:51,1
U1147,U1149,U0819|U0582|U0250|U0363,2023-08-25T09:06:05,1
U0592,U0591,U1289|U1375|U1006|U0837,2023-08-25T16:34:55,1
U1100,U1101,U0410|U0741|U0041|U1075,2023-08-25T16:54:33,1
U0751,U0040,U1003|U0182|U0032|U1240,2023-08-25T19:48:07,1
U1331,U0643,U0235|U0581|U0636|U0639,2023-08-26T05:16:02,1
U0990,U0988,U0632|U1311|U1035|U0092,2023-08-26T05:27:19,1
U0795,U0794,U0235|U1261|U0635|U1336,2023-08-26T07:21:51,1
U1197,U1199,U0712|U1261|U0518|U1161,2023-08-26T08:40:50,1
U0277,U0275,U0110|U1279|U0238|U0147,2023-08-26T21:46:59,1
U0605,U0606,U0678|U0294|U0343|U1375,2023-08-27T02:42:07,1
U0526,U0524,U0662|U0467|U1111|U0837,2023-08-27T08:41:42,1
U1326,U1328,U0298|U0782|U0146|U0928,2023-08-27T12:48:26,1
U0769,U0766,U1044|U0847|U0598|U0479,2023-08-27T16:03:24,1
U0909,U0910,U0144|U1026|U0052|U1267,2023-08-27T16:39:48,1
U0506,U0505,U1192|U1115|U0340|U0250,2023-08-27T22:29:39,1
U0367,U0370,U0015|U1102|U1301|U0795,2023-08-28T00:29:47,1
U0787,U0784,U0061|U0168|U1223|U0843,2023-08-28T00:43:53,1
U1099,U1101,U0372|U0711|U0922|U0759,2023-08-28T01:23:33,1
U0383,U0382,U1206|U0247|U1108|U0686,2023-08-28T01:55:49,1
U0642,U0640,U0288|U0584|U0182|U0686,2023-08-28T05:40:43,1
U0979,U0980,U0650|U0186|U1236|U0370,2023-08-28T07:18:25,1
U0857,U0858,U1130|U1243|U1355|U0949,2023-08-28T09:49:00,1
U0925,U0926,U1376|U0113|U1190|U1317,2023-08-28T12:00:04,1
U1266,U1265,U0401|U0234|U0008|U1297,2023-08-28T16:09:33,1
U1309,U0624,U0919|U0826|U0516|U0350,2023-08-28T16:36:59,1
U0692,U0691,U0961|U1174|U0979|U1209,2023-08-28T18:23:15,1
U0649,U0650,U0235|U0303|U0883|U1277,2023-08-28T21:11:17,1
U0088,U0804,U0051|U0897|U1350|U0727,2023-08-28T22:01:16,1
U0373,U0372,U0470|U0936|U0320|U0347,2023-08-28T22:24:58,1
U1376,U1375,U0354|U0286|U1383|U1367,2023-09-01T03:00:26,1
U0148,U0147,U0092|U0415|U1235|U1283,2023-09-01T04:06:11,1
U1384,U1388,U0290|U0132|U1011|U0433,2023-09-01T04:06:31,1
U1233,U1232,U0803|U0475|U0389|U0525,2023-09-01T07:24:39,1
U1261,U1262,U0731|U0285|U0903|U1115,2023-09-01T12:28:57,1
U0091,U0093,U0399|U0940|U1227|U0842,2023-09-01T13:14:51,1
U0710,U0708,U0299|U0726|U1102|U1365,2023-09-01T14:07:45,1
U0157,U0156,U0043|U0035|U0683|U0461,2023-09-01T18:13:25,1
U0666,U1352,U0161|U0579|U0785|U0168,2023-09-01T21:58:40,1
U1135,U1134,U0150|U1107|U0468|U0769,2023-09-01T22:08:07,1
U0650,U0652,U0672|U0727|U0374|U0763,2023-09-01T22:58:44,1
U1166,U0462,U0328|U0415|U0694|U0200,2023-09-01T23:12:06,1
U1183,U1185,U0582|U0371|U0562|U0813,2023-09-02T03:40:05,1
U0452,U0454,U0901|U1218|U0191|U0068,2023-09-02T04:06:57,1
U1070,U1072,U0317|U0871|U0087|U0272,2023-09-02T04:07:36,1
U1048,U1046,U0710|U0468|U1029|U1031,2023-09-02T06:03:26,1
U0393,U0394,U0971|U0329|U0317|U0386,2023-09-02T09:04:15,1
U1382,U1379,U0942|U0995|U0890|U0639,2023-09-02T09:59:33,1
U1145,U1142,U0113|U0159|U0580|U0385,2023-09-02T10:32:36,1
U0925,U0924,U1368|U0300|U1006|U1270,2023-09-02T11:46:27,1
U1174,U1172,U0487|U1200|U0995|U0819,2023-09-02T12:28:52,1
U0824,U0825,U1028|U0548|U1126|U1111,2023-09-02T20:33:09,1
U0678,U1362,U0819|U1390|U0068|U0337,2023-09-02T20:40:56,1
U0667,U1353,U0491|U0043|U0373|U0642,2023-09-03T02:14:25,1
U0587,U0586,U0155|U1272|U0177|U0197,2023-09-03T02:26:30,1
U1275,U1276,U0749|U0916|U0134|U0011,2023-09-03T05:54:14,1
U1026,U1028,U0934|U0361|U0311|U1223,2023-09-03T09:00:58,1
U1392,U1395,U0326|U1036|U1402|U0921,2023-09-03T10:07:20,1
U0804,U0805,U0425|U0079|U0155|U0364,2023-09-03T11:56:25,1
U0475,U0474,U1387|U0432|U0871|U0566,2023-09-03T17:47:46,1
U0058,U0056,U0102|U0118|U0806|U0508,2023-09-03T21:14:54,1
U1079,U1076,U0483|U0490|U0607|U0276,2023-09-04T00:52:00,1
U0358,U0356,U0257|U0333|U0196|U0654,2023-09-04T03:33:05,1
U1358,U0673,U0726|U0231|U1336|U0463,2023-09-04T11:31:57,1
U0303,U0305,U0920|U0828|U0681|U0718,2023-09-04T12:02:33,1
U0723,U0725,U1254|U0235|U1205|U0950,2023-09-04T13:33:06,1
U0317,U0316,U0851|U0018|U1207|U0055,2023-09-04T14:21:53,1
U1324,U1323,U0639|U1207|U1107|U0936,2023-09-04T16:04:06,1
U0336,U0334,U0289|U0659|U0222|U0863,2023-09-04T20:14:19,1
U0634,U0636,U0591|U0070|U0326|U0863,2023-09-04T20:15:14,1
U0716,U0714,U0638|U1284|U0523|U0757,2023-09-04T20:20:37,1
U0430,U0432,U1141|U1145|U1038|U0716,2023-09-04T23:07:15,1
U0127,U0125,U0078|U0536|U0980|U0959,2023-09-05T08:06:45,1
U1150,U0444,U0125|U1213|U0179|U0394,2023-09-05T08:31:38,1
U0468,U0467,U0413|U0511|U1214|U1249,2023-09-05T10:42:58,1
U0229,U0231,U1336|U0024|U0258|U0069,2023-09-05T12:12:44,1
U0223,U0225,U0388|U0580|U1061|U1051,2023-09-05T13:02:26,1
U0186,U0190,U0697|U1243|U0131|U0805,2023-09-05T14:41:33,1
U1253,U1252,U0865|U1223|U0357|U1063,2023-09-05T18:14:14,1
U0763,U0766,U0315|U0458|U0225|U0891,2023-09-05T20:09:53,1
U0360,U1068,U1095|U1230|U1226|U0452,2023-09-06T00:59:30,1
U1152,U1154,U0531|U0137|U0197|U0980,2023-09-06T01:23:25,1
U0764,U0766,U0070|U0185|U0632|U1388,2023-09-06T09:05:02,1
U0580,U0581,U0048|U0056|U1067|U1351,2023-09-06T12:04:56,1
U0172,U0171,U0086|U0583|U0920|U0672,2023-09-06T12:51:03,1
U1188,U1189,U0704|U0406|U0877|U0568,2023-09-06T16:13:47,1
U0069,U0070,U1098|U0695|U0036|U1123,2023-09-06T16:21:22,1
U1373,U1371,U0386|U0583|U0207|U1104,2023-09-06T21:29:15,1
U0845,U0844,U0859|U1101|U0135|U0238,2023-09-06T22:38:25,1
U0013,U0726,U1288|U0570|U0103|U0886,2023-09-07T10:25:52,1
U1157,U1160,U1332|U0076|U0939|U0865,2023-09-07T11:01:48,1
U0127,U0131,U0151|U1304|U0119|U1013,2023-09-07T12:23:10,1
U1324,U0637,U1269|U0404|U0461|U0323,2023-09-07T16:25:01,1
U0451,U0452,U0690|U0482|U0654|U0215,2023-09-07T17:48:49,1
U0530,U0532,U1262|U0139|U0290|U0632,2023-09-07T21:19:20,1
U0717,U0716,U1061|U0156|U0862|U0831,2023-09-07T22:38:52,1
U1056,U1053,U0564|U0871|U0025|U0327,2023-09-08T05:35:48,1
U0443,U0439,U0202|U1132|U0822|U0793,2023-09-08T08:14:18,1
U0350,U1056,U1021|U0800|U1230|U0481,2023-09-08T16:10:37,1
U0759,U0758,U0328|U0649|U0087|U0608,2023-09-08T22:28:09,1
U0583,U0586,U0943|U1239|U0778|U0069,2023-09-08T23:50:01,1
U0960,U0962,U1356|U1233|U1383|U0749,2023-09-09T02:20:25,1
U1268,U1266,U1174|U0724|U1124|U0409,2023-09-09T08:07:05,1
U0294,U0298,U0480|U0542|U1338|U0301,2023-09-09T09:24:29,1
U0185,U0186,U1238|U0697|U1233|U0868,2023-09-09T10:59:54,1
U0672,U0673,U0800|U0811|U0692|U1114,2023-09-09T11:52:46,1
U0664,U0662,U0763|U0817|U0538|U0072,2023-09-09T14:01:39,1
U1120,U1119,U0863|U0172|U1181|U0833,2023-09-09T14:15:51,1
U0610,U0608,U1401|U0785|U0338|U0553,2023-09-09T14:50:58,1
U0016,U0017,U0302|U1238|U1160|U1212,2023-09-09T15:30:08,1
U0784,U0781,U1221|U0069|U0832|U0364,2023-09-09T19:54:27,1
U1320,U1322,U0072|U0112|U0305|U1264,2023-09-10T00:03:43,1
U1004,U0294,U0799|U0723|U1402|U1148,2023-09-10T00:09:01,1
U0550,U0552,U0581|U1323|U0883|U0746,2023-09-10T05:29:16,1
U0251,U0961,U0092|U0706|U0004|U1036,2023-09-10T09:41:43,1
U1111,U1109,U0641|U1343|U0959|U1047,2023-09-10T14:07:45,1
U0293,U1003,U1174|U0488|U0853|U0181,2023-09-10T14:23:16,1
U0195,U0197,U1135|U0575|U0651|U1381,2023-09-10T14:47:44,1
U0661,U1347,U0249|U0858|U0856|U1341,2023-09-10T15:05:50,1
U0813,U0097,U1190|U0766|U1091|U1292,2023-09-10T17:06:58,1
U0998,U0995,U0938|U0170|U1101|U0752,2023-09-10T18:05:39,1
U0003,U0002,U0274|U1104|U0270|U0295,2023-09-10T18:23:30,1
U1206,U0506,U0955|U0773|U0408|U0873,2023-09-10T19:32:47,1
U1328,U0641,U0359|U0958|U0409|U0077,2023-09-10T20:24:25,1
U1129,U1127,U0674|U1366|U1292|U0190,2023-09-10T21:39:52,1
U0231,U0942,U0605|U1052|U0597|U0633,2023-09-11T02:00:45,1
U1068,U1069,U1059|U0943|U0181|U0763,2023-09-11T06:19:15,1
U1074,U1075,U0479|U0376|U0739|U1129,2023-09-11T06:23:59,1
U1379,U1375,U1259|U0890|U0697|U0779,2023-09-11T07:51:33,1
U0181,U0892,U1008|U0961|U0403|U0759,2023-09-11T07:57:19,1
U0918,U0919,U1202|U1282|U0329|U0272,2023-09-11T08:34:59,1
U0608,U0606,U1359|U0192|U1240|U1396,2023-09-11T12:10:07,1
U0382,U1090,U0311|U0532|U0970|U0225,2023-09-11T13:22:20,1
U1403,U0001,U0418|U0704|U1061|U0735,2023-09-11T20:29:38,1
U1170,U1172,U1139|U1189|U0428|U0745,2023-09-11T21:58:26,1
U0751,U0749,U1252|U0303|U0249|U0421,2023-09-11T23:51:27,1
U0453,U0455,U0599|U0042|U0407|U0635,2023-09-12T00:49:54,1
U0050,U0049,U0046|U0908|U1075|U0692,2023-09-12T01:55:34,1
U0022,U0024,U0772|U1250|U0278|U0142,2023-09-12T05:59:29,1
U0294,U0295,U0959|U1148|U0011|U1334,2023-09-12T06:51:20,1
U0088,U0091,U1152|U0807|U0439|U0456,2023-09-12T15:29:24,1
U0417,U0418,U1149|U0401|U1403|U0611,2023-09-12T17:19:07,1
U0748,U0746,U0485|U1311|U1195|U0979,2023-09-12T22:28:50,1
U0069,U0068,U1105|U1200|U0105|U0654,2023-09-12T22:43:20,1
U0313,U0312,U0049|U0726|U0384|U0367,2023-09-13T00:11:34,1
U0095,U0094,U0815|U0388|U0550|U0463,2023-09-13T07:16:04,1
U0256,U0257,U0215|U0735|U0649|U1222,2023-09-13T09:40:27,1
U0605,U0603,U0232|U0674|U1148|U0293,2023-09-13T11:45:00,1
U1177,U1180,U0193|U0336|U0838|U0462,2023-09-13T14:20:31,1
U1236,U1234,U1159|U0965|U1325|U0795,2023-09-13T22:49:03,1
U0524,U1222,U0944|U1187|U0114|U0820,2023-09-14T01:07:33,1
U0821,U0819,U0719|U1238|U0390|U1297,2023-09-14T02:22:25,1
U1098,U0389,U0762|U0926|U0415|U1289,2023-09-14T02:32:51,1
U1353,U1355,U0337|U1145|U0302|U0974,2023-09-14T16:44:39,1
U1387,U1383,U0237|U0713|U1100|U1166,2023-09-14T23:31:10,1
U0598,U0596,U0421|U0294|U0260|U1404,2023-09-15T03:14:54,1
U0175,U0178,U0533|U0973|U0181|U1205,2023-09-15T06:50:02,1
U1156,U1159,U0061|U0890|U0467|U0111,2023-09-15T07:43:50,1
U0198,U0199,U1354|U0190|U0691|U0114,2023-09-15T11:29:55,1
U0914,U0911,U0191|U0468|U1065|U0169,2023-09-15T11:40:17,1
U0971,U0973,U0170|U0845|U0047|U1288,2023-09-15T13:28:14,1
U0241,U0239,U1238|U0439|U0461|U0741,2023-09-15T17:07:58,1
U0244,U0247,U1136|U1287|U1182|U0591,2023-09-15T22:24:39,1
U0780,U0782,U0527|U0169|U0428|U0138,2023-09-15T23:33:38,1
U0826,U0828,U0007|U1306|U0062|U0197,2023-09-16T01:40:24,1
U0784,U0072,U1165|U0924|U0743|U0404,2023-09-16T05:17:07,1
U1298,U1300,U1305|U0371|U0888|U1078,2023-09-16T07:48:47,1
U1004,U1002,U0168|U0753|U0761|U0820,2023-09-16T08:11:21,1
U1217,U1216,U0430|U0008|U1023|U0843,2023-09-16T09:43:48,1
U0200,U0198,U0570|U1061|U0703|U1393,2023-09-16T10:13:08,1
U0014,U0013,U1009|U0132|U0646|U0833,2023-09-16T14:18:28,1
U0490,U1194,U0293|U1147|U1315|U1369,2023-09-16T16:52:42,1
U0561,U0562,U0405|U1398|U0270|U0851,2023-09-16T18:54:46,1
U1200,U1199,U0729|U0998|U0964|U0818,2023-09-16T20:19:09,1
U0390,U0392,U1353|U0051|U0447|U0116,2023-09-16T22:58:56,1
U1103,U0395,U0954|U0569|U0749|U0343,2023-09-17T03:16:10,1
U1017,U1019,U0364|U0641|U1311|U0421,2023-09-17T08:22:27,1
U1018,U1015,U0468|U0220|U1202|U0574,2023-09-17T09:23:54,1
U0622,U0623,U0225|U1123|U0333|U0713,2023-09-17T09:55:21,1
U0899,U0897,U1053|U0682|U0384|U0913,2023-09-17T10:59:49,1
U0629,U0632,U0057|U1343|U0974|U0295,2023-09-17T13:38:30,1
U0997,U0995,U0542|U0792|U1320|U0640,2023-09-17T14:05:01,1
U0559,U0556,U0829|U1064|U1274|U0903,2023-09-17T14:41:18,1
U0975,U0974,U0561|U0089|U0169|U1148,2023-09-17T16:21:17,1
U0826,U0825,U0766|U1283|U0988|U0735,2023-09-17T21:15:32,1
U0628,U0629,U1014|U0859|U1249|U1404,2023-09-18T06:16:31,1
U0699,U0697,U0797|U0273|U0371|U0634,2023-09-18T15:11:23,1
U0014,U0727,U0404|U1022|U0924|U0673,2023-09-18T16:20:15,1
U0062,U0058,U0408|U0799|U0673|U0539,2023-09-18T16:33:47,1
U0203,U0916,U0097|U1004|U1256|U0346,2023-09-18T23:04:58,1
U0195,U0194,U1243|U0839|U0004|U0370,2023-09-18T23:33:43,1
U0171,U0881,U1174|U0107|U1169|U1021,2023-09-19T00:50:19,1
U1034,U1035,U0082|U0143|U0221|U0774,2023-09-19T01:03:55,1
U0792,U0794,U0364|U0730|U0994|U0070,2023-09-19T03:41:01,1
U1244,U1241,U1188|U0951|U0972|U0186,2023-09-19T04:46:13,1
U1166,U1168,U0745|U0592|U0927|U0683,2023-09-19T09:25:25,1
U0881,U0882,U0802|U0872|U0457|U0299,2023-09-19T10:02:50,1
U0922,U0920,U0966|U1336|U1285|U0936,2023-09-19T14:34:31,1
U1198,U1200,U0593|U0929|U1206|U0697,2023-09-19T18:25:06,1
U0303,U0301,U0515|U0537|U0115|U0759,2023-09-19T18:58:58,1
U0926,U0927,U1026|U0915|U0864|U0957,2023-09-19T19:41:01,1
U1130,U1131,U0701|U0543|U0567|U0493,2023-09-19T22:03:12,1
U0265,U0264,U0238|U1304|U0406|U0284,2023-09-19T23:53:13,1
U1366,U1365,U1100|U0510|U0933|U0753,2023-09-20T01:37:59,1
U1106,U1105,U0200|U0092|U0613|U0044,2023-09-20T01:43:54,1
U0323,U1029,U0265|U1008|U0144|U1074,2023-09-20T02:32:53,1
U0909,U0908,U1336|U0599|U0004|U1316,2023-09-20T10:33:11,1
U0861,U0863,U0686|U0577|U0897|U0970,2023-09-20T10:48:24,1
U1101,U1102,U1215|U1249|U0646|U1035,2023-09-20T13:41:46,1
U1368,U1367,U0023|U1348|U1295|U0225,2023-09-20T19:40:21,1
U0362,U0361,U0597|U0406|U1339|U0488,2023-09-20T19:40:42,1
U1321,U1317,U1232|U0807|U0225|U0085,2023-09-20T20:37:51,1
U1127,U1125,U0603|U1252|U1028|U0215,2023-09-20T22:50:42,1
U1210,U0510,U0119|U0381|U0074|U0531,2023-09-21T10:11:03,1
U0473,U0474,U1175|U1357|U0327|U0924,2023-09-21T10:32:02,1
U1073,U1071,U0877|U0606|U0533|U0654,2023-09-21T10:58:14,1
U0853,U0854,U1347|U0830|U0021|U0579,2023-09-21T17:50:19,1
U0476,U0475,U0109|U1071|U0670|U1357,2023-09-21T18:43:01,1
U0574,U0575,U0686|U0920|U1063|U0843,2023-09-21T21:46:50,1
U1002,U1000,U1207|U0543|U0886|U0570,2023-09-22T04:20:29,1
U1398,U1401,U1029|U0768|U1160|U1290,2023-09-22T05:36:42,1
U0351,U1058,U0208|U0730|U0101|U0893,2023-09-22T05:41:45,1
U1176,U1175,U0890|U0537|U0791|U1151,2023-09-22T06:26:34,1
U0634,U0632,U0661|U0154|U0498|U1229,2023-09-22T09:28:34,1
U0131,U0843,U0444|U0181|U0275|U0221,2023-09-22T10:25:02,1
U0152,U0153,U0242|U0201|U0821|U0955,2023-09-22T11:47:52,1
U0451,U1154,U0359|U1177|U0755|U1383,2023-09-22T12:32:31,1
U0542,U0540,U0287|U0381|U0197|U0982,2023-09-22T15:58:08,1
U1020,U1019,U0261|U0376|U0362|U0111,2023-09-22T16:24:53,1
U0340,U0342,U0599|U0115|U1185|U0109,2023-09-23T00:55:50,1
U0055,U0053,U1278|U1036|U0113|U0187,2023-09-23T08:19:30,1
U1290,U0598,U0201|U0728|U0865|U0760,2023-09-23T09:07:08,1
U0231,U0230,U1072|U0516|U0299|U1296,2023-09-23T10:01:33,1
U1181,U0476,U1301|U0161|U1244|U1368,2023-09-23T10:27:40,1
U0289,U0291,U1210|U0982|U0894|U1006,2023-09-23T13:17:00,1
U1269,U1270,U0954|U0201|U0653|U1119,2023-09-23T14:15:21,1
U0603,U1295,U0462|U0988|U1268|U1236,2023-09-23T17:25:27,1
U1056,U1058,U0818|U0190|U1349|U0579,2023-09-23T22:54:57,1
U1388,U1390,U1124|U0141|U1193|U0114,2023-09-23T23:44:15,1
U0664,U0665,U0977|U0299|U1170|U0223,2023-09-24T01:08:22,1
U0943,U0232,U1382|U0857|U1070|U0832,2023-09-24T01:52:00,1
U0797,U0796,U0397|U0144|U0122|U0839,2023-09-24T03:14:33,1
U0591,U0588,U0856|U0982|U1379|U0833,2023-09-24T05:19:00,1
U1346,U1347,U0704|U0876|U0382|U0488,2023-09-24T05:53:01,1
U1012,U1011,U0800|U0625|U0412|U0053,2023-09-24T08:20:14,1
U0386,U1095,U1286|U0007|U0488|U0427,2023-09-24T10:47:13,1
U0903,U0899,U0622|U0546|U0613|U0315,2023-09-24T14:23:38,1
U1287,U1288,U0097|U0724|U0670|U0509,2023-09-24T15:51:25,1
U1349,U1350,U1157|U0447|U0897|U0473,2023-09-24T15:55:54,1
U0275,U0985,U0233|U0473|U0837|U1273,2023-09-24T17:27:23,1
U1038,U0331,U0024|U0215|U0952|U1255,2023-09-24T18:27:16,1
U1249,U1246,U0541|U0880|U0406|U0427,2023-09-24T20:30:55,1
U0192,U0904,U1233|U0018|U0537|U0684,2023-09-24T22:20:28,1
U1308,U0623,U0532|U0743|U0577|U0571,2023-09-25T08:34:34,1
U1402,U1403,U0770|U0070|U0639|U0761,2023-09-25T09:03:53,1
U0731,U0732,U0458|U0779|U0202|U0040,2023-09-25T16:10:55,1
U0089,U0088,U0975|U1078|U0886|U0598,2023-09-25T17:14:42,1
U0799,U0796,U0953|U0961|U0802|U0861,2023-09-25T17:56:59,1
U0815,U0813,U0932|U0648|U1310|U0375,2023-09-25T20:06:24,1
U1107,U1108,U0284|U1273|U0772|U1276,2023-09-26T02:40:07,1
U0083,U0084,U1196|U0004|U1138|U1264,2023-09-26T02:49:33,1
U1227,U1226,U1133|U0986|U0350|U0145,2023-09-26T03:53:10,1
U0109,U0107,U0849|U0455|U0143|U0241,2023-09-26T05:21:30,1
U0284,U0285,U0527|U0204|U0610|U1277,2023-09-26T06:43:39,1
U1257,U0561,U1397|U0461|U0161|U0973,2023-09-26T14:52:31,1
U0776,U0773,U0550|U1336|U1024|U0240,2023-09-26T15:44:32,1
U0685,U0686,U0380|U0340|U0286|U0480,2023-09-26T19:15:34,1
U1141,U1139,U0893|U0047|U0333|U1402,2023-09-26T21:20:29,1
U0319,U0318,U1397|U0465|U0701|U0582,2023-09-26T21:25:06,1
U0031,U0032,U0530|U1384|U0593|U0521,2023-09-26T21:26:31,1
U1383,U1384,U0154|U0898|U1083|U0956,2023-09-26T22:52:07,1
U1091,U1093,U1366|U0187|U0028|U0814,2023-09-27T10:38:55,1
U0544,U1245,U0205|U0168|U0015|U0429,2023-09-27T11:02:26,1
U0277,U0276,U1129|U0334|U1359|U0216,2023-09-27T13:11:48,1
U0520,U0518,U0447|U0263|U0597|U0693,2023-09-27T14:25:31,1
U0167,U0168,U1273|U1129|U0639|U0755,2023-09-28T01:24:00,1
U1387,U1389,U0131|U0376|U0649|U1301,2023-09-28T04:26:31,1
U1069,U1071,U0075|U0471|U0666|U0387,2023-09-28T07:40:36,1
U1262,U1264,U1031|U1270|U0370|U1307,2023-09-28T08:16:23,1
U1369,U0686,U0546|U0285|U1252|U0116,2023-09-28T12:30:55,1
U0461,U0463,U1190|U0730|U0150|U0293,2023-09-28T19:25:37,1
U1301,U1302,U0699|U1042|U0023|U0816,2023-09-28T19:32:36,1
U0442,U1148,U1119|U0234|U0958|U0107,2023-09-28T20:29:23,1
U1012,U1014,U0724|U1137|U0650|U0373,2023-09-28T20:41:49,1
U0704,U0702,U0834|U0354|U0291|U0076,2023-09-28T22:03:26,1
U1100,U0392,U0774|U1199|U0807|U0234,2023-09-28T22:40:55,1
U0025,U0739,U0943|U0508|U1018|U0825,2023-10-01T06:51:06,1
U0017,U0015,U1229|U1081|U0747|U1261,2023-10-01T08:45:34,1
U0173,U0172,U0456|U0473|U1259|U1193,2023-10-01T10:37:07,1
U0544,U0543,U0757|U1044|U0140|U0412,2023-10-01T12:06:04,1
U1098,U1096,U0203|U0067|U0741|U0504,2023-10-01T14:34:17,1
U0292,U0291,U1184|U0952|U0769|U1365,2023-10-01T17:26:14,1
U1322,U1324,U0569|U0718|U1372|U1350,2023-10-02T01:09:31,1
U0461,U1165,U0437|U0859|U0571|U1324,2023-10-02T03:23:39,1
U0012,U0014,U1165|U0904|U0509|U1387,2023-10-02T09:23:38,1
U0263,U0264,U0011|U1289|U0552|U1126,2023-10-02T15:28:25,1
U0534,U0535,U0939|U1151|U0579|U0091,2023-10-02T15:59:27,1
U0166,U0164,U0141|U1366|U0620|U0384,2023-10-02T17:34:49,1
U0405,U1111,U0399|U1279|U0891|U0386,2023-10-03T00:03:27,1
U0760,U0758,U0330|U0056|U0949|U0143,2023-10-03T02:22:49,1
U0055,U0054,U1257|U0838|U1136|U0699,2023-10-03T02:50:22,1
U1344,U0659,U0194|U0942|U1004|U0065,2023-10-03T04:43:57,1
U1218,U1219,U0719|U0272|U0401|U1258,2023-10-03T06:01:22,1
U1295,U1292,U0675|U0554|U1125|U0728,2023-10-03T06:15:35,1
U0521,U0519,U0535|U0274|U1071|U0127,2023-10-03T06:28:31,1
U1229,U1227,U1309|U0067|U0718|U0031,2023-10-03T09:10:00,1
U0304,U0302,U0939|U0511|U0046|U0742,2023-10-03T09:51:07,1
U0135,U0137,U1154|U0679|U0412|U0388,2023-10-03T11:25:47,1
U1243,U1241,U0401|U0527|U0563|U1201,2023-10-03T11:54:06,1
U1276,U1274,U0180|U1063|U0894|U0495,2023-10-03T12:53:16,1
U1399,U0709,U0718|U0366|U0625|U1162,2023-10-03T15:19:49,1
U1047,U0340,U0424|U0234|U0629|U1053,2023-10-03T17:21:51,1
U0279,U0989,U0082|U1084|U0933|U1393,2023-10-03T22:59:27,1
U0696,U0694,U0122|U0525|U0944|U1271,2023-10-03T23:34:42,1
U1011,U1013,U0986|U0613|U0153|U1250,2023-10-04T02:25:23,1
U1241,U1239,U1348|U1123|U0818|U0632,2023-10-04T04:22:32,1
U1106,U0399,U0055|U0403|U0849|U0043,2023-10-04T05:46:47,1
U0086,U0802,U0443|U0868|U0875|U0980,2023-10-04T08:24:27,1
U0550,U1250,U1049|U0769|U1025|U0067,2023-10-04T11:43:23,1
U0225,U0938,U0002|U0718|U0424|U0124,2023-10-04T12:21:10,1
U0085,U0087,U0056|U0516|U1387|U0782,2023-10-04T12:33:54,1
U1034,U1036,U1137|U0041|U0753|U0854,2023-10-04T13:21:38,1
U0649,U1335,U0989|U1233|U1284|U0032,2023-10-04T14:55:02,1
U1367,U1369,U0639|U0242|U0973|U1343,2023-10-04T15:02:44,1
U0842,U0844,U0132|U0108|U0192|U0737,2023-10-04T17:30:31,1
U1301,U1303,U1231|U0106|U0552|U0156,2023-10-04T19:10:08,1
U1257,U1255,U0998|U0538|U0122|U1033,2023-10-04T21:59:13,1
U1013,U1015,U0697|U0117|U0181|U0475,2023-10-04T23:08:11,1
U0267,U0975,U0705|U1037|U0785|U0463,2023-10-04T23:15:26,1
U0080,U0795,U0924|U1212|U0022|U0750,2023-10-05T02:55:23,1
U0566,U0568,U0244|U1165|U0132|U1198,2023-10-05T03:00:47,1
U0650,U1336,U0843|U0039|U1311|U1213,2023-10-05T03:12:20,1
U0051,U0052,U0344|U0877|U0544|U0708,2023-10-05T03:31:55,1
U1297,U1298,U0444|U0725|U0714|U0171,2023-10-05T10:17:30,1
U0517,U0515,U1308|U0571|U0922|U1285,2023-10-05T11:05:58,1
U1277,U1278,U0359|U0113|U1285|U0501,2023-10-05T12:03:25,1
U0588,U1282,U1356|U1086|U1251|U0027,2023-10-05T12:03:50,1
U0191,U0187,U0760|U0508|U0938|U1362,2023-10-05T13:17:15,1
U0254,U0257,U0086|U0534|U0172|U0388,2023-10-05T14:21:41,1
U0812,U0813,U0824|U0194|U1299|U1383,2023-10-05T20:23:12,1
U0589,U0592,U0210|U0947|U0201|U0551,2023-10-05T20:28:57,1
U0699,U0700,U0806|U1054|U0892|U0048,2023-10-05T22:38:46,1
U0776,U0064,U0681|U0294|U0166|U0827,2023-10-05T22:56:51,1
U1321,U1323,U0240|U0735|U0598|U0709,2023-10-06T01:31:50,1
U1179,U1176,U1147|U0855|U0321|U0659,2023-10-06T02:11:49,1
U0501,U0498,U0076|U1317|U0753|U0546,2023-10-06T03:25:04,1
U0083,U0085,U1146|U0628|U0470|U0150,2023-10-06T04:00:30,1
U0832,U0831,U0624|U0068|U0620|U0943,2023-10-06T04:38:04,1
U0863,U0152,U0335|U0003|U1012|U0827,2023-10-06T07:23:29,1
U1090,U1093,U0990|U0298|U1315|U0637,2023-10-06T08:38:33,1
U0575,U1271,U0290|U1124|U1090|U0051,2023-10-06T11:22:39,1
U1355,U1357,U0035|U0975|U0903|U0762,2023-10-06T14:35:39,1
U1003,U1000,U0540|U0772|U1166|U0989,2023-10-06T19:22:52,1
U0159,U0163,U0933|U0177|U0683|U0888,2023-10-06T23:10:00,1
U1354,U1355,U0540|U0922|U0313|U0461,2023-10-07T00:31:47,1
U1335,U1337,U0811|U0906|U0772|U0105,2023-10-07T03:57:39,1
U1276,U0581,U0013|U1024|U0571|U0085,2023-10-07T04:56:04,1
U0827,U0829,U0364|U1246|U1136|U0938,2023-10-07T07:07:04,1
U0568,U1265,U1240|U1285|U1164|U0302,2023-10-07T16:21:46,1
U1210,U1212,U1277|U0275|U0856|U1312,2023-10-07T17:23:03,1
U0381,U0380,U0907|U0057|U0855|U1289,2023-10-07T18:31:55,1
U0328,U0326,U1188|U0091|U0670|U0739,2023-10-07T20:38:46,1
U0800,U0799,U0225|U1067|U1097|U0532,2023-10-07T21:57:31,1
U0150,U0147,U0293|U0104|U1293|U1360,2023-10-07T23:52:22,1
U0975,U0977,U0861|U1079|U1267|U0513,2023-10-08T05:07:19,1
U0426,U0425,U1348|U0429|U0263|U0646,2023-10-08T07:46:04,1
U1381,U0694,U1282|U1349|U0200|U0774,2023-10-08T09:03:35,1
U0850,U0852,U0039|U0667|U1316|U0163,2023-10-08T09:36:41,1
U0625,U0623,U0846|U0422|U1094|U0701,2023-10-08T16:11:28,1
U0897,U0893,U0653|U0858|U0140|U0762,2023-10-08T20:47:37,1
U1209,U0509,U1170|U0589|U1390|U0861,2023-10-09T00:26:21,1
U1297,U0605,U0706|U0220|U0247|U0801,2023-10-09T02:08:48,1
U0463,U0462,U0589|U0668|U0826|U0247,2023-10-09T04:11:18,1
U0424,U0423,U0318|U0757|U1344|U0518,2023-10-09T04:15:39,1
U0762,U0763,U1334|U1359|U1223|U0117,2023-10-09T05:26:28,1
U0773,U0774,U0091|U1210|U0311|U1014,2023-10-09T05:40:06,1
U0507,U0506,U0465|U1396|U0762|U0097,2023-10-09T10:58:48,1
U0479,U0481,U0476|U0183|U1117|U0508,2023-10-09T14:36:52,1
U1105,U0397,U0859|U1074|U0113|U0803,2023-10-09T17:09:15,1
U0456,U0454,U0624|U0925|U1157|U1271,2023-10-09T18:20:01,1
U0454,U1157,U0424|U0194|U0730|U0910,2023-10-09T23:32:40,1
U0057,U0061,U0283|U0433|U0030|U0976,2023-10-09T23:46:58,1
U0562,U0563,U1039|U0696|U1233|U0749,2023-10-10T00:39:20,1
U0597,U0598,U1290|U1187|U1337|U1189,2023-10-10T05:09:46,1
U1133,U1131,U0152|U0260|U0003|U0844,2023-10-10T07:25:53,1
U0254,U0251,U0181|U0004|U0945|U0278,2023-10-10T07:56:49,1
U0484,U0483,U0985|U0106|U1131|U1080,2023-10-10T08:38:35,1
U0136,U0134,U0852|U1220|U1326|U0437,2023-10-10T10:53:08,1
U1251,U1250,U0277|U0203|U1160|U0842,2023-10-10T12:52:25,1
U0870,U0869,U0693|U1091|U0495|U0820,2023-10-10T13:54:40,1
U0491,U0493,U1145|U0382|U1244|U0420,2023-10-10T17:38:13,1
U0150,U0861,U1285|U1250|U0939|U0633,2023-10-10T19:40:03,1
U0313,U0311,U1095|U0682|U0050|U1105,2023-10-10T22:45:19,1
U0472,U1176,U0728|U0338|U0179|U0943,2023-10-11T03:33:08,1
U0412,U0410,U1010|U1395|U1270|U0565,2023-10-11T03:36:53,1
U0987,U0986,U1402|U0995|U0651|U1325,2023-10-11T05:10:59,1
U1176,U1174,U0088|U1096|U0805|U0847,2023-10-11T06:16:43,1
U0997,U0998,U0600|U0877|U0134|U0109,2023-10-11T07:44:22,1
U1317,U1320,U0928|U1161|U0790|U1157,2023-10-11T11:42:18,1
U0397,U0399,U0668|U0616|U1392|U0768,2023-10-11T15:56:10,1
U0625,U0627,U1272|U1199|U0689|U0910,2023-10-11T17:50:35,1
U0651,U0653,U0797|U1206|U0079|U1249,2023-10-11T20:11:45,1
U1301,U1300,U0724|U0235|U0519|U1073,2023-10-12T05:14:41,1
U0139,U0137,U0646|U0077|U0696|U1325,2023-10-12T12:48:01,1
U0709,U0708,U0910|U1307|U1402|U1186,2023-10-12T13:55:02,1
U1036,U1038,U1232|U0679|U0030|U0624,2023-10-12T17:24:04,1
U0016,U0015,U0429|U0665|U0256|U0588,2023-10-12T17:31:01,1
U1204,U0504,U1365|U1320|U1208|U1184,2023-10-12T19:04:54,1
U1252,U0552,U1169|U0654|U0454|U0580,2023-10-12T19:24:45,1
U0982,U0274,U0040|U0998|U1004|U1193,2023-10-13T01:39:20,1
U0376,U0381,U0832|U0564|U0936|U0275,2023-10-13T01:45:48,1
U0054,U0768,U0117|U1056|U0262|U1053,2023-10-13T03:27:30,1
U0017,U0730,U0075|U0271|U0932|U0674,2023-10-13T08:11:28,1
U0513,U1212,U1151|U0210|U0785|U1199,2023-10-13T08:25:27,1
U0023,U0022,U1162|U0606|U0580|U1117,2023-10-13T10:01:37,1
U0320,U0321,U0111|U1341|U0292|U1325,2023-10-13T12:02:49,1
U0991,U0993,U0939|U0319|U1352|U0200,2023-10-13T13:40:58,1
U0356,U1063,U0369|U0829|U0744|U0877,2023-10-13T14:46:30,1
U0909,U0911,U0878|U0159|U0487|U0852,2023-10-13T15:55:46,1
U0575,U0577,U0136|U0419|U0815|U0894,2023-10-13T16:33:53,1
U0941,U0230,U0273|U0465|U0957|U0686,2023-10-13T22:27:23,1
U0137,U0136,U0236|U0040|U0855|U1086,2023-10-14T11:43:45,1
U0926,U0928,U1321|U1209|U0364|U1150,2023-10-14T11:54:46,1
U0405,U0403,U0852|U1029|U0513|U0146,2023-10-14T13:29:44,1
U0355,U0353,U0328|U1176|U0425|U1140,2023-10-14T13:40:50,1
U0521,U1220,U0079|U0257|U1000|U0652,2023-10-14T16:47:27,1
U0382,U0380,U0430|U0366|U0634|U0594,2023-10-14T17:09:56,1
U0750,U0748,U0548|U1398|U0907|U0973,2023-10-14T18:19:12,1
U0247,U0249,U0118|U0022|U1049|U1047,2023-10-14T18:28:54,1
U0168,U0166,U1288|U0608|U1060|U0761,2023-10-14T23:21:54,1
U0693,U1379,U0003|U1204|U0274|U0093,2023-10-15T00:32:30,1
U0932,U0933,U0008|U0913|U0880|U0475,2023-10-15T05:02:59,1
U1331,U1332,U0710|U0762|U0483|U0057,2023-10-15T14:58:09,1
U0837,U0835,U0741|U0372|U0240|U0256,2023-10-15T17:39:32,1
U0843,U0842,U1084|U0250|U1364|U1194,2023-10-15T20:59:45,1
U1311,U0626,U0553|U0812|U0796|U0399,2023-10-15T20:59:52,1
U1133,U1132,U1259|U0327|U1396|U1143,2023-10-15T21:16:32,1
U1227,U0527,U0322|U0293|U0992|U0051,2023-10-15T22:15:30,1
U0769,U0055,U1085|U0284|U1090|U0237,2023-10-15T23:04:50,1
U1272,U1274,U0980|U1009|U0021|U0509,2023-10-16T05:54:59,1
U0210,U0924,U0249|U1215|U1051|U1398,2023-10-16T06:05:47,1
U1292,U1289,U0214|U0343|U0315|U0019,2023-10-16T07:08:57,1
U0507,U0508,U0812|U0263|U0495|U1206,2023-10-16T07:19:02,1
U0569,U0570,U1149|U0753|U0345|U0581,2023-10-16T07:21:31,1
U1383,U1381,U1343|U1118|U0125|U0650,2023-10-16T15:55:11,1
U0290,U0288,U0003|U1211|U0150|U0534,2023-10-16T21:03:14,1
U0985,U0986,U1357|U0076|U1388|U0011,2023-10-16T21:40:54,1
U1305,U1304,U0821|U1036|U0342|U1000,2023-10-17T02:59:11,1
U0354,U1060,U1210|U1278|U0736|U1101,2023-10-17T05:20:42,1
U0152,U0150,U0599|U0929|U0554|U1130,2023-10-17T09:47:18,1
U0452,U1155,U0271|U0098|U0948|U1123,2023-10-17T16:37:50,1
U1044,U1046,U1312|U0774|U0465|U0058,2023-10-17T17:02:41,1
U0713,U0715,U1393|U0287|U0474|U0990,2023-10-17T21:07:25,1
U0695,U0693,U0001|U0939|U0442|U1111,2023-10-17T21:52:58,1
U1274,U0579,U0939|U0700|U0031|U0143,2023-10-18T02:31:09,1
U1035,U1036,U1185|U0353|U1008|U0870,2023-10-18T04:23:55,1
U0046,U0758,U0971|U0375|U1276|U0495,2023-10-18T07:13:56,1
U0603,U0604,U0078|U1331|U1222|U0107,2023-10-18T11:16:55,1
U0556,U0553,U0626|U0404|U1277|U0607,2023-10-18T13:51:39,1
U1128,U1127,U0845|U0841|U0785|U0457,2023-10-18T15:09:53,1
U0675,U0676,U0620|U0568|U0369|U0050,2023-10-18T19:48:16,1
U0453,U1156,U0814|U0989|U0637|U1176,2023-10-18T20:54:32,1
U0067,U0069,U0724|U0354|U0124|U0571,2023-10-18T23:14:57,1
U0065,U0778,U0552|U0894|U1376|U1402,2023-10-19T04:11:59,1
U0366,U0369,U1033|U0323|U0163|U0135,2023-10-19T06:35:26,1
U0346,U0345,U0780|U0541|U1117|U0483,2023-10-19T09:20:49,1
U0685,U0684,U1159|U0092|U1340|U0309,2023-10-19T11:40:42,1
U0451,U0446,U0395|U0665|U0041|U0383,2023-10-19T14:45:28,1
U0892,U0893,U0235|U0301|U0492|U0651,2023-10-19T15:17:42,1
U1023,U1025,U0561|U0360|U0781|U0576,2023-10-19T16:19:50,1
U0412,U0413,U0651|U0576|U1347|U0483,2023-10-19T21:31:27,1
U0678,U0676,U1103|U0201|U0234|U1019,2023-10-19T23:57:41,1
U0687,U1371,U0881|U0151|U1216|U0791,2023-10-20T01:07:08,1
U0972,U0970,U0476|U0286|U0427|U0034,2023-10-20T03:28:37,1
U1197,U1198,U0269|U1008|U0475|U1075,2023-10-20T03:32:35,1
U1250,U1252,U0258|U0692|U1324|U1070,2023-10-20T04:12:34,1
U0690,U1373,U1325|U0321|U0276|U0210,2023-10-20T09:23:46,1
U1234,U1232,U0122|U0076|U0473|U1004,2023-10-20T14:47:38,1
U0643,U0646,U0690|U1274|U0652|U1090,2023-10-20T17:26:35,1
U0023,U0024,U1020|U0799|U1329|U1176,2023-10-20T20:16:10,1
U1316,U0631,U0852|U1398|U0298|U0811,2023-10-20T23:40:50,1
U0510,U0513,U0887|U0249|U1170|U0801,2023-10-21T02:53:02,1
U0324,U0323,U0820|U0083|U0418|U0942,2023-10-21T06:04:12,1
U0668,U0667,U1161|U1047|U0559|U1219,2023-10-21T06:08:50,1
U0660,U0661,U0790|U0869|U0256|U1251,2023-10-21T06:46:22,1
U1351,U1350,U0584|U0646|U1383|U0781,2023-10-21T13:33:00,1
U0628,U0626,U1123|U0461|U0791|U0079,2023-10-21T14:35:14,1
U0091,U0089,U1000|U1234|U0576|U1103,2023-10-21T17:36:25,1
U0679,U0681,U0404|U0525|U0848|U0389,2023-10-21T19:42:05,1
U0520,U0519,U0769|U0853|U0231|U0453,2023-10-21T20:02:03,1
U0535,U0536,U0905|U0969|U1371|U0204,2023-10-22T01:23:12,1
U0589,U0591,U0386|U1103|U0356|U0652,2023-10-22T04:27:57,1
U0065,U0062,U0551|U0144|U0599|U1044,2023-10-22T05:29:31,1
U0760,U0761,U1021|U0849|U0182|U0922,2023-10-22T09:34:27,1
U1053,U1052,U0198|U0472|U0372|U0433,2023-10-22T14:59:56,1
U0717,U0719,U1274|U0521|U0701|U0844,2023-10-22T15:01:21,1
U0143,U0144,U0829|U0719|U0209|U0388,2023-10-22T17:41:37,1
U0906,U0907,U0540|U1360|U0292|U0949,2023-10-23T01:47:53,1
U1014,U1013,U1169|U0110|U1179|U0384,2023-10-23T02:20:41,1
U0639,U0640,U1098|U0524|U1164|U0381,2023-10-23T04:49:35,1
U0279,U0283,U1035|U0294|U1075|U1025,2023-10-23T09:19:52,1
U0227,U0223,U0805|U0940|U0283|U0911,2023-10-23T12:15:19,1
U1160,U0456,U0553|U0262|U1382|U0689,2023-10-23T16:16:38,1
U1078,U1079,U1397|U0608|U0064|U0399,2023-10-23T20:03:16,1
U0901,U0898,U0271|U0016|U1128|U0755,2023-10-23T20:23:48,1
U0527,U0529,U0454|U1314|U0616|U0102,2023-10-23T21:49:02,1
U0359,U1067,U0551|U0175|U1283|U0708,2023-10-24T00:05:53,1
U1283,U1282,U0242|U0026|U0763|U1382,2023-10-24T00:13:55,1
U1182,U1184,U0422|U1129|U0847|U0831,2023-10-24T00:43:52,1
U0990,U0991,U0185|U0354|U0412|U1239,2023-10-24T03:52:03,1
U0874,U0873,U0576|U0904|U1083|U0244,2023-10-24T06:32:32,1
U0073,U0072,U0761|U0164|U0781|U0318,2023-10-24T10:49:52,1
U0710,U1401,U0050|U1329|U1151|U1395,2023-10-24T12:56:27,1
U1279,U0584,U1099|U1143|U0916|U0967,2023-10-24T13:25:36,1
U1060,U1063,U0772|U0681|U0386|U1201,2023-10-24T17:56:20,1
U0876,U0874,U0123|U1015|U1076|U0819,2023-10-24T19:14:15,1
U0214,U0216,U1382|U0828|U1239|U1311,2023-10-24T21:10:33,1
U0052,U0054,U0079|U0625|U0911|U0922,2023-10-24T21:33:50,1
U0471,U0472,U0495|U0327|U0070|U0195,2023-10-24T23:54:54,1
U1359,U1360,U0629|U0673|U0343|U0007,2023-10-25T10:45:08,1
U0025,U0027,U1279|U0198|U1186|U0360,2023-10-25T11:15:44,1
U0880,U0881,U1000|U0550|U0656|U1364,2023-10-25T13:13:33,1
U0363,U1071,U0857|U1070|U1009|U0150,2023-10-25T16:16:45,1
U0270,U0272,U0524|U0752|U0319|U0715,2023-10-25T17:27:26,1
U0943,U0944,U0371|U1080|U1154|U1184,2023-10-25T21:03:37,1
U0131,U0128,U0287|U0649|U0298|U1065,2023-10-26T09:41:44,1
U0007,U0006,U0262|U0730|U0697|U1367,2023-10-26T09:46:17,1
U1359,U1361,U1007|U0905|U1011|U1051,2023-10-26T14:12:47,1
U0521,U0524,U0546|U0965|U1296|U1072,2023-10-26T14:31:14,1
U0127,U0128,U0428|U0113|U1292|U0461,2023-10-26T16:20:24,1
U0030,U0031,U0651|U0300|U1095|U1104,2023-10-27T00:54:45,1
U0492,U0490,U0371|U0139|U0593|U0994,2023-10-27T03:16:49,1
U0390,U0388,U1252|U1031|U1179|U0428,2023-10-27T04:34:02,1
U0717,U0718,U0348|U0724|U1216|U0728,2023-10-27T08:09:06,1
U0269,U0271,U0649|U0380|U0544|U1010,2023-10-27T09:22:50,1
U0244,U0241,U0550|U1037|U0164|U0422,2023-10-27T10:34:35,1
U0732,U0735,U0544|U0822|U0193|U1358,2023-10-27T12:58:27,1
U0151,U0150,U0844|U0087|U0848|U0439,2023-10-27T13:01:53,1
U1281,U0587,U1046|U0537|U0755|U0456,2023-10-27T15:34:39,1
U0203,U0204,U0637|U1013|U0713|U0076,2023-10-27T16:20:38,1
U0015,U0728,U0086|U0469|U0245|U0690,2023-10-27T17:15:00,1
U0181,U0179,U0800|U0261|U1195|U1117,2023-10-27T17:57:40,1
U1162,U1160,U1026|U0938|U0553|U0940,2023-10-28T01:01:09,1
U0406,U0405,U1281|U0401|U0200|U0819,2023-10-28T07:55:18,1
U0846,U0847,U1044|U0743|U1290|U0739,2023-10-28T11:39:46,1
U1118,U0409,U0670|U0068|U0264|U0933,2023-10-28T12:57:13,1
U0583,U0584,U1151|U0745|U0757|U0770,2023-10-28T14:32:53,1
U0342,U1048,U0894|U0474|U0706|U1388,2023-10-28T15:32:04,1
U0337,U0336,U0693|U1166|U1129|U0778,2023-10-28T17:59:13,1
U0218,U0216,U0200|U1307|U0982|U0318,2023-10-28T20:40:21,1
U1007,U1008,U0951|U0062|U1363|U0128,2023-10-28T20:40:58,1
U1138,U0429,U1402|U0829|U0028|U0439,2023-10-28T21:18:27,1
U0742,U0743,U1136|U1233|U0919|U0081,2023-11-01T00:02:45,1
U0289,U0997,U0580|U0087|U0972|U0128,2023-11-01T02:11:11,1
U0968,U0260,U1129|U0549|U1329|U0668,2023-11-01T06:17:05,1
U0835,U0838,U1076|U1226|U0818|U1273,2023-11-01T12:58:36,1
U1253,U0553,U1100|U0386|U0203|U0249,2023-11-01T17:29:05,1
U0725,U0727,U0570|U0202|U0047|U1388,2023-11-01T22:21:00,1
U0295,U0298,U0846|U1074|U0586|U0703,2023-11-01T22:38:00,1
U1363,U0679,U1357|U0194|U0787|U1065,2023-11-01T23:00:55,1
U0122,U0835,U0887|U0447|U0690|U0965,2023-11-02T03:28:04,1
U0634,U0635,U0104|U0142|U1298|U0858,2023-11-02T08:35:20,1
U0104,U0103,U0880|U1131|U0657|U1186,2023-11-02T12:32:46,1
U0319,U0321,U1186|U0251|U0559|U0476,2023-11-02T14:49:05,1
U0761,U0762,U0679|U0825|U0771|U1160,2023-11-02T14:54:29,1
U0264,U0266,U0552|U1309|U1053|U0831,2023-11-02T17:33:01,1
U1285,U1283,U0862|U0342|U0694|U0046,2023-11-02T21:08:53,1
U0892,U0891,U0755|U1170|U1347|U0797,2023-11-03T05:51:35,1
U0890,U0891,U0410|U1296|U0685|U0626,2023-11-03T06:28:52,1
U0099,U0097,U0277|U1189|U0335|U0076,2023-11-03T09:15:25,1
U0074,U0076,U0094|U0288|U0343|U0797,2023-11-03T18:45:14,1
U0894,U0183,U0406|U0694|U0909|U1307,2023-11-03T22:16:04,1
U0806,U0807,U1192|U1325|U1075|U0587,2023-11-03T22:58:58,1
U0319,U1024,U1182|U0659|U1358|U0899,2023-11-04T02:17:55,1
U1067,U1069,U0316|U0264|U0347|U0127,2023-11-04T02:23:51,1
U0872,U0874,U0827|U0758|U1216|U1125,2023-11-04T05:12:45,1
U1022,U1021,U0326|U0607|U1074|U0747,2023-11-04T06:27:06,1
U1200,U1202,U0757|U0392|U1175|U1103,2023-11-04T08:43:27,1
U1249,U1251,U0877|U0372|U1202|U1002,2023-11-04T08:53:57,1
U0145,U0146,U1199|U1125|U0626|U0764,2023-11-04T10:29:09,1
U1130,U0421,U0247|U0030|U0092|U0551,2023-11-04T10:35:53,1
U1063,U1065,U0824|U0263|U0040|U1347,2023-11-04T17:40:56,1
U0275,U0273,U0598|U1072|U0873|U0027,2023-11-04T19:31:40,1
U0153,U0864,U0067|U1184|U0468|U0731,2023-11-05T04:26:58,1
U0850,U0848,U0103|U0301|U0482|U0707,2023-11-05T05:57:04,1
U0273,U0274,U0180|U0256|U0711|U0283,2023-11-05T09:18:12,1
U0050,U0048,U0260|U0372|U0689|U0529,2023-11-05T11:07:00,1
U1260,U1262,U1101|U0818|U0385|U0247,2023-11-05T14:17:17,1
U0657,U0660,U1388|U1287|U1358|U0742,2023-11-05T17:34:35,1
U1187,U1185,U0682|U1005|U0892|U0119,2023-11-05T18:31:22,1
U0187,U0190,U1168|U0782|U0353|U0425,2023-11-05T19:26:21,1
U0897,U0898,U1022|U0569|U1401|U1008,2023-11-05T22:50:56,1
U0899,U0187,U0428|U1138|U0724|U1257,2023-11-05T23:01:12,1
U1232,U0532,U0834|U0471|U1105|U0187,2023-11-06T06:44:15,1
U1316,U1320,U0390|U1251|U0079|U0594,2023-11-06T10:48:24,1
U0362,U0364,U1159|U1256|U0220|U0383,2023-11-06T11:28:51,1
U0675,U1360,U1152|U0894|U1129|U0337,2023-11-06T16:02:30,1
U1282,U1281,U1152|U0483|U0429|U0550,2023-11-06T16:30:57,1
U1190,U1189,U0674|U1025|U0214|U1366,2023-11-06T18:16:32,1
U0151,U0153,U0567|U0434|U0305|U0044,2023-11-06T18:26:18,1
U0058,U0772,U0692|U1058|U0115|U0901,2023-11-06T19:44:35,1
U0574,U1270,U0731|U0805|U0334|U0915,2023-11-06T22:59:39,1
U1096,U0387,U1320|U0362|U0959|U0306,2023-11-07T00:04:29,1
U0600,U0599,U1007|U0732|U0424|U0367,2023-11-07T02:39:19,1
U0042,U0041,U1080|U1109|U1202|U0358,2023-11-07T02:52:45,1
U0194,U0196,U1196|U0700|U0876|U0857,2023-11-07T07:31:02,1
U0294,U0293,U0376|U1218|U1201|U0464,2023-11-07T07:38:29,1
U0485,U0483,U0205|U0023|U0181|U0468,2023-11-07T09:26:31,1
U0819,U0820,U1290|U0695|U0258|U0524,2023-11-07T13:17:10,1
U0715,U0717,U1366|U1167|U0571|U0168,2023-11-07T13:55:38,1
U0771,U0772,U0410|U0850|U0021|U1244,2023-11-07T14:46:59,1
U0939,U0938,U0154|U0321|U0567|U1223,2023-11-07T15:14:29,1
U0822,U0820,U1339|U1372|U0125|U0736,2023-11-07T15:39:40,1
U0861,U0858,U1325|U1265|U0248|U0177,2023-11-07T16:29:34,1
U0737,U0736,U1322|U1038|U0584|U0474,2023-11-07T16:52:44,1
U0109,U0824,U0484|U0914|U1198|U0646,2023-11-07T20:08:14,1
U0343,U1049,U0689|U1404|U1261|U0894,2023-11-07T20:26:38,1
U0305,U1013,U1072|U0372|U0988|U1184,2023-11-07T20:56:26,1
U0886,U0888,U0136|U0862|U1250|U1155,2023-11-07T23:02:30,1
U1107,U0401,U0588|U0458|U1357|U1048,2023-11-08T03:09:22,1
U0843,U0844,U0744|U0373|U0388|U0768,2023-11-08T06:11:02,1
U1310,U1309,U0830|U0472|U0886|U0513,2023-11-08T07:16:45,1
U0298,U0300,U0868|U1017|U1357|U0484,2023-11-08T08:42:44,1
U0921,U0919,U0796|U1403|U0490|U1275,2023-11-08T09:35:05,1
U0801,U0802,U0421|U0876|U0227|U0288,2023-11-08T10:36:47,1
U0018,U0017,U1184|U1219|U0081|U1375,2023-11-08T12:53:42,1
U0380,U1085,U1383|U0892|U1023|U0934,2023-11-08T12:55:19,1
U0476,U0477,U1388|U0667|U1080|U0952,2023-11-08T14:33:00,1
U0913,U0200,U1383|U0517|U0337|U0576,2023-11-08T15:18:35,1
U0134,U0131,U1046|U1401|U0464|U0073,2023-11-08T16:04:44,1
U0745,U0031,U0995|U1210|U1052|U0299,2023-11-08T16:40:35,1
U1029,U1026,U1234|U0207|U0702|U1307,2023-11-08T17:44:22,1
U1177,U1176,U1070|U0384|U0229|U0356,2023-11-08T21:28:35,1
U0992,U0285,U0704|U1325|U0778|U0095,2023-11-08T23:51:49,1
U0359,U0358,U0026|U0487|U0082|U0269,2023-11-09T03:14:48,1
U1188,U1187,U0593|U0015|U0616|U0204,2023-11-09T07:28:07,1
U1323,U1325,U0757|U0748|U1206|U0193,2023-11-09T09:16:20,1
U0993,U0995,U0474|U1117|U0795|U1293,2023-11-09T11:19:35,1
U1354,U1352,U0973|U0527|U1119|U1274,2023-11-09T15:52:08,1
U0104,U0819,U0924|U0242|U0933|U0346,2023-11-09T16:54:04,1
U0954,U0956,U0475|U0372|U0660|U0068,2023-11-09T18:25:26,1
U0374,U0375,U0088|U0286|U0791|U0144,2023-11-09T18:37:17,1
U0389,U0387,U0678|U0240|U0239|U0230,2023-11-10T00:43:54,1
U0958,U0248,U1272|U0047|U0567|U1347,2023-11-10T02:09:52,1
U1109,U1114,U1366|U0536|U0442|U0340,2023-11-10T02:23:51,1
U0390,U0393,U0053|U0026|U0069|U0067,2023-11-10T03:26:14,1
U1033,U1031,U0570|U0707|U0446|U0275,2023-11-10T04:28:21,1
U0745,U0743,U0598|U0414|U0659|U0823,2023-11-10T05:30:10,1
U1142,U1141,U1371|U1136|U0589|U0401,2023-11-10T06:42:03,1
U1103,U1105,U0566|U0556|U0567|U0538,2023-11-10T06:43:02,1
U0232,U0231,U0058|U0027|U0819|U0682,2023-11-10T07:31:32,1
U0670,U1355,U0875|U0088|U0577|U1036,2023-11-10T07:33:04,1
U0824,U0826,U0075|U0586|U0430|U0958,2023-11-10T08:47:28,1
U0839,U0125,U0131|U1130|U1234|U0886,2023-11-10T19:10:09,1
U1272,U1270,U0505|U0988|U0335|U0444,2023-11-10T20:24:29,1
U0396,U1104,U1166|U0992|U0370|U1209,2023-11-10T20:53:26,1
U0940,U0942,U0735|U0668|U0258|U0562,2023-11-10T23:37:19,1
U0675,U0678,U1232|U0776|U0301|U1168,2023-11-11T03:14:34,1
U0956,U0958,U1341|U0095|U0970|U1349,2023-11-11T04:34:37,1
U0671,U0672,U0932|U1135|U1297|U1152,2023-11-11T06:43:23,1
U0596,U1288,U0140|U1326|U0086|U0729,2023-11-11T12:20:53,1
U0894,U0892,U0064|U0737|U0235|U0944,2023-11-11T13:55:08,1
U0666,U0665,U1315|U0030|U1304|U0873,2023-11-11T15:03:48,1
U0044,U0045,U1109|U0249|U0599|U0974,2023-11-11T17:58:39,1
U0322,U1028,U0887|U0834|U1127|U0327,2023-11-11T18:03:53,1
U0064,U0067,U0627|U0711|U0212|U1190,2023-11-11T21:03:43,1
U0869,U0871,U0050|U0605|U0533|U1029,2023-11-12T00:09:56,1
U0922,U0921,U1281|U0288|U0686|U0589,2023-11-12T01:52:28,1
U0073,U0070,U0665|U0438|U0207|U0728,2023-11-12T04:53:12,1
U0566,U0564,U1127|U0362|U0748|U1108,2023-11-12T07:08:14,1
U1009,U1007,U0596|U0099|U0471|U0022,2023-11-12T07:39:29,1
U0114,U0115,U1022|U0334|U0464|U1083,2023-11-12T08:43:48,1
U0044,U0042,U0853|U0562|U0615|U1252,2023-11-12T10:21:20,1
U0719,U0007,U0511|U1286|U0288|U1040,2023-11-12T10:45:50,1
U0374,U0373,U1059|U0587|U0172|U0643,2023-11-12T12:03:01,1
U1052,U1050,U1217|U0837|U0265|U1056,2023-11-12T16:52:46,1
U0420,U0422,U0173|U0787|U1253|U0407,2023-11-12T17:39:02,1
U0407,U0409,U0181|U0040|U0317|U0083,2023-11-12T20:54:48,1
U0883,U0882,U0947|U0582|U0042|U0106,2023-11-12T21:26:23,1
U1182,U1183,U0194|U0925|U0873|U0156,2023-11-12T21:29:28,1
U0554,U0553,U0013|U1040|U0055|U1328,2023-11-12T21:33:16,1
U1179,U1181,U0427|U0813|U0344|U0443,2023-11-12T23:18:51,1
U0511,U1211,U0087|U1282|U0446|U0951,2023-11-13T08:10:13,1
U0748,U0749,U0570|U0801|U0710|U1251,2023-11-13T08:42:01,1
U0345,U0347,U1372|U0570|U1233|U0715,2023-11-13T11:23:57,1
U0260,U0257,U0191|U0663|U0227|U0367,2023-11-13T12:36:34,1
U0694,U0695,U1297|U0409|U0286|U0559,2023-11-13T18:02:11,1
U0501,U0504,U1366|U0773|U0605|U1232,2023-11-13T18:18:41,1
U1080,U1083,U0335|U0857|U1279|U1285,2023-11-13T18:45:16,1
U1314,U0628,U0686|U1008|U0573|U0861,2023-11-13T20:16:22,1
U1305,U1307,U0115|U0207|U0833|U0301,2023-11-13T22:59:04,1
U0685,U0687,U0207|U1045|U1204|U0177,2023-11-14T05:30:35,1
U1282,U1284,U0205|U0587|U0401|U1348,2023-11-14T08:57:02,1
U0014,U0015,U0051|U1237|U1151|U0520,2023-11-14T09:01:20,1
U1352,U1351,U0616|U0447|U0424|U1019,2023-11-14T11:24:46,1
U0828,U0830,U0760|U0682|U0488|U0132,2023-11-14T13:24:45,1
U0815,U0817,U0780|U0909|U1233|U1300,2023-11-14T16:30:51,1
U1403,U1404,U0886|U0723|U0714|U0936,2023-11-14T17:05:14,1
U0739,U0741,U1026|U1396|U0656|U0265,2023-11-14T19:13:47,1
U0697,U1384,U0202|U0713|U1207|U1214,2023-11-14T19:24:59,1
U1133,U1134,U0592|U0327|U0957|U0103,2023-11-14T21:34:19,1
U0708,U0706,U0116|U0351|U0467|U0354,2023-11-14T21:50:30,1
U1011,U0303,U0380|U0238|U0122|U0833,2023-11-15T00:30:12,1
U0596,U0597,U0564|U0015|U0713|U0216,2023-11-15T01:34:17,1
U1328,U1329,U0248|U1119|U0232|U0759,2023-11-15T02:13:31,1
U0222,U0934,U1104|U0694|U1013|U0799,2023-11-15T04:09:10,1
U0424,U0422,U0419|U1317|U0007|U0290,2023-11-15T04:20:21,1
U0491,U0490,U0926|U0642|U0169|U0749,2023-11-15T04:47:03,1
U0599,U0597,U0652|U0676|U0712|U0981,2023-11-15T11:22:47,1
U0553,U0551,U0074|U0177|U1290|U0417,2023-11-15T14:23:25,1
U0816,U0101,U0627|U0530|U0564|U0906,2023-11-15T16:12:00,1
U0451,U0447,U1357|U0095|U1063|U0370,2023-11-15T18:02:28,1
U0428,U1137,U0286|U0727|U1326|U0315,2023-11-15T19:28:17,1
U0132,U0128,U0985|U0582|U0404|U0364,2023-11-15T20:33:49,1
U0277,U0987,U1141|U0315|U1204|U1061,2023-11-15T22:08:41,1
U0929,U0218,U1003|U0525|U0748|U0967,2023-11-15T22:46:49,1
U1277,U1279,U0452|U1182|U0364|U0517,2023-11-15T23:44:17,1
U1119,U1117,U0861|U0163|U0800|U0292,2023-11-16T00:51:15,1
U1165,U1163,U0576|U0650|U1119|U1346,2023-11-16T00:51:42,1
U0852,U0854,U0443|U1007|U0583|U1051,2023-11-16T05:40:29,1
U0772,U0774,U0945|U0367|U0799|U0613,2023-11-16T12:45:41,1
U0086,U0088,U0756|U0343|U1283|U1221,2023-11-16T14:10:38,1
U1111,U1114,U0136|U0313|U1339|U1359,2023-11-16T14:39:09,1
U0820,U0818,U0214|U1261|U0068|U1029,2023-11-16T15:02:04,1
U0794,U0079,U1099|U1114|U0715|U1309,2023-11-16T15:27:08,1
U0960,U0958,U1017|U0976|U0117|U0315,2023-11-16T18:45:26,1
U1398,U0708,U1035|U0155|U0295|U0245,2023-11-16T22:41:02,1
U0854,U0856,U0412|U1120|U1278|U1044,2023-11-16T22:42:43,1
U1207,U1208,U0520|U0997|U0458|U0054,2023-11-17T00:07:04,1
U0580,U0579,U1137|U0865|U1258|U0700,2023-11-17T06:04:12,1
U0771,U0770,U1401|U0111|U0407|U1045,2023-11-17T06:15:06,1
U1275,U1273,U0198|U1336|U0847|U0603,2023-11-17T13:31:16,1
U1307,U0622,U0204|U1023|U0810|U1320,2023-11-17T22:12:25,1
U0102,U0101,U1379|U0969|U1371|U0147,2023-11-17T23:33:03,1
U1369,U1368,U1024|U0498|U1079|U1152,2023-11-18T02:04:39,1
U0990,U0992,U0415|U0240|U0790|U0861,2023-11-18T03:29:57,1
U0657,U0659,U1006|U0589|U1254|U0857,2023-11-18T04:10:38,1
U0870,U0871,U0262|U0101|U0109|U0588,2023-11-18T08:09:44,1
U0944,U0945,U0017|U1307|U0241|U1073,2023-11-18T10:57:12,1
U0717,U0004,U0932|U1236|U0419|U1256,2023-11-18T15:45:52,1
U0631,U0633,U0251|U0150|U0183|U0336,2023-11-18T16:46:40,1
U0799,U0797,U0691|U0651|U0957|U0718,2023-11-18T19:57:16,1
U1268,U1269,U0514|U0741|U0872|U1095,2023-11-18T21:38:54,1
U0676,U1361,U0407|U0014|U0725|U0726,2023-11-18T21:48:51,1
U1150,U1151,U0973|U0013|U0906|U1278,2023-11-18T22:34:17,1
U1256,U1255,U0977|U1328|U1015|U1101,2023-11-19T00:20:23,1
U0511,U0509,U0069|U0141|U0649|U0848,2023-11-19T02:56:39,1
U1280,U1278,U1204|U1114|U0313|U0953,2023-11-19T03:24:46,1
U1237,U1236,U0108|U0025|U0977|U0205,2023-11-19T03:31:24,1
U0395,U0396,U0992|U0346|U1275|U1365,2023-11-19T05:04:23,1
U0185,U0183,U0762|U0913|U0454|U0949,2023-11-19T09:06:26,1
U1404,U1402,U1236|U0331|U0210|U0739,2023-11-19T11:06:46,1
U1259,U0563,U0369|U1221|U1360|U1091,2023-11-19T11:19:46,1
U0982,U0981,U1314|U0229|U0392|U0550,2023-11-19T11:33:01,1
U0229,U0227,U0324|U0671|U0082|U0878,2023-11-19T11:50:20,1
U0924,U0921,U1252|U1014|U0388|U0202,2023-11-19T13:36:21,1
U0012,U0725,U0068|U0825|U0373|U1179,2023-11-19T14:13:29,1
U0534,U1234,U0799|U0971|U0299|U0760,2023-11-19T18:00:05,1
U0396,U0397,U1243|U1237|U0586|U0943,2023-11-19T23:08:21,1
U0516,U0517,U0395|U0864|U0064|U0635,2023-11-19T23:53:33,1
U1279,U1278,U0556|U0220|U0660|U0465,2023-11-20T00:47:31,1
U0027,U0028,U1350|U0411|U0837|U0498,2023-11-20T01:04:50,1
U0573,U0571,U0750|U0003|U0366|U0974,2023-11-20T01:47:47,1
U1211,U1209,U0763|U0127|U0040|U0397,2023-11-20T04:18:20,1
U0019,U0022,U0424|U0815|U1006|U0389,2023-11-20T05:24:56,1
U0444,U0447,U0910|U1130|U0414|U0229,2023-11-20T09:46:41,1
U0800,U0801,U0847|U1251|U0845|U0154,2023-11-20T12:09:08,1
U1148,U1150,U1390|U1308|U1353|U0546,2023-11-20T13:28:15,1
U0567,U0568,U1334|U0201|U0465|U1102,2023-11-20T14:10:53,1
U1137,U1136,U0871|U0952|U0663|U0085,2023-11-20T17:54:00,1
U0762,U0764,U0370|U0610|U1014|U1382,2023-11-20T18:01:51,1
U0604,U0605,U1373|U0265|U1236|U0458,2023-11-20T18:27:33,1
U1204,U1201,U1131|U0247|U0260|U0064,2023-11-20T19:54:10,1
U1195,U1197,U0270|U1094|U0480|U0953,2023-11-20T20:35:09,1
U1348,U1347,U1019|U0652|U0969|U1195,2023-11-21T00:18:35,1
U0028,U0030,U1186|U0747|U1282|U0348,2023-11-21T03:30:58,1
U0549,U0551,U0611|U0830|U0589|U0626,2023-11-21T04:17:04,1
U0287,U0994,U0529|U1279|U0674|U0682,2023-11-21T04:37:09,1
U1065,U0358,U0340|U0303|U0182|U0929,2023-11-21T05:19:06,1
U1189,U0484,U0265|U0637|U0393|U0048,2023-11-21T07:28:18,1
U0960,U0959,U0801|U1221|U0155|U1012,2023-11-21T10:21:00,1
U0044,U0046,U0589|U0830|U0862|U0624,2023-11-21T11:59:54,1
U1339,U1337,U0329|U0802|U0087|U0592,2023-11-21T13:12:39,1
U0919,U0916,U0300|U0114|U1233|U0710,2023-11-21T13:42:43,1
U1145,U1146,U1054|U1170|U0045|U1160,2023-11-21T17:03:45,1
U0822,U0823,U1276|U0804|U0991|U0605,2023-11-21T18:03:23,1
U0873,U0872,U0358|U1118|U0517|U0723,2023-11-21T18:31:18,1
U0004,U0002,U1148|U0196|U0192|U0858,2023-11-21T22:11:50,1
U0459,U0457,U0594|U0724|U1168|U0805,2023-11-22T01:52:26,1
U0628,U0627,U0262|U0727|U1070|U0230,2023-11-22T07:17:41,1
U1315,U1312,U0269|U0091|U0582|U0752,2023-11-22T09:27:23,1
U0134,U0135,U0961|U1269|U0527|U0543,2023-11-22T11:47:09,1
U0249,U0250,U0491|U1371|U0132|U0412,2023-11-22T11:58:42,1
U1210,U1209,U1244|U0265|U0319|U0421,2023-11-22T12:44:58,1
U1114,U1115,U0972|U0933|U0768|U0514,2023-11-22T13:48:35,1
U0284,U0991,U0835|U1247|U0813|U1260,2023-11-22T14:21:54,1
U1186,U1185,U1205|U0404|U0745|U0633,2023-11-22T15:22:48,1
U0073,U0785,U0743|U0319|U0058|U1014,2023-11-22T19:44:38,1
U0682,U0684,U1194|U1149|U0115|U1091,2023-11-22T23:45:01,1
U0044,U0756,U0411|U1183|U0729|U0148,2023-11-23T02:46:13,1
U0584,U0587,U0624|U0472|U1020|U0800,2023-11-23T09:25:55,1
U0854,U0143,U0099|U0156|U0599|U0345,2023-11-23T16:24:48,1
U0422,U1131,U0178|U0898|U0517|U0047,2023-11-23T18:00:05,1
U0181,U0182,U0546|U0241|U0707|U0823,2023-11-23T21:48:41,1
U1241,U1240,U0795|U1117|U1387|U0387,2023-11-24T00:42:58,1
U0348,U0351,U0362|U0084|U0505|U0956,2023-11-24T04:30:38,1
U1245,U1244,U1336|U0995|U0135|U0347,2023-11-24T04:51:55,1
U0859,U0148,U0554|U1009|U1271|U0784,2023-11-24T12:03:26,1
U0362,U1070,U0909|U1268|U1172|U0692,2023-11-24T14:25:43,1
U0191,U0903,U0232|U1163|U1275|U0979,2023-11-24T16:39:16,1
U0458,U0457,U0691|U0483|U0790|U1396,2023-11-24T17:08:26,1
U0652,U0654,U1389|U0287|U0914|U0747,2023-11-24T18:10:23,1
U1315,U1317,U0725|U1275|U0434|U0488,2023-11-24T18:35:05,1
U0272,U0274,U1013|U1347|U1044|U1046,2023-11-24T19:16:29,1
U1015,U1017,U0399|U1398|U0288|U0482,2023-11-24T19:26:37,1
U0293,U0295,U1275|U1337|U1302|U1137,2023-11-24T20:34:58,1
U0169,U0170,U0890|U0597|U0582|U0315,2023-11-24T22:20:15,1
U0395,U0393,U0835|U0187|U0270|U0428,2023-11-24T22:28:13,1
U0913,U0910,U0622|U0710|U0218|U1261,2023-11-25T03:38:09,1
U1256,U1258,U0868|U0399|U0603|U0563,2023-11-25T07:30:05,1
U0406,U0404,U1140|U0283|U0883|U0492,2023-11-25T13:07:23,1
U1006,U1008,U1222|U0903|U1227|U0263,2023-11-25T15:54:30,1
U1165,U1166,U0209|U0388|U0737|U0948,2023-11-25T16:21:43,1
U1397,U0707,U0711|U1247|U1252|U0260,2023-11-25T22:28:17,1
U1253,U1255,U0542|U0544|U1181|U0115,2023-11-26T02:09:56,1
U0385,U0386,U0417|U0753|U0134|U0780,2023-11-26T02:30:38,1
U0967,U0965,U1031|U0520|U1181|U0819,2023-11-26T03:15:19,1
U1249,U1247,U1205|U1133|U0285|U0727,2023-11-26T06:21:15,1
U1128,U1130,U0506|U1363|U0674|U1025,2023-11-26T07:25:13,1
U1373,U1375,U0779|U0641|U0573|U0197,2023-11-26T15:12:53,1
U0488,U0487,U0164|U0955|U1155|U1360,2023-11-26T21:04:55,1
U1196,U1194,U0521|U1393|U0838|U0397,2023-11-26T23:50:23,1
U0337,U0335,U1137|U1220|U0172|U0527,2023-11-27T01:38:04,1
U0198,U0910,U1167|U0143|U0381|U0772,2023-11-27T06:16:51,1
U0955,U0953,U0624|U0694|U1383|U0068,2023-11-27T06:26:08,1
U0713,U0714,U0098|U0260|U0927|U0147,2023-11-27T09:35:05,1
U0061,U0062,U0146|U0025|U1118|U1235,2023-11-27T10:04:01,1
U1138,U1139,U1111|U0124|U0087|U0047,2023-11-27T10:22:45,1
U1033,U0326,U1152|U0302|U1334|U1298,2023-11-27T12:39:06,1
U0898,U0186,U0534|U0749|U1403|U0103,2023-11-27T12:51:04,1
U1152,U1151,U0095|U0831|U0676|U0927,2023-11-27T14:37:50,1
U1081,U1083,U1103|U1396|U0986|U0103,2023-11-27T16:58:26,1
U0196,U0197,U0491|U0748|U1303|U0686,2023-11-27T20:15:35,1
U0574,U0576,U0245|U1336|U0919|U0201,2023-11-28T01:47:51,1
U0703,U1392,U0689|U1170|U0986|U0457,2023-11-28T06:48:40,1
U0250,U0960,U0131|U0150|U0834|U0355,2023-11-28T07:14:29,1
U0873,U0875,U0592|U0986|U1188|U0478,2023-11-28T07:59:53,1
U0454,U0453,U0338|U1230|U1311|U1218,2023-11-28T08:20:06,1
U0552,U0551,U0563|U0105|U0596|U0520,2023-11-28T11:42:21,1
U0938,U0934,U1169|U0616|U1162|U0853,2023-11-28T12:48:01,1
U0277,U0278,U0433|U0030|U0247|U0025,2023-11-28T15:06:56,1
U0624,U0622,U0725|U0913|U0887|U0432,2023-11-28T16:41:35,1
U1072,U1073,U0694|U1134|U0832|U1040,2023-11-28T19:32:02,1
U1265,U1264,U0599|U1075|U0770|U0388,2023-11-28T21:21:26,1
U1346,U1344,U1017|U0212|U0433|U0608,2023-11-28T23:19:08,1
U0997,U1369,U0051|U1040|U1036|U0311,2023-12-01T00:00:00,1
U1091,U0628,U0488|U0921|U0234|U0238,2023-12-01T00:00:01,1
U0753,U1341,U0709|U0587|U1104|U0559,2023-12-01T00:00:02,1
U1211,U0265,U1347|U1314|U0394|U0567,2023-12-01T00:00:03,1
U0634,U0793,U1093|U0752|U0350|U0028,2023-12-02T00:00:01,1
U0771,U1134,U0717|U0495|U0888|U0947,2023-12-02T00:00:02,1
U0493,U0779,U0395|U1276|U0625|U0336,2023-12-02T00:00:03,1
U0705,U0315,U0747|U1398|U0526|U1079,2023-12-02T00:00:04,1
U0292,U1107,U0234|U0164|U0411|U0421,2023-12-03T00:00:01,1
U0277,U0498,U1128|U1141|U1193|U0514,2023-12-03T00:00:02,1
U0215,U0336,U0695|U0894|U0921|U1076,2023-12-03T00:00:03,1
U0623,U1300,U1038|U0593|U1155|U0552,2023-12-03T00:00:04,1
U0548,U0819,U1102|U0532|U1383|U0467,2023-12-04T00:00:01,1
U0143,U0093,U1402|U0167|U0407|U0340,2023-12-04T00:00:02,1
U0239,U1335,U0641|U1346|U0573|U0856,2023-12-04T00:00:03,1
U0193,U0346,U1172|U1006|U1142|U0089,2023-12-04T00:00:04,1
U1022,U0434,U1064|U0524|U0659|U0290,2023-12-05T00:00:01,1
U0155,U0245,U0874|U1312|U0316|U0335,2023-12-05T00:00:02,1
U0191,U1010,U1175|U0313|U0671|U0330,2023-12-05T00:00:03,1
U1132,U0431,U0467|U0652|U0327|U0881,2023-12-05T00:00:04,1
U0321,U1347,U0473|U0094|U0423|U1015,2023-12-06T00:00:01,1
U0292,U1328,U1384|U0431|U1049|U0491,2023-12-06T00:00:02,1
U0650,U0070,U0430|U0790|U0465|U0302,2023-12-06T00:00:03,1
U0407,U0625,U0955|U0530|U0040|U0172,2023-12-06T00:00:04,1
U0427,U0749,U0693|U0730|U0375|U0735,2023-12-07T00:00:01,1
U1358,U0824,U0123|U1404|U1132|U0430,2023-12-07T00:00:02,1
U0726,U0166,U0344|U1202|U1238|U1194,2023-12-07T00:00:03,1
U0057,U0567,U0892|U0743|U0573|U0811,2023-12-08T00:00:00,1
U0356,U0469,U0003|U0173|U0891|U0340,2023-12-08T00:00:01,1
U0822,U1299,U0532|U0803|U0817|U1164,2023-12-08T00:00:02,1
U0571,U1091,U0870|U1339|U0825|U0024,2023-12-08T00:00:03,1
U0938,U0908,U0897|U0949|U0077|U0501,2023-12-09T00:00:01,1
U1167,U0397,U0492|U0082|U0608|U1261,2023-12-09T00:00:02,1
U0571,U1306,U1315|U0244|U0805|U1184,2023-12-09T00:00:03,1
U0712,U0635,U0475|U0569|U0525|U0592,2023-12-09T00:00:04,1
U1084,U0530,U0881|U0081|U0813|U1003,2023-12-10T00:00:01,1
U0785,U0195,U0498|U0110|U1009|U0012,2023-12-10T00:00:02,1
U0954,U0971,U1212|U0548|U0470|U0824,2023-12-10T00:00:03,1
U0372,U0957,U0580|U1204|U1051|U0538,2023-12-10T00:00:04,1
U1068,U0542,U0818|U0610|U0064|U0761,2023-12-11T00:00:01,1
U0221,U0659,U1364|U0583|U0690|U0858,2023-12-11T00:00:02,1
U0027,U1065,U1404|U0854|U0598|U0964,2023-12-11T00:00:03,1
U0159,U1208,U1344|U0392|U1164|U0832,2023-12-11T00:00:04,1
U1368,U0736,U1262|U0764|U0044|U0941,2023-12-12T00:00:01,1
U0760,U0929,U0551|U0401|U0565|U0507,2023-12-12T00:00:02,1
U1137,U0483,U0574|U0242|U0907|U0107,2023-12-12T00:00:03,1
U0552,U0668,U1048|U0477|U1309|U1068,2023-12-12T00:00:04,1
U1141,U0779,U0850|U0225|U0911|U0691,2023-12-13T00:00:01,1
U1074,U0875,U1290|U0013|U1268|U0454,2023-12-13T00:00:02,1
U0087,U0382,U0540|U0745|U1058|U0491,2023-12-13T00:00:03,1
U0962,U0821,U0238|U0824|U0918|U0088,2023-12-13T00:00:04,1
U0521,U0383,U1401|U0019|U0747|U0293,2023-12-14T00:00:01,1
U0452,U1309,U0154|U1063|U0214|U0498,2023-12-14T00:00:02,1
U0131,U0326,U0813|U1368|U1375|U0969,2023-12-14T00:00:03,1
U0756,U0692,U0444|U0672|U0909|U1234,2023-12-15T00:00:00,1
U0857,U0570,U0026|U0530|U0351|U0315,2023-12-15T00:00:01,1
U0487,U0928,U1216|U0267|U0922|U0858,2023-12-15T00:00:02,1
U0873,U0180,U0779|U0301|U0030|U0634,2023-12-15T00:00:03,1
U1039,U0707,U1341|U0116|U0870|U0047,2023-12-16T00:00:01,1
U1018,U0752,U0330|U0664|U0084|U1145,2023-12-16T00:00:02,1
U0914,U1344,U0874|U1204|U1048|U0200,2023-12-16T00:00:03,1
U0111,U1350,U0712|U0471|U0186|U0704,2023-12-16T00:00:04,1
U0919,U0714,U0548|U0749|U1034|U0421,2023-12-17T00:00:01,1
U0759,U0437,U1326|U0952|U1056|U1211,2023-12-17T00:00:02,1
U0300,U0869,U0055|U1304|U1065|U0960,2023-12-17T00:00:03,1
U0074,U0051,U1103|U0175|U0659|U0784,2023-12-17T00:00:04,1
U0791,U0194,U0681|U0744|U0004|U0098,2023-12-18T00:00:01,1
U0936,U1257,U1072|U0011|U0551|U0075,2023-12-18T00:00:02,1
U1065,U1175,U0116|U1214|U0138|U0492,2023-12-18T00:00:03,1
U0052,U0638,U1233|U0348|U1298|U1249,2023-12-18T00:00:04,1
U1156,U0579,U0886|U0790|U0470|U1335,2023-12-19T00:00:01,1
U0716,U0108,U1193|U1250|U0679|U0854,2023-12-19T00:00:02,1
U0250,U0426,U0050|U1280|U1343|U1354,2023-12-19T00:00:03,1
U0559,U0936,U1179|U0384|U0134|U1273,2023-12-19T00:00:04,1
U0024,U1199,U0972|U0534|U0168|U0505,2023-12-20T00:00:01,1
U0958,U0369,U0157|U1350|U1245|U0718,2023-12-20T00:00:02,1
U0119,U0434,U0517|U1220|U0233|U0348,2023-12-20T00:00:03,1
U0097,U0903,U0699|U0103|U0420|U0761,2023-12-20T00:00:04,1
U0611,U0567,U0431|U1363|U0523|U0453,2023-12-21T00:00:01,1
U0034,U0513,U0687|U0094|U0272|U0088,2023-12-21T00:00:02,1
U0814,U0191,U1168|U0315|U0620|U0727,2023-12-21T00:00:03,1
U0792,U0187,U1393|U0220|U0050|U0208,2023-12-22T00:00:00,1
U0671,U0460,U0864|U0025|U0504|U0717,2023-12-22T00:00:01,1
U0357,U0180,U0089|U0981|U1059|U0253,2023-12-22T00:00:02,1
U0752,U0940,U0263|U0731|U0970|U1142,2023-12-22T00:00:03,1
U0364,U0078,U0850|U0942|U0511|U0518,2023-12-23T00:00:01,1
U0053,U1085,U0812|U0330|U1195|U0223,2023-12-23T00:00:02,1
U0652,U0692,U1398|U0330|U1046|U1232,2023-12-23T00:00:03,1
U0941,U0200,U1182|U0957|U0998|U0439,2023-12-23T00:00:04,1
U0166,U0689,U0697|U0729|U1136|U1162,2023-12-24T00:00:01,1
U0936,U0728,U1132|U1280|U0142|U0081,2023-12-24T00:00:02,1
U1278,U0810,U0383|U0322|U0534|U1250,2023-12-24T00:00:03,1
U0748,U0517,U1396|U1338|U0354|U0180,2023-12-24T00:00:04,1
U0407,U0532,U0354|U0191|U0452|U0552,2023-12-25T00:00:01,1
U0263,U0138,U1269|U1061|U0594|U0878,2023-12-25T00:00:02,1
U0588,U0260,U0729|U1232|U1127|U0306,2023-12-25T00:00:03,1
U1085,U1042,U0257|U0841|U1220|U1052,2023-12-25T00:00:04,1
U1315,U0361,U1352|U1117|U0995|U0328,2023-12-26T00:00:01,1
U0200,U0925,U0556|U1130|U0045|U0980,2023-12-26T00:00:02,1
U1195,U0447,U0456|U1366|U0013|U0745,2023-12-26T00:00:03,1
U0972,U0415,U0328|U0134|U0099|U1321,2023-12-26T00:00:04,1
U0929,U0460,U0820|U0664|U1257|U0216,2023-12-27T00:00:01,1
U1278,U1075,U1226|U0841|U0509|U0726,2023-12-27T00:00:02,1
U0257,U0142,U0883|U0679|U0306|U0047,2023-12-27T00:00:03,1
U0755,U1299,U0117|U0524|U0406|U0239,2023-12-27T00:00:04,1
U0527,U0396,U1103|U0390|U0469|U0703,2023-12-28T00:00:01,1
U1343,U0803,U1388|U0769|U1202|U1213,2023-12-28T00:00:02,1
U0822,U0571,U0674|U0516|U0425|U0242,2023-12-28T00:00:03,1
U0142,U0668,U1166|U1222|U0446|U0263,2024-01-01T00:00:00,1
U0317,U0877,U0832|U0729|U0437|U0128,2024-01-01T00:00:01,1
U0712,U0062,U0069|U0756|U1140|U0054,2024-01-01T00:00:02,1
U0517,U0457,U0544|U1013|U0625|U1269,2024-01-01T00:00:03,1
U1259,U0360,U0485|U1349|U0744|U0045,2024-01-02T00:00:01,1
U1307,U0518,U0919|U0051|U1241|U1014,2024-01-02T00:00:02,1
U0143,U0959,U0967|U1213|U0580|U0306,2024-01-02T00:00:03,1
U0733,U0785,U0888|U0313|U1143|U0839,2024-01-02T00:00:04,1
U0760,U0676,U0534|U1338|U0118|U1054,2024-01-03T00:00:01,1
U1303,U0515,U0447|U0274|U0605|U0854,2024-01-03T00:00:02,1
U0136,U1341,U0369|U0671|U1302|U0142,2024-01-03T00:00:03,1
U0487,U0697,U1184|U1272|U0212|U1296,2024-01-03T00:00:04,1
U0144,U1340,U0173|U0187|U0852|U1227,2024-01-04T00:00:01,1
U1123,U0338,U0061|U0283|U1061|U0598,2024-01-04T00:00:02,1
U1295,U1143,U0835|U0465|U0773|U1190,2024-01-04T00:00:03,1
U0521,U1128,U0651|U1213|U0569|U1071,2024-01-04T00:00:04,1
U0464,U0623,U0272|U0196|U0031|U0406,2024-01-05T00:00:01,1
U0248,U0241,U0208|U0146|U0632|U0389,2024-01-05T00:00:02,1
U0982,U0477,U0820|U0745|U0965|U1261,2024-01-05T00:00:03,1
U0172,U1034,U0301|U0939|U0256|U1395,2024-01-05T00:00:04,1
U0016,U0848,U0044|U0399|U1227|U1171,2024-01-06T00:00:01,1
U0367,U1004,U0236|U0073|U0908|U0975,2024-01-06T00:00:02,1
U1216,U0022,U0527|U1197|U0383|U0569,2024-01-06T00:00:03,1
U1053,U0324,U0134|U0704|U0847|U0510,2024-01-06T00:00:04,1
U1017,U0389,U0878|U0179|U0287|U0414,2024-01-07T00:00:01,1
U0882,U0326,U0328|U0155|U0509|U1146,2024-01-07T00:00:02,1
U0756,U1316,U1232|U1189|U1343|U0460,2024-01-07T00:00:03,1
U0707,U1250,U1260|U1212|U0108|U0245,2024-01-08T00:00:00,1
U0455,U0904,U0333|U1312|U1119|U0958,2024-01-08T00:00:01,1
U0828,U0967,U0843|U1239|U0674|U1130,2024-01-08T00:00:02,1
U0235,U0299,U1101|U1322|U0426|U0199,2024-01-08T00:00:03,1
U1115,U1340,U1307|U1172|U1375|U0989,2024-01-09T00:00:01,1
U1301,U1174,U1249|U1207|U0181|U0624,2024-01-09T00:00:02,1
U0842,U0993,U0354|U0390|U0030|U0534,2024-01-09T00:00:03,1
U0022,U0383,U0959|U0529|U0682|U0826,2024-01-09T00:00:04,1
U1323,U0204,U0794|U0386|U0429|U0161,2024-01-10T00:00:01,1
U0335,U0723,U0793|U1209|U1177|U1071,2024-01-10T00:00:02,1
U0640,U1271,U1175|U0289|U0007|U0499,2024-01-10T00:00:03,1
U0112,U0293,U1305|U0818|U1187|U1252,2024-01-10T00:00:04,1
U0460,U1163,U1162|U0807|U0921|U1033,2024-01-11T00:00:01,1
U1160,U0903,U0470|U0594|U1012|U0426,2024-01-11T00:00:02,1
U0629,U0986,U0175|U1323|U0824|U0825,2024-01-11T00:00:03,1
U0163,U1403,U1368|U1232|U0868|U0197,2024-01-11T00:00:04,1
U0008,U0205,U0501|U1221|U0182|U0057,2024-01-12T00:00:01,1
U0270,U0919,U0683|U0172|U1364|U0485,2024-01-12T00:00:02,1
U1199,U0143,U0692|U0488|U0954|U1371,2024-01-12T00:00:03,1
U0285,U0922,U0748|U0421|U1245|U0371,2024-01-12T00:00:04,1
U1182,U0086,U0270|U0419|U1029|U0591,2024-01-13T00:00:01,1
U1182,U0976,U0231|U0207|U0514|U0776,2024-01-13T00:00:02,1
U1382,U0474,U0011|U0142|U1363|U1283,2024-01-13T00:00:03,1
U1048,U0659,U0952|U0107|U1326|U1152,2024-01-13T00:00:04,1
U1305,U1148,U0028|U1138|U0067|U0932,2024-01-14T00:00:01,1
U0125,U0893,U1308|U0610|U0137|U0656,2024-01-14T00:00:02,1
U1090,U1382,U1308|U0103|U0292|U0831,2024-01-14T00:00:03,1
U1250,U0705,U1359|U0817|U1072|U0013,2024-01-15T00:00:00,1
U0385,U0782,U0469|U0064|U0116|U0957,2024-01-15T00:00:01,1
U0921,U1317,U0003|U1019|U1022|U0410,2024-01-15T00:00:02,1
U0936,U0878,U0703|U0258|U0485|U0078,2024-01-15T00:00:03,1
U0359,U1129,U1312|U1161|U0850|U0922,2024-01-16T00:00:01,1
U0334,U0179,U0444|U1211|U1069|U0985,2024-01-16T00:00:02,1
U0822,U0299,U1023|U0899|U1127|U0941,2024-01-16T00:00:03,1
U1139,U0205,U0664|U0774|U0790|U0881,2024-01-16T00:00:04,1
U1085,U1118,U1105|U0172|U0675|U0553,2024-01-17T00:00:01,1
U0201,U1078,U0336|U0453|U0509|U1061,2024-01-17T00:00:02,1
U1271,U1128,U0103|U0442|U0135|U0723,2024-01-17T00:00:03,1
U0919,U1141,U0974|U0637|U1157|U1042,2024-01-17T00:00:04,1
U0198,U0179,U0945|U1007|U0388|U0725,2024-01-18T00:00:01,1
U0451,U0681,U0313|U0128|U0604|U0737,2024-01-18T00:00:02,1
U0615,U0992,U1210|U1053|U1046|U0717,2024-01-18T00:00:03,1
U0363,U1090,U0478|U1193|U0515|U0818,2024-01-18T00:00:04,1
U0869,U1392,U0829|U0683|U0862|U0888,2024-01-19T00:00:01,1
U0910,U0791,U0304|U1072|U1284|U0479,2024-01-19T00:00:02,1
U0124,U0718,U0430|U0844|U0773|U1298,2024-01-19T00:00:03,1
U1187,U0218,U1199|U1284|U0819|U0966,2024-01-19T00:00:04,1
U1336,U0593,U0816|U0386|U0192|U0502,2024-01-20T00:00:01,1
U0717,U0874,U0240|U0476|U0035|U0216,2024-01-20T00:00:02,1
U0596,U0810,U0646|U0592|U1360|U0462,2024-01-20T00:00:03,1
U1216,U0882,U0338|U1393|U0665|U1127,2024-01-20T00:00:04,1
U1334,U0487,U1202|U0736|U0109|U0605,2024-01-21T00:00:01,1
U0049,U0159,U0251|U0666|U1115|U1393,2024-01-21T00:00:02,1
U0201,U0312,U0327|U0799|U0007|U0726,2024-01-21T00:00:03,1
U0521,U1214,U0598|U0458|U0320|U1310,2024-01-22T00:00:00,1
U1161,U1125,U1196|U0410|U0145|U0473,2024-01-22T00:00:01,1
U0807,U0569,U1355|U0635|U0568|U0141,2024-01-22T00:00:02,1
U0704,U1007,U0990|U0784|U0477|U0117,2024-01-22T00:00:03,1
U0191,U0685,U1366|U0237|U1312|U0646,2024-01-23T00:00:01,1
U0203,U0774,U1160|U1384|U0994|U0452,2024-01-23T00:00:02,1
U0764,U0209,U0637|U0850|U0551|U0665,2024-01-23T00:00:03,1
U0143,U1398,U1081|U0707|U0026|U0223,2024-01-23T00:00:04,1
U0014,U1283,U0904|U0362|U0156|U0207,2024-01-24T00:00:01,1
U0826,U0260,U0566|U1056|U0980|U1180,2024-01-24T00:00:02,1
U0918,U1075,U0838|U0272|U0446|U0510,2024-01-24T00:00:03,1
U1051,U0064,U1373|U0661|U0337|U1343,2024-01-24T00:00:04,1
U0534,U0293,U0040|U0825|U0262|U0203,2024-01-25T00:00:01,1
U1072,U1373,U0706|U0596|U0203|U0024,2024-01-25T00:00:02,1
U0730,U1084,U0622|U1234|U1074|U0726,2024-01-25T00:00:03,1
U0799,U0903,U0792|U0079|U0171|U0671,2024-01-25T00:00:04,1
U0704,U0420,U0795|U0642|U0279|U1154,2024-01-26T00:00:01,1
U0467,U0903,U0048|U0691|U1174|U1115,2024-01-26T00:00:02,1
U0003,U1344,U0194|U0275|U0395|U0732,2024-01-26T00:00:03,1
U0695,U0632,U0519|U0397|U0882|U0794,2024-01-26T00:00:04,1
U0168,U0723,U1302|U0119|U1160|U0717,2024-01-27T00:00:01,1
U0393,U0186,U0652|U0405|U1079|U1148,2024-01-27T00:00:02,1
U0982,U0599,U1221|U0175|U0890|U1042,2024-01-27T00:00:03,1
U0369,U1084,U0045|U0151|U0298|U1317,2024-01-27T00:00:04,1
U0880,U0651,U1252|U0311|U0064|U0829,2024-01-28T00:00:01,1
U0394,U1220,U1305|U0927|U0046|U0004,2024-01-28T00:00:02,1
U1072,U0385,U0460|U0580|U0706|U0865,2024-01-28T00:00:03,1
U1042,U0731,U0584|U0244|U1201|U0147,2024-02-01T00:00:00,1
U0648,U1340,U0827|U1171|U1085|U0353,2024-02-01T00:00:01,1
U0337,U0123,U0225|U1402|U1368|U1376,2024-02-01T00:00:02,1
U0904,U0036,U0672|U1031|U0322|U0941,2024-02-01T00:00:03,1
U0864,U0039,U0876|U1312|U1284|U1270,2024-02-02T00:00:01,1
U0987,U1341,U0490|U0920|U0074|U0566,2024-02-02T00:00:02,1
U1067,U0426,U1035|U0927|U1142|U0179,2024-02-02T00:00:03,1
U1297,U0594,U1383|U1025|U0080|U0263,2024-02-02T00:00:04,1
U0725,U0842,U0553|U0950|U0580|U0780,2024-02-03T00:00:01,1
U0139,U1076,U0715|U0686|U1133|U0199,2024-02-03T00:00:02,1
U1037,U0556,U0710|U0409|U1232|U0163,2024-02-03T00:00:03,1
U0014,U1208,U1133|U0134|U0876|U0110,2024-02-03T00:00:04,1
U0541,U0893,U0472|U1218|U1332|U0987,2024-02-04T00:00:01,1
U1279,U0629,U0405|U0380|U1316|U1008,2024-02-04T00:00:02,1
U0227,U0611,U0262|U1304|U0301|U0470,2024-02-04T00:00:03,1
U0221,U0890,U0236|U0013|U1384|U0938,2024-02-04T00:00:04,1
U0507,U1373,U1310|U0624|U0475|U0145,2024-02-05T00:00:01,1
U0714,U0573,U1210|U0344|U0116|U1194,2024-02-05T00:00:02,1
U0519,U0605,U0943|U0717|U0113|U0950,2024-02-05T00:00:03,1
U0461,U0161,U0266|U1183|U0712|U1053,2024-02-05T00:00:04,1
U0502,U0183,U0287|U0858|U0347|U0132,2024-02-06T00:00:01,1
U0109,U0628,U0157|U0696|U0864|U0706,2024-02-06T00:00:02,1
U0535,U0511,U0382|U1338|U0631|U1091,2024-02-06T00:00:03,1
U0818,U0244,U0123|U0600|U0776|U0105,2024-02-06T00:00:04,1
U0434,U0166,U1054|U1219|U1275|U0865,2024-02-07T00:00:01,1
U1026,U1127,U0659|U0979|U0907|U0717,2024-02-07T00:00:02,1
U0598,U1074,U0294|U0911|U1271|U0201,2024-02-07T00:00:03,1
U1322,U0080,U1195|U0380|U1114|U0865,2024-02-08T00:00:00,1
U0894,U0166,U1128|U0173|U1034|U0177,2024-02-08T00:00:01,1
U0629,U0839,U1288|U0346|U0743|U0320,2024-02-08T00:00:02,1
U0074,U0855,U0959|U0613|U0433|U0696,2024-02-08T00:00:03,1
U0982,U1053,U0420|U1372|U0941|U0128,2024-02-09T00:00:01,1
U1164,U1208,U0756|U1080|U0802|U0242,2024-02-09T00:00:02,1
U0544,U1111,U0675|U1261|U0021|U0575,2024-02-09T00:00:03,1
U1401,U1307,U0719|U0907|U0632|U1069,2024-02-09T00:00:04,1
U0991,U0067,U1021|U0724|U0298|U1049,2024-02-10T00:00:01,1
U0241,U0675,U1297|U0485|U0431|U0423,2024-02-10T00:00:02,1
U0103,U0829,U0464|U1180|U0550|U1076,2024-02-10T00:00:03,1
U0992,U1349,U0815|U1177|U0347|U0683,2024-02-10T00:00:04,1
U1192,U0510,U0309|U0013|U0203|U0949,2024-02-11T00:00:01,1
U1117,U0425,U0202|U0865|U0970|U0626,2024-02-11T00:00:02,1
U1143,U0516,U0519|U0408|U1283|U1298,2024-02-11T00:00:03,1
U0080,U0974,U1352|U1100|U1290|U0881,2024-02-11T00:00:04,1
U0639,U0241,U0192|U0670|U1140|U0369,2024-02-12T00:00:01,1
U1070,U1304,U0432|U0998|U0072|U0354,2024-02-12T00:00:02,1
U1128,U1132,U0499|U1194|U0857|U0994,2024-02-12T00:00:03,1
U1361,U0821,U1090|U0187|U0401|U0684,2024-02-12T00:00:04,1
U0229,U1056,U1269|U0739|U1349|U0253,2024-02-13T00:00:01,1
U0571,U0972,U0939|U0480|U0040|U0536,2024-02-13T00:00:02,1
U0654,U0814,U0992|U0857|U0671|U0026,2024-02-13T00:00:03,1
U1260,U0458,U0196|U0975|U0953|U1312,2024-02-13T00:00:04,1
U0254,U1357,U0537|U0684|U0949|U0886,2024-02-14T00:00:01,1
U0481,U0298,U0745|U0235|U0686|U0990,2024-02-14T00:00:02,1
U1100,U0270,U0393|U1004|U0838|U0361,2024-02-14T00:00:03,1
U0718,U1146,U0233|U0154|U0949|U1289,2024-02-15T00:00:00,1
U1059,U1209,U0278|U1285|U0995|U1357,2024-02-15T00:00:01,1
U0182,U0027,U1239|U1401|U0636|U0989,2024-02-15T00:00:02,1
U1367,U0627,U1315|U0482|U0850|U0911,2024-02-15T00:00:03,1
U0928,U0229,U0865|U0667|U0762|U0334,2024-02-16T00:00:01,1
U0802,U1061,U0773|U0892|U0465|U1365,2024-02-16T00:00:02,1
U1074,U0091,U0574|U1337|U1325|U1166,2024-02-16T00:00:03,1
U1197,U1361,U1353|U1331|U0111|U0880,2024-02-16T00:00:04,1
U0387,U1044,U0692|U0017|U1207|U0569,2024-02-17T00:00:01,1
U1300,U0144,U0423|U0157|U0276|U0155,2024-02-17T00:00:02,1
U0532,U1015,U1010|U1195|U0446|U0299,2024-02-17T00:00:03,1
U1072,U1327,U0961|U0035|U0941|U1268,2024-02-17T00:00:04,1
U0195,U0829,U0142|U1274|U0568|U0137,2024-02-18T00:00:01,1
U1134,U1324,U0125|U1204|U0245|U0111,2024-02-18T00:00:02,1
U0939,U1104,U0985|U0610|U1048|U0302,2024-02-18T00:00:03,1
U0248,U0132,U0335|U1192|U0107|U0575,2024-02-18T00:00:04,1
U1346,U1060,U0263|U0566|U0452|U0141,2024-02-19T00:00:01,1
U1240,U0559,U0606|U0987|U0972|U1101,2024-02-19T00:00:02,1
U0424,U0337,U0267|U1336|U0704|U1150,2024-02-19T00:00:03,1
U0196,U0893,U0248|U0881|U1396|U0276,2024-02-19T00:00:04,1
U1271,U0067,U0303|U0128|U0387|U0570,2024-02-20T00:00:01,1
U0335,U1193,U1018|U1068|U0606|U1169,2024-02-20T00:00:02,1
U0335,U1382,U1002|U1285|U0108|U1329,2024-02-20T00:00:03,1
U1168,U0537,U0266|U0525|U0490|U1094,2024-02-20T00:00:04,1
U0596,U0177,U1102|U1217|U1104|U1013,2024-02-21T00:00:01,1
U0530,U0763,U1155|U1094|U0945|U0749,2024-02-21T00:00:02,1
U0519,U0707,U1275|U1274|U1253|U0498,2024-02-21T00:00:03,1
U0302,U1359,U0927|U1081|U1230|U1038,2024-02-22T00:00:00,1
U0373,U0454,U1328|U0480|U0711|U0473,2024-02-22T00:00:01,1
U0687,U0737,U1362|U0482|U0134|U1079,2024-02-22T00:00:02,1
U0347,U0707,U1264|U0666|U0263|U0062,2024-02-22T00:00:03,1
U0755,U0955,U0918|U0973|U1271|U1293,2024-02-23T00:00:01,1
U0954,U1297,U0741|U0047|U1193|U1183,2024-02-23T00:00:02,1
U0266,U0925,U0581|U0943|U0202|U1155,2024-02-23T00:00:03,1
U0764,U0653,U1049|U0540|U1045|U0138,2024-02-23T00:00:04,1
U0034,U0843,U0755|U1071|U0258|U0344,2024-02-24T00:00:01,1
U0652,U1134,U1015|U0317|U0275|U0357,2024-02-24T00:00:02,1
U0870,U0697,U0932|U1236|U0371|U0261,2024-02-24T00:00:03,1
U0340,U0461,U1071|U0657|U0166|U0907,2024-02-24T00:00:04,1
U1009,U0166,U0799|U0389|U1036|U0474,2024-02-25T00:00:01,1
U0192,U1199,U1404|U0444|U0455|U0036,2024-02-25T00:00:02,1
U1117,U0099,U0952|U1376|U0897|U0413,2024-02-25T00:00:03,1
U1114,U0031,U0264|U0568|U1200|U0305,2024-02-25T00:00:04,1
U0881,U0003,U1200|U1187|U0961|U0223,2024-02-26T00:00:01,1
U0104,U0567,U0862|U0694|U0569|U0036,2024-02-26T00:00:02,1
U0235,U0215,U0898|U0662|U1167|U0784,2024-02-26T00:00:03,1
U0054,U0318,U0924|U0853|U1271|U0784,2024-02-26T00:00:04,1
U0014,U0488,U0956|U0653|U1148|U0739,2024-02-27T00:00:01,1
U0570,U0975,U0839|U1012|U0526|U0820,2024-02-27T00:00:02,1
U0454,U0265,U0288|U0980|U1014|U1182,2024-02-27T00:00:03,1
U0163,U1044,U0320|U0580|U0869|U0911,2024-02-27T00:00:04,1
U0340,U0395,U0701|U0589|U0106|U0533,2024-02-28T00:00:01,1
U0476,U0965,U0122|U0824|U0397|U0947,2024-02-28T00:00:02,1
U0538,U0348,U1188|U0516|U0068|U0841,2024-02-28T00:00:03,1
U1283,U0502,U0794|U1368|U0235|U0724,2024-03-01T00:00:00,1
U1060,U0261,U1052|U0633|U0506|U1207,2024-03-01T00:00:01,1
U0682,U0312,U0065|U1078|U1162|U0817,2024-03-01T00:00:02,1
U0293,U0202,U1078|U0192|U1161|U0225,2024-03-01T00:00:03,1
U0095,U1222,U0593|U0157|U1219|U0561,2024-03-02T00:00:01,1
U1304,U1014,U0132|U0530|U0366|U1254,2024-03-02T00:00:02,1
U0732,U0717,U1059|U1298|U0143|U0878,2024-03-02T00:00:03,1
U0301,U0580,U0967|U0045|U0204|U0364,2024-03-02T00:00:04,1
U0718,U0606,U1210|U0351|U0970|U0438,2024-03-03T00:00:01,1
U1259,U0968,U0898|U0956|U0215|U1376,2024-03-03T00:00:02,1
U1096,U0185,U0755|U0575|U0016|U0192,2024-03-03T00:00:03,1
U0959,U0876,U1065|U1179|U1357|U0915,2024-03-03T00:00:04,1
U0731,U0816,U1070|U0510|U0995|U1169,2024-03-04T00:00:01,1
U0459,U0273,U0936|U1180|U0456|U0990,2024-03-04T00:00:02,1
U0052,U0934,U0841|U0933|U0985|U0257,2024-03-04T00:00:03,1
U0811,U1022,U0210|U0209|U0730|U0782,2024-03-04T00:00:04,1
U0285,U0571,U1288|U0465|U1039|U0064,2024-03-05T00:00:01,1
U0927,U0768,U0922|U1325|U1218|U1138,2024-03-05T00:00:02,1
U0564,U0700,U0043|U1056|U1072|U0731,2024-03-05T00:00:03,1
U0794,U1286,U0132|U1253|U0515|U0521,2024-03-05T00:00:04,1
U1232,U0182,U1389|U0929|U0847|U0918,2024-03-06T00:00:01,1
U0589,U0183,U1287|U0380|U0409|U0735,2024-03-06T00:00:02,1
U0761,U1284,U1265|U0858|U0718|U0725,2024-03-06T00:00:03,1
U0678,U0568,U0451|U0764|U0846|U0997,2024-03-06T00:00:04,1
U0469,U0147,U0554|U1392|U0074|U0274,2024-03-07T00:00:01,1
U0094,U0028,U0301|U0681|U1194|U0098,2024-03-07T00:00:02,1
U0517,U0181,U0101|U0425|U0770|U0493,2024-03-07T00:00:03,1
U0238,U0697,U0451|U0406|U1167|U0695,2024-03-08T00:00:00,1
U0131,U1199,U1002|U0690|U0480|U0205,2024-03-08T00:00:01,1
U1107,U0955,U1021|U0980|U0134|U0344,2024-03-08T00:00:02,1
U0810,U1324,U0155|U1280|U1402|U0607,2024-03-08T00:00:03,1
U0169,U1011,U1372|U0179|U0950|U1064,2024-03-09T00:00:01,1
U1247,U1164,U0803|U0166|U1303|U0631,2024-03-09T00:00:02,1
U1127,U0311,U0200|U0561|U0653|U0401,2024-03-09T00:00:03,1
U0263,U0665,U0455|U0875|U0103|U0051,2024-03-09T00:00:04,1
U1139,U0727,U0543|U0446|U0265|U0774,2024-03-10T00:00:01,1
U1314,U0784,U0820|U0652|U0516|U0110,2024-03-10T00:00:02,1
U0488,U0108,U0536|U1322|U0791|U1058,2024-03-10T00:00:03,1
U0313,U0812,U1396|U1151|U0423|U1401,2024-03-10T00:00:04,1
U1154,U1135,U0967|U1068|U0670|U1009,2024-03-11T00:00:01,1
U0312,U1234,U1356|U1037|U0573|U0550,2024-03-11T00:00:02,1
U1149,U0716,U0370|U0008|U0108|U1237,2024-03-11T00:00:03,1
U0338,U0985,U0380|U0479|U1071|U0345,2024-03-11T00:00:04,1
U0872,U0507,U0897|U0831|U0849|U1007,2024-03-12T00:00:01,1
U0787,U0639,U0865|U0664|U0821|U1372,2024-03-12T00:00:02,1
U0291,U0223,U1232|U0329|U0274|U0123,2024-03-12T00:00:03,1
U0989,U0026,U1180|U0248|U0390|U1339,2024-03-12T00:00:04,1
U0294,U1287,U0581|U1284|U1308|U0945,2024-03-13T00:00:01,1
U0045,U0498,U1145|U0629|U0819|U1266,2024-03-13T00:00:02,1
U0936,U0826,U0998|U0542|U0577|U0113,2024-03-13T00:00:03,1
U0423,U0159,U0140|U0584|U0812|U0906,2024-03-13T00:00:04,1
U0874,U0001,U1388|U0295|U0178|U1215,2024-03-14T00:00:01,1
U0989,U1080,U0641|U0534|U0013|U0311,2024-03-14T00:00:02,1
U0025,U1165,U1214|U0088|U0417|U0109,2024-03-14T00:00:03,1
U0947,U0254,U0401|U1268|U1286|U1356,2024-03-15T00:00:00,1
U0235,U1108,U0075|U0620|U0355|U1133,2024-03-15T00:00:01,1
U0080,U1071,U0593|U0287|U0370|U0432,2024-03-15T00:00:02,1
U0324,U0514,U0261|U0719|U0951|U0582,2024-03-15T00:00:03,1
U0571,U0944,U0708|U1017|U0153|U0958,2024-03-16T00:00:01,1
U0629,U0115,U1129|U1329|U0374|U1298,2024-03-16T00:00:02,1
U1327,U0691,U1037|U0524|U1314|U1004,2024-03-16T00:00:03,1
U1310,U0002,U1176|U0643|U1295|U0921,2024-03-16T00:00:04,1
U1002,U0080,U0681|U0266|U0331|U0921,2024-03-17T00:00:01,1
U0681,U0446,U0261|U1201|U0493|U1337,2024-03-17T00:00:02,1
U0918,U0044,U0627|U1034|U0115|U0154,2024-03-17T00:00:03,1
U1202,U0873,U0163|U0926|U1029|U0271,2024-03-17T00:00:04,1
U0856,U0484,U0046|U1010|U1229|U0452,2024-03-18T00:00:01,1
U0214,U0825,U0969|U0854|U0114|U0886,2024-03-18T00:00:02,1
U0700,U0167,U0221|U1140|U0685|U0651,2024-03-18T00:00:03,1
U0961,U0833,U1353|U0883|U1159|U0993,2024-03-18T00:00:04,1
U0260,U0473,U1365|U0065|U1064|U0318,2024-03-19T00:00:01,1
U0634,U0541,U1097|U0348|U0988|U0813,2024-03-19T00:00:02,1
U1198,U0295,U0819|U0143|U0643|U0311,2024-03-19T00:00:03,1
U0759,U0182,U1035|U0553|U0175|U0989,2024-03-19T00:00:04,1
U1353,U0656,U0076|U0154|U0287|U0159,2024-03-20T00:00:01,1
U0805,U0551,U0814|U0945|U0103|U0908,2024-03-20T00:00:02,1
U0587,U0381,U0711|U0360|U1058|U0236,2024-03-20T00:00:03,1
U0110,U0534,U0286|U0924|U0499|U1130,2024-03-20T00:00:04,1
U0272,U1401,U1198|U0989|U0979|U0888,2024-03-21T00:00:01,1
U0942,U0769,U0813|U0214|U0845|U0478,2024-03-21T00:00:02,1
U0640,U0027,U1302|U0166|U0193|U0892,2024-03-21T00:00:03,1
U0423,U0702,U0347|U0475|U0429|U0567,2024-03-22T00:00:00,1
U0695,U0539,U1365|U1285|U0041|U0218,2024-03-22T00:00:01,1
U1199,U0892,U0517|U0803|U0187|U0505,2024-03-22T00:00:02,1
U0652,U0687,U0579|U0479|U0725|U0701,2024-03-22T00:00:03,1
U1365,U0047,U0469|U0633|U0748|U0295,2024-03-23T00:00:01,1
U0240,U1302,U0079|U1134|U1017|U0779,2024-03-23T00:00:02,1
U0355,U0845,U1401|U1155|U0446|U0723,2024-03-23T00:00:03,1
U0389,U1026,U0830|U0369|U0692|U0205,2024-03-23T00:00:04,1
U0997,U0469,U0597|U0925|U0305|U0962,2024-03-24T00:00:01,1
U0260,U1358,U0065|U1339|U1168|U1213,2024-03-24T00:00:02,1
U0821,U0692,U0467|U0888|U0969|U1080,2024-03-24T00:00:03,1
U0086,U1251,U0306|U1045|U1220|U0748,2024-03-24T00:00:04,1
U1239,U1111,U1151|U0326|U0882|U1022,2024-03-25T00:00:01,1
U0892,U0061,U0354|U0539|U0940|U1067,2024-03-25T00:00:02,1
U0977,U0667,U0477|U0888|U0355|U0118,2024-03-25T00:00:03,1
U0105,U0373,U0600|U0475|U1132|U0249,2024-03-25T00:00:04,1
U0032,U1019,U0251|U0202|U0163|U0044,2024-03-26T00:00:01,1
U0828,U1348,U1356|U0689|U1382|U0104,2024-03-26T00:00:02,1
U1207,U0321,U0707|U0539|U0763|U0473,2024-03-26T00:00:03,1
U0580,U0693,U1079|U0241|U1343|U1382,2024-03-26T00:00:04,1
U0407,U0169,U0705|U1036|U1106|U0078,2024-03-27T00:00:01,1
U0537,U1199,U1136|U0942|U0198|U0514,2024-03-27T00:00:02,1
U0412,U0040,U0294|U0397|U0371|U0163,2024-03-27T00:00:03,1
U0124,U0291,U0844|U1205|U1236|U0764,2024-03-27T00:00:04,1
U0354,U0163,U0735|U0737|U0112|U0218,2024-03-28T00:00:01,1
U0743,U0725,U1187|U0521|U0907|U0337,2024-03-28T00:00:02,1
U0447,U0854,U0110|U0375|U0881|U1261,2024-03-28T00:00:03,1
U1367,U1049,U0665|U0455|U0910|U1286,2024-04-01T00:00:00,1
U1240,U0781,U1007|U0918|U1054|U0638,2024-04-01T00:00:01,1
U0853,U0490,U0570|U0847|U0961|U0844,2024-04-01T00:00:02,1
U0907,U1101,U0678|U0508|U1160|U0997,2024-04-01T00:00:03,1
U1114,U1310,U0650|U0236|U0690|U1156,2024-04-02T00:00:01,1
U0138,U0861,U0104|U0672|U0502|U0838,2024-04-02T00:00:02,1
U0288,U1117,U1091|U1240|U0837|U1014,2024-04-02T00:00:03,1
U1307,U0620,U1084|U0485|U0526|U0995,2024-04-02T00:00:04,1
U0687,U1167,U0697|U0108|U0961|U0369,2024-04-03T00:00:01,1
U0098,U1022,U0880|U0403|U0605|U1072,2024-04-03T00:00:02,1
U0468,U1059,U0525|U0342|U1312|U0580,2024-04-03T00:00:03,1
U1387,U0663,U1331|U1085|U0102|U0586,2024-04-03T00:00:04,1
U0607,U0333,U0344|U0750|U0802|U0261,2024-04-04T00:00:01,1
U0552,U1341,U0967|U0951|U0049|U1365,2024-04-04T00:00:02,1
U0521,U1336,U0515|U1011|U0358|U0203,2024-04-04T00:00:03,1
U1257,U0442,U0097|U1099|U0118|U0861,2024-04-04T00:00:04,1
U0017,U1279,U0470|U1324|U1304|U0556,2024-04-05T00:00:01,1
U1218,U0990,U0476|U1317|U0424|U0657,2024-04-05T00:00:02,1
U0169,U0989,U0361|U0025|U0629|U0194,2024-04-05T00:00:03,1
U0769,U0131,U0926|U0709|U0934|U1008,2024-04-05T00:00:04,1
U0117,U0776,U0097|U0190|U1310|U0134,2024-04-06T00:00:01,1
U1021,U0640,U0629|U1161|U1053|U0019,2024-04-06T00:00:02,1
U0057,U0052,U0498|U1190|U0157|U0559,2024-04-06T00:00:03,1
U0457,U0556,U0702|U0225|U0541|U0502,2024-04-06T00:00:04,1
U0194,U0707,U0739|U1267|U0660|U0758,2024-04-07T00:00:01,1
U0893,U0303,U1215|U1108|U1388|U1384,2024-04-07T00:00:02,1
U0203,U0392,U0316|U1042|U0657|U0964,2024-04-07T00:00:03,1
U0750,U1190,U0493|U0089|U0570|U0633,2024-04-08T00:00:00,1
U0878,U0147,U1071|U0312|U0134|U0911,2024-04-08T00:00:01,1
U0335,U0306,U0817|U1064|U0118|U0570,2024-04-08T00:00:02,1
U0667,U1234,U0968|U0142|U0631|U0957,2024-04-08T00:00:03,1
U0566,U1322,U0872|U0699|U0708|U0311,2024-04-09T00:00:01,1
U0616,U1390,U0741|U1214|U1399|U1201,2024-04-09T00:00:02,1
U0390,U0507,U0631|U1127|U0471|U0771,2024-04-09T00:00:03,1
U1375,U0065,U1347|U0628|U0887|U0375,2024-04-09T00:00:04,1
U1383,U0641,U0748|U0790|U1139|U0248,2024-04-10T00:00:01,1
U1360,U0218,U0594|U0004|U1130|U0727,2024-04-10T00:00:02,1
U1125,U0444,U0070|U0972|U1277|U0773,2024-04-10T00:00:03,1
U0993,U0796,U1146|U0187|U1305|U0101,2024-04-10T00:00:04,1
U1106,U0265,U0022|U0605|U0818|U1282,2024-04-11T00:00:01,1
U0863,U0823,U1097|U0625|U0684|U0527,2024-04-11T00:00:02,1
U1327,U0408,U1217|U0843|U1081|U0109,2024-04-11T00:00:03,1
U0092,U1107,U1216|U0214|U0905|U0104,2024-04-11T00:00:04,1
U0320,U0715,U0354|U1230|U0481|U0533,2024-04-12T00:00:01,1
U1321,U0030,U0387|U0666|U1365|U0554,2024-04-12T00:00:02,1
U1393,U1123,U0656|U0776|U1071|U0458,2024-04-12T00:00:03,1
U0125,U0003,U1312|U0869|U0382|U1017,2024-04-12T00:00:04,1
U0315,U0593,U0074|U0110|U1287|U0234,2024-04-13T00:00:01,1
U0210,U0535,U0225|U1362|U1106|U0086,2024-04-13T00:00:02,1
U0031,U0264,U0153|U0785|U0278|U1194,2024-04-13T00:00:03,1
U0678,U0959,U0269|U0974|U0467|U1095,2024-04-13T00:00:04,1
U1037,U0305,U1375|U1155|U0150|U1387,2024-04-14T00:00:01,1
U0152,U1289,U0116|U1348|U0726|U0772,2024-04-14T00:00:02,1
U0709,U0109,U0594|U0195|U1165|U1240,2024-04-14T00:00:03,1
U0851,U0207,U0306|U0981|U0011|U0654,2024-04-15T00:00:00,1
U0484,U1168,U0467|U0696|U0584|U0210,2024-04-15T00:00:01,1
U0666,U0291,U0510|U1129|U0527|U0841,2024-04-15T00:00:02,1
U0881,U1205,U1271|U0584|U0112|U1021,2024-04-15T00:00:03,1
U0888,U0794,U1065|U0882|U1292|U0979,2024-04-16T00:00:01,1
U0086,U0972,U1341|U0034|U0855|U0004,2024-04-16T00:00:02,1
U0370,U0694,U0894|U0451|U0924|U1399,2024-04-16T00:00:03,1
U0472,U0707,U0631|U0586|U0920|U1132,2024-04-16T00:00:04,1
U0385,U1102,U1048|U0456|U0047|U1073,2024-04-17T00:00:01,1
U0927,U0849,U0656|U1360|U0030|U1215,2024-04-17T00:00:02,1
U1337,U0305,U1243|U1274|U0424|U0744,2024-04-17T00:00:03,1
U1237,U0159,U0443|U0263|U1356|U1256,2024-04-17T00:00:04,1
U0396,U1160,U1200|U0929|U0865|U0498,2024-04-18T00:00:01,1
U1120,U0141,U0157|U0506|U0465|U1002,2024-04-18T00:00:02,1
U0168,U0287,U0665|U1183|U0113|U0898,2024-04-18T00:00:03,1
U0088,U1207,U0947|U0003|U0716|U0142,2024-04-18T00:00:04,1
U0518,U0488,U1136|U0714|U0353|U0275,2024-04-19T00:00:01,1
U0974,U0177,U0899|U0300|U1006|U1210,2024-04-19T00:00:02,1
U1141,U0197,U0475|U0525|U1192|U0819,2024-04-19T00:00:03,1
U0537,U1002,U0399|U1202|U0605|U0006,2024-04-19T00:00:04,1
U1050,U1000,U0319|U0180|U0993|U0521,2024-04-20T00:00:01,1
U1048,U0681,U0802|U0385|U0388|U0994,2024-04-20T00:00:02,1
U1063,U0326,U0387|U0011|U0611|U0026,2024-04-20T00:00:03,1
U1364,U1042,U0004|U0844|U0145|U0030,2024-04-20T00:00:04,1
U0048,U1215,U1395|U0342|U0615|U1031,2024-04-21T00:00:01,1
U0948,U0312,U0526|U0936|U1188|U0778,2024-04-21T00:00:02,1
U0807,U0253,U0301|U0086|U0399|U0357,2024-04-21T00:00:03,1
U0533,U0830,U0875|U0646|U0795|U1149,2024-04-22T00:00:00,1
U0419,U0793,U1314|U0360|U0636|U0238,2024-04-22T00:00:01,1
U0817,U0812,U0080|U0015|U0155|U0517,2024-04-22T00:00:02,1
U0881,U0374,U0230|U0240|U0022|U0107,2024-04-22T00:00:03,1
U0321,U1314,U0875|U0081|U0542|U0697,2024-04-23T00:00:01,1
U1150,U0183,U0423|U0484|U1397|U1115,2024-04-23T00:00:02,1
U0358,U0380,U0667|U1167|U0491|U1336,2024-04-23T00:00:03,1
U1044,U0369,U0167|U0236|U0138|U0533,2024-04-23T00:00:04,1
U1384,U0806,U1322|U1233|U0737|U0685,2024-04-24T00:00:01,1
U1114,U0824,U1364|U0905|U0338|U0656,2024-04-24T00:00:02,1
U1159,U0975,U0523|U1051|U0711|U1054,2024-04-24T00:00:03,1
U0841,U0546,U0405|U0301|U0957|U1014,2024-04-24T00:00:04,1
U0904,U0679,U1304|U0082|U1220|U0336,2024-04-25T00:00:01,1
U0583,U0275,U0012|U1121|U0858|U0237,2024-04-25T00:00:02,1
U0611,U0350,U0316|U0292|U0065|U0076,2024-04-25T00:00:03,1
U0956,U0155,U0392|U0334|U1362|U0361,2024-04-25T00:00:04,1
U0686,U0390,U0580|U0216|U1321|U1104,2024-04-26T00:00:01,1
U0291,U0178,U0057|U0624|U0739|U1311,2024-04-26T00:00:02,1
U0195,U0552,U0429|U1267|U1128|U1332,2024-04-26T00:00:03,1
U1126,U1008,U1367|U1274|U1340|U0747,2024-04-26T00:00:04,1
U0043,U0221,U1265|U0065|U0150|U0785,2024-04-27T00:00:01,1
U0662,U0979,U0571|U0629|U0668|U1060,2024-04-27T00:00:02,1
U1147,U0383,U1286|U0012|U1361|U1395,2024-04-27T00:00:03,1
U1063,U0181,U0509|U0481|U1026|U0014,2024-04-27T00:00:04,1
U1222,U1268,U1134|U1127|U1058|U1063,2024-04-28T00:00:01,1
U0577,U0045,U1067|U1109|U1100|U0875,2024-04-28T00:00:02,1
U0508,U1146,U1012|U0727|U1284|U0225,2024-04-28T00:00:03,1
