user_id,interest_title_id,timestamp
U1254,IT01176,2023-01-01T05:06:46
U1185,IT08262,2023-01-01T19:30:53
U0541,IT08683,2023-01-01T20:43:17
U0089,IT04094,2023-01-02T08:41:51
U0099,IT05634,2023-01-02T17:01:41
U0573,IT01099,2023-01-02T23:25:56
U0920,IT08675,2023-01-03T02:40:07
U0099,IT08305,2023-01-03T21:36:56
U0476,IT08541,2023-01-04T03:42:54
U0192,IT02608,2023-01-04T18:52:27
U0550,IT04531,2023-01-05T00:17:27
U0287,IT09239,2023-01-05T10:22:01
U0728,IT04308,2023-01-05T10:57:37
U0859,IT00808,2023-01-05T12:43:28
U1051,IT02327,2023-01-05T15:30:04
U0631,IT07139,2023-01-05T18:31:49
U0752,IT01333,2023-01-05T19:38:15
U0684,IT08461,2023-01-05T20:22:29
U0382,IT04709,2023-01-06T12:19:34
U0696,IT08491,2023-01-06T15:38:27
U0841,IT05495,2023-01-07T02:25:54
U1302,IT02896,2023-01-07T12:19:12
U1211,IT03199,2023-01-07T13:06:09
U0474,IT02049,2023-01-07T19:38:25
U0109,IT03899,2023-01-08T04:30:26
U1239,IT02642,2023-01-08T06:16:43
U1031,IT06731,2023-01-08T06:44:17
U1009,IT04244,2023-01-08T18:59:20
U0451,IT00633,2023-01-08T20:04:47
U0172,IT04740,2023-01-08T22:38:22
U0741,IT03134,2023-01-09T00:13:37
U1269,IT02621,2023-01-09T06:16:02
U0982,IT08790,2023-01-09T07:28:41
U1202,IT07870,2023-01-09T07:36:30
U0781,IT04066,2023-01-09T14:18:46
U0102,IT04205,2023-01-09T14:30:14
U1192,IT02862,2023-01-10T00:33:31
U0107,IT09566,2023-01-10T03:07:16
U0951,IT02652,2023-01-10T07:27:29
U0903,IT09887,2023-01-10T13:55:27
U0531,IT04670,2023-01-10T20:52:29
U0772,IT00341,2023-01-10T23:10:41
U0724,IT00748,2023-01-11T01:00:29
U0203,IT07822,2023-01-11T02:16:44
U0399,IT01432,2023-01-11T13:19:32
U0650,IT04174,2023-01-11T14:01:50
U0611,IT04365,2023-01-11T18:42:09
U0469,IT04641,2023-01-11T19:13:43
U1166,IT08178,2023-01-11T21:32:18
U0076,IT07398,2023-01-12T03:56:26
U1369,IT02821,2023-01-12T12:13:40
U1104,IT09091,2023-01-12T12:58:02
U0766,IT00164,2023-01-13T00:25:10
U0035,IT08711,2023-01-13T04:47:30
U0361,IT04377,2023-01-13T12:17:34
U0227,IT08028,2023-01-13T18:41:33
U0294,IT04066,2023-01-13T19:38:15
U0058,IT06155,2023-01-14T01:48:09
U1171,IT01833,2023-01-14T10:36:26
U0567,IT09739,2023-01-14T11:03:38
U1202,IT00339,2023-01-14T11:23:58
U0526,IT03575,2023-01-14T23:11:25
U1387,IT06531,2023-01-14T23:26:26
U0682,IT03919,2023-01-15T07:06:21
U0364,IT01440,2023-01-15T12:57:19
U0012,IT08999,2023-01-15T14:14:25
U1161,IT05199,2023-01-15T15:39:56
U1063,IT03081,2023-01-15T20:51:17
U0407,IT02785,2023-01-16T08:13:34
U0875,IT06026,2023-01-16T08:46:13
U0678,IT02758,2023-01-16T18:09:40
U1268,IT01121,2023-01-17T09:30:13
U0994,IT06965,2023-01-17T09:50:21
U1123,IT08835,2023-01-17T10:07:54
U1096,IT07371,2023-01-17T14:35:23
U1346,IT07556,2023-01-17T19:03:07
U0265,IT08645,2023-01-17T21:01:08
U0732,IT05325,2023-01-17T23:49:25
U0573,IT02475,2023-01-18T00:27:25
U0013,IT09500,2023-01-18T05:20:53
U0113,IT08500,2023-01-18T06:55:08
U1309,IT03384,2023-01-18T07:46:37
U0517,IT05772,2023-01-18T12:01:11
U0353,IT00970,2023-01-18T14:11:51
U0597,IT03094,2023-01-18T20:29:40
U0976,IT06776,2023-01-19T00:50:42
U0385,IT07510,2023-01-19T15:31:26
U0804,IT07918,2023-01-19T15:49:10
U1002,IT06019,2023-01-20T02:19:57
U1264,IT04810,2023-01-20T05:14:17
U1101,IT09708,2023-01-20T08:20:06
U0629,IT00133,2023-01-20T13:38:46
U1226,IT08864,2023-01-20T15:17:51
U0968,IT01780,2023-01-20T22:39:17
U1367,IT08233,2023-01-20T22:46:51
U1304,IT04682,2023-01-21T01:53:29
U0920,IT03671,2023-01-21T05:28:48
U0778,IT08797,2023-01-21T16:00:34
U0913,IT08699,2023-01-21T16:28:35
U0822,IT05695,2023-01-21T16:58:27
U1307,IT06843,2023-01-21T18:57:04
U0460,IT04974,2023-01-22T01:06:54
U0888,IT09452,2023-01-23T02:00:25
U0812,IT06225,2023-01-23T02:22:21
U1249,IT05189,2023-01-23T07:18:29
U0606,IT02065,2023-01-23T20:05:58
U0592,IT03173,2023-01-23T21:16:25
U0230,IT04421,2023-01-24T00:58:23
U0079,IT08762,2023-01-24T12:45:12
U0576,IT07961,2023-01-24T14:23:07
U0178,IT08957,2023-01-24T21:42:25
U0994,IT05559,2023-01-24T22:40:14
U1109,IT09809,2023-01-25T07:38:14
U0898,IT01342,2023-01-25T17:31:26
U0185,IT02055,2023-01-25T22:50:48
U0093,IT06863,2023-01-26T01:10:35
U1076,IT00265,2023-01-26T01:17:08
U0654,IT02934,2023-01-26T06:16:45
U0556,IT08937,2023-01-27T00:49:27
U0227,IT06365,2023-01-27T01:28:44
U1102,IT01862,2023-01-27T02:40:23
U1179,IT06884,2023-01-27T05:18:55
U1297,IT03972,2023-01-27T11:28:11
U0383,IT05407,2023-01-27T15:53:05
U0036,IT00105,2023-01-27T23:17:46
U0524,IT00078,2023-01-28T16:10:29
U0774,IT03695,2023-01-28T21:24:07
U1031,IT03803,2023-01-28T23:27:28
U0286,IT08294,2023-02-01T08:58:43
U0485,IT02919,2023-02-01T13:05:35
U0954,IT09008,2023-02-01T15:46:09
U0804,IT07125,2023-02-01T16:46:18
U0150,IT08014,2023-02-02T17:52:14
U0271,IT06325,2023-02-02T17:55:59
U0904,IT07244,2023-02-02T18:50:05
U1186,IT01607,2023-02-03T01:53:19
U0829,IT03003,2023-02-03T04:38:16
U0605,IT09299,2023-02-03T08:54:06
U0650,IT06235,2023-02-04T15:16:41
U0890,IT00949,2023-02-04T16:59:53
U0326,IT08889,2023-02-04T17:04:52
U0157,IT07075,2023-02-05T21:07:08
U1192,IT01335,2023-02-06T04:07:36
U0693,IT08218,2023-02-06T05:35:39
U1341,IT09584,2023-02-06T08:37:15
U1149,IT07969,2023-02-07T11:31:56
U0052,IT05037,2023-02-07T15:00:22
U1104,IT08277,2023-02-07T23:56:09
U0639,IT03083,2023-02-08T02:29:49
U0316,IT03607,2023-02-08T21:04:54
U0749,IT00275,2023-02-09T00:20:39
U0643,IT07732,2023-02-09T00:58:56
U1014,IT00485,2023-02-09T02:37:30
U0430,IT02314,2023-02-09T03:57:15
U0144,IT00991,2023-02-09T05:18:05
U1109,IT01748,2023-02-09T09:24:15
U0157,IT09613,2023-02-09T17:35:44
U0004,IT04731,2023-02-09T21:50:02
U1150,IT03904,2023-02-10T03:40:11
U1327,IT05957,2023-02-10T04:38:56
U0204,IT00631,2023-02-10T22:37:51
U0132,IT01118,2023-02-11T02:36:19
U0573,IT08957,2023-02-11T14:30:02
U0851,IT02366,2023-02-11T23:23:51
U1117,IT07479,2023-02-12T15:57:48
U0733,IT03848,2023-02-12T16:45:36
U1274,IT07902,2023-02-12T17:17:58
U0841,IT03345,2023-02-12T17:30:20
U0929,IT01432,2023-02-12T19:39:00
U1358,IT01623,2023-02-13T15:34:35
U0554,IT00264,2023-02-13T18:57:11
U0682,IT04422,2023-02-14T07:12:58
U0197,IT00980,2023-02-14T14:55:24
U1141,IT05943,2023-02-14T15:22:54
U1271,IT03900,2023-02-14T15:48:21
U0666,IT02629,2023-02-14T17:00:59
U1095,IT00735,2023-02-15T01:26:25
U1366,IT07362,2023-02-15T10:46:57
U1399,IT02759,2023-02-15T19:40:47
U0674,IT00497,2023-02-16T07:37:59
U1332,IT04259,2023-02-16T18:15:17
U0122,IT05983,2023-02-17T16:20:34
U1287,IT08290,2023-02-17T19:00:48
U0870,IT06443,2023-02-17T20:05:44
U0944,IT06301,2023-02-17T23:49:59
U0844,IT06938,2023-02-18T13:20:03
U0076,IT03706,2023-02-18T15:29:06
U0684,IT00699,2023-02-18T16:57:20
U1262,IT09079,2023-02-19T10:24:04
U0908,IT07126,2023-02-19T21:04:36
U0337,IT09626,2023-02-20T04:36:58
U1004,IT00967,2023-02-20T05:17:41
U0187,IT05380,2023-02-20T10:03:17
U0540,IT06827,2023-02-20T16:25:19
U1168,IT03032,2023-02-22T14:38:20
U0735,IT02382,2023-02-22T16:08:46
U0505,IT05678,2023-02-23T15:22:39
U0844,IT08421,2023-02-24T00:32:07
U1312,IT06716,2023-02-24T05:47:47
U0639,IT02334,2023-02-24T08:28:38
U0718,IT07441,2023-02-24T13:47:09
U0331,IT00037,2023-02-24T19:57:00
U1393,IT08861,2023-02-24T22:31:02
U0264,IT02785,2023-02-25T00:22:57
U0805,IT02494,2023-02-25T01:42:18
U0853,IT00326,2023-02-26T08:31:27
U1260,IT06156,2023-02-26T11:13:47
U0195,IT00206,2023-02-26T13:04:31
U0582,IT06538,2023-02-27T01:52:18
U0197,IT08133,2023-02-27T03:47:41
U1252,IT09247,2023-02-27T13:27:34
U1305,IT02518,2023-02-27T14:11:49
U0234,IT07256,2023-02-27T14:18:20
U0417,IT00024,2023-02-27T16:08:40
U0143,IT05912,2023-02-28T00:30:41
U0576,IT01297,2023-02-28T06:37:23
U0616,IT00523,2023-03-01T09:01:57
U0533,IT02559,2023-03-01T09:02:49
U1075,IT07587,2023-03-01T13:28:28
U0399,IT00392,2023-03-02T02:43:28
U1250,IT09111,2023-03-02T04:26:46
U0151,IT02940,2023-03-02T15:37:59
U0229,IT00010,2023-03-02T21:30:09
U0584,IT07466,2023-03-03T00:30:09
U1044,IT01159,2023-03-03T03:20:55
U1292,IT07565,2023-03-03T12:43:33
U0933,IT09438,2023-03-03T15:23:00
U1368,IT04568,2023-03-03T17:22:01
U0611,IT04520,2023-03-03T19:16:24
U1270,IT00670,2023-03-03T21:54:30
U0386,IT00138,2023-03-04T08:27:38
U0694,IT09123,2023-03-05T02:27:46
U0835,IT05896,2023-03-05T10:53:59
U0432,IT07657,2023-03-06T00:41:03
U0864,IT00819,2023-03-06T01:22:26
U0816,IT01529,2023-03-06T06:16:54
U0454,IT02119,2023-03-06T19:22:55
U0360,IT07736,2023-03-07T02:35:08
U0041,IT09617,2023-03-07T08:02:33
U0781,IT05125,2023-03-07T08:41:13
U1381,IT06677,2023-03-07T15:35:20
U0263,IT00320,2023-03-07T17:44:15
U1183,IT07351,2023-03-07T22:27:51
U1065,IT04019,2023-03-08T05:02:28
U0199,IT05562,2023-03-08T19:21:24
U1312,IT06105,2023-03-08T22:38:20
U0115,IT07973,2023-03-09T11:42:02
U1341,IT08314,2023-03-09T11:53:28
U1252,IT01244,2023-03-09T15:48:39
U0399,IT00118,2023-03-09T19:13:20
U0269,IT05109,2023-03-09T22:10:21
U0311,IT05472,2023-03-10T13:39:01
U0894,IT03711,2023-03-10T22:43:46
U1091,IT04694,2023-03-10T22:45:48
U1174,IT02923,2023-03-11T05:58:01
U0099,IT04302,2023-03-11T07:28:36
U0815,IT03921,2023-03-11T11:12:15
U0634,IT06675,2023-03-11T11:33:29
U0329,IT04255,2023-03-11T18:31:06
U0839,IT07789,2023-03-11T22:50:12
U0678,IT03176,2023-03-12T22:12:11
U0864,IT06090,2023-03-13T07:42:25
U0535,IT03752,2023-03-13T13:13:21
U0705,IT08573,2023-03-13T15:29:37
U1171,IT04014,2023-03-13T21:48:14
U0580,IT09187,2023-03-14T09:46:35
U0265,IT03085,2023-03-14T11:40:03
U0014,IT06724,2023-03-15T05:00:15
U1331,IT05050,2023-03-16T04:47:41
U0075,IT07576,2023-03-16T07:26:36
U1048,IT00574,2023-03-16T10:19:50
U0460,IT07448,2023-03-16T15:10:06
U0511,IT09290,2023-03-16T22:03:25
U0151,IT02557,2023-03-17T16:44:30
U0344,IT03940,2023-03-17T20:43:48
U0861,IT01599,2023-03-17T22:59:24
U0540,IT02938,2023-03-18T12:35:18
U1130,IT07812,2023-03-18T14:42:13
U0260,IT02742,2023-03-19T01:25:43
U1003,IT09301,2023-03-19T16:59:39
U0906,IT00034,2023-03-19T20:10:57
U0710,IT02699,2023-03-20T03:07:03
U0886,IT03246,2023-03-20T09:10:06
U0446,IT01059,2023-03-20T11:03:50
U1393,IT09872,2023-03-20T12:05:26
U0279,IT08448,2023-03-20T13:40:12
U0471,IT03775,2023-03-20T20:30:24
U0068,IT09688,2023-03-20T21:33:30
U0116,IT06644,2023-03-21T05:54:36
U1334,IT04974,2023-03-21T13:03:11
U0125,IT05423,2023-03-21T15:42:57
U0086,IT04104,2023-03-21T20:39:28
U0428,IT07836,2023-03-21T23:04:13
U0468,IT06011,2023-03-22T05:01:11
U0418,IT00120,2023-03-22T06:32:32
U0883,IT00866,2023-03-22T14:16:11
U1139,IT06571,2023-03-22T21:20:43
U0290,IT03877,2023-03-22T21:46:24
U0586,IT06814,2023-03-24T02:06:16
U0233,IT06227,2023-03-24T08:00:25
U1127,IT07748,2023-03-24T17:07:20
U1179,IT00326,2023-03-25T11:07:46
U0098,IT07319,2023-03-25T12:41:30
U1081,IT00864,2023-03-25T14:11:56
U0068,IT08102,2023-03-25T20:14:48
U1347,IT06891,2023-03-26T01:17:54
U0196,IT06730,2023-03-26T04:32:25
U1217,IT04878,2023-03-26T09:51:08
U0092,IT01071,2023-03-26T10:23:26
U0703,IT07232,2023-03-26T12:18:05
U0105,IT01278,2023-03-26T18:00:23
U0849,IT03749,2023-03-26T19:16:40
U0284,IT06623,2023-03-27T06:56:38
U0421,IT08732,2023-03-27T08:46:10
U0442,IT04746,2023-03-27T15:16:17
U0656,IT07002,2023-03-28T05:39:35
U0782,IT00060,2023-03-28T14:57:41
U0493,IT08516,2023-03-28T16:18:29
U0290,IT06196,2023-03-28T19:25:18
U0605,IT00143,2023-04-01T00:20:10
U1038,IT05369,2023-04-01T04:17:09
U1367,IT07616,2023-04-01T17:50:14
U0726,IT06120,2023-04-01T19:01:46
U1284,IT03536,2023-04-01T23:07:00
U0868,IT06493,2023-04-02T09:09:01
U0530,IT07265,2023-04-02T09:54:47
U0785,IT00378,2023-04-03T00:01:56
U0471,IT09659,2023-04-03T02:06:35
U0936,IT06186,2023-04-03T03:13:29
U0223,IT00888,2023-04-03T04:17:59
U0584,IT00301,2023-04-03T04:43:54
U1339,IT07129,2023-04-03T17:29:30
U1317,IT04838,2023-04-04T00:11:47
U0679,IT09236,2023-04-04T00:19:08
U0544,IT09653,2023-04-04T11:46:33
U1393,IT03603,2023-04-04T16:57:55
U0455,IT07311,2023-04-04T21:06:07
U0313,IT02567,2023-04-04T21:37:18
U0873,IT03735,2023-04-05T01:06:56
U1232,IT05696,2023-04-05T05:45:40
U1359,IT06075,2023-04-05T17:17:13
U0317,IT07380,2023-04-05T19:44:17
U1347,IT08069,2023-04-06T08:27:22
U1231,IT09603,2023-04-06T09:49:25
U0212,IT07609,2023-04-06T10:19:37
U0304,IT06961,2023-04-06T20:07:06
U0693,IT03248,2023-04-06T21:12:07
U1136,IT04045,2023-04-07T03:51:13
U1201,IT06225,2023-04-07T04:07:47
U0504,IT00669,2023-04-07T07:34:11
U1331,IT02295,2023-04-07T12:22:53
U1155,IT01475,2023-04-07T16:37:08
U0944,IT09850,2023-04-07T19:47:29
U0692,IT01220,2023-04-07T20:52:46
U0727,IT00937,2023-04-07T23:12:06
U1298,IT01437,2023-04-08T07:00:44
U1091,IT09298,2023-04-08T13:28:08
U0696,IT09455,2023-04-10T05:28:47
U0636,IT06701,2023-04-10T08:24:13
U0874,IT07767,2023-04-10T08:35:31
U1114,IT04739,2023-04-10T11:15:53
U1180,IT08216,2023-04-10T15:34:02
U0827,IT00134,2023-04-11T00:50:56
U0046,IT03355,2023-04-11T05:42:20
U1335,IT01650,2023-04-11T10:05:48
U0987,IT04337,2023-04-11T11:16:54
U0056,IT07725,2023-04-11T12:11:53
U0167,IT00342,2023-04-11T17:23:29
U0654,IT03768,2023-04-11T17:34:55
U0427,IT05787,2023-04-12T10:35:06
U0901,IT08097,2023-04-12T16:06:16
U0270,IT04815,2023-04-12T20:00:00
U0072,IT06002,2023-04-12T20:12:43
U0270,IT04759,2023-04-12T22:17:31
U0961,IT06921,2023-04-13T05:20:11
U0229,IT08972,2023-04-13T06:45:00
U1061,IT09782,2023-04-13T06:52:59
U0857,IT06409,2023-04-14T01:06:30
U0471,IT00579,2023-04-14T01:30:28
U0703,IT07562,2023-04-14T21:49:35
U0375,IT02314,2023-04-15T04:58:00
U0759,IT07972,2023-04-15T11:08:01
U0163,IT01384,2023-04-15T12:53:15
U0430,IT02598,2023-04-15T13:33:45
U0592,IT09425,2023-04-15T22:59:49
U0216,IT08883,2023-04-16T02:46:30
U0695,IT04143,2023-04-16T04:19:14
U1019,IT05317,2023-04-16T06:33:43
U0358,IT08122,2023-04-17T00:01:27
U0872,IT01770,2023-04-17T00:35:51
U0592,IT00153,2023-04-17T01:05:49
U1325,IT01133,2023-04-17T02:56:20
U0438,IT04828,2023-04-17T07:06:27
U0564,IT00657,2023-04-17T15:29:35
U0608,IT09429,2023-04-17T18:11:41
U1105,IT01394,2023-04-17T18:52:38
U0007,IT02705,2023-04-17T22:28:23
U0383,IT00876,2023-04-18T10:52:39
U0862,IT07790,2023-04-18T14:13:45
U0890,IT06072,2023-04-18T18:36:33
U1297,IT02921,2023-04-18T23:35:17
U1061,IT09449,2023-04-19T12:48:55
U1270,IT08642,2023-04-19T15:52:15
U1220,IT06818,2023-04-19T19:59:31
U1269,IT04036,2023-04-19T20:36:42
U1035,IT07889,2023-04-20T04:16:58
U0766,IT05783,2023-04-20T05:55:54
U0030,IT01149,2023-04-20T07:19:28
U0794,IT01108,2023-04-20T08:04:34
U1123,IT09635,2023-04-20T12:42:09
U1371,IT02311,2023-04-20T21:38:04
U0810,IT08638,2023-04-21T00:24:00
U0270,IT00581,2023-04-21T00:57:37
U0447,IT08086,2023-04-21T09:13:44
U1053,IT03181,2023-04-21T12:17:49
U0787,IT07182,2023-04-21T13:06:24
U0223,IT09652,2023-04-21T16:15:25
U0749,IT07714,2023-04-22T11:56:30
U0690,IT09843,2023-04-22T15:23:07
U0266,IT06319,2023-04-22T22:37:46
U0478,IT05593,2023-04-23T07:31:02
U1039,IT01735,2023-04-23T10:54:24
U0075,IT00419,2023-04-23T19:26:30
U0613,IT02591,2023-04-24T09:40:38
U0412,IT02852,2023-04-24T14:01:13
U0673,IT07023,2023-04-24T15:30:27
U0446,IT09490,2023-04-24T18:20:32
U0222,IT00180,2023-04-25T07:59:55
U1341,IT04118,2023-04-25T12:10:02
U0370,IT01559,2023-04-25T12:30:07
U0750,IT01487,2023-04-26T07:09:23
U1014,IT05055,2023-04-26T10:54:01
U0626,IT08260,2023-04-26T13:36:01
U0242,IT06272,2023-04-26T14:03:21
U0179,IT06565,2023-04-26T15:45:35
U0518,IT04957,2023-04-26T22:46:15
U1167,IT08289,2023-04-27T05:39:34
U0737,IT03466,2023-04-27T12:05:48
U0887,IT05130,2023-04-28T04:48:33
U0491,IT01004,2023-04-28T17:24:23
U0127,IT03737,2023-04-28T20:46:23
U0179,IT09241,2023-05-01T01:39:35
U0301,IT06933,2023-05-01T01:47:58
U0137,IT00949,2023-05-01T06:55:36
U0861,IT02870,2023-05-01T15:11:46
U0267,IT02813,2023-05-01T16:29:42
U1343,IT03017,2023-05-02T01:37:40
U0488,IT01449,2023-05-02T03:51:48
U1368,IT00387,2023-05-02T13:32:23
U1071,IT08797,2023-05-03T02:35:30
U0460,IT06645,2023-05-03T04:26:46
U0049,IT00386,2023-05-03T08:08:16
U0202,IT03772,2023-05-03T08:10:15
U1151,IT09296,2023-05-03T10:46:49
U0773,IT08480,2023-05-03T15:49:05
U0187,IT04545,2023-05-03T18:30:54
U0971,IT07136,2023-05-03T20:06:49
U0593,IT04161,2023-05-03T21:18:18
U0076,IT06621,2023-05-04T02:37:02
U1015,IT08183,2023-05-04T13:38:31
U0458,IT01943,2023-05-04T21:05:00
U1024,IT04190,2023-05-05T01:12:26
U0829,IT02192,2023-05-05T04:20:02
U0371,IT04668,2023-05-05T15:26:33
U0414,IT06139,2023-05-05T17:37:55
U0799,IT02025,2023-05-05T18:44:38
U1141,IT06569,2023-05-05T19:14:52
U0810,IT04556,2023-05-06T00:28:31
U0861,IT08797,2023-05-06T01:46:57
U0616,IT07206,2023-05-06T06:01:26
U1183,IT07492,2023-05-06T08:47:08
U0795,IT06865,2023-05-07T00:09:39
U0147,IT09609,2023-05-07T01:31:56
U0709,IT08763,2023-05-07T13:37:15
U0810,IT05024,2023-05-07T14:38:36
U0927,IT03580,2023-05-07T14:39:51
U0200,IT09115,2023-05-08T03:39:35
U0110,IT08708,2023-05-08T08:06:58
U1352,IT06575,2023-05-08T23:17:50
U0102,IT06145,2023-05-09T01:56:58
U0684,IT04170,2023-05-09T15:23:52
U0583,IT07999,2023-05-10T00:33:05
U1148,IT05159,2023-05-10T11:11:15
U0615,IT08865,2023-05-11T05:25:56
U1404,IT06122,2023-05-11T15:03:23
U1270,IT05337,2023-05-11T16:18:46
U0353,IT06422,2023-05-11T16:28:05
U0321,IT07047,2023-05-12T21:36:02
U0108,IT08782,2023-05-12T21:57:09
U1114,IT06676,2023-05-13T06:54:38
U0853,IT01895,2023-05-13T09:52:45
U1288,IT06144,2023-05-13T12:00:53
U0437,IT08022,2023-05-13T14:12:05
U0714,IT00427,2023-05-13T14:54:38
U0670,IT01354,2023-05-13T18:09:43
U1296,IT09729,2023-05-13T18:41:16
U1372,IT09824,2023-05-13T22:59:20
U0104,IT07515,2023-05-14T00:05:24
U0284,IT03786,2023-05-14T13:31:58
U1372,IT03406,2023-05-15T14:56:16
U0169,IT06239,2023-05-15T18:18:22
U1218,IT01742,2023-05-15T19:47:43
U0513,IT03331,2023-05-15T22:45:29
U1168,IT09374,2023-05-15T23:48:22
U0375,IT01920,2023-05-16T00:34:23
U0353,IT05784,2023-05-16T01:20:38
U0670,IT09741,2023-05-16T07:33:04
U0865,IT01326,2023-05-16T16:26:38
U1074,IT07677,2023-05-16T19:09:17
U0261,IT05977,2023-05-16T21:41:28
U0406,IT01718,2023-05-17T02:47:06
U0145,IT00702,2023-05-17T05:37:23
U0239,IT09185,2023-05-17T08:59:07
U1201,IT09144,2023-05-17T17:17:07
U1388,IT00410,2023-05-17T21:04:15
U0181,IT04726,2023-05-17T22:05:09
U0202,IT05465,2023-05-18T00:17:47
U0313,IT01362,2023-05-18T00:19:57
U1156,IT05087,2023-05-18T08:25:18
U0267,IT07606,2023-05-20T01:23:49
U0695,IT00889,2023-05-20T02:25:20
U1221,IT02845,2023-05-20T05:59:36
U0515,IT06334,2023-05-22T03:48:21
U0012,IT03775,2023-05-22T19:59:59
U1244,IT03763,2023-05-23T20:03:41
U1166,IT05634,2023-05-24T04:23:52
U0302,IT03617,2023-05-24T11:25:03
U1208,IT07099,2023-05-25T05:55:49
U0615,IT07588,2023-05-25T15:17:08
U0136,IT07899,2023-05-25T15:21:43
U1065,IT04964,2023-05-25T18:37:02
U0464,IT05757,2023-05-25T20:52:45
U1347,IT06761,2023-05-26T07:35:35
U1223,IT02931,2023-05-26T10:54:26
U1150,IT00991,2023-05-26T13:05:13
U1232,IT00018,2023-05-26T13:06:31
U0943,IT04756,2023-05-26T13:10:50
U0081,IT04294,2023-05-27T09:30:37
U0686,IT01479,2023-05-27T11:44:45
U0762,IT05445,2023-05-27T16:55:52
U1186,IT08355,2023-06-01T09:03:13
U1321,IT09627,2023-06-02T19:29:28
U1174,IT00410,2023-06-03T03:20:51
U1220,IT00178,2023-06-03T08:42:45
U0434,IT03372,2023-06-03T12:35:21
U1381,IT08378,2023-06-03T12:42:54
U0964,IT01423,2023-06-03T20:29:04
U0337,IT03992,2023-06-04T13:14:06
U1073,IT03910,2023-06-04T13:25:45
U0011,IT08852,2023-06-05T10:25:26
U1231,IT05989,2023-06-05T17:46:43
U1340,IT07923,2023-06-05T20:04:49
U0070,IT05742,2023-06-06T04:24:04
U0036,IT09736,2023-06-06T07:04:27
U0995,IT01893,2023-06-06T10:58:08
U0877,IT07101,2023-06-06T22:02:33
U0438,IT07397,2023-06-07T13:00:02
U0473,IT04338,2023-06-07T18:13:35
U1080,IT09310,2023-06-07T20:22:19
U0944,IT08303,2023-06-07T20:48:19
U0390,IT03815,2023-06-08T00:48:27
U0199,IT03604,2023-06-08T00:49:19
U0347,IT04351,2023-06-08T11:06:59
U0015,IT09096,2023-06-08T11:58:12
U0824,IT05279,2023-06-09T11:47:27
U0577,IT06601,2023-06-09T16:57:51
U1390,IT07604,2023-06-09T20:35:13
U0001,IT03832,2023-06-10T03:36:14
U0091,IT09264,2023-06-10T06:41:50
U1329,IT04315,2023-06-10T08:08:40
U0406,IT02834,2023-06-10T17:05:19
U1114,IT08260,2023-06-10T23:55:25
U1315,IT00187,2023-06-11T05:25:14
U0823,IT03733,2023-06-11T06:37:06
U0039,IT09771,2023-06-11T13:27:40
U0481,IT02010,2023-06-11T14:26:19
U0053,IT07726,2023-06-12T11:16:21
U0461,IT01456,2023-06-12T17:04:10
U0040,IT04419,2023-06-12T17:08:15
U0626,IT05636,2023-06-13T02:30:46
U0443,IT06875,2023-06-13T14:10:14
U0464,IT07919,2023-06-13T20:33:59
U0769,IT04218,2023-06-13T22:41:11
U0446,IT06346,2023-06-13T23:02:23
U0526,IT08325,2023-06-14T07:48:23
U1171,IT06625,2023-06-14T11:26:00
U1124,IT02470,2023-06-14T14:44:17
U1204,IT06212,2023-06-14T16:43:26
U0286,IT04704,2023-06-15T06:45:14
U0702,IT00120,2023-06-15T07:43:30
U1177,IT08945,2023-06-15T09:01:40
U0814,IT02969,2023-06-15T10:45:41
U0279,IT04927,2023-06-15T13:25:30
U1390,IT03609,2023-06-15T18:48:35
U0932,IT02752,2023-06-15T19:50:14
U0193,IT05424,2023-06-16T00:03:24
U0457,IT02972,2023-06-16T00:58:14
U0531,IT05756,2023-06-16T10:32:52
U0515,IT04974,2023-06-17T06:31:22
U0237,IT00507,2023-06-17T11:07:32
U0273,IT01265,2023-06-17T13:27:27
U0319,IT06786,2023-06-17T20:34:13
U0119,IT08335,2023-06-18T13:28:47
U0681,IT06815,2023-06-18T15:07:01
U0048,IT02956,2023-06-19T00:15:35
U0274,IT09034,2023-06-19T18:26:39
U0967,IT02488,2023-06-19T19:02:47
U1357,IT01148,2023-06-19T20:05:51
U1265,IT06955,2023-06-19T23:30:19
U0429,IT06483,2023-06-20T00:28:05
U0179,IT09074,2023-06-20T03:55:55
U1403,IT03034,2023-06-20T13:28:08
U0323,IT00126,2023-06-20T13:55:00
U0761,IT06429,2023-06-21T00:39:36
U1194,IT08452,2023-06-21T04:10:20
U0214,IT01898,2023-06-21T05:25:13
U0210,IT04177,2023-06-21T19:06:50
U0328,IT01842,2023-06-21T22:32:21
U0907,IT03768,2023-06-22T02:45:47
U0002,IT00105,2023-06-22T07:12:15
U0660,IT01466,2023-06-22T08:22:59
U1028,IT09344,2023-06-22T21:04:01
U1090,IT00601,2023-06-22T23:09:00
U1157,IT04194,2023-06-23T06:51:21
U1046,IT06029,2023-06-23T08:48:40
U0192,IT07900,2023-06-23T10:07:44
U1384,IT03673,2023-06-24T02:00:38
U0870,IT08949,2023-06-24T11:41:35
U0624,IT03062,2023-06-24T16:28:29
U1353,IT05870,2023-06-24T16:42:30
U1199,IT06221,2023-06-24T21:42:47
U0337,IT02514,2023-06-25T06:24:38
U0380,IT03317,2023-06-25T07:33:12
U0510,IT04179,2023-06-25T07:56:14
U0856,IT02966,2023-06-25T13:43:29
U0347,IT06151,2023-06-25T18:32:26
U0472,IT03557,2023-06-25T21:19:17
U0536,IT07873,2023-06-25T22:59:00
U0513,IT04892,2023-06-25T23:29:54
U0781,IT09229,2023-06-26T10:13:51
U0584,IT02970,2023-06-26T12:28:09
U0939,IT00725,2023-06-26T15:13:34
U0138,IT03789,2023-06-26T21:03:44
U1340,IT03824,2023-06-26T23:28:01
U0606,IT01484,2023-06-27T02:57:48
U0626,IT09381,2023-06-27T08:55:59
U0540,IT00100,2023-06-27T12:18:46
U0016,IT04059,2023-06-28T03:19:48
U0976,IT00046,2023-06-28T05:40:04
U0530,IT01120,2023-06-28T07:12:36
U1262,IT04656,2023-06-28T22:45:37
U0758,IT08245,2023-07-01T05:56:49
U0356,IT07260,2023-07-01T07:25:43
U0905,IT01567,2023-07-01T13:34:28
U0258,IT08751,2023-07-01T15:06:21
U1003,IT02843,2023-07-01T18:28:50
U0346,IT06934,2023-07-02T05:07:23
U0396,IT06259,2023-07-02T06:26:29
U0570,IT02954,2023-07-02T13:25:56
U0766,IT04687,2023-07-03T03:11:38
U0890,IT06299,2023-07-03T23:31:38
U1185,IT01367,2023-07-04T04:04:51
U1304,IT07288,2023-07-04T07:13:00
U0863,IT08765,2023-07-04T11:35:29
U0705,IT08691,2023-07-04T18:06:56
U0221,IT09156,2023-07-05T10:01:21
U0665,IT01056,2023-07-05T18:18:12
U0700,IT05882,2023-07-06T00:25:14
U0670,IT00388,2023-07-06T03:55:47
U0380,IT01037,2023-07-06T05:34:08
U0957,IT01323,2023-07-06T06:34:13
U0034,IT04476,2023-07-06T17:55:01
U1127,IT01964,2023-07-07T05:23:10
U0044,IT08866,2023-07-07T06:01:36
U0556,IT09108,2023-07-07T06:17:50
U0025,IT05386,2023-07-07T06:59:55
U1348,IT03419,2023-07-07T09:22:03
U0236,IT05012,2023-07-07T12:42:09
U0460,IT06580,2023-07-07T19:05:07
U0799,IT05449,2023-07-08T01:22:42
U0104,IT09618,2023-07-08T02:33:36
U0460,IT00981,2023-07-08T07:38:21
U0641,IT01087,2023-07-08T12:52:26
U0855,IT02603,2023-07-08T13:58:16
U1282,IT07082,2023-07-08T19:58:54
U0541,IT09715,2023-07-09T08:56:51
U0380,IT01424,2023-07-09T14:05:26
U0768,IT08416,2023-07-09T14:10:45
U0276,IT01353,2023-07-09T14:22:02
U0824,IT06809,2023-07-09T15:01:42
U1361,IT00853,2023-07-09T16:49:46
U0239,IT06705,2023-07-09T21:08:34
U0683,IT08365,2023-07-10T19:09:49
U0316,IT00676,2023-07-10T21:19:31
U0287,IT02870,2023-07-10T22:05:23
U1220,IT09044,2023-07-11T02:23:42
U0732,IT01505,2023-07-11T03:36:49
U0511,IT02963,2023-07-11T07:48:43
U0686,IT07140,2023-07-11T10:20:51
U0019,IT07639,2023-07-11T18:21:23
U1390,IT09445,2023-07-12T03:33:45
U0709,IT07288,2023-07-12T05:03:09
U1388,IT09540,2023-07-12T08:28:00
U0695,IT05596,2023-07-12T14:30:52
U1143,IT06418,2023-07-12T14:56:37
U1128,IT05713,2023-07-12T21:14:28
U0333,IT06130,2023-07-13T02:06:19
U0538,IT05181,2023-07-13T08:45:03
U1247,IT06573,2023-07-13T10:06:47
U0723,IT09855,2023-07-13T16:25:29
U0841,IT07704,2023-07-14T02:31:16
U0260,IT00506,2023-07-14T03:31:31
U0293,IT04026,2023-07-14T22:15:45
U0525,IT09145,2023-07-15T16:26:47
U0762,IT06588,2023-07-16T20:48:09
U0347,IT08679,2023-07-17T02:23:04
U0668,IT03851,2023-07-17T10:36:23
U1325,IT02463,2023-07-17T16:37:54
U1129,IT02437,2023-07-17T18:39:40
U0303,IT06156,2023-07-17T20:00:00
U0653,IT00537,2023-07-17T20:47:44
U0668,IT03977,2023-07-18T06:20:56
U0002,IT03994,2023-07-18T09:53:07
U0245,IT02768,2023-07-18T11:13:28
U0513,IT00558,2023-07-18T11:31:07
U0874,IT02927,2023-07-18T15:55:32
U1114,IT00784,2023-07-19T13:14:19
U1397,IT07704,2023-07-19T17:09:05
U0457,IT04654,2023-07-19T17:55:37
U1281,IT05230,2023-07-19T20:59:12
U1197,IT03557,2023-07-19T21:11:21
U0803,IT08599,2023-07-20T05:57:48
U1349,IT06991,2023-07-20T18:59:45
U0142,IT07570,2023-07-21T07:34:54
U1010,IT00298,2023-07-21T09:50:27
U0182,IT03882,2023-07-22T02:46:18
U0700,IT02289,2023-07-22T04:59:46
U0372,IT07395,2023-07-22T12:19:39
U0061,IT01714,2023-07-22T13:49:59
U1108,IT08002,2023-07-23T02:12:39
U0191,IT07899,2023-07-23T09:33:58
U0137,IT07473,2023-07-23T13:05:16
U1038,IT04687,2023-07-24T11:33:48
U0871,IT02982,2023-07-24T13:30:13
U0487,IT02845,2023-07-24T15:32:23
U0118,IT04078,2023-07-24T21:34:49
U0974,IT07997,2023-07-25T08:59:21
U0915,IT00698,2023-07-25T10:53:02
U0874,IT07604,2023-07-25T21:51:26
U0686,IT02770,2023-07-25T23:26:39
U1106,IT00157,2023-07-25T23:48:58
U0309,IT00426,2023-07-26T01:38:15
U0831,IT02298,2023-07-26T22:18:04
U0660,IT02252,2023-07-27T00:27:23
U1212,IT07319,2023-07-27T08:58:23
U0958,IT00189,2023-07-28T02:33:31
U0263,IT08111,2023-07-28T02:43:25
U1007,IT05721,2023-07-28T03:23:05
U0945,IT03337,2023-07-28T08:37:14
U0164,IT03643,2023-07-28T20:40:21
U0381,IT09479,2023-07-28T23:00:04
U0598,IT07762,2023-08-01T01:55:26
U1357,IT00717,2023-08-01T04:21:18
U0469,IT09610,2023-08-01T05:34:16
U0157,IT00489,2023-08-01T08:33:04
U0233,IT01966,2023-08-01T10:37:36
U0036,IT08116,2023-08-01T11:28:22
U1293,IT02053,2023-08-01T11:34:39
U0697,IT02893,2023-08-01T15:00:41
U0050,IT05374,2023-08-01T21:06:53
U0593,IT04296,2023-08-02T06:38:43
U0269,IT02744,2023-08-02T11:31:12
U0157,IT08985,2023-08-02T18:54:16
U1353,IT05719,2023-08-02T19:24:28
U0812,IT08296,2023-08-02T23:56:04
U0704,IT03587,2023-08-03T11:37:43
U0797,IT04332,2023-08-03T20:11:11
U0154,IT05722,2023-08-04T03:29:26
U1117,IT02677,2023-08-04T14:07:46
U1161,IT07527,2023-08-04T19:39:33
U0275,IT04542,2023-08-05T05:15:53
U0857,IT06353,2023-08-05T07:11:35
U1155,IT02696,2023-08-05T13:40:00
U0457,IT09808,2023-08-05T14:48:07
U0115,IT07161,2023-08-05T22:43:23
U0274,IT07825,2023-08-05T23:49:29
U1303,IT05448,2023-08-06T01:34:49
U1396,IT04956,2023-08-06T12:23:06
U1076,IT06489,2023-08-06T15:53:18
U1080,IT03746,2023-08-06T21:38:19
U0897,IT02915,2023-08-07T01:25:41
U1280,IT05220,2023-08-07T02:59:49
U0701,IT05123,2023-08-07T06:43:20
U0319,IT01672,2023-08-07T07:51:43
U0520,IT01427,2023-08-07T17:29:23
U0804,IT02595,2023-08-08T08:30:25
U0501,IT06546,2023-08-08T11:07:15
U0550,IT00684,2023-08-08T14:08:17
U0323,IT03605,2023-08-08T20:17:41
U0360,IT03516,2023-08-08T23:40:44
U1168,IT04308,2023-08-09T07:37:29
U1262,IT04904,2023-08-09T18:06:41
U0191,IT00278,2023-08-09T23:34:22
U0678,IT07150,2023-08-10T00:16:11
U1401,IT01943,2023-08-10T17:44:43
U1064,IT06793,2023-08-10T18:58:21
U1069,IT05303,2023-08-11T16:10:58
U1063,IT03918,2023-08-12T07:15:02
U0485,IT02276,2023-08-12T09:41:16
U0559,IT06665,2023-08-12T10:11:21
U1004,IT01076,2023-08-12T10:30:36
U0939,IT04283,2023-08-13T01:04:23
U0203,IT06449,2023-08-13T03:49:01
U0504,IT08237,2023-08-13T14:14:32
U1147,IT01992,2023-08-13T14:47:47
U0232,IT01732,2023-08-13T22:38:55
U0087,IT07119,2023-08-14T12:50:37
U0820,IT01237,2023-08-14T22:31:32
U0098,IT04855,2023-08-15T05:27:51
U1365,IT07341,2023-08-15T07:53:09
U1295,IT02067,2023-08-15T09:15:52
U0922,IT02125,2023-08-15T11:30:36
U0629,IT03088,2023-08-15T20:36:09
U0159,IT02603,2023-08-15T23:43:48
U0784,IT04518,2023-08-16T02:06:59
U1015,IT00707,2023-08-16T03:11:45
U1078,IT04353,2023-08-16T07:56:05
U0683,IT07344,2023-08-16T17:27:36
U0408,IT01883,2023-08-17T14:09:49
U0943,IT05285,2023-08-17T14:19:23
U0802,IT02420,2023-08-17T14:49:47
U1051,IT01177,2023-08-17T16:51:18
U1244,IT03196,2023-08-17T18:00:47
U1193,IT00559,2023-08-17T21:40:38
U1269,IT03811,2023-08-18T16:23:55
U0690,IT03624,2023-08-18T17:26:35
U0899,IT03357,2023-08-18T17:42:04
U1246,IT08758,2023-08-18T23:02:10
U0841,IT03842,2023-08-19T21:50:32
U0747,IT07792,2023-08-20T03:40:40
U0386,IT09096,2023-08-20T22:01:08
U0790,IT06217,2023-08-21T09:53:11
U0419,IT04861,2023-08-21T11:56:30
U0826,IT03961,2023-08-22T01:04:05
U1401,IT02043,2023-08-22T06:36:37
U1278,IT09355,2023-08-22T09:00:59
U1344,IT08914,2023-08-22T12:11:44
U0534,IT07565,2023-08-23T00:51:17
U0055,IT08434,2023-08-23T14:32:37
U1361,IT00623,2023-08-23T16:58:18
U0959,IT05321,2023-08-23T18:33:52
U1298,IT00288,2023-08-24T02:20:42
U1118,IT03092,2023-08-24T09:44:51
U0524,IT01662,2023-08-24T14:14:19
U1014,IT01812,2023-08-24T20:51:19
U1093,IT00054,2023-08-24T21:53:40
U0170,IT08255,2023-08-25T15:27:37
U0581,IT08109,2023-08-26T01:53:28
U0886,IT07400,2023-08-26T04:34:21
U0411,IT00998,2023-08-26T15:51:57
U0725,IT02185,2023-08-26T18:29:25
U1176,IT07743,2023-08-27T00:07:15
U0663,IT07546,2023-08-27T16:18:44
U1166,IT09586,2023-08-27T23:01:33
U0427,IT01501,2023-08-28T04:40:10
U0480,IT06110,2023-08-28T06:06:16
U1141,IT09019,2023-08-28T17:34:40
U0981,IT03487,2023-08-28T21:46:07
U0146,IT02599,2023-09-01T08:17:23
U0534,IT09511,2023-09-01T12:36:46
U0761,IT01369,2023-09-01T20:16:52
U0012,IT08717,2023-09-01T23:32:57
U0049,IT04989,2023-09-02T01:03:43
U0104,IT04166,2023-09-02T07:43:06
U0752,IT09277,2023-09-02T10:37:51
U0399,IT02875,2023-09-02T11:41:57
U0856,IT05913,2023-09-02T16:45:59
U0240,IT09441,2023-09-02T18:05:55
U0328,IT09863,2023-09-03T02:58:49
U0701,IT00508,2023-09-03T04:36:21
U1146,IT01503,2023-09-03T09:16:28
U0295,IT05179,2023-09-03T15:51:30
U0685,IT04139,2023-09-03T18:08:33
U0729,IT03231,2023-09-04T02:32:03
U1147,IT03124,2023-09-04T03:28:00
U1383,IT02515,2023-09-04T06:26:23
U0527,IT08799,2023-09-04T13:55:34
U0457,IT00848,2023-09-04T16:43:14
U0582,IT07572,2023-09-04T19:48:10
U0216,IT03466,2023-09-04T23:51:15
U0782,IT06330,2023-09-05T00:29:23
U0816,IT07786,2023-09-05T01:02:27
U0344,IT09334,2023-09-05T14:03:37
U0956,IT08555,2023-09-05T19:44:46
U0209,IT07816,2023-09-06T17:36:01
U0146,IT03841,2023-09-06T19:50:30
U0329,IT04721,2023-09-06T23:53:51
U0187,IT04057,2023-09-07T08:33:19
U0430,IT04585,2023-09-08T02:07:46
U0077,IT02929,2023-09-08T07:57:24
U1324,IT01706,2023-09-08T15:33:37
U0482,IT02091,2023-09-08T19:54:06
U1156,IT00162,2023-09-08T20:32:51
U0944,IT04251,2023-09-09T05:36:10
U0974,IT03483,2023-09-09T13:43:11
U1028,IT04995,2023-09-09T19:38:15
U1207,IT06764,2023-09-10T03:37:18
U0151,IT09429,2023-09-10T12:21:59
U0796,IT09757,2023-09-10T16:07:16
U0554,IT01826,2023-09-10T16:32:59
U0769,IT08349,2023-09-10T19:39:55
U0565,IT04471,2023-09-11T01:52:46
U0881,IT03744,2023-09-11T03:10:32
U0571,IT02523,2023-09-11T05:26:46
U1256,IT06502,2023-09-11T07:24:21
U0012,IT06968,2023-09-11T08:08:53
U1252,IT09705,2023-09-11T08:42:09
U0269,IT09819,2023-09-11T10:32:07
U1171,IT01627,2023-09-12T03:09:44
U0499,IT03283,2023-09-12T08:53:06
U0636,IT06238,2023-09-12T10:28:05
U0220,IT08401,2023-09-12T12:28:07
U0175,IT09064,2023-09-12T15:09:26
U0737,IT02686,2023-09-12T19:38:20
U1256,IT03932,2023-09-13T12:33:50
U1249,IT05580,2023-09-14T01:59:54
U0305,IT01927,2023-09-14T13:09:20
U0425,IT03203,2023-09-15T04:38:34
U1365,IT09084,2023-09-15T07:49:18
U0406,IT01392,2023-09-15T16:46:19
U0741,IT01665,2023-09-15T23:35:56
U0938,IT06961,2023-09-15T23:52:46
U0499,IT01370,2023-09-16T02:47:38
U0053,IT01966,2023-09-16T11:00:24
U0234,IT06624,2023-09-16T20:38:57
U0104,IT09362,2023-09-16T22:33:15
U0152,IT09103,2023-09-16T23:33:34
U1093,IT09134,2023-09-17T04:16:58
U0498,IT04531,2023-09-17T04:49:29
U0599,IT02544,2023-09-17T10:22:00
U0244,IT00752,2023-09-18T05:02:45
U0262,IT02906,2023-09-18T05:43:14
U1059,IT07910,2023-09-18T10:35:44
U0580,IT00480,2023-09-18T15:20:47
U0890,IT09103,2023-09-18T18:29:48
U1281,IT04326,2023-09-19T02:31:37
U0513,IT05345,2023-09-19T14:11:33
U1042,IT00126,2023-09-19T17:04:40
U0942,IT09741,2023-09-19T17:12:05
U0893,IT09781,2023-09-19T20:23:29
U1141,IT04286,2023-09-20T02:49:00
U1065,IT08404,2023-09-20T05:26:30
U0051,IT01960,2023-09-20T13:57:51
U1393,IT03145,2023-09-21T00:15:34
U1299,IT03870,2023-09-21T12:51:43
U1311,IT03809,2023-09-21T14:12:20
U0064,IT07657,2023-09-22T13:10:26
U0924,IT02163,2023-09-22T15:41:17
U0392,IT01930,2023-09-22T20:24:52
U0491,IT05448,2023-09-22T20:59:35
U1132,IT01429,2023-09-23T00:38:22
U1364,IT00673,2023-09-23T00:43:22
U0085,IT03282,2023-09-23T06:39:48
U1159,IT01266,2023-09-23T10:35:43
U1004,IT01099,2023-09-24T09:44:32
U1277,IT08058,2023-09-24T17:02:24
U0960,IT01300,2023-09-25T02:16:24
U1126,IT09668,2023-09-25T11:26:25
U0313,IT06812,2023-09-25T14:18:30
U0011,IT03526,2023-09-25T14:55:46
U0712,IT03235,2023-09-25T17:38:53
U0556,IT08138,2023-09-25T20:03:09
U0529,IT07026,2023-09-25T22:16:06
U1264,IT00115,2023-09-27T02:23:42
U1103,IT09148,2023-09-27T03:10:30
U0806,IT04906,2023-09-27T04:26:35
U0245,IT07827,2023-09-27T04:50:47
U0399,IT03589,2023-09-28T09:02:41
U0273,IT09697,2023-09-28T14:05:16
U1321,IT03223,2023-09-28T18:13:38
U0475,IT07043,2023-10-01T04:44:34
U0277,IT01636,2023-10-01T23:44:18
U0018,IT07827,2023-10-02T00:09:15
U0702,IT00195,2023-10-02T06:03:30
U0456,IT09675,2023-10-02T06:32:17
U1101,IT03732,2023-10-02T20:22:11
U0988,IT04631,2023-10-02T23:51:26
U0275,IT08368,2023-10-03T03:28:49
U0465,IT08340,2023-10-03T10:41:34
U0095,IT01945,2023-10-03T12:43:37
U0534,IT01011,2023-10-03T20:44:28
U0476,IT09319,2023-10-04T16:50:45
U0028,IT07806,2023-10-04T22:22:30
U0980,IT09051,2023-10-04T23:58:55
U1310,IT09375,2023-10-05T01:33:41
U0803,IT05982,2023-10-05T08:44:49
U0115,IT05551,2023-10-05T18:36:28
U0047,IT06413,2023-10-05T22:07:50
U0881,IT09566,2023-10-06T10:54:04
U0403,IT08281,2023-10-06T16:18:44
U0011,IT08100,2023-10-06T19:05:34
U0058,IT05404,2023-10-07T04:22:59
U0288,IT08331,2023-10-07T19:51:00
U1119,IT04342,2023-10-07T20:06:35
U1058,IT02572,2023-10-08T10:07:31
U0629,IT03362,2023-10-08T18:32:48
U0790,IT09575,2023-10-08T19:56:35
U0908,IT06227,2023-10-09T07:06:12
U0543,IT00638,2023-10-09T19:12:29
U1359,IT01938,2023-10-10T09:27:37
U0008,IT08225,2023-10-10T14:51:33
U1103,IT09369,2023-10-10T18:45:45
U0155,IT02919,2023-10-11T10:51:32
U0925,IT02990,2023-10-11T15:26:29
U0904,IT00868,2023-10-11T20:53:26
U1052,IT08575,2023-10-12T00:21:30
U1247,IT00404,2023-10-12T08:51:35
U0390,IT09598,2023-10-12T12:19:17
U0161,IT08879,2023-10-12T13:58:35
U1301,IT09267,2023-10-13T00:47:33
U1255,IT05836,2023-10-13T09:32:06
U0484,IT06736,2023-10-13T15:13:00
U1360,IT07901,2023-10-13T16:31:41
U0013,IT04340,2023-10-13T17:00:55
U1095,IT01203,2023-10-13T20:07:59
U1160,IT01411,2023-10-14T07:21:33
U1372,IT01039,2023-10-14T13:55:38
U0237,IT06913,2023-10-15T01:03:51
U0369,IT04486,2023-10-15T09:07:03
U1341,IT00117,2023-10-15T13:01:12
U0367,IT03028,2023-10-15T22:52:50
U0242,IT01786,2023-10-17T01:57:49
U0985,IT02374,2023-10-17T05:20:34
U0929,IT02865,2023-10-17T18:54:02
U1384,IT03587,2023-10-17T22:45:40
U0739,IT05773,2023-10-18T07:36:30
U1273,IT03317,2023-10-18T11:15:25
U1139,IT01315,2023-10-19T00:49:02
U1321,IT05780,2023-10-19T07:00:46
U0690,IT00076,2023-10-19T13:15:33
U0249,IT06144,2023-10-20T01:46:00
U1266,IT02016,2023-10-20T05:43:56
U0340,IT02750,2023-10-20T17:24:12
U0702,IT04893,2023-10-20T21:01:26
U1040,IT02262,2023-10-20T22:42:11
U1187,IT06981,2023-10-21T01:14:43
U0347,IT00483,2023-10-22T18:56:39
U0773,IT07678,2023-10-22T23:28:49
U0433,IT03606,2023-10-23T12:50:35
U1202,IT05141,2023-10-24T01:18:30
U0778,IT09786,2023-10-24T12:12:40
U0941,IT04299,2023-10-25T06:40:09
U0711,IT01263,2023-10-25T14:33:14
U0241,IT04557,2023-10-25T22:21:26
U0625,IT02169,2023-10-26T01:03:52
U0425,IT06086,2023-10-26T08:00:18
U0417,IT08186,2023-10-26T12:12:50
U0898,IT08777,2023-10-26T21:28:53
U1099,IT05268,2023-10-26T22:53:55
U0878,IT08556,2023-10-27T08:47:03
U1222,IT06636,2023-10-27T23:14:06
U1395,IT05316,2023-10-28T02:06:11
U0041,IT01993,2023-10-28T02:15:32
U0692,IT02211,2023-10-28T07:20:49
U0124,IT07278,2023-10-28T09:22:43
U1056,IT02812,2023-10-28T11:19:18
U0362,IT01536,2023-10-28T12:02:18
U1347,IT04444,2023-10-28T16:16:06
U0216,IT07324,2023-11-01T05:00:02
U1137,IT09046,2023-11-01T11:29:26
U0135,IT00244,2023-11-02T03:03:57
U0035,IT06973,2023-11-02T05:12:34
U0054,IT07411,2023-11-02T07:25:15
U1080,IT07944,2023-11-02T08:36:45
U0702,IT01017,2023-11-02T11:29:21
U0236,IT03590,2023-11-02T14:53:49
U0736,IT02819,2023-11-02T19:15:58
U0868,IT06381,2023-11-03T06:31:58
U0204,IT02664,2023-11-03T10:16:35
U0492,IT08063,2023-11-03T11:25:46
U0028,IT05225,2023-11-03T11:27:10
U1124,IT02408,2023-11-03T12:39:26
U0541,IT07948,2023-11-03T15:05:39
U0945,IT05874,2023-11-03T15:49:16
U0597,IT08664,2023-11-03T16:58:42
U0746,IT02441,2023-11-04T01:16:06
U0007,IT08320,2023-11-04T13:28:08
U0244,IT01068,2023-11-04T14:04:37
U0838,IT07875,2023-11-04T20:32:42
U0568,IT03282,2023-11-05T00:04:08
U0947,IT05099,2023-11-05T08:58:58
U0247,IT07177,2023-11-05T17:03:02
U1085,IT02099,2023-11-05T17:55:37
U0735,IT01991,2023-11-06T06:31:30
U0980,IT04680,2023-11-06T16:18:02
U1076,IT06715,2023-11-07T23:10:18
U0056,IT04915,2023-11-08T04:30:09
U0216,IT04642,2023-11-08T05:00:22
U0347,IT07686,2023-11-08T05:39:25
U1393,IT05353,2023-11-08T08:36:06
U0057,IT00950,2023-11-08T09:59:04
U1157,IT06161,2023-11-08T16:28:06
U1226,IT00285,2023-11-08T22:19:26
U1208,IT04308,2023-11-08T23:20:22
U0116,IT01115,2023-11-09T01:11:20
U0943,IT06497,2023-11-09T05:29:35
U0685,IT05678,2023-11-09T22:51:06
U0027,IT02846,2023-11-09T23:49:32
U0443,IT08845,2023-11-10T01:29:04
U1290,IT05298,2023-11-10T01:31:57
U1372,IT04783,2023-11-10T07:53:59
U1168,IT07483,2023-11-10T15:28:56
U0725,IT03270,2023-11-11T09:26:50
U0318,IT08951,2023-11-11T12:58:14
U0464,IT07015,2023-11-11T20:11:25
U1293,IT06495,2023-11-12T10:14:09
U0444,IT05976,2023-11-12T10:42:53
U0997,IT01267,2023-11-12T11:02:18
U0659,IT04558,2023-11-13T03:18:58
U1264,IT08058,2023-11-13T05:24:59
U1354,IT08725,2023-11-13T17:37:27
U0779,IT04832,2023-11-13T23:18:03
U0803,IT07183,2023-11-14T02:06:36
U0899,IT03885,2023-11-14T08:59:42
U0744,IT09032,2023-11-14T14:06:56
U0481,IT01730,2023-11-15T12:21:01
U0270,IT06633,2023-11-15T17:42:21
U0146,IT02490,2023-11-16T06:15:02
U0061,IT07291,2023-11-16T07:24:48
U0276,IT04717,2023-11-16T11:18:09
U0263,IT08095,2023-11-16T20:53:56
U0764,IT09550,2023-11-17T10:34:11
U1045,IT00095,2023-11-17T11:27:03
U0464,IT04698,2023-11-17T11:53:32
U0563,IT08273,2023-11-17T15:09:34
U0656,IT04692,2023-11-17T20:39:54
U0974,IT09208,2023-11-18T00:24:30
U0909,IT02195,2023-11-18T00:51:03
U1350,IT04462,2023-11-18T06:44:55
U0642,IT03369,2023-11-18T15:21:15
U0796,IT01005,2023-11-18T15:21:54
U0562,IT07680,2023-11-18T22:22:43
U0190,IT07187,2023-11-19T09:42:10
U0396,IT08735,2023-11-19T10:22:57
U0384,IT09802,2023-11-20T04:17:58
U0023,IT03173,2023-11-20T04:58:44
U0816,IT07385,2023-11-20T08:53:06
U0876,IT06119,2023-11-20T11:40:39
U1042,IT00862,2023-11-20T23:28:43
U1165,IT02239,2023-11-20T23:50:03
U1011,IT01950,2023-11-21T03:36:07
U1151,IT09821,2023-11-21T08:40:08
U1199,IT03231,2023-11-21T22:58:12
U0119,IT06702,2023-11-22T02:13:44
U0168,IT01403,2023-11-22T12:12:22
U0508,IT05628,2023-11-23T00:03:21
U0221,IT06371,2023-11-23T00:10:09
U1188,IT04333,2023-11-23T22:22:52
U0457,IT03628,2023-11-23T22:36:01
U0414,IT00942,2023-11-23T23:43:27
U0995,IT06003,2023-11-24T05:54:41
U0135,IT05577,2023-11-24T08:31:11
U1275,IT06652,2023-11-24T22:21:37
U1118,IT02767,2023-11-25T04:08:39
U1220,IT09615,2023-11-25T05:26:56
U1031,IT00897,2023-11-25T13:59:20
U1029,IT03221,2023-11-25T19:29:32
U0094,IT02231,2023-11-26T00:12:00
U0965,IT01125,2023-11-26T14:43:58
U1131,IT06056,2023-11-27T15:19:26
U0507,IT00639,2023-11-28T14:31:48
U0388,IT07388,2023-11-28T17:20:57
U1182,IT08256,2023-12-01T10:29:34
U0546,IT01564,2023-12-01T10:49:42
U0869,IT00119,2023-12-01T11:34:59
U0624,IT06659,2023-12-01T18:09:38
U0168,IT07074,2023-12-01T18:10:39
U1075,IT07984,2023-12-01T19:08:09
U0702,IT02936,2023-12-02T10:56:07
U0191,IT05606,2023-12-02T12:38:20
U0375,IT02944,2023-12-02T13:24:50
U0724,IT03635,2023-12-02T18:07:47
U0076,IT05791,2023-12-02T23:00:25
U0041,IT09230,2023-12-02T23:04:34
U1091,IT01552,2023-12-03T01:00:52
U0651,IT03385,2023-12-03T09:06:03
U0589,IT06522,2023-12-03T18:29:15
U1167,IT03174,2023-12-03T21:00:27
U0046,IT01311,2023-12-04T03:53:33
U0530,IT08672,2023-12-04T04:24:00
U1018,IT01824,2023-12-04T11:26:39
U0950,IT04148,2023-12-04T12:16:40
U0872,IT07059,2023-12-04T12:18:06
U0985,IT02819,2023-12-04T14:54:27
U0634,IT04225,2023-12-04T19:39:25
U0827,IT05458,2023-12-05T02:54:28
U0972,IT09027,2023-12-05T03:40:10
U0910,IT05747,2023-12-05T22:49:24
U0420,IT03695,2023-12-06T06:06:44
U0942,IT04418,2023-12-06T15:17:58
U1124,IT08396,2023-12-06T16:15:55
U0920,IT08721,2023-12-06T19:26:37
U1317,IT05361,2023-12-06T21:34:08
U0893,IT09092,2023-12-06T23:41:51
U0204,IT08959,2023-12-07T06:44:49
U0772,IT03630,2023-12-07T07:18:43
U1368,IT07245,2023-12-07T07:23:55
U1245,IT03274,2023-12-07T08:41:39
U0223,IT01419,2023-12-07T13:29:57
U0581,IT07408,2023-12-07T17:33:06
U0035,IT05347,2023-12-07T20:08:59
U1272,IT04863,2023-12-08T04:39:57
U1051,IT00525,2023-12-08T12:51:44
U0463,IT02678,2023-12-08T13:00:53
U1238,IT08417,2023-12-08T17:27:02
U0844,IT00258,2023-12-08T20:57:02
U0234,IT09330,2023-12-09T02:41:50
U0671,IT02122,2023-12-09T04:13:31
U1192,IT09836,2023-12-09T23:17:22
U0701,IT00018,2023-12-10T08:06:20
U1162,IT00894,2023-12-10T23:52:17
U1008,IT06417,2023-12-11T08:48:09
U0110,IT03118,2023-12-11T14:30:38
U1350,IT08318,2023-12-12T01:04:03
U0515,IT02110,2023-12-12T03:53:02
U0927,IT02783,2023-12-12T08:20:12
U1245,IT00729,2023-12-12T16:03:02
U1045,IT01274,2023-12-12T18:56:28
U0114,IT03762,2023-12-12T21:34:46
U1276,IT09661,2023-12-12T22:39:59
U0747,IT01521,2023-12-13T08:19:11
U0712,IT04544,2023-12-14T03:06:07
U0693,IT06191,2023-12-14T04:46:50
U0760,IT05310,2023-12-14T05:41:21
U0526,IT08113,2023-12-14T07:42:41
U0682,IT08230,2023-12-14T10:14:51
U0551,IT04971,2023-12-14T23:47:54
U1328,IT06758,2023-12-15T10:40:47
U0261,IT07269,2023-12-15T10:46:40
U0921,IT02919,2023-12-15T14:59:12
U0134,IT07135,2023-12-15T23:03:36
U0099,IT08377,2023-12-16T03:33:57
U0810,IT04675,2023-12-16T04:42:42
U0529,IT09771,2023-12-16T21:10:15
U0304,IT05340,2023-12-16T23:20:36
U0062,IT03387,2023-12-16T23:59:24
U1365,IT01532,2023-12-17T00:15:00
U0434,IT04246,2023-12-17T07:12:36
U1221,IT05139,2023-12-17T22:30:19
U1075,IT01067,2023-12-18T01:11:38
U0045,IT09757,2023-12-18T04:22:12
U0954,IT02788,2023-12-19T01:40:24
U0952,IT05298,2023-12-19T05:03:11
U1367,IT09296,2023-12-19T05:28:56
U0483,IT02633,2023-12-19T06:56:49
U0075,IT02283,2023-12-19T10:51:38
U0898,IT03713,2023-12-19T11:44:57
U0837,IT09705,2023-12-20T08:20:10
U0862,IT05166,2023-12-20T16:05:43
U1233,IT07575,2023-12-20T16:25:33
U0313,IT08791,2023-12-20T19:46:41
U0409,IT05773,2023-12-20T23:47:56
U0759,IT00416,2023-12-21T02:41:26
U1227,IT00303,2023-12-21T06:43:01
U1074,IT06338,2023-12-22T00:41:01
U0132,IT03236,2023-12-22T01:46:08
U0061,IT01753,2023-12-22T04:29:58
U1401,IT00346,2023-12-22T10:29:39
U1022,IT07899,2023-12-22T17:03:39
U0456,IT00585,2023-12-23T01:40:09
U0707,IT09188,2023-12-23T16:38:04
U0875,IT07352,2023-12-23T19:45:33
U0498,IT00281,2023-12-24T03:08:39
U0170,IT00419,2023-12-24T15:10:44
U0406,IT07698,2023-12-24T15:13:08
U0926,IT07958,2023-12-25T00:48:11
U0231,IT04655,2023-12-25T02:03:19
U0495,IT05950,2023-12-25T06:06:39
U1298,IT07633,2023-12-25T18:43:57
U0833,IT09870,2023-12-25T20:48:01
U1128,IT02814,2023-12-25T23:46:18
U0681,IT04697,2023-12-26T05:28:08
U0487,IT07143,2023-12-26T06:46:35
U1133,IT08759,2023-12-26T22:20:05
U1111,IT03124,2023-12-26T22:59:14
U0242,IT06531,2023-12-27T01:51:09
U0055,IT05249,2023-12-27T05:40:27
U0855,IT03407,2023-12-27T14:52:06
U0426,IT00453,2023-12-27T19:26:02
U1131,IT07152,2023-12-28T05:59:29
U0968,IT09876,2023-12-28T10:09:25
U0509,IT01404,2023-12-28T10:27:55
U0404,IT03969,2024-01-01T04:02:20
U0116,IT00615,2024-01-01T16:08:10
U1393,IT03190,2024-01-02T02:41:29
U0390,IT03489,2024-01-02T16:55:29
U0008,IT03174,2024-01-02T21:23:07
U0611,IT03871,2024-01-02T22:14:37
U0776,IT06311,2024-01-03T01:03:34
U0951,IT00169,2024-01-03T04:44:28
U0518,IT07956,2024-01-03T07:18:16
U0336,IT02045,2024-01-03T14:41:47
U0380,IT06124,2024-01-03T19:19:26
U1065,IT02377,2024-01-03T23:38:04
U1266,IT02185,2024-01-04T05:36:21
U1172,IT09783,2024-01-04T18:59:18
U0192,IT05227,2024-01-05T07:07:59
U0523,IT01209,2024-01-05T12:38:23
U1080,IT04939,2024-01-05T19:36:45
U0975,IT04685,2024-01-05T21:43:07
U0551,IT09603,2024-01-06T00:07:18
U0742,IT06791,2024-01-06T00:45:57
U0351,IT05599,2024-01-06T03:34:39
U1238,IT07025,2024-01-06T06:09:37
U1209,IT07920,2024-01-06T07:26:02
U0013,IT05306,2024-01-06T14:16:03
U1307,IT07803,2024-01-06T16:48:18
U0998,IT08917,2024-01-06T18:17:44
U0250,IT00500,2024-01-06T23:19:48
U0326,IT02350,2024-01-07T00:21:41
U0814,IT07262,2024-01-07T00:37:17
U0048,IT06941,2024-01-07T09:37:13
U0212,IT03426,2024-01-07T12:36:00
U1276,IT03518,2024-01-07T23:50:21
U0849,IT05698,2024-01-08T10:40:41
U1070,IT01282,2024-01-08T17:18:39
U0649,IT07521,2024-01-08T23:09:42
U0762,IT01491,2024-01-09T09:42:07
U0405,IT05881,2024-01-09T13:12:49
U0240,IT06710,2024-01-09T20:11:44
U0270,IT08322,2024-01-09T22:48:34
U0551,IT07330,2024-01-10T03:03:26
U0534,IT00861,2024-01-10T05:38:58
U1401,IT00803,2024-01-10T07:40:39
U1120,IT09285,2024-01-10T09:48:05
U0401,IT02812,2024-01-10T14:36:54
U0774,IT06860,2024-01-10T20:52:07
U0438,IT00072,2024-01-10T22:23:05
U1293,IT00336,2024-01-11T12:49:53
U1156,IT07419,2024-01-11T20:32:47
U0116,IT03005,2024-01-11T22:12:15
U0757,IT07911,2024-01-12T03:10:28
U0962,IT04691,2024-01-13T02:44:02
U0911,IT08702,2024-01-13T04:08:28
U0584,IT08982,2024-01-13T05:42:03
U0331,IT08243,2024-01-14T08:59:11
U1366,IT07876,2024-01-14T09:23:33
U1098,IT04286,2024-01-14T13:45:43
U1383,IT06538,2024-01-14T21:49:49
U0355,IT04828,2024-01-15T01:07:42
U1348,IT04666,2024-01-15T01:16:37
U0577,IT02998,2024-01-15T11:03:53
U0013,IT09854,2024-01-15T14:01:21
U1168,IT04617,2024-01-16T02:26:35
U0845,IT02837,2024-01-16T03:25:26
U0187,IT07833,2024-01-16T10:49:51
U0924,IT09563,2024-01-16T14:18:22
U0757,IT06701,2024-01-17T07:22:34
U1367,IT02175,2024-01-17T15:17:52
U0933,IT09406,2024-01-17T18:37:19
U1039,IT02612,2024-01-17T20:58:40
U0719,IT02571,2024-01-17T22:19:06
U0715,IT09185,2024-01-17T22:20:24
U1180,IT06625,2024-01-17T22:32:50
U0019,IT06356,2024-01-17T23:24:09
U0514,IT06704,2024-01-17T23:27:02
U0006,IT00102,2024-01-18T22:56:13
U0289,IT03738,2024-01-19T01:10:54
U0690,IT00846,2024-01-19T16:19:45
U1238,IT01494,2024-01-19T18:36:52
U0218,IT03168,2024-01-20T02:51:53
U0175,IT02709,2024-01-20T02:54:09
U0204,IT02570,2024-01-20T08:03:37
U1240,IT09643,2024-01-20T10:34:10
U0276,IT08978,2024-01-20T14:06:09
U1335,IT05616,2024-01-20T14:57:00
U0108,IT09749,2024-01-20T16:01:35
U0323,IT02072,2024-01-21T13:50:19
U0936,IT08189,2024-01-21T21:22:59
U0991,IT05645,2024-01-22T10:23:04
U0979,IT00068,2024-01-22T14:21:18
U0872,IT02693,2024-01-22T20:26:17
U1389,IT08340,2024-01-22T20:31:19
U0461,IT01091,2024-01-22T20:47:48
U0676,IT02503,2024-01-23T00:13:43
U1284,IT07060,2024-01-23T12:41:42
U0949,IT03614,2024-01-23T19:17:59
U1332,IT09154,2024-01-23T19:52:58
U0092,IT05528,2024-01-24T01:30:08
U1219,IT02213,2024-01-24T05:37:55
U1357,IT08102,2024-01-24T09:54:42
U0232,IT08815,2024-01-25T18:27:20
U0472,IT09550,2024-01-25T21:41:30
U1323,IT04873,2024-01-26T00:05:04
U1097,IT06871,2024-01-26T05:18:06
U1234,IT04117,2024-01-26T20:33:17
U0532,IT00661,2024-01-27T00:49:26
U0934,IT04464,2024-01-27T11:30:15
U0182,IT09659,2024-01-27T11:41:18
U1190,IT06638,2024-01-27T14:52:59
U0167,IT03431,2024-01-27T16:49:47
U0116,IT02146,2024-01-27T17:08:58
U0051,IT00524,2024-01-27T19:41:30
U0561,IT00874,2024-01-27T23:38:12
U1049,IT02180,2024-01-28T22:30:00
U1171,IT09264,2024-01-28T23:13:10
U1283,IT05871,2024-02-01T07:02:00
U0112,IT06221,2024-02-01T09:23:44
U0419,IT00829,2024-02-01T16:09:56
U0857,IT05364,2024-02-01T18:03:45
U0284,IT03432,2024-02-01T19:43:27
U1257,IT05549,2024-02-01T19:55:42
U0086,IT04032,2024-02-02T05:27:24
U1321,IT04976,2024-02-02T10:15:34
U0266,IT03027,2024-02-03T01:05:42
U0091,IT07226,2024-02-03T02:42:45
U0319,IT00927,2024-02-03T03:29:57
U0309,IT08500,2024-02-03T05:33:14
U0932,IT00373,2024-02-03T06:01:26
U0797,IT00855,2024-02-03T07:02:09
U0993,IT07209,2024-02-03T22:23:22
U1322,IT08260,2024-02-03T23:02:55
U0816,IT08835,2024-02-04T05:59:47
U1145,IT09885,2024-02-04T12:38:43
U0652,IT01747,2024-02-04T19:25:52
U0543,IT07285,2024-02-05T10:18:59
U0221,IT02642,2024-02-05T12:23:37
U0458,IT00101,2024-02-06T03:18:16
U0241,IT09733,2024-02-06T06:57:15
U0053,IT07517,2024-02-06T10:10:05
U0455,IT01454,2024-02-06T11:53:38
U0338,IT01345,2024-02-06T21:08:40
U0182,IT02934,2024-02-06T23:18:41
U1085,IT01424,2024-02-07T18:42:20
U1308,IT00189,2024-02-07T22:30:03
U0504,IT04732,2024-02-08T00:26:01
U0921,IT06085,2024-02-08T04:32:29
U1026,IT07551,2024-02-08T14:24:06
U1262,IT07822,2024-02-08T21:20:13
U1042,IT00056,2024-02-08T23:42:09
U0876,IT01517,2024-02-09T01:20:17
U1028,IT03449,2024-02-09T05:06:39
U0410,IT01491,2024-02-09T16:45:45
U0302,IT05272,2024-02-09T19:58:25
U0911,IT07840,2024-02-09T22:31:50
U0913,IT07353,2024-02-10T05:56:07
U1352,IT09739,2024-02-10T06:25:30
U0154,IT02827,2024-02-10T12:50:06
U1004,IT02996,2024-02-11T01:04:42
U1079,IT00695,2024-02-11T01:41:09
U1058,IT06621,2024-02-11T15:32:40
U0792,IT07068,2024-02-11T21:18:31
U0353,IT05324,2024-02-11T22:11:40
U0762,IT05981,2024-02-12T02:44:12
U0774,IT07714,2024-02-12T13:06:46
U1085,IT09677,2024-02-12T19:56:40
U0583,IT04894,2024-02-12T20:46:28
U0251,IT04741,2024-02-13T05:35:33
U0781,IT02292,2024-02-14T04:24:17
U0179,IT00091,2024-02-14T04:35:22
U0947,IT04459,2024-02-14T12:08:54
U0285,IT00921,2024-02-14T13:01:18
U0854,IT08445,2024-02-15T03:06:00
U0634,IT07301,2024-02-15T05:08:03
U0047,IT08114,2024-02-15T07:07:50
U1161,IT04738,2024-02-15T09:28:33
U0629,IT05196,2024-02-15T11:19:31
U0218,IT02450,2024-02-15T12:01:21
U0105,IT02919,2024-02-15T12:57:36
U0747,IT02612,2024-02-15T19:32:30
U0261,IT07287,2024-02-16T03:02:55
U1040,IT06953,2024-02-16T07:15:12
U0343,IT08437,2024-02-16T13:56:25
U0533,IT00518,2024-02-16T14:19:15
U0692,IT01201,2024-02-16T16:30:21
U0008,IT06124,2024-02-16T16:49:20
U0972,IT02943,2024-02-16T22:21:42
U1295,IT03360,2024-02-17T11:48:43
U0907,IT06882,2024-02-17T15:02:35
U1097,IT00628,2024-02-17T18:40:52
U0841,IT06355,2024-02-17T21:42:19
U0950,IT05803,2024-02-17T23:26:04
U0810,IT02899,2024-02-19T05:04:51
U0736,IT07702,2024-02-19T08:21:15
U0190,IT02956,2024-02-19T22:10:44
U1273,IT09622,2024-02-20T04:03:51
U0070,IT07361,2024-02-20T13:48:38
U1251,IT01109,2024-02-20T16:41:30
U0532,IT03051,2024-02-20T19:48:04
U0195,IT03267,2024-02-20T19:58:28
U0636,IT07953,2024-02-20T20:58:08
U0347,IT09024,2024-02-21T11:58:32
U0235,IT09559,2024-02-22T01:46:50
U1046,IT00407,2024-02-22T08:25:56
U1101,IT03318,2024-02-22T12:35:16
U1384,IT04025,2024-02-22T14:00:43
U0928,IT07061,2024-02-22T14:33:03
U0778,IT08369,2024-02-22T18:48:50
U1312,IT06655,2024-02-23T09:50:09
U0870,IT08633,2024-02-23T22:59:55
U1362,IT03476,2024-02-24T04:18:40
U0173,IT01447,2024-02-24T07:38:30
U1078,IT02185,2024-02-24T11:10:15
U0348,IT00861,2024-02-24T21:49:02
U0382,IT00088,2024-02-25T03:32:14
U0886,IT08193,2024-02-25T10:29:21
U1190,IT06689,2024-02-25T16:42:31
U0159,IT03575,2024-02-25T19:28:35
U0298,IT03235,2024-02-25T20:05:00
U0046,IT07778,2024-02-26T00:23:02
U0030,IT06930,2024-02-26T02:18:19
U0584,IT06038,2024-02-26T03:53:08
U1327,IT03677,2024-02-26T05:33:36
U0067,IT05381,2024-02-26T08:28:57
U0927,IT09844,2024-02-26T09:26:02
U1070,IT08079,2024-02-26T11:16:33
U1104,IT00432,2024-02-26T14:54:43
U0495,IT08451,2024-02-26T18:23:53
U0662,IT07178,2024-02-26T18:43:00
U0267,IT09106,2024-02-27T02:14:49
U0852,IT09298,2024-02-27T15:35:04
U0939,IT07954,2024-02-27T15:53:18
U0586,IT07060,2024-02-27T16:51:53
U0288,IT00028,2024-02-27T21:17:14
U0022,IT01069,2024-02-27T23:42:38
U0780,IT06372,2024-02-28T01:45:11
U1093,IT08969,2024-02-28T10:29:58
U1269,IT04941,2024-02-28T14:11:26
U0338,IT01159,2024-02-28T14:59:50
U1262,IT05336,2024-03-01T13:59:43
U0661,IT07674,2024-03-02T10:36:21
U0928,IT06030,2024-03-02T12:42:35
U0742,IT00800,2024-03-03T04:06:54
U0444,IT06216,2024-03-03T08:08:53
U0838,IT04694,2024-03-03T09:19:08
U0181,IT09186,2024-03-03T13:56:54
U0524,IT07230,2024-03-03T14:13:39
U0723,IT07477,2024-03-03T14:42:01
U1136,IT06102,2024-03-03T19:12:40
U0171,IT01844,2024-03-04T07:12:13
U0981,IT04716,2024-03-04T17:23:25
U0706,IT00301,2024-03-05T04:57:03
U0638,IT02041,2024-03-05T09:36:41
U0124,IT09581,2024-03-06T05:08:59
U0599,IT02731,2024-03-06T18:17:00
U0491,IT04089,2024-03-06T21:45:52
U1131,IT07878,2024-03-07T06:40:54
U1084,IT00030,2024-03-07T13:05:27
U0042,IT07952,2024-03-07T16:47:02
U1176,IT05348,2024-03-07T18:04:45
U0516,IT07182,2024-03-07T19:38:28
U1235,IT02339,2024-03-08T07:19:46
U1278,IT02941,2024-03-08T13:44:25
U1037,IT03559,2024-03-08T18:18:17
U0898,IT08138,2024-03-08T18:29:43
U0916,IT00920,2024-03-08T22:33:28
U0611,IT00336,2024-03-09T07:42:20
U0827,IT02493,2024-03-09T17:39:59
U0908,IT04793,2024-03-09T20:34:05
U1065,IT08025,2024-03-10T20:02:46
U1288,IT00123,2024-03-10T21:21:35
U0577,IT06431,2024-03-11T18:07:03
U0687,IT08365,2024-03-11T20:19:31
U0854,IT01199,2024-03-12T03:39:41
U0361,IT02978,2024-03-12T04:04:47
U0987,IT02677,2024-03-12T04:33:40
U1133,IT09399,2024-03-12T09:32:46
U1005,IT09506,2024-03-12T15:00:12
U0287,IT08799,2024-03-12T18:22:41
U0032,IT02728,2024-03-12T21:01:26
U0359,IT05630,2024-03-12T21:21:57
U0271,IT09508,2024-03-13T05:29:11
U0964,IT01725,2024-03-13T15:13:48
U1202,IT02655,2024-03-13T18:54:53
U1308,IT07249,2024-03-14T01:25:14
U1304,IT02689,2024-03-15T06:11:27
U0473,IT06047,2024-03-15T08:34:01
U0520,IT02998,2024-03-15T21:44:23
U0153,IT03938,2024-03-16T01:10:57
U0971,IT07313,2024-03-16T10:42:20
U0291,IT05640,2024-03-17T06:11:14
U0947,IT08448,2024-03-17T11:28:23
U0535,IT01302,2024-03-17T13:48:37
U0922,IT00615,2024-03-17T13:56:47
U0153,IT09692,2024-03-17T16:35:31
U1080,IT03798,2024-03-18T01:42:34
U1338,IT00767,2024-03-18T05:40:29
U1005,IT04760,2024-03-18T08:09:26
U0457,IT05326,2024-03-18T08:55:06
U1258,IT02409,2024-03-18T16:22:49
U0470,IT07979,2024-03-18T17:25:03
U0716,IT06431,2024-03-18T18:41:43
U0735,IT05737,2024-03-18T23:20:22
U1371,IT01774,2024-03-19T03:56:33
U0140,IT04819,2024-03-19T12:40:52
U0664,IT01273,2024-03-19T14:57:25
U0758,IT03128,2024-03-19T18:29:00
U1079,IT05065,2024-03-19T23:47:49
U0981,IT07684,2024-03-19T23:54:42
U1307,IT04307,2024-03-20T05:52:48
U0755,IT03206,2024-03-21T04:56:38
U1379,IT03993,2024-03-21T08:57:13
U0830,IT06906,2024-03-21T15:55:00
U0203,IT00781,2024-03-21T21:00:32
U0705,IT07256,2024-03-22T01:54:06
U0629,IT07971,2024-03-22T08:07:38
U0022,IT03231,2024-03-22T12:37:50
U0095,IT00501,2024-03-22T21:31:25
U1311,IT04491,2024-03-23T00:10:17
U1392,IT02115,2024-03-23T00:23:32
U1354,IT06536,2024-03-23T08:39:13
U0429,IT08673,2024-03-23T10:55:20
U0305,IT08250,2024-03-23T12:05:37
U0947,IT02580,2024-03-23T23:22:16
U0284,IT05571,2024-03-24T07:42:12
U0766,IT08247,2024-03-24T10:24:48
U0097,IT01387,2024-03-24T10:42:25
U1267,IT05193,2024-03-24T16:10:57
U0876,IT04609,2024-03-24T17:57:24
U0715,IT00310,2024-03-24T18:03:15
U0801,IT06356,2024-03-24T21:10:01
U0181,IT07581,2024-03-25T02:40:14
U1012,IT02013,2024-03-25T10:44:21
U1129,IT08916,2024-03-25T17:21:48
U0002,IT08316,2024-03-26T04:00:18
U0298,IT08107,2024-03-26T09:53:01
U1096,IT07781,2024-03-26T14:16:57
U1216,IT08256,2024-03-26T22:57:14
U0524,IT00921,2024-03-27T19:01:30
U0542,IT03954,2024-03-28T10:43:43
U1277,IT06933,2024-03-28T14:50:00
U0373,IT05399,2024-03-28T19:29:55
U1068,IT07401,2024-04-01T16:41:07
U0681,IT04881,2024-04-02T02:16:12
U0916,IT00987,2024-04-02T02:37:29
U0894,IT03147,2024-04-02T10:06:26
U0119,IT02192,2024-04-02T21:05:17
U0739,IT03315,2024-04-02T23:30:44
U0163,IT06831,2024-04-03T02:04:10
U0924,IT02918,2024-04-03T04:50:45
U0209,IT05216,2024-04-03T07:03:44
U0794,IT06212,2024-04-03T21:27:20
U0141,IT00428,2024-04-04T10:03:00
U0531,IT07778,2024-04-04T13:43:52
U0190,IT07573,2024-04-04T23:43:50
U0081,IT09130,2024-04-05T08:30:38
U0336,IT06632,2024-04-05T22:25:38
U0250,IT07167,2024-04-06T00:10:23
U0247,IT09469,2024-04-06T05:47:08
U1003,IT06394,2024-04-06T19:26:51
U1240,IT02520,2024-04-06T21:04:33
U0824,IT09516,2024-04-07T09:12:01
U0894,IT01270,2024-04-07T10:50:32
U1100,IT00134,2024-04-07T13:21:52
U1315,IT05442,2024-04-07T22:33:31
U1241,IT00013,2024-04-08T06:02:26
U0225,IT03659,2024-04-08T06:25:28
U0431,IT05388,2024-04-08T17:19:08
U0918,IT03619,2024-04-09T10:53:46
U0851,IT06445,2024-04-09T19:08:00
U1227,IT07260,2024-04-09T20:55:42
U0405,IT03754,2024-04-09T22:56:08
U0505,IT08134,2024-04-10T00:17:38
U1020,IT06102,2024-04-10T06:31:59
U0277,IT06161,2024-04-10T14:13:02
U0726,IT06965,2024-04-10T23:21:07
U0082,IT03347,2024-04-10T23:22:16
U0799,IT04949,2024-04-10T23:33:09
U0147,IT00145,2024-04-11T08:30:37
U0309,IT05015,2024-04-11T14:28:54
U0048,IT00168,2024-04-12T03:55:34
U1196,IT00777,2024-04-12T17:05:28
U0025,IT05215,2024-04-12T19:39:52
U0465,IT03273,2024-04-13T01:49:00
U0665,IT08508,2024-04-13T03:18:33
U0951,IT09072,2024-04-13T19:48:21
U0198,IT05695,2024-04-13T21:19:42
U0195,IT02934,2024-04-14T02:06:45
U0136,IT00886,2024-04-14T17:15:57
U0736,IT01986,2024-04-14T23:10:03
U1035,IT03213,2024-04-15T15:41:26
U0741,IT08858,2024-04-15T20:31:00
U1240,IT04543,2024-04-16T01:53:50
U0328,IT03494,2024-04-16T07:19:54
U1358,IT04591,2024-04-16T12:46:55
U1241,IT02757,2024-04-16T14:54:38
U1160,IT08010,2024-04-16T19:38:58
U0093,IT04670,2024-04-16T23:18:53
U0952,IT06080,2024-04-17T05:55:17
U1154,IT08960,2024-04-17T16:38:11
U0513,IT09001,2024-04-18T00:00:11
U0247,IT07199,2024-04-18T05:31:06
U0017,IT03951,2024-04-18T08:18:58
U0146,IT01760,2024-04-18T10:24:08
U0796,IT04695,2024-04-19T02:34:39
U0988,IT09134,2024-04-19T21:38:54
U0169,IT07558,2024-04-19T21:59:05
U0099,IT08358,2024-04-20T07:36:55
U0863,IT06741,2024-04-20T22:46:46
U1019,IT02470,2024-04-20T23:30:45
U0271,IT05513,2024-04-20T23:42:29
U0119,IT03575,2024-04-21T00:47:21
U0185,IT04858,2024-04-21T02:12:06
U0823,IT03959,2024-04-21T03:14:15
U1264,IT08090,2024-04-21T13:59:01
U0768,IT02576,2024-04-21T19:33:58
U0797,IT01805,2024-04-21T21:21:49
U0049,IT03115,2024-04-22T00:21:01
U0113,IT07741,2024-04-22T08:18:09
U0294,IT05176,2024-04-22T14:57:41
U0330,IT03057,2024-04-23T13:27:57
U0508,IT01375,2024-04-23T18:08:03
U0685,IT05328,2024-04-23T18:28:23
U1025,IT07653,2024-04-23T18:38:06
U0342,IT04100,2024-04-24T01:04:34
U0245,IT00598,2024-04-24T09:08:54
U0579,IT09809,2024-04-24T12:33:23
U1046,IT08100,2024-04-24T14:54:48
U0584,IT03923,2024-04-24T17:47:49
U0460,IT04159,2024-04-25T00:41:54
U1190,IT09140,2024-04-25T02:40:19
U0871,IT05391,2024-04-25T06:53:37
U0661,IT05376,2024-04-25T10:37:59
U0483,IT02254,2024-04-25T13:21:26
U1033,IT08460,2024-04-25T14:14:45
U0534,IT03964,2024-04-25T14:50:42
U1382,IT04071,2024-04-26T00:28:07
U0960,IT02158,2024-04-26T03:45:44
U0091,IT06595,2024-04-26T04:42:40
U1361,IT04830,2024-04-26T07:03:00
U0941,IT09149,2024-04-26T09:21:07
U1137,IT02881,2024-04-26T09:21:55
U0728,IT09092,2024-04-26T14:21:51
U0709,IT07674,2024-04-26T15:00:24
U1395,IT09752,2024-04-27T04:25:54
U1304,IT01659,2024-04-27T06:11:16
U0405,IT05986,2024-04-27T14:54:32
U1096,IT09571,2024-04-27T20:59:06
U0477,IT04337,2024-04-28T00:17:05
U0894,IT04942,2024-04-28T05:24:45
U1033,IT08221,2024-05-02T01:11:57
U1330,IT06214,2024-05-02T03:15:16
U1069,IT09769,2024-05-02T07:58:52
U1110,IT01563,2024-05-02T18:39:25
U0485,IT04841,2024-05-02T19:13:24
U1210,IT09862,2024-05-02T21:10:08
U1240,IT05229,2024-05-03T00:50:22
U0213,IT03688,2024-05-03T01:50:40
U1230,IT01727,2024-05-03T03:02:14
U0720,IT01667,2024-05-03T04:02:58
U0604,IT04003,2024-05-03T10:40:13
U0979,IT03531,2024-05-03T10:52:59
U0586,IT04734,2024-05-03T13:35:24
U0011,IT00351,2024-05-03T18:24:27
U0925,IT06210,2024-05-04T01:38:54
U0719,IT05032,2024-05-04T02:37:45
U0459,IT00510,2024-05-04T06:07:35
U0894,IT03282,2024-05-04T07:17:59
U0282,IT08239,2024-05-04T07:19:05
U1117,IT00925,2024-05-04T11:23:43
U0259,IT06944,2024-05-04T18:30:06
U0577,IT04231,2024-05-04T19:50:41
U0798,IT08841,2024-05-04T22:12:14
U1359,IT03995,2024-05-04T22:20:26
U0937,IT02889,2024-05-05T01:36:37
U0760,IT08234,2024-05-05T01:42:04
U0161,IT07465,2024-05-05T03:49:45
U0818,IT05124,2024-05-05T09:49:28
U1335,IT05417,2024-05-06T01:57:07
U1122,IT00301,2024-05-06T02:15:21
U0581,IT00207,2024-05-06T03:46:22
U0602,IT01531,2024-05-06T08:56:27
U0713,IT05252,2024-05-06T10:15:22
U0971,IT02647,2024-05-06T11:48:52
U0359,IT09563,2024-05-06T18:09:56
U0894,IT00848,2024-05-06T20:24:01
U0514,IT04924,2024-05-07T01:21:49
U0282,IT09265,2024-05-07T07:51:23
U0753,IT09181,2024-05-07T15:25:36
U0777,IT08241,2024-05-07T18:02:09
U0590,IT08666,2024-05-07T19:39:25
U0926,IT04214,2024-05-08T00:46:35
U0519,IT04892,2024-05-08T09:12:22
U1256,IT08470,2024-05-08T11:05:37
U1161,IT02771,2024-05-08T13:00:12
U0787,IT08962,2024-05-08T14:46:32
U0405,IT08033,2024-05-08T18:27:53
U0189,IT05066,2024-05-08T21:01:29
U0559,IT00712,2024-05-09T00:44:57
U0406,IT08944,2024-05-09T06:46:34
U0378,IT00166,2024-05-09T07:12:16
U0712,IT03897,2024-05-09T07:14:43
U0730,IT02736,2024-05-09T11:27:24
U1055,IT03212,2024-05-09T14:16:16
U0370,IT05616,2024-05-09T15:35:44
U0088,IT03952,2024-05-09T16:30:59
U0571,IT03750,2024-05-09T17:22:43
U0669,IT07395,2024-05-09T20:22:43
U1120,IT08681,2024-05-09T22:02:15
U0016,IT00523,2024-05-10T06:53:36
U0602,IT01820,2024-05-10T11:36:02
U1044,IT07346,2024-05-10T20:58:57
U1063,IT05466,2024-05-10T21:08:07
U0684,IT03523,2024-05-10T23:36:17
U1262,IT07143,2024-05-11T00:48:33
U1060,IT04558,2024-05-11T03:15:46
U0465,IT08962,2024-05-11T05:09:37
U0978,IT01635,2024-05-11T05:21:05
U0005,IT06993,2024-05-11T08:15:41
U0422,IT02610,2024-05-11T08:30:03
U0978,IT01183,2024-05-11T09:18:56
U0034,IT07372,2024-05-11T09:52:43
U0534,IT03616,2024-05-11T20:48:07
U0724,IT05888,2024-05-11T21:19:33
U0980,IT03325,2024-05-12T09:25:32
U0436,IT07408,2024-05-12T11:30:29
U0590,IT08961,2024-05-12T12:25:55
U0088,IT06253,2024-05-12T19:27:59
U0262,IT02544,2024-05-12T19:55:26
U0696,IT07902,2024-05-12T20:46:36
U0379,IT01418,2024-05-12T22:44:39
U1098,IT01198,2024-05-13T01:17:05
U0952,IT08581,2024-05-13T02:17:41
U0365,IT03268,2024-05-13T05:02:33
U1305,IT02654,2024-05-13T07:56:27
U1135,IT01102,2024-05-13T08:25:25
U0445,IT04501,2024-05-13T09:43:25
U0707,IT09524,2024-05-13T10:02:57
U0413,IT03849,2024-05-13T10:09:59
U0866,IT03805,2024-05-13T12:11:40
U0783,IT05605,2024-05-13T14:50:29
U1390,IT08636,2024-05-13T17:59:46
U0457,IT05496,2024-05-13T18:05:28
U0740,IT07740,2024-05-14T00:27:11
U1366,IT01722,2024-05-14T05:32:11
U1262,IT05664,2024-05-14T23:15:15
U0438,IT00803,2024-05-15T02:53:34
U0376,IT09004,2024-05-15T04:49:40
U0976,IT02674,2024-05-15T15:45:18
U0529,IT01857,2024-05-15T16:18:06
U0830,IT08209,2024-05-15T17:58:20
U1112,IT08485,2024-05-15T22:41:45
U0416,IT09438,2024-05-15T23:51:14
U0629,IT05392,2024-05-16T02:08:29
U0462,IT01754,2024-05-16T07:33:46
U0473,IT05051,2024-05-16T09:10:42
U0502,IT03909,2024-05-16T14:18:43
U0192,IT07945,2024-05-16T16:10:33
U0988,IT04478,2024-05-16T17:44:13
U1001,IT08881,2024-05-17T03:43:24
U0276,IT03922,2024-05-17T06:29:06
U0100,IT07806,2024-05-17T12:39:38
U0960,IT09099,2024-05-17T15:45:02
U0491,IT06558,2024-05-17T21:04:41
U0868,IT06271,2024-05-17T21:14:09
U0397,IT02761,2024-05-17T21:58:39
U1156,IT04009,2024-05-17T23:51:19
U0889,IT07748,2024-05-17T23:55:56
U1120,IT09149,2024-05-18T09:17:54
U0782,IT06564,2024-05-18T10:31:32
U1125,IT09085,2024-05-18T17:05:50
U0367,IT07222,2024-05-18T17:06:09
U0375,IT01408,2024-05-18T19:05:06
U1382,IT00477,2024-05-18T20:32:49
U0978,IT05232,2024-05-19T02:19:41
U0667,IT03870,2024-05-19T07:13:49
U0196,IT08653,2024-05-19T07:48:58
U0828,IT06126,2024-05-19T09:24:38
U0732,IT05032,2024-05-19T10:19:55
U0355,IT05898,2024-05-19T10:51:41
U1061,IT09445,2024-05-19T11:27:10
U0201,IT04246,2024-05-19T15:54:04
U0676,IT02209,2024-05-19T16:12:33
U0561,IT02678,2024-05-19T17:08:10
U0377,IT05452,2024-05-19T19:54:05
U0281,IT06630,2024-05-19T21:03:56
U0647,IT04330,2024-05-19T21:25:16
U0789,IT00238,2024-05-20T00:56:16
U0739,IT01718,2024-05-20T03:15:53
U1101,IT07403,2024-05-20T03:20:56
U1224,IT02503,2024-05-20T04:54:32
U0350,IT07432,2024-05-20T09:42:27
U0023,IT09731,2024-05-20T10:22:34
U0820,IT04226,2024-05-20T11:36:54
U0618,IT05041,2024-05-20T12:49:04
U0895,IT01773,2024-05-20T23:58:41
U1092,IT06553,2024-05-21T04:51:05
U1218,IT03004,2024-05-21T10:46:57
U0508,IT00706,2024-05-21T11:07:33
U0445,IT06292,2024-05-21T17:08:40
U0875,IT08513,2024-05-21T20:37:28
U0545,IT08763,2024-05-22T01:27:09
U1388,IT09042,2024-05-22T02:34:34
U0550,IT04079,2024-05-22T09:58:01
U1231,IT04153,2024-05-22T15:39:35
U0075,IT00489,2024-05-22T17:01:01
U0553,IT00905,2024-05-22T20:43:19
U0996,IT04533,2024-05-22T20:46:21
U0020,IT01767,2024-05-23T00:07:02
U1342,IT06609,2024-05-23T04:44:30
U1342,IT03046,2024-05-23T07:37:13
U0028,IT06224,2024-05-23T17:33:39
U1298,IT09790,2024-05-23T17:55:43
U0629,IT05481,2024-05-23T18:59:21
U1209,IT04635,2024-05-23T19:42:28
U0540,IT04405,2024-05-23T23:23:10
U1317,IT09395,2024-05-24T01:49:31
U1248,IT03398,2024-05-24T05:07:41
U0489,IT06986,2024-05-24T10:28:19
U0736,IT03447,2024-05-24T12:27:25
U0924,IT00958,2024-05-24T16:07:31
U0569,IT01524,2024-05-24T23:23:21
U0100,IT01226,2024-05-25T02:02:05
U0268,IT01335,2024-05-25T02:37:07
U0146,IT09787,2024-05-25T06:22:47
U0272,IT05953,2024-05-25T18:56:58
U0445,IT07899,2024-05-25T19:16:30
U0132,IT08035,2024-05-25T20:05:42
U0688,IT07640,2024-05-25T22:00:48
U0294,IT06374,2024-05-26T02:42:19
U0008,IT07329,2024-05-26T09:56:45
U0587,IT04532,2024-05-26T10:18:32
U0864,IT03384,2024-05-26T11:22:30
U1158,IT02300,2024-05-26T15:00:12
U0149,IT09272,2024-05-26T19:08:36
U0471,IT03872,2024-05-26T19:19:11
U1137,IT03835,2024-05-27T05:16:29
U1377,IT06980,2024-05-27T10:31:27
U0542,IT09589,2024-05-27T11:19:34
U1173,IT03816,2024-05-27T12:43:19
U0228,IT02302,2024-05-27T14:11:49
U0645,IT03949,2024-05-27T14:33:54
U1057,IT08202,2024-05-27T18:47:59
U1044,IT05586,2024-05-27T20:26:25
U0569,IT07471,2024-05-28T01:50:50
U1165,IT03041,2024-05-28T07:11:41
U0129,IT03339,2024-05-28T12:56:47
U1189,IT04693,2024-05-28T14:43:59
U1178,IT02853,2024-05-28T15:15:17
U0594,IT00208,2024-05-28T18:53:57
U1263,IT07179,2024-05-28T20:09:15
U1404,IT04769,2024-05-28T22:05:23
U0149,IT00028,2024-05-28T23:20:48
U0603,IT03570,2024-06-01T03:29:40
U1384,IT03631,2024-06-01T03:47:41
U1043,IT03736,2024-06-01T07:01:41
U0730,IT00201,2024-06-01T09:54:07
U0205,IT09013,2024-06-01T11:51:41
U0694,IT08249,2024-06-01T15:29:46
U0813,IT08877,2024-06-01T22:10:38
U0510,IT09838,2024-06-01T22:59:34
U0777,IT00064,2024-06-02T16:52:06
U1235,IT00978,2024-06-02T17:37:25
U1050,IT06447,2024-06-03T06:27:15
U0800,IT07658,2024-06-03T12:16:38
U0252,IT02394,2024-06-03T12:33:45
U1193,IT09154,2024-06-03T23:31:06
U1189,IT00426,2024-06-03T23:49:23
U1200,IT07501,2024-06-04T00:52:28
U1295,IT02699,2024-06-04T01:17:44
U0968,IT01773,2024-06-04T04:50:49
U1047,IT07726,2024-06-04T05:54:23
U0644,IT06504,2024-06-04T11:35:54
U0744,IT02667,2024-06-04T18:05:39
U0001,IT07204,2024-06-04T19:33:03
U0936,IT07950,2024-06-05T00:28:12
U0094,IT05754,2024-06-05T01:01:32
U0466,IT08740,2024-06-05T10:55:15
U0087,IT05079,2024-06-05T11:41:30
U1011,IT00631,2024-06-05T15:00:08
U0768,IT04172,2024-06-05T20:07:40
U1119,IT07019,2024-06-05T20:08:39
U0753,IT00805,2024-06-06T07:52:10
U0092,IT08451,2024-06-06T10:49:36
U0466,IT03353,2024-06-06T19:10:58
U0312,IT04947,2024-06-06T21:09:46
U1354,IT08665,2024-06-07T02:43:18
U0533,IT06269,2024-06-07T05:33:47
U0255,IT02514,2024-06-07T06:33:10
U0173,IT05810,2024-06-07T09:53:40
U0963,IT00337,2024-06-07T17:30:02
U0647,IT04118,2024-06-07T18:23:50
U1043,IT04504,2024-06-07T23:33:01
U0507,IT02805,2024-06-08T11:12:38
U1123,IT09266,2024-06-08T13:32:05
U0005,IT01121,2024-06-08T21:25:13
U1107,IT07546,2024-06-09T04:49:34
U0547,IT02146,2024-06-09T08:53:06
U0404,IT00942,2024-06-09T18:17:39
U0873,IT03595,2024-06-10T00:27:29
U1391,IT08906,2024-06-10T09:52:04
U1312,IT05511,2024-06-10T16:50:20
U0248,IT00479,2024-06-10T17:34:22
U1226,IT03428,2024-06-10T17:53:32
U0854,IT00607,2024-06-10T19:49:52
U0285,IT03069,2024-06-11T01:56:28
U0839,IT06763,2024-06-11T04:10:23
U1399,IT08379,2024-06-11T04:19:13
U0244,IT05016,2024-06-11T08:41:00
U1096,IT09139,2024-06-11T09:12:20
U0696,IT01449,2024-06-11T09:13:31
U0793,IT07927,2024-06-11T13:26:13
U0299,IT06579,2024-06-11T21:47:09
U0351,IT05324,2024-06-11T22:43:44
U0293,IT05145,2024-06-12T04:58:48
U0511,IT09872,2024-06-12T08:49:36
U0556,IT00274,2024-06-12T12:18:15
U1356,IT04272,2024-06-12T19:32:34
U0188,IT01691,2024-06-12T22:51:33
U1158,IT02019,2024-06-12T23:33:08
U0658,IT09011,2024-06-13T04:46:09
U0729,IT00876,2024-06-13T04:50:29
U0534,IT07329,2024-06-13T05:22:27
U0310,IT03961,2024-06-13T21:07:11
U0226,IT06367,2024-06-13T21:56:29
U0707,IT08947,2024-06-13T23:45:09
U0996,IT02849,2024-06-14T06:14:09
U0590,IT06650,2024-06-14T19:03:21
U0890,IT05814,2024-06-14T19:57:19
U0463,IT00888,2024-06-14T21:18:16
U0989,IT06688,2024-06-14T21:47:28
U1068,IT03735,2024-06-15T02:16:01
U0139,IT08538,2024-06-15T08:26:18
U0531,IT00829,2024-06-15T21:14:32
U0551,IT01977,2024-06-16T01:05:02
U0558,IT03095,2024-06-16T09:22:53
U0900,IT03975,2024-06-16T18:52:13
U1242,IT06053,2024-06-16T20:23:21
U0017,IT08968,2024-06-16T21:41:57
U0827,IT01848,2024-06-17T01:28:21
U0503,IT02107,2024-06-17T01:51:39
U0379,IT09779,2024-06-17T01:55:46
U0937,IT00360,2024-06-17T06:04:06
U0914,IT05995,2024-06-17T09:26:02
U0016,IT04393,2024-06-17T11:01:23
U0139,IT07381,2024-06-18T01:14:48
U0545,IT06794,2024-06-18T01:39:42
U0833,IT07310,2024-06-18T11:43:45
U1345,IT04673,2024-06-18T18:48:57
U1036,IT09353,2024-06-18T20:25:46
U0964,IT02777,2024-06-18T23:08:49
U0909,IT08620,2024-06-19T01:27:56
U0597,IT03302,2024-06-19T16:42:48
U1394,IT01447,2024-06-19T17:14:44
U0325,IT04491,2024-06-19T21:37:12
U0237,IT03995,2024-06-20T01:04:19
U0867,IT00494,2024-06-20T03:32:42
U0655,IT02447,2024-06-20T05:56:25
U0350,IT08298,2024-06-20T06:59:16
U0405,IT02759,2024-06-20T14:14:37
U0609,IT07790,2024-06-20T20:04:05
U1316,IT00668,2024-06-20T20:37:21
U0436,IT04389,2024-06-20T21:49:33
U0983,IT01263,2024-06-20T22:30:07
U0121,IT08282,2024-06-21T04:51:44
U0325,IT05333,2024-06-21T05:25:51
U0681,IT00266,2024-06-21T07:05:46
U1034,IT08747,2024-06-21T14:24:32
U0421,IT05477,2024-06-21T14:44:56
U0470,IT04798,2024-06-21T19:24:25
U0695,IT08477,2024-06-21T19:47:49
U1392,IT05585,2024-06-21T22:07:33
U0568,IT09089,2024-06-21T23:51:29
U1380,IT05972,2024-06-22T06:07:04
U0709,IT04605,2024-06-22T06:30:16
U0702,IT02910,2024-06-22T06:32:43
U0030,IT06667,2024-06-22T08:44:47
U0821,IT06501,2024-06-22T09:22:10
U0302,IT04334,2024-06-22T11:03:15
U0618,IT09167,2024-06-22T11:24:42
U0211,IT00372,2024-06-22T11:41:15
U0622,IT09163,2024-06-22T19:04:25
U0860,IT04081,2024-06-23T02:23:27
U0400,IT04330,2024-06-23T05:09:49
U0076,IT04461,2024-06-23T10:55:02
U1087,IT08275,2024-06-23T15:58:40
U1275,IT06223,2024-06-23T17:43:06
U0890,IT02749,2024-06-24T02:36:42
U0131,IT00116,2024-06-24T02:46:40
U0749,IT00582,2024-06-24T03:50:18
U0161,IT07435,2024-06-24T04:12:43
U0179,IT04313,2024-06-24T10:51:03
U0634,IT04479,2024-06-24T14:40:42
U1298,IT06575,2024-06-24T17:35:48
U0399,IT07724,2024-06-25T00:13:26
U0528,IT06966,2024-06-25T00:35:48
U0180,IT03110,2024-06-25T04:56:43
U0935,IT01552,2024-06-25T05:00:31
U0256,IT06067,2024-06-25T05:10:34
U0131,IT01759,2024-06-25T07:55:46
U0416,IT03179,2024-06-25T08:23:05
U0133,IT02322,2024-06-25T08:26:06
U0021,IT05933,2024-06-25T18:41:54
U0572,IT03098,2024-06-26T06:01:40
U1401,IT06738,2024-06-26T11:49:50
U0815,IT00996,2024-06-26T13:49:36
U1400,IT02017,2024-06-26T16:48:02
U0443,IT02192,2024-06-26T19:11:22
U0068,IT01706,2024-06-26T22:13:50
U0173,IT03684,2024-06-27T06:18:32
U1160,IT04712,2024-06-27T08:16:32
U0107,IT01999,2024-06-27T14:28:47
U1386,IT04188,2024-06-27T15:56:39
U0737,IT02564,2024-06-28T07:00:40
U0128,IT04936,2024-06-28T11:05:19
U1080,IT00396,2024-06-28T20:45:32
U0517,IT07763,2024-07-01T00:58:45
U0022,IT00868,2024-07-01T02:25:19
U0430,IT00027,2024-07-01T02:41:26
U0297,IT02719,2024-07-01T16:07:18
U1228,IT03460,2024-07-02T00:03:08
U0554,IT00936,2024-07-02T06:11:47
U0310,IT08244,2024-07-02T07:09:37
U0148,IT06091,2024-07-02T09:57:38
U0655,IT09555,2024-07-02T13:31:22
U0791,IT05310,2024-07-02T15:23:42
U1375,IT01689,2024-07-02T16:44:59
U1276,IT07048,2024-07-02T19:36:32
U0449,IT09700,2024-07-02T20:15:57
U0657,IT02975,2024-07-03T03:24:01
U0445,IT06372,2024-07-03T04:59:15
U0745,IT07217,2024-07-03T09:22:01
U1214,IT09073,2024-07-03T13:43:16
U0663,IT09236,2024-07-03T20:11:51
U0284,IT01545,2024-07-03T21:43:11
U1063,IT02829,2024-07-03T23:31:25
U0473,IT08180,2024-07-04T00:19:14
U0395,IT06340,2024-07-04T03:07:07
U0769,IT00816,2024-07-05T00:05:35
U0329,IT05177,2024-07-05T01:12:20
U0798,IT00050,2024-07-05T03:01:29
U0217,IT05974,2024-07-05T04:44:23
U0391,IT09252,2024-07-05T07:39:43
U0702,IT06383,2024-07-05T14:40:28
U0559,IT09484,2024-07-05T18:18:05
U0518,IT04812,2024-07-05T20:58:11
U1131,IT05389,2024-07-06T00:39:43
U0076,IT03912,2024-07-06T05:43:00
U1302,IT08539,2024-07-06T05:49:43
U0398,IT09049,2024-07-06T06:34:17
U0369,IT04972,2024-07-06T07:40:27
U0538,IT09708,2024-07-06T10:52:13
U1277,IT05677,2024-07-06T15:13:30
U0455,IT00043,2024-07-06T22:59:38
U0301,IT07314,2024-07-07T00:03:40
U1029,IT00572,2024-07-07T04:14:59
U0475,IT04569,2024-07-07T05:58:39
U1234,IT00715,2024-07-07T14:04:59
U0299,IT04829,2024-07-07T16:26:20
U1088,IT06532,2024-07-07T16:42:27
U1296,IT01232,2024-07-07T17:46:06
U0346,IT04617,2024-07-07T18:20:56
U0435,IT06342,2024-07-07T19:58:28
U0299,IT00662,2024-07-07T22:36:10
U1278,IT08713,2024-07-08T02:39:28
U0636,IT08084,2024-07-08T07:32:43
U0004,IT08991,2024-07-08T15:09:56
U1142,IT01231,2024-07-08T19:48:10
U1120,IT04303,2024-07-09T02:07:46
U0237,IT04977,2024-07-09T04:51:38
U1404,IT04786,2024-07-09T09:14:59
U0260,IT07863,2024-07-09T10:50:50
U0213,IT08791,2024-07-09T12:07:55
U1320,IT01919,2024-07-09T12:10:50
U0149,IT00223,2024-07-09T12:25:07
U1377,IT00859,2024-07-09T14:32:49
U1059,IT07990,2024-07-09T15:24:53
U0596,IT05042,2024-07-09T17:12:08
U1108,IT09844,2024-07-09T17:44:46
U0400,IT01006,2024-07-09T22:04:46
U0436,IT02420,2024-07-10T02:37:03
U0496,IT07832,2024-07-10T02:54:43
U0824,IT04323,2024-07-10T08:17:53
U0951,IT02417,2024-07-10T10:28:17
U1197,IT04483,2024-07-10T12:20:35
U0882,IT04475,2024-07-10T15:30:36
U1288,IT09149,2024-07-10T16:15:03
U1377,IT06889,2024-07-10T17:06:07
U1397,IT07989,2024-07-11T00:18:22
U0595,IT07137,2024-07-11T01:05:57
U0165,IT08237,2024-07-11T07:05:23
U0961,IT09867,2024-07-11T07:56:05
U1320,IT03108,2024-07-11T09:42:48
U1303,IT07906,2024-07-11T13:20:25
U0365,IT01789,2024-07-11T14:30:31
U0492,IT05815,2024-07-11T18:32:54
U0140,IT08519,2024-07-12T08:26:52
U0714,IT05764,2024-07-12T14:16:31
U0892,IT08717,2024-07-12T16:51:14
U0235,IT09626,2024-07-12T17:38:04
U0038,IT05536,2024-07-13T04:49:23
U0879,IT08910,2024-07-13T06:15:34
U1310,IT02143,2024-07-14T04:16:12
U0246,IT02184,2024-07-14T11:26:22
U0378,IT05938,2024-07-14T14:06:22
U0449,IT03846,2024-07-14T19:06:52
U0497,IT01338,2024-07-14T21:31:46
U0833,IT04112,2024-07-14T23:56:58
U0050,IT06922,2024-07-15T06:49:37
U0395,IT06585,2024-07-15T14:00:45
U1400,IT06236,2024-07-15T22:47:05
U0174,IT01353,2024-07-16T02:23:35
U0337,IT07782,2024-07-16T06:28:46
U0912,IT02425,2024-07-16T07:26:15
U0356,IT02322,2024-07-16T11:23:39
U1104,IT06230,2024-07-16T20:04:17
U0215,IT06471,2024-07-16T21:59:28
U0850,IT04529,2024-07-16T22:42:55
U0797,IT02710,2024-07-16T23:13:22
U0839,IT05259,2024-07-17T02:19:22
U0535,IT07071,2024-07-17T17:07:51
U0680,IT05676,2024-07-17T19:20:47
U0486,IT06030,2024-07-18T03:27:23
U1342,IT03466,2024-07-18T04:11:44
U0398,IT01422,2024-07-18T05:07:20
U0797,IT03497,2024-07-18T10:14:54
U0037,IT02883,2024-07-18T17:07:43
U1394,IT00942,2024-07-18T17:39:58
U0138,IT06937,2024-07-18T17:56:21
U0593,IT02673,2024-07-18T23:42:07
U1178,IT09531,2024-07-19T09:19:54
U0889,IT01603,2024-07-19T15:34:20
U0867,IT05159,2024-07-19T18:28:23
U0212,IT00624,2024-07-19T22:34:18
U1269,IT04024,2024-07-19T23:39:59
U0083,IT02291,2024-07-20T01:32:59
U1202,IT07551,2024-07-20T02:35:12
U0674,IT06533,2024-07-20T10:07:18
U0708,IT01377,2024-07-20T10:10:19
U0089,IT00636,2024-07-20T11:09:43
U1155,IT02759,2024-07-20T16:59:39
U1370,IT05384,2024-07-20T21:16:23
U0167,IT05389,2024-07-20T21:23:47
U0079,IT03157,2024-07-21T04:03:45
U1159,IT02883,2024-07-21T04:47:58
U1116,IT08670,2024-07-21T18:18:13
U0791,IT04864,2024-07-22T00:30:25
U0923,IT05074,2024-07-22T00:49:43
U0809,IT08353,2024-07-22T01:51:24
U1358,IT02201,2024-07-22T02:25:48
U1128,IT01428,2024-07-22T03:52:15
U0200,IT01464,2024-07-22T10:29:12
U0896,IT08933,2024-07-22T15:15:27
U0872,IT07772,2024-07-22T21:47:41
U0738,IT04221,2024-07-22T22:28:23
U1255,IT06720,2024-07-23T01:36:07
U0158,IT03185,2024-07-23T17:00:05
U0851,IT03626,2024-07-23T20:54:20
U0821,IT02359,2024-07-24T00:35:21
U0015,IT05252,2024-07-24T13:07:19
U0756,IT04738,2024-07-24T15:28:31
U0394,IT08844,2024-07-24T16:39:52
U1319,IT08691,2024-07-24T22:41:33
U0286,IT00006,2024-07-25T03:26:25
U0570,IT00637,2024-07-25T08:07:23
U0840,IT00288,2024-07-25T09:18:07
U0250,IT06983,2024-07-25T20:00:42
U1212,IT01449,2024-07-25T20:52:56
U1220,IT09796,2024-07-25T22:58:18
U1134,IT00968,2024-07-26T02:08:03
U0174,IT02930,2024-07-26T09:48:56
U0838,IT08318,2024-07-26T12:41:09
U0368,IT01930,2024-07-26T14:35:25
U0182,IT04199,2024-07-26T18:54:40
U0075,IT06378,2024-07-26T23:15:24
U0984,IT05923,2024-07-27T05:37:17
U0431,IT03200,2024-07-27T11:03:10
U0890,IT02196,2024-07-27T20:40:01
U1247,IT09367,2024-07-27T22:40:06
U0935,IT05125,2024-07-28T03:18:57
U1296,IT04217,2024-07-28T11:36:56
U1116,IT02056,2024-07-28T12:36:00
U0015,IT08971,2024-07-28T15:43:19
U0575,IT03056,2024-07-28T22:27:52
U0123,IT00349,2024-08-01T08:55:29
U0429,IT03944,2024-08-02T00:29:07
U1226,IT09821,2024-08-02T01:56:32
U1265,IT01964,2024-08-02T03:46:36
U1122,IT01162,2024-08-02T10:04:27
U1062,IT07313,2024-08-02T22:22:00
U0169,IT07991,2024-08-03T00:48:04
U0198,IT01398,2024-08-03T03:33:09
U0029,IT02728,2024-08-03T11:47:12
U0075,IT05058,2024-08-03T13:32:08
U1053,IT01254,2024-08-03T22:56:22
U0721,IT04423,2024-08-04T13:20:57
U0600,IT01966,2024-08-04T14:33:34
U0213,IT03917,2024-08-05T07:47:18
U0344,IT06126,2024-08-05T21:11:52
U1161,IT09478,2024-08-05T22:27:32
U0713,IT04913,2024-08-06T03:51:40
U1212,IT01116,2024-08-06T13:26:12
U0390,IT06689,2024-08-06T14:12:32
U1081,IT00207,2024-08-06T22:11:54
U1282,IT06220,2024-08-07T04:53:00
U0999,IT03811,2024-08-07T05:15:34
U0123,IT08192,2024-08-07T12:31:08
U1245,IT00981,2024-08-07T19:20:46
U0619,IT08523,2024-08-08T00:22:20
U0648,IT05516,2024-08-08T06:03:00
U0983,IT07518,2024-08-08T08:10:08
U0065,IT04528,2024-08-08T10:59:52
U0912,IT01205,2024-08-09T00:23:23
U0558,IT02335,2024-08-09T01:26:47
U0808,IT05732,2024-08-09T04:06:02
U0709,IT02394,2024-08-09T11:37:25
U0010,IT09121,2024-08-10T01:11:21
U0378,IT04077,2024-08-10T02:00:07
U0096,IT02804,2024-08-10T09:07:16
U0926,IT00478,2024-08-10T13:33:31
U0434,IT02158,2024-08-10T15:07:23
U0151,IT09262,2024-08-10T15:08:09
U0903,IT07365,2024-08-10T16:43:09
U0448,IT08644,2024-08-10T19:55:46
U0400,IT04171,2024-08-11T03:08:13
U0754,IT06528,2024-08-11T03:26:16
U1110,IT06519,2024-08-11T03:52:31
U0368,IT03485,2024-08-11T03:53:03
U0282,IT01964,2024-08-11T05:31:33
U1179,IT08024,2024-08-11T05:40:13
U0083,IT00257,2024-08-11T08:42:52
U0307,IT02789,2024-08-11T11:21:47
U1262,IT07584,2024-08-11T13:42:15
U1279,IT01205,2024-08-11T15:25:55
U1220,IT00761,2024-08-12T04:05:52
U0362,IT01288,2024-08-12T06:24:50
U0738,IT06544,2024-08-12T12:15:51
U0864,IT04784,2024-08-12T13:07:49
U0582,IT08478,2024-08-12T16:54:30
U0223,IT07883,2024-08-13T17:01:49
U0424,IT00029,2024-08-13T18:30:19
U0798,IT03796,2024-08-14T04:56:27
U0133,IT09231,2024-08-14T05:51:38
U1057,IT05657,2024-08-14T19:52:01
U0877,IT06190,2024-08-15T00:45:08
U1250,IT05628,2024-08-15T09:16:24
U0316,IT01839,2024-08-15T14:37:35
U0060,IT00237,2024-08-15T14:55:43
U1007,IT02517,2024-08-15T16:58:38
U0791,IT06899,2024-08-15T21:29:47
U0874,IT00947,2024-08-16T11:57:56
U0280,IT02870,2024-08-16T22:29:10
U1310,IT03626,2024-08-17T02:46:50
U0463,IT00459,2024-08-17T03:14:44
U1266,IT05918,2024-08-17T10:36:50
U0020,IT06555,2024-08-17T11:02:42
U0227,IT02999,2024-08-17T11:59:09
U0125,IT06725,2024-08-17T21:12:51
U1084,IT00299,2024-08-18T07:05:00
U0797,IT01100,2024-08-18T07:47:52
U0411,IT06768,2024-08-18T10:53:29
U1328,IT04089,2024-08-18T17:59:15
U0344,IT00768,2024-08-18T23:56:23
U0285,IT01777,2024-08-19T03:01:18
U1191,IT03274,2024-08-19T05:02:55
U0487,IT06710,2024-08-19T12:50:41
U0363,IT05101,2024-08-19T14:09:52
U1396,IT07747,2024-08-19T18:26:01
U0592,IT05556,2024-08-19T22:26:34
U0892,IT08996,2024-08-19T23:00:56
U0809,IT02735,2024-08-20T06:54:08
U0574,IT05209,2024-08-20T07:06:07
U0050,IT00089,2024-08-20T08:24:50
U1324,IT04592,2024-08-20T09:37:14
U0688,IT07765,2024-08-21T02:54:50
U0318,IT01025,2024-08-21T03:27:23
U0504,IT02713,2024-08-21T04:02:28
U0736,IT04524,2024-08-21T05:16:02
U0023,IT07142,2024-08-21T09:04:58
U0175,IT07701,2024-08-21T10:03:01
U0911,IT08786,2024-08-21T15:21:14
U0984,IT02585,2024-08-21T16:42:44
U0640,IT05043,2024-08-21T19:24:32
U0447,IT04809,2024-08-21T20:29:15
U0889,IT05449,2024-08-21T20:52:25
U1030,IT08884,2024-08-22T06:03:47
U0159,IT02788,2024-08-22T13:09:09
U1366,IT09583,2024-08-22T13:14:33
U0503,IT03483,2024-08-22T18:30:33
U0082,IT06802,2024-08-22T22:28:11
U0439,IT05716,2024-08-23T03:32:15
U0164,IT05151,2024-08-23T10:37:25
U1390,IT01707,2024-08-23T21:17:28
U0619,IT01017,2024-08-24T01:41:41
U0324,IT05298,2024-08-24T08:12:52
U0053,IT09782,2024-08-24T09:52:33
U0352,IT08281,2024-08-25T01:16:39
U1071,IT03351,2024-08-25T01:50:24
U0311,IT05562,2024-08-25T06:34:01
U0540,IT03785,2024-08-25T06:56:29
U1201,IT00901,2024-08-25T07:44:15
U0314,IT05857,2024-08-25T13:09:36
U0174,IT08822,2024-08-26T04:22:04
U0930,IT04878,2024-08-26T13:44:56
U0978,IT02479,2024-08-26T14:16:39
U1376,IT01010,2024-08-26T16:46:01
U0879,IT04604,2024-08-27T05:17:15
U1147,IT03390,2024-08-27T07:44:41
U0281,IT02327,2024-08-27T13:31:51
U1400,IT05859,2024-08-27T16:30:12
U0582,IT02978,2024-08-27T18:17:51
U0099,IT05581,2024-08-27T23:53:00
U0658,IT04484,2024-08-28T04:15:18
U0655,IT02396,2024-08-28T08:38:49
U0980,IT03488,2024-08-28T10:13:24
U0513,IT08402,2024-08-28T11:03:27
U0089,IT01574,2024-08-28T13:25:14
U0335,IT00644,2024-08-28T15:50:50
U0644,IT06117,2024-08-28T23:44:10
U1242,IT08761,2024-09-01T00:19:01
U0349,IT05982,2024-09-01T01:51:35
U1068,IT02201,2024-09-01T03:25:19
U0198,IT06165,2024-09-01T05:57:38
U0664,IT09720,2024-09-01T07:16:24
U0968,IT03133,2024-09-01T08:03:25
U1376,IT07539,2024-09-01T09:31:49
U0194,IT06675,2024-09-01T15:11:34
U0403,IT06885,2024-09-01T17:34:34
U1360,IT00810,2024-09-02T02:32:24
U0747,IT07420,2024-09-02T08:16:33
U0308,IT03733,2024-09-02T12:01:08
U0720,IT04819,2024-09-02T14:21:03
U1374,IT03580,2024-09-03T13:05:10
U0421,IT03542,2024-09-03T13:33:32
U0120,IT08445,2024-09-03T18:30:32
U0511,IT03133,2024-09-03T19:03:39
U0468,IT03403,2024-09-03T21:25:53
U0670,IT08853,2024-09-04T02:14:07
U0954,IT06430,2024-09-04T07:25:41
U0272,IT03753,2024-09-04T11:35:53
U1216,IT06509,2024-09-04T11:44:39
U0429,IT03678,2024-09-04T14:58:37
U1182,IT07855,2024-09-04T15:18:50
U0365,IT09488,2024-09-04T18:18:58
U0165,IT06357,2024-09-04T22:46:40
U0465,IT07683,2024-09-05T02:45:02
U0012,IT03277,2024-09-05T05:26:07
U0502,IT05778,2024-09-05T10:11:18
U0738,IT00877,2024-09-05T14:50:42
U0793,IT06298,2024-09-05T20:45:31
U0474,IT09759,2024-09-06T14:06:53
U0999,IT08710,2024-09-06T14:41:00
U1373,IT05638,2024-09-06T22:02:49
U1243,IT08420,2024-09-06T23:24:14
U0994,IT01819,2024-09-07T00:23:13
U0365,IT02062,2024-09-07T05:49:47
U0521,IT06301,2024-09-07T08:15:06
U0099,IT04013,2024-09-07T10:36:09
U1380,IT01304,2024-09-07T11:26:51
U0281,IT07829,2024-09-07T15:42:09
U0731,IT04261,2024-09-08T01:42:13
U0477,IT01393,2024-09-08T03:18:34
U1300,IT05411,2024-09-08T03:29:18
U0988,IT08221,2024-09-08T07:41:07
U1292,IT07220,2024-09-08T08:28:29
U0869,IT05859,2024-09-08T10:43:11
U0698,IT06251,2024-09-08T17:33:16
U0038,IT05241,2024-09-08T17:49:31
U1134,IT04905,2024-09-08T19:31:31
U1329,IT04681,2024-09-09T08:48:34
U0259,IT05438,2024-09-09T11:06:50
U0039,IT09645,2024-09-09T13:25:39
U1043,IT05663,2024-09-09T18:38:15
U0167,IT00395,2024-09-09T19:29:48
U1096,IT07784,2024-09-09T21:14:18
U1006,IT06029,2024-09-10T01:53:20
U0840,IT02165,2024-09-10T02:36:28
U0100,IT04305,2024-09-10T06:46:52
U0327,IT02820,2024-09-10T09:32:17
U0059,IT00424,2024-09-10T17:45:09
U0560,IT09341,2024-09-10T19:55:20
U0098,IT00257,2024-09-10T23:36:29
U1138,IT00332,2024-09-11T03:03:00
U0448,IT00794,2024-09-11T08:32:36
U0978,IT08801,2024-09-11T12:01:23
U1232,IT00929,2024-09-12T11:29:25
U1134,IT01209,2024-09-12T14:22:45
U0645,IT04641,2024-09-12T15:31:30
U1100,IT08141,2024-09-12T16:10:26
U0605,IT09508,2024-09-12T18:14:30
U1399,IT01950,2024-09-13T01:22:57
U1198,IT02694,2024-09-13T04:31:42
U0050,IT00079,2024-09-13T07:03:55
U0677,IT01841,2024-09-13T10:49:23
U1200,IT06275,2024-09-14T08:31:23
U0523,IT01210,2024-09-14T09:40:00
U0738,IT04727,2024-09-14T10:04:59
U0435,IT07119,2024-09-14T17:55:20
U0143,IT01073,2024-09-14T19:06:29
U0481,IT07281,2024-09-14T19:10:14
U0307,IT02894,2024-09-15T06:19:20
U0416,IT03612,2024-09-15T06:27:47
U0783,IT06630,2024-09-15T08:22:40
U1116,IT03345,2024-09-15T09:40:17
U0479,IT08643,2024-09-15T13:35:23
U1243,IT01706,2024-09-15T18:35:46
U1079,IT02219,2024-09-15T20:23:01
U1372,IT02516,2024-09-16T00:55:15
U0310,IT06367,2024-09-16T03:11:51
U0050,IT02209,2024-09-16T07:44:31
U0573,IT08038,2024-09-16T09:29:51
U0387,IT05961,2024-09-16T11:54:30
U0534,IT06188,2024-09-16T20:41:25
U0734,IT08143,2024-09-16T23:30:00
U0657,IT09343,2024-09-17T00:53:54
U0047,IT09815,2024-09-17T03:31:35
U1268,IT08593,2024-09-17T07:13:13
U0641,IT08446,2024-09-17T07:53:56
U1345,IT07246,2024-09-17T08:53:49
U0181,IT08350,2024-09-17T22:12:23
U0327,IT08763,2024-09-18T01:45:24
U0641,IT05725,2024-09-18T02:38:23
U1125,IT02460,2024-09-18T03:42:52
U0699,IT03130,2024-09-18T06:00:02
U0299,IT03481,2024-09-18T06:10:22
U0013,IT02088,2024-09-18T07:52:50
U1050,IT01897,2024-09-18T11:40:11
U1263,IT06961,2024-09-18T14:13:49
U0738,IT09171,2024-09-18T14:59:29
U0136,IT09674,2024-09-18T15:06:26
U0673,IT03506,2024-09-18T15:17:33
U0756,IT03413,2024-09-18T16:28:16
U1381,IT07682,2024-09-19T10:40:30
U0782,IT01240,2024-09-19T15:22:49
U0644,IT06395,2024-09-19T18:56:34
U1104,IT04540,2024-09-19T20:07:32
U0885,IT03245,2024-09-20T00:31:09
U0765,IT04868,2024-09-20T06:34:38
U1256,IT09110,2024-09-20T19:32:56
U0835,IT08432,2024-09-20T22:24:56
U1027,IT00060,2024-09-21T14:24:40
U0614,IT02068,2024-09-21T17:30:32
U1292,IT04890,2024-09-21T23:24:29
U1296,IT00858,2024-09-22T07:17:19
U0443,IT06983,2024-09-22T12:41:39
U1224,IT03400,2024-09-22T18:57:45
U0887,IT00998,2024-09-22T22:14:15
U0598,IT09537,2024-09-23T00:18:46
U0059,IT03326,2024-09-23T01:55:49
U1245,IT02216,2024-09-23T04:49:43
U1153,IT05737,2024-09-23T05:05:13
U0547,IT02903,2024-09-23T09:06:21
U0219,IT07030,2024-09-23T09:47:30
U1394,IT09734,2024-09-23T12:29:24
U1397,IT00907,2024-09-23T17:26:32
U0308,IT03256,2024-09-23T22:12:02
U0647,IT05246,2024-09-23T22:15:19
U0940,IT03920,2024-09-23T23:29:46
U0189,IT04975,2024-09-24T02:58:55
U0618,IT01525,2024-09-24T17:38:50
U0511,IT07807,2024-09-24T22:40:19
U0033,IT05056,2024-09-24T22:45:33
U0581,IT01531,2024-09-25T00:31:44
U0894,IT04820,2024-09-25T00:42:15
U0835,IT07545,2024-09-25T00:44:58
U0120,IT04357,2024-09-25T04:24:34
U0984,IT01830,2024-09-25T04:56:09
U1200,IT02620,2024-09-25T08:13:44
U1157,IT00561,2024-09-25T09:56:35
U1275,IT01200,2024-09-25T11:28:24
U0900,IT07834,2024-09-26T00:14:04
U0601,IT08054,2024-09-26T00:58:34
U0233,IT05559,2024-09-26T05:42:58
U0294,IT07163,2024-09-26T10:38:21
U0455,IT08800,2024-09-26T15:41:56
U0551,IT02528,2024-09-26T16:34:23
U1349,IT00601,2024-09-26T16:45:05
U0766,IT02799,2024-09-26T19:11:11
U0505,IT05613,2024-09-27T02:22:17
U0917,IT05097,2024-09-27T02:26:38
U0419,IT03490,2024-09-27T13:15:38
U0498,IT02657,2024-09-27T16:55:30
U1007,IT09570,2024-09-28T05:41:12
U0499,IT06021,2024-09-28T13:43:06
U1285,IT02282,2024-10-01T03:25:07
U0102,IT05768,2024-10-01T04:29:55
U1087,IT03818,2024-10-01T08:28:14
U1311,IT08324,2024-10-01T09:09:12
U0991,IT05683,2024-10-01T19:32:56
U0478,IT01082,2024-10-02T04:39:48
U1377,IT03425,2024-10-02T08:13:21
U0612,IT06486,2024-10-02T08:15:00
U0190,IT03465,2024-10-02T10:17:28
U0530,IT06885,2024-10-02T20:59:04
U0273,IT02693,2024-10-03T09:43:33
U0714,IT00931,2024-10-03T20:05:42
U1074,IT07767,2024-10-03T20:16:43
U0486,IT02764,2024-10-04T00:18:31
U0836,IT09577,2024-10-04T05:41:17
U0718,IT04998,2024-10-04T08:34:29
U1288,IT01799,2024-10-04T08:52:56
U0664,IT03525,2024-10-04T12:39:38
U1137,IT02549,2024-10-04T14:11:31
U1058,IT05459,2024-10-04T20:45:37
U0969,IT06948,2024-10-04T22:08:57
U1175,IT07965,2024-10-04T23:02:19
U0166,IT08241,2024-10-04T23:41:02
U0829,IT00534,2024-10-05T09:45:53
U0351,IT00421,2024-10-05T10:21:14
U0099,IT01268,2024-10-05T13:12:10
U0897,IT02890,2024-10-06T01:04:16
U0560,IT08222,2024-10-06T08:18:15
U0827,IT07096,2024-10-06T09:59:58
U0512,IT01371,2024-10-06T11:14:46
U1391,IT01753,2024-10-06T16:21:01
U0037,IT02683,2024-10-06T19:40:25
U0630,IT00916,2024-10-07T01:22:52
U0655,IT01023,2024-10-07T08:45:15
U0213,IT02920,2024-10-07T16:42:53
U0606,IT04495,2024-10-07T21:38:43
U1029,IT01891,2024-10-08T04:44:35
U0788,IT03915,2024-10-08T06:32:53
U1396,IT05868,2024-10-08T10:01:01
U1217,IT03030,2024-10-08T12:23:22
U1110,IT06642,2024-10-09T08:26:47
U0945,IT07720,2024-10-09T13:25:58
U0203,IT05541,2024-10-09T21:26:29
U0832,IT00447,2024-10-10T01:17:40
U0471,IT04273,2024-10-10T02:53:27
U0277,IT09136,2024-10-10T08:39:05
U0389,IT04769,2024-10-10T12:24:55
U0066,IT08814,2024-10-10T12:49:55
U0268,IT04193,2024-10-10T15:14:12
U0690,IT02569,2024-10-10T19:02:34
U1238,IT04128,2024-10-10T22:24:43
U0795,IT02746,2024-10-11T00:23:47
U0062,IT08075,2024-10-11T02:19:15
U0859,IT05042,2024-10-11T08:33:56
U1269,IT04104,2024-10-11T09:54:58
U1173,IT07709,2024-10-11T17:09:31
U0594,IT04934,2024-10-11T17:48:31
U0506,IT05562,2024-10-11T20:56:26
U0883,IT08800,2024-10-12T02:26:01
U0339,IT01326,2024-10-12T04:43:13
U1057,IT01260,2024-10-12T06:37:01
U0280,IT06202,2024-10-12T07:48:49
U0782,IT01042,2024-10-12T08:10:15
U0276,IT09530,2024-10-12T11:09:45
U0084,IT08396,2024-10-12T15:13:49
U0174,IT09821,2024-10-12T20:55:59
U0310,IT05619,2024-10-12T23:23:51
U0256,IT04078,2024-10-13T01:26:17
U0002,IT06989,2024-10-13T02:15:42
U0038,IT07988,2024-10-13T03:46:35
U0644,IT01863,2024-10-13T06:37:14
U0544,IT09172,2024-10-13T11:34:30
U0810,IT07975,2024-10-13T13:15:09
U0088,IT01710,2024-10-13T18:10:44
U0097,IT07426,2024-10-13T20:55:47
U0935,IT01050,2024-10-13T21:44:43
U1153,IT02000,2024-10-13T22:16:00
U1239,IT08940,2024-10-14T00:24:33
U1308,IT05829,2024-10-14T01:18:55
U1345,IT09581,2024-10-14T05:39:42
U0340,IT09429,2024-10-14T07:30:29
U1031,IT07940,2024-10-14T20:31:12
U1177,IT07034,2024-10-14T23:12:34
U1203,IT08405,2024-10-14T23:49:19
U0756,IT06185,2024-10-15T00:12:29
U0389,IT07854,2024-10-15T01:09:49
U0829,IT03346,2024-10-15T08:24:01
U1288,IT05394,2024-10-15T09:19:47
U1355,IT04425,2024-10-15T11:49:58
U0318,IT00398,2024-10-15T15:05:57
U0274,IT03617,2024-10-15T16:57:58
U1273,IT04815,2024-10-15T20:31:50
U0404,IT02717,2024-10-16T00:51:59
U0083,IT07508,2024-10-16T03:31:57
U0195,IT04149,2024-10-16T11:35:59
U0111,IT08526,2024-10-16T14:43:12
U0665,IT02716,2024-10-16T15:19:29
U0295,IT04986,2024-10-16T19:08:39
U0538,IT08773,2024-10-17T08:31:53
U0695,IT01891,2024-10-17T22:25:22
U0912,IT09118,2024-10-18T03:36:58
U1165,IT05501,2024-10-18T11:40:23
U1235,IT01220,2024-10-18T14:06:13
U0780,IT03852,2024-10-18T17:08:46
U1021,IT08182,2024-10-18T18:33:05
U0174,IT06723,2024-10-18T23:22:06
U1265,IT09885,2024-10-19T03:00:40
U1388,IT04774,2024-10-19T03:45:07
U0930,IT04237,2024-10-19T14:28:32
U1348,IT09077,2024-10-19T19:43:06
U0318,IT08884,2024-10-19T21:16:21
U1184,IT03528,2024-10-19T22:16:11
U0754,IT02098,2024-10-20T00:07:07
U1274,IT06091,2024-10-20T05:27:40
U0374,IT00331,2024-10-20T15:41:45
U0596,IT00967,2024-10-20T15:56:05
U0590,IT05558,2024-10-20T16:46:28
U0703,IT04493,2024-10-20T17:55:07
U0362,IT08688,2024-10-20T19:16:07
U0455,IT08638,2024-10-21T02:57:05
U0822,IT07308,2024-10-21T05:31:20
U0114,IT02208,2024-10-21T09:05:05
U0188,IT02613,2024-10-21T16:55:27
U0140,IT05574,2024-10-22T00:33:46
U0839,IT06529,2024-10-22T03:13:29
U1092,IT02924,2024-10-22T08:03:51
U0294,IT04174,2024-10-22T08:35:22
U0602,IT00953,2024-10-23T01:46:17
U1001,IT04086,2024-10-23T08:37:22
U1385,IT01131,2024-10-23T21:23:26
U0115,IT07957,2024-10-23T22:53:48
U0364,IT00214,2024-10-24T02:17:31
U0499,IT06968,2024-10-24T04:18:03
U0057,IT08474,2024-10-24T06:20:57
U1387,IT06268,2024-10-24T10:04:54
U0927,IT01255,2024-10-24T10:44:29
U0933,IT09749,2024-10-24T22:01:21
U1102,IT08749,2024-10-24T22:07:42
U0445,IT05600,2024-10-25T00:33:46
U1180,IT02688,2024-10-25T03:28:33
U0336,IT00547,2024-10-25T07:51:53
U0203,IT06766,2024-10-25T10:29:31
U1142,IT05394,2024-10-25T15:22:13
U0491,IT03480,2024-10-25T16:09:14
U0363,IT07701,2024-10-25T18:04:26
U0610,IT05675,2024-10-25T21:38:56
U0596,IT06898,2024-10-26T08:45:36
U1360,IT00370,2024-10-26T13:38:19
U1155,IT05689,2024-10-26T15:07:18
U1220,IT04578,2024-10-26T18:05:39
U0475,IT06041,2024-10-27T10:26:19
U1113,IT02190,2024-10-27T11:43:53
U0736,IT01899,2024-10-27T15:15:38
U0440,IT07211,2024-10-27T15:43:25
U0402,IT09747,2024-10-27T15:54:00
U0126,IT08938,2024-10-28T00:57:36
U0718,IT08786,2024-10-28T03:38:59
U0047,IT03797,2024-10-28T05:49:37
U1001,IT02733,2024-10-28T11:19:10
U0772,IT06268,2024-10-28T12:27:00
U0581,IT09678,2024-10-28T14:21:33
U0689,IT07208,2024-11-01T05:46:50
U0713,IT02966,2024-11-01T08:12:24
U0600,IT01855,2024-11-01T20:31:35
U1351,IT09476,2024-11-01T22:25:56
U0009,IT06617,2024-11-02T00:10:33
U0766,IT01699,2024-11-02T00:15:04
U0485,IT04619,2024-11-02T01:58:30
U1123,IT05754,2024-11-02T13:28:11
U1016,IT08104,2024-11-02T17:15:00
U1000,IT02607,2024-11-03T02:09:57
U0601,IT08142,2024-11-03T06:32:07
U0336,IT04728,2024-11-03T07:58:03
U1284,IT01583,2024-11-03T10:27:29
U0305,IT02971,2024-11-03T11:38:35
U0441,IT00385,2024-11-03T12:55:33
U1120,IT08896,2024-11-03T15:57:49
U0642,IT01773,2024-11-03T17:15:11
U0345,IT03911,2024-11-03T21:11:02
U1052,IT08988,2024-11-03T21:31:46
U0118,IT07150,2024-11-04T02:49:19
U1384,IT09890,2024-11-04T03:15:50
U0555,IT03678,2024-11-04T05:31:59
U0011,IT03724,2024-11-04T09:36:05
U0359,IT04844,2024-11-04T15:48:33
U0600,IT07647,2024-11-04T18:07:07
U0059,IT05616,2024-11-05T02:46:42
U0760,IT08105,2024-11-05T06:18:54
U1121,IT06603,2024-11-05T12:32:40
U0642,IT03894,2024-11-05T13:54:26
U0927,IT07824,2024-11-05T20:35:21
U0130,IT05459,2024-11-05T23:14:40
U0973,IT00624,2024-11-06T01:23:32
U0126,IT08640,2024-11-06T02:38:27
U0539,IT03753,2024-11-06T03:19:18
U1257,IT06442,2024-11-06T09:10:57
U1304,IT06634,2024-11-06T17:39:21
U1049,IT06463,2024-11-06T20:20:04
U0117,IT06101,2024-11-06T21:02:23
U0174,IT05022,2024-11-06T23:12:44
U0577,IT01579,2024-11-07T08:13:39
U0167,IT05129,2024-11-07T08:22:38
U0366,IT07842,2024-11-07T23:59:13
U0106,IT08119,2024-11-08T01:01:29
U0164,IT05896,2024-11-08T03:36:52
U0100,IT04078,2024-11-08T12:17:12
U0693,IT03862,2024-11-08T15:55:23
U1117,IT02719,2024-11-08T16:43:46
U0368,IT01826,2024-11-08T21:11:59
U0136,IT03110,2024-11-09T00:09:20
U0222,IT09301,2024-11-09T02:18:24
U0851,IT00211,2024-11-09T11:17:54
U0090,IT03997,2024-11-09T13:57:41
U0104,IT03899,2024-11-09T15:08:31
U0120,IT05224,2024-11-09T20:12:02
U0439,IT03798,2024-11-10T06:10:50
U0041,IT07737,2024-11-10T10:30:31
U0674,IT03801,2024-11-10T11:16:51
U0777,IT03426,2024-11-10T14:48:49
U0146,IT06460,2024-11-11T04:01:48
U1021,IT04512,2024-11-11T05:53:06
U1403,IT03367,2024-11-11T06:36:28
U1311,IT01084,2024-11-11T11:37:57
U0271,IT08448,2024-11-11T13:01:05
U0810,IT03028,2024-11-11T15:42:32
U0728,IT01822,2024-11-11T15:50:34
U0958,IT07799,2024-11-11T16:27:11
U0212,IT09711,2024-11-12T10:02:56
U0825,IT09613,2024-11-12T17:21:58
U0130,IT09039,2024-11-12T19:12:21
U1178,IT04726,2024-11-13T05:44:12
U1050,IT09398,2024-11-13T08:39:21
U0231,IT05558,2024-11-13T08:51:22
U0102,IT07056,2024-11-13T09:44:26
U0035,IT04649,2024-11-13T11:06:09
U0560,IT06484,2024-11-13T20:45:55
U1331,IT08155,2024-11-14T07:05:23
U0509,IT04623,2024-11-15T00:04:17
U1380,IT09720,2024-11-15T02:00:33
U1175,IT04523,2024-11-15T03:59:30
U0803,IT03847,2024-11-15T05:58:29
U0423,IT01458,2024-11-15T06:29:57
U0696,IT08617,2024-11-15T11:35:46
U0197,IT02192,2024-11-15T20:34:55
U0476,IT09815,2024-11-15T20:41:53
U0352,IT07569,2024-11-15T22:13:27
U0257,IT05217,2024-11-15T23:14:59
U1275,IT00080,2024-11-16T00:38:30
U0030,IT08076,2024-11-16T03:15:20
U0513,IT01431,2024-11-16T16:14:11
U0402,IT08380,2024-11-16T17:28:41
U0463,IT04833,2024-11-17T06:25:01
U0318,IT02774,2024-11-17T09:52:16
U1224,IT07120,2024-11-17T12:52:53
U0492,IT02477,2024-11-17T17:02:40
U0848,IT03744,2024-11-17T21:57:28
U1255,IT01711,2024-11-17T22:15:21
U0364,IT08357,2024-11-18T09:16:00
U0463,IT05886,2024-11-18T10:43:25
U0628,IT00992,2024-11-18T11:37:16
U0644,IT08372,2024-11-18T12:40:14
U1205,IT02525,2024-11-19T03:43:07
U1379,IT00864,2024-11-19T10:34:36
U1260,IT06306,2024-11-19T12:02:44
U0749,IT02184,2024-11-19T13:33:23
U0912,IT01508,2024-11-19T14:22:31
U0256,IT04742,2024-11-19T19:28:37
U0442,IT00996,2024-11-20T05:08:39
U0158,IT05265,2024-11-20T07:40:11
U0229,IT06238,2024-11-20T15:08:23
U1356,IT09337,2024-11-20T19:17:51
U0512,IT01064,2024-11-20T22:43:10
U0297,IT05020,2024-11-21T05:54:04
U0753,IT04137,2024-11-21T05:54:19
U1299,IT02314,2024-11-21T09:05:53
U0582,IT04662,2024-11-21T16:53:17
U0356,IT04566,2024-11-21T18:03:46
U0046,IT06551,2024-11-21T23:10:24
U0089,IT06109,2024-11-22T00:48:27
U0296,IT06977,2024-11-22T01:32:40
U0657,IT03264,2024-11-22T03:20:42
U0933,IT00426,2024-11-22T10:38:34
U1121,IT03837,2024-11-22T13:14:57
U1014,IT00704,2024-11-22T17:49:05
U0850,IT05108,2024-11-22T18:45:16
U0471,IT00069,2024-11-22T19:43:55
U0416,IT00319,2024-11-23T15:37:36
U1016,IT03153,2024-11-23T19:19:31
U0093,IT00322,2024-11-23T22:38:25
U0560,IT07258,2024-11-24T00:10:21
U0546,IT08678,2024-11-24T04:16:17
U0440,IT09643,2024-11-24T06:54:41
U1137,IT03142,2024-11-25T03:36:50
U1214,IT04794,2024-11-25T05:39:48
U0819,IT08302,2024-11-25T12:00:54
U0157,IT08809,2024-11-25T15:25:31
U0443,IT02705,2024-11-26T07:00:36
U0357,IT08693,2024-11-26T07:30:32
U0297,IT03354,2024-11-26T12:54:22
U0362,IT02941,2024-11-26T23:29:36
U0149,IT02037,2024-11-27T00:14:19
U0190,IT07733,2024-11-27T03:50:42
U0292,IT08452,2024-11-27T08:37:08
U1380,IT09156,2024-11-27T09:11:06
U1377,IT06648,2024-11-27T15:07:32
U0930,IT00812,2024-11-27T16:21:03
U1349,IT08850,2024-11-27T16:41:01
U0352,IT01423,2024-11-28T08:56:06
U1244,IT04219,2024-11-28T17:37:14
U0591,IT07038,2024-11-28T19:03:00
U0889,IT08600,2024-11-28T19:11:12
U0930,IT03615,2024-11-28T20:54:35
U0505,IT04958,2024-11-28T21:03:03
U1380,IT05812,2024-12-01T02:19:47
U1211,IT09738,2024-12-01T05:00:57
U0525,IT07576,2024-12-01T07:40:44
U1380,IT03491,2024-12-01T12:35:50
U1315,IT07302,2024-12-01T14:04:46
U1075,IT00555,2024-12-01T18:27:48
U1369,IT09337,2024-12-01T18:43:23
U0095,IT09556,2024-12-01T19:12:31
U1127,IT07976,2024-12-02T02:46:04
U0979,IT04112,2024-12-02T14:01:54
U0996,IT01404,2024-12-02T19:38:45
U0548,IT09570,2024-12-02T21:08:33
U0464,IT08535,2024-12-03T01:28:30
U1044,IT08051,2024-12-03T10:59:01
U1281,IT09456,2024-12-03T11:12:50
U0644,IT03028,2024-12-03T12:27:53
U1275,IT05948,2024-12-03T12:51:52
U0625,IT02717,2024-12-03T14:05:35
U0961,IT05386,2024-12-03T17:36:08
U0272,IT01191,2024-12-03T20:20:09
U1024,IT05666,2024-12-03T22:49:26
U1107,IT06549,2024-12-04T04:44:28
U0570,IT06167,2024-12-04T14:32:14
U0156,IT09776,2024-12-05T22:11:29
U1158,IT08067,2024-12-06T05:49:33
U1101,IT08719,2024-12-06T07:49:46
U0898,IT04262,2024-12-06T17:32:37
U0760,IT00952,2024-12-06T21:37:59
U0547,IT02431,2024-12-06T21:39:43
U0297,IT03904,2024-12-06T21:53:25
U0810,IT07563,2024-12-06T22:26:34
U0846,IT04687,2024-12-07T18:58:51
U0334,IT01401,2024-12-07T19:34:44
U1166,IT08452,2024-12-07T21:10:15
U1034,IT02592,2024-12-07T21:56:26
U0130,IT06693,2024-12-07T23:59:14
U0849,IT09338,2024-12-07T23:59:16
U0209,IT01347,2024-12-08T00:23:43
U1180,IT00445,2024-12-08T15:09:28
U0140,IT04902,2024-12-08T16:24:30
U0133,IT03495,2024-12-08T16:47:23
U0404,IT02869,2024-12-08T18:30:10
U0788,IT05884,2024-12-08T18:52:07
U0277,IT07141,2024-12-08T22:30:59
U1147,IT08143,2024-12-09T07:11:54
U0307,IT00756,2024-12-09T13:30:17
U0282,IT08334,2024-12-09T16:28:17
U0991,IT07301,2024-12-09T20:40:04
U1074,IT04589,2024-12-09T22:09:25
U0489,IT06036,2024-12-10T00:17:04
U0560,IT04802,2024-12-10T07:26:38
U0973,IT06619,2024-12-10T10:54:16
U1066,IT00916,2024-12-10T11:59:15
U1238,IT06331,2024-12-10T12:08:40
U1153,IT06125,2024-12-10T14:37:59
U0082,IT00712,2024-12-10T20:11:42
U1385,IT04353,2024-12-11T03:19:36
U0286,IT09229,2024-12-11T17:27:47
U0428,IT06409,2024-12-12T01:37:48
U0182,IT01253,2024-12-12T03:20:58
U0609,IT01015,2024-12-12T06:33:22
U1266,IT09724,2024-12-12T08:57:15
U0597,IT08293,2024-12-12T13:27:28
U0973,IT08239,2024-12-12T22:54:27
U0349,IT04498,2024-12-13T02:07:26
U0655,IT09021,2024-12-13T02:20:34
U0228,IT05882,2024-12-13T09:36:30
U0518,IT03452,2024-12-13T13:54:40
U0587,IT05313,2024-12-13T14:19:37
U0461,IT09421,2024-12-13T17:06:37
U0077,IT08777,2024-12-13T19:47:58
U0496,IT05834,2024-12-13T20:24:46
U0047,IT06281,2024-12-13T21:29:22
U1235,IT02359,2024-12-13T22:30:19
U0752,IT06252,2024-12-13T23:12:49
U0312,IT04792,2024-12-14T04:42:20
U1367,IT01908,2024-12-14T05:05:02
U0502,IT09477,2024-12-14T05:14:19
U0008,IT04481,2024-12-14T11:15:27
U0591,IT00455,2024-12-14T22:55:42
U0767,IT01824,2024-12-15T02:44:08
U0163,IT08209,2024-12-15T13:50:39
U0530,IT04716,2024-12-15T22:56:40
U0481,IT08560,2024-12-16T03:45:55
U0285,IT05253,2024-12-16T06:16:59
U1105,IT03262,2024-12-16T13:45:35
U0536,IT07695,2024-12-16T20:15:14
U0500,IT01984,2024-12-17T02:21:18
U0714,IT01748,2024-12-17T02:22:25
U0672,IT07323,2024-12-17T03:54:31
U0448,IT06328,2024-12-17T08:36:10
U0798,IT03410,2024-12-17T13:10:08
U0056,IT03273,2024-12-17T15:07:31
U1088,IT07644,2024-12-17T16:11:37
U0779,IT01668,2024-12-17T19:01:34
U0259,IT09106,2024-12-18T01:08:29
U0276,IT05137,2024-12-18T14:28:08
U0807,IT01557,2024-12-18T22:01:19
U1058,IT02102,2024-12-19T00:13:04
U0618,IT08972,2024-12-19T01:56:24
U0733,IT03608,2024-12-19T02:51:59
U0786,IT08726,2024-12-19T08:53:38
U0176,IT03323,2024-12-19T09:35:28
U0203,IT05288,2024-12-19T09:37:44
U0371,IT02009,2024-12-19T10:02:19
U0787,IT01052,2024-12-19T22:58:38
U0515,IT03403,2024-12-20T05:08:14
U1254,IT00950,2024-12-20T05:17:33
U0165,IT05980,2024-12-20T05:19:48
U0672,IT04560,2024-12-20T06:06:46
U0436,IT06328,2024-12-20T07:37:33
U0841,IT03128,2024-12-20T08:09:21
U0066,IT01402,2024-12-20T16:23:11
U0496,IT03043,2024-12-20T19:46:57
U0746,IT09860,2024-12-20T20:58:29
U0317,IT03183,2024-12-21T00:08:41
U0580,IT08019,2024-12-21T00:10:42
U0988,IT06607,2024-12-21T02:30:47
U1315,IT02815,2024-12-21T02:56:14
U1087,IT01701,2024-12-21T08:23:54
U0189,IT06769,2024-12-21T10:15:52
U0450,IT07366,2024-12-21T15:46:07
U0734,IT03682,2024-12-21T20:01:56
U1173,IT02264,2024-12-22T02:48:19
U0282,IT01520,2024-12-22T10:16:08
U0438,IT07971,2024-12-22T16:42:12
U1018,IT09692,2024-12-22T23:55:46
U0507,IT06045,2024-12-23T17:12:45
U0694,IT08793,2024-12-24T09:58:43
U0325,IT05669,2024-12-24T12:41:42
U0694,IT01453,2024-12-24T16:20:23
U0852,IT05258,2024-12-24T18:18:23
U0862,IT04826,2024-12-24T19:13:34
U0243,IT06694,2024-12-24T20:37:14
U0473,IT09335,2024-12-24T22:52:27
U1278,IT08142,2024-12-24T23:32:03
U0721,IT00354,2024-12-25T00:57:53
U1041,IT04056,2024-12-25T12:52:09
U0003,IT09564,2024-12-25T16:48:43
U0452,IT03210,2024-12-25T17:34:04
U1206,IT01942,2024-12-25T18:57:49
U1057,IT04162,2024-12-26T01:59:07
U0120,IT07012,2024-12-26T03:59:25
U0854,IT06049,2024-12-26T10:16:33
U1345,IT05175,2024-12-26T10:54:53
U0466,IT06763,2024-12-26T19:49:45
U0948,IT05328,2024-12-27T08:13:14
U0365,IT06703,2024-12-27T08:31:22
U1159,IT09632,2024-12-27T09:03:57
U0536,IT06871,2024-12-27T10:41:23
U0621,IT03931,2024-12-27T16:09:53
U0412,IT08857,2024-12-27T18:18:45
U0688,IT01606,2024-12-28T01:05:16
U0801,IT03772,2024-12-28T04:09:41
U0183,IT03539,2024-12-28T06:09:50
U1289,IT08529,2024-12-28T09:51:58
U0492,IT03783,2024-12-28T11:31:55
U0807,IT06217,2024-12-28T14:34:01
U0317,IT00306,2024-12-28T14:56:57
U0452,IT07816,2025-01-01T10:28:14
U0739,IT06519,2025-01-01T10:58:12
U0641,IT09581,2025-01-01T21:32:49
U0597,IT09203,2025-01-02T01:24:07
U1320,IT00073,2025-01-02T01:56:55
U0779,IT08394,2025-01-02T08:37:36
U0441,IT05573,2025-01-02T09:08:57
U0884,IT08392,2025-01-02T17:27:40
U0408,IT01973,2025-01-02T21:35:00
U0537,IT02619,2025-01-02T22:36:20
U0404,IT08925,2025-01-03T01:08:08
U1022,IT05352,2025-01-03T02:16:16
U1216,IT08764,2025-01-03T02:17:28
U1015,IT02955,2025-01-03T05:26:43
U0099,IT02597,2025-01-03T08:22:55
U0831,IT03470,2025-01-03T10:10:11
U1039,IT04076,2025-01-03T11:21:33
U0648,IT04973,2025-01-04T11:29:58
U1083,IT00903,2025-01-04T11:47:32
U0885,IT05989,2025-01-04T15:17:27
U0072,IT03163,2025-01-04T16:50:37
U1038,IT09813,2025-01-04T17:10:56
U0720,IT03226,2025-01-04T18:14:32
U0122,IT03367,2025-01-04T23:02:26
U0171,IT03736,2025-01-05T00:41:56
U1082,IT00592,2025-01-05T02:02:35
U0239,IT00738,2025-01-05T02:08:29
U0957,IT09135,2025-01-05T03:50:29
U0377,IT03881,2025-01-05T05:45:04
U0010,IT06682,2025-01-05T08:04:34
U0981,IT08392,2025-01-05T13:39:53
U0572,IT00008,2025-01-05T17:48:58
U1263,IT07530,2025-01-06T00:35:26
U0234,IT03494,2025-01-06T13:20:33
U0849,IT03652,2025-01-06T13:56:46
U0721,IT04247,2025-01-06T16:01:33
U0482,IT07885,2025-01-06T21:54:35
U0130,IT06648,2025-01-07T20:01:52
U1176,IT02666,2025-01-07T20:35:38
U1265,IT05352,2025-01-07T20:59:31
U0996,IT05178,2025-01-07T21:39:52
U0062,IT09690,2025-01-07T22:50:14
U0722,IT05237,2025-01-07T23:37:31
U0465,IT00792,2025-01-08T01:44:33
U0170,IT04317,2025-01-08T05:38:08
U0506,IT02486,2025-01-08T07:48:17
U0731,IT04243,2025-01-08T07:52:15
U0211,IT08829,2025-01-08T08:53:28
U0925,IT06568,2025-01-08T14:51:13
U0366,IT05483,2025-01-08T22:23:52
U0606,IT06344,2025-01-09T00:46:19
U1187,IT00809,2025-01-09T02:06:09
U1178,IT02098,2025-01-09T05:20:56
U0426,IT05573,2025-01-09T05:47:16
U0416,IT08896,2025-01-09T08:01:01
U1003,IT04102,2025-01-09T10:38:35
U0677,IT06053,2025-01-09T12:44:54
U1397,IT08691,2025-01-09T13:32:20
U0464,IT05755,2025-01-09T17:43:42
U0999,IT02111,2025-01-10T06:54:30
U0660,IT08546,2025-01-10T09:14:48
U0095,IT03262,2025-01-10T16:54:32
U0215,IT03516,2025-01-10T21:35:14
U0456,IT05478,2025-01-11T02:50:13
U0512,IT07497,2025-01-11T10:05:58
U1260,IT01117,2025-01-11T10:56:16
U0395,IT05152,2025-01-11T11:53:18
U1153,IT00621,2025-01-11T13:14:23
U0370,IT04783,2025-01-11T16:51:50
U0738,IT05858,2025-01-12T01:53:18
U0364,IT05095,2025-01-12T05:41:46
U0720,IT05762,2025-01-12T10:59:59
U0813,IT08400,2025-01-12T11:59:27
U1139,IT01824,2025-01-12T16:44:48
U1219,IT06683,2025-01-12T20:01:16
U0468,IT05778,2025-01-12T20:58:32
U0817,IT09014,2025-01-12T22:26:02
U0029,IT03514,2025-01-13T00:08:58
U1320,IT07667,2025-01-13T03:52:53
U0504,IT04116,2025-01-13T12:24:49
U1249,IT03811,2025-01-13T17:52:43
U0837,IT03380,2025-01-13T20:58:55
U1394,IT03675,2025-01-14T07:23:10
U0942,IT08584,2025-01-14T09:39:38
U0983,IT08506,2025-01-14T11:23:46
U0620,IT09038,2025-01-14T19:18:13
U1377,IT03186,2025-01-14T19:22:29
U0580,IT02330,2025-01-15T00:29:31
U1378,IT01900,2025-01-15T02:23:55
U1149,IT09669,2025-01-15T08:54:29
U0864,IT04545,2025-01-15T09:01:24
U0402,IT06162,2025-01-15T09:12:03
U0259,IT01740,2025-01-15T09:52:41
U0349,IT01999,2025-01-16T02:57:04
U0789,IT04522,2025-01-16T05:05:37
U0162,IT01994,2025-01-16T06:12:50
U0474,IT08333,2025-01-16T09:20:59
U0616,IT04364,2025-01-16T17:40:57
U0653,IT06678,2025-01-17T01:51:51
U0402,IT00867,2025-01-17T07:29:42
U0569,IT09373,2025-01-17T08:59:53
U0215,IT00116,2025-01-17T12:37:35
U0093,IT08498,2025-01-17T16:11:46
U1056,IT08356,2025-01-17T21:54:55
U0820,IT00103,2025-01-18T02:50:06
U1330,IT04895,2025-01-18T04:13:37
U0450,IT06216,2025-01-18T11:58:03
U1080,IT02514,2025-01-18T22:43:06
U0654,IT06714,2025-01-19T02:43:54
U0767,IT00362,2025-01-19T13:01:51
U0416,IT00936,2025-01-19T16:24:04
U0394,IT05159,2025-01-20T07:10:51
U0310,IT03201,2025-01-20T09:28:13
U0088,IT05465,2025-01-20T17:42:12
U0596,IT03895,2025-01-21T05:43:54
U0958,IT03858,2025-01-21T08:20:26
U1185,IT05551,2025-01-21T09:25:52
U0314,IT07004,2025-01-21T10:59:52
U0999,IT01312,2025-01-21T14:27:34
U0808,IT02936,2025-01-22T02:56:46
U1077,IT08586,2025-01-22T03:08:43
U0983,IT07313,2025-01-22T03:37:23
U1379,IT03142,2025-01-22T06:03:37
U0211,IT05021,2025-01-22T13:13:10
U1126,IT03622,2025-01-22T14:25:49
U0807,IT01139,2025-01-22T15:26:48
U0276,IT08793,2025-01-22T17:32:45
U0099,IT05672,2025-01-22T19:58:55
U0679,IT08924,2025-01-22T21:56:17
U0010,IT00900,2025-01-23T03:03:50
U1062,IT06806,2025-01-23T05:50:05
U0522,IT03157,2025-01-23T21:01:32
U0647,IT05568,2025-01-23T22:16:58
U1275,IT05357,2025-01-23T22:27:35
U0522,IT05234,2025-01-24T00:24:22
U1397,IT04766,2025-01-24T03:31:50
U1264,IT08711,2025-01-24T07:30:18
U0778,IT06746,2025-01-24T09:07:07
U0533,IT00741,2025-01-24T18:24:52
U1135,IT07336,2025-01-24T18:42:20
U0798,IT04394,2025-01-24T20:12:41
U0363,IT02191,2025-01-24T22:20:56
U1362,IT08200,2025-01-24T23:18:43
U0113,IT04969,2025-01-25T00:24:27
U1179,IT01963,2025-01-25T06:14:26
U0801,IT07668,2025-01-25T11:36:26
U1090,IT06905,2025-01-25T14:31:54
U1246,IT09581,2025-01-25T15:29:31
U1207,IT07983,2025-01-25T15:55:24
U0857,IT01821,2025-01-25T22:06:36
U1374,IT03029,2025-01-26T01:45:10
U0201,IT06865,2025-01-26T02:40:39
U0738,IT04353,2025-01-26T16:04:40
U0489,IT02303,2025-01-26T20:55:21
U0894,IT05528,2025-01-26T21:07:37
U0767,IT04796,2025-01-26T23:01:27
U1031,IT06856,2025-01-26T23:25:52
U0259,IT04518,2025-01-27T11:16:49
U0525,IT02706,2025-01-27T14:11:21
U0653,IT08897,2025-01-28T03:04:46
U1055,IT05563,2025-01-28T14:57:08
U0530,IT04130,2025-02-02T04:21:56
U1380,IT02196,2025-02-02T09:27:08
U0015,IT03233,2025-02-02T14:13:46
U0078,IT04479,2025-02-02T18:31:04
U1205,IT01706,2025-02-03T07:18:56
U0760,IT00776,2025-02-03T08:13:50
U1330,IT02248,2025-02-03T08:36:09
U1018,IT02137,2025-02-03T12:33:00
U1023,IT07065,2025-02-04T12:31:45
U0900,IT06128,2025-02-04T13:23:19
U0636,IT00859,2025-02-04T15:01:59
U0762,IT01200,2025-02-05T08:25:41
U0156,IT09381,2025-02-05T12:20:10
U0238,IT08384,2025-02-05T12:51:40
U0007,IT04420,2025-02-05T13:52:39
U0049,IT01865,2025-02-05T14:01:19
U0661,IT08771,2025-02-05T16:20:24
U0244,IT08040,2025-02-05T21:20:36
U1230,IT04358,2025-02-05T22:54:37
U0243,IT05849,2025-02-06T01:46:39
U0840,IT05161,2025-02-06T04:44:41
U0951,IT02397,2025-02-06T09:52:32
U0775,IT09075,2025-02-07T06:01:43
U1380,IT01511,2025-02-07T20:32:54
U0196,IT01934,2025-02-07T21:01:47
U0723,IT06435,2025-02-08T05:45:14
U0558,IT04885,2025-02-08T07:21:35
U1235,IT05511,2025-02-08T07:42:05
U0561,IT09482,2025-02-08T10:29:03
U0275,IT09712,2025-02-08T13:28:31
U0190,IT08061,2025-02-08T15:09:06
U0624,IT02354,2025-02-08T19:45:23
U1003,IT01121,2025-02-09T11:18:04
U0402,IT06542,2025-02-09T11:35:33
U1248,IT07299,2025-02-10T02:39:57
U1399,IT09572,2025-02-10T12:16:56
U0663,IT02901,2025-02-11T01:55:45
U0894,IT03242,2025-02-11T08:56:38
U0734,IT09725,2025-02-11T20:44:14
U0970,IT00013,2025-02-11T21:43:03
U0364,IT08004,2025-02-11T21:59:57
U0597,IT00910,2025-02-12T04:56:31
U0243,IT00221,2025-02-12T05:15:31
U0364,IT00634,2025-02-12T05:54:27
U0346,IT07433,2025-02-12T10:25:53
U0120,IT08430,2025-02-12T15:25:07
U0013,IT02358,2025-02-12T19:25:47
U0565,IT03208,2025-02-12T20:52:58
U1032,IT08610,2025-02-12T23:11:32
U0640,IT06756,2025-02-13T06:03:41
U0741,IT06961,2025-02-13T13:27:02
U0971,IT00411,2025-02-13T19:28:39
U0560,IT06598,2025-02-14T05:16:40
U0738,IT08917,2025-02-14T12:52:38
U0912,IT05491,2025-02-14T15:06:37
U1296,IT03331,2025-02-14T19:38:53
U0158,IT08529,2025-02-14T21:11:45
U0203,IT06713,2025-02-14T22:07:03
U0297,IT05527,2025-02-14T23:03:29
U0899,IT04652,2025-02-15T10:32:00
U0601,IT06056,2025-02-15T14:13:46
U1079,IT09429,2025-02-15T17:09:22
U1253,IT01120,2025-02-15T18:43:04
U0635,IT02873,2025-02-16T00:40:14
U0750,IT08874,2025-02-16T07:49:51
U0023,IT01782,2025-02-16T11:43:08
U0100,IT01765,2025-02-16T14:09:40
U0165,IT04618,2025-02-17T08:23:34
U0332,IT05555,2025-02-17T09:44:57
U1176,IT09680,2025-02-17T11:32:57
U0169,IT00104,2025-02-17T15:12:59
U0721,IT00105,2025-02-17T16:52:42
U0624,IT00986,2025-02-17T18:42:45
U0455,IT08812,2025-02-17T19:39:37
U1188,IT01613,2025-02-18T03:11:48
U0092,IT08375,2025-02-18T08:15:57
U1282,IT08455,2025-02-18T10:37:56
U0950,IT05042,2025-02-18T17:51:15
U0579,IT00612,2025-02-18T18:22:31
U1256,IT07293,2025-02-19T03:07:19
U0553,IT09263,2025-02-19T04:27:54
U0415,IT00608,2025-02-19T11:07:06
U0015,IT02482,2025-02-19T11:12:42
U1351,IT06305,2025-02-19T14:40:07
U0936,IT04717,2025-02-20T06:16:18
U0731,IT09569,2025-02-20T07:05:01
U0216,IT08178,2025-02-20T11:10:26
U0802,IT09868,2025-02-20T16:33:49
U0476,IT09419,2025-02-20T19:47:32
U0645,IT02105,2025-02-20T22:40:10
U1191,IT01480,2025-02-21T08:50:53
U1287,IT01694,2025-02-21T12:07:49
U0808,IT03844,2025-02-21T14:20:01
U0043,IT05963,2025-02-21T21:15:20
U0044,IT06970,2025-02-22T01:15:59
U1235,IT07450,2025-02-22T15:18:34
U0923,IT09601,2025-02-22T18:46:16
U0183,IT09180,2025-02-22T20:44:26
U0642,IT02022,2025-02-23T02:17:13
U0722,IT05639,2025-02-23T14:42:51
U1155,IT00274,2025-02-23T16:27:48
U0058,IT01136,2025-02-23T19:56:01
U0298,IT06064,2025-02-24T04:28:00
U0917,IT05415,2025-02-24T08:49:41
U0617,IT06895,2025-02-24T10:53:42
U0986,IT01436,2025-02-24T17:27:39
U1257,IT07473,2025-02-25T04:05:42
U0612,IT01145,2025-02-25T06:14:17
U0786,IT03226,2025-02-25T06:38:17
U0924,IT00405,2025-02-25T08:25:22
U0196,IT09794,2025-02-25T11:11:29
U0355,IT00585,2025-02-25T12:42:08
U1300,IT03632,2025-02-25T17:18:37
U0352,IT02339,2025-02-26T00:25:11
U1154,IT09296,2025-02-26T01:50:10
U0879,IT00496,2025-02-26T02:14:16
U1255,IT05718,2025-02-26T10:00:07
U0922,IT05240,2025-02-26T15:05:45
U1272,IT04501,2025-02-26T15:07:04
U0558,IT01046,2025-02-26T17:18:36
U0341,IT07420,2025-02-26T20:40:56
U1378,IT06057,2025-02-27T04:47:21
U1077,IT07276,2025-02-27T09:50:45
U1144,IT00475,2025-02-27T17:06:59
U1001,IT00072,2025-02-28T00:33:15
U0841,IT01232,2025-02-28T02:57:16
U0121,IT02613,2025-02-28T06:52:54
U0132,IT06495,2025-02-28T08:33:30
U0233,IT04045,2025-02-28T18:34:50
