relation_id,user_id_1,user_id_2,timestamp,relation_type,is_reciprocal,interaction_strength
R00001,U1168,U1170,2023-01-01T00:26:30,collaborator,1,0.417571
R00002,U0056,U0057,2023-01-01T04:18:53,collaborator,1,0.192037
R00003,U0682,U1365,2023-01-01T10:27:07,colleague,1,0.07389
R00004,U0757,U0758,2023-01-01T11:22:56,collaborator,1,0.016323
R00005,U0137,U0138,2023-01-01T12:45:46,acquaintance,1,0.236277
R00006,U0936,U0938,2023-01-01T13:26:41,collaborator,1,0.836406
R00007,U1047,U1049,2023-01-01T13:51:04,acquaintance,1,0.948625
R00008,U0903,U0905,2023-01-01T16:35:20,acquaintance,1,0.887284
R00009,U0290,U0998,2023-01-02T01:55:00,collaborator,1,0.442385
R00010,U0639,U0641,2023-01-02T07:32:46,colleague,1,0.33294
R00011,U0157,U0159,2023-01-02T10:58:49,acquaintance,1,0.815636
R00012,U0750,U0751,2023-01-02T11:01:56,collaborator,1,0.084337
R00013,U0513,U0515,2023-01-02T19:45:40,collaborator,1,0.317935
R00014,U0344,U0346,2023-01-03T09:12:43,collaborator,1,0.618905
R00015,U0245,U0248,2023-01-03T09:46:11,colleague,1,0.595485
R00016,U0164,U0874,2023-01-03T11:44:12,collaborator,1,0.399289
R00017,U1302,U1303,2023-01-03T15:05:41,colleague,1,0.868779
R00018,U1061,U1064,2023-01-03T19:14:32,collaborator,1,0.396902
R00019,U1029,U1031,2023-01-03T21:27:15,collaborator,1,0.962204
R00020,U1148,U1149,2023-01-03T21:59:05,acquaintance,1,0.492282
R00021,U0928,U0932,2023-01-04T00:47:31,acquaintance,1,0.919869
R00022,U0327,U1034,2023-01-04T12:12:18,acquaintance,1,0.016659
R00023,U1363,U1365,2023-01-04T20:04:16,colleague,1,0.123192
R00024,U1155,U1157,2023-01-05T00:28:29,collaborator,1,0.684196
R00025,U0312,U1018,2023-01-05T04:55:13,collaborator,1,0.17872
R00026,U0429,U0431,2023-01-05T11:31:34,colleague,1,0.459031
R00027,U0200,U0202,2023-01-05T11:54:16,colleague,1,0.570069
R00028,U0697,U0700,2023-01-05T14:39:23,collaborator,1,0.431925
R00029,U0204,U0205,2023-01-05T15:48:54,acquaintance,1,0.999625
R00030,U0610,U0611,2023-01-05T16:15:05,colleague,1,0.398314
R00031,U0850,U0851,2023-01-05T18:26:44,acquaintance,1,0.843433
R00032,U0357,U0359,2023-01-05T19:07:01,colleague,1,0.722087
R00033,U0868,U0870,2023-01-06T00:05:10,acquaintance,1,0.477877
R00034,U0776,U0779,2023-01-06T00:44:19,collaborator,1,0.4148
R00035,U1219,U1220,2023-01-06T01:00:51,collaborator,1,0.491047
R00036,U1314,U1315,2023-01-06T06:53:10,collaborator,1,0.443885
R00037,U0359,U0361,2023-01-06T09:56:59,collaborator,1,0.563034
R00038,U0199,U0911,2023-01-06T10:00:14,collaborator,1,0.726298
R00039,U0855,U0857,2023-01-06T10:37:35,collaborator,1,0.502975
R00040,U1024,U1026,2023-01-06T12:18:32,acquaintance,1,0.363174
R00041,U1124,U1126,2023-01-06T19:55:50,collaborator,1,0.370881
R00042,U0564,U0565,2023-01-06T20:48:27,colleague,1,0.454974
R00043,U0723,U0724,2023-01-06T21:08:50,colleague,1,0.270661
R00044,U0425,U0427,2023-01-07T00:33:45,acquaintance,1,0.24126
R00045,U0170,U0171,2023-01-07T02:09:44,colleague,1,0.729947
R00046,U1130,U1132,2023-01-07T02:11:33,colleague,1,0.630626
R00047,U0582,U0583,2023-01-07T04:33:51,acquaintance,1,0.489198
R00048,U0357,U0358,2023-01-07T08:09:30,colleague,1,0.31672
R00049,U1237,U1238,2023-01-07T10:42:15,acquaintance,1,0.804384
R00050,U0077,U0792,2023-01-07T12:41:25,collaborator,1,0.404055
R00051,U0638,U1325,2023-01-07T13:55:02,collaborator,1,0.456556
R00052,U0814,U0815,2023-01-07T14:41:13,collaborator,1,0.522466
R00053,U0653,U0656,2023-01-07T15:18:52,colleague,1,0.955023
R00054,U0202,U0204,2023-01-07T16:45:36,collaborator,1,0.862195
R00055,U0178,U0180,2023-01-07T17:33:41,acquaintance,1,0.88044
R00056,U0778,U0780,2023-01-07T20:32:45,acquaintance,1,0.988795
R00057,U1270,U1271,2023-01-07T21:10:42,acquaintance,1,0.20173
R00058,U0576,U0577,2023-01-07T22:47:48,collaborator,1,0.362202
R00059,U1341,U1344,2023-01-08T00:41:02,colleague,1,0.580553
R00060,U0468,U1171,2023-01-08T03:38:06,collaborator,1,0.107081
R00061,U0837,U0839,2023-01-08T10:27:35,acquaintance,1,0.569482
R00062,U0514,U0516,2023-01-08T11:13:27,acquaintance,1,0.61723
R00063,U1165,U1167,2023-01-08T11:22:17,colleague,1,0.949978
R00064,U1285,U1286,2023-01-08T13:28:34,collaborator,1,0.846898
R00065,U0833,U0835,2023-01-08T17:05:52,colleague,1,0.22586
R00066,U0313,U0315,2023-01-08T17:12:43,collaborator,1,0.320339
R00067,U0388,U1097,2023-01-08T20:46:42,collaborator,1,0.00526
R00068,U0530,U0531,2023-01-09T04:50:08,colleague,1,0.193091
R00069,U0541,U0542,2023-01-09T08:19:05,colleague,1,0.312181
R00070,U1014,U1017,2023-01-09T08:53:43,collaborator,1,0.012367
R00071,U0511,U0513,2023-01-09T11:20:36,colleague,1,0.724995
R00072,U0479,U1184,2023-01-09T11:31:46,collaborator,1,0.959986
R00073,U0597,U1289,2023-01-09T14:06:21,acquaintance,1,0.929296
R00074,U0338,U1046,2023-01-09T15:10:28,acquaintance,1,0.064986
R00075,U0770,U0772,2023-01-09T16:50:41,collaborator,1,0.689269
R00076,U0455,U1159,2023-01-09T17:06:21,acquaintance,1,0.52806
R00077,U0007,U0011,2023-01-09T18:24:28,collaborator,1,0.620085
R00078,U0075,U0077,2023-01-09T19:42:34,collaborator,1,0.018607
R00079,U0780,U0781,2023-01-09T19:44:52,acquaintance,1,0.519484
R00080,U1008,U1009,2023-01-09T20:53:08,collaborator,1,0.346815
R00081,U0635,U0637,2023-01-09T22:31:48,collaborator,1,0.403974
R00082,U0269,U0270,2023-01-09T22:35:19,collaborator,1,0.652702
R00083,U0576,U1272,2023-01-09T23:46:23,collaborator,1,0.741764
R00084,U0175,U0886,2023-01-10T02:18:58,collaborator,1,0.072071
R00085,U0664,U0666,2023-01-10T05:51:53,acquaintance,1,0.178144
R00086,U1389,U1392,2023-01-10T07:29:44,collaborator,1,0.978877
R00087,U1339,U1341,2023-01-10T12:21:28,collaborator,1,0.944045
R00088,U0741,U0742,2023-01-10T13:00:02,collaborator,1,0.741702
R00089,U0138,U0140,2023-01-10T13:21:02,acquaintance,1,0.911718
R00090,U0940,U0941,2023-01-10T14:28:58,collaborator,1,0.958043
R00091,U0087,U0803,2023-01-10T15:00:28,acquaintance,1,0.740099
R00092,U0110,U0111,2023-01-10T17:11:04,acquaintance,1,0.161585
R00093,U0371,U1078,2023-01-10T18:45:44,colleague,1,0.479978
R00094,U0144,U0855,2023-01-10T21:39:15,acquaintance,1,0.980142
R00095,U0728,U0730,2023-01-10T22:53:59,collaborator,1,0.52171
R00096,U0227,U0939,2023-01-10T23:55:12,colleague,1,0.39878
R00097,U1180,U1181,2023-01-11T00:49:38,collaborator,1,0.813377
R00098,U0278,U0283,2023-01-11T03:04:32,collaborator,1,0.875248
R00099,U0460,U0462,2023-01-11T03:54:32,acquaintance,1,0.259574
R00100,U1267,U1269,2023-01-11T05:33:11,collaborator,1,0.853118
R00101,U0593,U0596,2023-01-11T08:13:36,collaborator,1,0.989426
R00102,U0856,U0858,2023-01-11T09:37:48,collaborator,1,0.254326
R00103,U0814,U0816,2023-01-11T14:23:57,collaborator,1,0.008299
R00104,U0637,U0638,2023-01-11T18:24:17,collaborator,1,0.282022
R00105,U0642,U0643,2023-01-11T18:32:18,acquaintance,1,0.032021
R00106,U0424,U1133,2023-01-11T22:56:27,acquaintance,1,0.170949
R00107,U0327,U0329,2023-01-12T02:09:52,collaborator,1,0.43187
R00108,U0089,U0805,2023-01-12T02:19:11,collaborator,1,0.104942
R00109,U0676,U0679,2023-01-12T02:45:09,acquaintance,1,0.296276
R00110,U0330,U0331,2023-01-12T03:52:33,acquaintance,1,0.120797
R00111,U0656,U0657,2023-01-12T05:12:39,acquaintance,1,0.915263
R00112,U0014,U0016,2023-01-12T09:14:58,colleague,1,0.335872
R00113,U0716,U0718,2023-01-12T19:05:13,collaborator,1,0.137807
R00114,U0920,U0921,2023-01-12T19:21:36,colleague,1,0.212863
R00115,U0210,U0212,2023-01-12T19:23:44,acquaintance,1,0.208408
R00116,U1156,U1157,2023-01-12T20:51:38,collaborator,1,0.171055
R00117,U0742,U0744,2023-01-13T00:49:48,colleague,1,0.038112
R00118,U1037,U1039,2023-01-13T02:58:41,colleague,1,0.268214
R00119,U0475,U1180,2023-01-13T10:32:07,collaborator,1,0.608694
R00120,U0859,U0861,2023-01-13T10:33:18,colleague,1,0.573175
R00121,U0954,U0955,2023-01-13T11:10:37,acquaintance,1,0.380629
R00122,U0008,U0723,2023-01-13T14:10:36,collaborator,1,0.046565
R00123,U0251,U0253,2023-01-13T17:11:48,collaborator,1,0.8381
R00124,U0265,U0267,2023-01-13T17:22:32,collaborator,1,0.430754
R00125,U1060,U1061,2023-01-13T18:27:56,collaborator,1,0.213003
R00126,U0257,U0966,2023-01-13T19:12:06,acquaintance,1,0.849558
R00127,U1315,U1316,2023-01-13T19:33:55,collaborator,1,0.399122
R00128,U1115,U1117,2023-01-13T19:45:41,colleague,1,0.765924
R00129,U0982,U0985,2023-01-14T04:42:43,collaborator,1,0.710993
R00130,U0236,U0238,2023-01-14T15:20:55,collaborator,1,0.846532
R00131,U0464,U1168,2023-01-14T18:09:03,acquaintance,1,0.027195
R00132,U1102,U1103,2023-01-14T18:56:07,collaborator,1,0.500948
R00133,U0508,U1208,2023-01-14T21:19:05,collaborator,1,0.772646
R00134,U0538,U0539,2023-01-14T22:19:25,collaborator,1,0.634029
R00135,U0336,U1044,2023-01-15T03:18:58,acquaintance,1,0.108251
R00136,U0384,U1093,2023-01-15T03:58:26,collaborator,1,0.530632
R00137,U0499,U0502,2023-01-15T04:36:26,collaborator,1,0.930981
R00138,U0948,U0949,2023-01-15T06:01:41,collaborator,1,0.814551
R00139,U0582,U0584,2023-01-15T07:46:18,colleague,1,0.385141
R00140,U1061,U1063,2023-01-15T08:04:14,colleague,1,0.471322
R00141,U1075,U1078,2023-01-15T16:15:47,collaborator,1,0.315366
R00142,U0532,U0534,2023-01-15T17:26:13,collaborator,1,0.74456
R00143,U0462,U0464,2023-01-15T20:25:29,collaborator,1,0.819617
R00144,U0678,U0679,2023-01-15T21:12:22,collaborator,1,0.960776
R00145,U0152,U0154,2023-01-15T21:25:59,collaborator,1,0.585185
R00146,U0562,U0564,2023-01-16T00:30:26,acquaintance,1,0.539161
R00147,U0851,U0852,2023-01-16T05:27:48,collaborator,1,0.944542
R00148,U1180,U1182,2023-01-16T05:47:11,acquaintance,1,0.550536
R00149,U0521,U0523,2023-01-16T06:02:02,collaborator,1,0.131811
R00150,U0904,U0906,2023-01-16T06:17:52,collaborator,1,0.631729
R00151,U0525,U1223,2023-01-16T06:54:26,acquaintance,1,0.374275
R00152,U1399,U1401,2023-01-16T15:10:43,collaborator,1,0.915149
R00153,U0488,U1193,2023-01-16T16:01:33,collaborator,1,0.216488
R00154,U0218,U0221,2023-01-17T04:53:44,collaborator,1,0.607302
R00155,U0006,U0718,2023-01-17T20:46:28,collaborator,1,0.35781
R00156,U0667,U0670,2023-01-18T00:10:19,collaborator,1,0.70198
R00157,U1283,U1284,2023-01-18T02:11:04,acquaintance,1,0.040258
R00158,U1314,U1316,2023-01-18T07:07:23,collaborator,1,0.471896
R00159,U0291,U1000,2023-01-18T08:37:32,collaborator,1,0.172347
R00160,U0580,U0582,2023-01-18T12:03:53,acquaintance,1,0.382233
R00161,U0552,U0553,2023-01-18T19:01:03,colleague,1,0.737489
R00162,U0864,U0865,2023-01-18T21:01:59,collaborator,1,0.20774
R00163,U0318,U1023,2023-01-18T23:11:59,acquaintance,1,0.676499
R00164,U0653,U0654,2023-01-19T06:03:04,collaborator,1,0.259638
R00165,U0363,U0364,2023-01-19T07:27:38,acquaintance,1,0.050525
R00166,U0672,U1357,2023-01-19T09:01:34,collaborator,1,0.151701
R00167,U0118,U0119,2023-01-19T10:07:39,collaborator,1,0.913396
R00168,U0151,U0152,2023-01-19T10:53:46,collaborator,1,0.314383
R00169,U0684,U1367,2023-01-19T11:06:22,collaborator,1,0.191629
R00170,U1035,U1037,2023-01-19T11:28:01,collaborator,1,0.358767
R00171,U1174,U1175,2023-01-19T13:08:31,collaborator,1,0.264075
R00172,U1014,U1015,2023-01-19T14:52:39,collaborator,1,0.133058
R00173,U0696,U0699,2023-01-19T17:24:40,collaborator,1,0.361048
R00174,U0163,U0873,2023-01-19T23:02:21,colleague,1,0.935777
R00175,U0907,U0908,2023-01-20T00:05:35,collaborator,1,0.170389
R00176,U0567,U1264,2023-01-20T00:32:54,collaborator,1,0.374803
R00177,U1071,U1072,2023-01-20T02:32:33,colleague,1,0.823174
R00178,U0249,U0959,2023-01-20T08:00:03,colleague,1,0.939329
R00179,U0320,U0322,2023-01-20T08:48:01,collaborator,1,0.593513
R00180,U0399,U0401,2023-01-20T08:54:30,acquaintance,1,0.106787
R00181,U1396,U1397,2023-01-20T13:04:02,collaborator,1,0.151344
R00182,U0847,U0848,2023-01-20T15:28:19,collaborator,1,0.550352
R00183,U1104,U1106,2023-01-20T17:23:07,colleague,1,0.702413
R00184,U0025,U0026,2023-01-20T20:24:12,colleague,1,0.020282
R00185,U1002,U1003,2023-01-21T00:19:34,acquaintance,1,0.27657
R00186,U1272,U1273,2023-01-21T03:13:55,acquaintance,1,0.408426
R00187,U0337,U0338,2023-01-21T05:08:32,acquaintance,1,0.229945
R00188,U0463,U0465,2023-01-21T05:11:20,acquaintance,1,0.640424
R00189,U0961,U0964,2023-01-21T08:34:19,collaborator,1,0.021286
R00190,U0045,U0757,2023-01-21T09:25:39,acquaintance,1,0.633123
R00191,U0305,U0309,2023-01-21T17:02:52,collaborator,1,0.156274
R00192,U0875,U0876,2023-01-21T19:48:27,colleague,1,0.332683
R00193,U0239,U0951,2023-01-21T20:01:13,acquaintance,1,0.058587
R00194,U0616,U0620,2023-01-22T00:46:15,collaborator,1,0.384989
R00195,U0477,U1182,2023-01-22T02:19:37,acquaintance,1,0.387639
R00196,U0067,U0068,2023-01-22T14:02:50,collaborator,1,0.118966
R00197,U1296,U1297,2023-01-22T17:25:41,acquaintance,1,0.756942
R00198,U0270,U0977,2023-01-22T22:37:55,acquaintance,1,0.20645
R00199,U1018,U1020,2023-01-23T01:43:18,collaborator,1,0.77451
R00200,U0221,U0933,2023-01-23T02:08:02,collaborator,1,0.253468
R00201,U0661,U0663,2023-01-23T04:27:45,collaborator,1,0.602722
R00202,U0084,U0085,2023-01-24T00:50:30,collaborator,1,0.876324
R00203,U1293,U1296,2023-01-24T00:53:16,acquaintance,1,0.793206
R00204,U0415,U1125,2023-01-24T01:01:45,collaborator,1,0.89516
R00205,U0568,U0570,2023-01-24T02:03:41,collaborator,1,0.096472
R00206,U0204,U0207,2023-01-24T16:24:38,acquaintance,1,0.114619
R00207,U0159,U0161,2023-01-24T19:35:01,acquaintance,1,0.894637
R00208,U0047,U0049,2023-01-25T01:20:36,colleague,1,0.735763
R00209,U0347,U1053,2023-01-25T04:55:24,collaborator,1,0.321728
R00210,U0043,U0045,2023-01-25T06:28:09,colleague,1,0.651964
R00211,U1362,U1363,2023-01-25T07:46:41,colleague,1,0.345012
R00212,U0042,U0043,2023-01-25T08:33:00,collaborator,1,0.844423
R00213,U0043,U0044,2023-01-25T10:54:04,collaborator,1,0.190863
R00214,U0369,U0371,2023-01-25T11:05:19,colleague,1,0.789306
R00215,U0237,U0239,2023-01-25T16:23:44,collaborator,1,0.172308
R00216,U0240,U0242,2023-01-25T16:26:32,acquaintance,1,0.297306
R00217,U0173,U0177,2023-01-25T16:41:04,acquaintance,1,0.282582
R00218,U0587,U0588,2023-01-25T18:00:24,collaborator,1,0.933565
R00219,U0760,U0762,2023-01-25T18:52:35,collaborator,1,0.20925
R00220,U0410,U0411,2023-01-25T19:29:51,collaborator,1,0.847917
R00221,U1120,U1121,2023-01-25T20:15:18,collaborator,1,0.807091
R00222,U0102,U0104,2023-01-25T21:32:22,collaborator,1,0.332943
R00223,U1095,U1097,2023-01-26T00:31:34,acquaintance,1,0.093329
R00224,U0301,U0302,2023-01-26T07:20:47,collaborator,1,0.704802
R00225,U0670,U0672,2023-01-26T09:03:46,colleague,1,0.474448
R00226,U0209,U0212,2023-01-26T09:39:39,collaborator,1,0.07272
R00227,U0303,U0304,2023-01-26T11:47:16,acquaintance,1,0.064086
R00228,U1166,U1167,2023-01-26T13:26:57,acquaintance,1,0.938793
R00229,U0313,U0316,2023-01-26T13:51:43,collaborator,1,0.113335
R00230,U0170,U0880,2023-01-26T19:13:33,collaborator,1,0.520946
R00231,U0520,U0521,2023-01-27T05:36:36,collaborator,1,0.390555
R00232,U0700,U1388,2023-01-27T10:00:58,colleague,1,0.519768
R00233,U0829,U0830,2023-01-27T11:07:15,colleague,1,0.844018
R00234,U0726,U0728,2023-01-27T11:48:06,collaborator,1,0.898963
R00235,U0482,U0484,2023-01-27T18:14:27,collaborator,1,0.876875
R00236,U0179,U0890,2023-01-27T19:53:07,colleague,1,0.117778
R00237,U0107,U0108,2023-01-27T22:04:56,acquaintance,1,0.944754
R00238,U1261,U1264,2023-01-27T23:13:36,collaborator,1,0.474721
R00239,U0520,U0523,2023-01-28T00:25:13,collaborator,1,0.686956
R00240,U1355,U1356,2023-01-28T04:09:14,colleague,1,0.121737
R00241,U1024,U1025,2023-01-28T06:09:04,collaborator,1,0.376617
R00242,U0501,U0502,2023-01-28T06:57:36,acquaintance,1,0.838514
R00243,U0093,U0094,2023-01-28T08:34:48,collaborator,1,0.057583
R00244,U1054,U1056,2023-01-28T12:07:45,collaborator,1,0.562828
R00245,U0478,U0479,2023-01-28T18:36:33,collaborator,1,0.265594
R00246,U1179,U1180,2023-01-28T18:36:57,acquaintance,1,0.868159
R00247,U1133,U1135,2023-01-28T19:19:42,collaborator,1,0.896583
R00248,U0875,U0877,2023-01-28T20:21:43,collaborator,1,0.489728
R00249,U0247,U0957,2023-01-28T21:17:08,collaborator,1,0.77256
R00250,U1243,U1245,2023-02-01T01:13:30,colleague,1,0.22132
R00251,U0253,U0256,2023-02-01T07:52:12,collaborator,1,0.758995
R00252,U0623,U0624,2023-02-01T07:56:19,collaborator,1,0.663244
R00253,U1231,U1232,2023-02-01T08:17:01,collaborator,1,0.346594
R00254,U0484,U0485,2023-02-01T09:05:38,collaborator,1,0.455237
R00255,U0457,U1161,2023-02-01T09:55:36,collaborator,1,0.704639
R00256,U0531,U1231,2023-02-01T10:03:56,acquaintance,1,0.184949
R00257,U0023,U0025,2023-02-01T10:51:03,colleague,1,0.847094
R00258,U0099,U0101,2023-02-01T13:08:42,collaborator,1,0.696673
R00259,U1070,U1071,2023-02-01T17:15:27,collaborator,1,0.815955
R00260,U1360,U1361,2023-02-02T04:27:12,collaborator,1,0.917596
R00261,U1192,U1193,2023-02-02T04:44:21,collaborator,1,0.448237
R00262,U0179,U0180,2023-02-02T07:47:06,collaborator,1,0.357016
R00263,U0480,U1185,2023-02-02T11:27:14,collaborator,1,0.563116
R00264,U0348,U0350,2023-02-02T21:43:25,acquaintance,1,0.241427
R00265,U0111,U0113,2023-02-02T21:53:03,collaborator,1,0.962241
R00266,U0170,U0172,2023-02-03T04:30:02,acquaintance,1,0.873993
R00267,U1107,U1109,2023-02-03T06:29:12,acquaintance,1,0.656746
R00268,U0241,U0242,2023-02-03T06:34:18,collaborator,1,0.215598
R00269,U1222,U1223,2023-02-03T10:16:54,collaborator,1,0.977974
R00270,U0101,U0103,2023-02-03T12:48:34,collaborator,1,0.714407
R00271,U0529,U1229,2023-02-03T13:40:40,colleague,1,0.880508
R00272,U0524,U0525,2023-02-03T17:29:05,collaborator,1,0.834374
R00273,U0180,U0182,2023-02-03T23:13:57,collaborator,1,0.142822
R00274,U0663,U0664,2023-02-04T04:15:21,collaborator,1,0.841078
R00275,U0834,U0837,2023-02-04T04:57:05,collaborator,1,0.719396
R00276,U0076,U0078,2023-02-04T05:08:32,collaborator,1,0.576324
R00277,U0078,U0080,2023-02-04T08:02:11,colleague,1,0.020382
R00278,U0863,U0865,2023-02-04T10:01:17,collaborator,1,0.43238
R00279,U0791,U0792,2023-02-04T13:41:27,collaborator,1,0.11217
R00280,U0374,U0376,2023-02-04T15:09:37,collaborator,1,0.677409
R00281,U1220,U1222,2023-02-04T15:29:11,collaborator,1,0.765595
R00282,U0278,U0279,2023-02-04T21:07:02,colleague,1,0.642927
R00283,U0681,U0682,2023-02-05T01:47:48,collaborator,1,0.643911
R00284,U1371,U1372,2023-02-05T03:42:40,acquaintance,1,0.732497
R00285,U0221,U0222,2023-02-05T08:37:22,acquaintance,1,0.595259
R00286,U0905,U0907,2023-02-05T08:37:49,collaborator,1,0.440299
R00287,U0769,U0771,2023-02-05T09:23:29,collaborator,1,0.615847
R00288,U0657,U1343,2023-02-05T10:17:38,collaborator,1,0.506344
R00289,U0254,U0256,2023-02-05T10:31:35,acquaintance,1,0.620925
R00290,U1005,U1006,2023-02-05T10:56:18,collaborator,1,0.550508
R00291,U0483,U1188,2023-02-05T11:05:27,colleague,1,0.28207
R00292,U1222,U1226,2023-02-05T11:52:25,collaborator,1,0.89202
R00293,U0317,U0319,2023-02-05T16:46:19,acquaintance,1,0.014941
R00294,U0501,U1201,2023-02-05T17:01:14,colleague,1,0.548387
R00295,U0004,U0006,2023-02-05T19:23:25,collaborator,1,0.42339
R00296,U0290,U0292,2023-02-05T20:05:57,acquaintance,1,0.104637
R00297,U0518,U1217,2023-02-05T20:55:50,collaborator,1,0.132451
R00298,U0299,U0300,2023-02-05T21:40:51,colleague,1,0.332661
R00299,U0018,U0019,2023-02-05T22:32:22,colleague,1,0.637879
R00300,U0533,U0535,2023-02-05T23:32:43,acquaintance,1,0.747477
R00301,U0648,U0649,2023-02-05T23:43:50,collaborator,1,0.229883
R00302,U1347,U1349,2023-02-06T00:04:57,collaborator,1,0.277652
R00303,U0201,U0914,2023-02-06T01:13:55,collaborator,1,0.591059
R00304,U0257,U0258,2023-02-06T02:00:31,collaborator,1,0.622223
R00305,U1401,U1403,2023-02-06T07:31:56,collaborator,1,0.5417
R00306,U1302,U1304,2023-02-06T08:51:09,collaborator,1,0.775681
R00307,U0395,U0397,2023-02-06T19:03:30,colleague,1,0.797936
R00308,U0233,U0234,2023-02-06T19:08:42,collaborator,1,0.752493
R00309,U0345,U1051,2023-02-06T19:56:16,acquaintance,1,0.514091
R00310,U0724,U0725,2023-02-06T22:03:59,collaborator,1,0.835292
R00311,U0817,U0819,2023-02-07T00:47:53,collaborator,1,0.77265
R00312,U0539,U1239,2023-02-07T01:30:01,collaborator,1,0.923998
R00313,U0202,U0203,2023-02-07T03:49:34,collaborator,1,0.253749
R00314,U1042,U1044,2023-02-07T04:04:23,collaborator,1,0.98901
R00315,U0929,U0933,2023-02-07T05:05:48,acquaintance,1,0.522723
R00316,U1154,U1155,2023-02-07T11:18:27,collaborator,1,0.741035
R00317,U0389,U0390,2023-02-07T14:22:44,collaborator,1,0.374419
R00318,U0615,U0616,2023-02-07T14:25:09,collaborator,1,0.665562
R00319,U0147,U0858,2023-02-07T14:27:51,collaborator,1,0.73755
R00320,U0577,U0579,2023-02-07T14:51:20,acquaintance,1,0.703164
R00321,U1159,U1160,2023-02-07T15:20:13,acquaintance,1,0.973072
R00322,U0662,U1348,2023-02-07T17:46:06,acquaintance,1,0.736387
R00323,U0956,U0957,2023-02-07T18:05:30,collaborator,1,0.806495
R00324,U0542,U0544,2023-02-07T20:48:34,collaborator,1,0.524773
R00325,U0423,U1132,2023-02-07T23:26:43,acquaintance,1,0.240833
R00326,U1073,U1075,2023-02-08T02:39:04,collaborator,1,0.197493
R00327,U1169,U1171,2023-02-08T06:16:09,collaborator,1,0.906729
R00328,U0052,U0053,2023-02-08T13:34:59,acquaintance,1,0.352567
R00329,U0620,U1306,2023-02-08T14:13:58,acquaintance,1,0.403149
R00330,U0438,U0442,2023-02-08T17:36:59,collaborator,1,0.419313
R00331,U0122,U0123,2023-02-08T19:25:09,collaborator,1,0.91099
R00332,U1083,U1085,2023-02-08T21:02:12,acquaintance,1,0.040727
R00333,U1093,U1094,2023-02-08T21:13:37,collaborator,1,0.189079
R00334,U0021,U0022,2023-02-09T00:26:10,collaborator,1,0.765661
R00335,U0222,U0223,2023-02-09T01:10:03,acquaintance,1,0.573262
R00336,U0616,U1305,2023-02-09T04:12:26,collaborator,1,0.442054
R00337,U1274,U1275,2023-02-09T04:46:02,collaborator,1,0.168998
R00338,U0927,U0928,2023-02-09T08:57:07,collaborator,1,0.081143
R00339,U0514,U0515,2023-02-09T11:27:23,collaborator,1,0.170283
R00340,U0288,U0995,2023-02-09T11:39:23,collaborator,1,0.962124
R00341,U0610,U0613,2023-02-09T11:42:30,acquaintance,1,0.769463
R00342,U0950,U0951,2023-02-09T13:49:30,colleague,1,0.06631
R00343,U0351,U0353,2023-02-09T18:16:25,colleague,1,0.30481
R00344,U0105,U0107,2023-02-09T19:36:38,collaborator,1,0.216722
R00345,U0735,U0736,2023-02-09T20:00:25,acquaintance,1,0.257193
R00346,U0593,U1286,2023-02-10T00:13:37,colleague,1,0.198044
R00347,U1040,U1044,2023-02-10T01:33:37,collaborator,1,0.817185
R00348,U0316,U0318,2023-02-10T04:11:15,collaborator,1,0.044638
R00349,U0670,U0671,2023-02-10T04:39:00,colleague,1,0.41363
R00350,U0753,U0756,2023-02-10T10:07:11,colleague,1,0.557504
R00351,U0719,U0724,2023-02-10T12:53:33,acquaintance,1,0.021229
R00352,U0262,U0264,2023-02-10T13:11:20,collaborator,1,0.42522
R00353,U0599,U0603,2023-02-10T16:20:56,colleague,1,0.263612
R00354,U0031,U0034,2023-02-10T16:45:23,colleague,1,0.453858
R00355,U1200,U1201,2023-02-10T20:03:51,collaborator,1,0.520698
R00356,U1327,U1329,2023-02-10T21:49:50,colleague,1,0.403329
R00357,U0629,U1315,2023-02-10T23:15:26,collaborator,1,0.610925
R00358,U1240,U1243,2023-02-11T06:12:23,collaborator,1,0.250541
R00359,U1239,U1240,2023-02-11T06:19:47,collaborator,1,0.983948
R00360,U0237,U0949,2023-02-11T09:28:26,acquaintance,1,0.625342
R00361,U0711,U0713,2023-02-11T09:34:45,acquaintance,1,0.611539
R00362,U1104,U1105,2023-02-11T15:00:01,acquaintance,1,0.054067
R00363,U0587,U0589,2023-02-11T22:50:00,colleague,1,0.785789
R00364,U0692,U0693,2023-02-11T23:13:54,colleague,1,0.062998
R00365,U0371,U0373,2023-02-12T02:54:31,collaborator,1,0.064541
R00366,U0784,U0785,2023-02-12T06:20:10,collaborator,1,0.12619
R00367,U0333,U0335,2023-02-12T06:37:42,acquaintance,1,0.921921
R00368,U0386,U0387,2023-02-12T13:33:47,acquaintance,1,0.862509
R00369,U1299,U1300,2023-02-12T13:53:56,colleague,1,0.664578
R00370,U0992,U0994,2023-02-12T14:25:41,acquaintance,1,0.627682
R00371,U0581,U0582,2023-02-12T14:32:19,collaborator,1,0.398558
R00372,U0468,U0470,2023-02-12T21:29:58,collaborator,1,0.344762
R00373,U0116,U0117,2023-02-13T07:24:53,colleague,1,0.953374
R00374,U0260,U0261,2023-02-13T07:25:47,collaborator,1,0.290485
R00375,U0666,U0668,2023-02-13T07:46:23,collaborator,1,0.752545
R00376,U0343,U0345,2023-02-13T14:37:29,collaborator,1,0.754988
R00377,U1036,U1037,2023-02-13T15:09:35,acquaintance,1,0.073296
R00378,U0973,U0974,2023-02-13T21:13:14,acquaintance,1,0.615539
R00379,U0674,U0676,2023-02-13T22:59:10,collaborator,1,0.335498
R00380,U0548,U0549,2023-02-13T23:22:34,collaborator,1,0.144624
R00381,U0055,U0056,2023-02-14T00:39:37,collaborator,1,0.848427
R00382,U1083,U1084,2023-02-14T03:30:26,colleague,1,0.31846
R00383,U0548,U0550,2023-02-14T05:00:35,acquaintance,1,0.967022
R00384,U0140,U0142,2023-02-14T05:15:42,collaborator,1,0.206697
R00385,U1058,U1060,2023-02-14T06:53:30,collaborator,1,0.937755
R00386,U0329,U1036,2023-02-14T10:17:36,collaborator,1,0.53957
R00387,U0232,U0234,2023-02-14T22:22:47,collaborator,1,0.976208
R00388,U0671,U0673,2023-02-14T22:29:10,collaborator,1,0.179734
R00389,U1123,U1125,2023-02-15T00:49:34,colleague,1,0.523161
R00390,U0678,U0681,2023-02-15T01:05:20,acquaintance,1,0.452211
R00391,U0299,U0301,2023-02-15T01:28:20,acquaintance,1,0.431516
R00392,U0040,U0042,2023-02-15T01:55:55,collaborator,1,0.597311
R00393,U0319,U0320,2023-02-15T02:59:47,collaborator,1,0.181652
R00394,U1010,U1012,2023-02-15T05:23:30,collaborator,1,0.77623
R00395,U0887,U0890,2023-02-15T06:31:17,collaborator,1,0.439948
R00396,U0110,U0825,2023-02-15T07:07:09,acquaintance,1,0.096858
R00397,U0843,U0845,2023-02-15T08:15:59,acquaintance,1,0.333577
R00398,U0687,U0689,2023-02-15T12:13:06,collaborator,1,0.9092
R00399,U0250,U0253,2023-02-15T19:31:47,collaborator,1,0.776039
R00400,U0384,U0386,2023-02-15T23:12:43,colleague,1,0.503034
R00401,U0216,U0928,2023-02-16T01:40:00,acquaintance,1,0.773091
R00402,U0633,U0634,2023-02-16T08:37:37,acquaintance,1,0.533321
R00403,U1067,U1068,2023-02-16T09:28:17,collaborator,1,0.979942
R00404,U1357,U1359,2023-02-16T11:44:48,collaborator,1,0.487276
R00405,U0119,U0834,2023-02-16T14:58:14,collaborator,1,0.21283
R00406,U0460,U1164,2023-02-16T17:46:56,acquaintance,1,0.446941
R00407,U1287,U1289,2023-02-17T01:57:36,collaborator,1,0.860293
R00408,U0055,U0057,2023-02-17T06:38:14,collaborator,1,0.091068
R00409,U0394,U1102,2023-02-17T08:24:01,colleague,1,0.048224
R00410,U0092,U0093,2023-02-17T09:16:12,acquaintance,1,0.698612
R00411,U1309,U1311,2023-02-17T16:45:31,collaborator,1,0.593097
R00412,U0794,U0796,2023-02-17T17:27:51,collaborator,1,0.904808
R00413,U1097,U1098,2023-02-17T17:28:42,collaborator,1,0.433684
R00414,U0119,U0122,2023-02-17T23:23:38,collaborator,1,0.572937
R00415,U1252,U1254,2023-02-18T03:51:03,colleague,1,0.851944
R00416,U0861,U0862,2023-02-18T08:14:51,acquaintance,1,0.8655
R00417,U0232,U0233,2023-02-18T10:46:51,collaborator,1,0.260385
R00418,U1177,U1179,2023-02-18T11:05:11,collaborator,1,0.57777
R00419,U0632,U1317,2023-02-18T11:44:38,colleague,1,0.273771
R00420,U0225,U0227,2023-02-18T15:39:39,collaborator,1,0.590662
R00421,U1155,U1156,2023-02-18T23:26:30,colleague,1,0.530915
R00422,U0134,U0845,2023-02-18T23:54:59,collaborator,1,0.549323
R00423,U0390,U1099,2023-02-19T02:03:11,acquaintance,1,0.595229
R00424,U1146,U1148,2023-02-19T02:30:19,collaborator,1,0.700783
R00425,U0756,U0758,2023-02-19T03:02:49,acquaintance,1,0.140839
R00426,U1396,U1398,2023-02-19T06:19:59,collaborator,1,0.306456
R00427,U0117,U0119,2023-02-19T06:48:31,collaborator,1,0.762072
R00428,U0168,U0170,2023-02-19T08:45:41,acquaintance,1,0.370246
R00429,U0638,U0640,2023-02-19T10:37:52,collaborator,1,0.714764
R00430,U0711,U1402,2023-02-19T13:07:12,acquaintance,1,0.543794
R00431,U0125,U0128,2023-02-19T13:45:51,collaborator,1,0.391611
R00432,U0639,U1326,2023-02-19T16:23:15,collaborator,1,0.766538
R00433,U0459,U0461,2023-02-19T19:07:50,colleague,1,0.822446
R00434,U0313,U1019,2023-02-19T22:28:09,collaborator,1,0.480891
R00435,U0343,U0344,2023-02-19T22:51:51,collaborator,1,0.684006
R00436,U1199,U1201,2023-02-20T02:41:14,collaborator,1,0.968112
R00437,U0511,U0514,2023-02-20T03:26:01,collaborator,1,0.522476
R00438,U0627,U1312,2023-02-20T03:47:01,collaborator,1,0.02468
R00439,U1259,U1260,2023-02-20T03:56:37,colleague,1,0.370258
R00440,U0420,U1129,2023-02-20T08:15:34,collaborator,1,0.889268
R00441,U0418,U0419,2023-02-20T10:21:51,acquaintance,1,0.79996
R00442,U1384,U1387,2023-02-20T12:19:22,acquaintance,1,0.209568
R00443,U1190,U1192,2023-02-20T18:21:08,acquaintance,1,0.032468
R00444,U0034,U0747,2023-02-20T18:32:37,collaborator,1,0.502697
R00445,U0444,U0446,2023-02-20T22:15:03,collaborator,1,0.100127
R00446,U0182,U0185,2023-02-21T02:19:08,colleague,1,0.763634
R00447,U0507,U1207,2023-02-21T05:47:48,acquaintance,1,0.084464
R00448,U1223,U1227,2023-02-21T06:10:36,collaborator,1,0.794645
R00449,U0383,U1091,2023-02-21T08:13:56,colleague,1,0.030563
R00450,U0437,U1145,2023-02-21T08:30:22,acquaintance,1,0.921525
R00451,U1352,U1353,2023-02-21T10:54:09,colleague,1,0.143837
R00452,U0516,U1215,2023-02-21T15:04:50,collaborator,1,0.139661
R00453,U0200,U0201,2023-02-21T16:12:51,collaborator,1,0.596607
R00454,U0433,U1142,2023-02-21T16:18:09,acquaintance,1,0.943153
R00455,U0961,U0962,2023-02-21T16:33:23,colleague,1,0.8991
R00456,U1311,U1314,2023-02-21T16:38:30,acquaintance,1,0.031764
R00457,U0683,U0684,2023-02-21T17:44:36,colleague,1,0.718522
R00458,U0338,U0342,2023-02-21T21:15:17,collaborator,1,0.429473
R00459,U0641,U0643,2023-02-22T23:01:44,collaborator,1,0.993799
R00460,U0354,U0356,2023-02-23T05:40:51,collaborator,1,0.568477
R00461,U0469,U1172,2023-02-23T05:44:51,colleague,1,0.459057
R00462,U1187,U1189,2023-02-23T06:48:17,colleague,1,0.078142
R00463,U1025,U1026,2023-02-23T09:34:00,collaborator,1,0.742324
R00464,U0098,U0814,2023-02-23T10:11:47,collaborator,1,0.728894
R00465,U0139,U0140,2023-02-23T11:35:46,collaborator,1,0.091206
R00466,U1329,U1331,2023-02-23T18:36:12,collaborator,1,0.323514
R00467,U0077,U0078,2023-02-23T23:46:41,collaborator,1,0.583065
R00468,U1006,U1007,2023-02-24T01:35:48,collaborator,1,0.390607
R00469,U0673,U0674,2023-02-24T05:14:40,collaborator,1,0.716796
R00470,U0493,U0498,2023-02-24T07:39:01,collaborator,1,0.063748
R00471,U0092,U0094,2023-02-24T10:15:32,collaborator,1,0.692498
R00472,U0087,U0089,2023-02-24T10:57:22,acquaintance,1,0.833892
R00473,U0428,U0430,2023-02-24T15:12:06,acquaintance,1,0.421921
R00474,U0171,U0173,2023-02-24T21:40:58,collaborator,1,0.358741
R00475,U0715,U0716,2023-02-24T22:56:00,acquaintance,1,0.228211
R00476,U1140,U1141,2023-02-25T01:30:26,colleague,1,0.650359
R00477,U0199,U0201,2023-02-25T04:17:10,collaborator,1,0.633238
R00478,U0465,U0467,2023-02-25T04:50:11,colleague,1,0.963529
R00479,U1181,U1183,2023-02-25T05:46:37,acquaintance,1,0.24545
R00480,U0058,U0061,2023-02-25T06:58:46,colleague,1,0.149792
R00481,U0467,U0469,2023-02-25T09:30:03,acquaintance,1,0.675979
R00482,U1080,U1081,2023-02-25T15:17:47,collaborator,1,0.240815
R00483,U0239,U0240,2023-02-25T20:35:32,colleague,1,0.980182
R00484,U0140,U0851,2023-02-25T21:11:18,colleague,1,0.838172
R00485,U0117,U0832,2023-02-25T21:19:23,collaborator,1,0.216871
R00486,U0745,U0747,2023-02-26T00:10:17,colleague,1,0.869119
R00487,U0240,U0952,2023-02-26T01:07:42,collaborator,1,0.179958
R00488,U0886,U0887,2023-02-26T02:18:43,collaborator,1,0.598894
R00489,U0327,U0328,2023-02-26T03:03:04,collaborator,1,0.463938
R00490,U1229,U1230,2023-02-26T05:53:15,collaborator,1,0.864087
R00491,U1276,U1278,2023-02-26T07:27:38,collaborator,1,0.680301
R00492,U0755,U0757,2023-02-26T08:03:55,collaborator,1,0.770866
R00493,U1218,U1220,2023-02-26T09:15:18,collaborator,1,0.752469
R00494,U0375,U1083,2023-02-26T10:36:43,collaborator,1,0.984082
R00495,U0910,U0911,2023-02-26T12:10:42,acquaintance,1,0.969658
R00496,U1325,U1327,2023-02-26T13:57:43,acquaintance,1,0.787399
R00497,U0412,U0414,2023-02-26T15:48:16,collaborator,1,0.218696
R00498,U0112,U0113,2023-02-26T15:51:58,collaborator,1,0.816628
R00499,U0779,U0780,2023-02-26T22:35:46,collaborator,1,0.04635
R00500,U1106,U1107,2023-02-27T03:17:03,acquaintance,1,0.339438
R00501,U1009,U1011,2023-02-27T03:18:17,acquaintance,1,0.882679
R00502,U1229,U1231,2023-02-27T03:37:37,colleague,1,0.966313
R00503,U0221,U0223,2023-02-27T04:38:24,collaborator,1,0.58638
R00504,U1254,U1256,2023-02-27T08:23:58,acquaintance,1,0.830972
R00505,U0851,U0853,2023-02-27T08:46:10,acquaintance,1,0.537834
R00506,U0941,U0943,2023-02-27T09:52:32,acquaintance,1,0.145508
R00507,U0215,U0927,2023-02-27T13:43:41,collaborator,1,0.937299
R00508,U0635,U0636,2023-02-27T15:33:08,acquaintance,1,0.213827
R00509,U0472,U0473,2023-02-27T16:08:46,collaborator,1,0.103026
R00510,U0433,U0434,2023-02-27T17:40:53,collaborator,1,0.814911
R00511,U0646,U1332,2023-02-27T17:49:06,acquaintance,1,0.648112
R00512,U1184,U1186,2023-02-27T17:58:26,collaborator,1,0.54761
R00513,U0804,U0806,2023-02-27T18:33:56,acquaintance,1,0.58955
R00514,U0924,U0926,2023-02-28T00:41:00,collaborator,1,0.112457
R00515,U0958,U0959,2023-02-28T00:51:17,colleague,1,0.530996
R00516,U0051,U0763,2023-02-28T01:07:46,collaborator,1,0.551231
R00517,U0024,U0025,2023-02-28T02:59:56,collaborator,1,0.245015
R00518,U1369,U1372,2023-02-28T03:29:40,collaborator,1,0.28321
R00519,U0381,U0382,2023-02-28T04:09:28,acquaintance,1,0.281907
R00520,U1306,U1308,2023-02-28T04:20:31,collaborator,1,0.186286
R00521,U0988,U0989,2023-02-28T08:27:37,collaborator,1,0.635797
R00522,U0057,U0058,2023-02-28T09:56:05,collaborator,1,0.765347
R00523,U0035,U0036,2023-02-28T10:52:40,collaborator,1,0.906509
R00524,U0729,U0731,2023-02-28T14:52:36,collaborator,1,0.870972
R00525,U0470,U0471,2023-02-28T19:33:19,collaborator,1,0.757739
R00526,U1139,U1140,2023-02-28T22:01:45,collaborator,1,0.63737
R00527,U0253,U0254,2023-03-01T01:20:27,acquaintance,1,0.66209
R00528,U0520,U1219,2023-03-01T03:08:40,colleague,1,0.811296
R00529,U0570,U1267,2023-03-01T05:04:10,collaborator,1,0.900413
R00530,U0877,U0880,2023-03-01T05:18:56,colleague,1,0.468215
R00531,U0254,U0964,2023-03-01T13:18:54,collaborator,1,0.080474
R00532,U1234,U1235,2023-03-01T15:41:47,acquaintance,1,0.926917
R00533,U0305,U0306,2023-03-01T15:52:07,acquaintance,1,0.782828
R00534,U0195,U0196,2023-03-01T16:13:27,collaborator,1,0.274863
R00535,U0012,U0013,2023-03-01T23:24:43,collaborator,1,0.855412
R00536,U0992,U0993,2023-03-02T01:32:21,collaborator,1,0.555259
R00537,U0168,U0169,2023-03-02T02:41:00,collaborator,1,0.104959
R00538,U0613,U1303,2023-03-02T03:51:19,colleague,1,0.718804
R00539,U1307,U1308,2023-03-02T04:03:35,colleague,1,0.558319
R00540,U0559,U1256,2023-03-02T09:49:16,collaborator,1,0.880234
R00541,U1390,U1392,2023-03-02T10:56:54,collaborator,1,0.594755
R00542,U0586,U0588,2023-03-02T12:11:08,acquaintance,1,0.568218
R00543,U0401,U0403,2023-03-02T12:16:09,colleague,1,0.927686
R00544,U0569,U0571,2023-03-02T16:29:30,collaborator,1,0.234755
R00545,U0266,U0974,2023-03-02T16:35:42,collaborator,1,0.304978
R00546,U1003,U1004,2023-03-02T18:59:26,colleague,1,0.130744
R00547,U0591,U0593,2023-03-02T22:45:46,collaborator,1,0.794931
R00548,U0093,U0810,2023-03-03T05:44:12,collaborator,1,0.104634
R00549,U1327,U1328,2023-03-03T06:06:44,collaborator,1,0.316788
R00550,U0976,U0977,2023-03-03T06:13:07,collaborator,1,0.862287
R00551,U0311,U0312,2023-03-03T06:39:41,acquaintance,1,0.099239
R00552,U0212,U0214,2023-03-03T10:55:19,colleague,1,0.239845
R00553,U0513,U0514,2023-03-03T11:08:09,collaborator,1,0.09645
R00554,U0665,U0667,2023-03-03T12:49:37,acquaintance,1,0.720731
R00555,U0233,U0944,2023-03-03T14:03:17,acquaintance,1,0.763563
R00556,U0317,U0318,2023-03-03T16:02:36,acquaintance,1,0.707861
R00557,U1132,U1134,2023-03-03T16:27:34,acquaintance,1,0.551006
R00558,U0499,U0501,2023-03-03T20:15:17,collaborator,1,0.240674
R00559,U0871,U0873,2023-03-03T22:40:15,collaborator,1,0.153194
R00560,U0306,U0311,2023-03-04T01:39:35,acquaintance,1,0.849829
R00561,U1065,U1067,2023-03-04T07:01:13,colleague,1,0.43919
R00562,U1154,U1156,2023-03-04T09:18:34,collaborator,1,0.693718
R00563,U0413,U0414,2023-03-04T10:06:05,collaborator,1,0.259102
R00564,U1168,U1169,2023-03-04T10:38:00,collaborator,1,0.119184
R00565,U0073,U0074,2023-03-04T18:13:03,collaborator,1,0.403777
R00566,U0564,U1260,2023-03-04T23:26:59,acquaintance,1,0.111319
R00567,U0388,U0389,2023-03-05T04:23:03,collaborator,1,0.611013
R00568,U0222,U0225,2023-03-05T06:47:07,collaborator,1,0.390913
R00569,U0538,U0540,2023-03-05T10:34:15,acquaintance,1,0.530003
R00570,U0952,U0953,2023-03-05T11:12:22,collaborator,1,0.276543
R00571,U0533,U0534,2023-03-05T18:07:55,collaborator,1,0.028979
R00572,U0823,U0824,2023-03-05T19:47:28,acquaintance,1,0.354868
R00573,U1288,U1290,2023-03-06T03:54:21,collaborator,1,0.978805
R00574,U0265,U0266,2023-03-06T14:26:13,collaborator,1,0.390513
R00575,U0646,U0649,2023-03-06T19:56:27,collaborator,1,0.327043
R00576,U0625,U1310,2023-03-06T20:10:57,colleague,1,0.513938
R00577,U0529,U0531,2023-03-06T23:41:05,acquaintance,1,0.454439
R00578,U0263,U0971,2023-03-07T04:31:42,collaborator,1,0.743279
R00579,U0768,U0769,2023-03-07T05:50:53,collaborator,1,0.214157
R00580,U0290,U0291,2023-03-07T11:53:22,collaborator,1,0.738182
R00581,U0470,U0472,2023-03-07T12:09:28,acquaintance,1,0.485368
R00582,U0837,U0838,2023-03-07T17:37:32,collaborator,1,0.094471
R00583,U0468,U0469,2023-03-07T18:33:27,colleague,1,0.485199
R00584,U0118,U0122,2023-03-07T22:44:08,collaborator,1,0.866075
R00585,U0695,U1382,2023-03-07T23:33:29,colleague,1,0.158804
R00586,U0975,U0976,2023-03-08T02:15:52,colleague,1,0.031555
R00587,U1045,U1046,2023-03-08T10:48:25,colleague,1,0.971387
R00588,U0950,U0952,2023-03-08T14:29:13,collaborator,1,0.41795
R00589,U0801,U0803,2023-03-08T15:21:57,collaborator,1,0.271228
R00590,U0263,U0265,2023-03-08T16:58:32,acquaintance,1,0.965307
R00591,U0132,U0844,2023-03-08T18:16:55,collaborator,1,0.726726
R00592,U0082,U0083,2023-03-08T18:56:27,acquaintance,1,0.532838
R00593,U1103,U1104,2023-03-08T20:09:16,collaborator,1,0.176608
R00594,U0208,U0209,2023-03-08T22:37:35,collaborator,1,0.577682
R00595,U0209,U0922,2023-03-09T03:12:03,colleague,1,0.162044
R00596,U1114,U1117,2023-03-09T04:33:38,collaborator,1,0.354745
R00597,U0598,U0600,2023-03-09T05:17:55,collaborator,1,0.886192
R00598,U0936,U0939,2023-03-09T08:40:19,colleague,1,0.641328
R00599,U0550,U0551,2023-03-09T10:04:22,colleague,1,0.052947
R00600,U0300,U0301,2023-03-09T18:24:51,acquaintance,1,0.885059
R00601,U1090,U1091,2023-03-09T18:40:48,collaborator,1,0.387966
R00602,U1353,U1354,2023-03-09T19:55:01,acquaintance,1,0.543872
R00603,U0315,U1020,2023-03-09T21:26:23,collaborator,1,0.780647
R00604,U0249,U0251,2023-03-09T22:08:43,colleague,1,0.495879
R00605,U1295,U1296,2023-03-09T22:48:28,acquaintance,1,0.475877
R00606,U0825,U0827,2023-03-09T23:24:42,collaborator,1,0.716056
R00607,U0806,U0810,2023-03-10T04:39:09,acquaintance,1,0.305305
R00608,U0913,U0914,2023-03-10T09:14:41,colleague,1,0.840874
R00609,U0298,U0299,2023-03-10T16:12:44,acquaintance,1,0.04139
R00610,U0487,U0490,2023-03-10T16:28:49,colleague,1,0.046114
R00611,U0685,U1368,2023-03-10T23:54:52,collaborator,1,0.227597
R00612,U0283,U0990,2023-03-11T03:54:16,collaborator,1,0.919802
R00613,U0115,U0830,2023-03-11T04:30:31,collaborator,1,0.111012
R00614,U0880,U0882,2023-03-11T09:29:48,colleague,1,0.443281
R00615,U1290,U1293,2023-03-11T09:48:51,collaborator,1,0.655965
R00616,U1321,U1322,2023-03-11T11:23:49,collaborator,1,0.553202
R00617,U0412,U1121,2023-03-11T11:51:16,collaborator,1,0.900218
R00618,U0347,U0348,2023-03-11T13:49:50,collaborator,1,0.287007
R00619,U0606,U0607,2023-03-11T16:53:04,collaborator,1,0.585351
R00620,U0132,U0135,2023-03-11T18:03:03,collaborator,1,0.081731
R00621,U1161,U1163,2023-03-11T19:18:44,collaborator,1,0.194843
R00622,U0070,U0782,2023-03-11T19:22:57,colleague,1,0.029718
R00623,U0933,U0936,2023-03-11T19:52:27,collaborator,1,0.478732
R00624,U0925,U0927,2023-03-11T21:02:30,collaborator,1,0.768462
R00625,U1299,U1301,2023-03-12T03:04:20,collaborator,1,0.328086
R00626,U0577,U0580,2023-03-12T04:27:28,colleague,1,0.698902
R00627,U0962,U0965,2023-03-12T07:06:25,acquaintance,1,0.261606
R00628,U1372,U1373,2023-03-12T09:50:45,acquaintance,1,0.14451
R00629,U0431,U0433,2023-03-12T10:29:39,collaborator,1,0.555862
R00630,U1049,U1051,2023-03-12T11:35:06,acquaintance,1,0.05422
R00631,U0161,U0164,2023-03-12T11:36:50,acquaintance,1,0.736909
R00632,U1189,U1192,2023-03-12T17:59:16,colleague,1,0.394187
R00633,U0386,U0388,2023-03-12T19:43:29,acquaintance,1,0.530677
R00634,U0955,U0957,2023-03-13T01:48:21,acquaintance,1,0.219489
R00635,U0097,U0098,2023-03-13T02:26:09,acquaintance,1,0.261213
R00636,U0278,U0988,2023-03-13T02:41:25,acquaintance,1,0.227886
R00637,U0194,U0906,2023-03-13T05:02:44,acquaintance,1,0.016944
R00638,U0024,U0737,2023-03-13T06:16:21,collaborator,1,0.372489
R00639,U0640,U0641,2023-03-13T07:34:07,collaborator,1,0.277509
R00640,U1284,U1286,2023-03-13T11:37:55,colleague,1,0.572208
R00641,U0156,U0869,2023-03-13T15:31:22,collaborator,1,0.817747
R00642,U0631,U0632,2023-03-13T18:43:06,colleague,1,0.464147
R00643,U0682,U0683,2023-03-13T21:38:17,collaborator,1,0.493362
R00644,U0241,U0953,2023-03-14T05:57:31,colleague,1,0.182056
R00645,U0419,U1128,2023-03-14T06:43:34,acquaintance,1,0.971638
R00646,U1395,U1396,2023-03-14T09:43:33,collaborator,1,0.45773
R00647,U0197,U0199,2023-03-14T11:58:17,collaborator,1,0.732111
R00648,U0559,U0561,2023-03-14T12:03:59,colleague,1,0.675899
R00649,U0298,U1006,2023-03-14T12:49:43,collaborator,1,0.795764
R00650,U0862,U0863,2023-03-14T13:37:17,collaborator,1,0.565082
R00651,U0929,U0932,2023-03-14T17:16:26,collaborator,1,0.592896
R00652,U0637,U0639,2023-03-14T18:05:36,acquaintance,1,0.182641
R00653,U0998,U1000,2023-03-14T19:38:31,colleague,1,0.082875
R00654,U0372,U1079,2023-03-14T21:47:07,collaborator,1,0.361718
R00655,U1053,U1054,2023-03-14T22:13:43,collaborator,1,0.462169
R00656,U0620,U0623,2023-03-14T23:00:55,acquaintance,1,0.474147
R00657,U0584,U0586,2023-03-15T02:29:15,collaborator,1,0.618098
R00658,U1201,U1202,2023-03-15T05:00:07,collaborator,1,0.610104
R00659,U0141,U0143,2023-03-15T05:35:10,collaborator,1,0.18725
R00660,U0627,U0629,2023-03-15T16:17:06,collaborator,1,0.10462
R00661,U0752,U0753,2023-03-15T19:42:13,collaborator,1,0.657157
R00662,U0651,U1337,2023-03-15T22:05:46,acquaintance,1,0.403113
R00663,U1213,U1214,2023-03-15T23:00:02,collaborator,1,0.347137
R00664,U0081,U0082,2023-03-16T02:24:39,acquaintance,1,0.616798
R00665,U1190,U1193,2023-03-16T03:27:18,acquaintance,1,0.831738
R00666,U0849,U0850,2023-03-16T07:35:52,collaborator,1,0.838054
R00667,U0899,U0901,2023-03-16T08:15:25,colleague,1,0.136249
R00668,U0607,U1299,2023-03-16T10:20:34,acquaintance,1,0.8923
R00669,U0768,U0770,2023-03-16T10:45:51,collaborator,1,0.418996
R00670,U0718,U0719,2023-03-16T15:52:14,collaborator,1,0.208209
R00671,U0683,U1366,2023-03-16T21:41:42,collaborator,1,0.333329
R00672,U0705,U1395,2023-03-16T23:11:36,collaborator,1,0.544897
R00673,U1131,U1132,2023-03-17T01:40:47,collaborator,1,0.431006
R00674,U0043,U0755,2023-03-17T01:46:17,acquaintance,1,0.609962
R00675,U0324,U0327,2023-03-17T02:27:45,collaborator,1,0.843899
R00676,U0499,U1200,2023-03-17T03:48:41,collaborator,1,0.626696
R00677,U0807,U0811,2023-03-17T04:17:04,colleague,1,0.806218
R00678,U0853,U0855,2023-03-17T05:48:54,acquaintance,1,0.862277
R00679,U0877,U0878,2023-03-17T05:57:05,collaborator,1,0.351188
R00680,U0537,U1237,2023-03-17T06:25:50,collaborator,1,0.975649
R00681,U0304,U0305,2023-03-17T07:23:10,colleague,1,0.209363
R00682,U0962,U0964,2023-03-17T07:25:55,collaborator,1,0.141459
R00683,U0309,U1015,2023-03-17T07:43:28,collaborator,1,0.370101
R00684,U1085,U1090,2023-03-17T17:45:56,collaborator,1,0.726926
R00685,U0481,U0483,2023-03-17T18:18:06,collaborator,1,0.158003
R00686,U0311,U1017,2023-03-17T18:28:09,collaborator,1,0.137738
R00687,U0478,U0480,2023-03-17T19:30:21,collaborator,1,0.947653
R00688,U0705,U0707,2023-03-17T19:57:32,collaborator,1,0.066735
R00689,U1361,U1362,2023-03-17T20:33:25,acquaintance,1,0.386975
R00690,U0615,U1304,2023-03-17T20:48:54,collaborator,1,0.216899
R00691,U0970,U0971,2023-03-17T22:32:24,colleague,1,0.350625
R00692,U0943,U0945,2023-03-17T23:23:30,acquaintance,1,0.151504
R00693,U0026,U0741,2023-03-18T00:04:14,collaborator,1,0.956658
R00694,U0145,U0147,2023-03-18T01:24:42,acquaintance,1,0.587161
R00695,U0881,U0883,2023-03-18T03:24:09,colleague,1,0.302304
R00696,U1254,U1255,2023-03-18T05:44:50,collaborator,1,0.34296
R00697,U0181,U0183,2023-03-18T06:38:36,collaborator,1,0.038252
R00698,U1395,U1397,2023-03-18T19:41:15,collaborator,1,0.126518
R00699,U0905,U0906,2023-03-19T01:43:22,acquaintance,1,0.61916
R00700,U0782,U0784,2023-03-19T05:58:51,acquaintance,1,0.092234
R00701,U0656,U1341,2023-03-19T14:21:59,acquaintance,1,0.646918
R00702,U0934,U0936,2023-03-19T15:08:53,collaborator,1,0.298552
R00703,U0056,U0770,2023-03-19T15:50:37,acquaintance,1,0.335895
R00704,U0320,U1025,2023-03-19T16:00:04,acquaintance,1,0.713003
R00705,U0959,U0961,2023-03-19T16:12:27,acquaintance,1,0.308096
R00706,U0049,U0761,2023-03-19T18:08:47,collaborator,1,0.045423
R00707,U0076,U0791,2023-03-19T20:08:09,collaborator,1,0.169993
R00708,U0495,U1198,2023-03-20T05:02:55,collaborator,1,0.242774
R00709,U0087,U0088,2023-03-20T05:16:33,collaborator,1,0.508156
R00710,U0476,U0478,2023-03-20T08:19:42,collaborator,1,0.162898
R00711,U0032,U0746,2023-03-20T10:09:34,acquaintance,1,0.876399
R00712,U1111,U1115,2023-03-20T10:44:23,colleague,1,0.794526
R00713,U1045,U1047,2023-03-20T14:46:30,collaborator,1,0.603181
R00714,U0502,U0505,2023-03-20T17:51:48,collaborator,1,0.642857
R00715,U0827,U0828,2023-03-20T21:13:02,colleague,1,0.122595
R00716,U0199,U0200,2023-03-20T21:55:39,collaborator,1,0.273403
R00717,U0003,U0004,2023-03-20T23:45:59,colleague,1,0.305906
R00718,U1338,U1339,2023-03-21T00:25:36,acquaintance,1,0.446593
R00719,U1117,U1118,2023-03-21T01:38:31,acquaintance,1,0.987781
R00720,U0704,U1393,2023-03-21T07:24:54,acquaintance,1,0.680885
R00721,U0191,U0193,2023-03-21T07:54:49,collaborator,1,0.683542
R00722,U1018,U1019,2023-03-21T09:48:10,collaborator,1,0.436917
R00723,U0057,U0771,2023-03-21T17:54:46,acquaintance,1,0.209454
R00724,U0904,U0905,2023-03-21T21:52:49,colleague,1,0.548429
R00725,U0874,U0875,2023-03-21T23:15:18,collaborator,1,0.336878
R00726,U1206,U1208,2023-03-21T23:55:04,acquaintance,1,0.560486
R00727,U1058,U1059,2023-03-22T09:55:02,acquaintance,1,0.405165
R00728,U0111,U0112,2023-03-22T11:05:16,colleague,1,0.52371
R00729,U0220,U0221,2023-03-22T13:47:14,colleague,1,0.748146
R00730,U0687,U0690,2023-03-22T15:47:48,collaborator,1,0.442175
R00731,U0045,U0046,2023-03-22T17:04:59,colleague,1,0.320238
R00732,U0399,U0403,2023-03-22T20:36:41,collaborator,1,0.902573
R00733,U0068,U0070,2023-03-23T00:53:46,acquaintance,1,0.430379
R00734,U0024,U0026,2023-03-23T01:07:22,acquaintance,1,0.974793
R00735,U1078,U1080,2023-03-23T06:15:35,collaborator,1,0.855247
R00736,U0182,U0893,2023-03-23T06:29:41,collaborator,1,0.364807
R00737,U0681,U0683,2023-03-23T06:52:29,collaborator,1,0.547844
R00738,U0205,U0207,2023-03-23T08:55:05,collaborator,1,0.416994
R00739,U1266,U1267,2023-03-23T08:59:56,collaborator,1,0.567996
R00740,U0922,U0925,2023-03-23T11:29:09,acquaintance,1,0.463892
R00741,U0662,U0663,2023-03-23T12:24:20,collaborator,1,0.709775
R00742,U0163,U0164,2023-03-23T12:54:13,colleague,1,0.875047
R00743,U1220,U1221,2023-03-23T14:05:25,collaborator,1,0.669688
R00744,U1356,U1357,2023-03-23T17:38:30,collaborator,1,0.044054
R00745,U0471,U1175,2023-03-23T18:09:27,colleague,1,0.939171
R00746,U0030,U0744,2023-03-23T19:21:08,collaborator,1,0.153836
R00747,U0122,U0124,2023-03-23T22:09:34,colleague,1,0.365662
R00748,U1350,U1352,2023-03-23T22:46:12,collaborator,1,0.700729
R00749,U0802,U0804,2023-03-23T23:35:15,acquaintance,1,0.774525
R00750,U0141,U0852,2023-03-24T06:17:45,acquaintance,1,0.688107
R00751,U0414,U0417,2023-03-24T10:14:14,collaborator,1,0.208945
R00752,U1264,U1266,2023-03-24T14:54:53,collaborator,1,0.130848
R00753,U1125,U1126,2023-03-24T16:12:40,collaborator,1,0.179892
R00754,U0504,U0505,2023-03-24T18:36:19,colleague,1,0.750097
R00755,U0026,U0027,2023-03-24T19:16:52,acquaintance,1,0.070264
R00756,U0443,U0446,2023-03-25T01:09:53,collaborator,1,0.961845
R00757,U1354,U1356,2023-03-25T02:09:52,collaborator,1,0.33996
R00758,U0887,U0888,2023-03-25T02:34:10,collaborator,1,0.999677
R00759,U0109,U0111,2023-03-25T03:34:35,collaborator,1,0.236119
R00760,U0424,U0425,2023-03-25T04:06:48,collaborator,1,0.442321
R00761,U0565,U0567,2023-03-25T07:52:44,collaborator,1,0.111351
R00762,U1328,U1331,2023-03-25T10:33:06,colleague,1,0.20398
R00763,U0766,U0768,2023-03-25T10:39:39,acquaintance,1,0.780447
R00764,U0556,U0561,2023-03-25T11:47:37,collaborator,1,0.018493
R00765,U0668,U1354,2023-03-25T13:00:23,colleague,1,0.24641
R00766,U1101,U1103,2023-03-25T13:23:21,colleague,1,0.24852
R00767,U1048,U1049,2023-03-25T15:17:53,collaborator,1,0.917757
R00768,U0367,U1074,2023-03-25T15:29:06,colleague,1,0.851054
R00769,U0641,U0642,2023-03-25T17:53:44,collaborator,1,0.216809
R00770,U0945,U0948,2023-03-25T19:32:07,collaborator,1,0.183978
R00771,U0745,U0746,2023-03-26T04:21:52,collaborator,1,0.432122
R00772,U0495,U0498,2023-03-26T07:37:00,collaborator,1,0.11064
R00773,U1100,U1102,2023-03-26T09:19:40,acquaintance,1,0.286467
R00774,U0069,U0072,2023-03-26T13:28:16,acquaintance,1,0.091171
R00775,U0739,U0742,2023-03-26T13:45:54,collaborator,1,0.613775
R00776,U0230,U0232,2023-03-26T15:59:46,collaborator,1,0.352052
R00777,U0701,U0702,2023-03-26T17:53:37,collaborator,1,0.990653
R00778,U0671,U1356,2023-03-26T18:00:13,collaborator,1,0.779787
R00779,U0432,U0434,2023-03-26T20:36:39,collaborator,1,0.814415
R00780,U1108,U1109,2023-03-27T03:05:25,colleague,1,0.349555
R00781,U0458,U0460,2023-03-27T06:13:27,collaborator,1,0.601437
R00782,U0114,U0116,2023-03-27T07:53:30,acquaintance,1,0.050477
R00783,U0220,U0222,2023-03-27T09:55:13,colleague,1,0.955466
R00784,U1210,U1211,2023-03-27T14:24:19,collaborator,1,0.522073
R00785,U0235,U0947,2023-03-27T20:24:18,collaborator,1,0.749006
R00786,U0571,U0574,2023-03-28T03:50:18,collaborator,1,0.943048
R00787,U0993,U0994,2023-03-28T11:29:30,collaborator,1,0.77393
R00788,U0952,U0954,2023-03-28T15:43:03,colleague,1,0.160521
R00789,U0636,U0637,2023-03-28T16:24:36,collaborator,1,0.853379
R00790,U0103,U0818,2023-03-28T17:44:00,collaborator,1,0.407141
R00791,U0265,U0973,2023-03-28T19:20:29,colleague,1,0.80578
R00792,U0304,U1012,2023-03-28T19:32:53,acquaintance,1,0.855283
R00793,U1256,U1257,2023-03-28T22:25:46,collaborator,1,0.227913
R00794,U0703,U0704,2023-03-28T22:41:26,colleague,1,0.090724
R00795,U0250,U0251,2023-03-28T23:13:18,colleague,1,0.839433
R00796,U0370,U1076,2023-04-01T01:28:24,colleague,1,0.032214
R00797,U0143,U0145,2023-04-01T02:27:15,collaborator,1,0.584206
R00798,U0356,U0357,2023-04-01T02:33:39,colleague,1,0.98522
R00799,U0108,U0109,2023-04-01T04:10:46,collaborator,1,0.835605
R00800,U1186,U1188,2023-04-01T04:51:23,collaborator,1,0.299714
R00801,U1025,U1028,2023-04-01T08:45:27,acquaintance,1,0.15168
R00802,U0429,U0430,2023-04-01T13:43:06,collaborator,1,0.554255
R00803,U0177,U0179,2023-04-01T15:47:25,collaborator,1,0.58679
R00804,U0802,U0803,2023-04-01T16:45:55,colleague,1,0.704724
R00805,U0227,U0230,2023-04-01T18:58:50,acquaintance,1,0.373539
R00806,U0785,U0790,2023-04-01T19:21:52,collaborator,1,0.743378
R00807,U0858,U0859,2023-04-01T20:10:54,collaborator,1,0.162351
R00808,U0570,U0573,2023-04-01T21:38:28,colleague,1,0.608248
R00809,U0838,U0841,2023-04-01T23:52:15,collaborator,1,0.134729
R00810,U0141,U0142,2023-04-02T01:44:27,collaborator,1,0.682677
R00811,U1259,U1261,2023-04-02T02:40:28,acquaintance,1,0.370924
R00812,U0823,U0825,2023-04-02T03:46:36,collaborator,1,0.633903
R00813,U0972,U0974,2023-04-02T07:21:59,collaborator,1,0.230132
R00814,U0704,U0706,2023-04-02T08:52:46,acquaintance,1,0.078287
R00815,U0167,U0169,2023-04-02T10:20:03,collaborator,1,0.894486
R00816,U0826,U0827,2023-04-02T15:13:29,acquaintance,1,0.895574
R00817,U0414,U0415,2023-04-02T15:30:36,colleague,1,0.336746
R00818,U0095,U0097,2023-04-02T15:38:25,colleague,1,0.315886
R00819,U0334,U0335,2023-04-02T16:12:12,collaborator,1,0.947405
R00820,U0116,U0831,2023-04-02T20:33:08,acquaintance,1,0.374381
R00821,U0376,U0380,2023-04-02T20:41:33,acquaintance,1,0.028141
R00822,U1069,U1070,2023-04-03T00:26:59,collaborator,1,0.380764
R00823,U0689,U0691,2023-04-03T03:54:58,collaborator,1,0.574459
R00824,U0635,U1322,2023-04-03T05:14:36,colleague,1,0.335298
R00825,U1149,U1151,2023-04-03T06:14:58,collaborator,1,0.946915
R00826,U0699,U0701,2023-04-03T08:12:20,colleague,1,0.003415
R00827,U0128,U0842,2023-04-03T08:20:48,collaborator,1,0.260633
R00828,U0427,U1136,2023-04-03T08:26:04,collaborator,1,0.912917
R00829,U0106,U0108,2023-04-03T14:31:52,collaborator,1,0.929869
R00830,U1204,U1206,2023-04-03T19:12:16,collaborator,1,0.138733
R00831,U0317,U1022,2023-04-03T21:53:09,collaborator,1,0.214746
R00832,U0477,U0479,2023-04-03T22:05:14,collaborator,1,0.352619
R00833,U0582,U1277,2023-04-04T00:58:25,collaborator,1,0.493162
R00834,U0795,U0796,2023-04-04T02:31:33,collaborator,1,0.698889
R00835,U1303,U1304,2023-04-04T05:32:45,acquaintance,1,0.225119
R00836,U0856,U0857,2023-04-04T05:46:33,colleague,1,0.440769
R00837,U0438,U0439,2023-04-04T09:47:35,acquaintance,1,0.741178
R00838,U0050,U0051,2023-04-04T17:46:33,collaborator,1,0.476996
R00839,U0414,U1124,2023-04-04T20:12:44,acquaintance,1,0.198743
R00840,U1022,U1024,2023-04-04T22:07:07,collaborator,1,0.592439
R00841,U1151,U1154,2023-04-05T00:29:08,acquaintance,1,0.222631
R00842,U0651,U0652,2023-04-05T02:49:41,acquaintance,1,0.868826
R00843,U0793,U0795,2023-04-05T03:23:37,collaborator,1,0.005649
R00844,U1295,U1297,2023-04-05T12:45:06,collaborator,1,0.294039
R00845,U0360,U0361,2023-04-05T12:55:47,collaborator,1,0.450613
R00846,U0456,U0457,2023-04-05T13:14:07,collaborator,1,0.706764
R00847,U1238,U1239,2023-04-05T13:46:17,collaborator,1,0.464231
R00848,U1170,U1171,2023-04-05T14:24:43,colleague,1,0.336764
R00849,U0008,U0011,2023-04-05T15:06:43,acquaintance,1,0.984424
R00850,U0573,U1269,2023-04-05T16:19:42,collaborator,1,0.152799
R00851,U0148,U0150,2023-04-05T16:55:33,colleague,1,0.05876
R00852,U0144,U0146,2023-04-05T19:58:27,collaborator,1,0.65122
R00853,U0728,U0729,2023-04-05T22:21:29,colleague,1,0.340012
R00854,U0771,U0773,2023-04-05T23:37:47,collaborator,1,0.997078
R00855,U0891,U0893,2023-04-06T03:15:48,collaborator,1,0.337024
R00856,U1186,U1187,2023-04-06T04:13:42,collaborator,1,0.256896
R00857,U1040,U1042,2023-04-06T04:29:53,acquaintance,1,0.628954
R00858,U1271,U1273,2023-04-06T09:26:34,collaborator,1,0.58375
R00859,U0026,U0028,2023-04-06T09:35:36,collaborator,1,0.710299
R00860,U0607,U0610,2023-04-06T14:23:58,acquaintance,1,0.742822
R00861,U0223,U0936,2023-04-06T15:10:57,colleague,1,0.063658
R00862,U0295,U1005,2023-04-06T15:47:41,collaborator,1,0.750005
R00863,U0985,U0987,2023-04-06T18:33:46,collaborator,1,0.239003
R00864,U0299,U1007,2023-04-07T03:08:32,acquaintance,1,0.034091
R00865,U0566,U1262,2023-04-07T04:41:28,acquaintance,1,0.721806
R00866,U0432,U0433,2023-04-07T09:21:33,collaborator,1,0.727133
R00867,U0201,U0202,2023-04-07T10:19:34,collaborator,1,0.974729
R00868,U1230,U1232,2023-04-07T11:10:06,collaborator,1,0.5317
R00869,U0774,U0776,2023-04-07T12:54:49,colleague,1,0.145701
R00870,U0472,U0474,2023-04-07T15:13:24,collaborator,1,0.459361
R00871,U0764,U0768,2023-04-07T18:43:17,collaborator,1,0.126847
R00872,U0957,U0959,2023-04-07T21:25:06,collaborator,1,0.944958
R00873,U0196,U0198,2023-04-08T04:57:38,acquaintance,1,0.160579
R00874,U0660,U0662,2023-04-08T07:38:48,collaborator,1,0.507181
R00875,U0903,U0904,2023-04-08T07:46:36,collaborator,1,0.169316
R00876,U0702,U1390,2023-04-08T13:03:13,collaborator,1,0.906183
R00877,U0818,U0819,2023-04-08T13:47:56,collaborator,1,0.409209
R00878,U0987,U0989,2023-04-08T13:54:38,collaborator,1,0.638543
R00879,U0998,U1002,2023-04-08T15:09:53,colleague,1,0.378422
R00880,U1042,U1045,2023-04-08T20:13:15,acquaintance,1,0.962254
R00881,U0551,U1251,2023-04-08T23:20:56,colleague,1,0.164437
R00882,U0692,U0694,2023-04-09T01:03:57,acquaintance,1,0.612736
R00883,U0474,U1179,2023-04-09T02:11:30,collaborator,1,0.982768
R00884,U0080,U0082,2023-04-09T02:30:07,collaborator,1,0.802323
R00885,U0173,U0175,2023-04-09T02:52:45,colleague,1,0.310219
R00886,U0267,U0270,2023-04-09T03:58:03,collaborator,1,0.645617
R00887,U0810,U0811,2023-04-09T10:16:01,collaborator,1,0.495042
R00888,U0205,U0208,2023-04-09T13:30:03,collaborator,1,0.221
R00889,U0464,U0465,2023-04-09T14:15:41,collaborator,1,0.993322
R00890,U1285,U1287,2023-04-09T17:11:05,acquaintance,1,0.969616
R00891,U0514,U1213,2023-04-09T22:52:42,colleague,1,0.004156
R00892,U1192,U1194,2023-04-10T00:14:49,collaborator,1,0.554338
R00893,U0443,U0444,2023-04-10T04:21:52,collaborator,1,0.549849
R00894,U0523,U0525,2023-04-10T12:01:07,acquaintance,1,0.895692
R00895,U0392,U0394,2023-04-10T14:11:04,collaborator,1,0.644149
R00896,U0019,U0021,2023-04-10T18:06:27,collaborator,1,0.952595
R00897,U0085,U0086,2023-04-10T19:04:57,acquaintance,1,0.554287
R00898,U0153,U0155,2023-04-10T19:48:52,colleague,1,0.303557
R00899,U0154,U0155,2023-04-10T23:58:33,collaborator,1,0.813633
R00900,U0673,U0675,2023-04-11T08:30:43,acquaintance,1,0.741293
R00901,U1348,U1350,2023-04-11T11:06:12,collaborator,1,0.178514
R00902,U0437,U0439,2023-04-11T21:45:04,collaborator,1,0.729936
R00903,U0709,U0710,2023-04-11T22:56:46,colleague,1,0.294163
R00904,U0216,U0220,2023-04-11T23:27:02,acquaintance,1,0.58471
R00905,U0195,U0907,2023-04-12T03:09:16,acquaintance,1,0.023562
R00906,U1284,U1285,2023-04-12T03:16:08,collaborator,1,0.651263
R00907,U0220,U0932,2023-04-12T03:25:08,collaborator,1,0.60714
R00908,U0913,U0915,2023-04-12T04:54:08,collaborator,1,0.515067
R00909,U0894,U0897,2023-04-12T07:22:23,collaborator,1,0.34804
R00910,U1129,U1131,2023-04-12T09:28:16,acquaintance,1,0.180305
R00911,U1157,U1159,2023-04-12T09:42:05,acquaintance,1,0.539541
R00912,U0197,U0909,2023-04-12T11:35:11,acquaintance,1,0.89615
R00913,U1308,U1309,2023-04-12T14:50:14,colleague,1,0.901503
R00914,U1322,U1323,2023-04-12T18:25:38,collaborator,1,0.921439
R00915,U0001,U1404,2023-04-12T22:13:24,acquaintance,1,0.281848
R00916,U0240,U0241,2023-04-13T04:30:57,collaborator,1,0.445409
R00917,U0413,U0415,2023-04-13T09:55:55,acquaintance,1,0.819383
R00918,U0945,U0947,2023-04-13T13:35:35,acquaintance,1,0.918069
R00919,U0577,U1273,2023-04-13T14:53:46,collaborator,1,0.612379
R00920,U0967,U0968,2023-04-13T21:06:22,colleague,1,0.982649
R00921,U1012,U1013,2023-04-13T23:16:36,colleague,1,0.102339
R00922,U0830,U0832,2023-04-14T00:33:16,collaborator,1,0.486194
R00923,U0248,U0250,2023-04-14T02:32:39,collaborator,1,0.364736
R00924,U0434,U0437,2023-04-14T05:56:53,colleague,1,0.243247
R00925,U1308,U1310,2023-04-14T06:39:04,collaborator,1,0.672453
R00926,U0335,U1042,2023-04-14T06:48:00,acquaintance,1,0.569566
R00927,U1029,U1033,2023-04-14T07:23:25,collaborator,1,0.091325
R00928,U0431,U0432,2023-04-14T07:32:25,collaborator,1,0.00886
R00929,U0095,U0812,2023-04-14T09:40:01,colleague,1,0.665175
R00930,U0579,U0581,2023-04-14T13:26:19,collaborator,1,0.252904
R00931,U0563,U0565,2023-04-14T13:56:01,collaborator,1,0.921069
R00932,U0689,U1372,2023-04-14T14:29:42,acquaintance,1,0.667211
R00933,U0600,U0603,2023-04-14T14:33:38,collaborator,1,0.306923
R00934,U0731,U0733,2023-04-14T15:34:46,collaborator,1,0.558739
R00935,U0394,U0395,2023-04-14T17:53:12,acquaintance,1,0.011274
R00936,U0159,U0871,2023-04-14T21:02:14,acquaintance,1,0.836939
R00937,U0523,U0524,2023-04-14T21:43:41,colleague,1,0.802231
R00938,U0719,U0723,2023-04-14T22:19:03,collaborator,1,0.238109
R00939,U0124,U0127,2023-04-14T22:19:16,collaborator,1,0.207738
R00940,U0543,U1244,2023-04-15T02:14:19,collaborator,1,0.652249
R00941,U0787,U0790,2023-04-15T03:04:37,colleague,1,0.798365
R00942,U0581,U0583,2023-04-15T06:43:19,acquaintance,1,0.449492
R00943,U0942,U0944,2023-04-15T07:02:46,collaborator,1,0.995471
R00944,U0747,U0749,2023-04-15T08:05:35,colleague,1,0.498249
R00945,U0536,U0538,2023-04-15T08:54:52,acquaintance,1,0.643631
R00946,U0001,U0714,2023-04-15T10:12:55,collaborator,1,0.360749
R00947,U0529,U0530,2023-04-15T12:02:39,acquaintance,1,0.560659
R00948,U0173,U0883,2023-04-15T16:20:48,collaborator,1,0.767061
R00949,U0536,U0537,2023-04-15T17:25:05,acquaintance,1,0.35135
R00950,U0432,U1141,2023-04-16T00:08:30,collaborator,1,0.031905
R00951,U0092,U0807,2023-04-16T00:11:39,acquaintance,1,0.345452
R00952,U0666,U0667,2023-04-16T00:35:43,collaborator,1,0.633377
R00953,U0706,U1396,2023-04-16T05:29:52,acquaintance,1,0.932276
R00954,U0053,U0054,2023-04-16T08:25:59,colleague,1,0.844241
R00955,U0562,U1258,2023-04-16T09:19:04,colleague,1,0.330794
R00956,U0712,U0713,2023-04-16T09:44:14,colleague,1,0.609763
R00957,U0807,U0810,2023-04-16T10:23:15,collaborator,1,0.401235
R00958,U0190,U0901,2023-04-16T10:34:23,colleague,1,0.937106
R00959,U0431,U1140,2023-04-16T10:45:37,collaborator,1,0.396275
R00960,U0321,U0323,2023-04-16T16:12:00,collaborator,1,0.198573
R00961,U0683,U0685,2023-04-16T16:44:24,acquaintance,1,0.425834
R00962,U1004,U1006,2023-04-16T21:04:11,collaborator,1,0.819006
R00963,U0594,U0597,2023-04-16T21:14:57,colleague,1,0.956685
R00964,U1003,U1005,2023-04-17T00:16:27,colleague,1,0.396216
R00965,U0458,U1162,2023-04-17T00:58:13,acquaintance,1,0.380698
R00966,U0030,U0032,2023-04-17T01:42:20,collaborator,1,0.124426
R00967,U0478,U1183,2023-04-17T21:26:39,collaborator,1,0.190741
R00968,U1094,U1095,2023-04-17T21:28:21,colleague,1,0.110496
R00969,U1262,U1265,2023-04-17T22:30:48,collaborator,1,0.514381
R00970,U0916,U0918,2023-04-18T05:26:57,acquaintance,1,0.525997
R00971,U0481,U1186,2023-04-18T06:54:06,colleague,1,0.693978
R00972,U1332,U1335,2023-04-18T14:18:53,colleague,1,0.66425
R00973,U0169,U0878,2023-04-18T14:39:24,collaborator,1,0.017282
R00974,U0051,U0053,2023-04-18T17:00:21,collaborator,1,0.201652
R00975,U0506,U0508,2023-04-18T19:34:14,collaborator,1,0.01535
R00976,U0480,U0481,2023-04-18T20:19:30,colleague,1,0.347164
R00977,U0034,U0036,2023-04-18T20:38:28,collaborator,1,0.34689
R00978,U0208,U0210,2023-04-18T22:14:45,collaborator,1,0.820667
R00979,U1214,U1216,2023-04-18T23:40:43,collaborator,1,0.795703
R00980,U1160,U1161,2023-04-19T03:04:12,collaborator,1,0.600418
R00981,U0987,U0988,2023-04-19T04:27:56,colleague,1,0.720415
R00982,U0636,U1323,2023-04-19T05:15:39,collaborator,1,0.473127
R00983,U1051,U1053,2023-04-19T10:50:52,collaborator,1,0.913825
R00984,U0210,U0214,2023-04-19T12:43:40,collaborator,1,0.09935
R00985,U0695,U0696,2023-04-19T14:20:17,collaborator,1,0.922225
R00986,U0712,U1403,2023-04-19T14:43:38,collaborator,1,0.587654
R00987,U0855,U0856,2023-04-19T18:44:59,collaborator,1,0.710627
R00988,U0247,U0248,2023-04-19T20:39:58,collaborator,1,0.516411
R00989,U1257,U1259,2023-04-19T22:16:38,colleague,1,0.710426
R00990,U0554,U0556,2023-04-20T01:29:40,colleague,1,0.048967
R00991,U0691,U1375,2023-04-20T02:37:25,collaborator,1,0.134992
R00992,U0070,U0072,2023-04-20T04:18:31,collaborator,1,0.746712
R00993,U0161,U0872,2023-04-20T04:23:04,acquaintance,1,0.698908
R00994,U1115,U1118,2023-04-20T05:40:48,acquaintance,1,0.125997
R00995,U0032,U0034,2023-04-20T05:49:36,colleague,1,0.743965
R00996,U1221,U1223,2023-04-20T07:39:37,collaborator,1,0.828389
R00997,U0233,U0235,2023-04-20T16:22:57,collaborator,1,0.029834
R00998,U1230,U1231,2023-04-20T18:36:46,colleague,1,0.092393
R00999,U0337,U0340,2023-04-20T21:43:42,colleague,1,0.749192
R01000,U1334,U1336,2023-04-20T22:52:10,collaborator,1,0.235287
R01001,U0976,U0979,2023-04-20T23:39:44,acquaintance,1,0.008453
R01002,U0664,U1350,2023-04-21T00:22:54,collaborator,1,0.50692
R01003,U1246,U1247,2023-04-21T02:21:16,collaborator,1,0.792141
R01004,U0517,U1216,2023-04-21T02:54:29,collaborator,1,0.25363
R01005,U0064,U0065,2023-04-21T04:32:08,collaborator,1,0.661399
R01006,U0276,U0278,2023-04-21T04:51:29,collaborator,1,0.251846
R01007,U0036,U0039,2023-04-21T06:50:52,collaborator,1,0.310344
R01008,U0418,U1127,2023-04-21T09:33:51,collaborator,1,0.719599
R01009,U0668,U0671,2023-04-21T14:38:50,collaborator,1,0.217677
R01010,U0214,U0215,2023-04-21T14:43:00,collaborator,1,0.030823
R01011,U0957,U0958,2023-04-21T19:38:47,collaborator,1,0.592155
R01012,U0286,U0287,2023-04-21T23:34:53,acquaintance,1,0.563111
R01013,U0364,U1072,2023-04-22T07:47:05,acquaintance,1,0.203438
R01014,U1039,U1040,2023-04-22T08:43:00,collaborator,1,0.687568
R01015,U0845,U0847,2023-04-22T09:04:26,acquaintance,1,0.515413
R01016,U0098,U0101,2023-04-22T11:44:01,colleague,1,0.027413
R01017,U0668,U0670,2023-04-22T11:53:53,collaborator,1,0.590536
R01018,U0594,U0596,2023-04-22T12:13:15,acquaintance,1,0.35335
R01019,U0437,U0438,2023-04-22T12:40:03,collaborator,1,0.294149
R01020,U1401,U1402,2023-04-22T17:37:22,colleague,1,0.800605
R01021,U0803,U0805,2023-04-22T17:39:39,colleague,1,0.302499
R01022,U0321,U1026,2023-04-22T20:32:51,collaborator,1,0.475767
R01023,U0611,U1302,2023-04-22T23:25:32,collaborator,1,0.345273
R01024,U0567,U0569,2023-04-23T00:42:46,acquaintance,1,0.980733
R01025,U0396,U0399,2023-04-23T01:48:28,colleague,1,0.905526
R01026,U1268,U1270,2023-04-23T08:21:24,collaborator,1,0.524943
R01027,U0079,U0081,2023-04-23T15:44:01,collaborator,1,0.828922
R01028,U0997,U1000,2023-04-23T16:12:26,collaborator,1,0.498118
R01029,U0207,U0920,2023-04-23T22:28:56,collaborator,1,0.08886
R01030,U0234,U0236,2023-04-24T00:09:09,acquaintance,1,0.491663
R01031,U0600,U1293,2023-04-24T04:38:14,acquaintance,1,0.289693
R01032,U0286,U0288,2023-04-24T04:41:21,collaborator,1,0.346125
R01033,U0841,U0842,2023-04-24T04:43:34,collaborator,1,0.323074
R01034,U0361,U1069,2023-04-24T18:34:10,colleague,1,0.728807
R01035,U0177,U0887,2023-04-24T22:26:12,collaborator,1,0.063094
R01036,U0109,U0110,2023-04-25T02:52:38,collaborator,1,0.514927
R01037,U1164,U1165,2023-04-25T05:35:11,collaborator,1,0.017756
R01038,U0519,U1218,2023-04-25T08:47:42,collaborator,1,0.747015
R01039,U0790,U0792,2023-04-25T10:00:57,collaborator,1,0.204132
R01040,U0358,U0360,2023-04-25T11:25:43,collaborator,1,0.057155
R01041,U1188,U1190,2023-04-25T12:02:43,collaborator,1,0.033855
R01042,U0485,U0487,2023-04-25T16:32:16,collaborator,1,0.625056
R01043,U0264,U0972,2023-04-25T17:33:46,collaborator,1,0.556144
R01044,U0554,U0559,2023-04-25T21:38:38,colleague,1,0.329639
R01045,U1316,U1317,2023-04-26T01:46:23,acquaintance,1,0.153666
R01046,U0042,U0753,2023-04-26T01:48:15,colleague,1,0.41398
R01047,U0408,U1117,2023-04-26T01:53:07,acquaintance,1,0.741301
R01048,U0857,U0859,2023-04-26T01:57:30,acquaintance,1,0.101439
R01049,U0586,U1280,2023-04-26T02:27:53,collaborator,1,0.972645
R01050,U0258,U0967,2023-04-26T03:48:34,acquaintance,1,0.691371
R01051,U0981,U0985,2023-04-26T06:20:24,colleague,1,0.562014
R01052,U1238,U1240,2023-04-26T07:26:20,colleague,1,0.713105
R01053,U0554,U1254,2023-04-26T11:04:20,collaborator,1,0.5597
R01054,U0565,U0566,2023-04-26T11:14:31,collaborator,1,0.711358
R01055,U0810,U0812,2023-04-26T13:13:56,collaborator,1,0.634435
R01056,U1339,U1340,2023-04-26T13:29:20,collaborator,1,0.808729
R01057,U0725,U0726,2023-04-26T14:44:14,collaborator,1,0.388056
R01058,U1021,U1023,2023-04-26T14:55:15,collaborator,1,0.536383
R01059,U0634,U1321,2023-04-27T06:15:14,colleague,1,0.805846
R01060,U1167,U1168,2023-04-27T11:28:20,acquaintance,1,0.663025
R01061,U0600,U0604,2023-04-27T11:59:04,collaborator,1,0.035786
R01062,U0094,U0097,2023-04-27T13:46:49,collaborator,1,0.857908
R01063,U0865,U0868,2023-04-27T14:10:18,acquaintance,1,0.679542
R01064,U0883,U0887,2023-04-27T14:40:35,colleague,1,0.806092
R01065,U0865,U0869,2023-04-27T20:10:42,collaborator,1,0.089896
R01066,U1126,U1128,2023-04-27T21:05:09,collaborator,1,0.00203
R01067,U1227,U1230,2023-04-27T21:10:33,collaborator,1,0.175687
R01068,U0471,U0473,2023-04-28T00:08:17,collaborator,1,0.872487
R01069,U1398,U1399,2023-04-28T00:18:32,collaborator,1,0.646929
R01070,U0505,U0507,2023-04-28T04:11:23,colleague,1,0.804033
R01071,U0969,U0971,2023-04-28T07:17:12,colleague,1,0.407091
R01072,U1369,U1371,2023-04-28T07:59:01,collaborator,1,0.204136
R01073,U1249,U1250,2023-04-28T08:16:37,collaborator,1,0.008491
R01074,U0508,U0509,2023-04-28T10:38:44,acquaintance,1,0.159513
R01075,U0113,U0828,2023-04-28T10:48:23,collaborator,1,0.180711
R01076,U0955,U0956,2023-04-28T10:55:59,colleague,1,0.248627
R01077,U1140,U1142,2023-04-28T11:02:50,colleague,1,0.889721
R01078,U0039,U0750,2023-04-28T13:32:58,collaborator,1,0.090998
R01079,U0531,U0532,2023-04-28T14:58:53,acquaintance,1,0.084765
R01080,U0492,U0493,2023-05-01T08:20:11,collaborator,1,0.280137
R01081,U0273,U0981,2023-05-01T12:01:29,acquaintance,1,0.146539
R01082,U0062,U0774,2023-05-01T13:23:20,collaborator,1,0.1776
R01083,U0091,U0092,2023-05-01T20:42:39,collaborator,1,0.031829
R01084,U0364,U0367,2023-05-01T20:56:19,collaborator,1,0.390456
R01085,U0653,U1339,2023-05-02T03:14:36,acquaintance,1,0.773331
R01086,U0065,U0068,2023-05-02T07:50:48,collaborator,1,0.412781
R01087,U0422,U0423,2023-05-02T07:55:01,acquaintance,1,0.378619
R01088,U0469,U0470,2023-05-02T12:11:46,colleague,1,0.063309
R01089,U0397,U0401,2023-05-02T12:16:05,collaborator,1,0.71812
R01090,U0415,U0418,2023-05-02T18:46:52,collaborator,1,0.430449
R01091,U1379,U1381,2023-05-02T22:26:40,collaborator,1,0.756013
R01092,U1169,U1170,2023-05-03T00:37:22,acquaintance,1,0.132441
R01093,U1305,U1306,2023-05-03T03:54:05,acquaintance,1,0.343444
R01094,U0763,U0764,2023-05-03T07:39:04,acquaintance,1,0.70373
R01095,U1399,U1402,2023-05-03T10:23:44,collaborator,1,0.632107
R01096,U0172,U0175,2023-05-03T11:06:14,colleague,1,0.976916
R01097,U0367,U0369,2023-05-03T11:21:38,colleague,1,0.780137
R01098,U0589,U1283,2023-05-03T11:48:49,colleague,1,0.793305
R01099,U1094,U1096,2023-05-03T18:00:47,acquaintance,1,0.826829
R01100,U0285,U0286,2023-05-03T23:32:35,collaborator,1,0.613805
R01101,U0527,U0530,2023-05-04T00:14:06,collaborator,1,0.904925
R01102,U0517,U0518,2023-05-04T02:16:23,collaborator,1,0.736222
R01103,U0225,U0229,2023-05-04T14:12:12,collaborator,1,0.122121
R01104,U0142,U0143,2023-05-04T18:00:26,collaborator,1,0.336227
R01105,U0604,U0606,2023-05-04T19:31:31,collaborator,1,0.658439
R01106,U0415,U0417,2023-05-04T19:48:46,collaborator,1,0.968415
R01107,U0046,U0047,2023-05-04T20:24:43,collaborator,1,0.899885
R01108,U0599,U1292,2023-05-04T21:16:21,acquaintance,1,0.461809
R01109,U0163,U0166,2023-05-05T06:02:12,collaborator,1,0.064921
R01110,U0271,U0979,2023-05-05T06:43:30,acquaintance,1,0.915719
R01111,U0859,U0862,2023-05-05T07:33:37,collaborator,1,0.83939
R01112,U0652,U1338,2023-05-05T07:47:35,acquaintance,1,0.342425
R01113,U0333,U0334,2023-05-05T12:08:45,colleague,1,0.085089
R01114,U0774,U0778,2023-05-05T23:00:10,collaborator,1,0.570566
R01115,U1235,U1237,2023-05-05T23:27:49,collaborator,1,0.661008
R01116,U0383,U0385,2023-05-06T01:00:22,collaborator,1,0.413984
R01117,U0242,U0244,2023-05-06T03:04:18,collaborator,1,0.37088
R01118,U0712,U0714,2023-05-06T05:30:12,acquaintance,1,0.156779
R01119,U0108,U0823,2023-05-06T07:49:41,acquaintance,1,0.187721
R01120,U0157,U0161,2023-05-06T08:29:37,collaborator,1,0.20427
R01121,U1098,U1100,2023-05-06T10:11:31,collaborator,1,0.552918
R01122,U0329,U0331,2023-05-06T12:59:17,collaborator,1,0.190795
R01123,U0821,U0823,2023-05-06T14:56:24,collaborator,1,0.98124
R01124,U0180,U0181,2023-05-06T15:36:32,collaborator,1,0.859843
R01125,U0507,U0509,2023-05-06T16:39:54,acquaintance,1,0.902039
R01126,U0888,U0890,2023-05-06T17:54:00,acquaintance,1,0.581268
R01127,U0360,U0362,2023-05-06T18:05:06,collaborator,1,0.512972
R01128,U0376,U1084,2023-05-06T19:03:00,collaborator,1,0.332381
R01129,U0949,U0951,2023-05-06T23:26:36,collaborator,1,0.137923
R01130,U0393,U1101,2023-05-06T23:35:02,acquaintance,1,0.785385
R01131,U1028,U1031,2023-05-07T00:39:17,collaborator,1,0.611061
R01132,U1163,U1164,2023-05-07T04:40:59,collaborator,1,0.813361
R01133,U0190,U0191,2023-05-07T06:39:03,collaborator,1,0.162562
R01134,U1143,U1146,2023-05-07T12:14:25,collaborator,1,0.416442
R01135,U0982,U0986,2023-05-07T18:43:19,colleague,1,0.492188
R01136,U0315,U0317,2023-05-07T19:32:56,colleague,1,0.896464
R01137,U1059,U1061,2023-05-07T21:04:51,colleague,1,0.0604
R01138,U0779,U0781,2023-05-07T21:06:23,acquaintance,1,0.454883
R01139,U0447,U0452,2023-05-07T21:28:53,colleague,1,0.609109
R01140,U1074,U1076,2023-05-07T23:05:16,collaborator,1,0.462938
R01141,U0898,U0899,2023-05-08T04:41:54,colleague,1,0.854363
R01142,U0684,U0686,2023-05-08T09:28:40,acquaintance,1,0.441453
R01143,U1020,U1022,2023-05-08T10:03:57,acquaintance,1,0.491609
R01144,U0351,U0354,2023-05-08T13:18:31,colleague,1,0.454532
R01145,U1245,U1247,2023-05-08T13:28:23,colleague,1,0.464155
R01146,U0362,U0363,2023-05-08T14:04:25,collaborator,1,0.302237
R01147,U0011,U0013,2023-05-08T14:41:16,colleague,1,0.252807
R01148,U0192,U0194,2023-05-08T15:31:25,acquaintance,1,0.944506
R01149,U0702,U0703,2023-05-08T20:52:34,acquaintance,1,0.555606
R01150,U0401,U0404,2023-05-08T22:48:05,collaborator,1,0.857956
R01151,U0546,U0549,2023-05-08T23:30:21,collaborator,1,0.406162
R01152,U0505,U1205,2023-05-08T23:50:12,colleague,1,0.189203
R01153,U0465,U1169,2023-05-09T04:06:35,collaborator,1,0.486187
R01154,U0434,U0438,2023-05-09T04:10:05,collaborator,1,0.795977
R01155,U0363,U0366,2023-05-09T04:24:00,acquaintance,1,0.479765
R01156,U0552,U0554,2023-05-09T04:30:34,colleague,1,0.873388
R01157,U0467,U1170,2023-05-09T05:52:09,colleague,1,0.867693
R01158,U1143,U1145,2023-05-09T06:35:32,acquaintance,1,0.834732
R01159,U1390,U1393,2023-05-09T08:23:16,collaborator,1,0.619109
R01160,U1134,U1136,2023-05-09T09:33:25,acquaintance,1,0.722112
R01161,U1271,U1272,2023-05-09T10:09:01,acquaintance,1,0.849567
R01162,U0592,U0593,2023-05-09T10:36:15,collaborator,1,0.084938
R01163,U0463,U1167,2023-05-09T12:38:04,collaborator,1,0.523829
R01164,U0781,U0782,2023-05-09T19:55:52,colleague,1,0.549199
R01165,U1341,U1343,2023-05-09T20:12:02,collaborator,1,0.297697
R01166,U0355,U1061,2023-05-09T21:45:23,collaborator,1,0.708961
R01167,U0333,U1039,2023-05-09T22:50:50,acquaintance,1,0.36478
R01168,U0272,U0980,2023-05-10T00:38:01,collaborator,1,0.007566
R01169,U0072,U0074,2023-05-10T02:23:28,colleague,1,0.523034
R01170,U0439,U0442,2023-05-10T02:30:03,acquaintance,1,0.962096
R01171,U0032,U0035,2023-05-10T03:03:18,acquaintance,1,0.498256
R01172,U0208,U0921,2023-05-10T07:51:14,collaborator,1,0.907439
R01173,U0238,U0239,2023-05-10T09:01:00,acquaintance,1,0.220873
R01174,U0894,U0898,2023-05-10T09:31:31,collaborator,1,0.829466
R01175,U0526,U1226,2023-05-10T10:03:13,colleague,1,0.630598
R01176,U0113,U0115,2023-05-10T10:45:21,colleague,1,0.836055
R01177,U1162,U1164,2023-05-10T13:54:09,acquaintance,1,0.713903
R01178,U0947,U0948,2023-05-10T14:22:58,colleague,1,0.249294
R01179,U0799,U0801,2023-05-10T17:31:38,collaborator,1,0.447685
R01180,U1338,U1340,2023-05-11T01:56:02,acquaintance,1,0.059024
R01181,U0237,U0238,2023-05-11T03:44:13,collaborator,1,0.406711
R01182,U0592,U0594,2023-05-11T07:48:02,acquaintance,1,0.687297
R01183,U0344,U0345,2023-05-11T13:32:44,collaborator,1,0.211013
R01184,U0108,U0110,2023-05-11T18:04:22,collaborator,1,0.752058
R01185,U0021,U0733,2023-05-12T00:43:04,collaborator,1,0.884638
R01186,U1336,U1337,2023-05-12T01:59:11,colleague,1,0.073216
R01187,U0335,U0336,2023-05-12T02:33:20,collaborator,1,0.946609
R01188,U1253,U1254,2023-05-12T02:54:52,colleague,1,0.269157
R01189,U0726,U0727,2023-05-12T04:51:31,acquaintance,1,0.016672
R01190,U1382,U1384,2023-05-12T07:55:12,colleague,1,0.212928
R01191,U1124,U1125,2023-05-12T08:39:37,collaborator,1,0.987329
R01192,U0750,U0752,2023-05-12T12:58:35,acquaintance,1,0.045308
R01193,U0212,U0925,2023-05-12T16:42:15,collaborator,1,0.050548
R01194,U0451,U0453,2023-05-12T18:30:00,colleague,1,0.562883
R01195,U0018,U0021,2023-05-12T20:32:38,collaborator,1,0.470017
R01196,U1297,U1299,2023-05-12T21:36:57,collaborator,1,0.003245
R01197,U0624,U0625,2023-05-12T22:26:44,collaborator,1,0.878515
R01198,U0028,U0743,2023-05-12T23:56:05,collaborator,1,0.360029
R01199,U0167,U0876,2023-05-13T00:55:18,collaborator,1,0.315434
R01200,U0193,U0905,2023-05-13T02:38:00,colleague,1,0.814762
R01201,U0942,U0943,2023-05-13T03:42:24,collaborator,1,0.621104
R01202,U0204,U0918,2023-05-13T04:20:39,collaborator,1,0.071605
R01203,U0571,U1268,2023-05-13T05:50:09,colleague,1,0.147344
R01204,U1072,U1074,2023-05-13T09:02:55,colleague,1,0.871622
R01205,U1052,U1054,2023-05-13T09:47:53,acquaintance,1,0.753539
R01206,U0650,U0651,2023-05-13T09:51:04,collaborator,1,0.78211
R01207,U0565,U1261,2023-05-13T18:01:33,collaborator,1,0.258585
R01208,U0498,U0499,2023-05-13T23:36:45,collaborator,1,0.392903
R01209,U0456,U0458,2023-05-14T04:00:04,colleague,1,0.935908
R01210,U0939,U0941,2023-05-14T04:24:36,collaborator,1,0.419815
R01211,U0013,U0015,2023-05-14T04:38:42,colleague,1,0.220299
R01212,U1121,U1123,2023-05-14T05:48:45,acquaintance,1,0.028938
R01213,U0177,U0178,2023-05-14T09:42:23,collaborator,1,0.531546
R01214,U0974,U0976,2023-05-14T13:10:49,acquaintance,1,0.777925
R01215,U0701,U0703,2023-05-14T17:27:56,acquaintance,1,0.231126
R01216,U1334,U1335,2023-05-14T23:27:54,collaborator,1,0.906373
R01217,U0509,U0510,2023-05-15T02:28:39,colleague,1,0.11388
R01218,U0207,U0209,2023-05-15T04:27:10,colleague,1,0.213779
R01219,U0932,U0934,2023-05-15T12:43:26,collaborator,1,0.605108
R01220,U0624,U0626,2023-05-15T13:11:13,acquaintance,1,0.753515
R01221,U0411,U0412,2023-05-15T14:18:18,collaborator,1,0.876541
R01222,U0591,U1284,2023-05-15T14:38:14,collaborator,1,0.773358
R01223,U0144,U0145,2023-05-15T17:21:30,acquaintance,1,0.884559
R01224,U1118,U1120,2023-05-15T21:42:13,collaborator,1,0.471399
R01225,U0475,U0477,2023-05-16T01:17:17,colleague,1,0.891451
R01226,U0229,U0230,2023-05-16T02:23:45,acquaintance,1,0.636814
R01227,U0517,U0519,2023-05-16T15:43:26,collaborator,1,0.544594
R01228,U0370,U0372,2023-05-16T16:48:03,collaborator,1,0.474618
R01229,U0785,U0787,2023-05-16T19:38:17,collaborator,1,0.429848
R01230,U1135,U1136,2023-05-16T23:41:24,collaborator,1,0.648962
R01231,U0593,U0594,2023-05-17T00:54:21,collaborator,1,0.268967
R01232,U0375,U0380,2023-05-17T09:42:11,acquaintance,1,0.233631
R01233,U0447,U1152,2023-05-17T14:38:37,collaborator,1,0.806834
R01234,U0146,U0857,2023-05-17T18:21:29,acquaintance,1,0.423981
R01235,U0828,U0829,2023-05-17T22:28:49,colleague,1,0.281822
R01236,U1137,U1139,2023-05-17T23:37:11,colleague,1,0.876361
R01237,U0633,U0635,2023-05-18T04:22:43,acquaintance,1,0.199457
R01238,U0119,U0123,2023-05-18T06:16:33,collaborator,1,0.66198
R01239,U0871,U0872,2023-05-18T06:59:03,collaborator,1,0.0834
R01240,U0430,U1139,2023-05-18T07:34:18,collaborator,1,0.420094
R01241,U1382,U1383,2023-05-18T15:11:06,collaborator,1,0.049659
R01242,U0007,U0008,2023-05-18T16:24:32,collaborator,1,0.336891
R01243,U0135,U0136,2023-05-18T19:11:52,collaborator,1,0.639541
R01244,U0460,U0461,2023-05-18T21:51:07,colleague,1,0.52877
R01245,U0267,U0269,2023-05-19T01:58:53,collaborator,1,0.037147
R01246,U0699,U1387,2023-05-19T05:47:08,collaborator,1,0.011656
R01247,U0116,U0118,2023-05-19T05:57:25,collaborator,1,0.792771
R01248,U0053,U0766,2023-05-19T06:08:24,collaborator,1,0.678815
R01249,U0659,U0661,2023-05-19T13:09:15,collaborator,1,0.938942
R01250,U0142,U0144,2023-05-19T13:34:53,acquaintance,1,0.042816
R01251,U1235,U1236,2023-05-19T15:51:33,colleague,1,0.331817
R01252,U0732,U0733,2023-05-19T18:31:43,collaborator,1,0.452017
R01253,U0238,U0240,2023-05-19T21:54:16,acquaintance,1,0.278544
R01254,U0392,U0393,2023-05-19T23:37:31,collaborator,1,0.313881
R01255,U0481,U0482,2023-05-20T01:15:40,collaborator,1,0.671156
R01256,U0452,U0453,2023-05-20T03:17:53,acquaintance,1,0.011198
R01257,U0575,U0576,2023-05-20T03:18:33,collaborator,1,0.333225
R01258,U0568,U0569,2023-05-20T04:32:27,collaborator,1,0.692652
R01259,U0112,U0114,2023-05-20T04:40:47,collaborator,1,0.313679
R01260,U0427,U0428,2023-05-20T05:51:36,collaborator,1,0.050378
R01261,U0245,U0247,2023-05-20T09:17:14,acquaintance,1,0.8182
R01262,U0727,U0728,2023-05-20T10:01:52,acquaintance,1,0.594323
R01263,U0385,U0387,2023-05-20T10:51:37,colleague,1,0.697605
R01264,U0104,U0105,2023-05-20T11:06:31,collaborator,1,0.140479
R01265,U0236,U0948,2023-05-20T12:28:17,collaborator,1,0.47083
R01266,U0321,U0322,2023-05-20T15:29:35,acquaintance,1,0.227726
R01267,U0846,U0848,2023-05-20T20:47:33,acquaintance,1,0.615412
R01268,U1047,U1048,2023-05-21T00:08:20,colleague,1,0.071643
R01269,U0692,U1376,2023-05-21T00:10:32,colleague,1,0.693812
R01270,U0695,U0697,2023-05-21T00:58:27,collaborator,1,0.413441
R01271,U0706,U0707,2023-05-21T08:28:17,colleague,1,0.847895
R01272,U0286,U0993,2023-05-21T10:50:35,collaborator,1,0.859534
R01273,U0989,U0991,2023-05-21T11:44:27,acquaintance,1,0.220215
R01274,U0004,U0007,2023-05-21T11:59:18,colleague,1,0.944588
R01275,U0322,U0323,2023-05-21T12:00:16,acquaintance,1,0.550525
R01276,U0890,U0892,2023-05-21T13:29:06,acquaintance,1,0.016599
R01277,U0276,U0986,2023-05-21T16:15:04,collaborator,1,0.346967
R01278,U0882,U0886,2023-05-21T18:55:03,collaborator,1,0.432764
R01279,U1084,U1085,2023-05-21T20:46:04,colleague,1,0.184987
R01280,U0474,U0476,2023-05-21T23:03:58,collaborator,1,0.262066
R01281,U0001,U0003,2023-05-22T04:22:52,collaborator,1,0.281266
R01282,U0820,U0821,2023-05-22T11:36:49,colleague,1,0.311092
R01283,U0295,U0299,2023-05-22T11:48:27,collaborator,1,0.888117
R01284,U0016,U0729,2023-05-22T13:37:21,collaborator,1,0.542932
R01285,U0493,U1197,2023-05-22T15:18:14,colleague,1,0.387788
R01286,U0696,U1383,2023-05-22T19:13:38,acquaintance,1,0.572224
R01287,U0074,U0787,2023-05-22T19:23:37,colleague,1,0.462771
R01288,U0482,U1187,2023-05-23T02:30:43,acquaintance,1,0.491595
R01289,U0515,U0516,2023-05-23T03:11:45,acquaintance,1,0.648801
R01290,U1146,U1147,2023-05-23T03:37:58,collaborator,1,0.221119
R01291,U1389,U1390,2023-05-23T04:44:43,collaborator,1,0.052898
R01292,U0646,U0648,2023-05-23T08:00:11,collaborator,1,0.229595
R01293,U0844,U0846,2023-05-23T10:42:28,collaborator,1,0.426331
R01294,U0661,U0662,2023-05-23T13:16:42,collaborator,1,0.337378
R01295,U0003,U0006,2023-05-23T13:28:37,colleague,1,0.777521
R01296,U0515,U1214,2023-05-23T19:09:57,collaborator,1,0.281909
R01297,U0928,U0929,2023-05-23T20:02:24,collaborator,1,0.72646
R01298,U0674,U1359,2023-05-23T20:38:33,collaborator,1,0.6496
R01299,U0302,U1010,2023-05-23T20:49:53,collaborator,1,0.41775
R01300,U0613,U0616,2023-05-23T22:21:34,collaborator,1,0.752311
R01301,U0488,U0491,2023-05-24T00:17:41,acquaintance,1,0.559226
R01302,U0607,U0608,2023-05-24T05:31:39,colleague,1,0.874364
R01303,U0580,U1275,2023-05-24T11:11:17,collaborator,1,0.732607
R01304,U0876,U0877,2023-05-24T13:59:47,acquaintance,1,0.545148
R01305,U1162,U1163,2023-05-24T15:55:26,acquaintance,1,0.87487
R01306,U0433,U0437,2023-05-25T01:48:06,collaborator,1,0.517929
R01307,U0531,U0533,2023-05-25T03:14:27,colleague,1,0.671437
R01308,U0357,U1064,2023-05-25T05:23:45,collaborator,1,0.116806
R01309,U1044,U1045,2023-05-25T05:35:56,collaborator,1,0.908236
R01310,U0124,U0125,2023-05-25T11:03:28,colleague,1,0.417142
R01311,U0151,U0862,2023-05-25T12:01:28,colleague,1,0.86402
R01312,U0192,U0193,2023-05-25T14:41:12,acquaintance,1,0.723464
R01313,U0427,U0429,2023-05-25T18:10:57,acquaintance,1,0.89538
R01314,U0331,U0333,2023-05-25T18:23:50,collaborator,1,0.921345
R01315,U0888,U0891,2023-05-25T22:59:04,collaborator,1,0.58092
R01316,U0813,U0814,2023-05-26T00:58:25,collaborator,1,0.353633
R01317,U0279,U0284,2023-05-26T02:40:26,colleague,1,0.823997
R01318,U1050,U1051,2023-05-26T02:55:02,collaborator,1,0.258971
R01319,U0185,U0897,2023-05-26T07:13:45,collaborator,1,0.320921
R01320,U0403,U0404,2023-05-26T07:41:05,acquaintance,1,0.052137
R01321,U1184,U1185,2023-05-26T09:02:28,acquaintance,1,0.573609
R01322,U0329,U0330,2023-05-26T09:14:47,collaborator,1,0.638383
R01323,U0155,U0868,2023-05-26T10:43:29,acquaintance,1,0.792197
R01324,U0209,U0210,2023-05-26T11:07:58,collaborator,1,0.386034
R01325,U0099,U0102,2023-05-26T12:11:31,acquaintance,1,0.179989
R01326,U0417,U0419,2023-05-26T12:43:36,acquaintance,1,0.343231
R01327,U1223,U1226,2023-05-26T14:52:18,collaborator,1,0.807615
R01328,U0870,U0872,2023-05-26T16:33:50,collaborator,1,0.192724
R01329,U0434,U1143,2023-05-26T17:03:24,collaborator,1,0.229566
R01330,U1084,U1086,2023-05-26T17:09:24,collaborator,1,0.187853
R01331,U1243,U1244,2023-05-26T17:29:06,collaborator,1,0.804108
R01332,U0610,U1301,2023-05-26T18:26:59,acquaintance,1,0.066591
R01333,U1167,U1169,2023-05-26T18:42:39,collaborator,1,0.73675
R01334,U0215,U0218,2023-05-27T00:03:46,collaborator,1,0.503413
R01335,U0951,U0953,2023-05-27T01:48:10,collaborator,1,0.988636
R01336,U0262,U0263,2023-05-27T02:12:59,collaborator,1,0.628307
R01337,U0737,U0741,2023-05-27T03:53:32,collaborator,1,0.296643
R01338,U0272,U0273,2023-05-27T04:30:04,collaborator,1,0.752238
R01339,U0510,U0511,2023-05-27T08:16:52,collaborator,1,0.774154
R01340,U0135,U0846,2023-05-27T10:28:15,collaborator,1,0.986442
R01341,U0102,U0817,2023-05-27T13:11:41,acquaintance,1,0.198218
R01342,U0083,U0799,2023-05-27T13:55:15,collaborator,1,0.094318
R01343,U0944,U0947,2023-05-27T16:50:15,acquaintance,1,0.581444
R01344,U0193,U0194,2023-05-27T19:55:12,colleague,1,0.57831
R01345,U0078,U0793,2023-05-27T23:45:56,acquaintance,1,0.419103
R01346,U0419,U0420,2023-05-28T04:04:11,collaborator,1,0.428733
R01347,U0016,U0018,2023-05-28T07:46:41,acquaintance,1,0.725618
R01348,U1028,U1029,2023-05-28T08:26:17,collaborator,1,0.049683
R01349,U0244,U0955,2023-05-28T10:06:51,collaborator,1,0.944017
R01350,U0863,U0864,2023-05-28T12:32:35,acquaintance,1,0.247216
R01351,U1149,U1150,2023-05-28T23:39:19,collaborator,1,0.275469
R01352,U0166,U0167,2023-05-28T23:53:35,acquaintance,1,0.05835
R01353,U0301,U1009,2023-06-01T02:15:32,acquaintance,1,0.746816
R01354,U1363,U1364,2023-06-01T05:07:52,collaborator,1,0.72411
R01355,U0525,U0526,2023-06-01T05:19:48,acquaintance,1,0.202189
R01356,U0261,U0263,2023-06-01T07:21:30,collaborator,1,0.052738
R01357,U0419,U0421,2023-06-01T08:19:19,colleague,1,0.000867
R01358,U0180,U0891,2023-06-01T10:52:34,collaborator,1,0.320999
R01359,U0036,U0040,2023-06-01T16:40:00,colleague,1,0.924246
R01360,U0366,U0367,2023-06-01T17:43:27,collaborator,1,0.201445
R01361,U0544,U0546,2023-06-01T21:12:50,acquaintance,1,0.927115
R01362,U1257,U1258,2023-06-02T03:23:07,collaborator,1,0.495908
R01363,U0605,U0607,2023-06-02T09:22:28,acquaintance,1,0.7989
R01364,U0633,U1320,2023-06-02T10:15:53,collaborator,1,0.076916
R01365,U0833,U0834,2023-06-02T13:46:48,collaborator,1,0.761506
R01366,U1198,U1199,2023-06-02T21:13:46,collaborator,1,0.498369
R01367,U0689,U0690,2023-06-03T01:38:55,collaborator,1,0.944199
R01368,U0084,U0800,2023-06-03T01:43:40,collaborator,1,0.380193
R01369,U0039,U0041,2023-06-03T02:46:49,acquaintance,1,0.448092
R01370,U0124,U0838,2023-06-03T04:02:54,acquaintance,1,0.484435
R01371,U1393,U1396,2023-06-03T05:07:59,collaborator,1,0.186503
R01372,U0375,U0376,2023-06-03T11:03:08,collaborator,1,0.781415
R01373,U0164,U0167,2023-06-03T13:58:32,collaborator,1,0.57715
R01374,U1368,U1371,2023-06-03T14:47:38,colleague,1,0.515961
R01375,U1023,U1024,2023-06-03T20:44:08,collaborator,1,0.430119
R01376,U0106,U0821,2023-06-03T21:17:46,collaborator,1,0.821546
R01377,U1211,U1212,2023-06-03T22:12:57,collaborator,1,0.312554
R01378,U0075,U0076,2023-06-04T03:50:01,collaborator,1,0.494596
R01379,U0050,U0762,2023-06-04T05:21:44,colleague,1,0.80231
R01380,U1093,U1095,2023-06-04T14:23:57,acquaintance,1,0.714425
R01381,U0106,U0107,2023-06-04T15:54:43,acquaintance,1,0.178188
R01382,U0178,U0888,2023-06-04T16:40:50,acquaintance,1,0.921722
R01383,U0271,U0272,2023-06-04T21:24:30,acquaintance,1,0.567129
R01384,U0654,U1340,2023-06-05T01:53:20,collaborator,1,0.3036
R01385,U1340,U1343,2023-06-05T03:31:02,collaborator,1,0.53193
R01386,U0713,U1404,2023-06-05T07:16:39,colleague,1,0.501236
R01387,U0864,U0868,2023-06-05T07:21:20,collaborator,1,0.842426
R01388,U0006,U0008,2023-06-05T10:33:50,acquaintance,1,0.527129
R01389,U0186,U0187,2023-06-05T15:52:37,collaborator,1,0.593341
R01390,U0312,U0315,2023-06-05T16:38:31,collaborator,1,0.903126
R01391,U1324,U1326,2023-06-05T17:44:28,collaborator,1,0.884222
R01392,U0361,U0363,2023-06-05T18:29:35,collaborator,1,0.747919
R01393,U0759,U0760,2023-06-05T20:31:55,collaborator,1,0.501966
R01394,U1136,U1138,2023-06-05T22:06:07,collaborator,1,0.176808
R01395,U0426,U0427,2023-06-05T23:27:19,collaborator,1,0.584859
R01396,U1324,U1325,2023-06-06T00:42:31,colleague,1,0.053169
R01397,U0256,U0965,2023-06-06T05:00:17,colleague,1,0.106327
R01398,U1019,U1021,2023-06-06T15:31:00,collaborator,1,0.042817
R01399,U0409,U0410,2023-06-06T17:27:45,acquaintance,1,0.634335
R01400,U0328,U0329,2023-06-06T17:42:01,colleague,1,0.264585
R01401,U0381,U0383,2023-06-06T21:01:55,acquaintance,1,0.475312
R01402,U1085,U1086,2023-06-06T21:44:04,collaborator,1,0.467325
R01403,U0868,U0869,2023-06-07T05:39:24,acquaintance,1,0.175982
R01404,U1091,U1094,2023-06-07T19:07:41,collaborator,1,0.204149
R01405,U1343,U1346,2023-06-07T22:57:20,acquaintance,1,0.80772
R01406,U0665,U1351,2023-06-08T02:01:02,colleague,1,0.496403
R01407,U0269,U0976,2023-06-08T14:21:23,acquaintance,1,0.760953
R01408,U0287,U0288,2023-06-08T15:15:44,collaborator,1,0.328957
R01409,U1206,U1207,2023-06-08T19:10:22,acquaintance,1,0.873905
R01410,U0711,U0712,2023-06-08T19:41:34,acquaintance,1,0.756148
R01411,U0093,U0095,2023-06-08T20:41:42,collaborator,1,0.298639
R01412,U1033,U1034,2023-06-09T00:01:54,acquaintance,1,0.621049
R01413,U1212,U1213,2023-06-09T02:18:34,collaborator,1,0.092087
R01414,U1366,U1367,2023-06-09T03:37:23,colleague,1,0.210544
R01415,U0443,U1149,2023-06-09T04:00:12,collaborator,1,0.819623
R01416,U0793,U0794,2023-06-09T05:37:09,collaborator,1,0.427977
R01417,U0318,U0320,2023-06-09T08:37:34,collaborator,1,0.734531
R01418,U1121,U1124,2023-06-09T12:19:14,collaborator,1,0.107392
R01419,U0353,U1059,2023-06-09T15:41:40,acquaintance,1,0.359029
R01420,U0816,U0818,2023-06-09T20:51:03,collaborator,1,0.930118
R01421,U1119,U1121,2023-06-09T23:49:11,collaborator,1,0.578044
R01422,U0373,U0375,2023-06-10T00:05:43,collaborator,1,0.734144
R01423,U1193,U1195,2023-06-10T01:38:34,collaborator,1,0.600893
R01424,U0901,U0903,2023-06-10T04:27:43,colleague,1,0.728978
R01425,U0620,U0622,2023-06-10T06:49:31,collaborator,1,0.614514
R01426,U1267,U1268,2023-06-10T08:43:59,acquaintance,1,0.596805
R01427,U0632,U0633,2023-06-10T12:09:28,collaborator,1,0.907578
R01428,U0473,U1177,2023-06-10T14:52:22,acquaintance,1,0.186045
R01429,U0082,U0084,2023-06-10T15:41:03,collaborator,1,0.751625
R01430,U0485,U1190,2023-06-10T17:32:18,collaborator,1,0.105042
R01431,U0805,U0807,2023-06-11T00:16:48,acquaintance,1,0.486039
R01432,U0847,U0849,2023-06-11T03:08:19,collaborator,1,0.587489
R01433,U1054,U1058,2023-06-11T07:44:25,acquaintance,1,0.291187
R01434,U0795,U0797,2023-06-11T11:57:28,collaborator,1,0.790155
R01435,U0755,U0756,2023-06-11T15:52:16,collaborator,1,0.708801
R01436,U0105,U0820,2023-06-11T18:17:15,collaborator,1,0.474107
R01437,U0113,U0114,2023-06-11T21:05:42,colleague,1,0.654511
R01438,U1017,U1018,2023-06-12T03:35:57,collaborator,1,0.100851
R01439,U0696,U0697,2023-06-12T05:11:07,acquaintance,1,0.768537
R01440,U0849,U0851,2023-06-12T07:19:34,collaborator,1,0.926891
R01441,U0082,U0797,2023-06-12T10:30:08,colleague,1,0.190296
R01442,U0710,U0712,2023-06-12T11:22:46,acquaintance,1,0.106837
R01443,U0769,U0770,2023-06-12T11:29:58,collaborator,1,0.392327
R01444,U0002,U1404,2023-06-12T12:12:33,collaborator,1,0.667443
R01445,U0266,U0269,2023-06-12T15:22:46,collaborator,1,0.538964
R01446,U1128,U1129,2023-06-12T18:04:39,acquaintance,1,0.94843
R01447,U1076,U1078,2023-06-12T20:06:14,collaborator,1,0.283211
R01448,U0172,U0882,2023-06-13T00:48:28,collaborator,1,0.604062
R01449,U0331,U0334,2023-06-13T03:07:33,collaborator,1,0.463807
R01450,U0123,U0837,2023-06-13T17:14:18,collaborator,1,0.390755
R01451,U1356,U1358,2023-06-13T20:52:14,collaborator,1,0.816664
R01452,U0465,U0468,2023-06-13T22:16:21,collaborator,1,0.720611
R01453,U0479,U0480,2023-06-14T02:20:55,collaborator,1,0.446622
R01454,U0969,U0970,2023-06-14T03:57:42,acquaintance,1,0.926277
R01455,U0927,U0929,2023-06-14T04:31:13,collaborator,1,0.573025
R01456,U1329,U1332,2023-06-14T06:58:25,collaborator,1,0.755909
R01457,U0048,U0760,2023-06-14T07:36:00,acquaintance,1,0.883532
R01458,U0242,U0954,2023-06-15T01:34:06,acquaintance,1,0.700567
R01459,U1286,U1288,2023-06-15T02:05:58,collaborator,1,0.85996
R01460,U0458,U0459,2023-06-15T06:01:26,acquaintance,1,0.899811
R01461,U1269,U1271,2023-06-15T11:51:01,collaborator,1,0.233631
R01462,U0287,U0289,2023-06-15T12:02:47,acquaintance,1,0.805575
R01463,U1337,U1338,2023-06-15T12:55:38,collaborator,1,0.729129
R01464,U0492,U0495,2023-06-15T13:23:31,colleague,1,0.864568
R01465,U0205,U0919,2023-06-15T13:32:43,collaborator,1,0.834377
R01466,U1281,U1283,2023-06-15T21:37:27,acquaintance,1,0.34209
R01467,U0792,U0793,2023-06-15T22:20:21,collaborator,1,0.957693
R01468,U0542,U0543,2023-06-16T02:22:16,colleague,1,0.371641
R01469,U0201,U0203,2023-06-16T03:35:43,acquaintance,1,0.865122
R01470,U1392,U1393,2023-06-16T06:42:58,colleague,1,0.209714
R01471,U1150,U1152,2023-06-16T07:35:53,collaborator,1,0.132443
R01472,U0193,U0195,2023-06-16T10:26:50,collaborator,1,0.660714
R01473,U0235,U0236,2023-06-16T17:31:53,colleague,1,0.570718
R01474,U0138,U0849,2023-06-16T21:55:34,collaborator,1,0.292237
R01475,U0350,U0351,2023-06-16T22:08:28,collaborator,1,0.344546
R01476,U0498,U1199,2023-06-16T23:10:57,collaborator,1,0.936428
R01477,U0744,U0746,2023-06-17T01:00:46,acquaintance,1,0.315633
R01478,U0736,U0739,2023-06-17T08:32:45,collaborator,1,0.005274
R01479,U1292,U1293,2023-06-17T09:23:33,collaborator,1,0.724707
R01480,U0112,U0827,2023-06-17T10:49:30,collaborator,1,0.994923
R01481,U0277,U0279,2023-06-17T16:35:13,collaborator,1,0.051671
R01482,U0977,U0980,2023-06-17T23:35:15,collaborator,1,0.10055
R01483,U0469,U0471,2023-06-18T04:39:02,collaborator,1,0.526412
R01484,U1296,U1298,2023-06-18T04:49:47,acquaintance,1,0.612006
R01485,U0382,U0384,2023-06-18T07:30:57,colleague,1,0.119385
R01486,U1303,U1305,2023-06-18T08:11:39,colleague,1,0.511507
R01487,U1183,U1184,2023-06-18T09:53:41,colleague,1,0.800995
R01488,U0049,U0051,2023-06-18T13:40:43,colleague,1,0.239413
R01489,U0659,U0660,2023-06-18T14:57:21,collaborator,1,0.438792
R01490,U0485,U0488,2023-06-18T17:05:51,acquaintance,1,0.978253
R01491,U1212,U1214,2023-06-18T19:23:52,collaborator,1,0.575674
R01492,U0302,U0303,2023-06-18T19:42:43,collaborator,1,0.172145
R01493,U0540,U1240,2023-06-18T20:06:18,collaborator,1,0.199498
R01494,U1126,U1127,2023-06-18T21:24:36,collaborator,1,0.098372
R01495,U0470,U1174,2023-06-19T00:19:08,collaborator,1,0.338302
R01496,U1258,U1259,2023-06-19T02:43:35,collaborator,1,0.500036
R01497,U0546,U1246,2023-06-19T03:58:14,collaborator,1,0.115887
R01498,U1181,U1182,2023-06-19T04:03:51,collaborator,1,0.089464
R01499,U0733,U0736,2023-06-19T06:04:42,collaborator,1,0.017316
R01500,U1233,U1234,2023-06-19T09:53:15,collaborator,1,0.775734
R01501,U0231,U0233,2023-06-19T11:55:53,collaborator,1,0.475341
R01502,U0426,U1135,2023-06-19T13:58:52,collaborator,1,0.910682
R01503,U0613,U0615,2023-06-19T16:05:34,acquaintance,1,0.730252
R01504,U0803,U0804,2023-06-19T20:28:56,collaborator,1,0.000443
R01505,U0185,U0187,2023-06-20T06:03:42,collaborator,1,0.432839
R01506,U0690,U0692,2023-06-20T06:35:12,collaborator,1,0.338515
R01507,U0078,U0079,2023-06-20T06:47:19,colleague,1,0.317747
R01508,U0893,U0894,2023-06-20T07:05:11,colleague,1,0.769614
R01509,U1207,U1209,2023-06-20T10:00:18,acquaintance,1,0.723308
R01510,U0274,U0276,2023-06-20T10:21:31,collaborator,1,0.64143
R01511,U0347,U0350,2023-06-20T12:40:58,acquaintance,1,0.018986
R01512,U0502,U0504,2023-06-20T13:55:43,collaborator,1,0.267711
R01513,U1193,U1194,2023-06-20T14:01:42,colleague,1,0.623438
R01514,U0573,U0575,2023-06-20T14:22:47,collaborator,1,0.67506
R01515,U0548,U1247,2023-06-20T23:45:51,collaborator,1,0.233325
R01516,U0115,U0117,2023-06-21T01:34:25,collaborator,1,0.142561
R01517,U1213,U1215,2023-06-21T03:41:02,colleague,1,0.749432
R01518,U0642,U1329,2023-06-21T04:33:00,colleague,1,0.856184
R01519,U0027,U0030,2023-06-21T07:17:09,collaborator,1,0.410706
R01520,U1298,U1299,2023-06-21T07:28:25,collaborator,1,0.98908
R01521,U0289,U0290,2023-06-21T09:49:06,collaborator,1,0.350544
R01522,U0306,U1014,2023-06-21T19:16:25,colleague,1,0.101763
R01523,U0107,U0822,2023-06-21T21:52:53,acquaintance,1,0.375962
R01524,U0132,U0134,2023-06-21T23:06:33,colleague,1,0.560636
R01525,U0705,U0706,2023-06-21T23:33:29,colleague,1,0.685015
R01526,U0663,U0665,2023-06-22T01:24:02,collaborator,1,0.309731
R01527,U1387,U1388,2023-06-22T02:29:23,collaborator,1,0.925052
R01528,U0002,U0715,2023-06-22T07:43:59,collaborator,1,0.40024
R01529,U0966,U0968,2023-06-22T10:33:05,colleague,1,0.409794
R01530,U0418,U0420,2023-06-22T14:11:22,collaborator,1,0.444019
R01531,U0054,U0056,2023-06-22T14:58:11,collaborator,1,0.002056
R01532,U1164,U1166,2023-06-22T17:57:45,colleague,1,0.700036
R01533,U0324,U1031,2023-06-23T01:27:54,acquaintance,1,0.518934
R01534,U0854,U0855,2023-06-23T09:52:05,collaborator,1,0.223544
R01535,U0686,U0687,2023-06-24T06:18:10,collaborator,1,0.161896
R01536,U0761,U0763,2023-06-24T08:04:16,colleague,1,0.514586
R01537,U0385,U1094,2023-06-24T16:16:21,acquaintance,1,0.208119
R01538,U0019,U0732,2023-06-24T19:46:38,collaborator,1,0.037169
R01539,U0488,U0490,2023-06-25T08:05:32,collaborator,1,0.649738
R01540,U0615,U0620,2023-06-25T11:58:22,collaborator,1,0.183243
R01541,U0111,U0826,2023-06-25T14:20:06,collaborator,1,0.697326
R01542,U0439,U1147,2023-06-26T03:06:19,acquaintance,1,0.058783
R01543,U1079,U1081,2023-06-26T08:01:06,colleague,1,0.822377
R01544,U0408,U0410,2023-06-26T14:24:49,colleague,1,0.135006
R01545,U0234,U0235,2023-06-26T16:36:31,colleague,1,0.238293
R01546,U0482,U0483,2023-06-26T17:03:16,acquaintance,1,0.228024
R01547,U0081,U0083,2023-06-26T17:38:40,collaborator,1,0.225494
R01548,U0203,U0205,2023-06-26T21:04:45,colleague,1,0.571953
R01549,U0549,U0550,2023-06-27T01:47:13,collaborator,1,0.582693
R01550,U0654,U0656,2023-06-27T03:06:32,acquaintance,1,0.972273
R01551,U0751,U0753,2023-06-27T03:50:40,collaborator,1,0.87574
R01552,U1205,U1207,2023-06-27T04:35:59,acquaintance,1,0.697569
R01553,U0526,U0527,2023-06-27T07:37:52,collaborator,1,0.867342
R01554,U0530,U1230,2023-06-27T10:29:23,collaborator,1,0.520712
R01555,U0166,U0875,2023-06-27T11:53:31,collaborator,1,0.464283
R01556,U1152,U1155,2023-06-27T12:46:44,collaborator,1,0.909347
R01557,U0323,U0326,2023-06-27T16:28:37,acquaintance,1,0.921469
R01558,U0438,U1146,2023-06-27T18:52:10,acquaintance,1,0.777104
R01559,U0949,U0950,2023-06-27T19:56:30,colleague,1,0.062699
R01560,U1171,U1174,2023-06-27T20:32:34,colleague,1,0.609073
R01561,U0086,U0087,2023-06-27T22:16:10,colleague,1,0.790226
R01562,U0914,U0916,2023-06-28T01:59:06,collaborator,1,0.413235
R01563,U0459,U1163,2023-06-28T06:03:39,collaborator,1,0.554134
R01564,U1022,U1023,2023-06-28T06:45:29,acquaintance,1,0.906748
R01565,U0008,U0012,2023-06-28T07:46:00,collaborator,1,0.703544
R01566,U1381,U1382,2023-06-28T09:27:29,colleague,1,0.378044
R01567,U0532,U0533,2023-06-28T15:16:39,acquaintance,1,0.860923
R01568,U0822,U0824,2023-06-28T19:35:51,collaborator,1,0.48673
R01569,U1038,U1040,2023-06-28T20:59:09,collaborator,1,0.498569
R01570,U0283,U0285,2023-06-28T22:47:05,collaborator,1,0.741838
R01571,U1373,U1376,2023-07-01T00:52:06,collaborator,1,0.294648
R01572,U1279,U1280,2023-07-01T01:16:16,collaborator,1,0.939774
R01573,U1095,U1096,2023-07-01T03:05:59,collaborator,1,0.862509
R01574,U0537,U0538,2023-07-01T05:33:09,colleague,1,0.716532
R01575,U0036,U0749,2023-07-01T05:36:27,colleague,1,0.361061
R01576,U0085,U0801,2023-07-01T06:35:22,colleague,1,0.12778
R01577,U0369,U0370,2023-07-01T07:22:05,collaborator,1,0.234848
R01578,U1306,U1307,2023-07-01T07:56:59,acquaintance,1,0.43336
R01579,U1159,U1161,2023-07-01T08:11:33,acquaintance,1,0.549035
R01580,U0971,U0972,2023-07-01T08:59:46,collaborator,1,0.96911
R01581,U0463,U0464,2023-07-01T10:46:41,acquaintance,1,0.455592
R01582,U0110,U0112,2023-07-01T15:45:44,colleague,1,0.608981
R01583,U0848,U0849,2023-07-01T17:01:14,acquaintance,1,0.925262
R01584,U0829,U0831,2023-07-01T18:50:34,colleague,1,0.868147
R01585,U0142,U0853,2023-07-02T01:20:00,collaborator,1,0.652041
R01586,U0701,U1389,2023-07-02T01:26:01,colleague,1,0.519827
R01587,U0718,U0723,2023-07-02T04:40:33,collaborator,1,0.309079
R01588,U1364,U1365,2023-07-02T04:55:51,collaborator,1,0.242663
R01589,U0947,U0949,2023-07-02T06:38:09,acquaintance,1,0.630157
R01590,U0817,U0818,2023-07-02T11:57:30,collaborator,1,0.219066
R01591,U0538,U1238,2023-07-02T12:52:42,collaborator,1,0.823099
R01592,U0709,U0711,2023-07-02T19:24:12,acquaintance,1,0.068998
R01593,U0915,U0918,2023-07-03T01:03:20,collaborator,1,0.803344
R01594,U1138,U1140,2023-07-03T07:05:17,collaborator,1,0.901536
R01595,U1397,U1399,2023-07-03T07:32:19,collaborator,1,0.264802
R01596,U1046,U1047,2023-07-03T08:02:11,collaborator,1,0.427215
R01597,U0017,U0019,2023-07-03T08:26:51,collaborator,1,0.601762
R01598,U1037,U1038,2023-07-03T09:17:40,collaborator,1,0.247051
R01599,U0559,U0562,2023-07-03T10:59:34,collaborator,1,0.044395
R01600,U0404,U0405,2023-07-03T11:20:03,acquaintance,1,0.615389
R01601,U1397,U1398,2023-07-03T11:20:48,acquaintance,1,0.606358
R01602,U1020,U1021,2023-07-03T23:06:21,collaborator,1,0.544236
R01603,U1258,U1260,2023-07-03T23:10:00,collaborator,1,0.888254
R01604,U0518,U0519,2023-07-04T02:05:23,colleague,1,0.386021
R01605,U0611,U0615,2023-07-04T03:06:09,collaborator,1,0.756266
R01606,U0772,U0773,2023-07-04T03:19:36,collaborator,1,0.099717
R01607,U0041,U0043,2023-07-04T07:38:42,collaborator,1,0.660094
R01608,U0330,U1037,2023-07-04T08:26:54,acquaintance,1,0.571605
R01609,U0537,U0539,2023-07-04T10:29:38,acquaintance,1,0.011266
R01610,U0079,U0080,2023-07-04T15:33:51,acquaintance,1,0.900228
R01611,U1106,U1108,2023-07-04T18:33:30,collaborator,1,0.574333
R01612,U0733,U0735,2023-07-05T00:27:35,colleague,1,0.625505
R01613,U1202,U1205,2023-07-05T02:12:37,collaborator,1,0.478278
R01614,U0075,U0790,2023-07-05T03:35:21,acquaintance,1,0.513785
R01615,U0011,U0724,2023-07-05T09:23:22,acquaintance,1,0.225988
R01616,U1086,U1091,2023-07-05T09:24:20,collaborator,1,0.509996
R01617,U0965,U0966,2023-07-05T10:41:24,acquaintance,1,0.745539
R01618,U0592,U1285,2023-07-05T11:36:28,acquaintance,1,0.441517
R01619,U0492,U1196,2023-07-05T11:49:42,collaborator,1,0.958622
R01620,U0704,U0705,2023-07-05T16:06:31,collaborator,1,0.694316
R01621,U0484,U0487,2023-07-05T17:17:39,acquaintance,1,0.514226
R01622,U0407,U0408,2023-07-05T18:00:55,collaborator,1,0.385274
R01623,U1009,U1010,2023-07-05T19:58:30,colleague,1,0.115724
R01624,U0608,U0611,2023-07-05T20:59:56,acquaintance,1,0.357934
R01625,U1086,U1090,2023-07-06T00:04:32,acquaintance,1,0.977751
R01626,U1214,U1215,2023-07-06T04:58:51,acquaintance,1,0.810104
R01627,U0626,U0627,2023-07-06T05:02:35,colleague,1,0.335943
R01628,U0084,U0086,2023-07-06T06:12:44,collaborator,1,0.124701
R01629,U0753,U0755,2023-07-06T07:35:50,colleague,1,0.694375
R01630,U0407,U1115,2023-07-06T08:21:59,collaborator,1,0.380314
R01631,U1289,U1290,2023-07-06T09:28:56,collaborator,1,0.715821
R01632,U0960,U0961,2023-07-06T10:48:16,acquaintance,1,0.486904
R01633,U0964,U0966,2023-07-06T11:00:34,collaborator,1,0.685799
R01634,U0077,U0079,2023-07-06T11:54:21,collaborator,1,0.726802
R01635,U0103,U0105,2023-07-06T14:07:31,acquaintance,1,0.059973
R01636,U0169,U0171,2023-07-06T15:59:20,acquaintance,1,0.322462
R01637,U0588,U0589,2023-07-07T00:02:21,collaborator,1,0.666134
R01638,U1049,U1050,2023-07-07T05:06:25,collaborator,1,0.894865
R01639,U1388,U1389,2023-07-07T10:43:06,collaborator,1,0.235599
R01640,U0337,U1045,2023-07-07T10:58:31,collaborator,1,0.134158
R01641,U1196,U1198,2023-07-07T11:54:33,acquaintance,1,0.006377
R01642,U0387,U0388,2023-07-07T16:21:50,acquaintance,1,0.191169
R01643,U1010,U1011,2023-07-07T20:19:33,collaborator,1,0.567013
R01644,U0883,U0886,2023-07-07T22:15:04,collaborator,1,0.864663
R01645,U1312,U1314,2023-07-08T00:49:37,acquaintance,1,0.319611
R01646,U0114,U0829,2023-07-08T03:07:06,collaborator,1,0.474918
R01647,U0989,U0990,2023-07-08T07:40:11,collaborator,1,0.390576
R01648,U0446,U0447,2023-07-08T08:24:04,collaborator,1,0.634881
R01649,U0364,U0366,2023-07-08T11:04:06,acquaintance,1,0.590886
R01650,U0140,U0141,2023-07-08T14:58:37,colleague,1,0.367486
R01651,U0117,U0118,2023-07-08T16:10:42,acquaintance,1,0.385914
R01652,U0907,U0909,2023-07-08T20:28:37,acquaintance,1,0.877841
R01653,U0346,U0347,2023-07-08T23:04:35,collaborator,1,0.317709
R01654,U0234,U0945,2023-07-09T01:09:39,acquaintance,1,0.354718
R01655,U0759,U0761,2023-07-09T03:49:06,colleague,1,0.07421
R01656,U1237,U1239,2023-07-09T08:24:22,collaborator,1,0.98692
R01657,U1244,U1246,2023-07-09T08:29:14,colleague,1,0.450632
R01658,U1348,U1349,2023-07-09T08:31:44,acquaintance,1,0.839448
R01659,U1004,U1005,2023-07-09T10:14:16,collaborator,1,0.369811
R01660,U0543,U0546,2023-07-09T12:27:33,collaborator,1,0.13743
R01661,U1326,U1327,2023-07-09T15:13:21,collaborator,1,0.780719
R01662,U0214,U0926,2023-07-09T20:03:40,collaborator,1,0.753903
R01663,U0640,U1327,2023-07-09T23:37:22,collaborator,1,0.239526
R01664,U0652,U0653,2023-07-09T23:46:49,acquaintance,1,0.698399
R01665,U1236,U1238,2023-07-10T03:44:54,collaborator,1,0.811343
R01666,U0061,U0064,2023-07-10T05:05:15,collaborator,1,0.674704
R01667,U1202,U1204,2023-07-10T06:21:11,collaborator,1,0.08504
R01668,U0598,U0599,2023-07-10T06:43:55,acquaintance,1,0.557969
R01669,U0724,U0726,2023-07-10T07:57:25,collaborator,1,0.540746
R01670,U0648,U0650,2023-07-10T08:05:14,acquaintance,1,0.65446
R01671,U0328,U0330,2023-07-10T13:39:21,acquaintance,1,0.348128
R01672,U0454,U0455,2023-07-10T15:59:55,collaborator,1,0.000626
R01673,U0979,U0981,2023-07-10T16:23:29,collaborator,1,0.909895
R01674,U0409,U0411,2023-07-10T17:18:13,acquaintance,1,0.108055
R01675,U1137,U1138,2023-07-10T20:17:47,collaborator,1,0.347917
R01676,U0238,U0950,2023-07-11T01:42:02,collaborator,1,0.537532
R01677,U1331,U1334,2023-07-11T04:14:11,collaborator,1,0.604183
R01678,U1279,U1281,2023-07-11T06:24:11,acquaintance,1,0.792439
R01679,U0137,U0848,2023-07-11T07:34:20,acquaintance,1,0.06393
R01680,U0477,U0478,2023-07-11T07:58:53,acquaintance,1,0.243571
R01681,U0324,U0326,2023-07-11T13:43:04,colleague,1,0.676202
R01682,U0300,U1008,2023-07-11T16:24:18,collaborator,1,0.210588
R01683,U1325,U1326,2023-07-11T18:55:37,acquaintance,1,0.975488
R01684,U0832,U0834,2023-07-11T19:41:42,acquaintance,1,0.131534
R01685,U0403,U1108,2023-07-11T20:06:58,collaborator,1,0.99047
R01686,U1362,U1364,2023-07-11T21:05:10,acquaintance,1,0.689658
R01687,U0491,U0492,2023-07-11T21:34:49,collaborator,1,0.009321
R01688,U0145,U0856,2023-07-11T23:29:27,acquaintance,1,0.849813
R01689,U0573,U0574,2023-07-11T23:29:52,collaborator,1,0.537142
R01690,U0410,U1119,2023-07-12T05:17:45,acquaintance,1,0.59273
R01691,U0039,U0040,2023-07-12T07:04:37,acquaintance,1,0.123118
R01692,U0190,U0192,2023-07-12T13:20:54,acquaintance,1,0.809181
R01693,U0383,U0384,2023-07-12T15:58:06,collaborator,1,0.703513
R01694,U0154,U0156,2023-07-12T19:52:15,acquaintance,1,0.880865
R01695,U0906,U0908,2023-07-12T20:01:00,collaborator,1,0.52411
R01696,U0021,U0023,2023-07-12T22:47:13,colleague,1,0.069929
R01697,U0350,U0353,2023-07-13T00:40:11,collaborator,1,0.271288
R01698,U1310,U1311,2023-07-13T02:00:14,collaborator,1,0.99494
R01699,U0994,U0997,2023-07-13T02:03:47,collaborator,1,0.571323
R01700,U0862,U0864,2023-07-13T05:36:18,colleague,1,0.590138
R01701,U1340,U1341,2023-07-13T08:51:08,colleague,1,0.36958
R01702,U1300,U1302,2023-07-13T08:56:08,collaborator,1,0.289805
R01703,U0155,U0157,2023-07-13T09:24:27,colleague,1,0.979771
R01704,U0050,U0052,2023-07-13T10:19:46,collaborator,1,0.547861
R01705,U0271,U0273,2023-07-13T10:40:19,collaborator,1,0.09159
R01706,U0428,U0429,2023-07-13T14:29:30,colleague,1,0.374174
R01707,U0157,U0870,2023-07-13T15:58:24,collaborator,1,0.699405
R01708,U1171,U1172,2023-07-13T16:06:27,collaborator,1,0.155271
R01709,U1064,U1065,2023-07-13T17:41:28,collaborator,1,0.215479
R01710,U0139,U0141,2023-07-13T20:21:38,collaborator,1,0.181752
R01711,U0202,U0915,2023-07-13T20:22:57,collaborator,1,0.988882
R01712,U0455,U0456,2023-07-13T21:06:09,collaborator,1,0.81683
R01713,U1320,U1321,2023-07-13T22:25:16,colleague,1,0.983664
R01714,U1361,U1363,2023-07-14T00:41:29,collaborator,1,0.572025
R01715,U1079,U1080,2023-07-14T02:25:25,collaborator,1,0.100528
R01716,U0118,U0833,2023-07-14T03:05:52,acquaintance,1,0.541409
R01717,U1311,U1312,2023-07-14T04:07:06,collaborator,1,0.237142
R01718,U0878,U0881,2023-07-14T04:49:58,collaborator,1,0.989182
R01719,U0526,U0529,2023-07-14T07:17:50,acquaintance,1,0.013607
R01720,U1098,U1099,2023-07-14T08:41:57,collaborator,1,0.880969
R01721,U0048,U0049,2023-07-14T09:27:28,collaborator,1,0.065055
R01722,U0316,U1021,2023-07-14T11:52:52,acquaintance,1,0.616246
R01723,U0406,U0408,2023-07-14T12:30:41,collaborator,1,0.367657
R01724,U0649,U0651,2023-07-14T15:40:09,collaborator,1,0.0758
R01725,U0034,U0035,2023-07-14T15:55:35,collaborator,1,0.112214
R01726,U0838,U0839,2023-07-14T16:39:44,collaborator,1,0.707212
R01727,U0215,U0216,2023-07-14T18:30:04,collaborator,1,0.134386
R01728,U0212,U0215,2023-07-14T18:48:29,collaborator,1,0.161521
R01729,U1099,U1100,2023-07-14T23:14:04,collaborator,1,0.195312
R01730,U0040,U0041,2023-07-15T02:31:19,acquaintance,1,0.05992
R01731,U0730,U0732,2023-07-15T04:35:22,acquaintance,1,0.589009
R01732,U0991,U0992,2023-07-15T05:22:49,acquaintance,1,0.684616
R01733,U1145,U1147,2023-07-15T06:25:21,collaborator,1,0.857231
R01734,U0373,U1080,2023-07-15T13:59:27,collaborator,1,0.035369
R01735,U0556,U1255,2023-07-15T23:34:47,colleague,1,0.058509
R01736,U0073,U0075,2023-07-16T00:41:39,acquaintance,1,0.366506
R01737,U0156,U0159,2023-07-16T01:32:07,acquaintance,1,0.119461
R01738,U0727,U0729,2023-07-16T04:25:52,acquaintance,1,0.329471
R01739,U1075,U1076,2023-07-16T09:20:49,acquaintance,1,0.544165
R01740,U0018,U0731,2023-07-16T10:46:56,collaborator,1,0.615721
R01741,U0389,U0392,2023-07-16T13:56:33,collaborator,1,0.806089
R01742,U0315,U0316,2023-07-16T18:09:39,collaborator,1,0.906238
R01743,U1286,U1287,2023-07-16T18:39:17,collaborator,1,0.91175
R01744,U0355,U0357,2023-07-16T20:15:10,collaborator,1,0.385088
R01745,U0535,U0537,2023-07-17T00:46:10,collaborator,1,0.90301
R01746,U0461,U0462,2023-07-17T01:52:46,acquaintance,1,0.444388
R01747,U0570,U0571,2023-07-17T02:48:54,collaborator,1,0.465466
R01748,U0027,U0742,2023-07-17T13:55:40,collaborator,1,0.874599
R01749,U1194,U1195,2023-07-17T16:47:57,colleague,1,0.183158
R01750,U0274,U0275,2023-07-17T17:18:59,acquaintance,1,0.950824
R01751,U0966,U0967,2023-07-17T19:21:27,collaborator,1,0.00404
R01752,U0076,U0077,2023-07-18T07:51:48,collaborator,1,0.908791
R01753,U0248,U0249,2023-07-18T08:38:32,acquaintance,1,0.306466
R01754,U0797,U0800,2023-07-18T08:42:42,colleague,1,0.064921
R01755,U0074,U0075,2023-07-18T10:05:58,collaborator,1,0.745365
R01756,U0502,U1202,2023-07-18T10:19:57,collaborator,1,0.269117
R01757,U0338,U0340,2023-07-18T13:06:35,collaborator,1,0.994225
R01758,U0542,U1243,2023-07-18T16:15:33,collaborator,1,0.318717
R01759,U0901,U0904,2023-07-18T18:08:49,acquaintance,1,0.768928
R01760,U0977,U0979,2023-07-18T20:53:03,collaborator,1,0.707081
R01761,U0811,U0812,2023-07-19T01:15:22,acquaintance,1,0.80513
R01762,U0703,U0705,2023-07-19T03:12:47,colleague,1,0.772341
R01763,U0235,U0237,2023-07-19T07:34:10,acquaintance,1,0.821227
R01764,U1031,U1034,2023-07-19T10:16:42,collaborator,1,0.047237
R01765,U0951,U0952,2023-07-19T10:53:13,collaborator,1,0.201181
R01766,U0067,U0779,2023-07-19T12:53:47,collaborator,1,0.526829
R01767,U0495,U0499,2023-07-19T13:50:41,collaborator,1,0.298083
R01768,U0047,U0759,2023-07-19T20:30:53,collaborator,1,0.837312
R01769,U1129,U1130,2023-07-19T20:50:33,acquaintance,1,0.774834
R01770,U0236,U0237,2023-07-20T00:44:02,acquaintance,1,0.368922
R01771,U0080,U0081,2023-07-20T03:22:37,collaborator,1,0.363982
R01772,U0541,U0543,2023-07-20T04:36:22,collaborator,1,0.817545
R01773,U0127,U0841,2023-07-20T05:40:55,collaborator,1,0.987659
R01774,U0839,U0842,2023-07-20T06:36:24,collaborator,1,0.895415
R01775,U0123,U0124,2023-07-20T08:55:52,acquaintance,1,0.302455
R01776,U1288,U1289,2023-07-20T10:38:27,acquaintance,1,0.172617
R01777,U0138,U0139,2023-07-20T12:34:23,acquaintance,1,0.756819
R01778,U0334,U1040,2023-07-20T15:30:37,collaborator,1,0.621353
R01779,U0446,U1151,2023-07-20T15:44:04,acquaintance,1,0.318112
R01780,U0604,U1296,2023-07-20T20:44:48,collaborator,1,0.224583
R01781,U0968,U0970,2023-07-20T23:31:16,colleague,1,0.994326
R01782,U0730,U0731,2023-07-20T23:52:26,colleague,1,0.438881
R01783,U0629,U0631,2023-07-21T03:47:34,acquaintance,1,0.435557
R01784,U1357,U1358,2023-07-21T06:11:05,colleague,1,0.749033
R01785,U0292,U1002,2023-07-21T06:55:11,collaborator,1,0.360793
R01786,U0353,U0354,2023-07-21T10:04:34,colleague,1,0.801115
R01787,U0693,U0694,2023-07-21T15:26:31,colleague,1,0.039257
R01788,U0304,U0306,2023-07-21T21:25:01,colleague,1,0.637576
R01789,U0986,U0988,2023-07-21T22:56:59,colleague,1,0.268779
R01790,U0534,U0536,2023-07-22T05:17:37,acquaintance,1,0.619192
R01791,U0105,U0106,2023-07-22T05:17:51,collaborator,1,0.08271
R01792,U0973,U0975,2023-07-22T06:36:38,acquaintance,1,0.722676
R01793,U0336,U0338,2023-07-22T08:13:23,acquaintance,1,0.224146
R01794,U0523,U1221,2023-07-22T09:19:42,collaborator,1,0.191406
R01795,U0420,U0421,2023-07-22T10:10:43,collaborator,1,0.169277
R01796,U0136,U0847,2023-07-22T16:17:28,colleague,1,0.137362
R01797,U0328,U1035,2023-07-22T19:09:33,acquaintance,1,0.79862
R01798,U0938,U0940,2023-07-22T22:17:46,collaborator,1,0.467395
R01799,U1147,U1148,2023-07-22T23:05:15,acquaintance,1,0.466493
R01800,U1304,U1306,2023-07-22T23:32:55,acquaintance,1,0.16674
R01801,U0933,U0934,2023-07-22T23:42:14,collaborator,1,0.205934
R01802,U1215,U1217,2023-07-23T00:23:21,collaborator,1,0.54351
R01803,U0406,U0407,2023-07-23T10:54:06,collaborator,1,0.722601
R01804,U0681,U1364,2023-07-23T11:26:34,collaborator,1,0.630558
R01805,U0340,U0343,2023-07-23T14:24:38,acquaintance,1,0.850838
R01806,U0384,U0385,2023-07-23T18:13:37,collaborator,1,0.774677
R01807,U0139,U0850,2023-07-23T20:14:52,acquaintance,1,0.051922
R01808,U0061,U0773,2023-07-23T20:39:05,collaborator,1,0.90881
R01809,U0832,U0833,2023-07-23T21:16:54,collaborator,1,0.735401
R01810,U0346,U1052,2023-07-24T00:43:34,collaborator,1,0.636718
R01811,U0175,U0177,2023-07-24T01:17:30,acquaintance,1,0.361995
R01812,U0089,U0092,2023-07-24T02:00:45,colleague,1,0.342285
R01813,U0776,U0778,2023-07-24T02:14:57,acquaintance,1,0.729888
R01814,U0258,U0261,2023-07-24T04:41:36,collaborator,1,0.474477
R01815,U1276,U1277,2023-07-24T05:28:24,collaborator,1,0.05505
R01816,U0326,U0327,2023-07-24T09:03:18,collaborator,1,0.755518
R01817,U1033,U1035,2023-07-24T09:07:59,acquaintance,1,0.081862
R01818,U0690,U0691,2023-07-24T11:42:15,collaborator,1,0.333416
R01819,U0674,U0675,2023-07-24T12:30:32,acquaintance,1,0.810274
R01820,U1216,U1218,2023-07-24T12:50:43,collaborator,1,0.514734
R01821,U0700,U0701,2023-07-24T16:27:21,collaborator,1,0.32731
R01822,U0790,U0791,2023-07-24T17:52:59,collaborator,1,0.334165
R01823,U0628,U0631,2023-07-24T18:31:00,collaborator,1,0.948726
R01824,U0540,U0541,2023-07-24T18:34:40,collaborator,1,0.061995
R01825,U0972,U0973,2023-07-24T22:21:49,collaborator,1,0.84965
R01826,U1204,U1205,2023-07-24T23:13:56,collaborator,1,0.383565
R01827,U0508,U0510,2023-07-25T01:30:47,collaborator,1,0.22609
R01828,U0805,U0806,2023-07-25T02:26:30,acquaintance,1,0.136891
R01829,U1038,U1039,2023-07-25T03:39:58,collaborator,1,0.291028
R01830,U0182,U0183,2023-07-25T06:22:06,acquaintance,1,0.637054
R01831,U1039,U1042,2023-07-25T06:42:05,collaborator,1,0.501125
R01832,U1251,U1252,2023-07-25T06:43:55,collaborator,1,0.053653
R01833,U1048,U1050,2023-07-25T10:49:21,acquaintance,1,0.315052
R01834,U0968,U0969,2023-07-25T12:47:41,collaborator,1,0.69114
R01835,U0791,U0793,2023-07-25T13:48:36,colleague,1,0.10316
R01836,U0994,U0995,2023-07-26T01:44:02,collaborator,1,0.123514
R01837,U1293,U1295,2023-07-26T02:42:24,acquaintance,1,0.373014
R01838,U0098,U0099,2023-07-26T05:41:31,collaborator,1,0.834091
R01839,U0735,U0737,2023-07-26T08:19:12,collaborator,1,0.189052
R01840,U0369,U1075,2023-07-26T10:10:28,acquaintance,1,0.037008
R01841,U1068,U1070,2023-07-26T14:38:20,colleague,1,0.055502
R01842,U1196,U1197,2023-07-26T16:17:37,colleague,1,0.072956
R01843,U1161,U1162,2023-07-26T18:14:58,colleague,1,0.781374
R01844,U0663,U1349,2023-07-26T22:04:42,collaborator,1,0.149261
R01845,U0421,U0422,2023-07-26T23:01:27,collaborator,1,0.052126
R01846,U1097,U1099,2023-07-27T06:46:22,acquaintance,1,0.414961
R01847,U0491,U1195,2023-07-27T12:41:06,acquaintance,1,0.119737
R01848,U0346,U0348,2023-07-27T13:20:29,acquaintance,1,0.451545
R01849,U1393,U1395,2023-07-27T14:13:17,acquaintance,1,0.965224
R01850,U0242,U0245,2023-07-27T16:09:04,collaborator,1,0.417028
R01851,U0300,U0302,2023-07-27T16:57:43,collaborator,1,0.432909
R01852,U0914,U0915,2023-07-27T16:58:09,collaborator,1,0.554196
R01853,U0197,U0198,2023-07-27T18:57:35,collaborator,1,0.345321
R01854,U0539,U0540,2023-07-27T19:03:44,acquaintance,1,0.12286
R01855,U0413,U1123,2023-07-27T20:02:32,colleague,1,0.909667
R01856,U0244,U0245,2023-07-28T00:16:47,collaborator,1,0.167666
R01857,U0516,U0518,2023-07-28T04:28:33,collaborator,1,0.177795
R01858,U0354,U0355,2023-07-28T06:18:51,collaborator,1,0.662584
R01859,U0980,U0982,2023-07-28T06:25:25,collaborator,1,0.832208
R01860,U0068,U0780,2023-07-28T06:59:08,acquaintance,1,0.966094
R01861,U0359,U0360,2023-07-28T07:15:55,acquaintance,1,0.175571
R01862,U0424,U0426,2023-07-28T12:45:31,collaborator,1,0.966537
R01863,U0743,U0744,2023-07-28T14:41:25,collaborator,1,0.084078
R01864,U0455,U0457,2023-07-28T19:42:06,acquaintance,1,0.738197
R01865,U0756,U0757,2023-07-28T20:37:48,acquaintance,1,0.036251
R01866,U0691,U0693,2023-08-01T00:29:54,collaborator,1,0.355341
R01867,U1208,U1210,2023-08-01T00:30:58,collaborator,1,0.423013
R01868,U0065,U0067,2023-08-01T02:20:46,acquaintance,1,0.680928
R01869,U0778,U0779,2023-08-01T03:06:01,acquaintance,1,0.180343
R01870,U0411,U1120,2023-08-01T08:44:15,colleague,1,0.727471
R01871,U0539,U0541,2023-08-01T09:39:39,collaborator,1,0.501536
R01872,U0876,U0878,2023-08-01T10:38:30,collaborator,1,0.78955
R01873,U1372,U1375,2023-08-01T11:13:34,collaborator,1,0.200827
R01874,U0309,U0311,2023-08-01T12:29:16,acquaintance,1,0.544852
R01875,U1226,U1229,2023-08-01T12:51:10,collaborator,1,0.477168
R01876,U0284,U0286,2023-08-01T13:31:00,collaborator,1,0.608978
R01877,U0183,U0186,2023-08-01T14:00:48,collaborator,1,0.359088
R01878,U0464,U0467,2023-08-01T15:22:17,collaborator,1,0.345329
R01879,U1233,U1235,2023-08-01T17:09:34,acquaintance,1,0.590433
R01880,U0372,U0374,2023-08-01T17:14:51,colleague,1,0.238386
R01881,U1064,U1067,2023-08-01T22:23:18,collaborator,1,0.939319
R01882,U1073,U1074,2023-08-02T03:48:39,collaborator,1,0.385236
R01883,U0408,U0409,2023-08-02T03:52:29,collaborator,1,0.817968
R01884,U0583,U1278,2023-08-02T05:37:40,collaborator,1,0.565903
R01885,U0811,U0813,2023-08-02T05:59:17,acquaintance,1,0.067994
R01886,U1051,U1052,2023-08-02T07:52:56,collaborator,1,0.462766
R01887,U0168,U0877,2023-08-02T15:54:49,collaborator,1,0.593824
R01888,U0003,U0716,2023-08-02T16:31:07,colleague,1,0.703337
R01889,U1280,U1281,2023-08-02T21:45:03,colleague,1,0.340674
R01890,U0563,U0564,2023-08-02T22:50:07,acquaintance,1,0.719603
R01891,U0752,U0755,2023-08-03T03:24:03,collaborator,1,0.714872
R01892,U0757,U0759,2023-08-03T03:51:47,acquaintance,1,0.271496
R01893,U0342,U0343,2023-08-03T12:50:47,collaborator,1,0.56336
R01894,U0091,U0806,2023-08-03T21:35:32,acquaintance,1,0.905431
R01895,U0830,U0831,2023-08-03T22:24:28,collaborator,1,0.647495
R01896,U0102,U0103,2023-08-03T23:57:12,colleague,1,0.525729
R01897,U0344,U1050,2023-08-04T02:50:39,collaborator,1,0.817699
R01898,U0487,U1192,2023-08-04T03:05:19,colleague,1,0.574279
R01899,U0028,U0031,2023-08-04T04:04:41,collaborator,1,0.593597
R01900,U1346,U1348,2023-08-04T04:30:15,acquaintance,1,0.096986
R01901,U0608,U1300,2023-08-04T14:10:45,collaborator,1,0.766217
R01902,U0941,U0942,2023-08-04T14:55:54,acquaintance,1,0.66306
R01903,U0370,U0371,2023-08-04T15:20:59,acquaintance,1,0.291692
R01904,U0207,U0208,2023-08-04T15:51:27,collaborator,1,0.843218
R01905,U0011,U0012,2023-08-04T20:45:19,acquaintance,1,0.516391
R01906,U0342,U0344,2023-08-04T23:38:48,acquaintance,1,0.956877
R01907,U0821,U0822,2023-08-04T23:44:18,acquaintance,1,0.191239
R01908,U0285,U0287,2023-08-05T00:27:51,acquaintance,1,0.664294
R01909,U0737,U0739,2023-08-05T04:43:29,collaborator,1,0.295696
R01910,U1141,U1143,2023-08-05T05:05:38,acquaintance,1,0.198241
R01911,U0292,U0294,2023-08-05T06:57:43,acquaintance,1,0.187469
R01912,U0878,U0880,2023-08-05T10:09:06,collaborator,1,0.218266
R01913,U0741,U0743,2023-08-05T11:40:46,collaborator,1,0.756157
R01914,U0266,U0267,2023-08-05T13:14:33,collaborator,1,0.199481
R01915,U0035,U0748,2023-08-05T17:08:32,collaborator,1,0.768058
R01916,U0261,U0969,2023-08-05T19:10:59,colleague,1,0.013917
R01917,U0425,U1134,2023-08-05T20:28:18,collaborator,1,0.950622
R01918,U0136,U0138,2023-08-05T22:49:44,acquaintance,1,0.208494
R01919,U1364,U1366,2023-08-05T23:28:23,acquaintance,1,0.528462
R01920,U1056,U1059,2023-08-06T00:19:29,acquaintance,1,0.047656
R01921,U0679,U0682,2023-08-06T04:58:54,collaborator,1,0.565239
R01922,U0191,U0192,2023-08-06T12:51:34,collaborator,1,0.849818
R01923,U0549,U1249,2023-08-06T15:03:30,colleague,1,0.403759
R01924,U1335,U1336,2023-08-06T15:44:45,colleague,1,0.425444
R01925,U1123,U1124,2023-08-06T16:40:00,collaborator,1,0.129757
R01926,U0561,U0563,2023-08-06T17:30:12,collaborator,1,0.162372
R01927,U0260,U0262,2023-08-06T17:42:05,collaborator,1,0.807676
R01928,U0710,U0711,2023-08-06T22:03:46,colleague,1,0.279553
R01929,U1343,U1344,2023-08-07T01:23:14,acquaintance,1,0.918139
R01930,U0980,U0981,2023-08-07T06:16:52,colleague,1,0.026791
R01931,U0069,U0781,2023-08-07T13:21:53,acquaintance,1,0.114299
R01932,U0041,U0752,2023-08-07T16:06:15,acquaintance,1,0.073018
R01933,U0046,U0048,2023-08-07T21:59:42,acquaintance,1,0.882709
R01934,U0707,U0709,2023-08-08T02:13:44,colleague,1,0.371408
R01935,U1102,U1104,2023-08-08T02:34:02,collaborator,1,0.981811
R01936,U0035,U0039,2023-08-08T06:19:16,collaborator,1,0.768778
R01937,U1273,U1274,2023-08-08T08:00:48,collaborator,1,0.165738
R01938,U0381,U1086,2023-08-08T09:04:55,colleague,1,0.553362
R01939,U0919,U0920,2023-08-08T13:31:36,collaborator,1,0.418476
R01940,U0423,U0425,2023-08-08T13:49:21,colleague,1,0.072042
R01941,U1360,U1362,2023-08-08T18:33:37,collaborator,1,0.863428
R01942,U0430,U0431,2023-08-08T22:07:27,collaborator,1,0.119295
R01943,U0196,U0908,2023-08-08T23:12:10,collaborator,1,0.894674
R01944,U1366,U1368,2023-08-09T05:18:00,collaborator,1,0.152757
R01945,U0146,U0147,2023-08-09T09:58:13,collaborator,1,0.408968
R01946,U1063,U1064,2023-08-09T11:27:54,collaborator,1,0.559469
R01947,U0544,U0548,2023-08-09T12:16:22,collaborator,1,0.704008
R01948,U0533,U1233,2023-08-09T12:28:54,colleague,1,0.968924
R01949,U0355,U0356,2023-08-09T13:56:03,acquaintance,1,0.219144
R01950,U1376,U1381,2023-08-09T15:04:50,collaborator,1,0.878507
R01951,U0749,U0750,2023-08-09T16:41:41,collaborator,1,0.277513
R01952,U0839,U0841,2023-08-09T18:09:20,collaborator,1,0.138262
R01953,U0426,U0428,2023-08-09T18:28:52,acquaintance,1,0.397046
R01954,U0493,U0495,2023-08-09T20:29:52,collaborator,1,0.233579
R01955,U1307,U1309,2023-08-09T20:46:20,collaborator,1,0.617305
R01956,U0922,U0924,2023-08-09T23:35:29,collaborator,1,0.703779
R01957,U1105,U1107,2023-08-10T05:23:20,colleague,1,0.95551
R01958,U0309,U0312,2023-08-10T07:43:30,collaborator,1,0.443543
R01959,U0964,U0965,2023-08-10T08:40:27,collaborator,1,0.904118
R01960,U0642,U0646,2023-08-10T09:31:05,acquaintance,1,0.215143
R01961,U0421,U0423,2023-08-10T11:41:44,collaborator,1,0.104511
R01962,U1290,U1292,2023-08-10T23:41:49,collaborator,1,0.834812
R01963,U0616,U0622,2023-08-11T01:41:21,colleague,1,0.009568
R01964,U1217,U1219,2023-08-11T01:57:15,colleague,1,0.514146
R01965,U0536,U1236,2023-08-11T04:45:57,collaborator,1,0.678796
R01966,U1260,U1261,2023-08-11T04:53:28,colleague,1,0.706382
R01967,U1219,U1221,2023-08-11T06:12:22,colleague,1,0.558849
R01968,U0611,U0613,2023-08-11T09:04:47,collaborator,1,0.641855
R01969,U0643,U0648,2023-08-11T09:19:22,acquaintance,1,0.621204
R01970,U0270,U0271,2023-08-11T12:39:54,acquaintance,1,0.146731
R01971,U0816,U0817,2023-08-11T15:06:40,acquaintance,1,0.047992
R01972,U0787,U0791,2023-08-11T15:17:41,acquaintance,1,0.948793
R01973,U0062,U0064,2023-08-12T03:40:57,collaborator,1,0.659153
R01974,U0654,U0657,2023-08-12T04:25:38,collaborator,1,0.288386
R01975,U0155,U0156,2023-08-12T05:05:58,acquaintance,1,0.014886
R01976,U0747,U0748,2023-08-12T06:30:01,acquaintance,1,0.843901
R01977,U0648,U1334,2023-08-12T13:52:07,collaborator,1,0.967147
R01978,U1247,U1250,2023-08-12T15:04:08,acquaintance,1,0.879407
R01979,U0800,U0802,2023-08-13T00:45:44,acquaintance,1,0.986372
R01980,U1096,U1097,2023-08-13T04:16:01,collaborator,1,0.956488
R01981,U0292,U0293,2023-08-13T06:37:57,collaborator,1,0.728823
R01982,U1231,U1233,2023-08-13T07:12:28,collaborator,1,0.929557
R01983,U0967,U0969,2023-08-13T07:38:01,collaborator,1,0.81874
R01984,U1221,U1222,2023-08-13T09:01:37,collaborator,1,0.962827
R01985,U0404,U1109,2023-08-13T13:50:10,acquaintance,1,0.114465
R01986,U1280,U1282,2023-08-13T14:23:17,collaborator,1,0.062553
R01987,U0442,U0444,2023-08-13T16:31:55,acquaintance,1,0.090169
R01988,U0261,U0262,2023-08-13T19:18:51,acquaintance,1,0.106124
R01989,U1358,U1359,2023-08-13T19:53:46,collaborator,1,0.930232
R01990,U0288,U0289,2023-08-13T20:34:03,acquaintance,1,0.550814
R01991,U0541,U1241,2023-08-13T21:44:21,collaborator,1,0.600535
R01992,U0081,U0796,2023-08-14T02:15:18,acquaintance,1,0.014837
R01993,U1275,U1277,2023-08-14T04:19:35,acquaintance,1,0.057611
R01994,U0569,U1266,2023-08-14T05:00:34,colleague,1,0.053302
R01995,U0262,U0970,2023-08-14T10:40:57,colleague,1,0.335452
R01996,U1217,U1218,2023-08-14T12:40:51,acquaintance,1,0.708577
R01997,U1175,U1177,2023-08-14T15:30:02,collaborator,1,0.716432
R01998,U1208,U1209,2023-08-14T19:45:05,collaborator,1,0.009108
R01999,U0700,U0702,2023-08-14T20:09:46,colleague,1,0.794809
R02000,U0047,U0048,2023-08-14T20:33:26,colleague,1,0.440859
R02001,U1142,U1143,2023-08-14T22:04:59,collaborator,1,0.794164
R02002,U1251,U1253,2023-08-14T22:30:25,acquaintance,1,0.81353
R02003,U0911,U0913,2023-08-14T23:01:24,collaborator,1,0.994444
R02004,U0306,U0309,2023-08-14T23:05:11,collaborator,1,0.540009
R02005,U1215,U1216,2023-08-15T02:01:27,acquaintance,1,0.994793
R02006,U0123,U0125,2023-08-15T02:14:58,collaborator,1,0.746767
R02007,U0782,U0785,2023-08-15T04:03:00,acquaintance,1,0.425528
R02008,U0348,U1054,2023-08-15T06:14:11,acquaintance,1,0.399682
R02009,U1358,U1360,2023-08-15T07:15:54,colleague,1,0.023812
R02010,U0546,U0548,2023-08-15T14:08:31,colleague,1,0.170068
R02011,U0283,U0284,2023-08-15T14:30:39,collaborator,1,0.820867
R02012,U0218,U0220,2023-08-15T16:32:23,colleague,1,0.919689
R02013,U0154,U0865,2023-08-15T17:25:36,collaborator,1,0.100275
R02014,U0161,U0163,2023-08-15T20:28:37,collaborator,1,0.327621
R02015,U0052,U0764,2023-08-15T22:08:23,colleague,1,0.858657
R02016,U0812,U0814,2023-08-16T03:52:45,colleague,1,0.573118
R02017,U1195,U1196,2023-08-16T06:00:08,acquaintance,1,0.902826
R02018,U0594,U1287,2023-08-16T07:23:45,colleague,1,0.513784
R02019,U0751,U0752,2023-08-16T09:05:40,colleague,1,0.052892
R02020,U0148,U0151,2023-08-17T05:33:58,collaborator,1,0.289515
R02021,U0744,U0745,2023-08-17T09:01:29,acquaintance,1,0.833708
R02022,U0746,U0747,2023-08-17T09:33:32,collaborator,1,0.033036
R02023,U1108,U1111,2023-08-17T15:10:24,acquaintance,1,0.775691
R02024,U0245,U0956,2023-08-17T16:38:51,colleague,1,0.385418
R02025,U0330,U0333,2023-08-17T16:40:52,collaborator,1,0.885045
R02026,U0918,U0920,2023-08-17T23:12:46,collaborator,1,0.74033
R02027,U0815,U0816,2023-08-18T00:55:39,collaborator,1,0.459634
R02028,U0131,U0132,2023-08-18T04:41:40,colleague,1,0.817558
R02029,U0178,U0179,2023-08-18T07:48:12,collaborator,1,0.181456
R02030,U0606,U1298,2023-08-18T08:21:31,collaborator,1,0.874228
R02031,U1065,U1068,2023-08-18T11:55:45,collaborator,1,0.998961
R02032,U1081,U1084,2023-08-18T14:18:21,collaborator,1,0.507987
R02033,U0115,U0116,2023-08-18T14:55:56,acquaintance,1,0.607288
R02034,U0322,U0324,2023-08-18T17:13:11,collaborator,1,0.739506
R02035,U0366,U1073,2023-08-18T18:10:01,acquaintance,1,0.99406
R02036,U1332,U1334,2023-08-18T18:48:37,colleague,1,0.415137
R02037,U0417,U1126,2023-08-19T02:05:07,collaborator,1,0.634936
R02038,U1245,U1246,2023-08-19T04:02:11,collaborator,1,0.257871
R02039,U0672,U0674,2023-08-19T05:11:49,colleague,1,0.918627
R02040,U0714,U0715,2023-08-19T07:07:07,colleague,1,0.176182
R02041,U0831,U0833,2023-08-19T12:30:46,collaborator,1,0.245412
R02042,U0411,U0413,2023-08-19T18:30:00,collaborator,1,0.19915
R02043,U0656,U0659,2023-08-19T21:27:44,collaborator,1,0.289575
R02044,U0371,U0372,2023-08-19T22:15:32,colleague,1,0.725986
R02045,U1336,U1338,2023-08-19T23:39:55,collaborator,1,0.556601
R02046,U1351,U1353,2023-08-20T00:29:08,collaborator,1,0.268798
R02047,U0948,U0950,2023-08-20T02:50:05,acquaintance,1,0.141464
R02048,U1349,U1351,2023-08-20T07:00:16,collaborator,1,0.15443
R02049,U1265,U1267,2023-08-20T09:08:27,collaborator,1,0.008638
R02050,U0291,U0293,2023-08-20T10:06:15,collaborator,1,0.871167
R02051,U1120,U1123,2023-08-20T10:42:18,acquaintance,1,0.104348
R02052,U1344,U1347,2023-08-20T11:31:22,collaborator,1,0.196941
R02053,U0229,U0940,2023-08-20T12:22:04,collaborator,1,0.898571
R02054,U1059,U1060,2023-08-20T13:39:14,colleague,1,0.683766
R02055,U1310,U1312,2023-08-20T14:44:48,collaborator,1,0.798822
R02056,U0258,U0260,2023-08-20T17:41:17,collaborator,1,0.912941
R02057,U1008,U1010,2023-08-20T18:19:45,collaborator,1,0.606528
R02058,U0405,U0407,2023-08-20T22:04:35,collaborator,1,0.216664
R02059,U1211,U1213,2023-08-21T02:14:00,collaborator,1,0.827864
R02060,U0374,U1081,2023-08-21T03:07:17,collaborator,1,0.879854
R02061,U0104,U0106,2023-08-21T07:34:54,acquaintance,1,0.326247
R02062,U0253,U0962,2023-08-21T14:49:17,acquaintance,1,0.415413
R02063,U0686,U0689,2023-08-21T15:53:12,colleague,1,0.925443
R02064,U0638,U0639,2023-08-21T16:04:27,collaborator,1,0.731715
R02065,U1376,U1379,2023-08-21T17:09:54,collaborator,1,0.802226
R02066,U0729,U0730,2023-08-21T21:04:18,collaborator,1,0.23004
R02067,U0566,U0567,2023-08-21T21:42:26,acquaintance,1,0.956614
R02068,U0256,U0258,2023-08-21T23:18:37,acquaintance,1,0.292174
R02069,U0845,U0846,2023-08-22T00:07:43,acquaintance,1,0.886565
R02070,U0636,U0638,2023-08-22T00:30:23,collaborator,1,0.94103
R02071,U1172,U1175,2023-08-22T01:49:40,collaborator,1,0.601433
R02072,U0953,U0954,2023-08-22T03:56:11,collaborator,1,0.804878
R02073,U1118,U1119,2023-08-22T07:02:31,collaborator,1,0.76184
R02074,U0146,U0148,2023-08-22T07:18:19,collaborator,1,0.422492
R02075,U0834,U0835,2023-08-22T07:36:17,collaborator,1,0.148876
R02076,U0094,U0811,2023-08-22T10:26:25,acquaintance,1,0.10959
R02077,U0576,U0579,2023-08-22T11:26:25,collaborator,1,0.283733
R02078,U0939,U0940,2023-08-22T12:13:36,acquaintance,1,0.873366
R02079,U0707,U0708,2023-08-22T13:33:35,collaborator,1,0.898273
R02080,U1365,U1367,2023-08-22T16:20:12,colleague,1,0.624908
R02081,U0841,U0843,2023-08-22T19:20:24,collaborator,1,0.206313
R02082,U0442,U0443,2023-08-22T19:40:15,collaborator,1,0.073333
R02083,U0473,U0475,2023-08-22T21:43:17,collaborator,1,0.603905
R02084,U0095,U0098,2023-08-22T21:51:20,collaborator,1,0.952134
R02085,U1005,U1007,2023-08-23T04:11:42,collaborator,1,0.68549
R02086,U0915,U0916,2023-08-23T05:50:32,collaborator,1,0.142089
R02087,U0022,U0735,2023-08-23T14:33:41,colleague,1,0.829628
R02088,U0504,U0506,2023-08-23T14:50:30,acquaintance,1,0.799611
R02089,U1205,U1206,2023-08-23T16:08:12,collaborator,1,0.277809
R02090,U0394,U0396,2023-08-23T18:16:20,collaborator,1,0.959204
R02091,U0480,U0482,2023-08-23T19:24:09,acquaintance,1,0.710506
R02092,U0023,U0736,2023-08-23T22:48:04,collaborator,1,0.726617
R02093,U1135,U1137,2023-08-24T01:11:59,collaborator,1,0.005773
R02094,U0660,U1346,2023-08-24T06:35:40,collaborator,1,0.12384
R02095,U0406,U1114,2023-08-24T08:00:09,collaborator,1,0.074018
R02096,U0275,U0276,2023-08-24T09:55:43,collaborator,1,0.557455
R02097,U0153,U0154,2023-08-24T13:00:51,collaborator,1,0.605332
R02098,U0535,U1235,2023-08-24T14:59:29,collaborator,1,0.169129
R02099,U0908,U0910,2023-08-24T16:12:58,acquaintance,1,0.616287
R02100,U0852,U0853,2023-08-24T16:55:04,collaborator,1,0.110199
R02101,U0045,U0047,2023-08-24T21:32:19,collaborator,1,0.034764
R02102,U0001,U0002,2023-08-25T01:18:00,collaborator,1,0.76231
R02103,U0459,U0460,2023-08-25T01:28:35,collaborator,1,0.503478
R02104,U0099,U0815,2023-08-25T03:44:36,collaborator,1,0.252702
R02105,U0525,U0527,2023-08-25T05:52:41,colleague,1,0.516355
R02106,U0625,U0626,2023-08-25T08:48:51,collaborator,1,0.110198
R02107,U1147,U1149,2023-08-25T09:06:05,acquaintance,1,0.613708
R02108,U0591,U0592,2023-08-25T16:34:55,collaborator,1,0.929886
R02109,U1100,U1101,2023-08-25T16:54:33,acquaintance,1,0.136647
R02110,U0040,U0751,2023-08-25T19:48:07,collaborator,1,0.161222
R02111,U0643,U1331,2023-08-26T05:16:02,collaborator,1,0.079777
R02112,U0988,U0990,2023-08-26T05:27:19,acquaintance,1,0.248718
R02113,U0794,U0795,2023-08-26T07:21:51,colleague,1,0.44647
R02114,U1197,U1199,2023-08-26T08:40:50,colleague,1,0.042533
R02115,U0275,U0277,2023-08-26T21:46:59,acquaintance,1,0.156279
R02116,U0605,U0606,2023-08-27T02:42:07,collaborator,1,0.654151
R02117,U0524,U0526,2023-08-27T08:41:42,collaborator,1,0.173327
R02118,U1326,U1328,2023-08-27T12:48:26,acquaintance,1,0.899007
R02119,U0766,U0769,2023-08-27T16:03:24,collaborator,1,0.970752
R02120,U0909,U0910,2023-08-27T16:39:48,collaborator,1,0.451004
R02121,U0505,U0506,2023-08-27T22:29:39,colleague,1,0.288778
R02122,U0367,U0370,2023-08-28T00:29:47,colleague,1,0.555791
R02123,U0784,U0787,2023-08-28T00:43:53,collaborator,1,0.246717
R02124,U1099,U1101,2023-08-28T01:23:33,colleague,1,0.095793
R02125,U0382,U0383,2023-08-28T01:55:49,collaborator,1,0.969883
R02126,U0640,U0642,2023-08-28T05:40:43,acquaintance,1,0.945297
R02127,U0979,U0980,2023-08-28T07:18:25,acquaintance,1,0.288805
R02128,U0857,U0858,2023-08-28T09:49:00,collaborator,1,0.218167
R02129,U0925,U0926,2023-08-28T12:00:04,colleague,1,0.998536
R02130,U1265,U1266,2023-08-28T16:09:33,acquaintance,1,0.463721
R02131,U0624,U1309,2023-08-28T16:36:59,collaborator,1,0.853301
R02132,U0691,U0692,2023-08-28T18:23:15,collaborator,1,0.673044
R02133,U0649,U0650,2023-08-28T21:11:17,acquaintance,1,0.559836
R02134,U0088,U0804,2023-08-28T22:01:16,colleague,1,0.890718
R02135,U0372,U0373,2023-08-28T22:24:58,collaborator,1,0.584446
R02136,U1375,U1376,2023-09-01T03:00:26,collaborator,1,0.159023
R02137,U0147,U0148,2023-09-01T04:06:11,colleague,1,0.12781
R02138,U1384,U1388,2023-09-01T04:06:31,collaborator,1,0.347553
R02139,U1232,U1233,2023-09-01T07:24:39,colleague,1,0.233888
R02140,U1261,U1262,2023-09-01T12:28:57,collaborator,1,0.981103
R02141,U0091,U0093,2023-09-01T13:14:51,acquaintance,1,0.756617
R02142,U0708,U0710,2023-09-01T14:07:45,collaborator,1,0.332988
R02143,U0156,U0157,2023-09-01T18:13:25,collaborator,1,0.378344
R02144,U0666,U1352,2023-09-01T21:58:40,acquaintance,1,0.538486
R02145,U1134,U1135,2023-09-01T22:08:07,acquaintance,1,0.388681
R02146,U0650,U0652,2023-09-01T22:58:44,collaborator,1,0.653751
R02147,U0462,U1166,2023-09-01T23:12:06,acquaintance,1,0.559154
R02148,U1183,U1185,2023-09-02T03:40:05,collaborator,1,0.424739
R02149,U0452,U0454,2023-09-02T04:06:57,acquaintance,1,0.045921
R02150,U1070,U1072,2023-09-02T04:07:36,acquaintance,1,0.078863
R02151,U1046,U1048,2023-09-02T06:03:26,collaborator,1,0.110073
R02152,U0393,U0394,2023-09-02T09:04:15,colleague,1,0.929942
R02153,U1379,U1382,2023-09-02T09:59:33,collaborator,1,0.183075
R02154,U1142,U1145,2023-09-02T10:32:36,colleague,1,0.391071
R02155,U0924,U0925,2023-09-02T11:46:27,collaborator,1,0.714433
R02156,U1172,U1174,2023-09-02T12:28:52,collaborator,1,0.616676
R02157,U0824,U0825,2023-09-02T20:33:09,collaborator,1,0.807625
R02158,U0678,U1362,2023-09-02T20:40:56,collaborator,1,0.994
R02159,U0667,U1353,2023-09-03T02:14:25,collaborator,1,0.561123
R02160,U0586,U0587,2023-09-03T02:26:30,collaborator,1,0.178624
R02161,U1275,U1276,2023-09-03T05:54:14,collaborator,1,0.666153
R02162,U1026,U1028,2023-09-03T09:00:58,acquaintance,1,0.34554
R02163,U1392,U1395,2023-09-03T10:07:20,collaborator,1,0.814747
R02164,U0804,U0805,2023-09-03T11:56:25,acquaintance,1,0.325608
R02165,U0474,U0475,2023-09-03T17:47:46,collaborator,1,0.812531
R02166,U0056,U0058,2023-09-03T21:14:54,colleague,1,0.361105
R02167,U1076,U1079,2023-09-04T00:52:00,collaborator,1,0.997664
R02168,U0356,U0358,2023-09-04T03:33:05,collaborator,1,0.253226
R02169,U0673,U1358,2023-09-04T11:31:57,colleague,1,0.977007
R02170,U0303,U0305,2023-09-04T12:02:33,collaborator,1,0.249171
R02171,U0723,U0725,2023-09-04T13:33:06,colleague,1,0.079813
R02172,U0316,U0317,2023-09-04T14:21:53,colleague,1,0.288755
R02173,U1323,U1324,2023-09-04T16:04:06,collaborator,1,0.558036
R02174,U0334,U0336,2023-09-04T20:14:19,colleague,1,0.555018
R02175,U0634,U0636,2023-09-04T20:15:14,collaborator,1,0.560178
R02176,U0714,U0716,2023-09-04T20:20:37,collaborator,1,0.604807
R02177,U0430,U0432,2023-09-04T23:07:15,acquaintance,1,0.743587
R02178,U0125,U0127,2023-09-05T08:06:45,acquaintance,1,0.510949
R02179,U0444,U1150,2023-09-05T08:31:38,collaborator,1,0.417381
R02180,U0467,U0468,2023-09-05T10:42:58,collaborator,1,0.807977
R02181,U0229,U0231,2023-09-05T12:12:44,collaborator,1,0.529897
R02182,U0223,U0225,2023-09-05T13:02:26,acquaintance,1,0.307073
R02183,U0186,U0190,2023-09-05T14:41:33,colleague,1,0.56162
R02184,U1252,U1253,2023-09-05T18:14:14,collaborator,1,0.494737
R02185,U0763,U0766,2023-09-05T20:09:53,colleague,1,0.495125
R02186,U0360,U1068,2023-09-06T00:59:30,collaborator,1,0.966457
R02187,U1152,U1154,2023-09-06T01:23:25,collaborator,1,0.260497
R02188,U0764,U0766,2023-09-06T09:05:02,acquaintance,1,0.398524
R02189,U0580,U0581,2023-09-06T12:04:56,collaborator,1,0.547473
R02190,U0171,U0172,2023-09-06T12:51:03,acquaintance,1,0.758342
R02191,U1188,U1189,2023-09-06T16:13:47,collaborator,1,0.004762
R02192,U0069,U0070,2023-09-06T16:21:22,collaborator,1,0.178846
R02193,U1371,U1373,2023-09-06T21:29:15,collaborator,1,0.979025
R02194,U0844,U0845,2023-09-06T22:38:25,collaborator,1,0.793253
R02195,U0013,U0726,2023-09-07T10:25:52,collaborator,1,0.618161
R02196,U1157,U1160,2023-09-07T11:01:48,collaborator,1,0.750672
R02197,U0127,U0131,2023-09-07T12:23:10,collaborator,1,0.611264
R02198,U0637,U1324,2023-09-07T16:25:01,collaborator,1,0.411268
R02199,U0451,U0452,2023-09-07T17:48:49,collaborator,1,0.26865
R02200,U0530,U0532,2023-09-07T21:19:20,acquaintance,1,0.669024
R02201,U0716,U0717,2023-09-07T22:38:52,collaborator,1,0.046139
R02202,U1053,U1056,2023-09-08T05:35:48,collaborator,1,0.413743
R02203,U0439,U0443,2023-09-08T08:14:18,collaborator,1,0.828618
R02204,U0350,U1056,2023-09-08T16:10:37,collaborator,1,0.6391
R02205,U0758,U0759,2023-09-08T22:28:09,collaborator,1,0.837908
R02206,U0583,U0586,2023-09-08T23:50:01,colleague,1,0.358502
R02207,U0960,U0962,2023-09-09T02:20:25,collaborator,1,0.803393
R02208,U1266,U1268,2023-09-09T08:07:05,collaborator,1,0.720907
R02209,U0294,U0298,2023-09-09T09:24:29,acquaintance,1,0.300396
R02210,U0185,U0186,2023-09-09T10:59:54,collaborator,1,0.238473
R02211,U0672,U0673,2023-09-09T11:52:46,acquaintance,1,0.764238
R02212,U0662,U0664,2023-09-09T14:01:39,acquaintance,1,0.23014
R02213,U1119,U1120,2023-09-09T14:15:51,acquaintance,1,0.759819
R02214,U0608,U0610,2023-09-09T14:50:58,colleague,1,0.176608
R02215,U0016,U0017,2023-09-09T15:30:08,colleague,1,0.492811
R02216,U0781,U0784,2023-09-09T19:54:27,collaborator,1,0.822049
R02217,U1320,U1322,2023-09-10T00:03:43,acquaintance,1,0.170975
R02218,U0294,U1004,2023-09-10T00:09:01,collaborator,1,0.45545
R02219,U0550,U0552,2023-09-10T05:29:16,acquaintance,1,0.238768
R02220,U0251,U0961,2023-09-10T09:41:43,acquaintance,1,0.851128
R02221,U1109,U1111,2023-09-10T14:07:45,acquaintance,1,0.423619
R02222,U0293,U1003,2023-09-10T14:23:16,collaborator,1,0.938193
R02223,U0195,U0197,2023-09-10T14:47:44,collaborator,1,0.408743
R02224,U0661,U1347,2023-09-10T15:05:50,collaborator,1,0.052267
R02225,U0097,U0813,2023-09-10T17:06:58,acquaintance,1,0.216919
R02226,U0995,U0998,2023-09-10T18:05:39,collaborator,1,0.302245
R02227,U0002,U0003,2023-09-10T18:23:30,collaborator,1,0.689642
R02228,U0506,U1206,2023-09-10T19:32:47,acquaintance,1,0.385507
R02229,U0641,U1328,2023-09-10T20:24:25,acquaintance,1,0.13489
R02230,U1127,U1129,2023-09-10T21:39:52,collaborator,1,0.334909
R02231,U0231,U0942,2023-09-11T02:00:45,collaborator,1,0.626229
R02232,U1068,U1069,2023-09-11T06:19:15,colleague,1,0.506765
R02233,U1074,U1075,2023-09-11T06:23:59,collaborator,1,0.366952
R02234,U1375,U1379,2023-09-11T07:51:33,collaborator,1,0.366358
R02235,U0181,U0892,2023-09-11T07:57:19,collaborator,1,0.555835
R02236,U0918,U0919,2023-09-11T08:34:59,collaborator,1,0.016905
R02237,U0606,U0608,2023-09-11T12:10:07,collaborator,1,0.479607
R02238,U0382,U1090,2023-09-11T13:22:20,colleague,1,0.360794
R02239,U0001,U1403,2023-09-11T20:29:38,colleague,1,0.954063
R02240,U1170,U1172,2023-09-11T21:58:26,acquaintance,1,0.139025
R02241,U0749,U0751,2023-09-11T23:51:27,colleague,1,0.713974
R02242,U0453,U0455,2023-09-12T00:49:54,colleague,1,0.607588
R02243,U0049,U0050,2023-09-12T01:55:34,colleague,1,0.134211
R02244,U0022,U0024,2023-09-12T05:59:29,collaborator,1,0.23676
R02245,U0294,U0295,2023-09-12T06:51:20,collaborator,1,0.183272
R02246,U0088,U0091,2023-09-12T15:29:24,acquaintance,1,0.863211
R02247,U0417,U0418,2023-09-12T17:19:07,acquaintance,1,0.216481
R02248,U0746,U0748,2023-09-12T22:28:50,colleague,1,0.310931
R02249,U0068,U0069,2023-09-12T22:43:20,acquaintance,1,0.074037
R02250,U0312,U0313,2023-09-13T00:11:34,acquaintance,1,0.150814
R02251,U0094,U0095,2023-09-13T07:16:04,collaborator,1,0.941934
R02252,U0256,U0257,2023-09-13T09:40:27,acquaintance,1,0.883368
R02253,U0603,U0605,2023-09-13T11:45:00,colleague,1,0.659656
R02254,U1177,U1180,2023-09-13T14:20:31,collaborator,1,0.980769
R02255,U1234,U1236,2023-09-13T22:49:03,collaborator,1,0.943574
R02256,U0524,U1222,2023-09-14T01:07:33,collaborator,1,0.168974
R02257,U0819,U0821,2023-09-14T02:22:25,colleague,1,0.616058
R02258,U0389,U1098,2023-09-14T02:32:51,acquaintance,1,0.846464
R02259,U1353,U1355,2023-09-14T16:44:39,collaborator,1,0.003589
R02260,U1383,U1387,2023-09-14T23:31:10,collaborator,1,0.413483
R02261,U0596,U0598,2023-09-15T03:14:54,acquaintance,1,0.692459
R02262,U0175,U0178,2023-09-15T06:50:02,collaborator,1,0.678572
R02263,U1156,U1159,2023-09-15T07:43:50,acquaintance,1,0.461752
R02264,U0198,U0199,2023-09-15T11:29:55,colleague,1,0.420657
R02265,U0911,U0914,2023-09-15T11:40:17,acquaintance,1,0.6223
R02266,U0971,U0973,2023-09-15T13:28:14,collaborator,1,0.458254
R02267,U0239,U0241,2023-09-15T17:07:58,colleague,1,0.663226
R02268,U0244,U0247,2023-09-15T22:24:39,collaborator,1,0.061208
R02269,U0780,U0782,2023-09-15T23:33:38,colleague,1,0.087581
R02270,U0826,U0828,2023-09-16T01:40:24,colleague,1,0.342923
R02271,U0072,U0784,2023-09-16T05:17:07,collaborator,1,0.669657
R02272,U1298,U1300,2023-09-16T07:48:47,collaborator,1,0.484016
R02273,U1002,U1004,2023-09-16T08:11:21,collaborator,1,0.2795
R02274,U1216,U1217,2023-09-16T09:43:48,acquaintance,1,0.331986
R02275,U0198,U0200,2023-09-16T10:13:08,collaborator,1,0.181009
R02276,U0013,U0014,2023-09-16T14:18:28,acquaintance,1,0.693596
R02277,U0490,U1194,2023-09-16T16:52:42,acquaintance,1,0.867254
R02278,U0561,U0562,2023-09-16T18:54:46,collaborator,1,0.849258
R02279,U1199,U1200,2023-09-16T20:19:09,colleague,1,0.749646
R02280,U0390,U0392,2023-09-16T22:58:56,acquaintance,1,0.940411
R02281,U0395,U1103,2023-09-17T03:16:10,colleague,1,0.626089
R02282,U1017,U1019,2023-09-17T08:22:27,collaborator,1,0.495572
R02283,U1015,U1018,2023-09-17T09:23:54,collaborator,1,0.586025
R02284,U0622,U0623,2023-09-17T09:55:21,acquaintance,1,0.583256
R02285,U0897,U0899,2023-09-17T10:59:49,collaborator,1,0.039585
R02286,U0629,U0632,2023-09-17T13:38:30,colleague,1,0.550617
R02287,U0995,U0997,2023-09-17T14:05:01,collaborator,1,0.568806
R02288,U0556,U0559,2023-09-17T14:41:18,collaborator,1,0.701951
R02289,U0974,U0975,2023-09-17T16:21:17,colleague,1,0.195647
R02290,U0825,U0826,2023-09-17T21:15:32,acquaintance,1,0.754946
R02291,U0628,U0629,2023-09-18T06:16:31,collaborator,1,0.546082
R02292,U0697,U0699,2023-09-18T15:11:23,acquaintance,1,0.885367
R02293,U0014,U0727,2023-09-18T16:20:15,acquaintance,1,0.002917
R02294,U0058,U0062,2023-09-18T16:33:47,colleague,1,0.162135
R02295,U0203,U0916,2023-09-18T23:04:58,colleague,1,0.809751
R02296,U0194,U0195,2023-09-18T23:33:43,collaborator,1,0.243259
R02297,U0171,U0881,2023-09-19T00:50:19,colleague,1,0.054509
R02298,U1034,U1035,2023-09-19T01:03:55,colleague,1,0.425895
R02299,U0792,U0794,2023-09-19T03:41:01,colleague,1,0.828025
R02300,U1241,U1244,2023-09-19T04:46:13,acquaintance,1,0.332694
R02301,U1166,U1168,2023-09-19T09:25:25,colleague,1,0.274874
R02302,U0881,U0882,2023-09-19T10:02:50,collaborator,1,0.969706
R02303,U0920,U0922,2023-09-19T14:34:31,acquaintance,1,0.161151
R02304,U1198,U1200,2023-09-19T18:25:06,collaborator,1,0.816696
R02305,U0301,U0303,2023-09-19T18:58:58,collaborator,1,0.780118
R02306,U0926,U0927,2023-09-19T19:41:01,collaborator,1,0.398596
R02307,U1130,U1131,2023-09-19T22:03:12,collaborator,1,0.946478
R02308,U0264,U0265,2023-09-19T23:53:13,collaborator,1,0.194502
R02309,U1365,U1366,2023-09-20T01:37:59,collaborator,1,0.933324
R02310,U1105,U1106,2023-09-20T01:43:54,acquaintance,1,0.817329
R02311,U0323,U1029,2023-09-20T02:32:53,acquaintance,1,0.85951
R02312,U0908,U0909,2023-09-20T10:33:11,colleague,1,0.10408
R02313,U0861,U0863,2023-09-20T10:48:24,collaborator,1,0.218142
R02314,U1101,U1102,2023-09-20T13:41:46,collaborator,1,0.936999
R02315,U1367,U1368,2023-09-20T19:40:21,collaborator,1,0.175829
R02316,U0361,U0362,2023-09-20T19:40:42,acquaintance,1,0.383756
R02317,U1317,U1321,2023-09-20T20:37:51,collaborator,1,0.972478
R02318,U1125,U1127,2023-09-20T22:50:42,collaborator,1,0.185888
R02319,U0510,U1210,2023-09-21T10:11:03,collaborator,1,0.217827
R02320,U0473,U0474,2023-09-21T10:32:02,colleague,1,0.851293
R02321,U1071,U1073,2023-09-21T10:58:14,collaborator,1,0.973773
R02322,U0853,U0854,2023-09-21T17:50:19,collaborator,1,0.887097
R02323,U0475,U0476,2023-09-21T18:43:01,collaborator,1,0.745362
R02324,U0574,U0575,2023-09-21T21:46:50,collaborator,1,0.824303
R02325,U1000,U1002,2023-09-22T04:20:29,acquaintance,1,0.015444
R02326,U1398,U1401,2023-09-22T05:36:42,collaborator,1,0.88764
R02327,U0351,U1058,2023-09-22T05:41:45,collaborator,1,0.961464
R02328,U1175,U1176,2023-09-22T06:26:34,collaborator,1,0.026216
R02329,U0632,U0634,2023-09-22T09:28:34,collaborator,1,0.435569
R02330,U0131,U0843,2023-09-22T10:25:02,acquaintance,1,0.359709
R02331,U0152,U0153,2023-09-22T11:47:52,collaborator,1,0.41764
R02332,U0451,U1154,2023-09-22T12:32:31,collaborator,1,0.620114
R02333,U0540,U0542,2023-09-22T15:58:08,collaborator,1,0.410214
R02334,U1019,U1020,2023-09-22T16:24:53,collaborator,1,0.495321
R02335,U0340,U0342,2023-09-23T00:55:50,acquaintance,1,0.271847
R02336,U0053,U0055,2023-09-23T08:19:30,collaborator,1,0.793273
R02337,U0598,U1290,2023-09-23T09:07:08,collaborator,1,0.92462
R02338,U0230,U0231,2023-09-23T10:01:33,collaborator,1,0.430276
R02339,U0476,U1181,2023-09-23T10:27:40,collaborator,1,0.569654
R02340,U0289,U0291,2023-09-23T13:17:00,acquaintance,1,0.249122
R02341,U1269,U1270,2023-09-23T14:15:21,collaborator,1,0.27504
R02342,U0603,U1295,2023-09-23T17:25:27,collaborator,1,0.429283
R02343,U1056,U1058,2023-09-23T22:54:57,collaborator,1,0.948005
R02344,U1388,U1390,2023-09-23T23:44:15,collaborator,1,0.174507
R02345,U0664,U0665,2023-09-24T01:08:22,collaborator,1,0.980113
R02346,U0232,U0943,2023-09-24T01:52:00,collaborator,1,0.85101
R02347,U0796,U0797,2023-09-24T03:14:33,collaborator,1,0.204678
R02348,U0588,U0591,2023-09-24T05:19:00,acquaintance,1,0.817229
R02349,U1346,U1347,2023-09-24T05:53:01,collaborator,1,0.129044
R02350,U1011,U1012,2023-09-24T08:20:14,collaborator,1,0.793021
R02351,U0386,U1095,2023-09-24T10:47:13,collaborator,1,0.210491
R02352,U0899,U0903,2023-09-24T14:23:38,collaborator,1,0.170021
R02353,U1287,U1288,2023-09-24T15:51:25,collaborator,1,0.979979
R02354,U1349,U1350,2023-09-24T15:55:54,collaborator,1,0.107505
R02355,U0275,U0985,2023-09-24T17:27:23,acquaintance,1,0.102876
R02356,U0331,U1038,2023-09-24T18:27:16,acquaintance,1,0.854154
R02357,U1246,U1249,2023-09-24T20:30:55,collaborator,1,0.653111
R02358,U0192,U0904,2023-09-24T22:20:28,acquaintance,1,0.322065
R02359,U0623,U1308,2023-09-25T08:34:34,acquaintance,1,0.201978
R02360,U1402,U1403,2023-09-25T09:03:53,collaborator,1,0.393039
R02361,U0731,U0732,2023-09-25T16:10:55,collaborator,1,0.023312
R02362,U0088,U0089,2023-09-25T17:14:42,collaborator,1,0.30834
R02363,U0796,U0799,2023-09-25T17:56:59,colleague,1,0.160706
R02364,U0813,U0815,2023-09-25T20:06:24,colleague,1,0.587976
R02365,U1107,U1108,2023-09-26T02:40:07,colleague,1,0.302453
R02366,U0083,U0084,2023-09-26T02:49:33,colleague,1,0.839623
R02367,U1226,U1227,2023-09-26T03:53:10,collaborator,1,0.923882
R02368,U0107,U0109,2023-09-26T05:21:30,colleague,1,0.713654
R02369,U0284,U0285,2023-09-26T06:43:39,collaborator,1,0.909636
R02370,U0561,U1257,2023-09-26T14:52:31,collaborator,1,0.510859
R02371,U0773,U0776,2023-09-26T15:44:32,collaborator,1,0.989002
R02372,U0685,U0686,2023-09-26T19:15:34,collaborator,1,0.333255
R02373,U1139,U1141,2023-09-26T21:20:29,acquaintance,1,0.907449
R02374,U0318,U0319,2023-09-26T21:25:06,collaborator,1,0.13471
R02375,U0031,U0032,2023-09-26T21:26:31,colleague,1,0.081046
R02376,U1383,U1384,2023-09-26T22:52:07,collaborator,1,0.907713
R02377,U1091,U1093,2023-09-27T10:38:55,acquaintance,1,0.828374
R02378,U0544,U1245,2023-09-27T11:02:26,collaborator,1,0.75767
R02379,U0276,U0277,2023-09-27T13:11:48,colleague,1,0.682023
R02380,U0518,U0520,2023-09-27T14:25:31,colleague,1,0.040775
R02381,U0167,U0168,2023-09-28T01:24:00,collaborator,1,0.125212
R02382,U1387,U1389,2023-09-28T04:26:31,collaborator,1,0.127687
R02383,U1069,U1071,2023-09-28T07:40:36,colleague,1,0.796971
R02384,U1262,U1264,2023-09-28T08:16:23,collaborator,1,0.950307
R02385,U0686,U1369,2023-09-28T12:30:55,collaborator,1,0.274442
R02386,U0461,U0463,2023-09-28T19:25:37,colleague,1,0.009643
R02387,U1301,U1302,2023-09-28T19:32:36,acquaintance,1,0.181818
R02388,U0442,U1148,2023-09-28T20:29:23,collaborator,1,0.782822
R02389,U1012,U1014,2023-09-28T20:41:49,collaborator,1,0.361587
R02390,U0702,U0704,2023-09-28T22:03:26,collaborator,1,0.602775
R02391,U0392,U1100,2023-09-28T22:40:55,collaborator,1,0.527665
R02392,U0025,U0739,2023-10-01T06:51:06,collaborator,1,0.505641
R02393,U0015,U0017,2023-10-01T08:45:34,collaborator,1,0.725749
R02394,U0172,U0173,2023-10-01T10:37:07,acquaintance,1,0.228744
R02395,U0543,U0544,2023-10-01T12:06:04,collaborator,1,0.09637
R02396,U1096,U1098,2023-10-01T14:34:17,colleague,1,0.079746
R02397,U0291,U0292,2023-10-01T17:26:14,collaborator,1,0.983024
R02398,U1322,U1324,2023-10-02T01:09:31,acquaintance,1,0.474126
R02399,U0461,U1165,2023-10-02T03:23:39,collaborator,1,0.763088
R02400,U0012,U0014,2023-10-02T09:23:38,collaborator,1,0.471041
R02401,U0263,U0264,2023-10-02T15:28:25,collaborator,1,0.315158
R02402,U0534,U0535,2023-10-02T15:59:27,collaborator,1,0.693714
R02403,U0164,U0166,2023-10-02T17:34:49,collaborator,1,0.721027
R02404,U0405,U1111,2023-10-03T00:03:27,collaborator,1,0.573417
R02405,U0758,U0760,2023-10-03T02:22:49,acquaintance,1,0.389293
R02406,U0054,U0055,2023-10-03T02:50:22,acquaintance,1,0.584143
R02407,U0659,U1344,2023-10-03T04:43:57,acquaintance,1,0.798907
R02408,U1218,U1219,2023-10-03T06:01:22,collaborator,1,0.237868
R02409,U1292,U1295,2023-10-03T06:15:35,collaborator,1,0.936759
R02410,U0519,U0521,2023-10-03T06:28:31,colleague,1,0.174121
R02411,U1227,U1229,2023-10-03T09:10:00,collaborator,1,0.097447
R02412,U0302,U0304,2023-10-03T09:51:07,acquaintance,1,0.472716
R02413,U0135,U0137,2023-10-03T11:25:47,acquaintance,1,0.178588
R02414,U1241,U1243,2023-10-03T11:54:06,collaborator,1,0.302683
R02415,U1274,U1276,2023-10-03T12:53:16,collaborator,1,0.362316
R02416,U0709,U1399,2023-10-03T15:19:49,collaborator,1,0.739161
R02417,U0340,U1047,2023-10-03T17:21:51,acquaintance,1,0.752037
R02418,U0279,U0989,2023-10-03T22:59:27,colleague,1,0.690822
R02419,U0694,U0696,2023-10-03T23:34:42,acquaintance,1,0.198004
R02420,U1011,U1013,2023-10-04T02:25:23,acquaintance,1,0.938435
R02421,U1239,U1241,2023-10-04T04:22:32,collaborator,1,0.200591
R02422,U0399,U1106,2023-10-04T05:46:47,collaborator,1,0.797819
R02423,U0086,U0802,2023-10-04T08:24:27,collaborator,1,0.013058
R02424,U0550,U1250,2023-10-04T11:43:23,collaborator,1,0.660427
R02425,U0225,U0938,2023-10-04T12:21:10,collaborator,1,0.872136
R02426,U0085,U0087,2023-10-04T12:33:54,collaborator,1,0.653315
R02427,U1034,U1036,2023-10-04T13:21:38,collaborator,1,0.228155
R02428,U0649,U1335,2023-10-04T14:55:02,collaborator,1,0.532388
R02429,U1367,U1369,2023-10-04T15:02:44,acquaintance,1,0.807098
R02430,U0842,U0844,2023-10-04T17:30:31,collaborator,1,0.163968
R02431,U1301,U1303,2023-10-04T19:10:08,collaborator,1,0.475778
R02432,U1255,U1257,2023-10-04T21:59:13,collaborator,1,0.505458
R02433,U1013,U1015,2023-10-04T23:08:11,collaborator,1,0.838314
R02434,U0267,U0975,2023-10-04T23:15:26,collaborator,1,0.582824
R02435,U0080,U0795,2023-10-05T02:55:23,collaborator,1,0.482412
R02436,U0566,U0568,2023-10-05T03:00:47,acquaintance,1,0.776129
R02437,U0650,U1336,2023-10-05T03:12:20,collaborator,1,0.833713
R02438,U0051,U0052,2023-10-05T03:31:55,colleague,1,0.804343
R02439,U1297,U1298,2023-10-05T10:17:30,colleague,1,0.362069
R02440,U0515,U0517,2023-10-05T11:05:58,collaborator,1,0.950363
R02441,U1277,U1278,2023-10-05T12:03:25,acquaintance,1,0.408393
R02442,U0588,U1282,2023-10-05T12:03:50,colleague,1,0.279155
R02443,U0187,U0191,2023-10-05T13:17:15,acquaintance,1,0.620576
R02444,U0254,U0257,2023-10-05T14:21:41,colleague,1,0.583275
R02445,U0812,U0813,2023-10-05T20:23:12,collaborator,1,0.114421
R02446,U0589,U0592,2023-10-05T20:28:57,colleague,1,0.618903
R02447,U0699,U0700,2023-10-05T22:38:46,collaborator,1,0.284055
R02448,U0064,U0776,2023-10-05T22:56:51,collaborator,1,0.64202
R02449,U1321,U1323,2023-10-06T01:31:50,collaborator,1,0.468019
R02450,U1176,U1179,2023-10-06T02:11:49,colleague,1,0.363637
R02451,U0498,U0501,2023-10-06T03:25:04,collaborator,1,0.162339
R02452,U0083,U0085,2023-10-06T04:00:30,collaborator,1,0.42425
R02453,U0831,U0832,2023-10-06T04:38:04,collaborator,1,0.201387
R02454,U0152,U0863,2023-10-06T07:23:29,collaborator,1,0.733304
R02455,U1090,U1093,2023-10-06T08:38:33,acquaintance,1,0.732761
R02456,U0575,U1271,2023-10-06T11:22:39,acquaintance,1,0.159851
R02457,U1355,U1357,2023-10-06T14:35:39,colleague,1,0.808606
R02458,U1000,U1003,2023-10-06T19:22:52,collaborator,1,0.18423
R02459,U0159,U0163,2023-10-06T23:10:00,collaborator,1,0.646076
R02460,U1354,U1355,2023-10-07T00:31:47,colleague,1,0.203209
R02461,U1335,U1337,2023-10-07T03:57:39,collaborator,1,0.630971
R02462,U0581,U1276,2023-10-07T04:56:04,colleague,1,0.941823
R02463,U0827,U0829,2023-10-07T07:07:04,collaborator,1,0.832502
R02464,U0568,U1265,2023-10-07T16:21:46,acquaintance,1,0.041175
R02465,U1210,U1212,2023-10-07T17:23:03,collaborator,1,0.620266
R02466,U0380,U0381,2023-10-07T18:31:55,collaborator,1,0.831357
R02467,U0326,U0328,2023-10-07T20:38:46,collaborator,1,0.838909
R02468,U0799,U0800,2023-10-07T21:57:31,acquaintance,1,0.176941
R02469,U0147,U0150,2023-10-07T23:52:22,collaborator,1,0.431699
R02470,U0975,U0977,2023-10-08T05:07:19,collaborator,1,0.4585
R02471,U0425,U0426,2023-10-08T07:46:04,collaborator,1,0.692262
R02472,U0694,U1381,2023-10-08T09:03:35,acquaintance,1,0.66837
R02473,U0850,U0852,2023-10-08T09:36:41,collaborator,1,0.331015
R02474,U0623,U0625,2023-10-08T16:11:28,collaborator,1,0.497278
R02475,U0893,U0897,2023-10-08T20:47:37,collaborator,1,0.485722
R02476,U0509,U1209,2023-10-09T00:26:21,collaborator,1,0.040825
R02477,U0605,U1297,2023-10-09T02:08:48,collaborator,1,0.840297
R02478,U0462,U0463,2023-10-09T04:11:18,collaborator,1,0.101976
R02479,U0423,U0424,2023-10-09T04:15:39,acquaintance,1,0.121372
R02480,U0762,U0763,2023-10-09T05:26:28,collaborator,1,0.22907
R02481,U0773,U0774,2023-10-09T05:40:06,collaborator,1,0.485972
R02482,U0506,U0507,2023-10-09T10:58:48,collaborator,1,0.12019
R02483,U0479,U0481,2023-10-09T14:36:52,collaborator,1,0.247714
R02484,U0397,U1105,2023-10-09T17:09:15,collaborator,1,0.112986
R02485,U0454,U0456,2023-10-09T18:20:01,colleague,1,0.457939
R02486,U0454,U1157,2023-10-09T23:32:40,collaborator,1,0.17693
R02487,U0057,U0061,2023-10-09T23:46:58,collaborator,1,0.613721
R02488,U0562,U0563,2023-10-10T00:39:20,collaborator,1,0.566231
R02489,U0597,U0598,2023-10-10T05:09:46,collaborator,1,0.049179
R02490,U1131,U1133,2023-10-10T07:25:53,collaborator,1,0.977613
R02491,U0251,U0254,2023-10-10T07:56:49,collaborator,1,0.572734
R02492,U0483,U0484,2023-10-10T08:38:35,collaborator,1,0.885946
R02493,U0134,U0136,2023-10-10T10:53:08,collaborator,1,0.342478
R02494,U1250,U1251,2023-10-10T12:52:25,collaborator,1,0.712344
R02495,U0869,U0870,2023-10-10T13:54:40,acquaintance,1,0.912164
R02496,U0491,U0493,2023-10-10T17:38:13,colleague,1,0.92632
R02497,U0150,U0861,2023-10-10T19:40:03,colleague,1,0.539595
R02498,U0311,U0313,2023-10-10T22:45:19,collaborator,1,0.258385
R02499,U0472,U1176,2023-10-11T03:33:08,collaborator,1,0.537724
R02500,U0410,U0412,2023-10-11T03:36:53,acquaintance,1,0.309433
R02501,U0986,U0987,2023-10-11T05:10:59,colleague,1,0.290676
R02502,U1174,U1176,2023-10-11T06:16:43,collaborator,1,0.168347
R02503,U0997,U0998,2023-10-11T07:44:22,collaborator,1,0.228798
R02504,U1317,U1320,2023-10-11T11:42:18,collaborator,1,0.752317
R02505,U0397,U0399,2023-10-11T15:56:10,collaborator,1,0.587292
R02506,U0625,U0627,2023-10-11T17:50:35,colleague,1,0.62648
R02507,U0651,U0653,2023-10-11T20:11:45,collaborator,1,0.428483
R02508,U1300,U1301,2023-10-12T05:14:41,collaborator,1,0.186538
R02509,U0137,U0139,2023-10-12T12:48:01,collaborator,1,0.156396
R02510,U0708,U0709,2023-10-12T13:55:02,collaborator,1,0.470948
R02511,U1036,U1038,2023-10-12T17:24:04,acquaintance,1,0.855996
R02512,U0015,U0016,2023-10-12T17:31:01,collaborator,1,0.043879
R02513,U0504,U1204,2023-10-12T19:04:54,colleague,1,0.806423
R02514,U0552,U1252,2023-10-12T19:24:45,acquaintance,1,0.963429
R02515,U0274,U0982,2023-10-13T01:39:20,collaborator,1,0.032465
R02516,U0376,U0381,2023-10-13T01:45:48,collaborator,1,0.702285
R02517,U0054,U0768,2023-10-13T03:27:30,collaborator,1,0.751505
R02518,U0017,U0730,2023-10-13T08:11:28,collaborator,1,0.706722
R02519,U0513,U1212,2023-10-13T08:25:27,collaborator,1,0.08249
R02520,U0022,U0023,2023-10-13T10:01:37,colleague,1,0.486239
R02521,U0320,U0321,2023-10-13T12:02:49,collaborator,1,0.594429
R02522,U0991,U0993,2023-10-13T13:40:58,collaborator,1,0.802286
R02523,U0356,U1063,2023-10-13T14:46:30,colleague,1,0.304786
R02524,U0909,U0911,2023-10-13T15:55:46,collaborator,1,0.05588
R02525,U0575,U0577,2023-10-13T16:33:53,acquaintance,1,0.307774
R02526,U0230,U0941,2023-10-13T22:27:23,acquaintance,1,0.316308
R02527,U0136,U0137,2023-10-14T11:43:45,colleague,1,0.027336
R02528,U0926,U0928,2023-10-14T11:54:46,collaborator,1,0.298056
R02529,U0403,U0405,2023-10-14T13:29:44,collaborator,1,0.176818
R02530,U0353,U0355,2023-10-14T13:40:50,collaborator,1,0.163923
R02531,U0521,U1220,2023-10-14T16:47:27,collaborator,1,0.135134
R02532,U0380,U0382,2023-10-14T17:09:56,collaborator,1,0.921947
R02533,U0748,U0750,2023-10-14T18:19:12,colleague,1,0.325479
R02534,U0247,U0249,2023-10-14T18:28:54,collaborator,1,0.314592
R02535,U0166,U0168,2023-10-14T23:21:54,acquaintance,1,0.378814
R02536,U0693,U1379,2023-10-15T00:32:30,collaborator,1,0.572257
R02537,U0932,U0933,2023-10-15T05:02:59,acquaintance,1,0.303687
R02538,U1331,U1332,2023-10-15T14:58:09,colleague,1,0.576507
R02539,U0835,U0837,2023-10-15T17:39:32,collaborator,1,0.651136
R02540,U0842,U0843,2023-10-15T20:59:45,collaborator,1,0.208474
R02541,U0626,U1311,2023-10-15T20:59:52,collaborator,1,0.909273
R02542,U1132,U1133,2023-10-15T21:16:32,collaborator,1,0.63632
R02543,U0527,U1227,2023-10-15T22:15:30,collaborator,1,0.085213
R02544,U0055,U0769,2023-10-15T23:04:50,acquaintance,1,0.165555
R02545,U1272,U1274,2023-10-16T05:54:59,acquaintance,1,0.05043
R02546,U0210,U0924,2023-10-16T06:05:47,collaborator,1,0.550306
R02547,U1289,U1292,2023-10-16T07:08:57,acquaintance,1,0.999915
R02548,U0507,U0508,2023-10-16T07:19:02,collaborator,1,0.383909
R02549,U0569,U0570,2023-10-16T07:21:31,collaborator,1,0.735158
R02550,U1381,U1383,2023-10-16T15:55:11,collaborator,1,0.929215
R02551,U0288,U0290,2023-10-16T21:03:14,colleague,1,0.81191
R02552,U0985,U0986,2023-10-16T21:40:54,collaborator,1,0.974456
R02553,U1304,U1305,2023-10-17T02:59:11,collaborator,1,0.863528
R02554,U0354,U1060,2023-10-17T05:20:42,acquaintance,1,0.670731
R02555,U0150,U0152,2023-10-17T09:47:18,acquaintance,1,0.2378
R02556,U0452,U1155,2023-10-17T16:37:50,colleague,1,0.921531
R02557,U1044,U1046,2023-10-17T17:02:41,collaborator,1,0.790159
R02558,U0713,U0715,2023-10-17T21:07:25,collaborator,1,0.440281
R02559,U0693,U0695,2023-10-17T21:52:58,collaborator,1,0.84747
R02560,U0579,U1274,2023-10-18T02:31:09,collaborator,1,0.482877
R02561,U1035,U1036,2023-10-18T04:23:55,collaborator,1,0.968768
R02562,U0046,U0758,2023-10-18T07:13:56,collaborator,1,0.271106
R02563,U0603,U0604,2023-10-18T11:16:55,collaborator,1,0.070982
R02564,U0553,U0556,2023-10-18T13:51:39,collaborator,1,0.68616
R02565,U1127,U1128,2023-10-18T15:09:53,collaborator,1,0.918012
R02566,U0675,U0676,2023-10-18T19:48:16,acquaintance,1,0.052886
R02567,U0453,U1156,2023-10-18T20:54:32,acquaintance,1,0.248101
R02568,U0067,U0069,2023-10-18T23:14:57,colleague,1,0.680899
R02569,U0065,U0778,2023-10-19T04:11:59,collaborator,1,0.520991
R02570,U0366,U0369,2023-10-19T06:35:26,acquaintance,1,0.45755
R02571,U0345,U0346,2023-10-19T09:20:49,collaborator,1,0.090323
R02572,U0684,U0685,2023-10-19T11:40:42,collaborator,1,0.345537
R02573,U0446,U0451,2023-10-19T14:45:28,colleague,1,0.609151
R02574,U0892,U0893,2023-10-19T15:17:42,collaborator,1,0.765242
R02575,U1023,U1025,2023-10-19T16:19:50,acquaintance,1,0.208787
R02576,U0412,U0413,2023-10-19T21:31:27,colleague,1,0.570991
R02577,U0676,U0678,2023-10-19T23:57:41,colleague,1,0.611018
R02578,U0687,U1371,2023-10-20T01:07:08,collaborator,1,0.980342
R02579,U0970,U0972,2023-10-20T03:28:37,acquaintance,1,0.352571
R02580,U1197,U1198,2023-10-20T03:32:35,acquaintance,1,0.870281
R02581,U1250,U1252,2023-10-20T04:12:34,collaborator,1,0.022572
R02582,U0690,U1373,2023-10-20T09:23:46,collaborator,1,0.486983
R02583,U1232,U1234,2023-10-20T14:47:38,collaborator,1,0.677342
R02584,U0643,U0646,2023-10-20T17:26:35,colleague,1,0.401009
R02585,U0023,U0024,2023-10-20T20:16:10,collaborator,1,0.612154
R02586,U0631,U1316,2023-10-20T23:40:50,acquaintance,1,0.858224
R02587,U0510,U0513,2023-10-21T02:53:02,collaborator,1,0.151472
R02588,U0323,U0324,2023-10-21T06:04:12,acquaintance,1,0.620639
R02589,U0667,U0668,2023-10-21T06:08:50,collaborator,1,0.798148
R02590,U0660,U0661,2023-10-21T06:46:22,collaborator,1,0.013303
R02591,U1350,U1351,2023-10-21T13:33:00,collaborator,1,0.615395
R02592,U0626,U0628,2023-10-21T14:35:14,collaborator,1,0.032537
R02593,U0089,U0091,2023-10-21T17:36:25,colleague,1,0.524164
R02594,U0679,U0681,2023-10-21T19:42:05,acquaintance,1,0.056429
R02595,U0519,U0520,2023-10-21T20:02:03,collaborator,1,0.904834
R02596,U0535,U0536,2023-10-22T01:23:12,collaborator,1,0.792618
R02597,U0589,U0591,2023-10-22T04:27:57,collaborator,1,0.725202
R02598,U0062,U0065,2023-10-22T05:29:31,acquaintance,1,0.156373
R02599,U0760,U0761,2023-10-22T09:34:27,collaborator,1,0.519556
R02600,U1052,U1053,2023-10-22T14:59:56,collaborator,1,0.940334
R02601,U0717,U0719,2023-10-22T15:01:21,acquaintance,1,0.071687
R02602,U0143,U0144,2023-10-22T17:41:37,collaborator,1,0.181597
R02603,U0906,U0907,2023-10-23T01:47:53,colleague,1,0.983013
R02604,U1013,U1014,2023-10-23T02:20:41,acquaintance,1,0.577027
R02605,U0639,U0640,2023-10-23T04:49:35,acquaintance,1,0.220639
R02606,U0279,U0283,2023-10-23T09:19:52,acquaintance,1,0.242192
R02607,U0223,U0227,2023-10-23T12:15:19,acquaintance,1,0.030744
R02608,U0456,U1160,2023-10-23T16:16:38,collaborator,1,0.013993
R02609,U1078,U1079,2023-10-23T20:03:16,collaborator,1,0.139326
R02610,U0898,U0901,2023-10-23T20:23:48,collaborator,1,0.61179
R02611,U0527,U0529,2023-10-23T21:49:02,colleague,1,0.91185
R02612,U0359,U1067,2023-10-24T00:05:53,collaborator,1,0.301371
R02613,U1282,U1283,2023-10-24T00:13:55,colleague,1,0.590731
R02614,U1182,U1184,2023-10-24T00:43:52,collaborator,1,0.283618
R02615,U0990,U0991,2023-10-24T03:52:03,collaborator,1,0.359094
R02616,U0873,U0874,2023-10-24T06:32:32,acquaintance,1,0.393392
R02617,U0072,U0073,2023-10-24T10:49:52,collaborator,1,0.084238
R02618,U0710,U1401,2023-10-24T12:56:27,collaborator,1,0.620334
R02619,U0584,U1279,2023-10-24T13:25:36,colleague,1,0.031506
R02620,U1060,U1063,2023-10-24T17:56:20,acquaintance,1,0.100702
R02621,U0874,U0876,2023-10-24T19:14:15,colleague,1,0.842866
R02622,U0214,U0216,2023-10-24T21:10:33,collaborator,1,0.569148
R02623,U0052,U0054,2023-10-24T21:33:50,collaborator,1,0.477761
R02624,U0471,U0472,2023-10-24T23:54:54,acquaintance,1,0.153315
R02625,U1359,U1360,2023-10-25T10:45:08,collaborator,1,0.305008
R02626,U0025,U0027,2023-10-25T11:15:44,collaborator,1,0.325699
R02627,U0880,U0881,2023-10-25T13:13:33,collaborator,1,0.292436
R02628,U0363,U1071,2023-10-25T16:16:45,colleague,1,0.141139
R02629,U0270,U0272,2023-10-25T17:27:26,collaborator,1,0.221544
R02630,U0943,U0944,2023-10-25T21:03:37,collaborator,1,0.101271
R02631,U0128,U0131,2023-10-26T09:41:44,collaborator,1,0.272423
R02632,U0006,U0007,2023-10-26T09:46:17,acquaintance,1,0.500343
R02633,U1359,U1361,2023-10-26T14:12:47,collaborator,1,0.348611
R02634,U0521,U0524,2023-10-26T14:31:14,acquaintance,1,0.417504
R02635,U0127,U0128,2023-10-26T16:20:24,acquaintance,1,0.899582
R02636,U0030,U0031,2023-10-27T00:54:45,collaborator,1,0.811501
R02637,U0490,U0492,2023-10-27T03:16:49,collaborator,1,0.72917
R02638,U0388,U0390,2023-10-27T04:34:02,acquaintance,1,0.966645
R02639,U0717,U0718,2023-10-27T08:09:06,acquaintance,1,0.942938
R02640,U0269,U0271,2023-10-27T09:22:50,acquaintance,1,0.906735
R02641,U0241,U0244,2023-10-27T10:34:35,acquaintance,1,0.832547
R02642,U0732,U0735,2023-10-27T12:58:27,acquaintance,1,0.655853
R02643,U0150,U0151,2023-10-27T13:01:53,acquaintance,1,0.684715
R02644,U0587,U1281,2023-10-27T15:34:39,collaborator,1,0.435385
R02645,U0203,U0204,2023-10-27T16:20:38,collaborator,1,0.19933
R02646,U0015,U0728,2023-10-27T17:15:00,collaborator,1,0.49027
R02647,U0179,U0181,2023-10-27T17:57:40,collaborator,1,0.379607
R02648,U1160,U1162,2023-10-28T01:01:09,collaborator,1,0.241287
R02649,U0405,U0406,2023-10-28T07:55:18,collaborator,1,0.038123
R02650,U0846,U0847,2023-10-28T11:39:46,collaborator,1,0.676153
R02651,U0409,U1118,2023-10-28T12:57:13,collaborator,1,0.022421
R02652,U0583,U0584,2023-10-28T14:32:53,acquaintance,1,0.763287
R02653,U0342,U1048,2023-10-28T15:32:04,acquaintance,1,0.351112
R02654,U0336,U0337,2023-10-28T17:59:13,collaborator,1,0.119007
R02655,U0216,U0218,2023-10-28T20:40:21,acquaintance,1,0.346252
R02656,U1007,U1008,2023-10-28T20:40:58,colleague,1,0.832216
R02657,U0429,U1138,2023-10-28T21:18:27,acquaintance,1,0.147692
R02658,U0742,U0743,2023-11-01T00:02:45,collaborator,1,0.896794
R02659,U0289,U0997,2023-11-01T02:11:11,collaborator,1,0.895655
R02660,U0260,U0968,2023-11-01T06:17:05,collaborator,1,0.746282
R02661,U0835,U0838,2023-11-01T12:58:36,collaborator,1,0.717518
R02662,U0553,U1253,2023-11-01T17:29:05,collaborator,1,0.888512
R02663,U0725,U0727,2023-11-01T22:21:00,colleague,1,0.010461
R02664,U0295,U0298,2023-11-01T22:38:00,acquaintance,1,0.341817
R02665,U0679,U1363,2023-11-01T23:00:55,collaborator,1,0.881892
R02666,U0122,U0835,2023-11-02T03:28:04,collaborator,1,0.395922
R02667,U0634,U0635,2023-11-02T08:35:20,acquaintance,1,0.256645
R02668,U0103,U0104,2023-11-02T12:32:46,collaborator,1,0.174284
R02669,U0319,U0321,2023-11-02T14:49:05,collaborator,1,0.355384
R02670,U0761,U0762,2023-11-02T14:54:29,collaborator,1,0.270168
R02671,U0264,U0266,2023-11-02T17:33:01,acquaintance,1,0.180409
R02672,U1283,U1285,2023-11-02T21:08:53,collaborator,1,0.250134
R02673,U0891,U0892,2023-11-03T05:51:35,collaborator,1,0.026094
R02674,U0890,U0891,2023-11-03T06:28:52,collaborator,1,0.304477
R02675,U0097,U0099,2023-11-03T09:15:25,collaborator,1,0.417195
R02676,U0074,U0076,2023-11-03T18:45:14,colleague,1,0.101306
R02677,U0183,U0894,2023-11-03T22:16:04,acquaintance,1,0.489698
R02678,U0806,U0807,2023-11-03T22:58:58,collaborator,1,0.763099
R02679,U0319,U1024,2023-11-04T02:17:55,colleague,1,0.688781
R02680,U1067,U1069,2023-11-04T02:23:51,collaborator,1,0.163696
R02681,U0872,U0874,2023-11-04T05:12:45,collaborator,1,0.477537
R02682,U1021,U1022,2023-11-04T06:27:06,collaborator,1,0.671281
R02683,U1200,U1202,2023-11-04T08:43:27,collaborator,1,0.197742
R02684,U1249,U1251,2023-11-04T08:53:57,collaborator,1,0.286475
R02685,U0145,U0146,2023-11-04T10:29:09,collaborator,1,0.499463
R02686,U0421,U1130,2023-11-04T10:35:53,colleague,1,0.863714
R02687,U1063,U1065,2023-11-04T17:40:56,collaborator,1,0.923548
R02688,U0273,U0275,2023-11-04T19:31:40,collaborator,1,0.482413
R02689,U0153,U0864,2023-11-05T04:26:58,collaborator,1,0.9078
R02690,U0848,U0850,2023-11-05T05:57:04,acquaintance,1,0.564451
R02691,U0273,U0274,2023-11-05T09:18:12,collaborator,1,0.782344
R02692,U0048,U0050,2023-11-05T11:07:00,collaborator,1,0.483929
R02693,U1260,U1262,2023-11-05T14:17:17,collaborator,1,0.324785
R02694,U0657,U0660,2023-11-05T17:34:35,collaborator,1,0.143718
R02695,U1185,U1187,2023-11-05T18:31:22,collaborator,1,0.436738
R02696,U0187,U0190,2023-11-05T19:26:21,collaborator,1,0.360012
R02697,U0897,U0898,2023-11-05T22:50:56,acquaintance,1,0.894124
R02698,U0187,U0899,2023-11-05T23:01:12,acquaintance,1,0.900011
R02699,U0532,U1232,2023-11-06T06:44:15,colleague,1,0.085733
R02700,U1316,U1320,2023-11-06T10:48:24,collaborator,1,0.382905
R02701,U0362,U0364,2023-11-06T11:28:51,collaborator,1,0.86998
R02702,U0675,U1360,2023-11-06T16:02:30,collaborator,1,0.15911
R02703,U1281,U1282,2023-11-06T16:30:57,collaborator,1,0.022158
R02704,U1189,U1190,2023-11-06T18:16:32,collaborator,1,0.736284
R02705,U0151,U0153,2023-11-06T18:26:18,colleague,1,0.896438
R02706,U0058,U0772,2023-11-06T19:44:35,collaborator,1,0.581159
R02707,U0574,U1270,2023-11-06T22:59:39,collaborator,1,0.679193
R02708,U0387,U1096,2023-11-07T00:04:29,collaborator,1,0.687846
R02709,U0599,U0600,2023-11-07T02:39:19,collaborator,1,0.850699
R02710,U0041,U0042,2023-11-07T02:52:45,acquaintance,1,0.59842
R02711,U0194,U0196,2023-11-07T07:31:02,collaborator,1,0.31523
R02712,U0293,U0294,2023-11-07T07:38:29,acquaintance,1,0.783131
R02713,U0483,U0485,2023-11-07T09:26:31,acquaintance,1,0.667782
R02714,U0819,U0820,2023-11-07T13:17:10,acquaintance,1,0.320075
R02715,U0715,U0717,2023-11-07T13:55:38,collaborator,1,0.131855
R02716,U0771,U0772,2023-11-07T14:46:59,colleague,1,0.23369
R02717,U0938,U0939,2023-11-07T15:14:29,acquaintance,1,0.792168
R02718,U0820,U0822,2023-11-07T15:39:40,acquaintance,1,0.696291
R02719,U0858,U0861,2023-11-07T16:29:34,collaborator,1,0.089922
R02720,U0736,U0737,2023-11-07T16:52:44,collaborator,1,0.482513
R02721,U0109,U0824,2023-11-07T20:08:14,collaborator,1,0.498211
R02722,U0343,U1049,2023-11-07T20:26:38,colleague,1,0.00589
R02723,U0305,U1013,2023-11-07T20:56:26,colleague,1,0.236058
R02724,U0886,U0888,2023-11-07T23:02:30,collaborator,1,0.463393
R02725,U0401,U1107,2023-11-08T03:09:22,colleague,1,0.203252
R02726,U0843,U0844,2023-11-08T06:11:02,collaborator,1,0.678943
R02727,U1309,U1310,2023-11-08T07:16:45,collaborator,1,0.697131
R02728,U0298,U0300,2023-11-08T08:42:44,collaborator,1,0.570411
R02729,U0919,U0921,2023-11-08T09:35:05,collaborator,1,0.648251
R02730,U0801,U0802,2023-11-08T10:36:47,colleague,1,0.18165
R02731,U0017,U0018,2023-11-08T12:53:42,collaborator,1,0.912007
R02732,U0380,U1085,2023-11-08T12:55:19,collaborator,1,0.884182
R02733,U0476,U0477,2023-11-08T14:33:00,collaborator,1,0.537235
R02734,U0200,U0913,2023-11-08T15:18:35,collaborator,1,0.714908
R02735,U0131,U0134,2023-11-08T16:04:44,acquaintance,1,0.29481
R02736,U0031,U0745,2023-11-08T16:40:35,acquaintance,1,0.583983
R02737,U1026,U1029,2023-11-08T17:44:22,collaborator,1,0.549414
R02738,U1176,U1177,2023-11-08T21:28:35,acquaintance,1,0.76663
R02739,U0285,U0992,2023-11-08T23:51:49,colleague,1,0.82193
R02740,U0358,U0359,2023-11-09T03:14:48,acquaintance,1,0.79613
R02741,U1187,U1188,2023-11-09T07:28:07,colleague,1,0.255662
R02742,U1323,U1325,2023-11-09T09:16:20,acquaintance,1,0.603273
R02743,U0993,U0995,2023-11-09T11:19:35,collaborator,1,0.886072
R02744,U1352,U1354,2023-11-09T15:52:08,colleague,1,0.292398
R02745,U0104,U0819,2023-11-09T16:54:04,collaborator,1,0.897831
R02746,U0954,U0956,2023-11-09T18:25:26,collaborator,1,0.836687
R02747,U0374,U0375,2023-11-09T18:37:17,acquaintance,1,0.072215
R02748,U0387,U0389,2023-11-10T00:43:54,colleague,1,0.399406
R02749,U0248,U0958,2023-11-10T02:09:52,collaborator,1,0.948257
R02750,U1109,U1114,2023-11-10T02:23:51,acquaintance,1,0.534526
R02751,U0390,U0393,2023-11-10T03:26:14,collaborator,1,0.332645
R02752,U1031,U1033,2023-11-10T04:28:21,collaborator,1,0.286226
R02753,U0743,U0745,2023-11-10T05:30:10,collaborator,1,0.564852
R02754,U1141,U1142,2023-11-10T06:42:03,collaborator,1,0.247669
R02755,U1103,U1105,2023-11-10T06:43:02,collaborator,1,0.953204
R02756,U0231,U0232,2023-11-10T07:31:32,acquaintance,1,0.317286
R02757,U0670,U1355,2023-11-10T07:33:04,collaborator,1,0.303373
R02758,U0824,U0826,2023-11-10T08:47:28,collaborator,1,0.92237
R02759,U0125,U0839,2023-11-10T19:10:09,collaborator,1,0.32965
R02760,U1270,U1272,2023-11-10T20:24:29,colleague,1,0.207322
R02761,U0396,U1104,2023-11-10T20:53:26,collaborator,1,0.541425
R02762,U0940,U0942,2023-11-10T23:37:19,acquaintance,1,0.461789
R02763,U0675,U0678,2023-11-11T03:14:34,collaborator,1,0.234127
R02764,U0956,U0958,2023-11-11T04:34:37,collaborator,1,0.095292
R02765,U0671,U0672,2023-11-11T06:43:23,acquaintance,1,0.817063
R02766,U0596,U1288,2023-11-11T12:20:53,collaborator,1,0.218618
R02767,U0892,U0894,2023-11-11T13:55:08,colleague,1,0.009786
R02768,U0665,U0666,2023-11-11T15:03:48,collaborator,1,0.013983
R02769,U0044,U0045,2023-11-11T17:58:39,collaborator,1,0.715047
R02770,U0322,U1028,2023-11-11T18:03:53,collaborator,1,0.400452
R02771,U0064,U0067,2023-11-11T21:03:43,collaborator,1,0.560066
R02772,U0869,U0871,2023-11-12T00:09:56,acquaintance,1,0.753328
R02773,U0921,U0922,2023-11-12T01:52:28,collaborator,1,0.383999
R02774,U0070,U0073,2023-11-12T04:53:12,collaborator,1,0.216282
R02775,U0564,U0566,2023-11-12T07:08:14,collaborator,1,0.793799
R02776,U1007,U1009,2023-11-12T07:39:29,collaborator,1,0.496571
R02777,U0114,U0115,2023-11-12T08:43:48,acquaintance,1,0.860009
R02778,U0042,U0044,2023-11-12T10:21:20,acquaintance,1,0.528955
R02779,U0007,U0719,2023-11-12T10:45:50,collaborator,1,0.873008
R02780,U0373,U0374,2023-11-12T12:03:01,acquaintance,1,0.2549
R02781,U1050,U1052,2023-11-12T16:52:46,collaborator,1,0.055922
R02782,U0420,U0422,2023-11-12T17:39:02,collaborator,1,0.254863
R02783,U0407,U0409,2023-11-12T20:54:48,colleague,1,0.740373
R02784,U0882,U0883,2023-11-12T21:26:23,acquaintance,1,0.209527
R02785,U1182,U1183,2023-11-12T21:29:28,acquaintance,1,0.491667
R02786,U0553,U0554,2023-11-12T21:33:16,colleague,1,0.60967
R02787,U1179,U1181,2023-11-12T23:18:51,collaborator,1,0.636225
R02788,U0511,U1211,2023-11-13T08:10:13,collaborator,1,0.806803
R02789,U0748,U0749,2023-11-13T08:42:01,collaborator,1,0.938089
R02790,U0345,U0347,2023-11-13T11:23:57,collaborator,1,0.444054
R02791,U0257,U0260,2023-11-13T12:36:34,acquaintance,1,0.08006
R02792,U0694,U0695,2023-11-13T18:02:11,acquaintance,1,0.702981
R02793,U0501,U0504,2023-11-13T18:18:41,collaborator,1,0.800114
R02794,U1080,U1083,2023-11-13T18:45:16,colleague,1,0.415036
R02795,U0628,U1314,2023-11-13T20:16:22,collaborator,1,0.388486
R02796,U1305,U1307,2023-11-13T22:59:04,collaborator,1,0.008377
R02797,U0685,U0687,2023-11-14T05:30:35,collaborator,1,0.874129
R02798,U1282,U1284,2023-11-14T08:57:02,collaborator,1,0.921195
R02799,U0014,U0015,2023-11-14T09:01:20,acquaintance,1,0.366929
R02800,U1351,U1352,2023-11-14T11:24:46,acquaintance,1,0.256985
R02801,U0828,U0830,2023-11-14T13:24:45,acquaintance,1,0.74726
R02802,U0815,U0817,2023-11-14T16:30:51,collaborator,1,0.925578
R02803,U1403,U1404,2023-11-14T17:05:14,colleague,1,0.919115
R02804,U0739,U0741,2023-11-14T19:13:47,acquaintance,1,0.088043
R02805,U0697,U1384,2023-11-14T19:24:59,collaborator,1,0.693292
R02806,U1133,U1134,2023-11-14T21:34:19,collaborator,1,0.172646
R02807,U0706,U0708,2023-11-14T21:50:30,collaborator,1,0.782939
R02808,U0303,U1011,2023-11-15T00:30:12,collaborator,1,0.45097
R02809,U0596,U0597,2023-11-15T01:34:17,acquaintance,1,0.259951
R02810,U1328,U1329,2023-11-15T02:13:31,collaborator,1,0.823386
R02811,U0222,U0934,2023-11-15T04:09:10,collaborator,1,0.832218
R02812,U0422,U0424,2023-11-15T04:20:21,collaborator,1,0.070617
R02813,U0490,U0491,2023-11-15T04:47:03,colleague,1,0.946177
R02814,U0597,U0599,2023-11-15T11:22:47,collaborator,1,0.789109
R02815,U0551,U0553,2023-11-15T14:23:25,collaborator,1,0.523008
R02816,U0101,U0816,2023-11-15T16:12:00,acquaintance,1,0.670423
R02817,U0447,U0451,2023-11-15T18:02:28,collaborator,1,0.648567
R02818,U0428,U1137,2023-11-15T19:28:17,collaborator,1,0.318174
R02819,U0128,U0132,2023-11-15T20:33:49,colleague,1,0.332853
R02820,U0277,U0987,2023-11-15T22:08:41,collaborator,1,0.267915
R02821,U0218,U0929,2023-11-15T22:46:49,collaborator,1,0.875228
R02822,U1277,U1279,2023-11-15T23:44:17,acquaintance,1,0.62774
R02823,U1117,U1119,2023-11-16T00:51:15,colleague,1,0.184628
R02824,U1163,U1165,2023-11-16T00:51:42,collaborator,1,0.83148
R02825,U0852,U0854,2023-11-16T05:40:29,collaborator,1,0.35555
R02826,U0772,U0774,2023-11-16T12:45:41,collaborator,1,0.881653
R02827,U0086,U0088,2023-11-16T14:10:38,colleague,1,0.63774
R02828,U1111,U1114,2023-11-16T14:39:09,collaborator,1,0.339093
R02829,U0818,U0820,2023-11-16T15:02:04,collaborator,1,0.452098
R02830,U0079,U0794,2023-11-16T15:27:08,acquaintance,1,0.541544
R02831,U0958,U0960,2023-11-16T18:45:26,acquaintance,1,0.1208
R02832,U0708,U1398,2023-11-16T22:41:02,collaborator,1,0.260083
R02833,U0854,U0856,2023-11-16T22:42:43,acquaintance,1,0.06846
R02834,U1207,U1208,2023-11-17T00:07:04,acquaintance,1,0.194847
R02835,U0579,U0580,2023-11-17T06:04:12,collaborator,1,0.141455
R02836,U0770,U0771,2023-11-17T06:15:06,collaborator,1,0.643386
R02837,U1273,U1275,2023-11-17T13:31:16,acquaintance,1,0.877095
R02838,U0622,U1307,2023-11-17T22:12:25,acquaintance,1,0.69359
R02839,U0101,U0102,2023-11-17T23:33:03,collaborator,1,0.657389
R02840,U1368,U1369,2023-11-18T02:04:39,acquaintance,1,0.137695
R02841,U0990,U0992,2023-11-18T03:29:57,colleague,1,0.296884
R02842,U0657,U0659,2023-11-18T04:10:38,collaborator,1,0.160961
R02843,U0870,U0871,2023-11-18T08:09:44,collaborator,1,0.410818
R02844,U0944,U0945,2023-11-18T10:57:12,collaborator,1,0.348815
R02845,U0004,U0717,2023-11-18T15:45:52,collaborator,1,0.087876
R02846,U0631,U0633,2023-11-18T16:46:40,colleague,1,0.366121
R02847,U0797,U0799,2023-11-18T19:57:16,colleague,1,0.318016
R02848,U1268,U1269,2023-11-18T21:38:54,acquaintance,1,0.112447
R02849,U0676,U1361,2023-11-18T21:48:51,collaborator,1,0.610636
R02850,U1150,U1151,2023-11-18T22:34:17,acquaintance,1,0.530017
R02851,U1255,U1256,2023-11-19T00:20:23,colleague,1,0.887937
R02852,U0509,U0511,2023-11-19T02:56:39,colleague,1,0.604874
R02853,U1278,U1280,2023-11-19T03:24:46,acquaintance,1,0.332796
R02854,U1236,U1237,2023-11-19T03:31:24,collaborator,1,0.746027
R02855,U0395,U0396,2023-11-19T05:04:23,acquaintance,1,0.484575
R02856,U0183,U0185,2023-11-19T09:06:26,collaborator,1,0.361527
R02857,U1402,U1404,2023-11-19T11:06:46,acquaintance,1,0.31118
R02858,U0563,U1259,2023-11-19T11:19:46,collaborator,1,0.342514
R02859,U0981,U0982,2023-11-19T11:33:01,collaborator,1,0.156691
R02860,U0227,U0229,2023-11-19T11:50:20,collaborator,1,0.460056
R02861,U0921,U0924,2023-11-19T13:36:21,acquaintance,1,0.697146
R02862,U0012,U0725,2023-11-19T14:13:29,collaborator,1,0.240346
R02863,U0534,U1234,2023-11-19T18:00:05,colleague,1,0.009311
R02864,U0396,U0397,2023-11-19T23:08:21,collaborator,1,0.339968
R02865,U0516,U0517,2023-11-19T23:53:33,collaborator,1,0.263216
R02866,U1278,U1279,2023-11-20T00:47:31,collaborator,1,0.857338
R02867,U0027,U0028,2023-11-20T01:04:50,collaborator,1,0.492634
R02868,U0571,U0573,2023-11-20T01:47:47,collaborator,1,0.980254
R02869,U1209,U1211,2023-11-20T04:18:20,collaborator,1,0.303694
R02870,U0019,U0022,2023-11-20T05:24:56,acquaintance,1,0.732146
R02871,U0444,U0447,2023-11-20T09:46:41,acquaintance,1,0.727655
R02872,U0800,U0801,2023-11-20T12:09:08,acquaintance,1,0.559714
R02873,U1148,U1150,2023-11-20T13:28:15,colleague,1,0.016966
R02874,U0567,U0568,2023-11-20T14:10:53,colleague,1,0.391183
R02875,U1136,U1137,2023-11-20T17:54:00,collaborator,1,0.669932
R02876,U0762,U0764,2023-11-20T18:01:51,collaborator,1,0.221393
R02877,U0604,U0605,2023-11-20T18:27:33,collaborator,1,0.929333
R02878,U1201,U1204,2023-11-20T19:54:10,colleague,1,0.410005
R02879,U1195,U1197,2023-11-20T20:35:09,collaborator,1,0.860839
R02880,U1347,U1348,2023-11-21T00:18:35,collaborator,1,0.539602
R02881,U0028,U0030,2023-11-21T03:30:58,collaborator,1,0.152992
R02882,U0549,U0551,2023-11-21T04:17:04,colleague,1,0.602079
R02883,U0287,U0994,2023-11-21T04:37:09,collaborator,1,0.990742
R02884,U0358,U1065,2023-11-21T05:19:06,colleague,1,0.283077
R02885,U0484,U1189,2023-11-21T07:28:18,collaborator,1,0.912911
R02886,U0959,U0960,2023-11-21T10:21:00,collaborator,1,0.359492
R02887,U0044,U0046,2023-11-21T11:59:54,collaborator,1,0.8421
R02888,U1337,U1339,2023-11-21T13:12:39,acquaintance,1,0.680031
R02889,U0916,U0919,2023-11-21T13:42:43,colleague,1,0.658424
R02890,U1145,U1146,2023-11-21T17:03:45,colleague,1,0.845373
R02891,U0822,U0823,2023-11-21T18:03:23,collaborator,1,0.910518
R02892,U0872,U0873,2023-11-21T18:31:18,colleague,1,0.759836
R02893,U0002,U0004,2023-11-21T22:11:50,collaborator,1,0.584462
R02894,U0457,U0459,2023-11-22T01:52:26,collaborator,1,0.333334
R02895,U0627,U0628,2023-11-22T07:17:41,acquaintance,1,0.031273
R02896,U1312,U1315,2023-11-22T09:27:23,colleague,1,0.657142
R02897,U0134,U0135,2023-11-22T11:47:09,collaborator,1,0.832112
R02898,U0249,U0250,2023-11-22T11:58:42,collaborator,1,0.512627
R02899,U1209,U1210,2023-11-22T12:44:58,acquaintance,1,0.838602
R02900,U1114,U1115,2023-11-22T13:48:35,acquaintance,1,0.960533
R02901,U0284,U0991,2023-11-22T14:21:54,acquaintance,1,0.909194
R02902,U1185,U1186,2023-11-22T15:22:48,collaborator,1,0.452621
R02903,U0073,U0785,2023-11-22T19:44:38,collaborator,1,0.458911
R02904,U0682,U0684,2023-11-22T23:45:01,acquaintance,1,0.941579
R02905,U0044,U0756,2023-11-23T02:46:13,colleague,1,0.502722
R02906,U0584,U0587,2023-11-23T09:25:55,acquaintance,1,0.742682
R02907,U0143,U0854,2023-11-23T16:24:48,collaborator,1,0.738896
R02908,U0422,U1131,2023-11-23T18:00:05,acquaintance,1,0.566912
R02909,U0181,U0182,2023-11-23T21:48:41,collaborator,1,0.906471
R02910,U1240,U1241,2023-11-24T00:42:58,collaborator,1,0.802998
R02911,U0348,U0351,2023-11-24T04:30:38,collaborator,1,0.778125
R02912,U1244,U1245,2023-11-24T04:51:55,collaborator,1,0.928811
R02913,U0148,U0859,2023-11-24T12:03:26,acquaintance,1,0.721716
R02914,U0362,U1070,2023-11-24T14:25:43,collaborator,1,0.460787
R02915,U0191,U0903,2023-11-24T16:39:16,colleague,1,0.785619
R02916,U0457,U0458,2023-11-24T17:08:26,colleague,1,0.91664
R02917,U0652,U0654,2023-11-24T18:10:23,collaborator,1,0.347309
R02918,U1315,U1317,2023-11-24T18:35:05,colleague,1,0.740224
R02919,U0272,U0274,2023-11-24T19:16:29,acquaintance,1,0.24497
R02920,U1015,U1017,2023-11-24T19:26:37,collaborator,1,0.602478
R02921,U0293,U0295,2023-11-24T20:34:58,collaborator,1,0.18651
R02922,U0169,U0170,2023-11-24T22:20:15,collaborator,1,0.11434
R02923,U0393,U0395,2023-11-24T22:28:13,collaborator,1,0.356872
R02924,U0910,U0913,2023-11-25T03:38:09,colleague,1,0.042374
R02925,U1256,U1258,2023-11-25T07:30:05,collaborator,1,0.523903
R02926,U0404,U0406,2023-11-25T13:07:23,collaborator,1,0.056879
R02927,U1006,U1008,2023-11-25T15:54:30,acquaintance,1,0.292199
R02928,U1165,U1166,2023-11-25T16:21:43,collaborator,1,0.214053
R02929,U0707,U1397,2023-11-25T22:28:17,collaborator,1,0.455781
R02930,U1253,U1255,2023-11-26T02:09:56,collaborator,1,0.038109
R02931,U0385,U0386,2023-11-26T02:30:38,colleague,1,0.380292
R02932,U0965,U0967,2023-11-26T03:15:19,collaborator,1,0.611055
R02933,U1247,U1249,2023-11-26T06:21:15,collaborator,1,0.696499
R02934,U1128,U1130,2023-11-26T07:25:13,acquaintance,1,0.134158
R02935,U1373,U1375,2023-11-26T15:12:53,collaborator,1,0.947306
R02936,U0487,U0488,2023-11-26T21:04:55,acquaintance,1,0.260692
R02937,U1194,U1196,2023-11-26T23:50:23,acquaintance,1,0.268419
R02938,U0335,U0337,2023-11-27T01:38:04,collaborator,1,0.827126
R02939,U0198,U0910,2023-11-27T06:16:51,acquaintance,1,0.026649
R02940,U0953,U0955,2023-11-27T06:26:08,colleague,1,0.421627
R02941,U0713,U0714,2023-11-27T09:35:05,collaborator,1,0.622659
R02942,U0061,U0062,2023-11-27T10:04:01,collaborator,1,0.397656
R02943,U1138,U1139,2023-11-27T10:22:45,acquaintance,1,0.154596
R02944,U0326,U1033,2023-11-27T12:39:06,colleague,1,0.787129
R02945,U0186,U0898,2023-11-27T12:51:04,acquaintance,1,0.834799
R02946,U1151,U1152,2023-11-27T14:37:50,collaborator,1,0.479489
R02947,U1081,U1083,2023-11-27T16:58:26,acquaintance,1,0.562278
R02948,U0196,U0197,2023-11-27T20:15:35,collaborator,1,0.535097
R02949,U0574,U0576,2023-11-28T01:47:51,collaborator,1,0.281045
R02950,U0703,U1392,2023-11-28T06:48:40,collaborator,1,0.697676
R02951,U0250,U0960,2023-11-28T07:14:29,colleague,1,0.045122
R02952,U0873,U0875,2023-11-28T07:59:53,acquaintance,1,0.226039
R02953,U0453,U0454,2023-11-28T08:20:06,colleague,1,0.301136
R02954,U0551,U0552,2023-11-28T11:42:21,collaborator,1,0.189173
R02955,U0934,U0938,2023-11-28T12:48:01,collaborator,1,0.711505
R02956,U0277,U0278,2023-11-28T15:06:56,colleague,1,0.605098
R02957,U0622,U0624,2023-11-28T16:41:35,collaborator,1,0.578414
R02958,U1072,U1073,2023-11-28T19:32:02,collaborator,1,0.300935
R02959,U1264,U1265,2023-11-28T21:21:26,acquaintance,1,0.251185
R02960,U1344,U1346,2023-11-28T23:19:08,collaborator,1,0.389638
R02961,U0997,U1369,2023-12-01T00:00:00,acquaintance,1,0.779433
R02962,U0628,U1091,2023-12-01T00:00:01,acquaintance,1,0.41553
R02963,U0753,U1341,2023-12-01T00:00:02,acquaintance,1,0.997319
R02964,U0265,U1211,2023-12-01T00:00:03,collaborator,1,0.424852
R02965,U0634,U0793,2023-12-02T00:00:01,collaborator,1,0.123615
R02966,U0771,U1134,2023-12-02T00:00:02,collaborator,1,0.107705
R02967,U0493,U0779,2023-12-02T00:00:03,collaborator,1,0.744695
R02968,U0315,U0705,2023-12-02T00:00:04,collaborator,1,0.719697
R02969,U0292,U1107,2023-12-03T00:00:01,colleague,1,0.059693
R02970,U0277,U0498,2023-12-03T00:00:02,acquaintance,1,0.751313
R02971,U0215,U0336,2023-12-03T00:00:03,collaborator,1,0.62256
R02972,U0623,U1300,2023-12-03T00:00:04,collaborator,1,0.884818
R02973,U0548,U0819,2023-12-04T00:00:01,acquaintance,1,0.891327
R02974,U0093,U0143,2023-12-04T00:00:02,colleague,1,0.092951
R02975,U0239,U1335,2023-12-04T00:00:03,collaborator,1,0.406022
R02976,U0193,U0346,2023-12-04T00:00:04,collaborator,1,0.839408
R02977,U0434,U1022,2023-12-05T00:00:01,colleague,1,0.676338
R02978,U0155,U0245,2023-12-05T00:00:02,colleague,1,0.069371
R02979,U0191,U1010,2023-12-05T00:00:03,collaborator,1,0.258972
R02980,U0431,U1132,2023-12-05T00:00:04,colleague,1,0.850945
R02981,U0321,U1347,2023-12-06T00:00:01,collaborator,1,0.63155
R02982,U0292,U1328,2023-12-06T00:00:02,collaborator,1,0.832909
R02983,U0070,U0650,2023-12-06T00:00:03,collaborator,1,0.38979
R02984,U0407,U0625,2023-12-06T00:00:04,collaborator,1,0.767508
R02985,U0427,U0749,2023-12-07T00:00:01,colleague,1,0.35199
R02986,U0824,U1358,2023-12-07T00:00:02,acquaintance,1,0.402922
R02987,U0166,U0726,2023-12-07T00:00:03,collaborator,1,0.597565
R02988,U0057,U0567,2023-12-08T00:00:00,acquaintance,1,0.5979
R02989,U0356,U0469,2023-12-08T00:00:01,collaborator,1,0.256447
R02990,U0822,U1299,2023-12-08T00:00:02,collaborator,1,0.497979
R02991,U0571,U1091,2023-12-08T00:00:03,colleague,1,0.695364
R02992,U0908,U0938,2023-12-09T00:00:01,collaborator,1,0.014275
R02993,U0397,U1167,2023-12-09T00:00:02,acquaintance,1,0.058217
R02994,U0571,U1306,2023-12-09T00:00:03,collaborator,1,0.090318
R02995,U0635,U0712,2023-12-09T00:00:04,acquaintance,1,0.848675
R02996,U0530,U1084,2023-12-10T00:00:01,acquaintance,1,0.566773
R02997,U0195,U0785,2023-12-10T00:00:02,acquaintance,1,0.58663
R02998,U0954,U0971,2023-12-10T00:00:03,collaborator,1,0.945558
R02999,U0372,U0957,2023-12-10T00:00:04,acquaintance,1,0.412692
R03000,U0542,U1068,2023-12-11T00:00:01,collaborator,1,0.388481
R03001,U0221,U0659,2023-12-11T00:00:02,acquaintance,1,0.471094
R03002,U0027,U1065,2023-12-11T00:00:03,colleague,1,0.276003
R03003,U0159,U1208,2023-12-11T00:00:04,colleague,1,0.296225
R03004,U0736,U1368,2023-12-12T00:00:01,collaborator,1,0.871055
R03005,U0760,U0929,2023-12-12T00:00:02,acquaintance,1,0.922041
R03006,U0483,U1137,2023-12-12T00:00:03,acquaintance,1,0.781033
R03007,U0552,U0668,2023-12-12T00:00:04,collaborator,1,0.041458
R03008,U0779,U1141,2023-12-13T00:00:01,collaborator,1,0.033846
R03009,U0875,U1074,2023-12-13T00:00:02,acquaintance,1,0.459827
R03010,U0087,U0382,2023-12-13T00:00:03,acquaintance,1,0.538374
R03011,U0821,U0962,2023-12-13T00:00:04,collaborator,1,0.988272
R03012,U0383,U0521,2023-12-14T00:00:01,colleague,1,0.204423
R03013,U0452,U1309,2023-12-14T00:00:02,acquaintance,1,0.27729
R03014,U0131,U0326,2023-12-14T00:00:03,collaborator,1,0.955639
R03015,U0692,U0756,2023-12-15T00:00:00,collaborator,1,0.539596
R03016,U0570,U0857,2023-12-15T00:00:01,colleague,1,0.494493
R03017,U0487,U0928,2023-12-15T00:00:02,acquaintance,1,0.545279
R03018,U0180,U0873,2023-12-15T00:00:03,collaborator,1,0.668175
R03019,U0707,U1039,2023-12-16T00:00:01,collaborator,1,0.040916
R03020,U0752,U1018,2023-12-16T00:00:02,collaborator,1,0.278167
R03021,U0914,U1344,2023-12-16T00:00:03,collaborator,1,0.848448
R03022,U0111,U1350,2023-12-16T00:00:04,acquaintance,1,0.543063
R03023,U0714,U0919,2023-12-17T00:00:01,colleague,1,0.066612
R03024,U0437,U0759,2023-12-17T00:00:02,collaborator,1,0.053128
R03025,U0300,U0869,2023-12-17T00:00:03,collaborator,1,0.384754
R03026,U0051,U0074,2023-12-17T00:00:04,collaborator,1,0.264256
R03027,U0194,U0791,2023-12-18T00:00:01,acquaintance,1,0.507285
R03028,U0936,U1257,2023-12-18T00:00:02,collaborator,1,0.933992
R03029,U1065,U1175,2023-12-18T00:00:03,collaborator,1,0.652068
R03030,U0052,U0638,2023-12-18T00:00:04,collaborator,1,0.832795
R03031,U0579,U1156,2023-12-19T00:00:01,colleague,1,0.70811
R03032,U0108,U0716,2023-12-19T00:00:02,acquaintance,1,0.26863
R03033,U0250,U0426,2023-12-19T00:00:03,collaborator,1,0.330975
R03034,U0559,U0936,2023-12-19T00:00:04,collaborator,1,0.863177
R03035,U0024,U1199,2023-12-20T00:00:01,acquaintance,1,0.227418
R03036,U0369,U0958,2023-12-20T00:00:02,collaborator,1,0.698675
R03037,U0119,U0434,2023-12-20T00:00:03,colleague,1,0.769154
R03038,U0097,U0903,2023-12-20T00:00:04,collaborator,1,0.319653
R03039,U0567,U0611,2023-12-21T00:00:01,colleague,1,0.392978
R03040,U0034,U0513,2023-12-21T00:00:02,collaborator,1,0.165792
R03041,U0191,U0814,2023-12-21T00:00:03,colleague,1,0.266071
R03042,U0187,U0792,2023-12-22T00:00:00,collaborator,1,0.415807
R03043,U0460,U0671,2023-12-22T00:00:01,acquaintance,1,0.987387
R03044,U0180,U0357,2023-12-22T00:00:02,collaborator,1,0.919665
R03045,U0752,U0940,2023-12-22T00:00:03,collaborator,1,0.941208
R03046,U0078,U0364,2023-12-23T00:00:01,colleague,1,0.641416
R03047,U0053,U1085,2023-12-23T00:00:02,acquaintance,1,0.301777
R03048,U0652,U0692,2023-12-23T00:00:03,acquaintance,1,0.18809
R03049,U0200,U0941,2023-12-23T00:00:04,collaborator,1,0.025922
R03050,U0166,U0689,2023-12-24T00:00:01,collaborator,1,0.182095
R03051,U0728,U0936,2023-12-24T00:00:02,acquaintance,1,0.85831
R03052,U0810,U1278,2023-12-24T00:00:03,collaborator,1,0.586346
R03053,U0517,U0748,2023-12-24T00:00:04,collaborator,1,0.285109
R03054,U0407,U0532,2023-12-25T00:00:01,collaborator,1,0.985002
R03055,U0138,U0263,2023-12-25T00:00:02,collaborator,1,0.262559
R03056,U0260,U0588,2023-12-25T00:00:03,collaborator,1,0.305392
R03057,U1042,U1085,2023-12-25T00:00:04,collaborator,1,0.605751
R03058,U0361,U1315,2023-12-26T00:00:01,collaborator,1,0.144351
R03059,U0200,U0925,2023-12-26T00:00:02,collaborator,1,0.013086
R03060,U0447,U1195,2023-12-26T00:00:03,colleague,1,0.773526
R03061,U0415,U0972,2023-12-26T00:00:04,collaborator,1,0.52495
R03062,U0460,U0929,2023-12-27T00:00:01,collaborator,1,0.992132
R03063,U1075,U1278,2023-12-27T00:00:02,collaborator,1,0.687421
R03064,U0142,U0257,2023-12-27T00:00:03,collaborator,1,0.55494
R03065,U0755,U1299,2023-12-27T00:00:04,colleague,1,0.997668
R03066,U0396,U0527,2023-12-28T00:00:01,collaborator,1,0.605305
R03067,U0803,U1343,2023-12-28T00:00:02,collaborator,1,0.725509
R03068,U0571,U0822,2023-12-28T00:00:03,collaborator,1,0.957456
R03069,U0142,U0668,2024-01-01T00:00:00,acquaintance,1,0.888824
R03070,U0317,U0877,2024-01-01T00:00:01,colleague,1,0.972382
R03071,U0062,U0712,2024-01-01T00:00:02,collaborator,1,0.221118
R03072,U0457,U0517,2024-01-01T00:00:03,collaborator,1,0.5799
R03073,U0360,U1259,2024-01-02T00:00:01,acquaintance,1,0.593966
R03074,U0518,U1307,2024-01-02T00:00:02,acquaintance,1,0.880972
R03075,U0143,U0959,2024-01-02T00:00:03,collaborator,1,0.269175
R03076,U0733,U0785,2024-01-02T00:00:04,collaborator,1,0.906187
R03077,U0676,U0760,2024-01-03T00:00:01,collaborator,1,0.430865
R03078,U0515,U1303,2024-01-03T00:00:02,collaborator,1,0.805932
R03079,U0136,U1341,2024-01-03T00:00:03,collaborator,1,0.918982
R03080,U0487,U0697,2024-01-03T00:00:04,collaborator,1,0.176153
R03081,U0144,U1340,2024-01-04T00:00:01,colleague,1,0.676308
R03082,U0338,U1123,2024-01-04T00:00:02,collaborator,1,0.572729
R03083,U1143,U1295,2024-01-04T00:00:03,collaborator,1,0.924199
R03084,U0521,U1128,2024-01-04T00:00:04,collaborator,1,0.660298
R03085,U0464,U0623,2024-01-05T00:00:01,collaborator,1,0.662503
R03086,U0241,U0248,2024-01-05T00:00:02,collaborator,1,0.388507
R03087,U0477,U0982,2024-01-05T00:00:03,acquaintance,1,0.291791
R03088,U0172,U1034,2024-01-05T00:00:04,acquaintance,1,0.302942
R03089,U0016,U0848,2024-01-06T00:00:01,acquaintance,1,0.356747
R03090,U0367,U1004,2024-01-06T00:00:02,acquaintance,1,0.952645
R03091,U0022,U1216,2024-01-06T00:00:03,acquaintance,1,0.107105
R03092,U0324,U1053,2024-01-06T00:00:04,collaborator,1,0.568546
R03093,U0389,U1017,2024-01-07T00:00:01,acquaintance,1,0.809653
R03094,U0326,U0882,2024-01-07T00:00:02,collaborator,1,0.224834
R03095,U0756,U1316,2024-01-07T00:00:03,collaborator,1,0.840105
R03096,U0707,U1250,2024-01-08T00:00:00,colleague,1,0.927658
R03097,U0455,U0904,2024-01-08T00:00:01,acquaintance,1,0.892718
R03098,U0828,U0967,2024-01-08T00:00:02,collaborator,1,0.960345
R03099,U0235,U0299,2024-01-08T00:00:03,acquaintance,1,0.66694
R03100,U1115,U1340,2024-01-09T00:00:01,acquaintance,1,0.922059
R03101,U1174,U1301,2024-01-09T00:00:02,colleague,1,0.650872
R03102,U0842,U0993,2024-01-09T00:00:03,acquaintance,1,0.03895
R03103,U0022,U0383,2024-01-09T00:00:04,colleague,1,0.06085
R03104,U0204,U1323,2024-01-10T00:00:01,collaborator,1,0.19231
R03105,U0335,U0723,2024-01-10T00:00:02,collaborator,1,0.77911
R03106,U0640,U1271,2024-01-10T00:00:03,acquaintance,1,0.541832
R03107,U0112,U0293,2024-01-10T00:00:04,collaborator,1,0.540826
R03108,U0460,U1163,2024-01-11T00:00:01,collaborator,1,0.841282
R03109,U0903,U1160,2024-01-11T00:00:02,collaborator,1,0.226362
R03110,U0629,U0986,2024-01-11T00:00:03,collaborator,1,0.995476
R03111,U0163,U1403,2024-01-11T00:00:04,collaborator,1,0.284853
R03112,U0008,U0205,2024-01-12T00:00:01,collaborator,1,0.653608
R03113,U0270,U0919,2024-01-12T00:00:02,colleague,1,0.298508
R03114,U0143,U1199,2024-01-12T00:00:03,acquaintance,1,0.076535
R03115,U0285,U0922,2024-01-12T00:00:04,collaborator,1,0.629672
R03116,U0086,U1182,2024-01-13T00:00:01,colleague,1,0.107309
R03117,U0976,U1182,2024-01-13T00:00:02,collaborator,1,0.118354
R03118,U0474,U1382,2024-01-13T00:00:03,acquaintance,1,0.922451
R03119,U0659,U1048,2024-01-13T00:00:04,collaborator,1,0.744694
R03120,U1148,U1305,2024-01-14T00:00:01,colleague,1,0.24464
R03121,U0125,U0893,2024-01-14T00:00:02,collaborator,1,0.146021
R03122,U1090,U1382,2024-01-14T00:00:03,acquaintance,1,0.257147
R03123,U0705,U1250,2024-01-15T00:00:00,collaborator,1,0.05522
R03124,U0385,U0782,2024-01-15T00:00:01,acquaintance,1,0.032489
R03125,U0921,U1317,2024-01-15T00:00:02,collaborator,1,0.673295
R03126,U0878,U0936,2024-01-15T00:00:03,collaborator,1,0.22082
R03127,U0359,U1129,2024-01-16T00:00:01,collaborator,1,0.281584
R03128,U0179,U0334,2024-01-16T00:00:02,collaborator,1,0.865523
R03129,U0299,U0822,2024-01-16T00:00:03,colleague,1,0.867048
R03130,U0205,U1139,2024-01-16T00:00:04,colleague,1,0.221246
R03131,U1085,U1118,2024-01-17T00:00:01,collaborator,1,0.372351
R03132,U0201,U1078,2024-01-17T00:00:02,acquaintance,1,0.833887
R03133,U1128,U1271,2024-01-17T00:00:03,collaborator,1,0.404705
R03134,U0919,U1141,2024-01-17T00:00:04,acquaintance,1,0.676134
R03135,U0179,U0198,2024-01-18T00:00:01,collaborator,1,0.963601
R03136,U0451,U0681,2024-01-18T00:00:02,collaborator,1,0.93796
R03137,U0615,U0992,2024-01-18T00:00:03,collaborator,1,0.31738
R03138,U0363,U1090,2024-01-18T00:00:04,colleague,1,0.347478
R03139,U0869,U1392,2024-01-19T00:00:01,colleague,1,0.91706
R03140,U0791,U0910,2024-01-19T00:00:02,collaborator,1,0.367495
R03141,U0124,U0718,2024-01-19T00:00:03,acquaintance,1,0.81459
R03142,U0218,U1187,2024-01-19T00:00:04,acquaintance,1,0.322267
R03143,U0593,U1336,2024-01-20T00:00:01,colleague,1,0.977469
R03144,U0717,U0874,2024-01-20T00:00:02,collaborator,1,0.986191
R03145,U0596,U0810,2024-01-20T00:00:03,collaborator,1,0.777379
R03146,U0882,U1216,2024-01-20T00:00:04,collaborator,1,0.231008
R03147,U0487,U1334,2024-01-21T00:00:01,acquaintance,1,0.457148
R03148,U0049,U0159,2024-01-21T00:00:02,collaborator,1,0.973812
R03149,U0201,U0312,2024-01-21T00:00:03,acquaintance,1,0.097878
R03150,U0521,U1214,2024-01-22T00:00:00,collaborator,1,0.870223
R03151,U1125,U1161,2024-01-22T00:00:01,collaborator,1,0.334732
R03152,U0569,U0807,2024-01-22T00:00:02,acquaintance,1,0.389483
R03153,U0704,U1007,2024-01-22T00:00:03,collaborator,1,0.128752
R03154,U0191,U0685,2024-01-23T00:00:01,collaborator,1,0.573198
R03155,U0203,U0774,2024-01-23T00:00:02,collaborator,1,0.909598
R03156,U0209,U0764,2024-01-23T00:00:03,colleague,1,0.844024
R03157,U0143,U1398,2024-01-23T00:00:04,collaborator,1,0.983552
R03158,U0014,U1283,2024-01-24T00:00:01,colleague,1,0.500396
R03159,U0260,U0826,2024-01-24T00:00:02,acquaintance,1,0.884665
R03160,U0918,U1075,2024-01-24T00:00:03,collaborator,1,0.964165
R03161,U0064,U1051,2024-01-24T00:00:04,collaborator,1,0.8465
R03162,U0293,U0534,2024-01-25T00:00:01,colleague,1,0.05254
R03163,U1072,U1373,2024-01-25T00:00:02,collaborator,1,0.548451
R03164,U0730,U1084,2024-01-25T00:00:03,colleague,1,0.116477
R03165,U0799,U0903,2024-01-25T00:00:04,colleague,1,0.064405
R03166,U0420,U0704,2024-01-26T00:00:01,colleague,1,0.285831
R03167,U0467,U0903,2024-01-26T00:00:02,collaborator,1,0.856892
R03168,U0003,U1344,2024-01-26T00:00:03,acquaintance,1,0.726296
R03169,U0632,U0695,2024-01-26T00:00:04,acquaintance,1,0.118946
R03170,U0168,U0723,2024-01-27T00:00:01,colleague,1,0.035504
R03171,U0186,U0393,2024-01-27T00:00:02,collaborator,1,0.356049
R03172,U0599,U0982,2024-01-27T00:00:03,collaborator,1,0.280198
R03173,U0369,U1084,2024-01-27T00:00:04,collaborator,1,0.688074
R03174,U0651,U0880,2024-01-28T00:00:01,collaborator,1,0.706131
R03175,U0394,U1220,2024-01-28T00:00:02,collaborator,1,0.43103
R03176,U0385,U1072,2024-01-28T00:00:03,collaborator,1,0.140903
R03177,U0731,U1042,2024-02-01T00:00:00,collaborator,1,0.314982
R03178,U0648,U1340,2024-02-01T00:00:01,collaborator,1,0.910481
R03179,U0123,U0337,2024-02-01T00:00:02,collaborator,1,0.63631
R03180,U0036,U0904,2024-02-01T00:00:03,collaborator,1,0.233419
R03181,U0039,U0864,2024-02-02T00:00:01,collaborator,1,0.665261
R03182,U0987,U1341,2024-02-02T00:00:02,collaborator,1,0.037473
R03183,U0426,U1067,2024-02-02T00:00:03,collaborator,1,0.171403
R03184,U0594,U1297,2024-02-02T00:00:04,acquaintance,1,0.665967
R03185,U0725,U0842,2024-02-03T00:00:01,collaborator,1,0.47223
R03186,U0139,U1076,2024-02-03T00:00:02,acquaintance,1,0.232858
R03187,U0556,U1037,2024-02-03T00:00:03,collaborator,1,0.195042
R03188,U0014,U1208,2024-02-03T00:00:04,collaborator,1,0.369114
R03189,U0541,U0893,2024-02-04T00:00:01,collaborator,1,0.689967
R03190,U0629,U1279,2024-02-04T00:00:02,acquaintance,1,0.09722
R03191,U0227,U0611,2024-02-04T00:00:03,collaborator,1,0.483698
R03192,U0221,U0890,2024-02-04T00:00:04,collaborator,1,0.435061
R03193,U0507,U1373,2024-02-05T00:00:01,collaborator,1,0.622043
R03194,U0573,U0714,2024-02-05T00:00:02,colleague,1,0.84184
R03195,U0519,U0605,2024-02-05T00:00:03,collaborator,1,0.233644
R03196,U0161,U0461,2024-02-05T00:00:04,collaborator,1,0.783041
R03197,U0183,U0502,2024-02-06T00:00:01,collaborator,1,0.973837
R03198,U0109,U0628,2024-02-06T00:00:02,colleague,1,0.468601
R03199,U0511,U0535,2024-02-06T00:00:03,collaborator,1,0.604383
R03200,U0244,U0818,2024-02-06T00:00:04,collaborator,1,0.155257
R03201,U0166,U0434,2024-02-07T00:00:01,acquaintance,1,0.688703
R03202,U1026,U1127,2024-02-07T00:00:02,collaborator,1,0.24705
R03203,U0598,U1074,2024-02-07T00:00:03,collaborator,1,0.540501
R03204,U0080,U1322,2024-02-08T00:00:00,collaborator,1,0.501176
R03205,U0166,U0894,2024-02-08T00:00:01,acquaintance,1,0.534199
R03206,U0629,U0839,2024-02-08T00:00:02,collaborator,1,0.118426
R03207,U0074,U0855,2024-02-08T00:00:03,acquaintance,1,0.753999
R03208,U0982,U1053,2024-02-09T00:00:01,colleague,1,0.696622
R03209,U1164,U1208,2024-02-09T00:00:02,colleague,1,0.158975
R03210,U0544,U1111,2024-02-09T00:00:03,collaborator,1,0.516473
R03211,U1307,U1401,2024-02-09T00:00:04,collaborator,1,0.844515
R03212,U0067,U0991,2024-02-10T00:00:01,collaborator,1,0.417291
R03213,U0241,U0675,2024-02-10T00:00:02,collaborator,1,0.750823
R03214,U0103,U0829,2024-02-10T00:00:03,acquaintance,1,0.442752
R03215,U0992,U1349,2024-02-10T00:00:04,collaborator,1,0.616528
R03216,U0510,U1192,2024-02-11T00:00:01,collaborator,1,0.248671
R03217,U0425,U1117,2024-02-11T00:00:02,acquaintance,1,0.91447
R03218,U0516,U1143,2024-02-11T00:00:03,collaborator,1,0.494358
R03219,U0080,U0974,2024-02-11T00:00:04,acquaintance,1,0.102964
R03220,U0241,U0639,2024-02-12T00:00:01,colleague,1,0.665824
R03221,U1070,U1304,2024-02-12T00:00:02,collaborator,1,0.268949
R03222,U1128,U1132,2024-02-12T00:00:03,colleague,1,0.029843
R03223,U0821,U1361,2024-02-12T00:00:04,acquaintance,1,0.510254
R03224,U0229,U1056,2024-02-13T00:00:01,acquaintance,1,0.402167
R03225,U0571,U0972,2024-02-13T00:00:02,collaborator,1,0.667353
R03226,U0654,U0814,2024-02-13T00:00:03,collaborator,1,0.47505
R03227,U0458,U1260,2024-02-13T00:00:04,acquaintance,1,0.906508
R03228,U0254,U1357,2024-02-14T00:00:01,collaborator,1,0.682596
R03229,U0298,U0481,2024-02-14T00:00:02,acquaintance,1,0.228512
R03230,U0270,U1100,2024-02-14T00:00:03,collaborator,1,0.902038
R03231,U0718,U1146,2024-02-15T00:00:00,collaborator,1,0.46434
R03232,U1059,U1209,2024-02-15T00:00:01,collaborator,1,0.429144
R03233,U0027,U0182,2024-02-15T00:00:02,collaborator,1,0.765791
R03234,U0627,U1367,2024-02-15T00:00:03,acquaintance,1,0.89865
R03235,U0229,U0928,2024-02-16T00:00:01,colleague,1,0.058736
R03236,U0802,U1061,2024-02-16T00:00:02,acquaintance,1,0.991915
R03237,U0091,U1074,2024-02-16T00:00:03,colleague,1,0.345911
R03238,U1197,U1361,2024-02-16T00:00:04,acquaintance,1,0.70125
R03239,U0387,U1044,2024-02-17T00:00:01,colleague,1,0.889157
R03240,U0144,U1300,2024-02-17T00:00:02,collaborator,1,0.806803
R03241,U0532,U1015,2024-02-17T00:00:03,collaborator,1,0.907856
R03242,U1072,U1327,2024-02-17T00:00:04,colleague,1,0.223557
R03243,U0195,U0829,2024-02-18T00:00:01,collaborator,1,0.644577
R03244,U1134,U1324,2024-02-18T00:00:02,collaborator,1,0.965383
R03245,U0939,U1104,2024-02-18T00:00:03,collaborator,1,0.633555
R03246,U0132,U0248,2024-02-18T00:00:04,colleague,1,0.775022
R03247,U1060,U1346,2024-02-19T00:00:01,collaborator,1,0.854211
R03248,U0559,U1240,2024-02-19T00:00:02,acquaintance,1,0.393709
R03249,U0337,U0424,2024-02-19T00:00:03,collaborator,1,0.651132
R03250,U0196,U0893,2024-02-19T00:00:04,acquaintance,1,0.819176
R03251,U0067,U1271,2024-02-20T00:00:01,colleague,1,0.192538
R03252,U0335,U1193,2024-02-20T00:00:02,collaborator,1,0.533813
R03253,U0335,U1382,2024-02-20T00:00:03,acquaintance,1,0.09796
R03254,U0537,U1168,2024-02-20T00:00:04,acquaintance,1,0.619026
R03255,U0177,U0596,2024-02-21T00:00:01,collaborator,1,0.923328
R03256,U0530,U0763,2024-02-21T00:00:02,collaborator,1,0.369029
R03257,U0519,U0707,2024-02-21T00:00:03,collaborator,1,0.324506
R03258,U0302,U1359,2024-02-22T00:00:00,colleague,1,0.883115
R03259,U0373,U0454,2024-02-22T00:00:01,acquaintance,1,0.477009
R03260,U0687,U0737,2024-02-22T00:00:02,collaborator,1,0.998439
R03261,U0347,U0707,2024-02-22T00:00:03,acquaintance,1,0.675741
R03262,U0755,U0955,2024-02-23T00:00:01,collaborator,1,0.8603
R03263,U0954,U1297,2024-02-23T00:00:02,collaborator,1,0.42375
R03264,U0266,U0925,2024-02-23T00:00:03,collaborator,1,0.477745
R03265,U0653,U0764,2024-02-23T00:00:04,colleague,1,0.839945
R03266,U0034,U0843,2024-02-24T00:00:01,collaborator,1,0.292663
R03267,U0652,U1134,2024-02-24T00:00:02,collaborator,1,0.122756
R03268,U0697,U0870,2024-02-24T00:00:03,colleague,1,0.37796
R03269,U0340,U0461,2024-02-24T00:00:04,acquaintance,1,0.715924
R03270,U0166,U1009,2024-02-25T00:00:01,acquaintance,1,0.755148
R03271,U0192,U1199,2024-02-25T00:00:02,collaborator,1,0.942061
R03272,U0099,U1117,2024-02-25T00:00:03,collaborator,1,0.522884
R03273,U0031,U1114,2024-02-25T00:00:04,colleague,1,0.025825
R03274,U0003,U0881,2024-02-26T00:00:01,acquaintance,1,0.195772
R03275,U0104,U0567,2024-02-26T00:00:02,collaborator,1,0.163351
R03276,U0215,U0235,2024-02-26T00:00:03,acquaintance,1,0.883033
R03277,U0054,U0318,2024-02-26T00:00:04,collaborator,1,0.384383
R03278,U0014,U0488,2024-02-27T00:00:01,collaborator,1,0.927563
R03279,U0570,U0975,2024-02-27T00:00:02,collaborator,1,0.777492
R03280,U0265,U0454,2024-02-27T00:00:03,collaborator,1,0.837779
R03281,U0163,U1044,2024-02-27T00:00:04,colleague,1,0.893316
R03282,U0340,U0395,2024-02-28T00:00:01,acquaintance,1,0.753692
R03283,U0476,U0965,2024-02-28T00:00:02,collaborator,1,0.477425
R03284,U0348,U0538,2024-02-28T00:00:03,collaborator,1,0.791579
R03285,U0502,U1283,2024-03-01T00:00:00,acquaintance,1,0.532331
R03286,U0261,U1060,2024-03-01T00:00:01,collaborator,1,0.384001
R03287,U0312,U0682,2024-03-01T00:00:02,colleague,1,0.115359
R03288,U0202,U0293,2024-03-01T00:00:03,colleague,1,0.490717
R03289,U0095,U1222,2024-03-02T00:00:01,collaborator,1,0.430288
R03290,U1014,U1304,2024-03-02T00:00:02,colleague,1,0.698631
R03291,U0717,U0732,2024-03-02T00:00:03,colleague,1,0.12612
R03292,U0301,U0580,2024-03-02T00:00:04,collaborator,1,0.654726
R03293,U0606,U0718,2024-03-03T00:00:01,acquaintance,1,0.38328
R03294,U0968,U1259,2024-03-03T00:00:02,colleague,1,0.401984
R03295,U0185,U1096,2024-03-03T00:00:03,collaborator,1,0.571895
R03296,U0876,U0959,2024-03-03T00:00:04,collaborator,1,0.101973
R03297,U0731,U0816,2024-03-04T00:00:01,colleague,1,0.283336
R03298,U0273,U0459,2024-03-04T00:00:02,acquaintance,1,0.359889
R03299,U0052,U0934,2024-03-04T00:00:03,collaborator,1,0.869236
R03300,U0811,U1022,2024-03-04T00:00:04,collaborator,1,0.346167
R03301,U0285,U0571,2024-03-05T00:00:01,collaborator,1,0.997459
R03302,U0768,U0927,2024-03-05T00:00:02,collaborator,1,0.465781
R03303,U0564,U0700,2024-03-05T00:00:03,collaborator,1,0.885523
R03304,U0794,U1286,2024-03-05T00:00:04,collaborator,1,0.76155
R03305,U0182,U1232,2024-03-06T00:00:01,acquaintance,1,0.938884
R03306,U0183,U0589,2024-03-06T00:00:02,collaborator,1,0.03253
R03307,U0761,U1284,2024-03-06T00:00:03,colleague,1,0.225489
R03308,U0568,U0678,2024-03-06T00:00:04,acquaintance,1,0.477032
R03309,U0147,U0469,2024-03-07T00:00:01,acquaintance,1,0.929468
R03310,U0028,U0094,2024-03-07T00:00:02,acquaintance,1,0.649883
R03311,U0181,U0517,2024-03-07T00:00:03,acquaintance,1,0.552807
R03312,U0238,U0697,2024-03-08T00:00:00,colleague,1,0.505417
R03313,U0131,U1199,2024-03-08T00:00:01,collaborator,1,0.207806
R03314,U0955,U1107,2024-03-08T00:00:02,collaborator,1,0.875194
R03315,U0810,U1324,2024-03-08T00:00:03,collaborator,1,0.089294
R03316,U0169,U1011,2024-03-09T00:00:01,collaborator,1,0.695549
R03317,U1164,U1247,2024-03-09T00:00:02,collaborator,1,0.694429
R03318,U0311,U1127,2024-03-09T00:00:03,collaborator,1,0.163777
R03319,U0263,U0665,2024-03-09T00:00:04,collaborator,1,0.150407
R03320,U0727,U1139,2024-03-10T00:00:01,colleague,1,0.100004
R03321,U0784,U1314,2024-03-10T00:00:02,colleague,1,0.57725
R03322,U0108,U0488,2024-03-10T00:00:03,collaborator,1,0.53804
R03323,U0313,U0812,2024-03-10T00:00:04,collaborator,1,0.712132
R03324,U1135,U1154,2024-03-11T00:00:01,collaborator,1,0.636928
R03325,U0312,U1234,2024-03-11T00:00:02,collaborator,1,0.736775
R03326,U0716,U1149,2024-03-11T00:00:03,collaborator,1,0.882335
R03327,U0338,U0985,2024-03-11T00:00:04,collaborator,1,0.746108
R03328,U0507,U0872,2024-03-12T00:00:01,colleague,1,0.913858
R03329,U0639,U0787,2024-03-12T00:00:02,collaborator,1,0.803976
R03330,U0223,U0291,2024-03-12T00:00:03,collaborator,1,0.060637
R03331,U0026,U0989,2024-03-12T00:00:04,colleague,1,0.77318
R03332,U0294,U1287,2024-03-13T00:00:01,collaborator,1,0.801155
R03333,U0045,U0498,2024-03-13T00:00:02,collaborator,1,0.743582
R03334,U0826,U0936,2024-03-13T00:00:03,collaborator,1,0.160245
R03335,U0159,U0423,2024-03-13T00:00:04,collaborator,1,0.202537
R03336,U0001,U0874,2024-03-14T00:00:01,acquaintance,1,0.613464
R03337,U0989,U1080,2024-03-14T00:00:02,collaborator,1,0.185961
R03338,U0025,U1165,2024-03-14T00:00:03,colleague,1,0.712767
R03339,U0254,U0947,2024-03-15T00:00:00,acquaintance,1,0.417089
R03340,U0235,U1108,2024-03-15T00:00:01,collaborator,1,0.768794
R03341,U0080,U1071,2024-03-15T00:00:02,collaborator,1,0.628622
R03342,U0324,U0514,2024-03-15T00:00:03,collaborator,1,0.637337
R03343,U0571,U0944,2024-03-16T00:00:01,colleague,1,0.164468
R03344,U0115,U0629,2024-03-16T00:00:02,colleague,1,0.805108
R03345,U0691,U1327,2024-03-16T00:00:03,colleague,1,0.124601
R03346,U0002,U1310,2024-03-16T00:00:04,colleague,1,0.520184
R03347,U0080,U1002,2024-03-17T00:00:01,colleague,1,0.156542
R03348,U0446,U0681,2024-03-17T00:00:02,collaborator,1,0.569313
R03349,U0044,U0918,2024-03-17T00:00:03,colleague,1,0.613374
R03350,U0873,U1202,2024-03-17T00:00:04,collaborator,1,0.138977
R03351,U0484,U0856,2024-03-18T00:00:01,collaborator,1,0.144252
R03352,U0214,U0825,2024-03-18T00:00:02,acquaintance,1,0.822418
R03353,U0167,U0700,2024-03-18T00:00:03,collaborator,1,0.564838
R03354,U0833,U0961,2024-03-18T00:00:04,collaborator,1,0.533697
R03355,U0260,U0473,2024-03-19T00:00:01,colleague,1,0.924715
R03356,U0541,U0634,2024-03-19T00:00:02,collaborator,1,0.555514
R03357,U0295,U1198,2024-03-19T00:00:03,collaborator,1,0.440685
R03358,U0182,U0759,2024-03-19T00:00:04,collaborator,1,0.438595
R03359,U0656,U1353,2024-03-20T00:00:01,acquaintance,1,0.822363
R03360,U0551,U0805,2024-03-20T00:00:02,acquaintance,1,0.842882
R03361,U0381,U0587,2024-03-20T00:00:03,collaborator,1,0.924379
R03362,U0110,U0534,2024-03-20T00:00:04,collaborator,1,0.051213
R03363,U0272,U1401,2024-03-21T00:00:01,colleague,1,0.039578
R03364,U0769,U0942,2024-03-21T00:00:02,colleague,1,0.442413
R03365,U0027,U0640,2024-03-21T00:00:03,collaborator,1,0.907386
R03366,U0423,U0702,2024-03-22T00:00:00,colleague,1,0.812629
R03367,U0539,U0695,2024-03-22T00:00:01,acquaintance,1,0.399346
R03368,U0892,U1199,2024-03-22T00:00:02,collaborator,1,0.667116
R03369,U0652,U0687,2024-03-22T00:00:03,colleague,1,0.973616
R03370,U0047,U1365,2024-03-23T00:00:01,collaborator,1,0.754186
R03371,U0240,U1302,2024-03-23T00:00:02,collaborator,1,0.423359
R03372,U0355,U0845,2024-03-23T00:00:03,collaborator,1,0.135885
R03373,U0389,U1026,2024-03-23T00:00:04,acquaintance,1,0.550226
R03374,U0469,U0997,2024-03-24T00:00:01,collaborator,1,0.445001
R03375,U0260,U1358,2024-03-24T00:00:02,colleague,1,0.617711
R03376,U0692,U0821,2024-03-24T00:00:03,collaborator,1,0.973741
R03377,U0086,U1251,2024-03-24T00:00:04,collaborator,1,0.839737
R03378,U1111,U1239,2024-03-25T00:00:01,acquaintance,1,0.067697
R03379,U0061,U0892,2024-03-25T00:00:02,collaborator,1,0.493034
R03380,U0667,U0977,2024-03-25T00:00:03,collaborator,1,0.685955
R03381,U0105,U0373,2024-03-25T00:00:04,collaborator,1,0.236731
R03382,U0032,U1019,2024-03-26T00:00:01,collaborator,1,0.474084
R03383,U0828,U1348,2024-03-26T00:00:02,collaborator,1,0.185227
R03384,U0321,U1207,2024-03-26T00:00:03,collaborator,1,0.632687
R03385,U0580,U0693,2024-03-26T00:00:04,collaborator,1,0.913515
R03386,U0169,U0407,2024-03-27T00:00:01,collaborator,1,0.966553
R03387,U0537,U1199,2024-03-27T00:00:02,collaborator,1,0.966768
R03388,U0040,U0412,2024-03-27T00:00:03,collaborator,1,0.367885
R03389,U0124,U0291,2024-03-27T00:00:04,collaborator,1,0.33314
R03390,U0163,U0354,2024-03-28T00:00:01,acquaintance,1,0.716885
R03391,U0725,U0743,2024-03-28T00:00:02,acquaintance,1,0.785239
R03392,U0447,U0854,2024-03-28T00:00:03,colleague,1,0.533663
R03393,U1049,U1367,2024-04-01T00:00:00,colleague,1,0.594492
R03394,U0781,U1240,2024-04-01T00:00:01,collaborator,1,0.472723
R03395,U0490,U0853,2024-04-01T00:00:02,collaborator,1,0.213715
R03396,U0907,U1101,2024-04-01T00:00:03,acquaintance,1,0.558832
R03397,U1114,U1310,2024-04-02T00:00:01,acquaintance,1,0.162394
R03398,U0138,U0861,2024-04-02T00:00:02,collaborator,1,0.671344
R03399,U0288,U1117,2024-04-02T00:00:03,collaborator,1,0.469947
R03400,U0620,U1307,2024-04-02T00:00:04,collaborator,1,0.232251
R03401,U0687,U1167,2024-04-03T00:00:01,collaborator,1,0.708317
R03402,U0098,U1022,2024-04-03T00:00:02,colleague,1,0.50185
R03403,U0468,U1059,2024-04-03T00:00:03,colleague,1,0.845749
R03404,U0663,U1387,2024-04-03T00:00:04,collaborator,1,0.500015
R03405,U0333,U0607,2024-04-04T00:00:01,acquaintance,1,0.136663
R03406,U0552,U1341,2024-04-04T00:00:02,acquaintance,1,0.907182
R03407,U0521,U1336,2024-04-04T00:00:03,acquaintance,1,0.631985
R03408,U0442,U1257,2024-04-04T00:00:04,collaborator,1,0.295445
R03409,U0017,U1279,2024-04-05T00:00:01,colleague,1,0.59891
R03410,U0990,U1218,2024-04-05T00:00:02,collaborator,1,0.133553
R03411,U0169,U0989,2024-04-05T00:00:03,acquaintance,1,0.109885
R03412,U0131,U0769,2024-04-05T00:00:04,colleague,1,0.739177
R03413,U0117,U0776,2024-04-06T00:00:01,collaborator,1,0.607766
R03414,U0640,U1021,2024-04-06T00:00:02,collaborator,1,0.202018
R03415,U0052,U0057,2024-04-06T00:00:03,acquaintance,1,0.494713
R03416,U0457,U0556,2024-04-06T00:00:04,colleague,1,0.278163
R03417,U0194,U0707,2024-04-07T00:00:01,colleague,1,0.538256
R03418,U0303,U0893,2024-04-07T00:00:02,colleague,1,0.035054
R03419,U0203,U0392,2024-04-07T00:00:03,colleague,1,0.781929
R03420,U0750,U1190,2024-04-08T00:00:00,acquaintance,1,0.381204
R03421,U0147,U0878,2024-04-08T00:00:01,collaborator,1,0.383074
R03422,U0306,U0335,2024-04-08T00:00:02,collaborator,1,0.660537
R03423,U0667,U1234,2024-04-08T00:00:03,collaborator,1,0.079014
R03424,U0566,U1322,2024-04-09T00:00:01,acquaintance,1,0.006314
R03425,U0616,U1390,2024-04-09T00:00:02,acquaintance,1,0.726624
R03426,U0390,U0507,2024-04-09T00:00:03,acquaintance,1,0.170405
R03427,U0065,U1375,2024-04-09T00:00:04,colleague,1,0.110356
R03428,U0641,U1383,2024-04-10T00:00:01,collaborator,1,0.105291
R03429,U0218,U1360,2024-04-10T00:00:02,collaborator,1,0.553625
R03430,U0444,U1125,2024-04-10T00:00:03,acquaintance,1,0.806222
R03431,U0796,U0993,2024-04-10T00:00:04,collaborator,1,0.979573
R03432,U0265,U1106,2024-04-11T00:00:01,acquaintance,1,0.851929
R03433,U0823,U0863,2024-04-11T00:00:02,collaborator,1,0.705231
R03434,U0408,U1327,2024-04-11T00:00:03,collaborator,1,0.918012
R03435,U0092,U1107,2024-04-11T00:00:04,acquaintance,1,0.857116
R03436,U0320,U0715,2024-04-12T00:00:01,collaborator,1,0.889112
R03437,U0030,U1321,2024-04-12T00:00:02,collaborator,1,0.494968
R03438,U1123,U1393,2024-04-12T00:00:03,collaborator,1,0.357638
R03439,U0003,U0125,2024-04-12T00:00:04,colleague,1,0.080512
R03440,U0315,U0593,2024-04-13T00:00:01,acquaintance,1,0.741713
R03441,U0210,U0535,2024-04-13T00:00:02,collaborator,1,0.373707
R03442,U0031,U0264,2024-04-13T00:00:03,acquaintance,1,0.02843
R03443,U0678,U0959,2024-04-13T00:00:04,collaborator,1,0.791565
R03444,U0305,U1037,2024-04-14T00:00:01,collaborator,1,0.289351
R03445,U0152,U1289,2024-04-14T00:00:02,collaborator,1,0.839532
R03446,U0109,U0709,2024-04-14T00:00:03,collaborator,1,0.505963
R03447,U0207,U0851,2024-04-15T00:00:00,acquaintance,1,0.70877
R03448,U0484,U1168,2024-04-15T00:00:01,collaborator,1,0.764126
R03449,U0291,U0666,2024-04-15T00:00:02,collaborator,1,0.21447
R03450,U0881,U1205,2024-04-15T00:00:03,collaborator,1,0.577476
R03451,U0794,U0888,2024-04-16T00:00:01,collaborator,1,0.736102
R03452,U0086,U0972,2024-04-16T00:00:02,collaborator,1,0.649257
R03453,U0370,U0694,2024-04-16T00:00:03,collaborator,1,0.608519
R03454,U0472,U0707,2024-04-16T00:00:04,acquaintance,1,0.04222
R03455,U0385,U1102,2024-04-17T00:00:01,collaborator,1,0.710547
R03456,U0849,U0927,2024-04-17T00:00:02,collaborator,1,0.498138
R03457,U0305,U1337,2024-04-17T00:00:03,colleague,1,0.357402
R03458,U0159,U1237,2024-04-17T00:00:04,acquaintance,1,0.365044
R03459,U0396,U1160,2024-04-18T00:00:01,acquaintance,1,0.849398
R03460,U0141,U1120,2024-04-18T00:00:02,collaborator,1,0.467029
R03461,U0168,U0287,2024-04-18T00:00:03,collaborator,1,0.567379
R03462,U0088,U1207,2024-04-18T00:00:04,collaborator,1,0.23806
R03463,U0488,U0518,2024-04-19T00:00:01,collaborator,1,0.062753
R03464,U0177,U0974,2024-04-19T00:00:02,collaborator,1,0.271707
R03465,U0197,U1141,2024-04-19T00:00:03,acquaintance,1,0.43456
R03466,U0537,U1002,2024-04-19T00:00:04,collaborator,1,0.199796
R03467,U1000,U1050,2024-04-20T00:00:01,acquaintance,1,0.843259
R03468,U0681,U1048,2024-04-20T00:00:02,colleague,1,0.956921
R03469,U0326,U1063,2024-04-20T00:00:03,collaborator,1,0.841211
R03470,U1042,U1364,2024-04-20T00:00:04,collaborator,1,0.741134
R03471,U0048,U1215,2024-04-21T00:00:01,collaborator,1,0.911985
R03472,U0312,U0948,2024-04-21T00:00:02,acquaintance,1,0.462793
R03473,U0253,U0807,2024-04-21T00:00:03,collaborator,1,0.933171
R03474,U0533,U0830,2024-04-22T00:00:00,collaborator,1,0.042122
R03475,U0419,U0793,2024-04-22T00:00:01,collaborator,1,0.09881
R03476,U0812,U0817,2024-04-22T00:00:02,colleague,1,0.840791
R03477,U0374,U0881,2024-04-22T00:00:03,acquaintance,1,0.041826
R03478,U0321,U1314,2024-04-23T00:00:01,acquaintance,1,0.02543
R03479,U0183,U1150,2024-04-23T00:00:02,collaborator,1,0.858531
R03480,U0358,U0380,2024-04-23T00:00:03,collaborator,1,0.155774
R03481,U0369,U1044,2024-04-23T00:00:04,collaborator,1,0.631039
R03482,U0806,U1384,2024-04-24T00:00:01,collaborator,1,0.568087
R03483,U0824,U1114,2024-04-24T00:00:02,collaborator,1,0.209855
R03484,U0975,U1159,2024-04-24T00:00:03,collaborator,1,0.89658
R03485,U0546,U0841,2024-04-24T00:00:04,collaborator,1,0.533799
R03486,U0679,U0904,2024-04-25T00:00:01,colleague,1,0.458076
R03487,U0275,U0583,2024-04-25T00:00:02,acquaintance,1,0.591004
R03488,U0350,U0611,2024-04-25T00:00:03,collaborator,1,0.257272
R03489,U0155,U0956,2024-04-25T00:00:04,collaborator,1,0.414791
R03490,U0390,U0686,2024-04-26T00:00:01,acquaintance,1,0.683416
R03491,U0178,U0291,2024-04-26T00:00:02,collaborator,1,0.102827
R03492,U0195,U0552,2024-04-26T00:00:03,collaborator,1,0.078557
R03493,U1008,U1126,2024-04-26T00:00:04,acquaintance,1,0.841174
R03494,U0043,U0221,2024-04-27T00:00:01,collaborator,1,0.912703
R03495,U0662,U0979,2024-04-27T00:00:02,collaborator,1,0.136851
R03496,U0383,U1147,2024-04-27T00:00:03,acquaintance,1,0.653933
R03497,U0181,U1063,2024-04-27T00:00:04,collaborator,1,0.156334
R03498,U1222,U1268,2024-04-28T00:00:01,collaborator,1,0.038103
R03499,U0045,U0577,2024-04-28T00:00:02,collaborator,1,0.702501
R03500,U0508,U1146,2024-04-28T00:00:03,collaborator,1,0.704595
R03501,U0871,U1168,2024-05-02T00:00:00,collaborator,1,0.089993
R03502,U0915,U1352,2024-05-02T00:00:01,collaborator,1,0.746547
R03503,U0913,U1034,2024-05-02T00:00:02,acquaintance,1,0.894461
R03504,U0543,U1136,2024-05-02T00:00:03,collaborator,1,0.436662
R03505,U0702,U0888,2024-05-02T00:00:04,acquaintance,1,0.745839
R03506,U0077,U0117,2024-05-02T00:00:05,collaborator,1,0.335768
R03507,U0069,U1396,2024-05-02T00:00:06,collaborator,1,0.347637
R03508,U0302,U0556,2024-05-02T00:00:07,acquaintance,1,0.61838
R03509,U0701,U1387,2024-05-02T00:00:08,acquaintance,1,0.648537
R03510,U0137,U1383,2024-05-03T00:00:01,acquaintance,1,0.930147
R03511,U0114,U0842,2024-05-03T00:00:02,collaborator,1,0.64637
R03512,U0166,U0839,2024-05-03T00:00:03,acquaintance,1,0.12331
R03513,U0695,U1383,2024-05-03T00:00:04,acquaintance,1,0.250428
R03514,U0610,U0774,2024-05-03T00:00:05,colleague,1,0.853288
R03515,U0127,U0756,2024-05-03T00:00:06,collaborator,1,0.488858
R03516,U0067,U0460,2024-05-03T00:00:07,acquaintance,1,0.478019
R03517,U0666,U1026,2024-05-03T00:00:08,collaborator,1,0.811707
R03518,U0092,U1185,2024-05-04T00:00:01,acquaintance,1,0.595291
R03519,U0523,U1321,2024-05-04T00:00:02,colleague,1,0.098077
R03520,U0049,U0216,2024-05-04T00:00:03,acquaintance,1,0.487168
R03521,U0270,U0360,2024-05-04T00:00:04,colleague,1,0.489771
R03522,U0790,U1098,2024-05-04T00:00:05,collaborator,1,0.552239
R03523,U1017,U1168,2024-05-04T00:00:06,collaborator,1,0.525563
R03524,U0692,U1329,2024-05-04T00:00:07,collaborator,1,0.785612
R03525,U0773,U1050,2024-05-04T00:00:08,colleague,1,0.601952
R03526,U0191,U0799,2024-05-05T00:00:01,collaborator,1,0.916029
R03527,U0017,U1403,2024-05-05T00:00:02,acquaintance,1,0.684053
R03528,U0841,U1123,2024-05-05T00:00:03,acquaintance,1,0.028345
R03529,U0642,U1206,2024-05-05T00:00:04,collaborator,1,0.818376
R03530,U0069,U0506,2024-05-05T00:00:05,collaborator,1,0.674201
R03531,U0543,U0703,2024-05-05T00:00:06,collaborator,1,0.140327
R03532,U0198,U0556,2024-05-05T00:00:07,collaborator,1,0.246021
R03533,U0611,U0796,2024-05-05T00:00:08,collaborator,1,0.856694
R03534,U0987,U1331,2024-05-06T00:00:01,collaborator,1,0.439982
R03535,U0714,U1053,2024-05-06T00:00:02,collaborator,1,0.48151
R03536,U1205,U1304,2024-05-06T00:00:03,collaborator,1,0.429636
R03537,U0074,U0763,2024-05-06T00:00:04,collaborator,1,0.448691
R03538,U0267,U0990,2024-05-06T00:00:05,collaborator,1,0.349005
R03539,U0606,U0939,2024-05-06T00:00:06,collaborator,1,0.13553
R03540,U0021,U1011,2024-05-06T00:00:07,collaborator,1,0.669493
R03541,U0201,U1403,2024-05-06T00:00:08,collaborator,1,0.296157
R03542,U0551,U0731,2024-05-07T00:00:01,colleague,1,0.338452
R03543,U0319,U0411,2024-05-07T00:00:02,collaborator,1,0.121648
R03544,U0156,U0756,2024-05-07T00:00:03,collaborator,1,0.994961
R03545,U0944,U1347,2024-05-07T00:00:04,acquaintance,1,0.37862
R03546,U0093,U1232,2024-05-07T00:00:05,collaborator,1,0.43341
R03547,U0181,U1205,2024-05-07T00:00:06,collaborator,1,0.544941
R03548,U0087,U0185,2024-05-07T00:00:07,collaborator,1,0.196897
R03549,U0670,U0981,2024-05-07T00:00:08,acquaintance,1,0.127056
R03550,U0507,U1282,2024-05-08T00:00:01,collaborator,1,0.730866
R03551,U0629,U0882,2024-05-08T00:00:02,acquaintance,1,0.177022
R03552,U0945,U1136,2024-05-08T00:00:03,collaborator,1,0.428867
R03553,U1325,U1340,2024-05-08T00:00:04,collaborator,1,0.682319
R03554,U1141,U1247,2024-05-08T00:00:05,colleague,1,0.66331
R03555,U0173,U0183,2024-05-08T00:00:06,collaborator,1,0.25741
R03556,U0318,U1279,2024-05-08T00:00:07,collaborator,1,0.184374
R03557,U0278,U0565,2024-05-08T00:00:08,collaborator,1,0.667815
R03558,U0920,U1004,2024-05-09T00:00:01,colleague,1,0.445665
R03559,U0462,U1253,2024-05-09T00:00:02,acquaintance,1,0.415091
R03560,U0220,U0361,2024-05-09T00:00:03,collaborator,1,0.052565
R03561,U0539,U1243,2024-05-09T00:00:04,colleague,1,0.99144
R03562,U0061,U1384,2024-05-09T00:00:05,colleague,1,0.386237
R03563,U0074,U0269,2024-05-09T00:00:06,colleague,1,0.648989
R03564,U0543,U0556,2024-05-09T00:00:07,acquaintance,1,0.84986
R03565,U1080,U1275,2024-05-09T00:00:08,collaborator,1,0.546495
R03566,U0736,U0972,2024-05-10T00:00:01,colleague,1,0.068914
R03567,U0016,U0577,2024-05-10T00:00:02,collaborator,1,0.165387
R03568,U0851,U0994,2024-05-10T00:00:03,collaborator,1,0.516102
R03569,U0569,U0692,2024-05-10T00:00:04,acquaintance,1,0.28204
R03570,U0183,U0845,2024-05-10T00:00:05,collaborator,1,0.552901
R03571,U0460,U0875,2024-05-10T00:00:06,collaborator,1,0.288778
R03572,U0235,U1085,2024-05-10T00:00:07,collaborator,1,0.054758
R03573,U0395,U0699,2024-05-10T00:00:08,collaborator,1,0.990959
R03574,U0181,U1187,2024-05-11T00:00:01,colleague,1,0.410447
R03575,U0104,U0257,2024-05-11T00:00:02,collaborator,1,0.044044
R03576,U0075,U0202,2024-05-11T00:00:03,collaborator,1,0.40963
R03577,U0058,U0659,2024-05-11T00:00:04,collaborator,1,0.672824
R03578,U0320,U0397,2024-05-11T00:00:05,collaborator,1,0.619633
R03579,U0320,U1138,2024-05-11T00:00:06,collaborator,1,0.776682
R03580,U0047,U1174,2024-05-11T00:00:07,collaborator,1,0.232398
R03581,U0142,U1147,2024-05-11T00:00:08,collaborator,1,0.257474
R03582,U0369,U1250,2024-05-12T00:00:01,colleague,1,0.511885
R03583,U1085,U1216,2024-05-12T00:00:02,collaborator,1,0.425433
R03584,U0482,U1401,2024-05-12T00:00:03,acquaintance,1,0.534087
R03585,U0190,U0237,2024-05-12T00:00:04,collaborator,1,0.96033
R03586,U0032,U1100,2024-05-12T00:00:05,collaborator,1,0.290123
R03587,U0107,U0652,2024-05-12T00:00:06,collaborator,1,0.326216
R03588,U0535,U0610,2024-05-12T00:00:07,collaborator,1,0.688716
R03589,U0117,U1071,2024-05-12T00:00:08,colleague,1,0.451815
R03590,U0098,U0419,2024-05-13T00:00:01,collaborator,1,0.091284
R03591,U0465,U1044,2024-05-13T00:00:02,colleague,1,0.07727
R03592,U0399,U1282,2024-05-13T00:00:03,collaborator,1,0.600393
R03593,U0291,U0953,2024-05-13T00:00:04,collaborator,1,0.471445
R03594,U0480,U0986,2024-05-13T00:00:05,collaborator,1,0.177413
R03595,U0187,U0624,2024-05-13T00:00:06,acquaintance,1,0.446153
R03596,U0200,U1118,2024-05-13T00:00:07,collaborator,1,0.555423
R03597,U0093,U0367,2024-05-13T00:00:08,collaborator,1,0.776139
R03598,U1080,U1368,2024-05-14T00:00:01,collaborator,1,0.347636
R03599,U0238,U0728,2024-05-14T00:00:02,colleague,1,0.277294
R03600,U0291,U0662,2024-05-14T00:00:03,collaborator,1,0.651303
R03601,U1104,U1258,2024-05-14T00:00:04,collaborator,1,0.034355
R03602,U0611,U0725,2024-05-14T00:00:05,acquaintance,1,0.54927
R03603,U0008,U1397,2024-05-14T00:00:06,acquaintance,1,0.822708
R03604,U0695,U1175,2024-05-14T00:00:07,colleague,1,0.590696
R03605,U0223,U0943,2024-05-14T00:00:08,collaborator,1,0.64344
R03606,U0357,U0906,2024-05-15T00:00:01,acquaintance,1,0.330731
R03607,U1014,U1399,2024-05-15T00:00:02,collaborator,1,0.614255
R03608,U0270,U1038,2024-05-15T00:00:03,acquaintance,1,0.113935
R03609,U1301,U1337,2024-05-15T00:00:04,collaborator,1,0.967954
R03610,U0318,U0794,2024-05-15T00:00:05,collaborator,1,0.959543
R03611,U0240,U1218,2024-05-15T00:00:06,collaborator,1,0.481001
R03612,U0444,U1137,2024-05-15T00:00:07,colleague,1,0.852625
R03613,U0367,U0891,2024-05-15T00:00:08,acquaintance,1,0.98125
R03614,U0002,U0667,2024-05-16T00:00:01,collaborator,1,0.080509
R03615,U0154,U0442,2024-05-16T00:00:02,acquaintance,1,0.608756
R03616,U0699,U0806,2024-05-16T00:00:03,acquaintance,1,0.638838
R03617,U0650,U1054,2024-05-16T00:00:04,collaborator,1,0.915368
R03618,U0241,U1367,2024-05-16T00:00:05,acquaintance,1,0.049033
R03619,U0249,U1134,2024-05-16T00:00:06,collaborator,1,0.119257
R03620,U0760,U1026,2024-05-16T00:00:07,colleague,1,0.736982
R03621,U0347,U0962,2024-05-16T00:00:08,collaborator,1,0.416779
R03622,U0587,U1059,2024-05-17T00:00:01,collaborator,1,0.777099
R03623,U0424,U0726,2024-05-17T00:00:02,collaborator,1,0.958114
R03624,U0822,U1202,2024-05-17T00:00:03,acquaintance,1,0.777701
R03625,U1047,U1167,2024-05-17T00:00:04,collaborator,1,0.35296
R03626,U0159,U0187,2024-05-17T00:00:05,acquaintance,1,0.242887
R03627,U0284,U0536,2024-05-17T00:00:06,colleague,1,0.041932
R03628,U0476,U1401,2024-05-17T00:00:07,collaborator,1,0.591512
R03629,U0420,U0428,2024-05-17T00:00:08,collaborator,1,0.252294
R03630,U1070,U1240,2024-05-18T00:00:01,collaborator,1,0.75883
R03631,U0915,U1073,2024-05-18T00:00:02,collaborator,1,0.295973
R03632,U0186,U0747,2024-05-18T00:00:03,acquaintance,1,0.655917
R03633,U0513,U0849,2024-05-18T00:00:04,acquaintance,1,0.135826
R03634,U0633,U1188,2024-05-18T00:00:05,collaborator,1,0.338546
R03635,U0772,U1140,2024-05-18T00:00:06,collaborator,1,0.837059
R03636,U0274,U0291,2024-05-18T00:00:07,acquaintance,1,0.596914
R03637,U1229,U1328,2024-05-18T00:00:08,collaborator,1,0.57783
R03638,U0717,U0897,2024-05-19T00:00:01,collaborator,1,0.062116
R03639,U0006,U0146,2024-05-19T00:00:02,colleague,1,0.945821
R03640,U0340,U0864,2024-05-19T00:00:03,acquaintance,1,0.598036
R03641,U0810,U1257,2024-05-19T00:00:04,collaborator,1,0.376353
R03642,U0768,U0947,2024-05-19T00:00:05,collaborator,1,0.285869
R03643,U0251,U1211,2024-05-19T00:00:06,collaborator,1,0.3106
R03644,U0904,U1352,2024-05-19T00:00:07,acquaintance,1,0.298758
R03645,U0288,U1160,2024-05-19T00:00:08,colleague,1,0.199009
R03646,U1183,U1390,2024-05-20T00:00:01,acquaintance,1,0.607245
R03647,U0444,U0591,2024-05-20T00:00:02,acquaintance,1,0.687582
R03648,U0632,U0846,2024-05-20T00:00:03,collaborator,1,0.985432
R03649,U0938,U1022,2024-05-20T00:00:04,collaborator,1,0.660045
R03650,U0075,U1196,2024-05-20T00:00:05,collaborator,1,0.11357
R03651,U0025,U0666,2024-05-20T00:00:06,collaborator,1,0.595257
R03652,U0320,U0596,2024-05-20T00:00:07,collaborator,1,0.794523
R03653,U0534,U0851,2024-05-20T00:00:08,acquaintance,1,0.701443
R03654,U0406,U1257,2024-05-21T00:00:01,acquaintance,1,0.39262
R03655,U0207,U0546,2024-05-21T00:00:02,colleague,1,0.48354
R03656,U0882,U1284,2024-05-21T00:00:03,acquaintance,1,0.039852
R03657,U0468,U1124,2024-05-21T00:00:04,acquaintance,1,0.894193
R03658,U0484,U0490,2024-05-21T00:00:05,acquaintance,1,0.747329
R03659,U0106,U0870,2024-05-21T00:00:06,collaborator,1,0.1614
R03660,U0562,U0656,2024-05-21T00:00:07,collaborator,1,0.670294
R03661,U0072,U0875,2024-05-21T00:00:08,acquaintance,1,0.721641
R03662,U0065,U0390,2024-05-22T00:00:01,colleague,1,0.740796
R03663,U0517,U0804,2024-05-22T00:00:02,acquaintance,1,0.033681
R03664,U0471,U1357,2024-05-22T00:00:03,collaborator,1,0.965155
R03665,U0471,U1373,2024-05-22T00:00:04,colleague,1,0.654752
R03666,U0104,U1384,2024-05-22T00:00:05,collaborator,1,0.128643
R03667,U0482,U1363,2024-05-22T00:00:06,collaborator,1,0.01473
R03668,U0410,U0894,2024-05-22T00:00:07,collaborator,1,0.181834
R03669,U0300,U0746,2024-05-22T00:00:08,collaborator,1,0.377171
R03670,U1130,U1383,2024-05-23T00:00:01,collaborator,1,0.543029
R03671,U0880,U0897,2024-05-23T00:00:02,acquaintance,1,0.213406
R03672,U0175,U0476,2024-05-23T00:00:03,collaborator,1,0.538965
R03673,U0092,U0343,2024-05-23T00:00:04,collaborator,1,0.295316
R03674,U0334,U0797,2024-05-23T00:00:05,acquaintance,1,0.697232
R03675,U0242,U0479,2024-05-23T00:00:06,acquaintance,1,0.482396
R03676,U0651,U1090,2024-05-23T00:00:07,collaborator,1,0.807463
R03677,U0035,U0405,2024-05-23T00:00:08,colleague,1,0.033845
R03678,U0582,U0906,2024-05-24T00:00:01,collaborator,1,0.931663
R03679,U0119,U0388,2024-05-24T00:00:02,acquaintance,1,0.005574
R03680,U0125,U1350,2024-05-24T00:00:03,collaborator,1,0.441868
R03681,U1198,U1373,2024-05-24T00:00:04,collaborator,1,0.511525
R03682,U0412,U1124,2024-05-24T00:00:05,collaborator,1,0.981779
R03683,U0708,U1147,2024-05-24T00:00:06,acquaintance,1,0.782477
R03684,U0092,U0350,2024-05-24T00:00:07,colleague,1,0.721167
R03685,U0099,U0977,2024-05-24T00:00:08,colleague,1,0.159192
R03686,U0477,U0865,2024-05-25T00:00:01,collaborator,1,0.538097
R03687,U0573,U1175,2024-05-25T00:00:02,collaborator,1,0.782246
R03688,U0080,U0253,2024-05-25T00:00:03,colleague,1,0.831634
R03689,U0104,U0384,2024-05-25T00:00:04,collaborator,1,0.152796
R03690,U0229,U0689,2024-05-25T00:00:05,collaborator,1,0.90158
R03691,U0415,U0679,2024-05-25T00:00:06,colleague,1,0.059752
R03692,U0972,U1210,2024-05-25T00:00:07,acquaintance,1,0.664568
R03693,U0287,U0479,2024-05-25T00:00:08,collaborator,1,0.722603
R03694,U0649,U1358,2024-05-26T00:00:01,colleague,1,0.628942
R03695,U0053,U0865,2024-05-26T00:00:02,collaborator,1,0.462245
R03696,U0611,U1061,2024-05-26T00:00:03,colleague,1,0.409207
R03697,U0526,U0972,2024-05-26T00:00:04,acquaintance,1,0.119401
R03698,U0042,U0418,2024-05-26T00:00:05,collaborator,1,0.224079
R03699,U0183,U1163,2024-05-26T00:00:06,colleague,1,0.677225
R03700,U0134,U0674,2024-05-26T00:00:07,colleague,1,0.959877
R03701,U0192,U1138,2024-05-26T00:00:08,colleague,1,0.012177
R03702,U1244,U1399,2024-05-27T00:00:01,collaborator,1,0.41491
R03703,U0605,U0855,2024-05-27T00:00:02,collaborator,1,0.075589
R03704,U1084,U1376,2024-05-27T00:00:03,collaborator,1,0.979643
R03705,U0125,U1162,2024-05-27T00:00:04,collaborator,1,0.249512
R03706,U1106,U1128,2024-05-27T00:00:05,colleague,1,0.273614
R03707,U0685,U1074,2024-05-27T00:00:06,collaborator,1,0.432073
R03708,U0390,U0876,2024-05-27T00:00:07,collaborator,1,0.873216
R03709,U0152,U0759,2024-05-27T00:00:08,acquaintance,1,0.994501
R03710,U0194,U0490,2024-05-28T00:00:01,collaborator,1,0.352925
R03711,U0880,U1118,2024-05-28T00:00:02,acquaintance,1,0.320874
R03712,U0320,U0753,2024-05-28T00:00:03,collaborator,1,0.666352
R03713,U0412,U1222,2024-05-28T00:00:04,collaborator,1,0.979263
R03714,U0410,U0509,2024-05-28T00:00:05,collaborator,1,0.24557
R03715,U0086,U0291,2024-05-28T00:00:06,colleague,1,0.877915
R03716,U0078,U0542,2024-05-28T00:00:07,acquaintance,1,0.41701
R03717,U0695,U1059,2024-05-28T00:00:08,collaborator,1,0.629626
R03718,U0613,U0702,2024-06-01T00:00:00,colleague,1,0.583543
R03719,U0719,U0985,2024-06-01T00:00:01,collaborator,1,0.964308
R03720,U0853,U1064,2024-06-01T00:00:02,collaborator,1,0.879435
R03721,U0207,U0696,2024-06-01T00:00:03,collaborator,1,0.487594
R03722,U0293,U1172,2024-06-01T00:00:04,acquaintance,1,0.407174
R03723,U0202,U0761,2024-06-01T00:00:05,collaborator,1,0.944827
R03724,U0067,U0279,2024-06-01T00:00:06,collaborator,1,0.022113
R03725,U1325,U1328,2024-06-01T00:00:07,collaborator,1,0.795922
R03726,U0483,U0606,2024-06-02T00:00:01,collaborator,1,0.856455
R03727,U0458,U1388,2024-06-02T00:00:02,colleague,1,0.732558
R03728,U0841,U1364,2024-06-02T00:00:03,acquaintance,1,0.3036
R03729,U0331,U0776,2024-06-02T00:00:04,collaborator,1,0.440816
R03730,U0706,U0951,2024-06-02T00:00:05,collaborator,1,0.582957
R03731,U1123,U1171,2024-06-02T00:00:06,collaborator,1,0.984028
R03732,U1211,U1278,2024-06-02T00:00:07,collaborator,1,0.34302
R03733,U0750,U1272,2024-06-02T00:00:08,colleague,1,0.061931
R03734,U0295,U1195,2024-06-03T00:00:01,collaborator,1,0.454995
R03735,U0107,U0304,2024-06-03T00:00:02,collaborator,1,0.492285
R03736,U0295,U0474,2024-06-03T00:00:03,collaborator,1,0.311112
R03737,U0674,U1364,2024-06-03T00:00:04,acquaintance,1,0.872057
R03738,U1109,U1289,2024-06-03T00:00:05,collaborator,1,0.533006
R03739,U0906,U0915,2024-06-03T00:00:06,collaborator,1,0.512998
R03740,U0346,U0920,2024-06-03T00:00:07,collaborator,1,0.770015
R03741,U0495,U0932,2024-06-03T00:00:08,collaborator,1,0.918538
R03742,U0457,U1079,2024-06-04T00:00:01,acquaintance,1,0.404554
R03743,U0649,U0657,2024-06-04T00:00:02,acquaintance,1,0.606332
R03744,U0360,U1239,2024-06-04T00:00:03,colleague,1,0.938027
R03745,U1080,U1295,2024-06-04T00:00:04,collaborator,1,0.978547
R03746,U0333,U0605,2024-06-04T00:00:05,colleague,1,0.712483
R03747,U0971,U1279,2024-06-04T00:00:06,collaborator,1,0.671952
R03748,U0258,U1028,2024-06-04T00:00:07,collaborator,1,0.744857
R03749,U0354,U1358,2024-06-05T00:00:00,collaborator,1,0.882233
R03750,U0214,U0782,2024-06-05T00:00:01,collaborator,1,0.663446
R03751,U0193,U1099,2024-06-05T00:00:02,collaborator,1,0.388749
R03752,U0728,U1042,2024-06-05T00:00:03,collaborator,1,0.562561
R03753,U0543,U1036,2024-06-05T00:00:04,colleague,1,0.533121
R03754,U0254,U0792,2024-06-05T00:00:05,acquaintance,1,0.097929
R03755,U1101,U1243,2024-06-05T00:00:06,collaborator,1,0.162313
R03756,U0515,U1086,2024-06-05T00:00:07,collaborator,1,0.876471
R03757,U0182,U0190,2024-06-06T00:00:01,collaborator,1,0.124375
R03758,U0363,U0942,2024-06-06T00:00:02,colleague,1,0.451897
R03759,U0504,U1078,2024-06-06T00:00:03,colleague,1,0.724052
R03760,U0122,U1269,2024-06-06T00:00:04,collaborator,1,0.800019
R03761,U0387,U0664,2024-06-06T00:00:05,collaborator,1,0.942272
R03762,U0166,U0673,2024-06-06T00:00:06,colleague,1,0.635301
R03763,U0363,U0731,2024-06-06T00:00:07,collaborator,1,0.923184
R03764,U0504,U1117,2024-06-06T00:00:08,collaborator,1,0.880861
R03765,U0366,U1274,2024-06-07T00:00:01,colleague,1,0.394942
R03766,U0711,U0759,2024-06-07T00:00:02,collaborator,1,0.864473
R03767,U0330,U0943,2024-06-07T00:00:03,colleague,1,0.008544
R03768,U0641,U1389,2024-06-07T00:00:04,collaborator,1,0.541043
R03769,U0980,U1091,2024-06-07T00:00:05,collaborator,1,0.109863
R03770,U0653,U1150,2024-06-07T00:00:06,collaborator,1,0.349629
R03771,U0275,U1245,2024-06-07T00:00:07,acquaintance,1,0.855265
R03772,U1127,U1275,2024-06-07T00:00:08,collaborator,1,0.133261
R03773,U0774,U1054,2024-06-08T00:00:01,acquaintance,1,0.371388
R03774,U0690,U0825,2024-06-08T00:00:02,collaborator,1,0.294201
R03775,U0533,U1189,2024-06-08T00:00:03,collaborator,1,0.831389
R03776,U0552,U1396,2024-06-08T00:00:04,colleague,1,0.351735
R03777,U0084,U0672,2024-06-08T00:00:05,acquaintance,1,0.988418
R03778,U0892,U1105,2024-06-08T00:00:06,colleague,1,0.736428
R03779,U0322,U0648,2024-06-08T00:00:07,acquaintance,1,0.640028
R03780,U0328,U0426,2024-06-09T00:00:00,acquaintance,1,0.573968
R03781,U0181,U1180,2024-06-09T00:00:01,collaborator,1,0.677459
R03782,U0153,U0631,2024-06-09T00:00:02,colleague,1,0.019211
R03783,U0430,U0888,2024-06-09T00:00:03,colleague,1,0.065226
R03784,U0532,U0624,2024-06-09T00:00:04,collaborator,1,0.040784
R03785,U0190,U0603,2024-06-09T00:00:05,collaborator,1,0.430394
R03786,U0068,U1401,2024-06-09T00:00:06,collaborator,1,0.068934
R03787,U0333,U0459,2024-06-09T00:00:07,collaborator,1,0.397238
R03788,U0034,U0869,2024-06-10T00:00:01,collaborator,1,0.972914
R03789,U0266,U0671,2024-06-10T00:00:02,colleague,1,0.571449
R03790,U0839,U1184,2024-06-10T00:00:03,acquaintance,1,0.114125
R03791,U0476,U0673,2024-06-10T00:00:04,collaborator,1,0.327703
R03792,U0209,U0245,2024-06-10T00:00:05,collaborator,1,0.523199
R03793,U0861,U1083,2024-06-10T00:00:06,collaborator,1,0.605632
R03794,U1107,U1219,2024-06-10T00:00:07,acquaintance,1,0.739644
R03795,U0166,U1199,2024-06-10T00:00:08,collaborator,1,0.632164
R03796,U0248,U0966,2024-06-11T00:00:01,collaborator,1,0.099946
R03797,U0067,U0393,2024-06-11T00:00:02,acquaintance,1,0.075881
R03798,U0695,U1384,2024-06-11T00:00:03,collaborator,1,0.903529
R03799,U0333,U0764,2024-06-11T00:00:04,colleague,1,0.373154
R03800,U0179,U0501,2024-06-11T00:00:05,collaborator,1,0.093847
R03801,U1172,U1217,2024-06-11T00:00:06,collaborator,1,0.509357
R03802,U0409,U0904,2024-06-11T00:00:07,acquaintance,1,0.724285
R03803,U1383,U1402,2024-06-11T00:00:08,collaborator,1,0.111198
R03804,U0316,U1046,2024-06-12T00:00:01,acquaintance,1,0.878205
R03805,U0173,U1192,2024-06-12T00:00:02,acquaintance,1,0.314168
R03806,U0289,U1339,2024-06-12T00:00:03,collaborator,1,0.022815
R03807,U0193,U0247,2024-06-12T00:00:04,colleague,1,0.400957
R03808,U0640,U1059,2024-06-12T00:00:05,collaborator,1,0.152836
R03809,U0671,U1252,2024-06-12T00:00:06,acquaintance,1,0.084882
R03810,U0631,U1014,2024-06-12T00:00:07,acquaintance,1,0.983891
R03811,U0283,U0939,2024-06-13T00:00:00,collaborator,1,0.613313
R03812,U0846,U1353,2024-06-13T00:00:01,collaborator,1,0.068447
R03813,U0414,U0498,2024-06-13T00:00:02,acquaintance,1,0.811081
R03814,U0388,U0987,2024-06-13T00:00:03,colleague,1,0.744841
R03815,U0091,U0350,2024-06-13T00:00:04,collaborator,1,0.215702
R03816,U0797,U0880,2024-06-13T00:00:05,colleague,1,0.363471
R03817,U0085,U1350,2024-06-13T00:00:06,acquaintance,1,0.202448
R03818,U0461,U0921,2024-06-13T00:00:07,collaborator,1,0.495125
R03819,U0114,U1227,2024-06-14T00:00:01,collaborator,1,0.517944
R03820,U0421,U0541,2024-06-14T00:00:02,colleague,1,0.417152
R03821,U0670,U1327,2024-06-14T00:00:03,collaborator,1,0.009736
R03822,U0649,U0719,2024-06-14T00:00:04,collaborator,1,0.107787
R03823,U0504,U0521,2024-06-14T00:00:05,colleague,1,0.976794
R03824,U0613,U0715,2024-06-14T00:00:06,acquaintance,1,0.667674
R03825,U0035,U0477,2024-06-14T00:00:07,collaborator,1,0.799007
R03826,U0480,U0747,2024-06-14T00:00:08,collaborator,1,0.784742
R03827,U0616,U0919,2024-06-15T00:00:01,acquaintance,1,0.651775
R03828,U0360,U1172,2024-06-15T00:00:02,colleague,1,0.6863
R03829,U0780,U1356,2024-06-15T00:00:03,collaborator,1,0.333743
R03830,U1206,U1397,2024-06-15T00:00:04,collaborator,1,0.939009
R03831,U0569,U0852,2024-06-15T00:00:05,colleague,1,0.698278
R03832,U0656,U0710,2024-06-15T00:00:06,collaborator,1,0.057793
R03833,U0093,U0523,2024-06-15T00:00:07,acquaintance,1,0.27694
R03834,U0666,U1229,2024-06-15T00:00:08,collaborator,1,0.286063
R03835,U1162,U1302,2024-06-16T00:00:01,collaborator,1,0.204295
R03836,U0053,U1401,2024-06-16T00:00:02,collaborator,1,0.541268
R03837,U0371,U0443,2024-06-16T00:00:03,colleague,1,0.859744
R03838,U0113,U0980,2024-06-16T00:00:04,collaborator,1,0.204007
R03839,U0438,U1148,2024-06-16T00:00:05,collaborator,1,0.213324
R03840,U1260,U1398,2024-06-16T00:00:06,collaborator,1,0.827987
R03841,U0672,U0975,2024-06-16T00:00:07,colleague,1,0.786992
R03842,U0024,U0452,2024-06-17T00:00:00,collaborator,1,0.44049
R03843,U0742,U0951,2024-06-17T00:00:01,acquaintance,1,0.867282
R03844,U1254,U1282,2024-06-17T00:00:02,acquaintance,1,0.404061
R03845,U0556,U1281,2024-06-17T00:00:03,colleague,1,0.375019
R03846,U0637,U1401,2024-06-17T00:00:04,collaborator,1,0.056778
R03847,U0148,U0367,2024-06-17T00:00:05,acquaintance,1,0.065049
R03848,U0042,U0068,2024-06-17T00:00:06,acquaintance,1,0.090214
R03849,U0787,U0970,2024-06-17T00:00:07,collaborator,1,0.847424
R03850,U0239,U0954,2024-06-18T00:00:01,collaborator,1,0.73534
R03851,U0418,U0475,2024-06-18T00:00:02,acquaintance,1,0.811704
R03852,U0134,U0270,2024-06-18T00:00:03,collaborator,1,0.649678
R03853,U0891,U1017,2024-06-18T00:00:04,colleague,1,0.219559
R03854,U0406,U0824,2024-06-18T00:00:05,collaborator,1,0.885933
R03855,U0103,U1040,2024-06-18T00:00:06,colleague,1,0.376895
R03856,U0304,U0335,2024-06-18T00:00:07,collaborator,1,0.009177
R03857,U0384,U1257,2024-06-18T00:00:08,acquaintance,1,0.625604
R03858,U0388,U1123,2024-06-19T00:00:01,acquaintance,1,0.986288
R03859,U0980,U1197,2024-06-19T00:00:02,acquaintance,1,0.321149
R03860,U0205,U0746,2024-06-19T00:00:03,colleague,1,0.864396
R03861,U0715,U1383,2024-06-19T00:00:04,collaborator,1,0.870848
R03862,U0152,U0413,2024-06-19T00:00:05,colleague,1,0.952942
R03863,U0364,U1182,2024-06-19T00:00:06,collaborator,1,0.643647
R03864,U0199,U1075,2024-06-19T00:00:07,collaborator,1,0.448655
R03865,U0800,U1166,2024-06-19T00:00:08,colleague,1,0.379088
R03866,U0320,U0353,2024-06-20T00:00:01,collaborator,1,0.483422
R03867,U0265,U1156,2024-06-20T00:00:02,collaborator,1,0.63578
R03868,U0008,U1383,2024-06-20T00:00:03,collaborator,1,0.667678
R03869,U0459,U0506,2024-06-20T00:00:04,collaborator,1,0.21204
R03870,U1040,U1258,2024-06-20T00:00:05,acquaintance,1,0.668579
R03871,U0460,U1217,2024-06-20T00:00:06,collaborator,1,0.044118
R03872,U0753,U0903,2024-06-20T00:00:07,collaborator,1,0.201959
R03873,U0141,U0542,2024-06-21T00:00:00,collaborator,1,0.108855
R03874,U0504,U0753,2024-06-21T00:00:01,colleague,1,0.293335
R03875,U0376,U0483,2024-06-21T00:00:02,colleague,1,0.711086
R03876,U0570,U0657,2024-06-21T00:00:03,acquaintance,1,0.352317
R03877,U0446,U1156,2024-06-21T00:00:04,acquaintance,1,0.58483
R03878,U0329,U0481,2024-06-21T00:00:05,colleague,1,0.944368
R03879,U0145,U0894,2024-06-21T00:00:06,collaborator,1,0.321511
R03880,U0407,U1286,2024-06-21T00:00:07,colleague,1,0.887314
R03881,U0338,U1299,2024-06-22T00:00:01,collaborator,1,0.632346
R03882,U0361,U0502,2024-06-22T00:00:02,colleague,1,0.836253
R03883,U0515,U1076,2024-06-22T00:00:03,colleague,1,0.394134
R03884,U0251,U1254,2024-06-22T00:00:04,collaborator,1,0.130563
R03885,U1143,U1149,2024-06-22T00:00:05,colleague,1,0.695453
R03886,U0744,U1128,2024-06-22T00:00:06,colleague,1,0.174219
R03887,U0356,U0865,2024-06-22T00:00:07,collaborator,1,0.168117
R03888,U0050,U0551,2024-06-22T00:00:08,collaborator,1,0.573039
R03889,U0283,U1007,2024-06-23T00:00:01,acquaintance,1,0.842786
R03890,U0631,U1302,2024-06-23T00:00:02,collaborator,1,0.492723
R03891,U0338,U0707,2024-06-23T00:00:03,collaborator,1,0.8022
R03892,U0240,U0410,2024-06-23T00:00:04,collaborator,1,0.408193
R03893,U0458,U1213,2024-06-23T00:00:05,collaborator,1,0.8755
R03894,U0253,U0393,2024-06-23T00:00:06,collaborator,1,0.362542
R03895,U0172,U1341,2024-06-23T00:00:07,collaborator,1,0.908831
R03896,U0155,U1064,2024-06-23T00:00:08,collaborator,1,0.579302
R03897,U0741,U1218,2024-06-24T00:00:01,collaborator,1,0.561892
R03898,U0135,U0443,2024-06-24T00:00:02,colleague,1,0.066419
R03899,U0741,U1392,2024-06-24T00:00:03,collaborator,1,0.756422
R03900,U1197,U1293,2024-06-24T00:00:04,collaborator,1,0.880656
R03901,U0726,U0822,2024-06-24T00:00:05,collaborator,1,0.24018
R03902,U0910,U1305,2024-06-24T00:00:06,colleague,1,0.367336
R03903,U0957,U1240,2024-06-24T00:00:07,acquaintance,1,0.081354
R03904,U0689,U1253,2024-06-25T00:00:00,collaborator,1,0.942979
R03905,U1101,U1163,2024-06-25T00:00:01,colleague,1,0.929556
R03906,U0050,U1049,2024-06-25T00:00:02,acquaintance,1,0.264758
R03907,U0302,U0459,2024-06-25T00:00:03,collaborator,1,0.939222
R03908,U0309,U0782,2024-06-25T00:00:04,colleague,1,0.020246
R03909,U0752,U0757,2024-06-25T00:00:05,collaborator,1,0.513678
R03910,U0122,U1002,2024-06-25T00:00:06,acquaintance,1,0.84109
R03911,U1086,U1401,2024-06-25T00:00:07,colleague,1,0.982412
R03912,U1146,U1290,2024-06-26T00:00:01,acquaintance,1,0.914463
R03913,U0146,U0264,2024-06-26T00:00:02,collaborator,1,0.122892
R03914,U0945,U1332,2024-06-26T00:00:03,collaborator,1,0.911106
R03915,U0692,U1229,2024-06-26T00:00:04,colleague,1,0.890317
R03916,U0157,U0856,2024-06-26T00:00:05,collaborator,1,0.435976
R03917,U0944,U1373,2024-06-26T00:00:06,colleague,1,0.829924
R03918,U0201,U0771,2024-06-26T00:00:07,acquaintance,1,0.598292
R03919,U0067,U1125,2024-06-26T00:00:08,colleague,1,0.436268
R03920,U0036,U0681,2024-06-27T00:00:01,colleague,1,0.244353
R03921,U0525,U0736,2024-06-27T00:00:02,collaborator,1,0.726351
R03922,U0289,U1379,2024-06-27T00:00:03,acquaintance,1,0.566071
R03923,U0887,U1372,2024-06-27T00:00:04,acquaintance,1,0.401658
R03924,U0172,U1008,2024-06-27T00:00:05,collaborator,1,0.939625
R03925,U0360,U1170,2024-06-27T00:00:06,collaborator,1,0.540691
R03926,U0298,U1390,2024-06-27T00:00:07,acquaintance,1,0.636481
R03927,U0639,U1348,2024-06-27T00:00:08,collaborator,1,0.988725
R03928,U1106,U1164,2024-06-28T00:00:01,colleague,1,0.446031
R03929,U0095,U1071,2024-06-28T00:00:02,collaborator,1,0.114664
R03930,U0521,U1164,2024-06-28T00:00:03,colleague,1,0.753373
R03931,U0747,U0993,2024-06-28T00:00:04,collaborator,1,0.998727
R03932,U0015,U0458,2024-06-28T00:00:05,colleague,1,0.071261
R03933,U0744,U0972,2024-06-28T00:00:06,collaborator,1,0.508495
R03934,U0313,U0553,2024-06-28T00:00:07,collaborator,1,0.591441
R03935,U0539,U0592,2024-07-01T00:00:00,collaborator,1,0.712851
R03936,U1304,U1383,2024-07-01T00:00:01,acquaintance,1,0.849746
R03937,U0664,U0741,2024-07-01T00:00:02,collaborator,1,0.878109
R03938,U0317,U1129,2024-07-01T00:00:03,acquaintance,1,0.148139
R03939,U0006,U0988,2024-07-01T00:00:04,collaborator,1,0.829675
R03940,U0195,U0727,2024-07-01T00:00:05,collaborator,1,0.09869
R03941,U0202,U1133,2024-07-01T00:00:06,collaborator,1,0.388058
R03942,U0969,U1343,2024-07-01T00:00:07,collaborator,1,0.474851
R03943,U0683,U0822,2024-07-02T00:00:01,collaborator,1,0.84378
R03944,U0279,U0426,2024-07-02T00:00:02,acquaintance,1,0.592039
R03945,U0579,U1323,2024-07-02T00:00:03,collaborator,1,0.510096
R03946,U0097,U0110,2024-07-02T00:00:04,collaborator,1,0.463841
R03947,U0294,U0525,2024-07-02T00:00:05,colleague,1,0.831543
R03948,U0672,U0883,2024-07-02T00:00:06,collaborator,1,0.712584
R03949,U0316,U0811,2024-07-02T00:00:07,collaborator,1,0.565581
R03950,U0686,U0949,2024-07-02T00:00:08,collaborator,1,0.519959
R03951,U1003,U1348,2024-07-03T00:00:01,acquaintance,1,0.742118
R03952,U0182,U1295,2024-07-03T00:00:02,acquaintance,1,0.330763
R03953,U0191,U0932,2024-07-03T00:00:03,collaborator,1,0.906951
R03954,U0054,U0845,2024-07-03T00:00:04,collaborator,1,0.396193
R03955,U1149,U1207,2024-07-03T00:00:05,colleague,1,0.421145
R03956,U0802,U1124,2024-07-03T00:00:06,colleague,1,0.82994
R03957,U0426,U0967,2024-07-03T00:00:07,colleague,1,0.278254
R03958,U0154,U0725,2024-07-03T00:00:08,acquaintance,1,0.184647
R03959,U0208,U0989,2024-07-04T00:00:01,colleague,1,0.2516
R03960,U0524,U0589,2024-07-04T00:00:02,colleague,1,0.081752
R03961,U0269,U0864,2024-07-04T00:00:03,acquaintance,1,0.28348
R03962,U0811,U0853,2024-07-04T00:00:04,collaborator,1,0.00971
R03963,U0087,U1297,2024-07-04T00:00:05,collaborator,1,0.059438
R03964,U0363,U1288,2024-07-04T00:00:06,acquaintance,1,0.699688
R03965,U0181,U0260,2024-07-04T00:00:07,acquaintance,1,0.457792
R03966,U0596,U1307,2024-07-05T00:00:00,collaborator,1,0.326117
R03967,U0526,U1197,2024-07-05T00:00:01,acquaintance,1,0.687548
R03968,U0639,U1265,2024-07-05T00:00:02,collaborator,1,0.043789
R03969,U0034,U0696,2024-07-05T00:00:03,collaborator,1,0.331787
R03970,U0058,U1255,2024-07-05T00:00:04,collaborator,1,0.75275
R03971,U0026,U1037,2024-07-05T00:00:05,colleague,1,0.248799
R03972,U0284,U0670,2024-07-05T00:00:06,collaborator,1,0.846972
R03973,U0832,U1367,2024-07-05T00:00:07,collaborator,1,0.459323
R03974,U0573,U1026,2024-07-06T00:00:01,acquaintance,1,0.427649
R03975,U0924,U1139,2024-07-06T00:00:02,colleague,1,0.219117
R03976,U0014,U0316,2024-07-06T00:00:03,acquaintance,1,0.455497
R03977,U0023,U1194,2024-07-06T00:00:04,collaborator,1,0.105354
R03978,U0518,U0753,2024-07-06T00:00:05,collaborator,1,0.660277
R03979,U0520,U0690,2024-07-06T00:00:06,collaborator,1,0.6251
R03980,U0691,U1256,2024-07-06T00:00:07,collaborator,1,0.109512
R03981,U0313,U0943,2024-07-06T00:00:08,collaborator,1,0.398197
R03982,U0502,U0693,2024-07-07T00:00:01,colleague,1,0.74433
R03983,U0291,U0319,2024-07-07T00:00:02,collaborator,1,0.290038
R03984,U0374,U0707,2024-07-07T00:00:03,collaborator,1,0.125214
R03985,U0536,U1196,2024-07-07T00:00:04,collaborator,1,0.275223
R03986,U0634,U1201,2024-07-07T00:00:05,collaborator,1,0.58035
R03987,U0843,U1090,2024-07-07T00:00:06,collaborator,1,0.112945
R03988,U0292,U0653,2024-07-07T00:00:07,collaborator,1,0.327465
R03989,U0853,U1114,2024-07-07T00:00:08,acquaintance,1,0.344861
R03990,U0140,U0288,2024-07-08T00:00:01,acquaintance,1,0.918998
R03991,U0284,U0893,2024-07-08T00:00:02,collaborator,1,0.60087
R03992,U0750,U1323,2024-07-08T00:00:03,collaborator,1,0.911441
R03993,U0180,U0665,2024-07-08T00:00:04,acquaintance,1,0.123072
R03994,U0837,U0952,2024-07-08T00:00:05,acquaintance,1,0.108119
R03995,U0633,U0901,2024-07-08T00:00:06,collaborator,1,0.582889
R03996,U0342,U0571,2024-07-08T00:00:07,collaborator,1,0.122219
R03997,U0270,U1346,2024-07-09T00:00:00,acquaintance,1,0.316357
R03998,U0465,U1262,2024-07-09T00:00:01,collaborator,1,0.110726
R03999,U0736,U1080,2024-07-09T00:00:02,acquaintance,1,0.118832
R04000,U0498,U1038,2024-07-09T00:00:03,colleague,1,0.890061
R04001,U0790,U1076,2024-07-09T00:00:04,collaborator,1,0.036033
R04002,U0311,U1320,2024-07-09T00:00:05,acquaintance,1,0.939837
R04003,U1002,U1353,2024-07-09T00:00:06,collaborator,1,0.233147
R04004,U0313,U1352,2024-07-09T00:00:07,colleague,1,0.598081
R04005,U0105,U1035,2024-07-10T00:00:01,collaborator,1,0.313714
R04006,U0882,U0887,2024-07-10T00:00:02,collaborator,1,0.016399
R04007,U0745,U1371,2024-07-10T00:00:03,acquaintance,1,0.870804
R04008,U0301,U0311,2024-07-10T00:00:04,collaborator,1,0.460732
R04009,U0703,U0762,2024-07-10T00:00:05,acquaintance,1,0.642541
R04010,U0278,U1024,2024-07-10T00:00:06,colleague,1,0.281603
R04011,U0751,U0812,2024-07-10T00:00:07,collaborator,1,0.828855
R04012,U0610,U1321,2024-07-10T00:00:08,colleague,1,0.340611
R04013,U0820,U0877,2024-07-11T00:00:01,acquaintance,1,0.040992
R04014,U1120,U1317,2024-07-11T00:00:02,colleague,1,0.480246
R04015,U0289,U1375,2024-07-11T00:00:03,collaborator,1,0.908119
R04016,U0104,U0794,2024-07-11T00:00:04,collaborator,1,0.78555
R04017,U0203,U0227,2024-07-11T00:00:05,collaborator,1,0.004973
R04018,U0327,U1095,2024-07-11T00:00:06,colleague,1,0.482854
R04019,U0988,U1157,2024-07-11T00:00:07,collaborator,1,0.112871
R04020,U0146,U0434,2024-07-11T00:00:08,collaborator,1,0.612731
R04021,U0125,U1355,2024-07-12T00:00:01,collaborator,1,0.131562
R04022,U0366,U1352,2024-07-12T00:00:02,collaborator,1,0.165718
R04023,U0773,U1302,2024-07-12T00:00:03,acquaintance,1,0.317123
R04024,U0370,U1005,2024-07-12T00:00:04,collaborator,1,0.749927
R04025,U0622,U1292,2024-07-12T00:00:05,collaborator,1,0.178638
R04026,U1125,U1324,2024-07-12T00:00:06,acquaintance,1,0.814634
R04027,U0746,U1280,2024-07-12T00:00:07,collaborator,1,0.480674
R04028,U0135,U0717,2024-07-13T00:00:00,collaborator,1,0.146933
R04029,U0969,U1115,2024-07-13T00:00:01,acquaintance,1,0.94019
R04030,U0203,U1039,2024-07-13T00:00:02,acquaintance,1,0.301238
R04031,U0039,U0222,2024-07-13T00:00:03,acquaintance,1,0.124173
R04032,U0502,U0538,2024-07-13T00:00:04,acquaintance,1,0.733065
R04033,U0382,U0989,2024-07-13T00:00:05,acquaintance,1,0.440287
R04034,U0953,U1039,2024-07-13T00:00:06,colleague,1,0.760997
R04035,U0177,U0969,2024-07-13T00:00:07,collaborator,1,0.979274
R04036,U0650,U1226,2024-07-14T00:00:01,acquaintance,1,0.663326
R04037,U0202,U1372,2024-07-14T00:00:02,acquaintance,1,0.65884
R04038,U1053,U1151,2024-07-14T00:00:03,collaborator,1,0.304985
R04039,U1236,U1266,2024-07-14T00:00:04,colleague,1,0.116319
R04040,U0397,U1074,2024-07-14T00:00:05,colleague,1,0.154337
R04041,U0229,U0313,2024-07-14T00:00:06,collaborator,1,0.177671
R04042,U0118,U0751,2024-07-14T00:00:07,colleague,1,0.991961
R04043,U0533,U0646,2024-07-14T00:00:08,acquaintance,1,0.576338
R04044,U0778,U0790,2024-07-15T00:00:01,acquaintance,1,0.975977
R04045,U1002,U1221,2024-07-15T00:00:02,collaborator,1,0.074618
R04046,U0531,U0801,2024-07-15T00:00:03,collaborator,1,0.725706
R04047,U0957,U0969,2024-07-15T00:00:04,collaborator,1,0.157494
R04048,U0794,U1180,2024-07-15T00:00:05,collaborator,1,0.08158
R04049,U0622,U0973,2024-07-15T00:00:06,collaborator,1,0.293791
R04050,U0429,U1231,2024-07-15T00:00:07,collaborator,1,0.124734
R04051,U0822,U1026,2024-07-15T00:00:08,collaborator,1,0.060455
R04052,U0215,U1067,2024-07-16T00:00:01,collaborator,1,0.832904
R04053,U0438,U1131,2024-07-16T00:00:02,collaborator,1,0.062856
R04054,U0180,U1193,2024-07-16T00:00:03,colleague,1,0.7403
R04055,U0878,U1278,2024-07-16T00:00:04,acquaintance,1,0.152284
R04056,U0040,U1095,2024-07-16T00:00:05,acquaintance,1,0.175135
R04057,U0081,U0364,2024-07-16T00:00:06,collaborator,1,0.113572
R04058,U0021,U1189,2024-07-16T00:00:07,collaborator,1,0.200189
R04059,U0227,U1131,2024-07-17T00:00:00,acquaintance,1,0.368232
R04060,U0326,U0965,2024-07-17T00:00:01,collaborator,1,0.530763
R04061,U1379,U1387,2024-07-17T00:00:02,collaborator,1,0.93636
R04062,U1106,U1180,2024-07-17T00:00:03,acquaintance,1,0.585677
R04063,U0780,U1094,2024-07-17T00:00:04,collaborator,1,0.999306
R04064,U0098,U0107,2024-07-17T00:00:05,collaborator,1,0.467618
R04065,U0181,U1029,2024-07-17T00:00:06,colleague,1,0.41798
R04066,U0034,U0248,2024-07-17T00:00:07,colleague,1,0.808486
R04067,U1195,U1346,2024-07-18T00:00:01,collaborator,1,0.911971
R04068,U0247,U1015,2024-07-18T00:00:02,colleague,1,0.869953
R04069,U0640,U1249,2024-07-18T00:00:03,acquaintance,1,0.309624
R04070,U0249,U1359,2024-07-18T00:00:04,collaborator,1,0.032679
R04071,U0269,U0878,2024-07-18T00:00:05,acquaintance,1,0.437954
R04072,U0049,U0746,2024-07-18T00:00:06,collaborator,1,0.934603
R04073,U0229,U0480,2024-07-18T00:00:07,collaborator,1,0.847984
R04074,U0222,U0343,2024-07-18T00:00:08,collaborator,1,0.097171
R04075,U0699,U0824,2024-07-19T00:00:01,collaborator,1,0.067057
R04076,U0088,U0687,2024-07-19T00:00:02,colleague,1,0.996881
R04077,U0409,U1038,2024-07-19T00:00:03,collaborator,1,0.619764
R04078,U0577,U0605,2024-07-19T00:00:04,collaborator,1,0.187336
R04079,U0426,U0906,2024-07-19T00:00:05,collaborator,1,0.813618
R04080,U0050,U0556,2024-07-19T00:00:06,collaborator,1,0.263916
R04081,U0784,U0976,2024-07-19T00:00:07,collaborator,1,0.805558
R04082,U0487,U0659,2024-07-19T00:00:08,collaborator,1,0.325933
R04083,U0701,U1163,2024-07-20T00:00:01,acquaintance,1,0.564169
R04084,U0194,U1253,2024-07-20T00:00:02,colleague,1,0.540236
R04085,U0317,U0829,2024-07-20T00:00:03,acquaintance,1,0.664476
R04086,U0132,U1275,2024-07-20T00:00:04,collaborator,1,0.353972
R04087,U0347,U1161,2024-07-20T00:00:05,colleague,1,0.589681
R04088,U0329,U1223,2024-07-20T00:00:06,collaborator,1,0.852028
R04089,U0641,U0757,2024-07-20T00:00:07,collaborator,1,0.301977
R04090,U0027,U0164,2024-07-21T00:00:00,collaborator,1,0.746743
R04091,U0482,U1169,2024-07-21T00:00:01,collaborator,1,0.98052
R04092,U0908,U1258,2024-07-21T00:00:02,colleague,1,0.15028
R04093,U0351,U0534,2024-07-21T00:00:03,collaborator,1,0.164665
R04094,U1185,U1239,2024-07-21T00:00:04,colleague,1,0.701127
R04095,U1275,U1334,2024-07-21T00:00:05,collaborator,1,0.07883
R04096,U0439,U1157,2024-07-21T00:00:06,colleague,1,0.177271
R04097,U0070,U0676,2024-07-21T00:00:07,colleague,1,0.149419
R04098,U1125,U1287,2024-07-22T00:00:01,collaborator,1,0.403891
R04099,U0109,U1081,2024-07-22T00:00:02,collaborator,1,0.898871
R04100,U0011,U0103,2024-07-22T00:00:03,collaborator,1,0.891531
R04101,U0878,U0968,2024-07-22T00:00:04,acquaintance,1,0.370186
R04102,U0682,U1165,2024-07-22T00:00:05,collaborator,1,0.526849
R04103,U0971,U1264,2024-07-22T00:00:06,colleague,1,0.647429
R04104,U0047,U0831,2024-07-22T00:00:07,collaborator,1,0.093529
R04105,U0447,U1303,2024-07-22T00:00:08,collaborator,1,0.164043
R04106,U0006,U0429,2024-07-23T00:00:01,collaborator,1,0.4526
R04107,U0642,U1123,2024-07-23T00:00:02,acquaintance,1,0.796323
R04108,U0023,U0964,2024-07-23T00:00:03,collaborator,1,0.333147
R04109,U0212,U0556,2024-07-23T00:00:04,collaborator,1,0.9079
R04110,U0663,U0703,2024-07-23T00:00:05,collaborator,1,0.468094
R04111,U0225,U1049,2024-07-23T00:00:06,acquaintance,1,0.864285
R04112,U0023,U0894,2024-07-23T00:00:07,collaborator,1,0.148482
R04113,U0338,U1192,2024-07-23T00:00:08,collaborator,1,0.8217
R04114,U0911,U1343,2024-07-24T00:00:01,collaborator,1,0.349967
R04115,U0426,U0656,2024-07-24T00:00:02,acquaintance,1,0.103065
R04116,U0035,U0412,2024-07-24T00:00:03,acquaintance,1,0.50644
R04117,U0240,U1168,2024-07-24T00:00:04,collaborator,1,0.781487
R04118,U0760,U1336,2024-07-24T00:00:05,collaborator,1,0.224834
R04119,U0926,U1211,2024-07-24T00:00:06,collaborator,1,0.315105
R04120,U0388,U0431,2024-07-24T00:00:07,colleague,1,0.878271
R04121,U0481,U1310,2024-07-25T00:00:00,acquaintance,1,0.468438
R04122,U0022,U0723,2024-07-25T00:00:01,collaborator,1,0.522532
R04123,U0289,U0761,2024-07-25T00:00:02,collaborator,1,0.226384
R04124,U0353,U0778,2024-07-25T00:00:03,colleague,1,0.502792
R04125,U0364,U0878,2024-07-25T00:00:04,colleague,1,0.561283
R04126,U0017,U1195,2024-07-25T00:00:05,acquaintance,1,0.394291
R04127,U0208,U0530,2024-07-25T00:00:06,acquaintance,1,0.27952
R04128,U0181,U0373,2024-07-25T00:00:07,collaborator,1,0.468554
R04129,U0299,U1392,2024-07-26T00:00:01,acquaintance,1,0.910544
R04130,U0154,U0412,2024-07-26T00:00:02,collaborator,1,0.037553
R04131,U0362,U1309,2024-07-26T00:00:03,colleague,1,0.187378
R04132,U1328,U1344,2024-07-26T00:00:04,collaborator,1,0.925894
R04133,U0426,U1250,2024-07-26T00:00:05,colleague,1,0.010585
R04134,U0580,U0742,2024-07-26T00:00:06,acquaintance,1,0.877043
R04135,U0216,U1214,2024-07-26T00:00:07,acquaintance,1,0.105936
R04136,U0631,U1264,2024-07-26T00:00:08,acquaintance,1,0.35517
R04137,U0705,U1317,2024-07-27T00:00:01,collaborator,1,0.878847
R04138,U0203,U1222,2024-07-27T00:00:02,acquaintance,1,0.384031
R04139,U0460,U0802,2024-07-27T00:00:03,collaborator,1,0.689614
R04140,U0529,U0952,2024-07-27T00:00:04,collaborator,1,0.199493
R04141,U0504,U1337,2024-07-27T00:00:05,collaborator,1,0.576664
R04142,U0169,U0340,2024-07-27T00:00:06,collaborator,1,0.373953
R04143,U0581,U1355,2024-07-27T00:00:07,colleague,1,0.475516
R04144,U0485,U0824,2024-07-27T00:00:08,collaborator,1,0.594938
R04145,U0032,U0306,2024-07-28T00:00:01,collaborator,1,0.546336
R04146,U1126,U1143,2024-07-28T00:00:02,collaborator,1,0.831623
R04147,U0260,U1009,2024-07-28T00:00:03,acquaintance,1,0.980537
R04148,U0322,U1253,2024-07-28T00:00:04,collaborator,1,0.89105
R04149,U0359,U0559,2024-07-28T00:00:05,acquaintance,1,0.294898
R04150,U0628,U1013,2024-07-28T00:00:06,acquaintance,1,0.251659
R04151,U0626,U1164,2024-07-28T00:00:07,collaborator,1,0.250915
R04152,U0629,U1040,2024-08-01T00:00:00,collaborator,1,0.545914
R04153,U0626,U1383,2024-08-01T00:00:01,acquaintance,1,0.976963
R04154,U0837,U0864,2024-08-01T00:00:02,collaborator,1,0.061573
R04155,U0413,U0778,2024-08-01T00:00:03,acquaintance,1,0.710169
R04156,U0087,U0444,2024-08-01T00:00:04,colleague,1,0.963035
R04157,U0283,U0708,2024-08-01T00:00:05,collaborator,1,0.987299
R04158,U0250,U0761,2024-08-01T00:00:06,colleague,1,0.11502
R04159,U0565,U0744,2024-08-01T00:00:07,acquaintance,1,0.299264
R04160,U1159,U1198,2024-08-02T00:00:01,acquaintance,1,0.706475
R04161,U0837,U1011,2024-08-02T00:00:02,collaborator,1,0.720595
R04162,U0166,U0354,2024-08-02T00:00:03,acquaintance,1,0.811525
R04163,U0284,U0582,2024-08-02T00:00:04,collaborator,1,0.389853
R04164,U0068,U1337,2024-08-02T00:00:05,acquaintance,1,0.891998
R04165,U1105,U1362,2024-08-02T00:00:06,collaborator,1,0.801061
R04166,U0499,U1060,2024-08-02T00:00:07,collaborator,1,0.098723
R04167,U0043,U1130,2024-08-02T00:00:08,collaborator,1,0.268379
R04168,U0201,U1208,2024-08-03T00:00:01,collaborator,1,0.466861
R04169,U0182,U0480,2024-08-03T00:00:02,colleague,1,0.767659
R04170,U0863,U1350,2024-08-03T00:00:03,collaborator,1,0.150897
R04171,U1074,U1297,2024-08-03T00:00:04,acquaintance,1,0.97221
R04172,U0309,U0442,2024-08-03T00:00:05,colleague,1,0.101882
R04173,U0328,U1236,2024-08-03T00:00:06,collaborator,1,0.863288
R04174,U0926,U1049,2024-08-03T00:00:07,collaborator,1,0.566322
R04175,U0061,U1154,2024-08-03T00:00:08,colleague,1,0.422298
R04176,U0679,U1344,2024-08-04T00:00:01,collaborator,1,0.939204
R04177,U0742,U1260,2024-08-04T00:00:02,collaborator,1,0.219896
R04178,U0631,U1257,2024-08-04T00:00:03,acquaintance,1,0.060851
R04179,U0594,U1147,2024-08-04T00:00:04,collaborator,1,0.50826
R04180,U0635,U1354,2024-08-04T00:00:05,colleague,1,0.70313
R04181,U1275,U1283,2024-08-04T00:00:06,collaborator,1,0.276735
R04182,U0579,U0835,2024-08-04T00:00:07,acquaintance,1,0.296087
R04183,U0343,U1063,2024-08-05T00:00:00,acquaintance,1,0.089551
R04184,U0286,U1302,2024-08-05T00:00:01,collaborator,1,0.750584
R04185,U1164,U1271,2024-08-05T00:00:02,collaborator,1,0.543915
R04186,U0124,U0422,2024-08-05T00:00:03,acquaintance,1,0.607973
R04187,U0584,U1105,2024-08-05T00:00:04,colleague,1,0.043382
R04188,U0544,U1334,2024-08-05T00:00:05,collaborator,1,0.39228
R04189,U0544,U0697,2024-08-05T00:00:06,colleague,1,0.849494
R04190,U0248,U0726,2024-08-05T00:00:07,collaborator,1,0.112657
R04191,U0050,U1307,2024-08-06T00:00:01,acquaintance,1,0.525959
R04192,U0150,U1162,2024-08-06T00:00:02,acquaintance,1,0.329751
R04193,U0169,U0926,2024-08-06T00:00:03,colleague,1,0.768333
R04194,U0806,U1324,2024-08-06T00:00:04,collaborator,1,0.994125
R04195,U0351,U1174,2024-08-06T00:00:05,collaborator,1,0.927236
R04196,U0934,U1075,2024-08-06T00:00:06,acquaintance,1,0.110433
R04197,U0488,U0918,2024-08-06T00:00:07,colleague,1,0.993029
R04198,U0353,U0362,2024-08-06T00:00:08,collaborator,1,0.316957
R04199,U0541,U1097,2024-08-07T00:00:01,acquaintance,1,0.66891
R04200,U0324,U0338,2024-08-07T00:00:02,collaborator,1,0.197377
R04201,U0208,U1157,2024-08-07T00:00:03,collaborator,1,0.097995
R04202,U0642,U0888,2024-08-07T00:00:04,acquaintance,1,0.543663
R04203,U0592,U0852,2024-08-07T00:00:05,collaborator,1,0.242357
R04204,U0212,U1058,2024-08-07T00:00:06,colleague,1,0.615494
R04205,U0177,U0746,2024-08-07T00:00:07,colleague,1,0.387792
R04206,U0662,U1292,2024-08-07T00:00:08,collaborator,1,0.924402
R04207,U1212,U1397,2024-08-08T00:00:01,colleague,1,0.547824
R04208,U0250,U1186,2024-08-08T00:00:02,collaborator,1,0.420978
R04209,U0305,U0952,2024-08-08T00:00:03,collaborator,1,0.773732
R04210,U0084,U0598,2024-08-08T00:00:04,collaborator,1,0.551075
R04211,U0636,U1270,2024-08-08T00:00:05,colleague,1,0.465361
R04212,U0473,U1003,2024-08-08T00:00:06,acquaintance,1,0.677309
R04213,U0620,U1145,2024-08-08T00:00:07,colleague,1,0.644047
R04214,U0383,U0870,2024-08-09T00:00:00,collaborator,1,0.660088
R04215,U0271,U0318,2024-08-09T00:00:01,acquaintance,1,0.157254
R04216,U1002,U1023,2024-08-09T00:00:02,collaborator,1,0.556172
R04217,U1061,U1079,2024-08-09T00:00:03,acquaintance,1,0.039424
R04218,U0266,U0418,2024-08-09T00:00:04,acquaintance,1,0.037006
R04219,U0724,U1011,2024-08-09T00:00:05,collaborator,1,0.041818
R04220,U0221,U1285,2024-08-09T00:00:06,collaborator,1,0.021188
R04221,U0094,U0682,2024-08-09T00:00:07,collaborator,1,0.283837
R04222,U0237,U1179,2024-08-10T00:00:01,acquaintance,1,0.26707
R04223,U1146,U1397,2024-08-10T00:00:02,acquaintance,1,0.414492
R04224,U0487,U0570,2024-08-10T00:00:03,colleague,1,0.51423
R04225,U0290,U1206,2024-08-10T00:00:04,collaborator,1,0.244788
R04226,U0159,U0939,2024-08-10T00:00:05,collaborator,1,0.735155
R04227,U1150,U1285,2024-08-10T00:00:06,collaborator,1,0.354758
R04228,U0446,U0584,2024-08-10T00:00:07,collaborator,1,0.765603
R04229,U1048,U1181,2024-08-10T00:00:08,acquaintance,1,0.143093
R04230,U0342,U0640,2024-08-11T00:00:01,colleague,1,0.110878
R04231,U0488,U1285,2024-08-11T00:00:02,collaborator,1,0.1057
R04232,U0419,U0685,2024-08-11T00:00:03,colleague,1,0.565592
R04233,U1047,U1053,2024-08-11T00:00:04,collaborator,1,0.471657
R04234,U0125,U1134,2024-08-11T00:00:05,collaborator,1,0.941058
R04235,U0236,U0588,2024-08-11T00:00:06,acquaintance,1,0.013261
R04236,U0154,U0360,2024-08-11T00:00:07,collaborator,1,0.16105
R04237,U1037,U1236,2024-08-11T00:00:08,colleague,1,0.501959
R04238,U0526,U0567,2024-08-12T00:00:01,colleague,1,0.361218
R04239,U0624,U1081,2024-08-12T00:00:02,acquaintance,1,0.821592
R04240,U0546,U0908,2024-08-12T00:00:03,acquaintance,1,0.753912
R04241,U0183,U0634,2024-08-12T00:00:04,collaborator,1,0.235587
R04242,U0582,U0656,2024-08-12T00:00:05,colleague,1,0.699558
R04243,U0356,U0773,2024-08-12T00:00:06,acquaintance,1,0.706062
R04244,U0384,U0537,2024-08-12T00:00:07,collaborator,1,0.936292
R04245,U1071,U1308,2024-08-13T00:00:00,acquaintance,1,0.267046
R04246,U0499,U1397,2024-08-13T00:00:01,collaborator,1,0.308458
R04247,U0002,U0070,2024-08-13T00:00:02,acquaintance,1,0.054002
R04248,U1026,U1387,2024-08-13T00:00:03,colleague,1,0.206952
R04249,U0446,U0797,2024-08-13T00:00:04,acquaintance,1,0.661172
R04250,U0263,U1301,2024-08-13T00:00:05,acquaintance,1,0.188943
R04251,U0179,U0939,2024-08-13T00:00:06,collaborator,1,0.975499
R04252,U0313,U0591,2024-08-13T00:00:07,collaborator,1,0.19898
R04253,U0534,U1037,2024-08-14T00:00:01,acquaintance,1,0.010254
R04254,U0128,U1025,2024-08-14T00:00:02,collaborator,1,0.095445
R04255,U1214,U1233,2024-08-14T00:00:03,collaborator,1,0.359025
R04256,U0092,U0479,2024-08-14T00:00:04,collaborator,1,0.603846
R04257,U0326,U1389,2024-08-14T00:00:05,collaborator,1,0.244202
R04258,U0828,U0904,2024-08-14T00:00:06,collaborator,1,0.537997
R04259,U0147,U0622,2024-08-14T00:00:07,acquaintance,1,0.369526
R04260,U0229,U0636,2024-08-14T00:00:08,colleague,1,0.476085
R04261,U0194,U0529,2024-08-15T00:00:01,collaborator,1,0.063921
R04262,U0200,U0705,2024-08-15T00:00:02,collaborator,1,0.249069
R04263,U0771,U1163,2024-08-15T00:00:03,acquaintance,1,0.573173
R04264,U0210,U0248,2024-08-15T00:00:04,acquaintance,1,0.262128
R04265,U0513,U0966,2024-08-15T00:00:05,colleague,1,0.163861
R04266,U0537,U0607,2024-08-15T00:00:06,colleague,1,0.829024
R04267,U0196,U0925,2024-08-15T00:00:07,acquaintance,1,0.165225
R04268,U1272,U1393,2024-08-15T00:00:08,collaborator,1,0.271553
R04269,U0565,U1180,2024-08-16T00:00:01,collaborator,1,0.754578
R04270,U1095,U1361,2024-08-16T00:00:02,collaborator,1,0.570391
R04271,U0541,U1037,2024-08-16T00:00:03,colleague,1,0.762537
R04272,U1281,U1292,2024-08-16T00:00:04,colleague,1,0.863357
R04273,U0067,U1215,2024-08-16T00:00:05,acquaintance,1,0.176896
R04274,U0948,U1270,2024-08-16T00:00:06,collaborator,1,0.041433
R04275,U0386,U1214,2024-08-16T00:00:07,collaborator,1,0.351653
R04276,U0663,U0898,2024-08-17T00:00:00,acquaintance,1,0.506648
R04277,U0957,U1063,2024-08-17T00:00:01,collaborator,1,0.398183
R04278,U0004,U0084,2024-08-17T00:00:02,collaborator,1,0.524119
R04279,U0477,U1175,2024-08-17T00:00:03,acquaintance,1,0.559669
R04280,U0554,U0892,2024-08-17T00:00:04,acquaintance,1,0.970538
R04281,U0554,U0813,2024-08-17T00:00:05,colleague,1,0.067436
R04282,U0514,U0759,2024-08-17T00:00:06,collaborator,1,0.73976
R04283,U0271,U0596,2024-08-17T00:00:07,colleague,1,0.435066
R04284,U0700,U0763,2024-08-18T00:00:01,collaborator,1,0.148202
R04285,U0451,U1381,2024-08-18T00:00:02,collaborator,1,0.37266
R04286,U0987,U1040,2024-08-18T00:00:03,acquaintance,1,0.488232
R04287,U0113,U0302,2024-08-18T00:00:04,collaborator,1,0.415898
R04288,U0278,U0300,2024-08-18T00:00:05,collaborator,1,0.352405
R04289,U1091,U1271,2024-08-18T00:00:06,colleague,1,0.432494
R04290,U0108,U1000,2024-08-18T00:00:07,colleague,1,0.152692
R04291,U0275,U1078,2024-08-18T00:00:08,acquaintance,1,0.599332
R04292,U0261,U0676,2024-08-19T00:00:01,colleague,1,0.594824
R04293,U0315,U1161,2024-08-19T00:00:02,acquaintance,1,0.848518
R04294,U0089,U1124,2024-08-19T00:00:03,collaborator,1,0.585459
R04295,U0411,U1251,2024-08-19T00:00:04,collaborator,1,0.195712
R04296,U0779,U1034,2024-08-19T00:00:05,collaborator,1,0.715491
R04297,U0058,U1379,2024-08-19T00:00:06,colleague,1,0.464227
R04298,U0250,U0582,2024-08-19T00:00:07,acquaintance,1,0.946068
R04299,U0111,U0231,2024-08-19T00:00:08,colleague,1,0.796614
R04300,U0839,U0944,2024-08-20T00:00:01,acquaintance,1,0.936141
R04301,U0119,U0938,2024-08-20T00:00:02,acquaintance,1,0.528885
R04302,U0030,U0551,2024-08-20T00:00:03,collaborator,1,0.502881
R04303,U0186,U0894,2024-08-20T00:00:04,collaborator,1,0.501809
R04304,U0205,U0845,2024-08-20T00:00:05,collaborator,1,0.262062
R04305,U0277,U1103,2024-08-20T00:00:06,acquaintance,1,0.896867
R04306,U0714,U0731,2024-08-20T00:00:07,acquaintance,1,0.897146
R04307,U0851,U1126,2024-08-21T00:00:00,acquaintance,1,0.319195
R04308,U0204,U0477,2024-08-21T00:00:01,collaborator,1,0.757926
R04309,U1015,U1303,2024-08-21T00:00:02,collaborator,1,0.769126
R04310,U0319,U0431,2024-08-21T00:00:03,collaborator,1,0.202402
R04311,U0364,U0888,2024-08-21T00:00:04,collaborator,1,0.869298
R04312,U0106,U1010,2024-08-21T00:00:05,acquaintance,1,0.585021
R04313,U0977,U1071,2024-08-21T00:00:06,collaborator,1,0.02162
R04314,U0073,U0159,2024-08-21T00:00:07,collaborator,1,0.740768
R04315,U0803,U1079,2024-08-22T00:00:01,collaborator,1,0.782434
R04316,U0761,U0939,2024-08-22T00:00:02,acquaintance,1,0.122595
R04317,U0301,U0591,2024-08-22T00:00:03,acquaintance,1,0.080348
R04318,U0857,U0927,2024-08-22T00:00:04,acquaintance,1,0.909268
R04319,U0611,U0778,2024-08-22T00:00:05,colleague,1,0.27103
R04320,U0718,U0828,2024-08-22T00:00:06,collaborator,1,0.019276
R04321,U0284,U0841,2024-08-22T00:00:07,collaborator,1,0.791267
R04322,U0196,U1326,2024-08-22T00:00:08,colleague,1,0.971855
R04323,U0433,U0454,2024-08-23T00:00:01,collaborator,1,0.033301
R04324,U0229,U0611,2024-08-23T00:00:02,colleague,1,0.832816
R04325,U0231,U1198,2024-08-23T00:00:03,acquaintance,1,0.730729
R04326,U0359,U1181,2024-08-23T00:00:04,collaborator,1,0.108901
R04327,U0110,U1036,2024-08-23T00:00:05,collaborator,1,0.192937
R04328,U0333,U0933,2024-08-23T00:00:06,acquaintance,1,0.378574
R04329,U0387,U0749,2024-08-23T00:00:07,acquaintance,1,0.70084
R04330,U0994,U1126,2024-08-23T00:00:08,collaborator,1,0.540959
R04331,U0537,U1182,2024-08-24T00:00:01,acquaintance,1,0.116022
R04332,U0965,U1172,2024-08-24T00:00:02,collaborator,1,0.735109
R04333,U0505,U1073,2024-08-24T00:00:03,collaborator,1,0.442239
R04334,U0048,U0948,2024-08-24T00:00:04,colleague,1,0.278435
R04335,U0540,U0817,2024-08-24T00:00:05,acquaintance,1,0.54313
R04336,U0875,U0972,2024-08-24T00:00:06,acquaintance,1,0.38602
R04337,U0629,U1308,2024-08-24T00:00:07,collaborator,1,0.588335
R04338,U0458,U0473,2024-08-25T00:00:00,colleague,1,0.689164
R04339,U0199,U0844,2024-08-25T00:00:01,acquaintance,1,0.491936
R04340,U0864,U1322,2024-08-25T00:00:02,acquaintance,1,0.700453
R04341,U0687,U1306,2024-08-25T00:00:03,collaborator,1,0.070359
R04342,U0502,U0548,2024-08-25T00:00:04,acquaintance,1,0.565632
R04343,U0454,U0700,2024-08-25T00:00:05,collaborator,1,0.610688
R04344,U0143,U0620,2024-08-25T00:00:06,acquaintance,1,0.133862
R04345,U0041,U0258,2024-08-25T00:00:07,collaborator,1,0.937475
R04346,U0925,U1286,2024-08-26T00:00:01,collaborator,1,0.32902
R04347,U0428,U0504,2024-08-26T00:00:02,acquaintance,1,0.392232
R04348,U0800,U1121,2024-08-26T00:00:03,colleague,1,0.453943
R04349,U0097,U1322,2024-08-26T00:00:04,collaborator,1,0.026751
R04350,U0663,U0666,2024-08-26T00:00:05,collaborator,1,0.674191
R04351,U0559,U0769,2024-08-26T00:00:06,acquaintance,1,0.014696
R04352,U0586,U0955,2024-08-26T00:00:07,collaborator,1,0.688542
R04353,U0490,U0659,2024-08-26T00:00:08,acquaintance,1,0.626283
R04354,U0008,U0161,2024-08-27T00:00:01,collaborator,1,0.627526
R04355,U1195,U1376,2024-08-27T00:00:02,colleague,1,0.955155
R04356,U0306,U0939,2024-08-27T00:00:03,acquaintance,1,0.151782
R04357,U0112,U0236,2024-08-27T00:00:04,collaborator,1,0.439232
R04358,U0187,U0571,2024-08-27T00:00:05,collaborator,1,0.807299
R04359,U0483,U1168,2024-08-27T00:00:06,acquaintance,1,0.337718
R04360,U0239,U1003,2024-08-27T00:00:07,acquaintance,1,0.537651
R04361,U0733,U0799,2024-08-27T00:00:08,collaborator,1,0.490936
R04362,U0979,U1216,2024-08-28T00:00:01,collaborator,1,0.811215
R04363,U0272,U1119,2024-08-28T00:00:02,collaborator,1,0.699807
R04364,U0639,U1229,2024-08-28T00:00:03,acquaintance,1,0.83395
R04365,U0218,U0289,2024-08-28T00:00:04,collaborator,1,0.33223
R04366,U0403,U0875,2024-08-28T00:00:05,acquaintance,1,0.239127
R04367,U0085,U0317,2024-08-28T00:00:06,collaborator,1,0.379674
R04368,U0575,U0862,2024-08-28T00:00:07,collaborator,1,0.022124
R04369,U0800,U1064,2024-09-01T00:00:00,collaborator,1,0.398714
R04370,U0674,U0943,2024-09-01T00:00:01,collaborator,1,0.37167
R04371,U0275,U1132,2024-09-01T00:00:02,collaborator,1,0.260422
R04372,U0016,U0112,2024-09-01T00:00:03,colleague,1,0.924889
R04373,U0603,U0650,2024-09-01T00:00:04,acquaintance,1,0.751801
R04374,U0057,U0342,2024-09-01T00:00:05,collaborator,1,0.595977
R04375,U0086,U0694,2024-09-01T00:00:06,collaborator,1,0.842215
R04376,U0041,U0138,2024-09-01T00:00:07,collaborator,1,0.975928
R04377,U1244,U1256,2024-09-02T00:00:01,collaborator,1,0.152299
R04378,U0146,U0482,2024-09-02T00:00:02,collaborator,1,0.335732
R04379,U0340,U0761,2024-09-02T00:00:03,collaborator,1,0.487875
R04380,U1058,U1101,2024-09-02T00:00:04,collaborator,1,0.434686
R04381,U0653,U1177,2024-09-02T00:00:05,colleague,1,0.571967
R04382,U0916,U1140,2024-09-02T00:00:06,collaborator,1,0.447781
R04383,U0076,U0799,2024-09-02T00:00:07,acquaintance,1,0.00396
R04384,U0916,U1227,2024-09-02T00:00:08,acquaintance,1,0.286793
R04385,U0082,U0821,2024-09-03T00:00:01,acquaintance,1,0.405291
R04386,U0643,U1361,2024-09-03T00:00:02,acquaintance,1,0.214323
R04387,U1073,U1091,2024-09-03T00:00:03,collaborator,1,0.402469
R04388,U1298,U1301,2024-09-03T00:00:04,acquaintance,1,0.044894
R04389,U0538,U1343,2024-09-03T00:00:05,acquaintance,1,0.866339
R04390,U0244,U0573,2024-09-03T00:00:06,colleague,1,0.910643
R04391,U0521,U0944,2024-09-03T00:00:07,collaborator,1,0.362813
R04392,U0481,U1368,2024-09-03T00:00:08,collaborator,1,0.382999
R04393,U0893,U1382,2024-09-04T00:00:01,collaborator,1,0.189762
R04394,U0295,U1325,2024-09-04T00:00:02,acquaintance,1,0.883801
R04395,U0338,U1086,2024-09-04T00:00:03,acquaintance,1,0.619874
R04396,U0903,U1147,2024-09-04T00:00:04,colleague,1,0.584487
R04397,U0230,U1201,2024-09-04T00:00:05,collaborator,1,0.95676
R04398,U1215,U1274,2024-09-04T00:00:06,collaborator,1,0.913793
R04399,U0103,U0425,2024-09-04T00:00:07,collaborator,1,0.825375
R04400,U0324,U1063,2024-09-05T00:00:01,collaborator,1,0.438975
R04401,U0586,U0731,2024-09-05T00:00:02,colleague,1,0.703221
R04402,U0192,U1358,2024-09-05T00:00:03,colleague,1,0.228538
R04403,U0724,U0969,2024-09-05T00:00:04,colleague,1,0.917553
R04404,U0736,U0750,2024-09-05T00:00:05,colleague,1,0.516703
R04405,U0180,U0920,2024-09-05T00:00:06,collaborator,1,0.52329
R04406,U0844,U1363,2024-09-05T00:00:07,collaborator,1,0.149979
R04407,U0927,U1284,2024-09-05T00:00:08,collaborator,1,0.214536
R04408,U1061,U1164,2024-09-06T00:00:01,acquaintance,1,0.750242
R04409,U0556,U1293,2024-09-06T00:00:02,acquaintance,1,0.791781
R04410,U1033,U1359,2024-09-06T00:00:03,acquaintance,1,0.476285
R04411,U0571,U0592,2024-09-06T00:00:04,collaborator,1,0.494332
R04412,U0221,U0499,2024-09-06T00:00:05,acquaintance,1,0.359722
R04413,U0380,U0651,2024-09-06T00:00:06,collaborator,1,0.899673
R04414,U0322,U0646,2024-09-06T00:00:07,colleague,1,0.879934
R04415,U0342,U1115,2024-09-06T00:00:08,collaborator,1,0.966558
R04416,U0125,U0715,2024-09-07T00:00:01,collaborator,1,0.074709
R04417,U0705,U0877,2024-09-07T00:00:02,acquaintance,1,0.513596
R04418,U0465,U1383,2024-09-07T00:00:03,collaborator,1,0.367985
R04419,U0278,U1357,2024-09-07T00:00:04,colleague,1,0.597537
R04420,U0796,U1185,2024-09-07T00:00:05,collaborator,1,0.143943
R04421,U0271,U0957,2024-09-07T00:00:06,collaborator,1,0.409966
R04422,U0408,U0735,2024-09-07T00:00:07,collaborator,1,0.932772
R04423,U0810,U0868,2024-09-08T00:00:00,collaborator,1,0.629952
R04424,U0025,U0973,2024-09-08T00:00:01,collaborator,1,0.558808
R04425,U0670,U1207,2024-09-08T00:00:02,collaborator,1,0.247375
R04426,U1039,U1155,2024-09-08T00:00:03,acquaintance,1,0.85619
R04427,U0172,U0766,2024-09-08T00:00:04,collaborator,1,0.409822
R04428,U0498,U1197,2024-09-08T00:00:05,acquaintance,1,0.826994
R04429,U0319,U0784,2024-09-08T00:00:06,acquaintance,1,0.627043
R04430,U0420,U1127,2024-09-08T00:00:07,collaborator,1,0.987131
R04431,U0065,U1127,2024-09-09T00:00:01,collaborator,1,0.35186
R04432,U0454,U0696,2024-09-09T00:00:02,collaborator,1,0.120767
R04433,U1034,U1159,2024-09-09T00:00:03,acquaintance,1,0.223411
R04434,U0891,U1056,2024-09-09T00:00:04,collaborator,1,0.297415
R04435,U0099,U0482,2024-09-09T00:00:05,acquaintance,1,0.29896
R04436,U0434,U1310,2024-09-09T00:00:06,colleague,1,0.474996
R04437,U1135,U1278,2024-09-09T00:00:07,collaborator,1,0.791066
R04438,U0564,U1372,2024-09-09T00:00:08,collaborator,1,0.19975
R04439,U0652,U1084,2024-09-10T00:00:01,collaborator,1,0.309113
R04440,U0429,U1301,2024-09-10T00:00:02,collaborator,1,0.615329
R04441,U0034,U0561,2024-09-10T00:00:03,acquaintance,1,0.048517
R04442,U0393,U1218,2024-09-10T00:00:04,collaborator,1,0.360477
R04443,U0473,U0642,2024-09-10T00:00:05,collaborator,1,0.65524
R04444,U0942,U1093,2024-09-10T00:00:06,acquaintance,1,0.837255
R04445,U0291,U0510,2024-09-10T00:00:07,collaborator,1,0.797164
R04446,U0822,U1044,2024-09-10T00:00:08,colleague,1,0.90438
R04447,U0936,U1234,2024-09-11T00:00:01,colleague,1,0.909515
R04448,U0180,U1165,2024-09-11T00:00:02,collaborator,1,0.492229
R04449,U0018,U0577,2024-09-11T00:00:03,colleague,1,0.560213
R04450,U0082,U0810,2024-09-11T00:00:04,collaborator,1,0.0559
R04451,U0583,U0826,2024-09-11T00:00:05,collaborator,1,0.89727
R04452,U0016,U1357,2024-09-11T00:00:06,colleague,1,0.179812
R04453,U0150,U0553,2024-09-11T00:00:07,collaborator,1,0.285949
R04454,U0473,U0830,2024-09-12T00:00:01,collaborator,1,0.314829
R04455,U0161,U1307,2024-09-12T00:00:02,collaborator,1,0.256857
R04456,U0856,U1134,2024-09-12T00:00:03,collaborator,1,0.831471
R04457,U0420,U0573,2024-09-12T00:00:04,collaborator,1,0.193621
R04458,U0318,U1190,2024-09-12T00:00:05,colleague,1,0.463804
R04459,U0877,U1387,2024-09-12T00:00:06,acquaintance,1,0.268767
R04460,U0515,U0838,2024-09-12T00:00:07,colleague,1,0.685927
R04461,U0693,U0802,2024-09-12T00:00:08,collaborator,1,0.928365
R04462,U0363,U1008,2024-09-13T00:00:01,collaborator,1,0.147615
R04463,U0419,U1358,2024-09-13T00:00:02,collaborator,1,0.334607
R04464,U0926,U0929,2024-09-13T00:00:03,collaborator,1,0.409985
R04465,U0163,U0371,2024-09-13T00:00:04,collaborator,1,0.811331
R04466,U0471,U1264,2024-09-13T00:00:05,acquaintance,1,0.489136
R04467,U0804,U0807,2024-09-13T00:00:06,acquaintance,1,0.682455
R04468,U0712,U1213,2024-09-13T00:00:07,collaborator,1,0.509773
R04469,U0661,U1165,2024-09-13T00:00:08,acquaintance,1,0.845147
R04470,U0229,U0695,2024-09-14T00:00:01,collaborator,1,0.483383
R04471,U0650,U1170,2024-09-14T00:00:02,collaborator,1,0.824753
R04472,U0364,U1404,2024-09-14T00:00:03,collaborator,1,0.4028
R04473,U0140,U0437,2024-09-14T00:00:04,acquaintance,1,0.594652
R04474,U1254,U1334,2024-09-14T00:00:05,collaborator,1,0.210351
R04475,U0642,U0753,2024-09-14T00:00:06,colleague,1,0.215737
R04476,U0650,U0950,2024-09-14T00:00:07,colleague,1,0.537385
R04477,U0235,U0909,2024-09-15T00:00:00,collaborator,1,0.437914
R04478,U0152,U0581,2024-09-15T00:00:01,collaborator,1,0.980492
R04479,U0498,U1179,2024-09-15T00:00:02,collaborator,1,0.625041
R04480,U0107,U1262,2024-09-15T00:00:03,acquaintance,1,0.14662
R04481,U0684,U1020,2024-09-15T00:00:04,collaborator,1,0.383514
R04482,U0107,U1160,2024-09-15T00:00:05,acquaintance,1,0.14186
R04483,U0335,U0605,2024-09-15T00:00:06,colleague,1,0.557123
R04484,U0397,U1061,2024-09-15T00:00:07,colleague,1,0.57487
R04485,U0385,U1271,2024-09-16T00:00:01,colleague,1,0.342246
R04486,U0622,U1265,2024-09-16T00:00:02,collaborator,1,0.285033
R04487,U0810,U1237,2024-09-16T00:00:03,collaborator,1,0.50864
R04488,U0718,U0823,2024-09-16T00:00:04,collaborator,1,0.329674
R04489,U0623,U1021,2024-09-16T00:00:05,acquaintance,1,0.811566
R04490,U0036,U0290,2024-09-16T00:00:06,collaborator,1,0.075149
R04491,U0236,U0905,2024-09-16T00:00:07,collaborator,1,0.298287
R04492,U1136,U1310,2024-09-16T00:00:08,collaborator,1,0.213106
R04493,U0022,U0463,2024-09-17T00:00:01,collaborator,1,0.26154
R04494,U0194,U1240,2024-09-17T00:00:02,collaborator,1,0.62868
R04495,U1137,U1198,2024-09-17T00:00:03,collaborator,1,0.488956
R04496,U0761,U0938,2024-09-17T00:00:04,collaborator,1,0.383642
R04497,U0050,U0452,2024-09-17T00:00:05,colleague,1,0.865159
R04498,U0115,U0924,2024-09-17T00:00:06,collaborator,1,0.703612
R04499,U0299,U0407,2024-09-17T00:00:07,collaborator,1,0.951835
R04500,U0903,U0994,2024-09-17T00:00:08,acquaintance,1,0.988769
R04501,U1301,U1354,2024-09-18T00:00:01,acquaintance,1,0.561697
R04502,U0257,U1124,2024-09-18T00:00:02,colleague,1,0.260254
R04503,U1034,U1180,2024-09-18T00:00:03,collaborator,1,0.837113
R04504,U0439,U1296,2024-09-18T00:00:04,collaborator,1,0.171363
R04505,U0083,U0101,2024-09-18T00:00:05,collaborator,1,0.6433
R04506,U0692,U0980,2024-09-18T00:00:06,collaborator,1,0.990138
R04507,U0263,U1335,2024-09-18T00:00:07,collaborator,1,0.494904
R04508,U0095,U1195,2024-09-19T00:00:01,collaborator,1,0.589745
R04509,U0683,U1388,2024-09-19T00:00:02,collaborator,1,0.452679
R04510,U0710,U1252,2024-09-19T00:00:03,collaborator,1,0.999112
R04511,U0197,U0237,2024-09-19T00:00:04,collaborator,1,0.27908
R04512,U0651,U1265,2024-09-19T00:00:05,collaborator,1,0.618696
R04513,U0791,U0941,2024-09-19T00:00:06,acquaintance,1,0.949964
R04514,U0016,U1334,2024-09-19T00:00:07,colleague,1,0.703766
R04515,U0340,U0414,2024-09-19T00:00:08,collaborator,1,0.297441
R04516,U0992,U1143,2024-09-20T00:00:01,colleague,1,0.387616
R04517,U0800,U1187,2024-09-20T00:00:02,collaborator,1,0.24744
R04518,U0106,U0875,2024-09-20T00:00:03,colleague,1,0.644215
R04519,U0730,U1223,2024-09-20T00:00:04,collaborator,1,0.870254
R04520,U0016,U1145,2024-09-20T00:00:05,acquaintance,1,0.968525
R04521,U0164,U0563,2024-09-20T00:00:06,collaborator,1,0.608175
R04522,U1028,U1155,2024-09-20T00:00:07,collaborator,1,0.060613
R04523,U0758,U0834,2024-09-20T00:00:08,collaborator,1,0.439404
R04524,U0475,U0592,2024-09-21T00:00:01,collaborator,1,0.162255
R04525,U0676,U1097,2024-09-21T00:00:02,acquaintance,1,0.939796
R04526,U0431,U1053,2024-09-21T00:00:03,collaborator,1,0.536253
R04527,U0215,U0474,2024-09-21T00:00:04,collaborator,1,0.983869
R04528,U0156,U1193,2024-09-21T00:00:05,collaborator,1,0.771989
R04529,U0002,U1000,2024-09-21T00:00:06,acquaintance,1,0.07232
R04530,U0666,U0797,2024-09-21T00:00:07,acquaintance,1,0.821878
R04531,U0427,U0649,2024-09-22T00:00:00,acquaintance,1,0.207136
R04532,U0178,U0913,2024-09-22T00:00:01,collaborator,1,0.041051
R04533,U0408,U0871,2024-09-22T00:00:02,collaborator,1,0.352061
R04534,U0042,U1003,2024-09-22T00:00:03,collaborator,1,0.035586
R04535,U0164,U0988,2024-09-22T00:00:04,collaborator,1,0.286177
R04536,U0101,U0847,2024-09-22T00:00:05,acquaintance,1,0.271032
R04537,U0286,U0322,2024-09-22T00:00:06,colleague,1,0.463824
R04538,U0954,U1324,2024-09-22T00:00:07,collaborator,1,0.127336
R04539,U0742,U1379,2024-09-23T00:00:01,acquaintance,1,0.639925
R04540,U0508,U0752,2024-09-23T00:00:02,collaborator,1,0.899742
R04541,U0883,U1293,2024-09-23T00:00:03,collaborator,1,0.828403
R04542,U0102,U0227,2024-09-23T00:00:04,colleague,1,0.952774
R04543,U0154,U1011,2024-09-23T00:00:05,colleague,1,0.885406
R04544,U0483,U1098,2024-09-23T00:00:06,collaborator,1,0.901958
R04545,U0204,U0712,2024-09-23T00:00:07,acquaintance,1,0.723275
R04546,U0154,U0974,2024-09-23T00:00:08,colleague,1,0.786963
R04547,U0170,U0405,2024-09-24T00:00:01,collaborator,1,0.989426
R04548,U0733,U1389,2024-09-24T00:00:02,collaborator,1,0.80081
R04549,U0131,U1109,2024-09-24T00:00:03,collaborator,1,0.661432
R04550,U1125,U1131,2024-09-24T00:00:04,collaborator,1,0.029934
R04551,U0170,U1278,2024-09-24T00:00:05,collaborator,1,0.689875
R04552,U0887,U1180,2024-09-24T00:00:06,acquaintance,1,0.648291
R04553,U1108,U1231,2024-09-24T00:00:07,acquaintance,1,0.234523
R04554,U1090,U1336,2024-09-24T00:00:08,acquaintance,1,0.131507
R04555,U0816,U1252,2024-09-25T00:00:01,colleague,1,0.281854
R04556,U0043,U0863,2024-09-25T00:00:02,collaborator,1,0.734694
R04557,U0491,U0966,2024-09-25T00:00:03,collaborator,1,0.378232
R04558,U0954,U1387,2024-09-25T00:00:04,colleague,1,0.106135
R04559,U0507,U1266,2024-09-25T00:00:05,collaborator,1,0.212751
R04560,U0051,U0514,2024-09-25T00:00:06,acquaintance,1,0.790744
R04561,U0294,U0384,2024-09-25T00:00:07,acquaintance,1,0.020584
R04562,U0723,U0726,2024-09-26T00:00:01,acquaintance,1,0.016761
R04563,U0311,U1244,2024-09-26T00:00:02,collaborator,1,0.384929
R04564,U0138,U1331,2024-09-26T00:00:03,collaborator,1,0.468754
R04565,U0470,U0607,2024-09-26T00:00:04,collaborator,1,0.282554
R04566,U0021,U1334,2024-09-26T00:00:05,collaborator,1,0.952252
R04567,U0027,U1202,2024-09-26T00:00:06,collaborator,1,0.731229
R04568,U0573,U1231,2024-09-26T00:00:07,collaborator,1,0.596516
R04569,U0642,U1218,2024-09-26T00:00:08,collaborator,1,0.888808
R04570,U0700,U0759,2024-09-27T00:00:01,collaborator,1,0.15329
R04571,U0401,U0597,2024-09-27T00:00:02,acquaintance,1,0.236387
R04572,U0117,U1156,2024-09-27T00:00:03,colleague,1,0.553517
R04573,U0475,U0731,2024-09-27T00:00:04,colleague,1,0.215887
R04574,U0190,U0913,2024-09-27T00:00:05,colleague,1,0.574804
R04575,U0956,U1146,2024-09-27T00:00:06,acquaintance,1,0.554931
R04576,U0155,U0877,2024-09-27T00:00:07,collaborator,1,0.807317
R04577,U0577,U0649,2024-09-27T00:00:08,collaborator,1,0.12061
R04578,U0164,U0318,2024-09-28T00:00:01,collaborator,1,0.435397
R04579,U0624,U0887,2024-09-28T00:00:02,collaborator,1,0.226136
R04580,U0327,U0890,2024-09-28T00:00:03,acquaintance,1,0.455782
R04581,U0810,U1106,2024-09-28T00:00:04,collaborator,1,0.357578
R04582,U0122,U0218,2024-09-28T00:00:05,colleague,1,0.001222
R04583,U1101,U1222,2024-09-28T00:00:06,colleague,1,0.281507
R04584,U0405,U1199,2024-09-28T00:00:07,collaborator,1,0.292534
R04585,U0936,U1193,2024-10-01T00:00:00,acquaintance,1,0.412734
R04586,U0872,U1266,2024-10-01T00:00:01,collaborator,1,0.580722
R04587,U0376,U1029,2024-10-01T00:00:02,colleague,1,0.065524
R04588,U0929,U1008,2024-10-01T00:00:03,colleague,1,0.010958
R04589,U0311,U0769,2024-10-01T00:00:04,acquaintance,1,0.959251
R04590,U0703,U1009,2024-10-01T00:00:05,acquaintance,1,0.212977
R04591,U0695,U0922,2024-10-01T00:00:06,collaborator,1,0.724525
R04592,U1137,U1375,2024-10-01T00:00:07,colleague,1,0.922761
R04593,U0245,U0623,2024-10-02T00:00:01,collaborator,1,0.308491
R04594,U0828,U1382,2024-10-02T00:00:02,acquaintance,1,0.631685
R04595,U0108,U0142,2024-10-02T00:00:03,collaborator,1,0.330889
R04596,U0178,U1033,2024-10-02T00:00:04,acquaintance,1,0.179105
R04597,U0780,U1397,2024-10-02T00:00:05,acquaintance,1,0.859036
R04598,U0312,U0499,2024-10-02T00:00:06,acquaintance,1,0.123148
R04599,U0380,U0580,2024-10-02T00:00:07,collaborator,1,0.833484
R04600,U0427,U0851,2024-10-02T00:00:08,colleague,1,0.308029
R04601,U0483,U0857,2024-10-03T00:00:01,colleague,1,0.543778
R04602,U0004,U0899,2024-10-03T00:00:02,collaborator,1,0.52965
R04603,U0943,U1094,2024-10-03T00:00:03,collaborator,1,0.945288
R04604,U0099,U0262,2024-10-03T00:00:04,collaborator,1,0.317212
R04605,U0102,U0185,2024-10-03T00:00:05,colleague,1,0.969379
R04606,U0883,U1119,2024-10-03T00:00:06,colleague,1,0.754926
R04607,U0728,U1149,2024-10-03T00:00:07,collaborator,1,0.458599
R04608,U0069,U0195,2024-10-03T00:00:08,colleague,1,0.768703
R04609,U0981,U1328,2024-10-04T00:00:01,collaborator,1,0.216979
R04610,U0241,U0756,2024-10-04T00:00:02,collaborator,1,0.153312
R04611,U0050,U1356,2024-10-04T00:00:03,collaborator,1,0.39347
R04612,U0625,U0816,2024-10-04T00:00:04,colleague,1,0.936128
R04613,U0991,U1207,2024-10-04T00:00:05,collaborator,1,0.92473
R04614,U0183,U0351,2024-10-04T00:00:06,collaborator,1,0.78351
R04615,U0207,U0271,2024-10-04T00:00:07,collaborator,1,0.232269
R04616,U0070,U0657,2024-10-05T00:00:01,collaborator,1,0.828578
R04617,U0796,U1332,2024-10-05T00:00:02,acquaintance,1,0.011527
R04618,U0113,U1143,2024-10-05T00:00:03,acquaintance,1,0.29242
R04619,U0333,U0686,2024-10-05T00:00:04,acquaintance,1,0.475804
R04620,U1005,U1288,2024-10-05T00:00:05,colleague,1,0.532526
R04621,U0270,U0826,2024-10-05T00:00:06,acquaintance,1,0.747935
R04622,U0277,U0657,2024-10-05T00:00:07,acquaintance,1,0.144472
R04623,U0827,U1384,2024-10-05T00:00:08,collaborator,1,0.7298
R04624,U0153,U0302,2024-10-06T00:00:01,collaborator,1,0.385002
R04625,U0124,U0161,2024-10-06T00:00:02,collaborator,1,0.794015
R04626,U0712,U1308,2024-10-06T00:00:03,collaborator,1,0.236239
R04627,U0155,U0653,2024-10-06T00:00:04,collaborator,1,0.383869
R04628,U0950,U1038,2024-10-06T00:00:05,colleague,1,0.636219
R04629,U0337,U0501,2024-10-06T00:00:06,collaborator,1,0.009843
R04630,U0092,U0103,2024-10-06T00:00:07,collaborator,1,0.464522
R04631,U0487,U1184,2024-10-06T00:00:08,acquaintance,1,0.782712
R04632,U0223,U0890,2024-10-07T00:00:01,acquaintance,1,0.474051
R04633,U0739,U1197,2024-10-07T00:00:02,collaborator,1,0.413773
R04634,U0374,U1231,2024-10-07T00:00:03,collaborator,1,0.248545
R04635,U0428,U0925,2024-10-07T00:00:04,colleague,1,0.832672
R04636,U1264,U1312,2024-10-07T00:00:05,acquaintance,1,0.518818
R04637,U0985,U1216,2024-10-07T00:00:06,acquaintance,1,0.172675
R04638,U1050,U1271,2024-10-07T00:00:07,colleague,1,0.002746
R04639,U0835,U0949,2024-10-08T00:00:00,collaborator,1,0.259749
R04640,U0167,U0944,2024-10-08T00:00:01,collaborator,1,0.905258
R04641,U0347,U1128,2024-10-08T00:00:02,collaborator,1,0.909759
R04642,U0597,U0667,2024-10-08T00:00:03,acquaintance,1,0.877864
R04643,U0502,U0919,2024-10-08T00:00:04,collaborator,1,0.322358
R04644,U0138,U0334,2024-10-08T00:00:05,acquaintance,1,0.068095
R04645,U1109,U1175,2024-10-08T00:00:06,collaborator,1,0.680713
R04646,U0254,U1142,2024-10-08T00:00:07,colleague,1,0.896176
R04647,U0928,U0945,2024-10-09T00:00:01,collaborator,1,0.03009
R04648,U0847,U0890,2024-10-09T00:00:02,colleague,1,0.831063
R04649,U0418,U0918,2024-10-09T00:00:03,collaborator,1,0.840777
R04650,U0561,U1399,2024-10-09T00:00:04,collaborator,1,0.102852
R04651,U0624,U1207,2024-10-09T00:00:05,collaborator,1,0.62534
R04652,U0183,U1058,2024-10-09T00:00:06,collaborator,1,0.224437
R04653,U0640,U0664,2024-10-09T00:00:07,acquaintance,1,0.393125
R04654,U1094,U1256,2024-10-09T00:00:08,acquaintance,1,0.374627
R04655,U0888,U1028,2024-10-10T00:00:01,collaborator,1,0.717137
R04656,U0573,U1194,2024-10-10T00:00:02,collaborator,1,0.436342
R04657,U0028,U1152,2024-10-10T00:00:03,collaborator,1,0.923501
R04658,U1212,U1301,2024-10-10T00:00:04,collaborator,1,0.448662
R04659,U0392,U1358,2024-10-10T00:00:05,collaborator,1,0.380503
R04660,U0444,U0527,2024-10-10T00:00:06,acquaintance,1,0.835232
R04661,U0953,U1105,2024-10-10T00:00:07,collaborator,1,0.42335
R04662,U0434,U1137,2024-10-10T00:00:08,collaborator,1,0.302594
R04663,U1022,U1271,2024-10-11T00:00:01,collaborator,1,0.261837
R04664,U0048,U0196,2024-10-11T00:00:02,colleague,1,0.006119
R04665,U0199,U1285,2024-10-11T00:00:03,collaborator,1,0.110898
R04666,U0482,U1396,2024-10-11T00:00:04,collaborator,1,0.857635
R04667,U0261,U0266,2024-10-11T00:00:05,collaborator,1,0.385922
R04668,U0139,U0191,2024-10-11T00:00:06,acquaintance,1,0.797498
R04669,U0004,U0394,2024-10-11T00:00:07,collaborator,1,0.275663
R04670,U0399,U0548,2024-10-12T00:00:01,colleague,1,0.124424
R04671,U0546,U0689,2024-10-12T00:00:02,colleague,1,0.053213
R04672,U0214,U0334,2024-10-12T00:00:03,collaborator,1,0.734485
R04673,U0581,U0939,2024-10-12T00:00:04,collaborator,1,0.801632
R04674,U0627,U0770,2024-10-12T00:00:05,colleague,1,0.365133
R04675,U1149,U1170,2024-10-12T00:00:06,acquaintance,1,0.24824
R04676,U0943,U1151,2024-10-12T00:00:07,colleague,1,0.056637
R04677,U0145,U1150,2024-10-12T00:00:08,collaborator,1,0.922751
R04678,U0159,U1236,2024-10-13T00:00:01,collaborator,1,0.756085
R04679,U0196,U1102,2024-10-13T00:00:02,collaborator,1,0.499657
R04680,U0210,U0812,2024-10-13T00:00:03,collaborator,1,0.748361
R04681,U0107,U1373,2024-10-13T00:00:04,acquaintance,1,0.356098
R04682,U0138,U0742,2024-10-13T00:00:05,collaborator,1,0.880938
R04683,U0564,U1028,2024-10-13T00:00:06,acquaintance,1,0.813581
R04684,U0115,U0312,2024-10-13T00:00:07,collaborator,1,0.185131
R04685,U1141,U1157,2024-10-13T00:00:08,collaborator,1,0.976771
R04686,U0779,U0799,2024-10-14T00:00:01,acquaintance,1,0.57964
R04687,U0044,U0119,2024-10-14T00:00:02,collaborator,1,0.644496
R04688,U0205,U0768,2024-10-14T00:00:03,collaborator,1,0.259049
R04689,U0056,U0139,2024-10-14T00:00:04,colleague,1,0.922393
R04690,U0342,U0880,2024-10-14T00:00:05,colleague,1,0.721398
R04691,U0668,U0706,2024-10-14T00:00:06,acquaintance,1,0.503252
R04692,U0319,U1200,2024-10-14T00:00:07,collaborator,1,0.923353
R04693,U0559,U0804,2024-10-15T00:00:00,colleague,1,0.642103
R04694,U0733,U1179,2024-10-15T00:00:01,collaborator,1,0.297955
R04695,U0062,U1240,2024-10-15T00:00:02,collaborator,1,0.98479
R04696,U0910,U1373,2024-10-15T00:00:03,collaborator,1,0.722818
R04697,U0968,U1237,2024-10-15T00:00:04,collaborator,1,0.02767
R04698,U0563,U0921,2024-10-15T00:00:05,acquaintance,1,0.044036
R04699,U0204,U1165,2024-10-15T00:00:06,acquaintance,1,0.965642
R04700,U0064,U0737,2024-10-15T00:00:07,collaborator,1,0.505119
R04701,U0270,U1182,2024-10-16T00:00:01,acquaintance,1,0.458327
R04702,U1064,U1401,2024-10-16T00:00:02,collaborator,1,0.517378
R04703,U0736,U1280,2024-10-16T00:00:03,collaborator,1,0.765263
R04704,U0170,U0292,2024-10-16T00:00:04,acquaintance,1,0.387863
R04705,U0627,U0976,2024-10-16T00:00:05,collaborator,1,0.949455
R04706,U0302,U1197,2024-10-16T00:00:06,collaborator,1,0.730367
R04707,U0287,U1289,2024-10-16T00:00:07,collaborator,1,0.244791
R04708,U0529,U0842,2024-10-16T00:00:08,colleague,1,0.62896
R04709,U0469,U1036,2024-10-17T00:00:01,collaborator,1,0.305658
R04710,U0611,U1360,2024-10-17T00:00:02,acquaintance,1,0.684045
R04711,U0576,U0606,2024-10-17T00:00:03,colleague,1,0.072328
R04712,U0928,U1004,2024-10-17T00:00:04,collaborator,1,0.33673
R04713,U0467,U1310,2024-10-17T00:00:05,collaborator,1,0.689178
R04714,U0857,U0871,2024-10-17T00:00:06,acquaintance,1,0.883429
R04715,U0305,U0697,2024-10-17T00:00:07,collaborator,1,0.186793
R04716,U0154,U0200,2024-10-17T00:00:08,collaborator,1,0.537431
R04717,U0938,U1073,2024-10-18T00:00:01,colleague,1,0.819232
R04718,U0057,U0810,2024-10-18T00:00:02,collaborator,1,0.978783
R04719,U0353,U1031,2024-10-18T00:00:03,collaborator,1,0.45062
R04720,U0541,U1053,2024-10-18T00:00:04,collaborator,1,0.44822
R04721,U1207,U1253,2024-10-18T00:00:05,acquaintance,1,0.966026
R04722,U0270,U0501,2024-10-18T00:00:06,collaborator,1,0.842814
R04723,U0592,U1297,2024-10-18T00:00:07,acquaintance,1,0.701398
R04724,U0525,U0752,2024-10-19T00:00:01,colleague,1,0.083511
R04725,U1247,U1381,2024-10-19T00:00:02,collaborator,1,0.26888
R04726,U0109,U0819,2024-10-19T00:00:03,collaborator,1,0.497106
R04727,U0635,U1100,2024-10-19T00:00:04,collaborator,1,0.224789
R04728,U0423,U0761,2024-10-19T00:00:05,colleague,1,0.386998
R04729,U0092,U0534,2024-10-19T00:00:06,collaborator,1,0.732526
R04730,U0142,U0839,2024-10-19T00:00:07,colleague,1,0.433877
R04731,U0232,U0758,2024-10-19T00:00:08,colleague,1,0.538207
R04732,U0919,U1040,2024-10-20T00:00:01,colleague,1,0.192237
R04733,U0076,U0854,2024-10-20T00:00:02,collaborator,1,0.324203
R04734,U0102,U1257,2024-10-20T00:00:03,acquaintance,1,0.41914
R04735,U0686,U1359,2024-10-20T00:00:04,colleague,1,0.002912
R04736,U0415,U0509,2024-10-20T00:00:05,collaborator,1,0.892164
R04737,U0432,U0663,2024-10-20T00:00:06,collaborator,1,0.41327
R04738,U0916,U1296,2024-10-20T00:00:07,collaborator,1,0.085572
R04739,U0289,U1035,2024-10-20T00:00:08,acquaintance,1,0.957576
R04740,U0878,U1302,2024-10-21T00:00:01,colleague,1,0.674444
R04741,U0359,U0732,2024-10-21T00:00:02,collaborator,1,0.080024
R04742,U0299,U1359,2024-10-21T00:00:03,collaborator,1,0.922501
R04743,U1038,U1375,2024-10-21T00:00:04,collaborator,1,0.52967
R04744,U0016,U0728,2024-10-21T00:00:05,acquaintance,1,0.369274
R04745,U0200,U0404,2024-10-21T00:00:06,collaborator,1,0.184006
R04746,U1020,U1251,2024-10-21T00:00:07,colleague,1,0.549534
R04747,U0401,U0685,2024-10-22T00:00:00,collaborator,1,0.146483
R04748,U0906,U1347,2024-10-22T00:00:01,acquaintance,1,0.394599
R04749,U0254,U0525,2024-10-22T00:00:02,collaborator,1,0.65991
R04750,U0082,U1246,2024-10-22T00:00:03,collaborator,1,0.411898
R04751,U0267,U0922,2024-10-22T00:00:04,collaborator,1,0.645225
R04752,U0227,U0944,2024-10-22T00:00:05,acquaintance,1,0.292056
R04753,U0359,U1021,2024-10-22T00:00:06,collaborator,1,0.637216
R04754,U1065,U1328,2024-10-22T00:00:07,collaborator,1,0.622078
R04755,U0099,U0856,2024-10-23T00:00:01,acquaintance,1,0.005381
R04756,U1111,U1316,2024-10-23T00:00:02,collaborator,1,0.411897
R04757,U0148,U0933,2024-10-23T00:00:03,collaborator,1,0.77776
R04758,U0773,U1197,2024-10-23T00:00:04,colleague,1,0.585309
R04759,U0542,U1061,2024-10-23T00:00:05,acquaintance,1,0.834687
R04760,U0820,U0945,2024-10-23T00:00:06,colleague,1,0.542668
R04761,U1063,U1369,2024-10-23T00:00:07,colleague,1,0.356648
R04762,U0139,U0768,2024-10-23T00:00:08,acquaintance,1,0.877622
R04763,U0543,U1073,2024-10-24T00:00:01,colleague,1,0.044227
R04764,U0132,U1101,2024-10-24T00:00:02,collaborator,1,0.553109
R04765,U0499,U1080,2024-10-24T00:00:03,collaborator,1,0.606467
R04766,U0204,U0607,2024-10-24T00:00:04,collaborator,1,0.314184
R04767,U0854,U1184,2024-10-24T00:00:05,collaborator,1,0.040178
R04768,U0726,U0908,2024-10-24T00:00:06,collaborator,1,0.003058
R04769,U0136,U1013,2024-10-24T00:00:07,collaborator,1,0.207806
R04770,U0128,U0156,2024-10-24T00:00:08,acquaintance,1,0.89652
R04771,U0269,U1100,2024-10-25T00:00:01,collaborator,1,0.664836
R04772,U0338,U1067,2024-10-25T00:00:02,collaborator,1,0.395364
R04773,U0733,U1166,2024-10-25T00:00:03,collaborator,1,0.813107
R04774,U0447,U0953,2024-10-25T00:00:04,collaborator,1,0.775699
R04775,U0816,U1328,2024-10-25T00:00:05,collaborator,1,0.027972
R04776,U0970,U1120,2024-10-25T00:00:06,collaborator,1,0.69569
R04777,U1051,U1073,2024-10-25T00:00:07,collaborator,1,0.491872
R04778,U0150,U0521,2024-10-26T00:00:01,collaborator,1,0.615785
R04779,U0069,U0906,2024-10-26T00:00:02,collaborator,1,0.061516
R04780,U0613,U0985,2024-10-26T00:00:03,collaborator,1,0.609697
R04781,U0417,U0934,2024-10-26T00:00:04,colleague,1,0.405112
R04782,U0703,U0903,2024-10-26T00:00:05,collaborator,1,0.840548
R04783,U0579,U1103,2024-10-26T00:00:06,collaborator,1,0.951851
R04784,U0611,U0664,2024-10-26T00:00:07,collaborator,1,0.941221
R04785,U0624,U0801,2024-10-26T00:00:08,collaborator,1,0.619857
R04786,U0115,U1277,2024-10-27T00:00:01,collaborator,1,0.180726
R04787,U0164,U1383,2024-10-27T00:00:02,acquaintance,1,0.428407
R04788,U1031,U1397,2024-10-27T00:00:03,collaborator,1,0.561494
R04789,U0381,U0955,2024-10-27T00:00:04,collaborator,1,0.972852
R04790,U0265,U0484,2024-10-27T00:00:05,collaborator,1,0.014832
R04791,U0814,U1371,2024-10-27T00:00:06,acquaintance,1,0.880497
R04792,U1257,U1301,2024-10-27T00:00:07,collaborator,1,0.10459
R04793,U0607,U0975,2024-10-27T00:00:08,acquaintance,1,0.327359
R04794,U0205,U1381,2024-10-28T00:00:01,collaborator,1,0.234153
R04795,U0155,U0546,2024-10-28T00:00:02,acquaintance,1,0.168834
R04796,U0901,U1375,2024-10-28T00:00:03,collaborator,1,0.462582
R04797,U0684,U1047,2024-10-28T00:00:04,collaborator,1,0.39791
R04798,U0277,U1061,2024-10-28T00:00:05,acquaintance,1,0.761619
R04799,U0511,U0891,2024-10-28T00:00:06,collaborator,1,0.360307
R04800,U0358,U1044,2024-10-28T00:00:07,acquaintance,1,0.055967
R04801,U0009,U0701,2024-11-02T00:00:00,collaborator,1,0.454985
R04802,U0020,U1348,2024-11-02T00:00:01,acquaintance,1,0.632426
R04803,U0059,U0755,2024-11-02T00:00:02,collaborator,1,0.981619
R04804,U0129,U1069,2024-11-02T00:00:03,collaborator,1,0.125591
R04805,U0160,U0306,2024-11-02T00:00:04,collaborator,1,0.154601
R04806,U0162,U0444,2024-11-02T00:00:05,colleague,1,0.71429
R04807,U0184,U1221,2024-11-03T00:00:01,acquaintance,1,0.439151
R04808,U0282,U1193,2024-11-03T00:00:02,acquaintance,1,0.315238
R04809,U0339,U0342,2024-11-03T00:00:03,acquaintance,1,0.943932
R04810,U0155,U0416,2024-11-03T00:00:04,collaborator,1,0.421276
R04811,U0436,U0588,2024-11-03T00:00:05,acquaintance,1,0.043098
R04812,U0331,U0440,2024-11-03T00:00:06,collaborator,1,0.946097
R04813,U0466,U0959,2024-11-04T00:00:01,acquaintance,1,0.184572
R04814,U0489,U1021,2024-11-04T00:00:02,acquaintance,1,0.706729
R04815,U0494,U0760,2024-11-04T00:00:03,colleague,1,0.59068
R04816,U0011,U0496,2024-11-04T00:00:04,acquaintance,1,0.578603
R04817,U0512,U1324,2024-11-04T00:00:05,acquaintance,1,0.941821
R04818,U0547,U0974,2024-11-04T00:00:06,acquaintance,1,0.700357
R04819,U0557,U0995,2024-11-05T00:00:01,collaborator,1,0.095221
R04820,U0595,U1165,2024-11-05T00:00:02,collaborator,1,0.321745
R04821,U0614,U1341,2024-11-05T00:00:03,acquaintance,1,0.641162
R04822,U0618,U0797,2024-11-05T00:00:04,collaborator,1,0.112005
R04823,U0161,U0647,2024-11-05T00:00:05,acquaintance,1,0.719063
R04824,U0324,U0740,2024-11-05T00:00:06,collaborator,1,0.295863
R04825,U0836,U1305,2024-11-06T00:00:01,collaborator,1,0.239057
R04826,U0152,U0866,2024-11-06T00:00:02,collaborator,1,0.176009
R04827,U0044,U0879,2024-11-06T00:00:03,acquaintance,1,0.013174
R04828,U0167,U0885,2024-11-06T00:00:04,colleague,1,0.552693
R04829,U0596,U0902,2024-11-06T00:00:05,collaborator,1,0.918056
R04830,U0831,U0923,2024-11-06T00:00:06,acquaintance,1,0.038525
R04831,U0930,U1262,2024-11-07T00:00:01,colleague,1,0.662491
R04832,U0937,U1052,2024-11-07T00:00:02,colleague,1,0.270044
R04833,U1055,U1071,2024-11-07T00:00:03,collaborator,1,0.135075
R04834,U1057,U1211,2024-11-07T00:00:04,acquaintance,1,0.251737
R04835,U0704,U1113,2024-11-07T00:00:05,acquaintance,1,0.712089
R04836,U0586,U1158,2024-11-07T00:00:06,acquaintance,1,0.050927
R04837,U0817,U1173,2024-11-08T00:00:01,collaborator,1,0.198611
R04838,U1228,U1361,2024-11-08T00:00:02,collaborator,1,0.045397
R04839,U0893,U1374,2024-11-08T00:00:03,colleague,1,0.571132
R04840,U1125,U1380,2024-11-08T00:00:04,acquaintance,1,0.669424
R04841,U0089,U0988,2024-11-08T00:00:05,acquaintance,1,0.35872
R04842,U0544,U0966,2024-11-08T00:00:06,collaborator,1,0.588912
R04843,U0430,U1082,2024-11-09T00:00:01,collaborator,1,0.862505
R04844,U0265,U0724,2024-11-09T00:00:02,acquaintance,1,0.242013
R04845,U0851,U0933,2024-11-09T00:00:03,colleague,1,0.948431
R04846,U0262,U1266,2024-11-09T00:00:04,acquaintance,1,0.694487
R04847,U0608,U1200,2024-11-09T00:00:05,acquaintance,1,0.299331
R04848,U0078,U0766,2024-11-09T00:00:06,acquaintance,1,0.984529
R04849,U0933,U1224,2024-11-10T00:00:01,acquaintance,1,0.464543
R04850,U0361,U0563,2024-11-10T00:00:02,colleague,1,0.884008
R04851,U0390,U0667,2024-11-10T00:00:03,acquaintance,1,0.910924
R04852,U0474,U1086,2024-11-10T00:00:04,collaborator,1,0.406065
R04853,U0053,U0523,2024-11-10T00:00:05,collaborator,1,0.463947
R04854,U1192,U1325,2024-11-10T00:00:06,colleague,1,0.080557
R04855,U0136,U0531,2024-11-11T00:00:01,collaborator,1,0.584577
R04856,U0784,U1340,2024-11-11T00:00:02,collaborator,1,0.792051
R04857,U0686,U1312,2024-11-11T00:00:03,acquaintance,1,0.424936
R04858,U0387,U0987,2024-11-11T00:00:04,collaborator,1,0.945849
R04859,U0104,U1165,2024-11-11T00:00:05,collaborator,1,0.644361
R04860,U0897,U0954,2024-11-11T00:00:06,collaborator,1,0.220253
R04861,U0764,U1361,2024-11-12T00:00:01,collaborator,1,0.352857
R04862,U0058,U0597,2024-11-12T00:00:02,collaborator,1,0.699091
R04863,U1253,U1293,2024-11-12T00:00:03,collaborator,1,0.891838
R04864,U1179,U1346,2024-11-12T00:00:04,acquaintance,1,0.175736
R04865,U0605,U1322,2024-11-12T00:00:05,collaborator,1,0.031619
R04866,U0751,U1078,2024-11-12T00:00:06,acquaintance,1,0.337323
R04867,U0695,U0765,2024-11-13T00:00:01,collaborator,1,0.214583
R04868,U0962,U1349,2024-11-13T00:00:02,collaborator,1,0.398558
R04869,U1163,U1307,2024-11-13T00:00:03,collaborator,1,0.203344
R04870,U0524,U1038,2024-11-13T00:00:04,colleague,1,0.818462
R04871,U0095,U0930,2024-11-13T00:00:05,acquaintance,1,0.700371
R04872,U0756,U0881,2024-11-13T00:00:06,collaborator,1,0.834956
R04873,U0764,U0938,2024-11-14T00:00:01,colleague,1,0.910407
R04874,U0594,U1023,2024-11-14T00:00:02,collaborator,1,0.69533
R04875,U0297,U0848,2024-11-14T00:00:03,acquaintance,1,0.032653
R04876,U0449,U1060,2024-11-14T00:00:04,collaborator,1,0.086775
R04877,U0487,U0833,2024-11-14T00:00:05,collaborator,1,0.021142
R04878,U0009,U1365,2024-11-14T00:00:06,acquaintance,1,0.335154
R04879,U0176,U1349,2024-11-15T00:00:01,colleague,1,0.425493
R04880,U0069,U0148,2024-11-15T00:00:02,collaborator,1,0.025887
R04881,U0066,U0870,2024-11-15T00:00:03,collaborator,1,0.891004
R04882,U0469,U0614,2024-11-15T00:00:04,collaborator,1,0.822063
R04883,U0401,U1264,2024-11-15T00:00:05,collaborator,1,0.071722
R04884,U0957,U1136,2024-11-16T00:00:01,collaborator,1,0.570106
R04885,U0787,U0854,2024-11-16T00:00:02,acquaintance,1,0.358991
R04886,U0251,U0333,2024-11-16T00:00:03,collaborator,1,0.494372
R04887,U0311,U1093,2024-11-16T00:00:04,collaborator,1,0.831543
R04888,U0512,U0889,2024-11-16T00:00:05,acquaintance,1,0.353795
R04889,U0263,U0645,2024-11-16T00:00:06,collaborator,1,0.928352
R04890,U0262,U0770,2024-11-17T00:00:01,collaborator,1,0.102581
R04891,U0692,U1036,2024-11-17T00:00:02,collaborator,1,0.33382
R04892,U0421,U1194,2024-11-17T00:00:03,collaborator,1,0.874683
R04893,U0141,U1023,2024-11-17T00:00:04,collaborator,1,0.523464
R04894,U0804,U1337,2024-11-17T00:00:05,collaborator,1,0.100826
R04895,U1154,U1233,2024-11-17T00:00:06,collaborator,1,0.269487
R04896,U1164,U1312,2024-11-18T00:00:01,collaborator,1,0.459981
R04897,U0438,U0954,2024-11-18T00:00:02,collaborator,1,0.85679
R04898,U0489,U1029,2024-11-18T00:00:03,colleague,1,0.714265
R04899,U0704,U0838,2024-11-18T00:00:04,collaborator,1,0.562671
R04900,U0163,U0894,2024-11-18T00:00:05,collaborator,1,0.917086
R04901,U0828,U1091,2024-11-18T00:00:06,collaborator,1,0.533178
R04902,U1082,U1138,2024-11-19T00:00:01,acquaintance,1,0.931275
R04903,U0397,U1289,2024-11-19T00:00:02,collaborator,1,0.14249
R04904,U0733,U1071,2024-11-19T00:00:03,acquaintance,1,0.424163
R04905,U0090,U1293,2024-11-19T00:00:04,collaborator,1,0.24077
R04906,U0369,U0399,2024-11-19T00:00:05,collaborator,1,0.089944
R04907,U0118,U1370,2024-11-19T00:00:06,collaborator,1,0.912365
R04908,U0421,U0735,2024-11-20T00:00:01,collaborator,1,0.764167
R04909,U0034,U0607,2024-11-20T00:00:02,acquaintance,1,0.653115
R04910,U1139,U1325,2024-11-20T00:00:03,collaborator,1,0.291973
R04911,U0633,U1278,2024-11-20T00:00:04,acquaintance,1,0.73833
R04912,U0416,U0714,2024-11-20T00:00:05,acquaintance,1,0.754782
R04913,U0030,U1210,2024-11-20T00:00:06,collaborator,1,0.952078
R04914,U0666,U1190,2024-11-21T00:00:01,collaborator,1,0.203208
R04915,U0458,U1046,2024-11-21T00:00:02,colleague,1,0.375446
R04916,U0424,U0708,2024-11-21T00:00:03,collaborator,1,0.535861
R04917,U0604,U1302,2024-11-21T00:00:04,acquaintance,1,0.914764
R04918,U0779,U0992,2024-11-21T00:00:05,colleague,1,0.222945
R04919,U0155,U0472,2024-11-21T00:00:06,collaborator,1,0.281128
R04920,U0324,U0409,2024-11-22T00:00:01,collaborator,1,0.946497
R04921,U0207,U1194,2024-11-22T00:00:02,collaborator,1,0.680833
R04922,U0109,U0737,2024-11-22T00:00:03,collaborator,1,0.602756
R04923,U0986,U1174,2024-11-22T00:00:04,colleague,1,0.728073
R04924,U0369,U0989,2024-11-22T00:00:05,acquaintance,1,0.141686
R04925,U1127,U1235,2024-11-22T00:00:06,collaborator,1,0.049614
R04926,U0503,U0724,2024-11-23T00:00:01,colleague,1,0.524162
R04927,U1084,U1255,2024-11-23T00:00:02,collaborator,1,0.245435
R04928,U0253,U0792,2024-11-23T00:00:03,collaborator,1,0.8339
R04929,U0170,U0622,2024-11-23T00:00:04,collaborator,1,0.726124
R04930,U0271,U1111,2024-11-23T00:00:05,collaborator,1,0.995392
R04931,U0429,U1289,2024-11-23T00:00:06,collaborator,1,0.104952
R04932,U0205,U0939,2024-11-24T00:00:01,collaborator,1,0.742942
R04933,U0100,U0833,2024-11-24T00:00:02,collaborator,1,0.244171
R04934,U0439,U1005,2024-11-24T00:00:03,colleague,1,0.977169
R04935,U0006,U0465,2024-11-24T00:00:04,collaborator,1,0.499459
R04936,U0969,U1116,2024-11-24T00:00:05,collaborator,1,0.345495
R04937,U0077,U0664,2024-11-24T00:00:06,collaborator,1,0.659881
R04938,U0841,U1366,2024-11-25T00:00:01,collaborator,1,0.863327
R04939,U0063,U1051,2024-11-25T00:00:02,collaborator,1,0.17648
R04940,U0077,U0269,2024-11-25T00:00:03,acquaintance,1,0.614853
R04941,U0115,U0380,2024-11-25T00:00:04,collaborator,1,0.036625
R04942,U0776,U1206,2024-11-25T00:00:05,collaborator,1,0.951143
R04943,U1267,U1377,2024-11-25T00:00:06,collaborator,1,0.074788
R04944,U0562,U1008,2024-11-26T00:00:01,collaborator,1,0.726979
R04945,U0224,U0972,2024-11-26T00:00:02,colleague,1,0.936204
R04946,U0049,U0552,2024-11-26T00:00:03,acquaintance,1,0.355963
R04947,U0153,U0430,2024-11-26T00:00:04,colleague,1,0.370026
R04948,U0758,U0957,2024-11-26T00:00:05,acquaintance,1,0.458978
R04949,U0507,U0817,2024-11-26T00:00:06,collaborator,1,0.072564
R04950,U0426,U0904,2024-11-27T00:00:01,acquaintance,1,0.049522
R04951,U0319,U0512,2024-11-27T00:00:02,collaborator,1,0.845595
R04952,U1168,U1373,2024-11-27T00:00:03,colleague,1,0.942943
R04953,U0809,U1205,2024-11-27T00:00:04,collaborator,1,0.879151
R04954,U0780,U1028,2024-11-27T00:00:05,colleague,1,0.770522
R04955,U0909,U1294,2024-11-27T00:00:06,acquaintance,1,0.468021
R04956,U0341,U0383,2024-11-28T00:00:01,collaborator,1,0.040015
R04957,U0851,U1137,2024-11-28T00:00:02,collaborator,1,0.197542
R04958,U0247,U0271,2024-11-28T00:00:03,acquaintance,1,0.81039
R04959,U0481,U1104,2024-11-28T00:00:04,acquaintance,1,0.405644
R04960,U0533,U1148,2024-11-28T00:00:05,acquaintance,1,0.226535
R04961,U0037,U1100,2024-12-01T00:00:00,collaborator,1,0.244002
R04962,U0060,U0712,2024-12-01T00:00:01,collaborator,1,0.365219
R04963,U0017,U0071,2024-12-01T00:00:02,collaborator,1,0.58952
R04964,U0082,U0158,2024-12-01T00:00:03,collaborator,1,0.748074
R04965,U0165,U0660,2024-12-01T00:00:04,acquaintance,1,0.757549
R04966,U0189,U0358,2024-12-01T00:00:05,acquaintance,1,0.312003
R04967,U0206,U1192,2024-12-01T00:00:06,acquaintance,1,0.946715
R04968,U0211,U1355,2024-12-01T00:00:07,collaborator,1,0.068426
R04969,U0213,U1334,2024-12-02T00:00:01,collaborator,1,0.251678
R04970,U0219,U1045,2024-12-02T00:00:02,collaborator,1,0.279424
R04971,U0226,U0951,2024-12-02T00:00:03,collaborator,1,0.121549
R04972,U0228,U0683,2024-12-02T00:00:04,acquaintance,1,0.363578
R04973,U0280,U0863,2024-12-02T00:00:05,acquaintance,1,0.360879
R04974,U0281,U0461,2024-12-02T00:00:06,acquaintance,1,0.841806
R04975,U0231,U0296,2024-12-02T00:00:07,acquaintance,1,0.242537
R04976,U0325,U0959,2024-12-03T00:00:01,colleague,1,0.784733
R04977,U0238,U0378,2024-12-03T00:00:02,colleague,1,0.242319
R04978,U0398,U0932,2024-12-03T00:00:03,acquaintance,1,0.922634
R04979,U0445,U0753,2024-12-03T00:00:04,colleague,1,0.144197
R04980,U0449,U1233,2024-12-03T00:00:05,colleague,1,0.459928
R04981,U0500,U0603,2024-12-03T00:00:06,collaborator,1,0.100138
R04982,U0503,U0535,2024-12-03T00:00:07,colleague,1,0.904461
R04983,U0560,U0888,2024-12-04T00:00:01,colleague,1,0.724086
R04984,U0612,U0821,2024-12-04T00:00:02,acquaintance,1,0.617298
R04985,U0621,U1187,2024-12-04T00:00:03,acquaintance,1,0.046801
R04986,U0331,U0630,2024-12-04T00:00:04,acquaintance,1,0.241327
R04987,U0680,U1276,2024-12-04T00:00:05,collaborator,1,0.05295
R04988,U0201,U0688,2024-12-04T00:00:06,acquaintance,1,0.638782
R04989,U0698,U1393,2024-12-04T00:00:07,collaborator,1,0.860956
R04990,U0738,U1136,2024-12-05T00:00:01,collaborator,1,0.075535
R04991,U0157,U0775,2024-12-05T00:00:02,collaborator,1,0.46691
R04992,U0783,U0973,2024-12-05T00:00:03,collaborator,1,0.459926
R04993,U0786,U1238,2024-12-05T00:00:04,collaborator,1,0.389669
R04994,U0021,U0788,2024-12-05T00:00:05,colleague,1,0.372501
R04995,U0808,U1035,2024-12-05T00:00:06,collaborator,1,0.807583
R04996,U0716,U0840,2024-12-05T00:00:07,collaborator,1,0.082037
R04997,U0895,U1281,2024-12-06T00:00:01,collaborator,1,0.709006
R04998,U0758,U0912,2024-12-06T00:00:02,collaborator,1,0.741195
R04999,U0931,U1256,2024-12-06T00:00:03,colleague,1,0.793112
R05000,U0173,U0983,2024-12-06T00:00:04,collaborator,1,0.241444
R05001,U1032,U1243,2024-12-06T00:00:05,colleague,1,0.93025
R05002,U0140,U1041,2024-12-06T00:00:06,collaborator,1,0.163343
R05003,U0485,U1062,2024-12-06T00:00:07,collaborator,1,0.455107
R05004,U0532,U1088,2024-12-07T00:00:01,collaborator,1,0.780633
R05005,U0690,U1089,2024-12-07T00:00:02,collaborator,1,0.932721
R05006,U0641,U1110,2024-12-07T00:00:03,collaborator,1,0.912342
R05007,U0971,U1122,2024-12-07T00:00:04,colleague,1,0.084931
R05008,U0678,U1153,2024-12-07T00:00:05,acquaintance,1,0.63159
R05009,U0201,U1191,2024-12-07T00:00:06,collaborator,1,0.827695
R05010,U1020,U1225,2024-12-07T00:00:07,collaborator,1,0.556094
R05011,U0401,U1248,2024-12-08T00:00:00,colleague,1,0.918582
R05012,U1219,U1294,2024-12-08T00:00:01,collaborator,1,0.134694
R05013,U0470,U1313,2024-12-08T00:00:02,colleague,1,0.47169
R05014,U1296,U1385,2024-12-08T00:00:03,collaborator,1,0.074749
R05015,U0692,U1386,2024-12-08T00:00:04,collaborator,1,0.603325
R05016,U0122,U1274,2024-12-08T00:00:05,collaborator,1,0.11653
R05017,U0876,U0972,2024-12-08T00:00:06,collaborator,1,0.895369
R05018,U0157,U0183,2024-12-08T00:00:07,colleague,1,0.098616
R05019,U0140,U1271,2024-12-09T00:00:01,colleague,1,0.195865
R05020,U0988,U1180,2024-12-09T00:00:02,collaborator,1,0.627311
R05021,U0841,U0875,2024-12-09T00:00:03,collaborator,1,0.045077
R05022,U0171,U0978,2024-12-09T00:00:04,collaborator,1,0.147687
R05023,U0209,U0477,2024-12-09T00:00:05,colleague,1,0.330303
R05024,U0706,U0943,2024-12-09T00:00:06,collaborator,1,0.42502
R05025,U0529,U0813,2024-12-09T00:00:07,collaborator,1,0.59434
R05026,U0271,U0635,2024-12-10T00:00:01,acquaintance,1,0.247288
R05027,U0037,U0438,2024-12-10T00:00:02,collaborator,1,0.93111
R05028,U0866,U1199,2024-12-10T00:00:03,collaborator,1,0.767541
R05029,U1052,U1165,2024-12-10T00:00:04,collaborator,1,0.299374
R05030,U0499,U1022,2024-12-10T00:00:05,colleague,1,0.409675
R05031,U0392,U1215,2024-12-10T00:00:06,collaborator,1,0.237557
R05032,U0285,U1243,2024-12-10T00:00:07,collaborator,1,0.852901
R05033,U0293,U0968,2024-12-11T00:00:01,collaborator,1,0.830496
R05034,U0247,U0715,2024-12-11T00:00:02,collaborator,1,0.938558
R05035,U0237,U1147,2024-12-11T00:00:03,collaborator,1,0.576894
R05036,U1105,U1363,2024-12-11T00:00:04,collaborator,1,0.277262
R05037,U1108,U1365,2024-12-11T00:00:05,collaborator,1,0.382749
R05038,U0684,U0809,2024-12-11T00:00:06,collaborator,1,0.068351
R05039,U0273,U1337,2024-12-11T00:00:07,collaborator,1,0.606505
R05040,U0813,U0887,2024-12-12T00:00:01,collaborator,1,0.132533
R05041,U1182,U1201,2024-12-12T00:00:02,collaborator,1,0.490531
R05042,U0083,U1222,2024-12-12T00:00:03,collaborator,1,0.196345
R05043,U0268,U0339,2024-12-12T00:00:04,colleague,1,0.125594
R05044,U0920,U1367,2024-12-12T00:00:05,collaborator,1,0.988302
R05045,U0137,U1241,2024-12-12T00:00:06,colleague,1,0.09573
R05046,U0673,U1286,2024-12-12T00:00:07,acquaintance,1,0.723021
R05047,U0983,U0997,2024-12-13T00:00:01,colleague,1,0.894362
R05048,U0690,U1387,2024-12-13T00:00:02,collaborator,1,0.993044
R05049,U0001,U0699,2024-12-13T00:00:03,collaborator,1,0.267653
R05050,U0184,U1102,2024-12-13T00:00:04,collaborator,1,0.807719
R05051,U0290,U1227,2024-12-13T00:00:05,collaborator,1,0.48761
R05052,U0236,U1194,2024-12-13T00:00:06,collaborator,1,0.713778
R05053,U0865,U0997,2024-12-13T00:00:07,acquaintance,1,0.549265
R05054,U0744,U1367,2024-12-14T00:00:01,collaborator,1,0.808908
R05055,U0736,U0988,2024-12-14T00:00:02,acquaintance,1,0.164065
R05056,U0131,U1049,2024-12-14T00:00:03,collaborator,1,0.388551
R05057,U0681,U1224,2024-12-14T00:00:04,collaborator,1,0.220346
R05058,U0143,U1105,2024-12-14T00:00:05,collaborator,1,0.183827
R05059,U0357,U0597,2024-12-14T00:00:06,acquaintance,1,0.172025
R05060,U0584,U0997,2024-12-14T00:00:07,collaborator,1,0.033913
R05061,U0629,U0972,2024-12-15T00:00:00,collaborator,1,0.61616
R05062,U0445,U0921,2024-12-15T00:00:01,acquaintance,1,0.525206
R05063,U0293,U0700,2024-12-15T00:00:02,colleague,1,0.194509
R05064,U0098,U1045,2024-12-15T00:00:03,collaborator,1,0.681687
R05065,U0761,U0784,2024-12-15T00:00:04,collaborator,1,0.212376
R05066,U1129,U1336,2024-12-15T00:00:05,collaborator,1,0.615406
R05067,U0132,U1361,2024-12-15T00:00:06,acquaintance,1,0.650981
R05068,U0056,U0716,2024-12-15T00:00:07,collaborator,1,0.870989
R05069,U0201,U0603,2024-12-16T00:00:01,acquaintance,1,0.240158
R05070,U0151,U0948,2024-12-16T00:00:02,collaborator,1,0.896034
R05071,U0118,U0994,2024-12-16T00:00:03,collaborator,1,0.865847
R05072,U0869,U0890,2024-12-16T00:00:04,acquaintance,1,0.627028
R05073,U0238,U1352,2024-12-16T00:00:05,collaborator,1,0.605475
R05074,U0621,U1189,2024-12-16T00:00:06,collaborator,1,0.6723
R05075,U0411,U1174,2024-12-16T00:00:07,collaborator,1,0.78713
R05076,U0808,U0829,2024-12-17T00:00:01,colleague,1,0.904539
R05077,U0340,U1117,2024-12-17T00:00:02,collaborator,1,0.226544
R05078,U0911,U1136,2024-12-17T00:00:03,acquaintance,1,0.345988
R05079,U0021,U1218,2024-12-17T00:00:04,collaborator,1,0.773432
R05080,U0291,U0958,2024-12-17T00:00:05,collaborator,1,0.782841
R05081,U0187,U0647,2024-12-17T00:00:06,collaborator,1,0.458022
R05082,U0061,U1338,2024-12-17T00:00:07,collaborator,1,0.432224
R05083,U0332,U1272,2024-12-18T00:00:01,acquaintance,1,0.180702
R05084,U0522,U1368,2024-12-18T00:00:02,collaborator,1,0.143105
R05085,U0445,U0651,2024-12-18T00:00:03,collaborator,1,0.482601
R05086,U0574,U1372,2024-12-18T00:00:04,colleague,1,0.277747
R05087,U0693,U1011,2024-12-18T00:00:05,collaborator,1,0.510783
R05088,U0694,U0722,2024-12-18T00:00:06,collaborator,1,0.331762
R05089,U0212,U0510,2024-12-18T00:00:07,acquaintance,1,0.122634
R05090,U0636,U0866,2024-12-19T00:00:01,collaborator,1,0.944421
R05091,U0802,U1136,2024-12-19T00:00:02,collaborator,1,0.177959
R05092,U0181,U0800,2024-12-19T00:00:03,acquaintance,1,0.49007
R05093,U0882,U1113,2024-12-19T00:00:04,collaborator,1,0.49214
R05094,U0082,U0626,2024-12-19T00:00:05,collaborator,1,0.961764
R05095,U0073,U0976,2024-12-19T00:00:06,collaborator,1,0.644011
R05096,U0312,U1051,2024-12-19T00:00:07,collaborator,1,0.036636
R05097,U0567,U0999,2024-12-20T00:00:01,collaborator,1,0.854186
R05098,U0678,U1070,2024-12-20T00:00:02,collaborator,1,0.560105
R05099,U0189,U0796,2024-12-20T00:00:03,colleague,1,0.269864
R05100,U0789,U1311,2024-12-20T00:00:04,colleague,1,0.858245
R05101,U0190,U1035,2024-12-20T00:00:05,colleague,1,0.175578
R05102,U0101,U0556,2024-12-20T00:00:06,acquaintance,1,0.312583
R05103,U0080,U0764,2024-12-20T00:00:07,collaborator,1,0.319087
R05104,U0582,U0786,2024-12-21T00:00:01,collaborator,1,0.891825
R05105,U0379,U0390,2024-12-21T00:00:02,acquaintance,1,0.676895
R05106,U1256,U1336,2024-12-21T00:00:03,acquaintance,1,0.443958
R05107,U0475,U0595,2024-12-21T00:00:04,acquaintance,1,0.553529
R05108,U0474,U0644,2024-12-21T00:00:05,collaborator,1,0.971284
R05109,U0990,U1026,2024-12-21T00:00:06,acquaintance,1,0.647313
R05110,U0225,U1170,2024-12-21T00:00:07,acquaintance,1,0.237969
R05111,U0663,U0878,2024-12-22T00:00:00,collaborator,1,0.172896
R05112,U0050,U0307,2024-12-22T00:00:01,acquaintance,1,0.676995
R05113,U0040,U0466,2024-12-22T00:00:02,collaborator,1,0.264965
R05114,U0139,U0780,2024-12-22T00:00:03,acquaintance,1,0.88051
R05115,U0345,U0886,2024-12-22T00:00:04,collaborator,1,0.458314
R05116,U0224,U0284,2024-12-22T00:00:05,colleague,1,0.81795
R05117,U0490,U1195,2024-12-22T00:00:06,collaborator,1,0.465933
R05118,U1119,U1196,2024-12-22T00:00:07,collaborator,1,0.323268
R05119,U0646,U1086,2024-12-23T00:00:01,acquaintance,1,0.39365
R05120,U0886,U1022,2024-12-23T00:00:02,collaborator,1,0.236347
R05121,U0489,U0862,2024-12-23T00:00:03,collaborator,1,0.238579
R05122,U0663,U1134,2024-12-23T00:00:04,collaborator,1,0.361125
R05123,U0079,U0779,2024-12-23T00:00:05,acquaintance,1,0.307882
R05124,U1220,U1264,2024-12-23T00:00:06,collaborator,1,0.359862
R05125,U0719,U1204,2024-12-23T00:00:07,acquaintance,1,0.038175
R05126,U0131,U1218,2024-12-24T00:00:01,acquaintance,1,0.185893
R05127,U0080,U0656,2024-12-24T00:00:02,collaborator,1,0.555767
R05128,U0056,U0207,2024-12-24T00:00:03,acquaintance,1,0.491527
R05129,U0273,U1046,2024-12-24T00:00:04,collaborator,1,0.508317
R05130,U0454,U0490,2024-12-24T00:00:05,colleague,1,0.316725
R05131,U0017,U0897,2024-12-24T00:00:06,colleague,1,0.133939
R05132,U0066,U1313,2024-12-24T00:00:07,acquaintance,1,0.199513
R05133,U0925,U1311,2024-12-25T00:00:01,collaborator,1,0.304386
R05134,U0323,U0481,2024-12-25T00:00:02,collaborator,1,0.57378
R05135,U0911,U1320,2024-12-25T00:00:03,collaborator,1,0.971669
R05136,U0182,U0871,2024-12-25T00:00:04,collaborator,1,0.516643
R05137,U0325,U1227,2024-12-25T00:00:05,collaborator,1,0.868094
R05138,U0526,U1023,2024-12-25T00:00:06,colleague,1,0.889121
R05139,U0796,U1336,2024-12-25T00:00:07,colleague,1,0.201982
R05140,U0431,U1318,2024-12-26T00:00:01,collaborator,1,0.753391
R05141,U0319,U0927,2024-12-26T00:00:02,colleague,1,0.3525
R05142,U0405,U0433,2024-12-26T00:00:03,collaborator,1,0.508213
R05143,U0636,U1294,2024-12-26T00:00:04,acquaintance,1,0.619628
R05144,U0362,U0832,2024-12-26T00:00:05,collaborator,1,0.361804
R05145,U0526,U0963,2024-12-26T00:00:06,acquaintance,1,0.801412
R05146,U0755,U1210,2024-12-26T00:00:07,colleague,1,0.415206
R05147,U1136,U1276,2024-12-27T00:00:01,acquaintance,1,0.675218
R05148,U0095,U0115,2024-12-27T00:00:02,collaborator,1,0.310075
R05149,U0629,U0692,2024-12-27T00:00:03,collaborator,1,0.78381
R05150,U0070,U1208,2024-12-27T00:00:04,colleague,1,0.33583
R05151,U0820,U0895,2024-12-27T00:00:05,acquaintance,1,0.007154
R05152,U0721,U1082,2024-12-27T00:00:06,collaborator,1,0.588952
R05153,U0389,U0537,2024-12-27T00:00:07,collaborator,1,0.772253
R05154,U0267,U0596,2024-12-28T00:00:01,collaborator,1,0.981537
R05155,U0839,U1022,2024-12-28T00:00:02,collaborator,1,0.193734
R05156,U0709,U0943,2024-12-28T00:00:03,acquaintance,1,0.665283
R05157,U0957,U1318,2024-12-28T00:00:04,collaborator,1,0.50605
R05158,U0672,U0860,2024-12-28T00:00:05,collaborator,1,0.916126
R05159,U0395,U1357,2024-12-28T00:00:06,collaborator,1,0.831684
R05160,U0760,U1309,2024-12-28T00:00:07,collaborator,1,0.324455
R05161,U0005,U0295,2025-01-01T00:00:00,acquaintance,1,0.827718
R05162,U0010,U1039,2025-01-01T00:00:01,collaborator,1,0.833197
R05163,U0033,U1150,2025-01-01T00:00:02,colleague,1,0.57221
R05164,U0038,U0042,2025-01-01T00:00:03,acquaintance,1,0.830183
R05165,U0063,U1145,2025-01-01T00:00:04,acquaintance,1,0.534378
R05166,U0017,U0066,2025-01-01T00:00:05,collaborator,1,0.173291
R05167,U0100,U1279,2025-01-01T00:00:06,collaborator,1,0.213169
R05168,U0130,U0383,2025-01-01T00:00:07,acquaintance,1,0.238213
R05169,U0133,U0838,2025-01-02T00:00:01,acquaintance,1,0.472431
R05170,U0149,U1328,2025-01-02T00:00:02,colleague,1,0.390682
R05171,U0174,U1356,2025-01-02T00:00:03,colleague,1,0.532655
R05172,U0188,U1137,2025-01-02T00:00:04,acquaintance,1,0.338408
R05173,U0246,U0431,2025-01-02T00:00:05,collaborator,1,0.807337
R05174,U0297,U1324,2025-01-02T00:00:06,colleague,1,0.055321
R05175,U0307,U0936,2025-01-02T00:00:07,collaborator,1,0.402683
R05176,U0308,U0816,2025-01-03T00:00:01,collaborator,1,0.961732
R05177,U0352,U1350,2025-01-03T00:00:02,acquaintance,1,0.693976
R05178,U0365,U0828,2025-01-03T00:00:03,collaborator,1,0.466875
R05179,U0368,U1231,2025-01-03T00:00:04,collaborator,1,0.382598
R05180,U0218,U0379,2025-01-03T00:00:05,collaborator,1,0.94479
R05181,U0391,U1295,2025-01-03T00:00:06,collaborator,1,0.368258
R05182,U0220,U0400,2025-01-03T00:00:07,collaborator,1,0.864996
R05183,U0435,U0693,2025-01-04T00:00:01,collaborator,1,0.042594
R05184,U0410,U0448,2025-01-04T00:00:02,collaborator,1,0.607133
R05185,U0051,U0450,2025-01-04T00:00:03,collaborator,1,0.779808
R05186,U0486,U0920,2025-01-04T00:00:04,colleague,1,0.886974
R05187,U0046,U0522,2025-01-04T00:00:05,colleague,1,0.577896
R05188,U0367,U0528,2025-01-04T00:00:06,collaborator,1,0.4426
R05189,U0351,U0555,2025-01-04T00:00:07,acquaintance,1,0.216551
R05190,U0050,U0558,2025-01-05T00:00:01,collaborator,1,0.736993
R05191,U0585,U0664,2025-01-05T00:00:02,collaborator,1,0.519825
R05192,U0590,U0713,2025-01-05T00:00:03,acquaintance,1,0.904468
R05193,U0602,U1236,2025-01-05T00:00:04,acquaintance,1,0.303629
R05194,U0617,U0652,2025-01-05T00:00:05,acquaintance,1,0.097996
R05195,U0619,U1398,2025-01-05T00:00:06,collaborator,1,0.418252
R05196,U0051,U0645,2025-01-05T00:00:07,collaborator,1,0.691037
R05197,U0677,U1166,2025-01-06T00:00:01,acquaintance,1,0.535912
R05198,U0643,U0721,2025-01-06T00:00:02,colleague,1,0.678011
R05199,U0501,U0722,2025-01-06T00:00:03,acquaintance,1,0.102208
R05200,U0079,U0765,2025-01-06T00:00:04,acquaintance,1,0.780149
R05201,U0070,U0860,2025-01-06T00:00:05,collaborator,1,0.524376
R05202,U0867,U0968,2025-01-06T00:00:06,collaborator,1,0.169856
R05203,U0564,U0900,2025-01-06T00:00:07,collaborator,1,0.033078
R05204,U0917,U1058,2025-01-07T00:00:01,collaborator,1,0.944454
R05205,U0963,U1010,2025-01-07T00:00:02,collaborator,1,0.449631
R05206,U0999,U1075,2025-01-07T00:00:03,colleague,1,0.372665
R05207,U1077,U1347,2025-01-07T00:00:04,acquaintance,1,0.896248
R05208,U1087,U1233,2025-01-07T00:00:05,collaborator,1,0.970627
R05209,U0751,U1092,2025-01-07T00:00:06,collaborator,1,0.870533
R05210,U0940,U1112,2025-01-07T00:00:07,acquaintance,1,0.845401
R05211,U0091,U1144,2025-01-08T00:00:00,colleague,1,0.833026
R05212,U0186,U1203,2025-01-08T00:00:01,collaborator,1,0.328813
R05213,U1217,U1242,2025-01-08T00:00:02,collaborator,1,0.816381
R05214,U1137,U1263,2025-01-08T00:00:03,colleague,1,0.748911
R05215,U0712,U1291,2025-01-08T00:00:04,acquaintance,1,0.170552
R05216,U0411,U1319,2025-01-08T00:00:05,acquaintance,1,0.874752
R05217,U0459,U1330,2025-01-08T00:00:06,colleague,1,0.611534
R05218,U0956,U1342,2025-01-08T00:00:07,colleague,1,0.354016
R05219,U0868,U1370,2025-01-09T00:00:01,colleague,1,0.857303
R05220,U1039,U1378,2025-01-09T00:00:02,collaborator,1,0.197346
R05221,U0536,U0952,2025-01-09T00:00:03,collaborator,1,0.967679
R05222,U0453,U0753,2025-01-09T00:00:04,acquaintance,1,0.344368
R05223,U0378,U1095,2025-01-09T00:00:05,colleague,1,0.294486
R05224,U0385,U0437,2025-01-09T00:00:06,colleague,1,0.443219
R05225,U1153,U1271,2025-01-09T00:00:07,collaborator,1,0.630417
R05226,U0900,U1246,2025-01-10T00:00:01,collaborator,1,0.202759
R05227,U0101,U0437,2025-01-10T00:00:02,collaborator,1,0.361565
R05228,U0253,U0956,2025-01-10T00:00:03,collaborator,1,0.824479
R05229,U0198,U1030,2025-01-10T00:00:04,collaborator,1,0.013207
R05230,U0194,U0296,2025-01-10T00:00:05,collaborator,1,0.416373
R05231,U0545,U1081,2025-01-10T00:00:06,collaborator,1,0.737568
R05232,U0546,U1132,2025-01-10T00:00:07,collaborator,1,0.311716
R05233,U0695,U0916,2025-01-11T00:00:01,collaborator,1,0.563276
R05234,U0079,U1383,2025-01-11T00:00:02,collaborator,1,0.476759
R05235,U0607,U1276,2025-01-11T00:00:03,colleague,1,0.027887
R05236,U1300,U1338,2025-01-11T00:00:04,colleague,1,0.188382
R05237,U0698,U1144,2025-01-11T00:00:05,colleague,1,0.426142
R05238,U0308,U0373,2025-01-11T00:00:06,collaborator,1,0.536276
R05239,U0782,U1194,2025-01-11T00:00:07,collaborator,1,0.862981
R05240,U0230,U1041,2025-01-12T00:00:01,colleague,1,0.688996
R05241,U0376,U1143,2025-01-12T00:00:02,collaborator,1,0.312216
R05242,U0776,U1375,2025-01-12T00:00:03,collaborator,1,0.256186
R05243,U0232,U1120,2025-01-12T00:00:04,acquaintance,1,0.9611
R05244,U0584,U1380,2025-01-12T00:00:05,colleague,1,0.883738
R05245,U0511,U1150,2025-01-12T00:00:06,colleague,1,0.980424
R05246,U0176,U0337,2025-01-12T00:00:07,collaborator,1,0.724493
R05247,U0034,U0720,2025-01-13T00:00:01,colleague,1,0.602497
R05248,U0053,U1260,2025-01-13T00:00:02,collaborator,1,0.829593
R05249,U0531,U0898,2025-01-13T00:00:03,collaborator,1,0.571182
R05250,U0511,U0682,2025-01-13T00:00:04,collaborator,1,0.294232
R05251,U0147,U0485,2025-01-13T00:00:05,collaborator,1,0.876729
R05252,U0423,U1022,2025-01-13T00:00:06,collaborator,1,0.902679
R05253,U0700,U0897,2025-01-13T00:00:07,collaborator,1,0.413255
R05254,U0104,U1358,2025-01-14T00:00:01,collaborator,1,0.057903
R05255,U0635,U1103,2025-01-14T00:00:02,collaborator,1,0.506802
R05256,U0474,U0926,2025-01-14T00:00:03,collaborator,1,0.670816
R05257,U0248,U1142,2025-01-14T00:00:04,colleague,1,0.507032
R05258,U0649,U0720,2025-01-14T00:00:05,collaborator,1,0.433222
R05259,U0551,U0666,2025-01-14T00:00:06,collaborator,1,0.233921
R05260,U0612,U1391,2025-01-14T00:00:07,collaborator,1,0.791623
R05261,U0629,U1129,2025-01-15T00:00:00,collaborator,1,0.150632
R05262,U0607,U0682,2025-01-15T00:00:01,acquaintance,1,0.146708
R05263,U0593,U1384,2025-01-15T00:00:02,collaborator,1,0.108305
R05264,U1115,U1125,2025-01-15T00:00:03,acquaintance,1,0.809492
R05265,U0062,U0886,2025-01-15T00:00:04,acquaintance,1,0.312811
R05266,U0119,U0805,2025-01-15T00:00:05,collaborator,1,0.90693
R05267,U0388,U0642,2025-01-15T00:00:06,colleague,1,0.778365
R05268,U0129,U1045,2025-01-15T00:00:07,collaborator,1,0.079359
R05269,U0733,U0949,2025-01-16T00:00:01,acquaintance,1,0.975584
R05270,U0150,U0806,2025-01-16T00:00:02,collaborator,1,0.060734
R05271,U0778,U1401,2025-01-16T00:00:03,collaborator,1,0.117184
R05272,U1054,U1240,2025-01-16T00:00:04,colleague,1,0.449746
R05273,U0357,U0879,2025-01-16T00:00:05,acquaintance,1,0.98609
R05274,U0592,U0784,2025-01-16T00:00:06,collaborator,1,0.356489
R05275,U0053,U1019,2025-01-16T00:00:07,colleague,1,0.603136
R05276,U0203,U1093,2025-01-17T00:00:01,collaborator,1,0.036438
R05277,U1166,U1171,2025-01-17T00:00:02,collaborator,1,0.100541
R05278,U0656,U1226,2025-01-17T00:00:03,acquaintance,1,0.449607
R05279,U0085,U1111,2025-01-17T00:00:04,collaborator,1,0.487291
R05280,U0257,U0581,2025-01-17T00:00:05,collaborator,1,0.85298
R05281,U0077,U0337,2025-01-17T00:00:06,collaborator,1,0.859929
R05282,U0035,U1010,2025-01-17T00:00:07,colleague,1,0.664455
R05283,U0162,U0940,2025-01-18T00:00:01,collaborator,1,0.528065
R05284,U0841,U1032,2025-01-18T00:00:02,acquaintance,1,0.932324
R05285,U0517,U0887,2025-01-18T00:00:03,collaborator,1,0.923979
R05286,U0024,U0741,2025-01-18T00:00:04,collaborator,1,0.472113
R05287,U0674,U0759,2025-01-18T00:00:05,collaborator,1,0.438881
R05288,U0047,U0328,2025-01-18T00:00:06,collaborator,1,0.554837
R05289,U0501,U0857,2025-01-18T00:00:07,colleague,1,0.539839
R05290,U0527,U0913,2025-01-19T00:00:01,collaborator,1,0.986442
R05291,U0056,U0513,2025-01-19T00:00:02,collaborator,1,0.449675
R05292,U0286,U0960,2025-01-19T00:00:03,acquaintance,1,0.890079
R05293,U1272,U1310,2025-01-19T00:00:04,collaborator,1,0.697894
R05294,U0622,U0758,2025-01-19T00:00:05,collaborator,1,0.518025
R05295,U0256,U1035,2025-01-19T00:00:06,colleague,1,0.933901
R05296,U0099,U0805,2025-01-19T00:00:07,collaborator,1,0.612924
R05297,U0621,U1228,2025-01-20T00:00:01,collaborator,1,0.257644
R05298,U0033,U0086,2025-01-20T00:00:02,colleague,1,0.926335
R05299,U0478,U1146,2025-01-20T00:00:03,collaborator,1,0.448942
R05300,U0017,U0093,2025-01-20T00:00:04,collaborator,1,0.734387
R05301,U0814,U1090,2025-01-20T00:00:05,collaborator,1,0.840631
R05302,U0658,U1270,2025-01-20T00:00:06,collaborator,1,0.989466
R05303,U0022,U1208,2025-01-20T00:00:07,colleague,1,0.522661
R05304,U0274,U0683,2025-01-21T00:00:01,collaborator,1,0.306772
R05305,U1259,U1310,2025-01-21T00:00:02,collaborator,1,0.228957
R05306,U0659,U1307,2025-01-21T00:00:03,collaborator,1,0.819401
R05307,U0792,U1162,2025-01-21T00:00:04,collaborator,1,0.554967
R05308,U0086,U0640,2025-01-21T00:00:05,collaborator,1,0.167796
R05309,U0232,U0827,2025-01-21T00:00:06,acquaintance,1,0.215157
R05310,U1050,U1132,2025-01-21T00:00:07,collaborator,1,0.526253
R05311,U0321,U1024,2025-01-22T00:00:00,collaborator,1,0.444248
R05312,U0202,U0416,2025-01-22T00:00:01,acquaintance,1,0.844866
R05313,U0429,U1042,2025-01-22T00:00:02,colleague,1,0.834021
R05314,U0325,U0962,2025-01-22T00:00:03,acquaintance,1,0.915756
R05315,U0185,U1131,2025-01-22T00:00:04,collaborator,1,0.174569
R05316,U0048,U0467,2025-01-22T00:00:05,collaborator,1,0.552314
R05317,U0931,U1121,2025-01-22T00:00:06,acquaintance,1,0.68751
R05318,U0327,U0776,2025-01-22T00:00:07,collaborator,1,0.232566
R05319,U0004,U0590,2025-01-23T00:00:01,collaborator,1,0.79669
R05320,U0325,U0502,2025-01-23T00:00:02,acquaintance,1,0.706061
R05321,U1073,U1176,2025-01-23T00:00:03,acquaintance,1,0.746346
R05322,U0207,U0677,2025-01-23T00:00:04,collaborator,1,0.244868
R05323,U0164,U1212,2025-01-23T00:00:05,collaborator,1,0.369406
R05324,U0590,U0629,2025-01-23T00:00:06,collaborator,1,0.003237
R05325,U0373,U1215,2025-01-23T00:00:07,collaborator,1,0.241668
R05326,U0195,U0358,2025-01-24T00:00:01,collaborator,1,0.814496
R05327,U0154,U0407,2025-01-24T00:00:02,collaborator,1,0.489248
R05328,U0303,U0580,2025-01-24T00:00:03,acquaintance,1,0.258473
R05329,U0712,U1361,2025-01-24T00:00:04,collaborator,1,0.422562
R05330,U0855,U0982,2025-01-24T00:00:05,acquaintance,1,0.123694
R05331,U0580,U1116,2025-01-24T00:00:06,collaborator,1,0.158364
R05332,U0865,U1374,2025-01-24T00:00:07,collaborator,1,0.910215
R05333,U0021,U1154,2025-01-25T00:00:01,collaborator,1,0.009233
R05334,U0004,U0538,2025-01-25T00:00:02,acquaintance,1,0.876466
R05335,U0647,U0955,2025-01-25T00:00:03,colleague,1,0.469478
R05336,U0129,U0162,2025-01-25T00:00:04,colleague,1,0.571041
R05337,U0853,U1082,2025-01-25T00:00:05,collaborator,1,0.630409
R05338,U0889,U1363,2025-01-25T00:00:06,acquaintance,1,0.392351
R05339,U1179,U1312,2025-01-25T00:00:07,acquaintance,1,0.322358
R05340,U0024,U0109,2025-01-26T00:00:01,colleague,1,0.127851
R05341,U0537,U1212,2025-01-26T00:00:02,colleague,1,0.696973
R05342,U0563,U1208,2025-01-26T00:00:03,colleague,1,0.771984
R05343,U0727,U0815,2025-01-26T00:00:04,collaborator,1,0.343103
R05344,U0149,U0646,2025-01-26T00:00:05,colleague,1,0.459901
R05345,U0113,U1120,2025-01-26T00:00:06,collaborator,1,0.031688
R05346,U0906,U1064,2025-01-26T00:00:07,collaborator,1,0.860551
R05347,U0126,U0564,2025-01-27T00:00:01,acquaintance,1,0.698296
R05348,U0348,U1093,2025-01-27T00:00:02,collaborator,1,0.896945
R05349,U0919,U0968,2025-01-27T00:00:03,collaborator,1,0.901539
R05350,U0216,U0700,2025-01-27T00:00:04,collaborator,1,0.209116
R05351,U0027,U0689,2025-01-27T00:00:05,collaborator,1,0.470292
R05352,U0518,U0608,2025-01-27T00:00:06,collaborator,1,0.505483
R05353,U0246,U0518,2025-01-27T00:00:07,collaborator,1,0.658087
R05354,U0250,U0636,2025-01-28T00:00:01,colleague,1,0.523207
R05355,U0790,U0942,2025-01-28T00:00:02,acquaintance,1,0.936422
R05356,U0556,U1321,2025-01-28T00:00:03,colleague,1,0.896855
R05357,U0786,U0843,2025-01-28T00:00:04,collaborator,1,0.867641
R05358,U0096,U0232,2025-01-28T00:00:05,acquaintance,1,0.730385
R05359,U0806,U0849,2025-01-28T00:00:06,acquaintance,1,0.269328
R05360,U0564,U0857,2025-01-28T00:00:07,acquaintance,1,0.007117
R05361,U0029,U0316,2025-02-01T00:00:00,collaborator,1,0.75141
R05362,U0090,U1161,2025-02-01T00:00:01,colleague,1,0.210323
R05363,U0096,U0853,2025-02-01T00:00:02,colleague,1,0.628302
R05364,U0120,U1161,2025-02-01T00:00:03,collaborator,1,0.910025
R05365,U0121,U1357,2025-02-01T00:00:04,collaborator,1,0.995954
R05366,U0126,U1008,2025-02-01T00:00:05,collaborator,1,0.981541
R05367,U0176,U1115,2025-02-01T00:00:06,collaborator,1,0.506336
R05368,U0217,U0753,2025-02-01T00:00:07,acquaintance,1,0.745926
R05369,U0224,U1369,2025-02-01T00:00:08,acquaintance,1,0.538464
R05370,U0243,U0849,2025-02-02T00:00:01,collaborator,1,0.59789
R05371,U0252,U0548,2025-02-02T00:00:02,collaborator,1,0.196972
R05372,U0255,U0589,2025-02-02T00:00:03,collaborator,1,0.480914
R05373,U0259,U0366,2025-02-02T00:00:04,collaborator,1,0.548454
R05374,U0268,U0447,2025-02-02T00:00:05,acquaintance,1,0.801072
R05375,U0310,U1029,2025-02-02T00:00:06,collaborator,1,0.661123
R05376,U0314,U0515,2025-02-02T00:00:07,collaborator,1,0.99403
R05377,U0332,U1358,2025-02-02T00:00:08,acquaintance,1,0.962812
R05378,U0341,U1058,2025-02-02T00:00:09,collaborator,1,0.984102
R05379,U0349,U1070,2025-02-03T00:00:01,collaborator,1,0.331779
R05380,U0312,U0377,2025-02-03T00:00:02,collaborator,1,0.292172
R05381,U0046,U0402,2025-02-03T00:00:03,acquaintance,1,0.32728
R05382,U0441,U0703,2025-02-03T00:00:04,colleague,1,0.120693
R05383,U0497,U1315,2025-02-03T00:00:05,acquaintance,1,0.294702
R05384,U0545,U0837,2025-02-03T00:00:06,collaborator,1,0.127824
R05385,U0526,U0572,2025-02-03T00:00:07,collaborator,1,0.306914
R05386,U0578,U1292,2025-02-03T00:00:08,colleague,1,0.94185
R05387,U0601,U0759,2025-02-03T00:00:09,collaborator,1,0.945908
R05388,U0531,U0609,2025-02-04T00:00:01,collaborator,1,0.192715
R05389,U0052,U0644,2025-02-04T00:00:02,collaborator,1,0.88931
R05390,U0110,U0655,2025-02-04T00:00:03,collaborator,1,0.069982
R05391,U0101,U0658,2025-02-04T00:00:04,acquaintance,1,0.718522
R05392,U0669,U1142,2025-02-04T00:00:05,collaborator,1,0.174921
R05393,U0720,U1270,2025-02-04T00:00:06,collaborator,1,0.977588
R05394,U0734,U0921,2025-02-04T00:00:07,colleague,1,0.119365
R05395,U0330,U0754,2025-02-04T00:00:08,acquaintance,1,0.576964
R05396,U0767,U0820,2025-02-04T00:00:09,collaborator,1,0.975204
R05397,U0153,U0777,2025-02-05T00:00:01,colleague,1,0.03663
R05398,U0789,U0961,2025-02-05T00:00:02,collaborator,1,0.473524
R05399,U0798,U0933,2025-02-05T00:00:03,collaborator,1,0.027705
R05400,U0434,U0809,2025-02-05T00:00:04,acquaintance,1,0.886153
R05401,U0883,U0884,2025-02-05T00:00:05,colleague,1,0.587717
R05402,U0434,U0889,2025-02-05T00:00:06,collaborator,1,0.784113
R05403,U0303,U0896,2025-02-05T00:00:07,colleague,1,0.373011
R05404,U0935,U1156,2025-02-05T00:00:08,colleague,1,0.218334
R05405,U0946,U0980,2025-02-05T00:00:09,acquaintance,1,0.274007
R05406,U0410,U0978,2025-02-06T00:00:01,collaborator,1,0.959432
R05407,U0426,U0984,2025-02-06T00:00:02,collaborator,1,0.3466
R05408,U0604,U0996,2025-02-06T00:00:03,collaborator,1,0.382899
R05409,U0062,U1001,2025-02-06T00:00:04,collaborator,1,0.125949
R05410,U0053,U1016,2025-02-06T00:00:05,collaborator,1,0.938568
R05411,U0552,U1027,2025-02-06T00:00:06,acquaintance,1,0.890889
R05412,U0897,U1030,2025-02-06T00:00:07,colleague,1,0.38203
R05413,U1043,U1337,2025-02-06T00:00:08,colleague,1,0.834913
R05414,U0576,U1066,2025-02-06T00:00:09,acquaintance,1,0.010812
R05415,U0371,U1082,2025-02-07T00:00:01,collaborator,1,0.632976
R05416,U0267,U1116,2025-02-07T00:00:02,acquaintance,1,0.39577
R05417,U0723,U1178,2025-02-07T00:00:03,collaborator,1,0.706113
R05418,U0603,U1224,2025-02-07T00:00:04,collaborator,1,0.535285
R05419,U0718,U1318,2025-02-07T00:00:05,colleague,1,0.179746
R05420,U0021,U1333,2025-02-07T00:00:06,collaborator,1,0.351295
R05421,U0605,U1345,2025-02-07T00:00:07,acquaintance,1,0.039848
R05422,U0039,U1377,2025-02-07T00:00:08,collaborator,1,0.564556
R05423,U1246,U1391,2025-02-07T00:00:09,colleague,1,0.417225
R05424,U0908,U1394,2025-02-08T00:00:01,collaborator,1,0.914381
R05425,U0099,U1400,2025-02-08T00:00:02,colleague,1,0.695193
R05426,U0357,U1016,2025-02-08T00:00:03,collaborator,1,0.787323
R05427,U0221,U0600,2025-02-08T00:00:04,collaborator,1,0.18265
R05428,U0883,U0947,2025-02-08T00:00:05,acquaintance,1,0.494603
R05429,U0125,U1293,2025-02-08T00:00:06,colleague,1,0.012587
R05430,U0707,U1106,2025-02-08T00:00:07,colleague,1,0.756839
R05431,U0877,U1011,2025-02-08T00:00:08,collaborator,1,0.495727
R05432,U0184,U0634,2025-02-08T00:00:09,colleague,1,0.753585
R05433,U0541,U1369,2025-02-09T00:00:01,acquaintance,1,0.737732
R05434,U0106,U1330,2025-02-09T00:00:02,acquaintance,1,0.022805
R05435,U0133,U0439,2025-02-09T00:00:03,collaborator,1,0.780037
R05436,U0535,U0873,2025-02-09T00:00:04,collaborator,1,0.763563
R05437,U0712,U1264,2025-02-09T00:00:05,collaborator,1,0.682376
R05438,U1166,U1236,2025-02-09T00:00:06,collaborator,1,0.589514
R05439,U1096,U1188,2025-02-09T00:00:07,acquaintance,1,0.451869
R05440,U0259,U0616,2025-02-09T00:00:08,collaborator,1,0.310026
R05441,U0009,U1223,2025-02-09T00:00:09,colleague,1,0.074429
R05442,U1121,U1217,2025-02-10T00:00:01,collaborator,1,0.534261
R05443,U0860,U1268,2025-02-10T00:00:02,colleague,1,0.549294
R05444,U0170,U0206,2025-02-10T00:00:03,acquaintance,1,0.11769
R05445,U0144,U0962,2025-02-10T00:00:04,collaborator,1,0.911745
R05446,U0815,U0930,2025-02-10T00:00:05,acquaintance,1,0.808273
R05447,U0342,U0962,2025-02-10T00:00:06,collaborator,1,0.26381
R05448,U0378,U1067,2025-02-10T00:00:07,colleague,1,0.649755
R05449,U0001,U0873,2025-02-10T00:00:08,acquaintance,1,0.21007
R05450,U0119,U1390,2025-02-10T00:00:09,collaborator,1,0.683358
R05451,U0078,U1177,2025-02-11T00:00:01,acquaintance,1,0.546998
R05452,U0856,U1285,2025-02-11T00:00:02,colleague,1,0.881961
R05453,U0723,U0994,2025-02-11T00:00:03,collaborator,1,0.331985
R05454,U0317,U1391,2025-02-11T00:00:04,collaborator,1,0.408142
R05455,U0399,U1180,2025-02-11T00:00:05,collaborator,1,0.689779
R05456,U0469,U0803,2025-02-11T00:00:06,colleague,1,0.57801
R05457,U0289,U1243,2025-02-11T00:00:07,colleague,1,0.838212
R05458,U0808,U0814,2025-02-11T00:00:08,colleague,1,0.979642
R05459,U0139,U0167,2025-02-11T00:00:09,collaborator,1,0.903101
R05460,U0475,U0599,2025-02-12T00:00:01,collaborator,1,0.397853
R05461,U0761,U0768,2025-02-12T00:00:02,collaborator,1,0.656812
R05462,U0721,U0941,2025-02-12T00:00:03,collaborator,1,0.431725
R05463,U0565,U0655,2025-02-12T00:00:04,acquaintance,1,0.286529
R05464,U0167,U0761,2025-02-12T00:00:05,collaborator,1,0.900744
R05465,U0758,U1376,2025-02-12T00:00:06,collaborator,1,0.789613
R05466,U0235,U0411,2025-02-12T00:00:07,collaborator,1,0.309574
R05467,U0970,U1275,2025-02-12T00:00:08,acquaintance,1,0.151699
R05468,U1111,U1237,2025-02-12T00:00:09,colleague,1,0.342405
R05469,U0302,U1380,2025-02-13T00:00:01,collaborator,1,0.251973
R05470,U0408,U1299,2025-02-13T00:00:02,acquaintance,1,0.599574
R05471,U0243,U0933,2025-02-13T00:00:03,acquaintance,1,0.795435
R05472,U1310,U1399,2025-02-13T00:00:04,acquaintance,1,0.102758
R05473,U0861,U1211,2025-02-13T00:00:05,collaborator,1,0.658736
R05474,U0055,U0507,2025-02-13T00:00:06,colleague,1,0.49943
R05475,U0553,U0920,2025-02-13T00:00:07,collaborator,1,0.396311
R05476,U0604,U1113,2025-02-13T00:00:08,collaborator,1,0.700355
R05477,U0159,U0236,2025-02-13T00:00:09,acquaintance,1,0.736642
R05478,U0295,U0471,2025-02-14T00:00:01,acquaintance,1,0.527672
R05479,U1301,U1310,2025-02-14T00:00:02,collaborator,1,0.174483
R05480,U0324,U0890,2025-02-14T00:00:03,acquaintance,1,0.87088
R05481,U0186,U1037,2025-02-14T00:00:04,acquaintance,1,0.048898
R05482,U1280,U1396,2025-02-14T00:00:05,collaborator,1,0.208702
R05483,U1067,U1097,2025-02-14T00:00:06,collaborator,1,0.566184
R05484,U0004,U0678,2025-02-14T00:00:07,collaborator,1,0.111953
R05485,U0735,U0918,2025-02-14T00:00:08,acquaintance,1,0.426591
R05486,U0860,U1241,2025-02-14T00:00:09,collaborator,1,0.073105
R05487,U0531,U0663,2025-02-15T00:00:01,collaborator,1,0.721607
R05488,U0317,U0553,2025-02-15T00:00:02,acquaintance,1,0.218622
R05489,U0044,U0750,2025-02-15T00:00:03,collaborator,1,0.111147
R05490,U0525,U1342,2025-02-15T00:00:04,collaborator,1,0.87335
R05491,U0443,U1175,2025-02-15T00:00:05,acquaintance,1,0.832156
R05492,U0029,U1315,2025-02-15T00:00:06,colleague,1,0.870597
R05493,U0862,U1014,2025-02-15T00:00:07,colleague,1,0.526416
R05494,U0657,U1163,2025-02-15T00:00:08,acquaintance,1,0.938483
R05495,U0045,U0423,2025-02-15T00:00:09,colleague,1,0.93014
R05496,U0209,U1110,2025-02-16T00:00:01,collaborator,1,0.955104
R05497,U0388,U0448,2025-02-16T00:00:02,colleague,1,0.016996
R05498,U0282,U1187,2025-02-16T00:00:03,collaborator,1,0.11228
R05499,U1035,U1325,2025-02-16T00:00:04,colleague,1,0.937549
R05500,U0522,U0866,2025-02-16T00:00:05,collaborator,1,0.099535
R05501,U0679,U0721,2025-02-16T00:00:06,collaborator,1,0.552393
R05502,U0594,U1057,2025-02-16T00:00:07,collaborator,1,0.668884
R05503,U0337,U1338,2025-02-16T00:00:08,acquaintance,1,0.841861
R05504,U0348,U0545,2025-02-16T00:00:09,collaborator,1,0.386712
R05505,U0284,U0633,2025-02-17T00:00:01,acquaintance,1,0.411302
R05506,U0189,U1279,2025-02-17T00:00:02,collaborator,1,0.4262
R05507,U0131,U0261,2025-02-17T00:00:03,colleague,1,0.513912
R05508,U0199,U0932,2025-02-17T00:00:04,colleague,1,0.060665
R05509,U0185,U1146,2025-02-17T00:00:05,acquaintance,1,0.844112
R05510,U0123,U0586,2025-02-17T00:00:06,colleague,1,0.447759
R05511,U0050,U1047,2025-02-17T00:00:07,colleague,1,0.89673
R05512,U0238,U1301,2025-02-17T00:00:08,collaborator,1,0.936295
R05513,U0538,U1321,2025-02-17T00:00:09,acquaintance,1,0.399157
R05514,U0600,U0605,2025-02-18T00:00:01,acquaintance,1,0.175706
R05515,U0202,U0935,2025-02-18T00:00:02,collaborator,1,0.196829
R05516,U0233,U1219,2025-02-18T00:00:03,acquaintance,1,0.759196
R05517,U1221,U1308,2025-02-18T00:00:04,acquaintance,1,0.027377
R05518,U0330,U0964,2025-02-18T00:00:05,colleague,1,0.18643
R05519,U0764,U1324,2025-02-18T00:00:06,acquaintance,1,0.922717
R05520,U0871,U1119,2025-02-18T00:00:07,acquaintance,1,0.067583
R05521,U1338,U1362,2025-02-18T00:00:08,collaborator,1,0.707744
R05522,U0933,U1052,2025-02-18T00:00:09,collaborator,1,0.122698
R05523,U0104,U1014,2025-02-19T00:00:01,collaborator,1,0.365377
R05524,U1052,U1401,2025-02-19T00:00:02,colleague,1,0.720039
R05525,U0032,U1241,2025-02-19T00:00:03,colleague,1,0.998935
R05526,U0298,U0674,2025-02-19T00:00:04,collaborator,1,0.938948
R05527,U0140,U1291,2025-02-19T00:00:05,acquaintance,1,0.666844
R05528,U0222,U1363,2025-02-19T00:00:06,acquaintance,1,0.519395
R05529,U0209,U0698,2025-02-19T00:00:07,colleague,1,0.148879
R05530,U0926,U1083,2025-02-19T00:00:08,collaborator,1,0.918142
R05531,U0681,U1382,2025-02-19T00:00:09,collaborator,1,0.38469
R05532,U0364,U1193,2025-02-20T00:00:01,acquaintance,1,0.795091
R05533,U0159,U0587,2025-02-20T00:00:02,collaborator,1,0.115568
R05534,U0301,U0453,2025-02-20T00:00:03,colleague,1,0.726246
R05535,U0540,U0627,2025-02-20T00:00:04,colleague,1,0.6308
R05536,U0842,U1300,2025-02-20T00:00:05,colleague,1,0.750208
R05537,U0819,U0885,2025-02-20T00:00:06,collaborator,1,0.574303
R05538,U0321,U0326,2025-02-20T00:00:07,collaborator,1,0.573576
R05539,U0973,U1024,2025-02-20T00:00:08,colleague,1,0.56873
R05540,U0343,U0894,2025-02-20T00:00:09,colleague,1,0.067969
R05541,U0430,U0935,2025-02-21T00:00:01,collaborator,1,0.299636
R05542,U0319,U0377,2025-02-21T00:00:02,collaborator,1,0.862367
R05543,U0926,U0937,2025-02-21T00:00:03,collaborator,1,0.211732
R05544,U0254,U0469,2025-02-21T00:00:04,collaborator,1,0.474784
R05545,U0793,U1330,2025-02-21T00:00:05,colleague,1,0.995148
R05546,U0538,U1288,2025-02-21T00:00:06,acquaintance,1,0.306383
R05547,U0035,U0060,2025-02-21T00:00:07,collaborator,1,0.300273
R05548,U0686,U1105,2025-02-21T00:00:08,colleague,1,0.218993
R05549,U0916,U0973,2025-02-21T00:00:09,collaborator,1,0.058601
R05550,U0926,U1136,2025-02-22T00:00:01,collaborator,1,0.730105
R05551,U0785,U1055,2025-02-22T00:00:02,collaborator,1,0.64071
R05552,U0184,U0686,2025-02-22T00:00:03,collaborator,1,0.958273
R05553,U0200,U0411,2025-02-22T00:00:04,colleague,1,0.424374
R05554,U0991,U1281,2025-02-22T00:00:05,acquaintance,1,0.549025
R05555,U0451,U0805,2025-02-22T00:00:06,collaborator,1,0.778107
R05556,U0937,U1175,2025-02-22T00:00:07,collaborator,1,0.133356
R05557,U1132,U1248,2025-02-22T00:00:08,collaborator,1,0.898482
R05558,U0768,U1086,2025-02-22T00:00:09,collaborator,1,0.346301
R05559,U0230,U0658,2025-02-23T00:00:01,collaborator,1,0.011297
R05560,U1218,U1332,2025-02-23T00:00:02,collaborator,1,0.842337
R05561,U0980,U1020,2025-02-23T00:00:03,collaborator,1,0.170086
R05562,U0408,U0662,2025-02-23T00:00:04,acquaintance,1,0.602162
R05563,U0433,U0972,2025-02-23T00:00:05,colleague,1,0.050584
R05564,U0426,U0802,2025-02-23T00:00:06,acquaintance,1,0.842992
R05565,U0462,U1145,2025-02-23T00:00:07,colleague,1,0.51328
R05566,U0269,U0742,2025-02-23T00:00:08,collaborator,1,0.461675
R05567,U0850,U1079,2025-02-23T00:00:09,acquaintance,1,0.137483
R05568,U0124,U0588,2025-02-24T00:00:01,colleague,1,0.426066
R05569,U0670,U1244,2025-02-24T00:00:02,collaborator,1,0.103246
R05570,U0500,U0924,2025-02-24T00:00:03,colleague,1,0.67239
R05571,U0654,U1015,2025-02-24T00:00:04,collaborator,1,0.196923
R05572,U0160,U0568,2025-02-24T00:00:05,collaborator,1,0.630472
R05573,U0035,U1354,2025-02-24T00:00:06,acquaintance,1,0.894371
R05574,U0162,U0936,2025-02-24T00:00:07,colleague,1,0.917977
R05575,U0330,U1146,2025-02-24T00:00:08,collaborator,1,0.381049
R05576,U0585,U1024,2025-02-24T00:00:09,acquaintance,1,0.145255
R05577,U0957,U1327,2025-02-25T00:00:01,colleague,1,0.927161
R05578,U0317,U0344,2025-02-25T00:00:02,collaborator,1,0.322873
R05579,U0466,U0782,2025-02-25T00:00:03,colleague,1,0.68565
R05580,U0201,U0413,2025-02-25T00:00:04,acquaintance,1,0.702199
R05581,U0629,U0749,2025-02-25T00:00:05,collaborator,1,0.951686
R05582,U0801,U0997,2025-02-25T00:00:06,collaborator,1,0.624901
R05583,U0064,U1322,2025-02-25T00:00:07,acquaintance,1,0.102469
R05584,U0783,U1035,2025-02-25T00:00:08,collaborator,1,0.684662
R05585,U0761,U1346,2025-02-25T00:00:09,colleague,1,0.800732
R05586,U0818,U1250,2025-02-26T00:00:01,collaborator,1,0.211993
R05587,U0375,U1154,2025-02-26T00:00:02,collaborator,1,0.752081
R05588,U0122,U0686,2025-02-26T00:00:03,collaborator,1,0.257885
R05589,U0437,U1015,2025-02-26T00:00:04,acquaintance,1,0.986118
R05590,U0856,U1177,2025-02-26T00:00:05,acquaintance,1,0.915217
R05591,U0131,U0779,2025-02-26T00:00:06,collaborator,1,0.578573
R05592,U0988,U1052,2025-02-26T00:00:07,acquaintance,1,0.359771
R05593,U0464,U0890,2025-02-26T00:00:08,acquaintance,1,0.381566
R05594,U0530,U0829,2025-02-26T00:00:09,collaborator,1,0.337058
R05595,U0216,U0469,2025-02-27T00:00:01,collaborator,1,0.001753
R05596,U1196,U1392,2025-02-27T00:00:02,collaborator,1,0.733624
R05597,U0121,U1147,2025-02-27T00:00:03,collaborator,1,0.437082
R05598,U0692,U0697,2025-02-27T00:00:04,collaborator,1,0.338519
R05599,U0524,U0693,2025-02-27T00:00:05,collaborator,1,0.935822
R05600,U0043,U0051,2025-02-27T00:00:06,collaborator,1,0.907419
R05601,U0662,U0834,2025-02-27T00:00:07,collaborator,1,0.436512
R05602,U0243,U1307,2025-02-27T00:00:08,acquaintance,1,0.424717
R05603,U0677,U1172,2025-02-27T00:00:09,collaborator,1,0.367125
R05604,U0152,U1180,2025-02-28T00:00:01,acquaintance,1,0.798267
R05605,U0630,U1191,2025-02-28T00:00:02,acquaintance,1,0.230815
R05606,U0182,U0629,2025-02-28T00:00:03,acquaintance,1,0.754624
R05607,U0387,U1042,2025-02-28T00:00:04,collaborator,1,0.330573
R05608,U0801,U1341,2025-02-28T00:00:05,colleague,1,0.576437
R05609,U0288,U0326,2025-02-28T00:00:06,collaborator,1,0.116252
R05610,U0046,U0895,2025-02-28T00:00:07,collaborator,1,0.788195
R05611,U0234,U1103,2025-02-28T00:00:08,collaborator,1,0.872226
R05612,U1082,U1359,2025-03-01T00:00:00,collaborator,1,0.207803
